<SESSION>
<VERSION>
2
<\VERSION>
<DATE>
2017-10-31 12:10:48
<\DATE>
<SUBJECT-ID>
C57BL6-28.09.17-DA-1mois-M2-2b
<\SUBJECT-ID>
<NOTE>

<\NOTE>
<MIN-MAX-PLOT>
0.100000 51880.761719
<\MIN-MAX-PLOT>
<STIMULUS-DEFINED>
Default
Default Human Relative Spectral Sensitivity
1	0
1	0.500000	0.500000	29.000000	3	3	2.000000	-100.000000	0.100000	-100.000000	0
<\STIMULUS-DEFINED>
<STIMULUS-GENERATED>
4
0	0	0.000000	3	0.000000	0.000000	3	0.000000	0.000000
0	1	0.509000	3	1.893833	100.059952	3	0.000000	0.000000
0	4	1.018000	3	0.000000	0.000000	3	0.000000	0.000000
-1	5	30.027000	0	0.000000	0.000000	0	0.000000	0.000000
<\STIMULUS-GENERATED>
<RIGHT-PUPIL-DATA>
903	1
1	-0.066000	1.451160	275.243744	410.868744
1	-0.020000	1.451160	275.131256	410.756256
1	0.012000	1.442464	275.006256	410.943756
1	0.043000	1.468986	275.375000	410.875000
1	0.074000	1.453188	275.806244	411.068756
1	0.105000	1.444058	276.000000	411.062500
1	0.136000	1.461159	276.212494	410.162506
1	0.168000	1.451594	275.875000	411.062500
1	0.214000	1.444638	275.975006	411.024994
1	0.246000	1.466666	275.124939	410.374939
1	0.277000	1.415797	273.656250	410.656250
1	0.308000	1.451594	275.125000	410.062500
1	0.339000	1.443623	275.056244	410.006256
1	0.370000	1.444203	274.968719	410.331207
1	0.402000	1.448840	275.006256	410.056244
1	0.433000	1.442899	275.000000	411.000000
1	0.480000	1.459275	275.543762	410.168762
1	0.511000	1.444493	275.006256	409.993744
1	0.542000	1.452174	275.812500	410.812500
1	0.573000	1.478261	275.125000	409.375000
1	0.604000	1.442464	275.006256	410.006256
1	0.636000	1.452174	275.500000	410.000000
1	0.667000	1.433188	274.906250	409.906250
1	0.714000	1.474927	275.506256	409.618744
1	0.745000	1.442464	275.631256	410.006256
1	0.776000	1.416812	275.625000	409.674988
1	0.807000	1.358116	275.031250	410.468750
1	0.838000	1.274493	274.187500	409.687500
1	0.870000	1.258116	275.081238	410.343750
1	0.901000	1.238116	275.618744	409.681244
1	0.948000	1.185942	275.756256	409.556244
1	0.979000	1.147971	275.518707	409.693756
1	1.010000	1.085362	274.593750	409.468750
1	1.041000	1.078841	275.000000	410.000000
1	1.072000	1.049275	274.500000	409.500000
1	1.104000	0.987536	274.312500	409.312500
1	1.135000	0.953623	274.250000	409.250000
1	1.166000	0.921739	274.500000	409.000000
1	1.213000	0.892319	274.868744	409.131256
1	1.244000	0.892754	276.000000	408.500000
1	1.275000	0.861594	274.268738	409.231262
1	1.306000	0.814058	274.693756	409.306244
1	1.338000	0.800000	274.500000	409.000000
1	1.369000	0.800000	274.000000	408.500000
1	1.400000	0.764203	274.506256	408.118744
1	1.447000	0.722754	274.981293	408.068817
0	1.478000	0.644203	275.768738	406.906250
1	1.509000	0.689710	274.593750	408.406250
1	1.540000	0.708116	274.187500	408.937500
1	1.572000	0.689710	274.406250	408.843750
1	1.603000	0.703333	275.131256	409.868744
1	1.634000	0.661449	275.499969	410.249969
1	1.665000	0.680145	275.481262	410.081238
0	1.712000	0.498551	278.250000	408.750000
1	1.743000	0.652754	275.875000	409.125000
1	1.774000	0.649420	275.343750	409.156250
1	1.806000	0.648985	275.649994	409.287506
1	1.837000	0.591304	275.000000	409.500000
0	1.868000	0.475362	278.000000	406.500000
0	1.899000	0.392754	277.512512	406.737488
0	1.946000	0.418551	276.899994	406.774994
1	1.977000	0.600725	276.093750	409.393738
1	2.008000	0.568116	276.000000	408.500000
0	2.040000	0.434783	278.500000	407.500000
0	2.071000	0.480145	277.193756	406.931244
1	2.102000	0.464638	279.312500	407.687500
0	2.133000	0.459420	278.362488	406.687500
0	2.180000	0.468551	278.756256	407.181244
1	2.211000	0.466812	279.218750	406.706238
0	2.242000	0.347826	238.881287	404.118713
0	2.274000	0.463768	278.000000	406.500000
0	2.305000	0.444493	279.881256	406.431244
1	2.336000	0.488406	279.000000	405.887512
0	2.367000	0.486957	278.625000	405.875000
1	2.398000	0.546232	279.018738	405.418762
0	2.445000	0.516232	278.912506	405.287506
1	2.476000	0.568551	278.243744	404.931244
1	2.508000	0.540145	279.493744	405.256256
1	2.539000	0.540290	278.524994	405.475006
1	2.570000	0.559855	278.068756	405.056244
1	2.601000	0.522754	278.756256	405.256256
1	2.632000	0.562319	279.000000	404.500000
1	2.679000	0.531014	278.625000	405.375000
0	2.710000	0.503768	278.875000	405.250000
1	2.742000	0.567971	278.781281	404.831268
1	2.773000	0.553333	278.024994	404.712494
1	2.804000	0.512029	278.618744	405.381256
1	2.835000	0.489855	278.937500	405.437500
1	2.866000	0.497536	278.943695	405.231232
0	2.913000	0.491159	279.006256	405.118744
1	2.944000	0.527246	278.462494	405.537506
1	2.976000	0.555362	277.912506	405.899994
1	3.007000	0.489855	278.950012	405.049988
0	3.038000	0.484058	278.250061	404.950012
1	3.069000	0.514203	278.362518	405.100006
1	3.100000	0.555942	278.062500	405.000000
1	3.132000	0.535942	278.412506	404.662506
0	3.178000	0.498551	279.174988	405.112488
1	3.210000	0.565797	278.125000	404.875000
1	3.241000	0.540145	278.006256	404.506256
1	3.272000	0.549420	278.156250	404.593750
1	3.303000	0.557536	278.256287	405.043701
1	3.335000	0.531014	277.625000	404.387512
1	3.366000	0.547826	278.250000	404.750000
0	3.413000	0.410290	280.906250	404.906250
1	3.444000	0.544493	277.431244	404.568756
0	3.475000	0.498551	278.500000	406.000000
0	3.506000	0.466377	278.274994	405.212494
1	3.537000	0.524493	277.431244	404.568756
1	3.569000	0.540145	277.506256	404.506256
0	3.600000	0.504348	278.000000	405.000000
1	3.647000	0.540145	277.506256	404.743744
0	3.678000	0.484203	278.031250	404.968750
0	3.709000	0.496232	278.125000	405.000000
0	3.740000	0.454203	278.649994	404.524994
0	3.771000	0.455362	278.600006	406.337494
0	3.803000	0.466232	278.306244	406.193756
0	3.834000	0.442754	278.468750	405.393738
1	3.865000	0.565217	276.000000	407.000000
0	3.912000	0.494058	278.156250	406.093750
0	3.943000	0.456377	278.668732	406.318756
0	3.974000	0.451594	277.750000	405.487488
0	4.005000	0.391159	279.618744	407.131256
0	4.037000	0.430290	279.031250	405.943726
0	4.068000	0.428985	279.750000	406.750000
0	4.099000	0.435797	279.431244	406.568756
0	4.146000	0.417391	280.000000	408.500000
0	4.177000	0.448985	279.462494	405.587494
1	4.208000	0.530725	277.812500	405.575012
1	4.239000	0.542029	278.500000	405.250000
0	4.271000	0.457101	278.637512	404.612488
1	4.302000	0.540145	277.506256	405.493744
1	4.333000	0.540290	277.524994	405.725006
1	4.380000	0.540145	277.868744	405.506256
1	4.411000	0.495797	278.056244	404.881256
0	4.442000	0.467971	278.468750	404.781250
1	4.473000	0.488551	278.031250	404.218750
1	4.505000	0.567971	277.093750	405.156250
0	4.536000	0.467971	278.218750	404.531250
0	4.567000	0.489855	278.950012	405.987488
1	4.598000	0.466377	279.274994	405.662506
1	4.645000	0.553768	277.343750	404.968750
0	4.676000	0.439710	280.062500	404.875000
1	4.707000	0.540725	278.281250	405.468750
1	4.739000	0.531594	277.787506	405.399994
0	4.770000	0.489855	278.450012	406.049988
0	4.801000	0.489710	278.093750	406.206238
1	4.832000	0.498406	278.081238	405.193726
0	4.879000	0.498406	278.781250	405.906250
0	4.910000	0.488116	278.262482	404.975006
1	4.941000	0.514203	277.899994	405.637482
1	4.973000	0.527681	277.781250	405.468750
0	5.004000	0.457681	279.337494	406.350006
0	5.035000	0.445072	279.531250	406.531250
0	5.066000	0.523768	279.524994	405.024994
1	5.097000	0.570290	277.937500	404.125000
1	5.144000	0.548406	277.937500	403.625000
1	5.175000	0.573913	278.000000	404.000000
1	5.207000	0.570725	277.212494	404.912506
1	5.238000	0.544493	277.443756	404.443756
1	5.269000	0.556522	277.000000	404.500000
1	5.300000	0.570725	277.850006	405.100006
0	5.331000	0.540725	278.531250	404.468750
1	5.378000	0.530290	278.418762	404.618774
1	5.409000	0.599275	277.343750	404.643738
1	5.441000	0.568551	277.931244	404.068756
1	5.472000	0.567971	277.906250	404.906250
1	5.503000	0.575507	277.968750	404.018738
1	5.534000	0.560145	278.018799	404.818787
1	5.565000	0.568841	278.125000	404.875000
1	5.597000	0.570145	277.875000	403.187500
1	5.643000	0.549275	277.387512	404.137512
1	5.675000	0.601159	277.649994	404.600006
1	5.706000	0.583768	277.899994	404.100006
1	5.737000	0.588116	277.412506	404.287506
1	5.768000	0.575507	277.968750	404.031250
1	5.799000	0.596232	277.562500	404.312500
1	5.831000	0.596232	277.687500	404.062500
1	5.877000	0.605507	277.662506	403.662506
1	5.909000	0.583623	277.743744	404.118744
1	5.940000	0.591449	277.493744	404.006256
0	5.971000	0.568116	278.000000	402.500000
1	6.002000	0.572899	277.131256	404.193756
1	6.033000	0.592464	276.774994	403.774994
1	6.065000	0.637681	276.500000	403.000000
1	6.111000	0.605362	277.431244	401.556244
1	6.143000	0.619420	277.287506	400.662506
1	6.174000	0.609710	276.506256	401.493744
1	6.205000	0.613623	276.637512	400.750000
1	6.236000	0.610290	276.768738	401.593750
1	6.267000	0.612319	276.831238	402.468750
1	6.299000	0.592899	277.781250	402.968750
1	6.330000	0.603188	276.649994	403.387482
1	6.377000	0.553188	277.993744	404.281281
1	6.408000	0.572319	275.968750	405.156250
1	6.439000	0.596812	276.712494	405.412506
1	6.470000	0.603333	276.618744	405.493744
1	6.501000	0.561449	278.000000	403.812500
1	6.533000	0.540290	277.899994	403.524994
1	6.564000	0.614058	277.318756	403.856232
1	6.611000	0.578406	277.806244	403.356232
1	6.642000	0.594638	276.756256	403.768768
1	6.673000	0.579855	277.106262	404.031250
1	6.704000	0.596667	277.568756	404.381256
1	6.735000	0.581449	277.912506	403.274994
1	6.767000	0.551594	277.375000	403.612488
1	6.798000	0.603333	276.618744	404.493744
1	6.845000	0.605362	277.443756	404.181244
0	6.876000	0.549420	277.406250	404.593750
1	6.907000	0.581449	276.725006	404.087494
1	6.938000	0.600580	276.625000	403.674988
1	6.969000	0.529855	278.125000	403.625000
1	7.001000	0.579420	277.837494	403.287506
1	7.032000	0.601594	277.656250	403.656250
1	7.063000	0.605942	276.656250	404.593750
1	7.110000	0.579275	277.181244	404.431244
1	7.141000	0.573913	277.125000	405.125000
1	7.172000	0.581014	276.906250	404.643738
1	7.203000	0.578406	276.793732	404.193756
1	7.235000	0.574928	277.806244	404.306244
1	7.266000	0.573333	277.875000	404.750000
0	7.297000	0.548985	278.199982	404.850006
1	7.344000	0.601159	276.649994	406.100006
1	7.375000	0.609710	277.506256	404.793732
1	7.406000	0.521594	279.306244	404.506256
1	7.437000	0.583623	277.193756	405.118744
1	7.469000	0.583333	277.768738	404.906250
1	7.500000	0.559275	279.031250	405.031250
1	7.531000	0.579420	278.037506	405.162506
1	7.578000	0.573189	277.881195	405.168732
0	7.609000	0.549420	278.406250	404.593750
1	7.640000	0.592319	277.756256	404.368744
1	7.671000	0.591304	276.500000	405.000000
1	7.703000	0.585797	276.787506	403.149994
0	7.734000	0.550725	277.375000	403.825012
0	7.765000	0.567971	278.093750	403.906250
1	7.796000	0.597246	277.718750	403.406250
1	7.843000	0.570145	278.187500	403.812500
1	7.874000	0.614203	277.412506	403.162506
1	7.905000	0.620290	277.281250	403.843750
1	7.937000	0.591159	277.506256	404.243744
1	7.968000	0.601159	277.149994	403.899994
1	7.999000	0.614493	276.656250	404.468750
0	8.030000	0.575507	278.031250	404.031250
1	8.077000	0.540290	278.274994	403.524994
1	8.108000	0.601159	276.100006	405.337494
1	8.139000	0.566232	277.131256	403.868744
0	8.171000	0.549420	277.406250	404.593750
1	8.202000	0.611449	276.481262	404.781250
0	8.233000	0.548406	278.375000	403.625000
0	8.264000	0.547102	278.381104	404.593811
0	8.311000	0.548406	278.375000	403.625000
1	8.342000	0.602029	276.649994	404.475006
1	8.373000	0.573333	278.000000	404.125000
1	8.405000	0.540145	278.256256	403.756256
0	8.436000	0.535942	277.412506	404.662506
1	8.467000	0.621159	276.312500	405.687500
1	8.498000	0.600580	275.875000	406.125000
1	8.529000	0.607536	275.725006	406.462494
1	8.576000	0.614638	276.718750	405.531250
1	8.607000	0.626087	276.000000	406.500000
1	8.639000	0.627246	276.475006	405.675018
1	8.670000	0.621015	276.343750	405.956238
1	8.701000	0.619420	276.287506	406.712494
0	8.732000	0.614058	275.443756	405.681244
0	8.763000	0.459275	278.243774	405.256226
0	8.810000	0.440145	278.118744	405.506256
0	8.841000	0.456522	278.375000	404.375000
1	8.873000	0.520145	278.281250	405.518738
0	8.904000	0.522319	278.500000	405.500000
1	8.935000	0.645507	275.962494	406.037506
1	8.966000	0.634203	276.125000	406.812500
1	8.997000	0.500145	278.056244	404.056244
1	9.044000	0.609855	276.524994	404.475006
1	9.075000	0.645072	276.056274	405.968750
1	9.107000	0.609855	275.725006	404.725006
0	9.138000	0.555797	277.481262	405.018738
1	9.169000	0.648406	276.000000	406.000000
1	9.200000	0.637681	275.174988	406.825012
1	9.231000	0.637101	275.149994	406.850006
1	9.263000	0.498406	278.781250	405.081238
0	9.309000	0.590725	276.000000	404.500000
1	9.341000	0.633768	275.443756	405.881256
0	9.372000	0.497971	278.087494	403.199982
1	9.403000	0.631014	276.562500	404.875000
1	9.434000	0.522319	278.500000	404.549988
1	9.465000	0.661449	276.750000	404.500000
1	9.497000	0.644203	276.906250	405.981262
1	9.528000	0.633768	276.556244	405.881256
1	9.575000	0.559710	279.037506	404.537506
1	9.606000	0.651015	276.375031	406.124969
1	9.637000	0.664058	276.725006	406.274994
1	9.668000	0.671159	276.656250	405.281250
1	9.699000	0.679275	276.556244	405.443756
1	9.731000	0.609275	277.500000	404.500000
1	9.777000	0.648841	277.006256	404.631256
1	9.809000	0.668841	277.643707	404.306183
1	9.840000	0.672899	276.818756	405.818756
1	9.871000	0.670725	277.649994	404.600006
1	9.902000	0.540290	278.524994	404.475006
1	9.933000	0.672899	276.618744	405.818756
1	9.965000	0.666232	276.693756	405.256256
1	9.996000	0.684058	277.000000	405.500000
1	10.043000	0.640725	277.018738	404.481262
1	10.074000	0.664058	277.162506	404.274994
1	10.105000	0.695797	276.681244	405.068756
0	10.136000	0.585507	276.000000	404.500000
1	10.167000	0.648406	277.062500	404.687500
1	10.199000	0.696376	276.006409	406.493469
1	10.230000	0.692899	276.056274	406.031250
0	10.261000	0.637681	277.000000	405.500000
0	10.308000	0.531594	278.649994	405.350006
1	10.339000	0.684058	276.750000	405.750000
1	10.370000	0.694493	276.324982	405.074982
0	10.401000	0.579710	278.000000	403.500000
1	10.433000	0.694638	276.631256	404.943756
1	10.464000	0.689710	276.406250	404.906250
1	10.495000	0.642464	277.493744	404.193756
1	10.542000	0.698985	277.043732	404.068756
1	10.573000	0.690725	277.437500	404.437500
1	10.604000	0.672899	277.681244	404.818756
1	10.635000	0.689710	277.593750	404.031250
1	10.667000	0.695652	278.000000	404.500000
1	10.698000	0.689710	277.406250	404.593750
1	10.729000	0.684058	277.549988	403.512512
1	10.776000	0.690725	276.562500	404.562500
1	10.807000	0.672899	277.681244	404.318756
1	10.838000	0.689710	277.406250	404.406250
1	10.869000	0.703768	277.250000	405.250000
1	10.901000	0.670145	277.375000	403.375000
1	10.932000	0.653623	277.887512	403.174988
1	10.963000	0.690725	277.937500	403.562500
1	10.994000	0.671159	277.656250	403.343750
1	11.041000	0.689710	278.406250	402.906250
1	11.072000	0.690145	277.587494	402.587494
1	11.103000	0.725507	278.062500	402.937500
1	11.135000	0.666377	277.212494	402.774994
1	11.166000	0.705362	278.181244	403.118744
1	11.197000	0.689710	277.593750	403.406250
1	11.228000	0.686957	277.750000	403.000000
1	11.275000	0.705362	278.118744	403.181244
1	11.306000	0.734493	277.599976	402.700012
1	11.337000	0.718406	278.018768	402.993744
1	11.369000	0.707101	278.193787	403.843750
1	11.400000	0.707681	277.818756	403.181244
1	11.431000	0.690290	277.431244	403.068756
1	11.462000	0.710290	278.156250	403.218750
1	11.509000	0.717246	278.068756	403.256256
1	11.540000	0.712464	277.875000	403.875000
1	11.571000	0.703768	277.750000	402.875000
1	11.603000	0.672899	277.468719	403.681244
1	11.634000	0.708841	277.181244	403.868744
1	11.665000	0.672899	277.318756	402.681244
1	11.696000	0.741884	277.243652	404.293762
1	11.727000	0.744203	277.293762	403.331238
1	11.774000	0.716667	277.043762	403.956238
1	11.805000	0.732319	277.456207	403.718781
1	11.837000	0.695072	277.375000	403.062500
1	11.868000	0.668406	277.662506	403.725006
1	11.899000	0.672754	276.662506	403.337494
1	11.930000	0.736377	277.218750	403.718750
1	11.961000	0.734783	276.281250	403.281250
1	12.008000	0.717246	277.068756	402.931244
1	12.039000	0.731594	277.899994	402.475006
1	12.071000	0.742754	277.718750	402.581238
1	12.102000	0.764058	278.012482	402.524994
1	12.133000	0.754928	277.843750	403.406250
1	12.164000	0.730435	277.500000	403.000000
1	12.195000	0.748551	278.268738	402.643738
1	12.242000	0.742464	277.781342	402.731232
1	12.273000	0.749420	277.406250	403.331238
1	12.305000	0.744493	277.693756	402.806244
1	12.336000	0.748406	277.387512	402.625000
1	12.367000	0.744493	277.693756	402.731232
1	12.398000	0.747246	277.625000	402.625000
1	12.429000	0.743623	277.318756	402.681244
1	12.461000	0.739710	276.775024	403.250000
1	12.507000	0.742319	277.337494	401.662506
1	12.539000	0.770725	277.037506	402.662506
1	12.570000	0.759710	277.587494	403.462494
1	12.601000	0.794493	278.024994	402.024994
1	12.632000	0.759420	277.625000	402.375000
1	12.663000	0.760870	278.250000	402.500000
1	12.695000	0.793333	277.975006	402.325104
1	12.741000	0.765942	277.468750	403.018738
1	12.773000	0.800000	277.875000	403.375000
1	12.804000	0.764638	277.625000	402.500000
1	12.835000	0.796232	277.937500	402.437500
1	12.866000	0.775072	277.649994	401.850006
1	12.897000	0.805797	277.500000	403.500000
1	12.929000	0.761594	278.456238	402.543762
1	12.975000	0.831594	278.462494	403.587494
1	13.007000	0.812464	278.237488	403.262512
1	13.038000	0.798551	278.062500	402.937500
1	13.069000	0.792029	278.943726	402.006226
1	13.100000	0.796667	278.193756	402.056244
1	13.131000	0.790580	278.393738	402.031250
1	13.163000	0.805797	278.625000	401.875000
1	13.194000	0.796812	278.137482	402.037506
1	13.241000	0.801015	277.993744	401.993744
1	13.272000	0.794493	277.587494	402.912506
1	13.303000	0.800580	278.125000	402.125000
1	13.334000	0.813623	278.312500	401.737427
1	13.365000	0.815507	278.143646	401.693756
1	13.397000	0.831449	278.556244	401.443756
1	13.428000	0.809710	278.118744	402.118744
1	13.475000	0.835797	278.618744	401.493744
1	13.506000	0.840145	279.493744	401.506256
1	13.537000	0.828841	279.531250	401.343750
1	13.568000	0.833768	279.381256	400.568756
1	13.599000	0.815362	278.762482	401.287506
1	13.631000	0.839855	279.418762	401.418762
1	13.662000	0.848406	279.812500	400.625000
1	13.709000	0.851594	279.812500	401.125000
1	13.740000	0.826667	279.687500	400.875000
1	13.771000	0.862464	279.968750	400.743774
1	13.802000	0.848985	280.212494	400.787506
1	13.833000	0.833768	280.443756	400.431244
1	13.865000	0.835942	280.524994	399.600006
1	13.896000	0.840580	280.500000	400.000000
1	13.927000	0.839710	280.687500	400.062500
1	13.974000	0.834783	280.000000	399.500000
1	14.005000	0.835942	280.524994	399.975006
1	14.036000	0.866377	280.787506	399.787506
1	14.067000	0.846667	280.337494	400.212494
1	14.099000	0.835942	280.475006	399.600006
1	14.130000	0.865797	280.062500	399.937500
1	14.161000	0.857971	279.750000	399.750000
1	14.192000	0.866377	280.162506	400.787506
1	14.239000	0.852754	280.375000	400.250000
1	14.270000	0.833188	280.018738	400.406250
1	14.301000	0.849420	280.781250	400.218750
1	14.333000	0.857681	280.649994	399.662506
1	14.364000	0.848985	280.537506	399.787506
1	14.395000	0.864203	280.993744	399.756256
1	14.426000	0.855507	280.881256	399.681244
1	14.473000	0.851015	280.837494	399.725006
1	14.504000	0.848406	280.812500	399.562500
1	14.535000	0.855362	279.912506	399.725006
1	14.567000	0.869565	282.000000	400.500000
1	14.598000	0.861449	279.987488	399.987488
1	14.629000	0.857681	280.337494	399.912506
1	14.660000	0.869565	281.000000	399.500000
1	14.707000	0.885362	280.668762	400.331238
1	14.738000	0.855942	280.312500	400.687500
1	14.769000	0.889855	280.112488	401.325012
1	14.801000	0.886667	280.312500	401.312500
1	14.832000	0.857681	279.287506	400.912506
1	14.863000	0.888551	279.656250	402.031250
1	14.894000	0.920580	279.774994	402.225006
1	14.925000	0.901449	279.549988	401.549988
1	14.972000	0.874638	279.856262	400.543762
1	15.003000	0.885507	280.262512	401.262512
1	15.035000	0.931594	279.912506	401.600006
1	15.066000	0.916377	279.693756	401.368744
1	15.097000	0.903188	279.975006	401.425018
1	15.128000	0.914203	280.287506	401.350006
1	15.159000	0.902754	279.531250	402.168762
1	15.206000	0.900580	280.362488	401.174988
1	15.237000	0.916377	280.318756	401.693756
1	15.269000	0.916377	279.693756	403.318756
1	15.300000	0.915942	279.000000	403.500000
1	15.331000	0.915942	279.000000	403.500000
1	15.362000	0.939275	279.493744	405.543732
1	15.393000	0.869565	278.000000	404.500000
1	15.440000	0.915942	278.750000	404.250000
1	15.471000	0.915942	279.000000	403.500000
0	15.503000	0.800580	277.000000	400.000000
1	15.534000	0.959855	279.756256	402.943756
1	15.565000	0.966232	280.143768	402.068756
1	15.596000	0.957971	280.062531	401.749969
1	15.627000	0.971884	279.524994	403.100006
1	15.659000	0.958116	280.281250	402.718750
1	15.705000	0.940290	279.475006	402.475006
1	15.737000	0.973188	280.081177	403.018677
1	15.768000	0.979710	280.500000	402.500000
1	15.799000	0.987536	280.312500	403.687500
1	15.830000	0.972319	280.468750	402.468750
1	15.861000	0.992029	280.218750	402.768738
1	15.893000	0.962319	280.500000	403.000000
1	15.939000	0.987536	280.062500	402.687500
1	15.971000	0.964638	279.375000	402.000000
1	16.002000	0.988406	280.237488	402.250000
1	16.033000	0.939275	279.056244	401.693756
1	16.064000	0.938116	280.006256	401.506256
1	16.095000	0.972754	280.475006	402.475006
1	16.127000	0.998841	280.125000	403.174988
1	16.173000	0.983768	280.225006	403.100006
1	16.205000	0.984203	280.031250	403.031250
1	16.236000	0.972899	279.506256	402.506256
1	16.267000	0.992464	280.225006	402.762482
1	16.298000	0.989710	280.218750	402.218750
1	16.329000	0.957681	279.899994	401.725006
1	16.361000	0.951015	280.087494	401.837494
1	16.392000	0.994638	280.181244	402.256256
1	16.439000	0.990290	280.681244	402.256256
1	16.470000	0.972899	280.506256	402.493744
1	16.501000	0.918406	279.693756	400.431244
1	16.532000	0.972899	280.506256	401.493744
1	16.563000	0.991304	280.593750	401.906250
1	16.595000	0.937971	280.024994	400.975006
1	16.626000	0.957102	281.250000	400.875000
1	16.673000	0.950580	280.843750	400.843750
1	16.704000	0.955507	280.256256	400.256256
1	16.735000	0.894638	280.131256	400.131256
1	16.766000	0.951159	280.818756	400.181244
1	16.797000	0.983188	281.250000	400.125000
1	16.829000	0.995072	281.262512	401.312500
1	16.860000	0.974493	280.125000	401.000000
1	16.907000	0.989130	280.681244	401.243744
1	16.938000	0.976667	280.593750	401.156250
1	16.969000	0.970580	280.506256	401.006256
1	17.000000	0.974493	280.125000	400.937500
1	17.031000	0.987536	281.687500	401.312500
1	17.063000	0.939275	279.693756	402.056244
1	17.094000	0.957246	280.281250	401.256165
1	17.125000	0.997246	281.156250	401.156250
1	17.172000	0.963623	280.406250	401.406250
1	17.203000	0.967971	280.468750	401.043762
1	17.234000	1.007102	280.531250	402.018738
1	17.265000	1.005797	281.937500	401.437500
1	17.297000	0.992029	280.868774	401.256226
1	17.328000	1.007536	281.024994	401.024994
1	17.359000	0.975507	280.081238	400.543762
1	17.406000	1.009420	280.981262	401.018738
1	17.437000	0.988841	280.231232	400.768829
1	17.468000	0.991304	281.000000	401.000000
1	17.499000	1.003188	281.212494	400.962494
1	17.531000	0.970725	280.050018	400.475006
1	17.562000	1.025362	281.268738	400.606262
1	17.593000	0.985362	280.593750	400.906250
1	17.640000	1.009420	280.981262	401.018738
1	17.671000	1.009420	280.981262	400.468750
1	17.702000	0.950580	280.843750	399.406250
1	17.733000	0.990290	280.756256	400.756256
1	17.765000	0.991304	281.000000	401.000000
1	17.796000	0.940290	280.475006	400.475006
1	17.827000	1.029420	282.181244	401.231232
1	17.858000	0.950580	280.081238	400.168762
1	17.905000	1.004928	281.437500	401.049988
1	17.936000	0.996667	281.431244	401.118744
1	17.967000	0.971594	280.850098	401.062500
1	17.999000	0.948551	280.168762	400.843750
1	18.030000	1.043478	282.000000	401.500000
1	18.061000	1.042898	281.450012	402.987488
1	18.092000	1.039710	281.500000	403.437500
1	18.139000	1.059710	281.600006	404.274994
1	18.170000	1.044638	281.475006	403.524994
1	18.201000	0.993623	280.324982	402.100006
1	18.233000	1.044638	281.024994	402.524994
1	18.264000	1.000145	280.193756	401.181244
1	18.295000	1.079855	280.968750	402.481262
1	18.326000	1.044058	281.000000	402.500000
1	18.357000	1.026667	280.750000	401.750000
1	18.404000	1.044058	281.375000	403.000000
1	18.435000	1.049420	281.468750	402.968750
1	18.467000	1.069565	280.937500	402.937500
1	18.498000	1.003188	280.212494	403.212494
1	18.529000	1.044058	281.500000	405.000000
1	18.560000	1.044638	281.475006	404.524994
1	18.591000	1.078261	282.000000	404.500000
1	18.638000	1.048841	281.818756	403.568756
1	18.669000	1.018985	281.343750	403.643738
1	18.701000	1.059855	282.756256	404.256256
1	18.732000	1.002754	282.093750	402.218750
1	18.763000	1.054638	283.618744	402.906219
1	18.794000	1.016812	282.125000	401.612488
1	18.825000	1.024928	281.774994	401.762482
1	18.872000	1.079855	282.968750	402.406250
1	18.903000	1.031594	282.287506	401.712494
1	18.935000	1.009855	281.475006	401.475006
1	18.966000	1.047101	282.081238	401.968750
1	18.997000	1.062464	282.268738	401.281250
1	19.028000	1.044058	281.500000	402.000000
1	19.059000	0.951015	280.837494	400.837494
1	19.091000	0.951015	280.837494	400.662506
1	19.137000	0.968551	280.943756	400.818756
1	19.169000	1.024493	281.781250	400.218750
1	19.200000	1.002899	281.500000	401.000000
1	19.231000	1.017971	281.687500	400.375000
1	19.262000	1.024493	281.781250	400.218750
1	19.293000	1.017971	281.875000	400.375000
1	19.325000	1.021159	280.812500	400.687500
1	19.371000	1.039710	281.537415	401.562500
1	19.403000	1.045072	281.856262	401.518738
1	19.434000	1.078261	282.000000	400.500000
1	19.465000	1.009855	281.574982	400.475006
1	19.496000	1.049275	282.500000	400.000000
1	19.527000	1.121739	284.000000	400.000000
1	19.559000	1.000145	282.181244	400.881256
1	19.590000	1.147246	284.487488	399.500000
1	19.637000	1.017971	282.750000	399.375000
1	19.668000	1.053768	283.118713	400.106201
1	19.699000	1.079855	283.968750	399.468750
1	19.730000	1.114058	284.493744	399.993744
1	19.761000	1.117971	285.112488	398.062500
1	19.793000	1.105507	284.725006	398.225006
1	19.824000	1.131014	285.500000	397.750000
1	19.871000	1.118406	285.556244	397.931244
1	19.902000	1.112029	285.268768	397.443756
1	19.933000	1.079855	284.968750	397.031250
1	19.964000	1.133333	286.299988	397.075012
1	19.995000	1.113043	286.000000	397.500000
1	20.027000	1.135942	286.337494	397.837494
1	20.058000	1.111014	286.287506	397.837494
1	20.105000	1.113623	285.500000	398.500000
1	20.136000	1.116812	286.325012	398.112488
1	20.167000	1.142464	285.831268	398.806244
1	20.198000	1.079420	284.975006	398.975006
1	20.229000	1.082754	285.006256	399.031158
1	20.261000	1.134928	286.193756	398.243744
1	20.292000	1.118551	286.350006	398.037506
1	20.323000	1.003768	284.187500	398.312500
1	20.370000	1.100725	286.193756	398.306244
1	20.401000	1.094203	287.125000	397.750000
1	20.432000	1.123333	286.968750	397.593750
1	20.463000	1.062029	285.225006	398.274994
1	20.495000	1.062029	285.225006	397.225006
1	20.526000	1.081594	285.443756	398.556244
1	20.557000	1.131449	286.506256	398.256256
1	20.604000	1.116377	286.318756	398.493744
1	20.635000	1.097971	286.274994	399.162506
1	20.666000	1.114058	286.493744	398.131256
1	20.697000	1.083768	285.037506	398.962494
1	20.729000	1.078841	285.500000	398.000000
1	20.760000	1.117971	286.187531	398.887482
1	20.791000	1.121884	286.431244	398.868744
1	20.838000	1.112029	286.431244	398.193756
1	20.869000	1.109275	286.187500	399.187500
1	20.900000	1.147101	286.312500	398.750000
1	20.931000	1.097971	286.274994	398.662506
1	20.963000	1.120725	286.381256	398.431244
1	20.994000	1.096667	286.743744	398.756256
1	21.025000	1.133188	286.781250	398.218750
1	21.056000	1.120725	287.381256	398.168732
1	21.103000	1.116812	287.500000	397.937500
1	21.134000	1.131014	287.500000	399.075012
1	21.165000	1.113043	287.000000	398.500000
1	21.197000	1.127101	287.056244	398.318756
1	21.228000	1.044058	285.500000	398.000000
1	21.259000	1.109275	286.000000	398.575012
1	21.290000	1.024493	284.781250	399.218750
1	21.337000	1.101594	286.281097	398.293732
1	21.368000	1.147826	286.000000	396.500000
1	21.399000	1.057681	284.912506	398.912506
1	21.431000	1.109855	287.212494	398.212494
1	21.462000	1.123333	287.418701	398.018738
1	21.493000	1.136232	287.174988	398.174988
1	21.524000	1.109855	286.412506	397.212494
1	21.571000	1.107971	287.168762	397.293762
1	21.602000	1.122319	287.375000	397.000000
1	21.633000	1.126667	287.062500	397.637512
1	21.665000	0.951015	283.837494	398.612518
1	21.696000	1.107971	287.168762	397.168762
1	21.727000	1.100725	286.668762	398.331238
1	21.758000	1.139420	287.587494	397.787506
1	21.789000	1.131594	287.324982	397.475006
1	21.836000	1.118406	287.443756	397.931244
1	21.867000	1.038986	286.556244	396.931244
1	21.899000	1.135942	287.962494	397.212494
1	21.930000	1.109710	288.306244	396.981232
1	21.961000	1.147826	288.500000	397.000000
1	21.992000	1.147826	286.000000	396.500000
1	22.023000	1.147826	286.000000	396.500000
1	22.070000	1.147826	290.000000	396.500000
0	22.101000	1.008696	287.000000	397.500000
1	22.133000	1.140145	288.618744	396.381256
1	22.164000	1.156522	288.750000	396.500000
1	22.195000	1.133188	288.468750	396.106262
1	22.226000	1.137536	288.781250	394.843750
1	22.257000	1.113188	288.006256	395.318756
1	22.289000	1.131594	288.475006	395.324982
1	22.335000	1.138551	288.312500	394.812500
1	22.367000	1.131014	288.500000	395.700012
1	22.398000	1.118406	288.556244	395.443756
1	22.429000	1.141449	288.600006	395.149994
1	22.460000	1.131014	288.299988	395.500000
1	22.491000	1.142464	288.818756	394.806244
1	22.523000	1.159420	289.000000	394.500000
1	22.569000	1.031884	286.000000	394.500000
1	22.601000	1.141449	288.600006	394.600006
1	22.632000	1.134493	289.249969	395.250031
1	22.663000	1.138406	288.831238	395.793762
1	22.694000	1.121739	288.812500	394.562500
1	22.725000	1.124927	288.837494	394.537506
1	22.757000	1.098841	288.287506	394.287506
1	22.803000	1.113043	289.000000	393.500000
1	22.835000	1.122319	289.000000	394.437500
1	22.866000	1.133188	288.768738	393.768738
1	22.897000	1.111449	288.456238	394.168762
1	22.928000	1.118551	288.337494	393.537506
1	22.959000	1.139420	288.787506	394.162506
1	22.991000	1.105942	288.231262	394.781250
1	23.022000	1.117971	288.562500	394.062500
1	23.069000	1.098841	288.087494	394.725006
1	23.100000	1.114058	288.493744	394.131256
1	23.131000	1.131014	288.299988	394.299988
1	23.162000	1.124638	288.250000	394.750000
1	23.193000	1.131594	288.324982	394.475006
1	23.225000	1.135942	288.537506	394.837494
1	23.256000	1.114058	287.681244	395.131256
1	23.303000	1.147826	288.250000	395.250000
1	23.334000	1.133333	288.299988	394.700012
1	23.365000	1.147826	287.750000	394.750000
1	23.396000	1.141014	288.143738	394.793762
1	23.427000	1.118551	288.037506	395.087494
1	23.459000	1.159855	289.068756	394.631256
1	23.490000	1.138986	288.806244	393.818756
1	23.537000	1.159855	288.443756	394.556244
1	23.568000	1.137101	288.787506	394.587494
1	23.599000	1.167971	288.781250	394.218750
1	23.630000	1.172899	288.743744	394.743744
1	23.661000	1.151160	287.743744	394.943756
1	23.693000	1.133333	287.700012	394.737488
1	23.724000	1.160870	288.281250	394.156250
1	23.755000	1.147681	288.493744	394.368744
1	23.802000	1.154928	288.406250	394.031250
1	23.833000	1.135797	288.356232	393.243744
1	23.864000	1.151160	288.693756	393.506256
1	23.895000	1.162029	288.699982	393.437531
1	23.927000	1.168551	288.756256	393.193756
1	23.958000	1.158551	288.912506	393.587494
1	23.989000	1.141449	288.600006	393.149994
1	24.036000	1.148840	288.493744	393.681244
1	24.067000	1.142029	288.625000	393.875000
1	24.098000	1.127101	288.556244	393.318756
1	24.129000	1.142464	288.193756	393.856293
1	24.161000	1.144058	288.887512	393.750000
1	24.192000	1.147826	289.000000	393.500000
1	24.223000	1.165072	289.168732	393.181244
1	24.270000	1.145652	288.750000	393.375000
1	24.301000	1.124638	288.750000	393.750000
1	24.332000	1.126087	288.906250	393.531250
1	24.363000	1.146377	289.250000	393.537476
1	24.395000	1.149275	289.012512	393.987488
1	24.426000	1.147971	288.943756	393.256256
1	24.457000	1.151160	289.256256	393.481232
1	24.488000	1.151594	289.250000	393.937500
1	24.535000	1.177681	289.375000	393.687500
1	24.566000	1.153188	288.618744	393.618744
1	24.597000	1.153333	288.712494	393.649994
1	24.629000	1.171449	288.868744	393.306244
1	24.660000	1.140290	288.774994	393.524994
1	24.691000	1.138406	288.393738	393.793762
1	24.722000	1.146232	288.718750	393.481262
1	24.769000	1.151594	289.312500	393.312500
1	24.800000	1.163623	288.843750	393.156250
1	24.831000	1.150580	288.968750	392.968750
1	24.863000	1.137101	288.787506	392.787506
0	24.894000	1.003768	286.187500	393.375000
1	24.925000	1.151594	289.312500	392.737488
1	24.956000	1.140145	289.418732	392.568756
1	24.987000	1.162319	289.187500	392.825012
1	25.034000	1.151160	288.318756	392.943756
1	25.065000	1.153768	289.718750	392.718750
1	25.097000	1.113043	288.000000	392.500000
1	25.128000	1.153623	290.000000	392.000000
1	25.159000	1.155942	289.750000	392.612488
0	25.190000	0.964638	287.375000	395.125000
1	25.221000	1.164203	289.493744	392.131256
1	25.268000	1.117971	288.562500	392.112488
1	25.299000	1.171449	289.868744	392.381256
1	25.331000	1.155942	289.750000	392.625000
1	25.362000	1.147826	289.625000	392.375000
0	25.393000	1.009420	287.181213	393.018738
0	25.424000	1.029275	286.899994	392.837494
1	25.455000	1.029275	287.324982	393.162506
1	25.502000	1.171449	290.068634	391.618805
1	25.533000	1.153623	289.750000	391.950012
1	25.565000	1.109855	288.787506	391.412506
1	25.596000	1.133188	289.318726	391.768738
1	25.627000	1.157971	290.343750	391.593750
1	25.658000	1.166667	290.637512	390.799988
1	25.689000	1.168406	290.774994	390.912506
1	25.721000	1.150580	289.531250	392.031250
1	25.767000	1.159855	290.068756	391.556244
1	25.799000	1.158551	290.087494	391.912506
1	25.830000	1.153623	289.750000	392.049988
1	25.861000	1.151014	290.574982	391.712494
1	25.892000	1.165942	290.481262	392.518738
1	25.923000	0.938116	287.006256	393.993744
1	25.955000	1.159420	290.875000	391.375000
1	26.001000	1.155507	290.756256	391.618744
1	26.033000	1.152754	290.687500	392.312500
1	26.064000	1.151884	290.699921	391.800018
1	26.095000	1.131449	290.118744	392.256256
1	26.126000	1.155507	290.006256	391.993744
1	26.157000	1.140725	289.843750	392.643738
1	26.189000	1.155362	290.774994	392.600006
1	26.220000	1.157536	290.681244	392.081268
1	26.267000	1.101594	288.718750	393.718750
1	26.298000	1.113043	289.000000	393.500000
1	26.329000	1.101015	288.743744	393.693756
1	26.360000	1.146812	289.643707	392.743744
1	26.391000	1.150580	289.968750	392.656250
1	26.423000	1.135507	290.106262	392.218750
1	26.454000	1.131014	290.075012	392.299988
1	26.501000	1.160290	290.687500	391.437500
1	26.532000	1.149275	290.549988	391.987488
0	26.563000	0.937971	287.024994	393.024994
1	26.594000	1.136377	289.781250	392.343750
1	26.625000	1.160870	290.750000	392.375000
1	26.657000	1.159275	290.656250	391.906250
1	26.688000	1.165362	290.506256	391.868744
1	26.735000	1.165362	290.256256	392.493744
1	26.766000	1.141594	290.006256	391.818756
1	26.797000	1.153768	290.018738	392.343750
1	26.828000	1.153188	290.818756	391.618744
1	26.859000	1.182029	290.625000	391.625000
1	26.891000	1.161449	289.799988	392.262512
1	26.922000	1.167246	290.212494	391.787506
1	26.953000	1.192464	291.100037	391.999939
1	27.000000	1.191884	291.437500	392.125000
1	27.031000	1.158551	290.649994	391.774994
1	27.062000	1.174493	290.625000	391.875000
1	27.093000	1.150580	289.968750	392.281250
1	27.125000	1.185362	290.468750	392.468750
1	27.156000	1.153623	289.750000	392.049988
1	27.187000	1.204203	290.268799	392.231201
1	27.234000	1.179275	290.368744	391.993744
1	27.265000	1.171449	290.381256	392.206268
1	27.296000	1.204058	291.250000	392.250000
1	27.327000	1.182029	290.875000	392.375000
1	27.359000	1.175073	290.600006	392.399994
1	27.390000	1.183188	291.049988	393.000000
1	27.421000	1.218551	291.087494	392.475006
1	27.468000	1.167681	290.668732	392.456207
1	27.499000	1.203333	290.693756	393.256256
1	27.530000	1.208116	290.750000	392.687500
1	27.561000	1.190290	290.131256	392.931244
1	27.593000	1.186957	290.625000	393.125000
1	27.624000	1.159275	289.906250	392.656250
1	27.655000	1.202754	290.968750	392.718750
1	27.686000	1.208116	291.362488	392.625000
1	27.733000	1.177246	290.881256	392.681244
1	27.764000	1.175073	290.949982	392.600006
1	27.795000	1.181449	290.975006	392.524994
1	27.827000	1.200580	291.250000	392.312500
1	27.858000	1.200145	291.293732	393.056244
1	27.889000	1.174493	290.875000	391.937500
1	27.920000	1.198551	290.887512	393.112488
1	27.967000	1.172899	291.256256	392.743744
1	27.998000	1.204058	291.000061	392.250000
1	28.029000	1.164493	290.768738	392.206238
1	28.061000	1.174493	291.625000	391.875000
1	28.092000	1.179855	291.406250	391.343750
1	28.123000	1.177246	291.681244	391.431244
1	28.154000	1.194058	292.406250	390.593750
1	28.201000	1.164203	291.818756	391.131256
1	28.232000	1.168406	291.899994	391.737518
1	28.263000	1.202318	292.274841	390.662598
1	28.295000	1.180145	292.406250	391.018738
1	28.326000	1.177681	292.625000	391.325012
1	28.357000	1.174058	292.443756	390.693756
1	28.388000	1.185362	292.481262	391.081299
1	28.419000	1.193478	292.437500	390.125000
1	28.466000	1.182609	292.750000	390.250000
1	28.497000	1.161449	291.812500	390.437500
1	28.529000	1.177246	292.881256	390.681244
1	28.560000	1.149855	292.050018	390.962494
1	28.591000	1.200000	293.375000	390.625000
1	28.622000	1.147826	294.000000	388.500000
1	28.653000	1.147826	294.000000	388.500000
1	28.700000	1.202899	293.450012	390.200012
1	28.731000	1.147826	293.000000	389.500000
1	28.763000	1.188116	293.037506	390.037506
1	28.794000	1.185942	293.556244	389.968719
1	28.825000	1.182609	294.000000	389.500000
1	28.856000	1.185362	293.531250	389.531250
1	28.887000	1.204638	294.225006	390.274994
1	28.934000	1.204783	293.718750	390.331238
1	28.965000	1.204638	294.287506	390.225006
0	28.997000	0.990290	290.318756	391.243744
0	29.028000	1.019855	289.781372	390.668884
1	29.059000	1.175073	293.600006	390.949982
1	29.090000	1.228985	294.000000	389.500000
1	29.121000	1.194638	293.431244	390.568756
1	29.153000	1.147826	294.000000	388.500000
1	29.199000	1.202319	293.475006	390.225006
1	29.231000	1.194203	294.500000	390.000000
1	29.262000	1.169565	293.625000	389.750000
1	29.293000	1.202899	293.424988	390.200012
1	29.324000	1.183623	293.743744	390.243744
1	29.355000	1.166812	293.168762	390.831238
1	29.387000	1.182609	293.000000	391.500000
1	29.433000	1.167246	293.212494	390.787506
1	29.465000	1.167971	292.831238	390.781250
1	29.496000	1.181594	292.993744	390.943756
1	29.527000	1.182609	293.000000	390.500000
1	29.558000	1.170145	291.812500	391.437500
1	29.589000	1.165942	292.531250	390.843750
1	29.621000	1.165072	292.168732	390.818756
1	29.667000	1.188406	292.625000	391.375000
1	29.699000	1.154928	292.593750	390.593750
1	29.730000	1.150580	292.968750	390.643738
1	29.761000	1.083623	291.606232	390.506256
1	29.792000	1.184203	293.718750	389.968750
1	29.823000	1.112172	291.987030	391.012787
0	29.855000	1.009710	290.543732	391.606354
1	29.886000	1.174493	293.625000	390.625000
1	29.933000	1.181594	293.431244	390.993744
1	29.964000	1.166232	292.806244	390.806244
1	29.995000	1.147826	294.000000	392.500000
<\RIGHT-PUPIL-DATA>
<LEFT-PUPIL-DATA>
903	0
0	-0.051000	13.913043	240.000000	320.000000
0	-0.020000	13.913043	240.000000	320.000000
0	0.012000	13.913043	240.000000	320.000000
0	0.043000	13.913043	240.000000	320.000000
0	0.074000	13.913043	240.000000	320.000000
0	0.121000	13.913043	240.000000	320.000000
0	0.152000	13.913043	240.000000	320.000000
0	0.183000	13.913043	240.000000	320.000000
0	0.214000	13.913043	240.000000	320.000000
0	0.246000	13.913043	240.000000	320.000000
0	0.277000	13.913043	240.000000	320.000000
0	0.308000	13.913043	240.000000	320.000000
0	0.339000	13.913043	240.000000	320.000000
0	0.386000	13.913043	240.000000	320.000000
0	0.417000	13.913043	240.000000	320.000000
0	0.448000	13.913043	240.000000	320.000000
0	0.480000	13.913043	240.000000	320.000000
0	0.511000	13.913043	240.000000	320.000000
0	0.542000	13.913043	240.000000	320.000000
0	0.573000	13.913043	240.000000	320.000000
0	0.620000	13.913043	240.000000	320.000000
0	0.651000	13.913043	240.000000	320.000000
0	0.682000	13.913043	240.000000	320.000000
0	0.714000	13.913043	240.000000	320.000000
0	0.745000	13.913043	240.000000	320.000000
0	0.776000	13.913043	240.000000	320.000000
0	0.807000	13.913043	240.000000	320.000000
0	0.854000	13.913043	240.000000	320.000000
0	0.885000	13.913043	240.000000	320.000000
0	0.916000	13.913043	240.000000	320.000000
0	0.948000	13.913043	240.000000	320.000000
0	0.979000	13.913043	240.000000	320.000000
0	1.010000	13.913043	240.000000	320.000000
0	1.041000	13.913043	240.000000	320.000000
0	1.072000	13.913043	240.000000	320.000000
0	1.119000	13.913043	240.000000	320.000000
0	1.150000	13.913043	240.000000	320.000000
0	1.182000	13.913043	240.000000	320.000000
0	1.213000	13.913043	240.000000	320.000000
0	1.244000	13.913043	240.000000	320.000000
0	1.275000	13.913043	240.000000	320.000000
0	1.306000	13.913043	240.000000	320.000000
0	1.353000	13.913043	240.000000	320.000000
0	1.384000	13.913043	240.000000	320.000000
0	1.416000	13.913043	240.000000	320.000000
0	1.447000	13.913043	240.000000	320.000000
0	1.478000	13.913043	240.000000	320.000000
0	1.509000	13.913043	240.000000	320.000000
0	1.540000	13.913043	240.000000	320.000000
0	1.572000	13.913043	240.000000	320.000000
0	1.618000	13.913043	240.000000	320.000000
0	1.650000	13.913043	240.000000	320.000000
0	1.681000	13.913043	240.000000	320.000000
0	1.712000	13.913043	240.000000	320.000000
0	1.743000	13.913043	240.000000	320.000000
0	1.774000	13.913043	240.000000	320.000000
0	1.806000	13.913043	240.000000	320.000000
0	1.852000	13.913043	240.000000	320.000000
0	1.884000	13.913043	240.000000	320.000000
0	1.915000	13.913043	240.000000	320.000000
0	1.946000	13.913043	240.000000	320.000000
0	1.977000	13.913043	240.000000	320.000000
0	2.008000	13.913043	240.000000	320.000000
0	2.040000	13.913043	240.000000	320.000000
0	2.086000	13.913043	240.000000	320.000000
0	2.118000	13.913043	240.000000	320.000000
0	2.149000	13.913043	240.000000	320.000000
0	2.180000	13.913043	240.000000	320.000000
0	2.211000	13.913043	240.000000	320.000000
0	2.242000	13.913043	240.000000	320.000000
0	2.274000	13.913043	240.000000	320.000000
0	2.305000	13.913043	240.000000	320.000000
0	2.352000	13.913043	240.000000	320.000000
0	2.383000	13.913043	240.000000	320.000000
0	2.414000	13.913043	240.000000	320.000000
0	2.445000	13.913043	240.000000	320.000000
0	2.476000	13.913043	240.000000	320.000000
0	2.508000	13.913043	240.000000	320.000000
0	2.539000	13.913043	240.000000	320.000000
0	2.586000	13.913043	240.000000	320.000000
0	2.617000	13.913043	240.000000	320.000000
0	2.648000	13.913043	240.000000	320.000000
0	2.679000	13.913043	240.000000	320.000000
0	2.710000	13.913043	240.000000	320.000000
0	2.742000	13.913043	240.000000	320.000000
0	2.773000	13.913043	240.000000	320.000000
0	2.820000	13.913043	240.000000	320.000000
0	2.851000	13.913043	240.000000	320.000000
0	2.882000	13.913043	240.000000	320.000000
0	2.913000	13.913043	240.000000	320.000000
0	2.944000	13.913043	240.000000	320.000000
0	2.976000	13.913043	240.000000	320.000000
0	3.007000	13.913043	240.000000	320.000000
0	3.038000	13.913043	240.000000	320.000000
0	3.085000	13.913043	240.000000	320.000000
0	3.116000	13.913043	240.000000	320.000000
0	3.147000	13.913043	240.000000	320.000000
0	3.178000	13.913043	240.000000	320.000000
0	3.210000	13.913043	240.000000	320.000000
0	3.241000	13.913043	240.000000	320.000000
0	3.272000	13.913043	240.000000	320.000000
0	3.319000	13.913043	240.000000	320.000000
0	3.350000	13.913043	240.000000	320.000000
0	3.381000	13.913043	240.000000	320.000000
0	3.413000	13.913043	240.000000	320.000000
0	3.444000	13.913043	240.000000	320.000000
0	3.475000	13.913043	240.000000	320.000000
0	3.506000	13.913043	240.000000	320.000000
0	3.553000	13.913043	240.000000	320.000000
0	3.584000	13.913043	240.000000	320.000000
0	3.615000	13.913043	240.000000	320.000000
0	3.647000	13.913043	240.000000	320.000000
0	3.678000	13.913043	240.000000	320.000000
0	3.709000	13.913043	240.000000	320.000000
0	3.740000	13.913043	240.000000	320.000000
0	3.771000	13.913043	240.000000	320.000000
0	3.818000	13.913043	240.000000	320.000000
0	3.849000	13.913043	240.000000	320.000000
0	3.881000	13.913043	240.000000	320.000000
0	3.912000	13.913043	240.000000	320.000000
0	3.943000	13.913043	240.000000	320.000000
0	3.974000	13.913043	240.000000	320.000000
0	4.005000	13.913043	240.000000	320.000000
0	4.052000	13.913043	240.000000	320.000000
0	4.083000	13.913043	240.000000	320.000000
0	4.115000	13.913043	240.000000	320.000000
0	4.146000	13.913043	240.000000	320.000000
0	4.177000	13.913043	240.000000	320.000000
0	4.208000	13.913043	240.000000	320.000000
0	4.239000	13.913043	240.000000	320.000000
0	4.271000	13.913043	240.000000	320.000000
0	4.317000	13.913043	240.000000	320.000000
0	4.349000	13.913043	240.000000	320.000000
0	4.380000	13.913043	240.000000	320.000000
0	4.411000	13.913043	240.000000	320.000000
0	4.442000	13.913043	240.000000	320.000000
0	4.473000	13.913043	240.000000	320.000000
0	4.505000	13.913043	240.000000	320.000000
0	4.551000	13.913043	240.000000	320.000000
0	4.583000	13.913043	240.000000	320.000000
0	4.614000	13.913043	240.000000	320.000000
0	4.645000	13.913043	240.000000	320.000000
0	4.676000	13.913043	240.000000	320.000000
0	4.707000	13.913043	240.000000	320.000000
0	4.739000	13.913043	240.000000	320.000000
0	4.785000	13.913043	240.000000	320.000000
0	4.817000	13.913043	240.000000	320.000000
0	4.848000	13.913043	240.000000	320.000000
0	4.879000	13.913043	240.000000	320.000000
0	4.910000	13.913043	240.000000	320.000000
0	4.941000	13.913043	240.000000	320.000000
0	4.973000	13.913043	240.000000	320.000000
0	5.004000	13.913043	240.000000	320.000000
0	5.051000	13.913043	240.000000	320.000000
0	5.082000	13.913043	240.000000	320.000000
0	5.113000	13.913043	240.000000	320.000000
0	5.144000	13.913043	240.000000	320.000000
0	5.175000	13.913043	240.000000	320.000000
0	5.207000	13.913043	240.000000	320.000000
0	5.238000	13.913043	240.000000	320.000000
0	5.285000	13.913043	240.000000	320.000000
0	5.316000	13.913043	240.000000	320.000000
0	5.347000	13.913043	240.000000	320.000000
0	5.378000	13.913043	240.000000	320.000000
0	5.409000	13.913043	240.000000	320.000000
0	5.441000	13.913043	240.000000	320.000000
0	5.472000	13.913043	240.000000	320.000000
0	5.519000	13.913043	240.000000	320.000000
0	5.550000	13.913043	240.000000	320.000000
0	5.581000	13.913043	240.000000	320.000000
0	5.612000	13.913043	240.000000	320.000000
0	5.643000	13.913043	240.000000	320.000000
0	5.675000	13.913043	240.000000	320.000000
0	5.706000	13.913043	240.000000	320.000000
0	5.737000	13.913043	240.000000	320.000000
0	5.784000	13.913043	240.000000	320.000000
0	5.815000	13.913043	240.000000	320.000000
0	5.846000	13.913043	240.000000	320.000000
0	5.877000	13.913043	240.000000	320.000000
0	5.909000	13.913043	240.000000	320.000000
0	5.940000	13.913043	240.000000	320.000000
0	5.971000	13.913043	240.000000	320.000000
0	6.018000	13.913043	240.000000	320.000000
0	6.049000	13.913043	240.000000	320.000000
0	6.080000	13.913043	240.000000	320.000000
0	6.111000	13.913043	240.000000	320.000000
0	6.143000	13.913043	240.000000	320.000000
0	6.174000	13.913043	240.000000	320.000000
0	6.205000	13.913043	240.000000	320.000000
0	6.236000	13.913043	240.000000	320.000000
0	6.283000	13.913043	240.000000	320.000000
0	6.314000	13.913043	240.000000	320.000000
0	6.345000	13.913043	240.000000	320.000000
0	6.377000	13.913043	240.000000	320.000000
0	6.408000	13.913043	240.000000	320.000000
0	6.439000	13.913043	240.000000	320.000000
0	6.470000	13.913043	240.000000	320.000000
0	6.517000	13.913043	240.000000	320.000000
0	6.548000	13.913043	240.000000	320.000000
0	6.579000	13.913043	240.000000	320.000000
0	6.611000	13.913043	240.000000	320.000000
0	6.642000	13.913043	240.000000	320.000000
0	6.673000	13.913043	240.000000	320.000000
0	6.704000	13.913043	240.000000	320.000000
0	6.751000	13.913043	240.000000	320.000000
0	6.782000	13.913043	240.000000	320.000000
0	6.813000	13.913043	240.000000	320.000000
0	6.845000	13.913043	240.000000	320.000000
0	6.876000	13.913043	240.000000	320.000000
0	6.907000	13.913043	240.000000	320.000000
0	6.938000	13.913043	240.000000	320.000000
0	6.969000	13.913043	240.000000	320.000000
0	7.016000	13.913043	240.000000	320.000000
0	7.047000	13.913043	240.000000	320.000000
0	7.079000	13.913043	240.000000	320.000000
0	7.110000	13.913043	240.000000	320.000000
0	7.141000	13.913043	240.000000	320.000000
0	7.172000	13.913043	240.000000	320.000000
0	7.203000	13.913043	240.000000	320.000000
0	7.250000	13.913043	240.000000	320.000000
0	7.281000	13.913043	240.000000	320.000000
0	7.313000	13.913043	240.000000	320.000000
0	7.344000	13.913043	240.000000	320.000000
0	7.375000	13.913043	240.000000	320.000000
0	7.406000	13.913043	240.000000	320.000000
0	7.437000	13.913043	240.000000	320.000000
0	7.484000	13.913043	240.000000	320.000000
0	7.515000	13.913043	240.000000	320.000000
0	7.547000	13.913043	240.000000	320.000000
0	7.578000	13.913043	240.000000	320.000000
0	7.609000	13.913043	240.000000	320.000000
0	7.640000	13.913043	240.000000	320.000000
0	7.671000	13.913043	240.000000	320.000000
0	7.703000	13.913043	240.000000	320.000000
0	7.749000	13.913043	240.000000	320.000000
0	7.781000	13.913043	240.000000	320.000000
0	7.812000	13.913043	240.000000	320.000000
0	7.843000	13.913043	240.000000	320.000000
0	7.874000	13.913043	240.000000	320.000000
0	7.905000	13.913043	240.000000	320.000000
0	7.937000	13.913043	240.000000	320.000000
0	7.983000	13.913043	240.000000	320.000000
0	8.015000	13.913043	240.000000	320.000000
0	8.046000	13.913043	240.000000	320.000000
0	8.077000	13.913043	240.000000	320.000000
0	8.108000	13.913043	240.000000	320.000000
0	8.139000	13.913043	240.000000	320.000000
0	8.171000	13.913043	240.000000	320.000000
0	8.202000	13.913043	240.000000	320.000000
0	8.249000	13.913043	240.000000	320.000000
0	8.280000	13.913043	240.000000	320.000000
0	8.311000	13.913043	240.000000	320.000000
0	8.342000	13.913043	240.000000	320.000000
0	8.373000	13.913043	240.000000	320.000000
0	8.405000	13.913043	240.000000	320.000000
0	8.436000	13.913043	240.000000	320.000000
0	8.483000	13.913043	240.000000	320.000000
0	8.514000	13.913043	240.000000	320.000000
0	8.545000	13.913043	240.000000	320.000000
0	8.576000	13.913043	240.000000	320.000000
0	8.607000	13.913043	240.000000	320.000000
0	8.639000	13.913043	240.000000	320.000000
0	8.670000	13.913043	240.000000	320.000000
0	8.717000	13.913043	240.000000	320.000000
0	8.748000	13.913043	240.000000	320.000000
0	8.779000	13.913043	240.000000	320.000000
0	8.810000	13.913043	240.000000	320.000000
0	8.841000	13.913043	240.000000	320.000000
0	8.873000	13.913043	240.000000	320.000000
0	8.904000	13.913043	240.000000	320.000000
0	8.935000	13.913043	240.000000	320.000000
0	8.982000	13.913043	240.000000	320.000000
0	9.013000	13.913043	240.000000	320.000000
0	9.044000	13.913043	240.000000	320.000000
0	9.075000	13.913043	240.000000	320.000000
0	9.107000	13.913043	240.000000	320.000000
0	9.138000	13.913043	240.000000	320.000000
0	9.169000	13.913043	240.000000	320.000000
0	9.216000	13.913043	240.000000	320.000000
0	9.247000	13.913043	240.000000	320.000000
0	9.278000	13.913043	240.000000	320.000000
0	9.309000	13.913043	240.000000	320.000000
0	9.341000	13.913043	240.000000	320.000000
0	9.372000	13.913043	240.000000	320.000000
0	9.403000	13.913043	240.000000	320.000000
0	9.450000	13.913043	240.000000	320.000000
0	9.481000	13.913043	240.000000	320.000000
0	9.512000	13.913043	240.000000	320.000000
0	9.543000	13.913043	240.000000	320.000000
0	9.575000	13.913043	240.000000	320.000000
0	9.606000	13.913043	240.000000	320.000000
0	9.637000	13.913043	240.000000	320.000000
0	9.668000	13.913043	240.000000	320.000000
0	9.715000	13.913043	240.000000	320.000000
0	9.746000	13.913043	240.000000	320.000000
0	9.777000	13.913043	240.000000	320.000000
0	9.809000	13.913043	240.000000	320.000000
0	9.840000	13.913043	240.000000	320.000000
0	9.871000	13.913043	240.000000	320.000000
0	9.902000	13.913043	240.000000	320.000000
0	9.949000	13.913043	240.000000	320.000000
0	9.980000	13.913043	240.000000	320.000000
0	10.011000	13.913043	240.000000	320.000000
0	10.043000	13.913043	240.000000	320.000000
0	10.074000	13.913043	240.000000	320.000000
0	10.105000	13.913043	240.000000	320.000000
0	10.136000	13.913043	240.000000	320.000000
0	10.183000	13.913043	240.000000	320.000000
0	10.214000	13.913043	240.000000	320.000000
0	10.245000	13.913043	240.000000	320.000000
0	10.277000	13.913043	240.000000	320.000000
0	10.308000	13.913043	240.000000	320.000000
0	10.339000	13.913043	240.000000	320.000000
0	10.370000	13.913043	240.000000	320.000000
0	10.401000	13.913043	240.000000	320.000000
0	10.448000	13.913043	240.000000	320.000000
0	10.479000	13.913043	240.000000	320.000000
0	10.511000	13.913043	240.000000	320.000000
0	10.542000	13.913043	240.000000	320.000000
0	10.573000	13.913043	240.000000	320.000000
0	10.604000	13.913043	240.000000	320.000000
0	10.635000	13.913043	240.000000	320.000000
0	10.682000	13.913043	240.000000	320.000000
0	10.713000	13.913043	240.000000	320.000000
0	10.745000	13.913043	240.000000	320.000000
0	10.776000	13.913043	240.000000	320.000000
0	10.807000	13.913043	240.000000	320.000000
0	10.838000	13.913043	240.000000	320.000000
0	10.869000	13.913043	240.000000	320.000000
0	10.901000	13.913043	240.000000	320.000000
0	10.947000	13.913043	240.000000	320.000000
0	10.979000	13.913043	240.000000	320.000000
0	11.010000	13.913043	240.000000	320.000000
0	11.041000	13.913043	240.000000	320.000000
0	11.072000	13.913043	240.000000	320.000000
0	11.103000	13.913043	240.000000	320.000000
0	11.135000	13.913043	240.000000	320.000000
0	11.181000	13.913043	240.000000	320.000000
0	11.213000	13.913043	240.000000	320.000000
0	11.244000	13.913043	240.000000	320.000000
0	11.275000	13.913043	240.000000	320.000000
0	11.306000	13.913043	240.000000	320.000000
0	11.337000	13.913043	240.000000	320.000000
0	11.369000	13.913043	240.000000	320.000000
0	11.415000	13.913043	240.000000	320.000000
0	11.447000	13.913043	240.000000	320.000000
0	11.478000	13.913043	240.000000	320.000000
0	11.509000	13.913043	240.000000	320.000000
0	11.540000	13.913043	240.000000	320.000000
0	11.571000	13.913043	240.000000	320.000000
0	11.603000	13.913043	240.000000	320.000000
0	11.634000	13.913043	240.000000	320.000000
0	11.681000	13.913043	240.000000	320.000000
0	11.712000	13.913043	240.000000	320.000000
0	11.743000	13.913043	240.000000	320.000000
0	11.774000	13.913043	240.000000	320.000000
0	11.805000	13.913043	240.000000	320.000000
0	11.837000	13.913043	240.000000	320.000000
0	11.868000	13.913043	240.000000	320.000000
0	11.915000	13.913043	240.000000	320.000000
0	11.946000	13.913043	240.000000	320.000000
0	11.977000	13.913043	240.000000	320.000000
0	12.008000	13.913043	240.000000	320.000000
0	12.039000	13.913043	240.000000	320.000000
0	12.071000	13.913043	240.000000	320.000000
0	12.102000	13.913043	240.000000	320.000000
0	12.133000	13.913043	240.000000	320.000000
0	12.180000	13.913043	240.000000	320.000000
0	12.211000	13.913043	240.000000	320.000000
0	12.242000	13.913043	240.000000	320.000000
0	12.273000	13.913043	240.000000	320.000000
0	12.305000	13.913043	240.000000	320.000000
0	12.336000	13.913043	240.000000	320.000000
0	12.367000	13.913043	240.000000	320.000000
0	12.414000	13.913043	240.000000	320.000000
0	12.445000	13.913043	240.000000	320.000000
0	12.476000	13.913043	240.000000	320.000000
0	12.507000	13.913043	240.000000	320.000000
0	12.539000	13.913043	240.000000	320.000000
0	12.570000	13.913043	240.000000	320.000000
0	12.601000	13.913043	240.000000	320.000000
0	12.648000	13.913043	240.000000	320.000000
0	12.679000	13.913043	240.000000	320.000000
0	12.710000	13.913043	240.000000	320.000000
0	12.741000	13.913043	240.000000	320.000000
0	12.773000	13.913043	240.000000	320.000000
0	12.804000	13.913043	240.000000	320.000000
0	12.835000	13.913043	240.000000	320.000000
0	12.866000	13.913043	240.000000	320.000000
0	12.913000	13.913043	240.000000	320.000000
0	12.944000	13.913043	240.000000	320.000000
0	12.975000	13.913043	240.000000	320.000000
0	13.007000	13.913043	240.000000	320.000000
0	13.038000	13.913043	240.000000	320.000000
0	13.069000	13.913043	240.000000	320.000000
0	13.100000	13.913043	240.000000	320.000000
0	13.147000	13.913043	240.000000	320.000000
0	13.178000	13.913043	240.000000	320.000000
0	13.209000	13.913043	240.000000	320.000000
0	13.241000	13.913043	240.000000	320.000000
0	13.272000	13.913043	240.000000	320.000000
0	13.303000	13.913043	240.000000	320.000000
0	13.334000	13.913043	240.000000	320.000000
0	13.381000	13.913043	240.000000	320.000000
0	13.412000	13.913043	240.000000	320.000000
0	13.443000	13.913043	240.000000	320.000000
0	13.475000	13.913043	240.000000	320.000000
0	13.506000	13.913043	240.000000	320.000000
0	13.537000	13.913043	240.000000	320.000000
0	13.568000	13.913043	240.000000	320.000000
0	13.599000	13.913043	240.000000	320.000000
0	13.646000	13.913043	240.000000	320.000000
0	13.677000	13.913043	240.000000	320.000000
0	13.709000	13.913043	240.000000	320.000000
0	13.740000	13.913043	240.000000	320.000000
0	13.771000	13.913043	240.000000	320.000000
0	13.802000	13.913043	240.000000	320.000000
0	13.833000	13.913043	240.000000	320.000000
0	13.880000	13.913043	240.000000	320.000000
0	13.911000	13.913043	240.000000	320.000000
0	13.943000	13.913043	240.000000	320.000000
0	13.974000	13.913043	240.000000	320.000000
0	14.005000	13.913043	240.000000	320.000000
0	14.036000	13.913043	240.000000	320.000000
0	14.067000	13.913043	240.000000	320.000000
0	14.114000	13.913043	240.000000	320.000000
0	14.145000	13.913043	240.000000	320.000000
0	14.177000	13.913043	240.000000	320.000000
0	14.208000	13.913043	240.000000	320.000000
0	14.239000	13.913043	240.000000	320.000000
0	14.270000	13.913043	240.000000	320.000000
0	14.301000	13.913043	240.000000	320.000000
0	14.333000	13.913043	240.000000	320.000000
0	14.379000	13.913043	240.000000	320.000000
0	14.411000	13.913043	240.000000	320.000000
0	14.442000	13.913043	240.000000	320.000000
0	14.473000	13.913043	240.000000	320.000000
0	14.504000	13.913043	240.000000	320.000000
0	14.535000	13.913043	240.000000	320.000000
0	14.567000	13.913043	240.000000	320.000000
0	14.613000	13.913043	240.000000	320.000000
0	14.645000	13.913043	240.000000	320.000000
0	14.676000	13.913043	240.000000	320.000000
0	14.707000	13.913043	240.000000	320.000000
0	14.738000	13.913043	240.000000	320.000000
0	14.769000	13.913043	240.000000	320.000000
0	14.801000	13.913043	240.000000	320.000000
0	14.847000	13.913043	240.000000	320.000000
0	14.879000	13.913043	240.000000	320.000000
0	14.910000	13.913043	240.000000	320.000000
0	14.941000	13.913043	240.000000	320.000000
0	14.972000	13.913043	240.000000	320.000000
0	15.003000	13.913043	240.000000	320.000000
0	15.035000	13.913043	240.000000	320.000000
0	15.066000	13.913043	240.000000	320.000000
0	15.113000	13.913043	240.000000	320.000000
0	15.144000	13.913043	240.000000	320.000000
0	15.175000	13.913043	240.000000	320.000000
0	15.206000	13.913043	240.000000	320.000000
0	15.237000	13.913043	240.000000	320.000000
0	15.269000	13.913043	240.000000	320.000000
0	15.300000	13.913043	240.000000	320.000000
0	15.347000	13.913043	240.000000	320.000000
0	15.378000	13.913043	240.000000	320.000000
0	15.409000	13.913043	240.000000	320.000000
0	15.440000	13.913043	240.000000	320.000000
0	15.471000	13.913043	240.000000	320.000000
0	15.503000	13.913043	240.000000	320.000000
0	15.534000	13.913043	240.000000	320.000000
0	15.581000	13.913043	240.000000	320.000000
0	15.612000	13.913043	240.000000	320.000000
0	15.643000	13.913043	240.000000	320.000000
0	15.674000	13.913043	240.000000	320.000000
0	15.705000	13.913043	240.000000	320.000000
0	15.737000	13.913043	240.000000	320.000000
0	15.768000	13.913043	240.000000	320.000000
0	15.799000	13.913043	240.000000	320.000000
0	15.846000	13.913043	240.000000	320.000000
0	15.877000	13.913043	240.000000	320.000000
0	15.908000	13.913043	240.000000	320.000000
0	15.939000	13.913043	240.000000	320.000000
0	15.971000	13.913043	240.000000	320.000000
0	16.002000	13.913043	240.000000	320.000000
0	16.033000	13.913043	240.000000	320.000000
0	16.064000	13.913043	240.000000	320.000000
0	16.111000	13.913043	240.000000	320.000000
0	16.142000	13.913043	240.000000	320.000000
0	16.173000	13.913043	240.000000	320.000000
0	16.205000	13.913043	240.000000	320.000000
0	16.236000	13.913043	240.000000	320.000000
0	16.267000	13.913043	240.000000	320.000000
0	16.298000	13.913043	240.000000	320.000000
0	16.345000	13.913043	240.000000	320.000000
0	16.376000	13.913043	240.000000	320.000000
0	16.407000	13.913043	240.000000	320.000000
0	16.439000	13.913043	240.000000	320.000000
0	16.470000	13.913043	240.000000	320.000000
0	16.501000	13.913043	240.000000	320.000000
0	16.532000	13.913043	240.000000	320.000000
0	16.579000	13.913043	240.000000	320.000000
0	16.610000	13.913043	240.000000	320.000000
0	16.641000	13.913043	240.000000	320.000000
0	16.673000	13.913043	240.000000	320.000000
0	16.704000	13.913043	240.000000	320.000000
0	16.735000	13.913043	240.000000	320.000000
0	16.766000	13.913043	240.000000	320.000000
0	16.797000	13.913043	240.000000	320.000000
0	16.844000	13.913043	240.000000	320.000000
0	16.875000	13.913043	240.000000	320.000000
0	16.907000	13.913043	240.000000	320.000000
0	16.938000	13.913043	240.000000	320.000000
0	16.969000	13.913043	240.000000	320.000000
0	17.000000	13.913043	240.000000	320.000000
0	17.031000	13.913043	240.000000	320.000000
0	17.078000	13.913043	240.000000	320.000000
0	17.109000	13.913043	240.000000	320.000000
0	17.141000	13.913043	240.000000	320.000000
0	17.172000	13.913043	240.000000	320.000000
0	17.203000	13.913043	240.000000	320.000000
0	17.234000	13.913043	240.000000	320.000000
0	17.265000	13.913043	240.000000	320.000000
0	17.312000	13.913043	240.000000	320.000000
0	17.343000	13.913043	240.000000	320.000000
0	17.375000	13.913043	240.000000	320.000000
0	17.406000	13.913043	240.000000	320.000000
0	17.437000	13.913043	240.000000	320.000000
0	17.468000	13.913043	240.000000	320.000000
0	17.499000	13.913043	240.000000	320.000000
0	17.531000	13.913043	240.000000	320.000000
0	17.577000	13.913043	240.000000	320.000000
0	17.609000	13.913043	240.000000	320.000000
0	17.640000	13.913043	240.000000	320.000000
0	17.671000	13.913043	240.000000	320.000000
0	17.702000	13.913043	240.000000	320.000000
0	17.733000	13.913043	240.000000	320.000000
0	17.765000	13.913043	240.000000	320.000000
0	17.811000	13.913043	240.000000	320.000000
0	17.843000	13.913043	240.000000	320.000000
0	17.874000	13.913043	240.000000	320.000000
0	17.905000	13.913043	240.000000	320.000000
0	17.936000	13.913043	240.000000	320.000000
0	17.967000	13.913043	240.000000	320.000000
0	17.999000	13.913043	240.000000	320.000000
0	18.045000	13.913043	240.000000	320.000000
0	18.077000	13.913043	240.000000	320.000000
0	18.108000	13.913043	240.000000	320.000000
0	18.139000	13.913043	240.000000	320.000000
0	18.170000	13.913043	240.000000	320.000000
0	18.201000	13.913043	240.000000	320.000000
0	18.233000	13.913043	240.000000	320.000000
0	18.264000	13.913043	240.000000	320.000000
0	18.311000	13.913043	240.000000	320.000000
0	18.342000	13.913043	240.000000	320.000000
0	18.373000	13.913043	240.000000	320.000000
0	18.404000	13.913043	240.000000	320.000000
0	18.435000	13.913043	240.000000	320.000000
0	18.467000	13.913043	240.000000	320.000000
0	18.498000	13.913043	240.000000	320.000000
0	18.545000	13.913043	240.000000	320.000000
0	18.576000	13.913043	240.000000	320.000000
0	18.607000	13.913043	240.000000	320.000000
0	18.638000	13.913043	240.000000	320.000000
0	18.669000	13.913043	240.000000	320.000000
0	18.701000	13.913043	240.000000	320.000000
0	18.732000	13.913043	240.000000	320.000000
0	18.779000	13.913043	240.000000	320.000000
0	18.810000	13.913043	240.000000	320.000000
0	18.841000	13.913043	240.000000	320.000000
0	18.872000	13.913043	240.000000	320.000000
0	18.903000	13.913043	240.000000	320.000000
0	18.935000	13.913043	240.000000	320.000000
0	18.966000	13.913043	240.000000	320.000000
0	18.997000	13.913043	240.000000	320.000000
0	19.044000	13.913043	240.000000	320.000000
0	19.075000	13.913043	240.000000	320.000000
0	19.106000	13.913043	240.000000	320.000000
0	19.137000	13.913043	240.000000	320.000000
0	19.169000	13.913043	240.000000	320.000000
0	19.200000	13.913043	240.000000	320.000000
0	19.231000	13.913043	240.000000	320.000000
0	19.278000	13.913043	240.000000	320.000000
0	19.309000	13.913043	240.000000	320.000000
0	19.340000	13.913043	240.000000	320.000000
0	19.371000	13.913043	240.000000	320.000000
0	19.403000	13.913043	240.000000	320.000000
0	19.434000	13.913043	240.000000	320.000000
0	19.465000	13.913043	240.000000	320.000000
0	19.512000	13.913043	240.000000	320.000000
0	19.543000	13.913043	240.000000	320.000000
0	19.574000	13.913043	240.000000	320.000000
0	19.605000	13.913043	240.000000	320.000000
0	19.637000	13.913043	240.000000	320.000000
0	19.668000	13.913043	240.000000	320.000000
0	19.699000	13.913043	240.000000	320.000000
0	19.730000	13.913043	240.000000	320.000000
0	19.777000	13.913043	240.000000	320.000000
0	19.808000	13.913043	240.000000	320.000000
0	19.839000	13.913043	240.000000	320.000000
0	19.871000	13.913043	240.000000	320.000000
0	19.902000	13.913043	240.000000	320.000000
0	19.933000	13.913043	240.000000	320.000000
0	19.964000	13.913043	240.000000	320.000000
0	19.995000	13.913043	240.000000	320.000000
0	20.042000	13.913043	240.000000	320.000000
0	20.073000	13.913043	240.000000	320.000000
0	20.105000	13.913043	240.000000	320.000000
0	20.136000	13.913043	240.000000	320.000000
0	20.167000	13.913043	240.000000	320.000000
0	20.198000	13.913043	240.000000	320.000000
0	20.229000	13.913043	240.000000	320.000000
0	20.276000	13.913043	240.000000	320.000000
0	20.307000	13.913043	240.000000	320.000000
0	20.339000	13.913043	240.000000	320.000000
0	20.370000	13.913043	240.000000	320.000000
0	20.401000	13.913043	240.000000	320.000000
0	20.432000	13.913043	240.000000	320.000000
0	20.463000	13.913043	240.000000	320.000000
0	20.510000	13.913043	240.000000	320.000000
0	20.541000	13.913043	240.000000	320.000000
0	20.573000	13.913043	240.000000	320.000000
0	20.604000	13.913043	240.000000	320.000000
0	20.635000	13.913043	240.000000	320.000000
0	20.666000	13.913043	240.000000	320.000000
0	20.697000	13.913043	240.000000	320.000000
0	20.729000	13.913043	240.000000	320.000000
0	20.775000	13.913043	240.000000	320.000000
0	20.807000	13.913043	240.000000	320.000000
0	20.838000	13.913043	240.000000	320.000000
0	20.869000	13.913043	240.000000	320.000000
0	20.900000	13.913043	240.000000	320.000000
0	20.931000	13.913043	240.000000	320.000000
0	20.963000	13.913043	240.000000	320.000000
0	21.009000	13.913043	240.000000	320.000000
0	21.041000	13.913043	240.000000	320.000000
0	21.072000	13.913043	240.000000	320.000000
0	21.103000	13.913043	240.000000	320.000000
0	21.134000	13.913043	240.000000	320.000000
0	21.165000	13.913043	240.000000	320.000000
0	21.197000	13.913043	240.000000	320.000000
0	21.243000	13.913043	240.000000	320.000000
0	21.275000	13.913043	240.000000	320.000000
0	21.306000	13.913043	240.000000	320.000000
0	21.337000	13.913043	240.000000	320.000000
0	21.368000	13.913043	240.000000	320.000000
0	21.399000	13.913043	240.000000	320.000000
0	21.431000	13.913043	240.000000	320.000000
0	21.462000	13.913043	240.000000	320.000000
0	21.509000	13.913043	240.000000	320.000000
0	21.540000	13.913043	240.000000	320.000000
0	21.571000	13.913043	240.000000	320.000000
0	21.602000	13.913043	240.000000	320.000000
0	21.633000	13.913043	240.000000	320.000000
0	21.665000	13.913043	240.000000	320.000000
0	21.696000	13.913043	240.000000	320.000000
0	21.743000	13.913043	240.000000	320.000000
0	21.774000	13.913043	240.000000	320.000000
0	21.805000	13.913043	240.000000	320.000000
0	21.836000	13.913043	240.000000	320.000000
0	21.867000	13.913043	240.000000	320.000000
0	21.899000	13.913043	240.000000	320.000000
0	21.930000	13.913043	240.000000	320.000000
0	21.977000	13.913043	240.000000	320.000000
0	22.008000	13.913043	240.000000	320.000000
0	22.039000	13.913043	240.000000	320.000000
0	22.070000	13.913043	240.000000	320.000000
0	22.101000	13.913043	240.000000	320.000000
0	22.133000	13.913043	240.000000	320.000000
0	22.164000	13.913043	240.000000	320.000000
0	22.195000	13.913043	240.000000	320.000000
0	22.242000	13.913043	240.000000	320.000000
0	22.273000	13.913043	240.000000	320.000000
0	22.304000	13.913043	240.000000	320.000000
0	22.335000	13.913043	240.000000	320.000000
0	22.367000	13.913043	240.000000	320.000000
0	22.398000	13.913043	240.000000	320.000000
0	22.429000	13.913043	240.000000	320.000000
0	22.476000	13.913043	240.000000	320.000000
0	22.507000	13.913043	240.000000	320.000000
0	22.538000	13.913043	240.000000	320.000000
0	22.569000	13.913043	240.000000	320.000000
0	22.601000	13.913043	240.000000	320.000000
0	22.632000	13.913043	240.000000	320.000000
0	22.663000	13.913043	240.000000	320.000000
0	22.710000	13.913043	240.000000	320.000000
0	22.741000	13.913043	240.000000	320.000000
0	22.772000	13.913043	240.000000	320.000000
0	22.803000	13.913043	240.000000	320.000000
0	22.835000	13.913043	240.000000	320.000000
0	22.866000	13.913043	240.000000	320.000000
0	22.897000	13.913043	240.000000	320.000000
0	22.928000	13.913043	240.000000	320.000000
0	22.975000	13.913043	240.000000	320.000000
0	23.006000	13.913043	240.000000	320.000000
0	23.037000	13.913043	240.000000	320.000000
0	23.069000	13.913043	240.000000	320.000000
0	23.100000	13.913043	240.000000	320.000000
0	23.131000	13.913043	240.000000	320.000000
0	23.162000	13.913043	240.000000	320.000000
0	23.209000	13.913043	240.000000	320.000000
0	23.240000	13.913043	240.000000	320.000000
0	23.271000	13.913043	240.000000	320.000000
0	23.303000	13.913043	240.000000	320.000000
0	23.334000	13.913043	240.000000	320.000000
0	23.365000	13.913043	240.000000	320.000000
0	23.396000	13.913043	240.000000	320.000000
0	23.443000	13.913043	240.000000	320.000000
0	23.474000	13.913043	240.000000	320.000000
0	23.505000	13.913043	240.000000	320.000000
0	23.537000	13.913043	240.000000	320.000000
0	23.568000	13.913043	240.000000	320.000000
0	23.599000	13.913043	240.000000	320.000000
0	23.630000	13.913043	240.000000	320.000000
0	23.661000	13.913043	240.000000	320.000000
0	23.708000	13.913043	240.000000	320.000000
0	23.739000	13.913043	240.000000	320.000000
0	23.771000	13.913043	240.000000	320.000000
0	23.802000	13.913043	240.000000	320.000000
0	23.833000	13.913043	240.000000	320.000000
0	23.864000	13.913043	240.000000	320.000000
0	23.895000	13.913043	240.000000	320.000000
0	23.942000	13.913043	240.000000	320.000000
0	23.973000	13.913043	240.000000	320.000000
0	24.005000	13.913043	240.000000	320.000000
0	24.036000	13.913043	240.000000	320.000000
0	24.067000	13.913043	240.000000	320.000000
0	24.098000	13.913043	240.000000	320.000000
0	24.129000	13.913043	240.000000	320.000000
0	24.161000	13.913043	240.000000	320.000000
0	24.207000	13.913043	240.000000	320.000000
0	24.239000	13.913043	240.000000	320.000000
0	24.270000	13.913043	240.000000	320.000000
0	24.301000	13.913043	240.000000	320.000000
0	24.332000	13.913043	240.000000	320.000000
0	24.363000	13.913043	240.000000	320.000000
0	24.395000	13.913043	240.000000	320.000000
0	24.441000	13.913043	240.000000	320.000000
0	24.473000	13.913043	240.000000	320.000000
0	24.504000	13.913043	240.000000	320.000000
0	24.535000	13.913043	240.000000	320.000000
0	24.566000	13.913043	240.000000	320.000000
0	24.597000	13.913043	240.000000	320.000000
0	24.629000	13.913043	240.000000	320.000000
0	24.675000	13.913043	240.000000	320.000000
0	24.707000	13.913043	240.000000	320.000000
0	24.738000	13.913043	240.000000	320.000000
0	24.769000	13.913043	240.000000	320.000000
0	24.800000	13.913043	240.000000	320.000000
0	24.831000	13.913043	240.000000	320.000000
0	24.863000	13.913043	240.000000	320.000000
0	24.894000	13.913043	240.000000	320.000000
0	24.941000	13.913043	240.000000	320.000000
0	24.972000	13.913043	240.000000	320.000000
0	25.003000	13.913043	240.000000	320.000000
0	25.034000	13.913043	240.000000	320.000000
0	25.065000	13.913043	240.000000	320.000000
0	25.097000	13.913043	240.000000	320.000000
0	25.128000	13.913043	240.000000	320.000000
0	25.175000	13.913043	240.000000	320.000000
0	25.206000	13.913043	240.000000	320.000000
0	25.237000	13.913043	240.000000	320.000000
0	25.268000	13.913043	240.000000	320.000000
0	25.299000	13.913043	240.000000	320.000000
0	25.331000	13.913043	240.000000	320.000000
0	25.362000	13.913043	240.000000	320.000000
0	25.393000	13.913043	240.000000	320.000000
0	25.440000	13.913043	240.000000	320.000000
0	25.471000	13.913043	240.000000	320.000000
0	25.502000	13.913043	240.000000	320.000000
0	25.533000	13.913043	240.000000	320.000000
0	25.565000	13.913043	240.000000	320.000000
0	25.596000	13.913043	240.000000	320.000000
0	25.627000	13.913043	240.000000	320.000000
0	25.674000	13.913043	240.000000	320.000000
0	25.705000	13.913043	240.000000	320.000000
0	25.736000	13.913043	240.000000	320.000000
0	25.767000	13.913043	240.000000	320.000000
0	25.799000	13.913043	240.000000	320.000000
0	25.830000	13.913043	240.000000	320.000000
0	25.861000	13.913043	240.000000	320.000000
0	25.908000	13.913043	240.000000	320.000000
0	25.939000	13.913043	240.000000	320.000000
0	25.970000	13.913043	240.000000	320.000000
0	26.001000	13.913043	240.000000	320.000000
0	26.033000	13.913043	240.000000	320.000000
0	26.064000	13.913043	240.000000	320.000000
0	26.095000	13.913043	240.000000	320.000000
0	26.126000	13.913043	240.000000	320.000000
0	26.173000	13.913043	240.000000	320.000000
0	26.204000	13.913043	240.000000	320.000000
0	26.235000	13.913043	240.000000	320.000000
0	26.267000	13.913043	240.000000	320.000000
0	26.298000	13.913043	240.000000	320.000000
0	26.329000	13.913043	240.000000	320.000000
0	26.360000	13.913043	240.000000	320.000000
0	26.407000	13.913043	240.000000	320.000000
0	26.438000	13.913043	240.000000	320.000000
0	26.469000	13.913043	240.000000	320.000000
0	26.501000	13.913043	240.000000	320.000000
0	26.532000	13.913043	240.000000	320.000000
0	26.563000	13.913043	240.000000	320.000000
0	26.594000	13.913043	240.000000	320.000000
0	26.641000	13.913043	240.000000	320.000000
0	26.672000	13.913043	240.000000	320.000000
0	26.703000	13.913043	240.000000	320.000000
0	26.735000	13.913043	240.000000	320.000000
0	26.766000	13.913043	240.000000	320.000000
0	26.797000	13.913043	240.000000	320.000000
0	26.828000	13.913043	240.000000	320.000000
0	26.859000	13.913043	240.000000	320.000000
0	26.906000	13.913043	240.000000	320.000000
0	26.937000	13.913043	240.000000	320.000000
0	26.969000	13.913043	240.000000	320.000000
0	27.000000	13.913043	240.000000	320.000000
0	27.031000	13.913043	240.000000	320.000000
0	27.062000	13.913043	240.000000	320.000000
0	27.093000	13.913043	240.000000	320.000000
0	27.140000	13.913043	240.000000	320.000000
0	27.171000	13.913043	240.000000	320.000000
0	27.203000	13.913043	240.000000	320.000000
0	27.234000	13.913043	240.000000	320.000000
0	27.265000	13.913043	240.000000	320.000000
0	27.296000	13.913043	240.000000	320.000000
0	27.327000	13.913043	240.000000	320.000000
0	27.374000	13.913043	240.000000	320.000000
0	27.405000	13.913043	240.000000	320.000000
0	27.437000	13.913043	240.000000	320.000000
0	27.468000	13.913043	240.000000	320.000000
0	27.499000	13.913043	240.000000	320.000000
0	27.530000	13.913043	240.000000	320.000000
0	27.561000	13.913043	240.000000	320.000000
0	27.593000	13.913043	240.000000	320.000000
0	27.639000	13.913043	240.000000	320.000000
0	27.671000	13.913043	240.000000	320.000000
0	27.702000	13.913043	240.000000	320.000000
0	27.733000	13.913043	240.000000	320.000000
0	27.764000	13.913043	240.000000	320.000000
0	27.795000	13.913043	240.000000	320.000000
0	27.827000	13.913043	240.000000	320.000000
0	27.873000	13.913043	240.000000	320.000000
0	27.905000	13.913043	240.000000	320.000000
0	27.936000	13.913043	240.000000	320.000000
0	27.967000	13.913043	240.000000	320.000000
0	27.998000	13.913043	240.000000	320.000000
0	28.029000	13.913043	240.000000	320.000000
0	28.061000	13.913043	240.000000	320.000000
0	28.092000	13.913043	240.000000	320.000000
0	28.139000	13.913043	240.000000	320.000000
0	28.170000	13.913043	240.000000	320.000000
0	28.201000	13.913043	240.000000	320.000000
0	28.232000	13.913043	240.000000	320.000000
0	28.263000	13.913043	240.000000	320.000000
0	28.295000	13.913043	240.000000	320.000000
0	28.326000	13.913043	240.000000	320.000000
0	28.373000	13.913043	240.000000	320.000000
0	28.404000	13.913043	240.000000	320.000000
0	28.435000	13.913043	240.000000	320.000000
0	28.466000	13.913043	240.000000	320.000000
0	28.497000	13.913043	240.000000	320.000000
0	28.529000	13.913043	240.000000	320.000000
0	28.560000	13.913043	240.000000	320.000000
0	28.607000	13.913043	240.000000	320.000000
0	28.638000	13.913043	240.000000	320.000000
0	28.669000	13.913043	240.000000	320.000000
0	28.700000	13.913043	240.000000	320.000000
0	28.731000	13.913043	240.000000	320.000000
0	28.763000	13.913043	240.000000	320.000000
0	28.794000	13.913043	240.000000	320.000000
0	28.825000	13.913043	240.000000	320.000000
0	28.872000	13.913043	240.000000	320.000000
0	28.903000	13.913043	240.000000	320.000000
0	28.934000	13.913043	240.000000	320.000000
0	28.965000	13.913043	240.000000	320.000000
0	28.997000	13.913043	240.000000	320.000000
0	29.028000	13.913043	240.000000	320.000000
0	29.059000	13.913043	240.000000	320.000000
0	29.106000	13.913043	240.000000	320.000000
0	29.137000	13.913043	240.000000	320.000000
0	29.168000	13.913043	240.000000	320.000000
0	29.199000	13.913043	240.000000	320.000000
0	29.231000	13.913043	240.000000	320.000000
0	29.262000	13.913043	240.000000	320.000000
0	29.293000	13.913043	240.000000	320.000000
0	29.340000	13.913043	240.000000	320.000000
0	29.371000	13.913043	240.000000	320.000000
0	29.402000	13.913043	240.000000	320.000000
0	29.433000	13.913043	240.000000	320.000000
0	29.465000	13.913043	240.000000	320.000000
0	29.496000	13.913043	240.000000	320.000000
0	29.527000	13.913043	240.000000	320.000000
0	29.558000	13.913043	240.000000	320.000000
0	29.605000	13.913043	240.000000	320.000000
0	29.636000	13.913043	240.000000	320.000000
0	29.667000	13.913043	240.000000	320.000000
0	29.699000	13.913043	240.000000	320.000000
0	29.730000	13.913043	240.000000	320.000000
0	29.761000	13.913043	240.000000	320.000000
0	29.792000	13.913043	240.000000	320.000000
0	29.839000	13.913043	240.000000	320.000000
0	29.870000	13.913043	240.000000	320.000000
0	29.901000	13.913043	240.000000	320.000000
0	29.933000	13.913043	240.000000	320.000000
0	29.964000	13.913043	240.000000	320.000000
0	29.995000	13.913043	240.000000	320.000000
<\LEFT-PUPIL-DATA>
<RIGHT-PUPIL-ANALYSIS>
1
0	0	17	902	0	0	0.509000	29.518000	0.509000	100.059952	0.000000	0.000000	0.000000	0	3	3	3	3	0	0	0	0.000000	0.000000	0.000000	0.000000	0.000000	0.000000	0.000000	-1.000000	0.000000	0	1.456203	0.514546	1.665703	0.208180	0.236000	-0.422268	-1.442934	-1.000000	0.023280	1	1.456203	0.514546	1.665703	0.208180	0.236000	-0.428744	-1.442931	-1.000000	0.018838
<\RIGHT-PUPIL-ANALYSIS>
<LEFT-PUPIL-ANALYSIS>
1
0	0	17	902	0	0	0.509000	29.518000	0.509000	100.059952	0.000000	0.000000	0.000000	0	3	3	3	3	0	0	0	0.000000	0.000000	0.000000	0.000000	0.000000	0.000000	0.000000	-1.000000	0.000000	0	-0.034783	-0.034783	0.000950	0.000950	0.002000	0.000000	0.000000	-1.000000	0.000000	1	-0.034783	-0.034783	0.000950	0.000950	0.002000	-1000000.000000	-1000000.000000	-1.000000	0.000000
<\LEFT-PUPIL-ANALYSIS>
%%%%%%%%%
%%%%%%%%%
%%%%%%%%%
%%%	Measurement Tiime is: 2017-10-31 12:10:48
%%%	Subject ID is: C57BL6-28.09.17-DA-1mois-M2-2b
%%%	Note: 
%%%	RSS: Default Human Relative Spectral Sensitivity
%%%	Pupil Analysis:
%%%
%%%
%%%
%%%	Pulse Index:	0
%%%	Stimulus Session Index:	0
%%%	Right Pupil Stimulated
%%%	Light Metric is Photopic
%%%	Stimulus Start Time(sec):	0.51
%%%	Stimulus Duration(sec):	29.52
%%%	Stimulus Pulse Duration(sec):	0.51
%%%	Right Pulse:	100.06	(Blue )	-	0.00	(Blue )	[Lux ]
%%%	Left Pulse:	0.00	(Blue )	-	0.00	(Blue )	[Lux ]
%%%
%%%		RIGHT	LEFT	R.Pupil Mean	L.Pupil Mean	R.Stim Mean	R.Stim Mean
%%%	INPUT:	RAW DATA	RAW DATA
%%%	STATE:	ABNORMAL	ABNORMAL	ABNORMAL	ABNORMAL	ABNORMAL	ABNORMAL
%%%	MAX(mm):	0.00	0.00	0.00	0.00	0.00	0.00
%%%	MIN(mm):	0.00	0.00	0.00	0.00	0.00	0.00
%%%	DELTA(mm):						
%%%	CH(%):						
%%%	LAT(sec):	0.00	0.00	0.00	0.00	0.00	0.00
%%%	CV(mm/s):	0.00	0.00	0.00	0.00	0.00	0.00
%%%	MCV(mm/s):	0.00	0.00	0.00	0.00	0.00	0.00
%%%	DV(mm/s):	0.00	0.00	0.00	0.00	0.00	0.00
%%%%%%%%%
%%%%%%%%%
%%%%%%%%%
%%%	Right Pupil Profile (1st row -> 1 == valid tracking, 0 == invalid tracking; 2nd row -> time; 3rd row -> diameter (mm))
%%%	1	1	1	1	1	1	1	1	1	1	1	1	1	1	1	1	1	1	1	1	1	1	1	1	1	1	1	1	1	1	1	1	1	1	1	1	1	1	1	1	1	1	1	1	1	1	0	1	1	1	1	1	1	0	1	1	1	1	0	0	0	1	1	0	0	1	0	0	1	0	0	0	1	0	1	0	1	1	1	1	1	1	1	0	1	1	1	1	1	0	1	1	1	0	1	1	1	0	1	1	1	1	1	1	0	1	0	0	1	1	0	1	0	0	0	0	0	0	1	0	0	0	0	0	0	0	0	0	1	1	0	1	1	1	1	0	1	1	0	0	1	1	0	1	1	0	0	1	0	0	1	1	0	0	0	1	1	1	1	1	1	1	0	1	1	1	1	1	1	1	1	1	1	1	1	1	1	1	1	1	1	0	1	1	1	1	1	1	1	1	1	1	1	1	1	1	1	1	1	1	1	1	1	1	1	1	1	1	0	1	1	1	1	1	1	1	1	1	1	1	1	0	1	1	1	1	1	1	1	1	0	1	1	1	0	0	1	1	1	1	1	1	1	0	1	1	1	0	1	0	0	0	1	1	1	0	1	1	1	1	1	1	1	1	0	0	0	0	1	0	1	1	1	1	1	1	0	1	1	1	1	0	1	0	1	1	1	1	1	1	1	1	1	1	1	1	1	1	1	1	1	1	1	1	1	1	0	1	1	1	0	0	1	1	0	1	1	1	1	1	1	1	1	1	1	1	1	1	1	1	1	1	1	1	1	1	1	1	1	1	1	1	1	1	1	1	1	1	1	1	1	1	1	1	1	1	1	1	1	1	1	1	1	1	1	1	1	1	1	1	1	1	1	1	1	1	1	1	1	1	1	1	1	1	1	1	1	1	1	1	1	1	1	1	1	1	1	1	1	1	1	1	1	1	1	1	1	1	1	1	1	1	1	1	1	1	1	1	1	1	1	1	1	1	1	1	1	1	1	1	1	1	1	1	1	1	1	1	1	1	1	1	1	1	1	1	1	1	1	1	1	1	1	1	1	1	1	1	1	1	1	1	1	1	1	1	1	0	1	1	1	1	1	1	1	1	1	1	1	1	1	1	1	1	1	1	1	1	1	1	1	1	1	1	1	1	1	1	1	1	1	1	1	1	1	1	1	1	1	1	1	1	1	1	1	1	1	1	1	1	1	1	1	1	1	1	1	1	1	1	1	1	1	1	1	1	1	1	1	1	1	1	1	1	1	1	1	1	1	1	1	1	1	1	1	1	1	1	1	1	1	1	1	1	1	1	1	1	1	1	1	1	1	1	1	1	1	1	1	1	1	1	1	1	1	1	1	1	1	1	1	1	1	1	1	1	1	1	1	1	1	1	1	1	1	1	1	1	1	1	1	1	1	1	1	1	1	1	1	1	1	1	1	1	1	1	1	1	1	1	1	1	1	1	1	1	1	1	1	1	1	1	1	1	1	1	1	1	1	1	1	1	1	1	1	1	1	1	1	1	1	1	1	1	1	0	1	1	1	1	1	1	1	1	1	1	1	1	1	1	1	1	1	1	1	1	1	1	1	1	1	1	1	1	1	1	1	1	1	1	1	1	1	1	1	1	1	1	1	1	1	1	1	1	1	1	1	1	1	1	1	1	1	1	1	1	1	1	1	1	1	1	1	1	1	1	1	1	1	1	1	1	1	1	1	1	1	1	1	0	1	1	1	1	1	1	1	1	0	1	1	1	1	1	0	0	1	1	1	1	1	1	1	1	1	1	1	1	1	1	1	1	1	1	1	1	1	1	1	1	1	1	1	1	1	1	1	1	1	0	1	1	1	1	1	1	1	1	1	1	1	1	1	1	1	1	1	1	1	1	1	1	1	1	1	1	1	1	1	1	1	1	1	1	1	1	1	1	1	1	1	1	1	1	1	1	1	1	1	1	1	1	1	1	1	1	1	1	1	1	1	1	1	1	1	1	1	1	1	1	1	1	0	0	1	1	1	1	1	1	1	1	1	1	1	1	1	1	1	1	1	1	1	1	1	1	1	1	0	1	1	1	1
%%%	-0.066000	-0.020000	0.012000	0.043000	0.074000	0.105000	0.136000	0.168000	0.214000	0.246000	0.277000	0.308000	0.339000	0.370000	0.402000	0.433000	0.480000	0.511000	0.542000	0.573000	0.604000	0.636000	0.667000	0.714000	0.745000	0.776000	0.807000	0.838000	0.870000	0.901000	0.948000	0.979000	1.010000	1.041000	1.072000	1.104000	1.135000	1.166000	1.213000	1.244000	1.275000	1.306000	1.338000	1.369000	1.400000	1.447000	1.478000	1.509000	1.540000	1.572000	1.603000	1.634000	1.665000	1.712000	1.743000	1.774000	1.806000	1.837000	1.868000	1.899000	1.946000	1.977000	2.008000	2.040000	2.071000	2.102000	2.133000	2.180000	2.211000	2.242000	2.274000	2.305000	2.336000	2.367000	2.398000	2.445000	2.476000	2.508000	2.539000	2.570000	2.601000	2.632000	2.679000	2.710000	2.742000	2.773000	2.804000	2.835000	2.866000	2.913000	2.944000	2.976000	3.007000	3.038000	3.069000	3.100000	3.132000	3.178000	3.210000	3.241000	3.272000	3.303000	3.335000	3.366000	3.413000	3.444000	3.475000	3.506000	3.537000	3.569000	3.600000	3.647000	3.678000	3.709000	3.740000	3.771000	3.803000	3.834000	3.865000	3.912000	3.943000	3.974000	4.005000	4.037000	4.068000	4.099000	4.146000	4.177000	4.208000	4.239000	4.271000	4.302000	4.333000	4.380000	4.411000	4.442000	4.473000	4.505000	4.536000	4.567000	4.598000	4.645000	4.676000	4.707000	4.739000	4.770000	4.801000	4.832000	4.879000	4.910000	4.941000	4.973000	5.004000	5.035000	5.066000	5.097000	5.144000	5.175000	5.207000	5.238000	5.269000	5.300000	5.331000	5.378000	5.409000	5.441000	5.472000	5.503000	5.534000	5.565000	5.597000	5.643000	5.675000	5.706000	5.737000	5.768000	5.799000	5.831000	5.877000	5.909000	5.940000	5.971000	6.002000	6.033000	6.065000	6.111000	6.143000	6.174000	6.205000	6.236000	6.267000	6.299000	6.330000	6.377000	6.408000	6.439000	6.470000	6.501000	6.533000	6.564000	6.611000	6.642000	6.673000	6.704000	6.735000	6.767000	6.798000	6.845000	6.876000	6.907000	6.938000	6.969000	7.001000	7.032000	7.063000	7.110000	7.141000	7.172000	7.203000	7.235000	7.266000	7.297000	7.344000	7.375000	7.406000	7.437000	7.469000	7.500000	7.531000	7.578000	7.609000	7.640000	7.671000	7.703000	7.734000	7.765000	7.796000	7.843000	7.874000	7.905000	7.937000	7.968000	7.999000	8.030000	8.077000	8.108000	8.139000	8.171000	8.202000	8.233000	8.264000	8.311000	8.342000	8.373000	8.405000	8.436000	8.467000	8.498000	8.529000	8.576000	8.607000	8.639000	8.670000	8.701000	8.732000	8.763000	8.810000	8.841000	8.873000	8.904000	8.935000	8.966000	8.997000	9.044000	9.075000	9.107000	9.138000	9.169000	9.200000	9.231000	9.263000	9.309000	9.341000	9.372000	9.403000	9.434000	9.465000	9.497000	9.528000	9.575000	9.606000	9.637000	9.668000	9.699000	9.731000	9.777000	9.809000	9.840000	9.871000	9.902000	9.933000	9.965000	9.996000	10.043000	10.074000	10.105000	10.136000	10.167000	10.199000	10.230000	10.261000	10.308000	10.339000	10.370000	10.401000	10.433000	10.464000	10.495000	10.542000	10.573000	10.604000	10.635000	10.667000	10.698000	10.729000	10.776000	10.807000	10.838000	10.869000	10.901000	10.932000	10.963000	10.994000	11.041000	11.072000	11.103000	11.135000	11.166000	11.197000	11.228000	11.275000	11.306000	11.337000	11.369000	11.400000	11.431000	11.462000	11.509000	11.540000	11.571000	11.603000	11.634000	11.665000	11.696000	11.727000	11.774000	11.805000	11.837000	11.868000	11.899000	11.930000	11.961000	12.008000	12.039000	12.071000	12.102000	12.133000	12.164000	12.195000	12.242000	12.273000	12.305000	12.336000	12.367000	12.398000	12.429000	12.461000	12.507000	12.539000	12.570000	12.601000	12.632000	12.663000	12.695000	12.741000	12.773000	12.804000	12.835000	12.866000	12.897000	12.929000	12.975000	13.007000	13.038000	13.069000	13.100000	13.131000	13.163000	13.194000	13.241000	13.272000	13.303000	13.334000	13.365000	13.397000	13.428000	13.475000	13.506000	13.537000	13.568000	13.599000	13.631000	13.662000	13.709000	13.740000	13.771000	13.802000	13.833000	13.865000	13.896000	13.927000	13.974000	14.005000	14.036000	14.067000	14.099000	14.130000	14.161000	14.192000	14.239000	14.270000	14.301000	14.333000	14.364000	14.395000	14.426000	14.473000	14.504000	14.535000	14.567000	14.598000	14.629000	14.660000	14.707000	14.738000	14.769000	14.801000	14.832000	14.863000	14.894000	14.925000	14.972000	15.003000	15.035000	15.066000	15.097000	15.128000	15.159000	15.206000	15.237000	15.269000	15.300000	15.331000	15.362000	15.393000	15.440000	15.471000	15.503000	15.534000	15.565000	15.596000	15.627000	15.659000	15.705000	15.737000	15.768000	15.799000	15.830000	15.861000	15.893000	15.939000	15.971000	16.002000	16.033000	16.064000	16.095000	16.127000	16.173000	16.205000	16.236000	16.267000	16.298000	16.329000	16.361000	16.392000	16.439000	16.470000	16.501000	16.532000	16.563000	16.595000	16.626000	16.673000	16.704000	16.735000	16.766000	16.797000	16.829000	16.860000	16.907000	16.938000	16.969000	17.000000	17.031000	17.063000	17.094000	17.125000	17.172000	17.203000	17.234000	17.265000	17.297000	17.328000	17.359000	17.406000	17.437000	17.468000	17.499000	17.531000	17.562000	17.593000	17.640000	17.671000	17.702000	17.733000	17.765000	17.796000	17.827000	17.858000	17.905000	17.936000	17.967000	17.999000	18.030000	18.061000	18.092000	18.139000	18.170000	18.201000	18.233000	18.264000	18.295000	18.326000	18.357000	18.404000	18.435000	18.467000	18.498000	18.529000	18.560000	18.591000	18.638000	18.669000	18.701000	18.732000	18.763000	18.794000	18.825000	18.872000	18.903000	18.935000	18.966000	18.997000	19.028000	19.059000	19.091000	19.137000	19.169000	19.200000	19.231000	19.262000	19.293000	19.325000	19.371000	19.403000	19.434000	19.465000	19.496000	19.527000	19.559000	19.590000	19.637000	19.668000	19.699000	19.730000	19.761000	19.793000	19.824000	19.871000	19.902000	19.933000	19.964000	19.995000	20.027000	20.058000	20.105000	20.136000	20.167000	20.198000	20.229000	20.261000	20.292000	20.323000	20.370000	20.401000	20.432000	20.463000	20.495000	20.526000	20.557000	20.604000	20.635000	20.666000	20.697000	20.729000	20.760000	20.791000	20.838000	20.869000	20.900000	20.931000	20.963000	20.994000	21.025000	21.056000	21.103000	21.134000	21.165000	21.197000	21.228000	21.259000	21.290000	21.337000	21.368000	21.399000	21.431000	21.462000	21.493000	21.524000	21.571000	21.602000	21.633000	21.665000	21.696000	21.727000	21.758000	21.789000	21.836000	21.867000	21.899000	21.930000	21.961000	21.992000	22.023000	22.070000	22.101000	22.133000	22.164000	22.195000	22.226000	22.257000	22.289000	22.335000	22.367000	22.398000	22.429000	22.460000	22.491000	22.523000	22.569000	22.601000	22.632000	22.663000	22.694000	22.725000	22.757000	22.803000	22.835000	22.866000	22.897000	22.928000	22.959000	22.991000	23.022000	23.069000	23.100000	23.131000	23.162000	23.193000	23.225000	23.256000	23.303000	23.334000	23.365000	23.396000	23.427000	23.459000	23.490000	23.537000	23.568000	23.599000	23.630000	23.661000	23.693000	23.724000	23.755000	23.802000	23.833000	23.864000	23.895000	23.927000	23.958000	23.989000	24.036000	24.067000	24.098000	24.129000	24.161000	24.192000	24.223000	24.270000	24.301000	24.332000	24.363000	24.395000	24.426000	24.457000	24.488000	24.535000	24.566000	24.597000	24.629000	24.660000	24.691000	24.722000	24.769000	24.800000	24.831000	24.863000	24.894000	24.925000	24.956000	24.987000	25.034000	25.065000	25.097000	25.128000	25.159000	25.190000	25.221000	25.268000	25.299000	25.331000	25.362000	25.393000	25.424000	25.455000	25.502000	25.533000	25.565000	25.596000	25.627000	25.658000	25.689000	25.721000	25.767000	25.799000	25.830000	25.861000	25.892000	25.923000	25.955000	26.001000	26.033000	26.064000	26.095000	26.126000	26.157000	26.189000	26.220000	26.267000	26.298000	26.329000	26.360000	26.391000	26.423000	26.454000	26.501000	26.532000	26.563000	26.594000	26.625000	26.657000	26.688000	26.735000	26.766000	26.797000	26.828000	26.859000	26.891000	26.922000	26.953000	27.000000	27.031000	27.062000	27.093000	27.125000	27.156000	27.187000	27.234000	27.265000	27.296000	27.327000	27.359000	27.390000	27.421000	27.468000	27.499000	27.530000	27.561000	27.593000	27.624000	27.655000	27.686000	27.733000	27.764000	27.795000	27.827000	27.858000	27.889000	27.920000	27.967000	27.998000	28.029000	28.061000	28.092000	28.123000	28.154000	28.201000	28.232000	28.263000	28.295000	28.326000	28.357000	28.388000	28.419000	28.466000	28.497000	28.529000	28.560000	28.591000	28.622000	28.653000	28.700000	28.731000	28.763000	28.794000	28.825000	28.856000	28.887000	28.934000	28.965000	28.997000	29.028000	29.059000	29.090000	29.121000	29.153000	29.199000	29.231000	29.262000	29.293000	29.324000	29.355000	29.387000	29.433000	29.465000	29.496000	29.527000	29.558000	29.589000	29.621000	29.667000	29.699000	29.730000	29.761000	29.792000	29.823000	29.855000	29.886000	29.933000	29.964000	29.995000
%%%	1.451160	1.451160	1.442464	1.468986	1.453188	1.444058	1.461159	1.451594	1.444638	1.466666	1.415797	1.451594	1.443623	1.444203	1.448840	1.442899	1.459275	1.444493	1.452174	1.478261	1.442464	1.452174	1.433188	1.474927	1.442464	1.416812	1.358116	1.274493	1.258116	1.238116	1.185942	1.147971	1.085362	1.078841	1.049275	0.987536	0.953623	0.921739	0.892319	0.892754	0.861594	0.814058	0.800000	0.800000	0.764203	0.722754	0.644203	0.689710	0.708116	0.689710	0.703333	0.661449	0.680145	0.498551	0.652754	0.649420	0.648985	0.591304	0.475362	0.392754	0.418551	0.600725	0.568116	0.434783	0.480145	0.464638	0.459420	0.468551	0.466812	0.347826	0.463768	0.444493	0.488406	0.486957	0.546232	0.516232	0.568551	0.540145	0.540290	0.559855	0.522754	0.562319	0.531014	0.503768	0.567971	0.553333	0.512029	0.489855	0.497536	0.491159	0.527246	0.555362	0.489855	0.484058	0.514203	0.555942	0.535942	0.498551	0.565797	0.540145	0.549420	0.557536	0.531014	0.547826	0.410290	0.544493	0.498551	0.466377	0.524493	0.540145	0.504348	0.540145	0.484203	0.496232	0.454203	0.455362	0.466232	0.442754	0.565217	0.494058	0.456377	0.451594	0.391159	0.430290	0.428985	0.435797	0.417391	0.448985	0.530725	0.542029	0.457101	0.540145	0.540290	0.540145	0.495797	0.467971	0.488551	0.567971	0.467971	0.489855	0.466377	0.553768	0.439710	0.540725	0.531594	0.489855	0.489710	0.498406	0.498406	0.488116	0.514203	0.527681	0.457681	0.445072	0.523768	0.570290	0.548406	0.573913	0.570725	0.544493	0.556522	0.570725	0.540725	0.530290	0.599275	0.568551	0.567971	0.575507	0.560145	0.568841	0.570145	0.549275	0.601159	0.583768	0.588116	0.575507	0.596232	0.596232	0.605507	0.583623	0.591449	0.568116	0.572899	0.592464	0.637681	0.605362	0.619420	0.609710	0.613623	0.610290	0.612319	0.592899	0.603188	0.553188	0.572319	0.596812	0.603333	0.561449	0.540290	0.614058	0.578406	0.594638	0.579855	0.596667	0.581449	0.551594	0.603333	0.605362	0.549420	0.581449	0.600580	0.529855	0.579420	0.601594	0.605942	0.579275	0.573913	0.581014	0.578406	0.574928	0.573333	0.548985	0.601159	0.609710	0.521594	0.583623	0.583333	0.559275	0.579420	0.573189	0.549420	0.592319	0.591304	0.585797	0.550725	0.567971	0.597246	0.570145	0.614203	0.620290	0.591159	0.601159	0.614493	0.575507	0.540290	0.601159	0.566232	0.549420	0.611449	0.548406	0.547102	0.548406	0.602029	0.573333	0.540145	0.535942	0.621159	0.600580	0.607536	0.614638	0.626087	0.627246	0.621015	0.619420	0.614058	0.459275	0.440145	0.456522	0.520145	0.522319	0.645507	0.634203	0.500145	0.609855	0.645072	0.609855	0.555797	0.648406	0.637681	0.637101	0.498406	0.590725	0.633768	0.497971	0.631014	0.522319	0.661449	0.644203	0.633768	0.559710	0.651015	0.664058	0.671159	0.679275	0.609275	0.648841	0.668841	0.672899	0.670725	0.540290	0.672899	0.666232	0.684058	0.640725	0.664058	0.695797	0.585507	0.648406	0.696376	0.692899	0.637681	0.531594	0.684058	0.694493	0.579710	0.694638	0.689710	0.642464	0.698985	0.690725	0.672899	0.689710	0.695652	0.689710	0.684058	0.690725	0.672899	0.689710	0.703768	0.670145	0.653623	0.690725	0.671159	0.689710	0.690145	0.725507	0.666377	0.705362	0.689710	0.686957	0.705362	0.734493	0.718406	0.707101	0.707681	0.690290	0.710290	0.717246	0.712464	0.703768	0.672899	0.708841	0.672899	0.741884	0.744203	0.716667	0.732319	0.695072	0.668406	0.672754	0.736377	0.734783	0.717246	0.731594	0.742754	0.764058	0.754928	0.730435	0.748551	0.742464	0.749420	0.744493	0.748406	0.744493	0.747246	0.743623	0.739710	0.742319	0.770725	0.759710	0.794493	0.759420	0.760870	0.793333	0.765942	0.800000	0.764638	0.796232	0.775072	0.805797	0.761594	0.831594	0.812464	0.798551	0.792029	0.796667	0.790580	0.805797	0.796812	0.801015	0.794493	0.800580	0.813623	0.815507	0.831449	0.809710	0.835797	0.840145	0.828841	0.833768	0.815362	0.839855	0.848406	0.851594	0.826667	0.862464	0.848985	0.833768	0.835942	0.840580	0.839710	0.834783	0.835942	0.866377	0.846667	0.835942	0.865797	0.857971	0.866377	0.852754	0.833188	0.849420	0.857681	0.848985	0.864203	0.855507	0.851015	0.848406	0.855362	0.869565	0.861449	0.857681	0.869565	0.885362	0.855942	0.889855	0.886667	0.857681	0.888551	0.920580	0.901449	0.874638	0.885507	0.931594	0.916377	0.903188	0.914203	0.902754	0.900580	0.916377	0.916377	0.915942	0.915942	0.939275	0.869565	0.915942	0.915942	0.800580	0.959855	0.966232	0.957971	0.971884	0.958116	0.940290	0.973188	0.979710	0.987536	0.972319	0.992029	0.962319	0.987536	0.964638	0.988406	0.939275	0.938116	0.972754	0.998841	0.983768	0.984203	0.972899	0.992464	0.989710	0.957681	0.951015	0.994638	0.990290	0.972899	0.918406	0.972899	0.991304	0.937971	0.957102	0.950580	0.955507	0.894638	0.951159	0.983188	0.995072	0.974493	0.989130	0.976667	0.970580	0.974493	0.987536	0.939275	0.957246	0.997246	0.963623	0.967971	1.007102	1.005797	0.992029	1.007536	0.975507	1.009420	0.988841	0.991304	1.003188	0.970725	1.025362	0.985362	1.009420	1.009420	0.950580	0.990290	0.991304	0.940290	1.029420	0.950580	1.004928	0.996667	0.971594	0.948551	1.043478	1.042898	1.039710	1.059710	1.044638	0.993623	1.044638	1.000145	1.079855	1.044058	1.026667	1.044058	1.049420	1.069565	1.003188	1.044058	1.044638	1.078261	1.048841	1.018985	1.059855	1.002754	1.054638	1.016812	1.024928	1.079855	1.031594	1.009855	1.047101	1.062464	1.044058	0.951015	0.951015	0.968551	1.024493	1.002899	1.017971	1.024493	1.017971	1.021159	1.039710	1.045072	1.078261	1.009855	1.049275	1.121739	1.000145	1.147246	1.017971	1.053768	1.079855	1.114058	1.117971	1.105507	1.131014	1.118406	1.112029	1.079855	1.133333	1.113043	1.135942	1.111014	1.113623	1.116812	1.142464	1.079420	1.082754	1.134928	1.118551	1.003768	1.100725	1.094203	1.123333	1.062029	1.062029	1.081594	1.131449	1.116377	1.097971	1.114058	1.083768	1.078841	1.117971	1.121884	1.112029	1.109275	1.147101	1.097971	1.120725	1.096667	1.133188	1.120725	1.116812	1.131014	1.113043	1.127101	1.044058	1.109275	1.024493	1.101594	1.147826	1.057681	1.109855	1.123333	1.136232	1.109855	1.107971	1.122319	1.126667	0.951015	1.107971	1.100725	1.139420	1.131594	1.118406	1.038986	1.135942	1.109710	1.147826	1.147826	1.147826	1.147826	1.008696	1.140145	1.156522	1.133188	1.137536	1.113188	1.131594	1.138551	1.131014	1.118406	1.141449	1.131014	1.142464	1.159420	1.031884	1.141449	1.134493	1.138406	1.121739	1.124927	1.098841	1.113043	1.122319	1.133188	1.111449	1.118551	1.139420	1.105942	1.117971	1.098841	1.114058	1.131014	1.124638	1.131594	1.135942	1.114058	1.147826	1.133333	1.147826	1.141014	1.118551	1.159855	1.138986	1.159855	1.137101	1.167971	1.172899	1.151160	1.133333	1.160870	1.147681	1.154928	1.135797	1.151160	1.162029	1.168551	1.158551	1.141449	1.148840	1.142029	1.127101	1.142464	1.144058	1.147826	1.165072	1.145652	1.124638	1.126087	1.146377	1.149275	1.147971	1.151160	1.151594	1.177681	1.153188	1.153333	1.171449	1.140290	1.138406	1.146232	1.151594	1.163623	1.150580	1.137101	1.003768	1.151594	1.140145	1.162319	1.151160	1.153768	1.113043	1.153623	1.155942	0.964638	1.164203	1.117971	1.171449	1.155942	1.147826	1.009420	1.029275	1.029275	1.171449	1.153623	1.109855	1.133188	1.157971	1.166667	1.168406	1.150580	1.159855	1.158551	1.153623	1.151014	1.165942	0.938116	1.159420	1.155507	1.152754	1.151884	1.131449	1.155507	1.140725	1.155362	1.157536	1.101594	1.113043	1.101015	1.146812	1.150580	1.135507	1.131014	1.160290	1.149275	0.937971	1.136377	1.160870	1.159275	1.165362	1.165362	1.141594	1.153768	1.153188	1.182029	1.161449	1.167246	1.192464	1.191884	1.158551	1.174493	1.150580	1.185362	1.153623	1.204203	1.179275	1.171449	1.204058	1.182029	1.175073	1.183188	1.218551	1.167681	1.203333	1.208116	1.190290	1.186957	1.159275	1.202754	1.208116	1.177246	1.175073	1.181449	1.200580	1.200145	1.174493	1.198551	1.172899	1.204058	1.164493	1.174493	1.179855	1.177246	1.194058	1.164203	1.168406	1.202318	1.180145	1.177681	1.174058	1.185362	1.193478	1.182609	1.161449	1.177246	1.149855	1.200000	1.147826	1.147826	1.202899	1.147826	1.188116	1.185942	1.182609	1.185362	1.204638	1.204783	1.204638	0.990290	1.019855	1.175073	1.228985	1.194638	1.147826	1.202319	1.194203	1.169565	1.202899	1.183623	1.166812	1.182609	1.167246	1.167971	1.181594	1.182609	1.170145	1.165942	1.165072	1.188406	1.154928	1.150580	1.083623	1.184203	1.112172	1.009710	1.174493	1.181594	1.166232	1.147826
%%%	Left Pupil Profile (1st row -> 1 == valid tracking, 0 == invalid tracking; 2nd row -> time; 3rd row -> diameter (mm))
%%%	0	0	0	0	0	0	0	0	0	0	0	0	0	0	0	0	0	0	0	0	0	0	0	0	0	0	0	0	0	0	0	0	0	0	0	0	0	0	0	0	0	0	0	0	0	0	0	0	0	0	0	0	0	0	0	0	0	0	0	0	0	0	0	0	0	0	0	0	0	0	0	0	0	0	0	0	0	0	0	0	0	0	0	0	0	0	0	0	0	0	0	0	0	0	0	0	0	0	0	0	0	0	0	0	0	0	0	0	0	0	0	0	0	0	0	0	0	0	0	0	0	0	0	0	0	0	0	0	0	0	0	0	0	0	0	0	0	0	0	0	0	0	0	0	0	0	0	0	0	0	0	0	0	0	0	0	0	0	0	0	0	0	0	0	0	0	0	0	0	0	0	0	0	0	0	0	0	0	0	0	0	0	0	0	0	0	0	0	0	0	0	0	0	0	0	0	0	0	0	0	0	0	0	0	0	0	0	0	0	0	0	0	0	0	0	0	0	0	0	0	0	0	0	0	0	0	0	0	0	0	0	0	0	0	0	0	0	0	0	0	0	0	0	0	0	0	0	0	0	0	0	0	0	0	0	0	0	0	0	0	0	0	0	0	0	0	0	0	0	0	0	0	0	0	0	0	0	0	0	0	0	0	0	0	0	0	0	0	0	0	0	0	0	0	0	0	0	0	0	0	0	0	0	0	0	0	0	0	0	0	0	0	0	0	0	0	0	0	0	0	0	0	0	0	0	0	0	0	0	0	0	0	0	0	0	0	0	0	0	0	0	0	0	0	0	0	0	0	0	0	0	0	0	0	0	0	0	0	0	0	0	0	0	0	0	0	0	0	0	0	0	0	0	0	0	0	0	0	0	0	0	0	0	0	0	0	0	0	0	0	0	0	0	0	0	0	0	0	0	0	0	0	0	0	0	0	0	0	0	0	0	0	0	0	0	0	0	0	0	0	0	0	0	0	0	0	0	0	0	0	0	0	0	0	0	0	0	0	0	0	0	0	0	0	0	0	0	0	0	0	0	0	0	0	0	0	0	0	0	0	0	0	0	0	0	0	0	0	0	0	0	0	0	0	0	0	0	0	0	0	0	0	0	0	0	0	0	0	0	0	0	0	0	0	0	0	0	0	0	0	0	0	0	0	0	0	0	0	0	0	0	0	0	0	0	0	0	0	0	0	0	0	0	0	0	0	0	0	0	0	0	0	0	0	0	0	0	0	0	0	0	0	0	0	0	0	0	0	0	0	0	0	0	0	0	0	0	0	0	0	0	0	0	0	0	0	0	0	0	0	0	0	0	0	0	0	0	0	0	0	0	0	0	0	0	0	0	0	0	0	0	0	0	0	0	0	0	0	0	0	0	0	0	0	0	0	0	0	0	0	0	0	0	0	0	0	0	0	0	0	0	0	0	0	0	0	0	0	0	0	0	0	0	0	0	0	0	0	0	0	0	0	0	0	0	0	0	0	0	0	0	0	0	0	0	0	0	0	0	0	0	0	0	0	0	0	0	0	0	0	0	0	0	0	0	0	0	0	0	0	0	0	0	0	0	0	0	0	0	0	0	0	0	0	0	0	0	0	0	0	0	0	0	0	0	0	0	0	0	0	0	0	0	0	0	0	0	0	0	0	0	0	0	0	0	0	0	0	0	0	0	0	0	0	0	0	0	0	0	0	0	0	0	0	0	0	0	0	0	0	0	0	0	0	0	0	0	0	0	0	0	0	0	0	0	0	0	0	0	0	0	0	0	0	0	0	0	0	0	0	0	0	0	0	0	0	0	0	0	0	0	0	0	0	0	0	0	0	0	0	0	0	0	0	0	0	0	0	0	0	0	0	0	0	0	0	0	0	0	0	0	0	0	0	0	0	0	0	0	0	0	0	0	0	0	0	0	0	0	0	0	0	0	0	0	0	0	0	0	0	0	0	0	0	0	0	0	0	0	0	0	0	0	0	0	0	0	0	0	0	0	0	0	0	0	0	0	0	0	0	0	0	0	0	0	0	0	0	0	0	0	0	0	0	0	0	0	0	0	0	0	0	0
%%%	-0.051000	-0.020000	0.012000	0.043000	0.074000	0.121000	0.152000	0.183000	0.214000	0.246000	0.277000	0.308000	0.339000	0.386000	0.417000	0.448000	0.480000	0.511000	0.542000	0.573000	0.620000	0.651000	0.682000	0.714000	0.745000	0.776000	0.807000	0.854000	0.885000	0.916000	0.948000	0.979000	1.010000	1.041000	1.072000	1.119000	1.150000	1.182000	1.213000	1.244000	1.275000	1.306000	1.353000	1.384000	1.416000	1.447000	1.478000	1.509000	1.540000	1.572000	1.618000	1.650000	1.681000	1.712000	1.743000	1.774000	1.806000	1.852000	1.884000	1.915000	1.946000	1.977000	2.008000	2.040000	2.086000	2.118000	2.149000	2.180000	2.211000	2.242000	2.274000	2.305000	2.352000	2.383000	2.414000	2.445000	2.476000	2.508000	2.539000	2.586000	2.617000	2.648000	2.679000	2.710000	2.742000	2.773000	2.820000	2.851000	2.882000	2.913000	2.944000	2.976000	3.007000	3.038000	3.085000	3.116000	3.147000	3.178000	3.210000	3.241000	3.272000	3.319000	3.350000	3.381000	3.413000	3.444000	3.475000	3.506000	3.553000	3.584000	3.615000	3.647000	3.678000	3.709000	3.740000	3.771000	3.818000	3.849000	3.881000	3.912000	3.943000	3.974000	4.005000	4.052000	4.083000	4.115000	4.146000	4.177000	4.208000	4.239000	4.271000	4.317000	4.349000	4.380000	4.411000	4.442000	4.473000	4.505000	4.551000	4.583000	4.614000	4.645000	4.676000	4.707000	4.739000	4.785000	4.817000	4.848000	4.879000	4.910000	4.941000	4.973000	5.004000	5.051000	5.082000	5.113000	5.144000	5.175000	5.207000	5.238000	5.285000	5.316000	5.347000	5.378000	5.409000	5.441000	5.472000	5.519000	5.550000	5.581000	5.612000	5.643000	5.675000	5.706000	5.737000	5.784000	5.815000	5.846000	5.877000	5.909000	5.940000	5.971000	6.018000	6.049000	6.080000	6.111000	6.143000	6.174000	6.205000	6.236000	6.283000	6.314000	6.345000	6.377000	6.408000	6.439000	6.470000	6.517000	6.548000	6.579000	6.611000	6.642000	6.673000	6.704000	6.751000	6.782000	6.813000	6.845000	6.876000	6.907000	6.938000	6.969000	7.016000	7.047000	7.079000	7.110000	7.141000	7.172000	7.203000	7.250000	7.281000	7.313000	7.344000	7.375000	7.406000	7.437000	7.484000	7.515000	7.547000	7.578000	7.609000	7.640000	7.671000	7.703000	7.749000	7.781000	7.812000	7.843000	7.874000	7.905000	7.937000	7.983000	8.015000	8.046000	8.077000	8.108000	8.139000	8.171000	8.202000	8.249000	8.280000	8.311000	8.342000	8.373000	8.405000	8.436000	8.483000	8.514000	8.545000	8.576000	8.607000	8.639000	8.670000	8.717000	8.748000	8.779000	8.810000	8.841000	8.873000	8.904000	8.935000	8.982000	9.013000	9.044000	9.075000	9.107000	9.138000	9.169000	9.216000	9.247000	9.278000	9.309000	9.341000	9.372000	9.403000	9.450000	9.481000	9.512000	9.543000	9.575000	9.606000	9.637000	9.668000	9.715000	9.746000	9.777000	9.809000	9.840000	9.871000	9.902000	9.949000	9.980000	10.011000	10.043000	10.074000	10.105000	10.136000	10.183000	10.214000	10.245000	10.277000	10.308000	10.339000	10.370000	10.401000	10.448000	10.479000	10.511000	10.542000	10.573000	10.604000	10.635000	10.682000	10.713000	10.745000	10.776000	10.807000	10.838000	10.869000	10.901000	10.947000	10.979000	11.010000	11.041000	11.072000	11.103000	11.135000	11.181000	11.213000	11.244000	11.275000	11.306000	11.337000	11.369000	11.415000	11.447000	11.478000	11.509000	11.540000	11.571000	11.603000	11.634000	11.681000	11.712000	11.743000	11.774000	11.805000	11.837000	11.868000	11.915000	11.946000	11.977000	12.008000	12.039000	12.071000	12.102000	12.133000	12.180000	12.211000	12.242000	12.273000	12.305000	12.336000	12.367000	12.414000	12.445000	12.476000	12.507000	12.539000	12.570000	12.601000	12.648000	12.679000	12.710000	12.741000	12.773000	12.804000	12.835000	12.866000	12.913000	12.944000	12.975000	13.007000	13.038000	13.069000	13.100000	13.147000	13.178000	13.209000	13.241000	13.272000	13.303000	13.334000	13.381000	13.412000	13.443000	13.475000	13.506000	13.537000	13.568000	13.599000	13.646000	13.677000	13.709000	13.740000	13.771000	13.802000	13.833000	13.880000	13.911000	13.943000	13.974000	14.005000	14.036000	14.067000	14.114000	14.145000	14.177000	14.208000	14.239000	14.270000	14.301000	14.333000	14.379000	14.411000	14.442000	14.473000	14.504000	14.535000	14.567000	14.613000	14.645000	14.676000	14.707000	14.738000	14.769000	14.801000	14.847000	14.879000	14.910000	14.941000	14.972000	15.003000	15.035000	15.066000	15.113000	15.144000	15.175000	15.206000	15.237000	15.269000	15.300000	15.347000	15.378000	15.409000	15.440000	15.471000	15.503000	15.534000	15.581000	15.612000	15.643000	15.674000	15.705000	15.737000	15.768000	15.799000	15.846000	15.877000	15.908000	15.939000	15.971000	16.002000	16.033000	16.064000	16.111000	16.142000	16.173000	16.205000	16.236000	16.267000	16.298000	16.345000	16.376000	16.407000	16.439000	16.470000	16.501000	16.532000	16.579000	16.610000	16.641000	16.673000	16.704000	16.735000	16.766000	16.797000	16.844000	16.875000	16.907000	16.938000	16.969000	17.000000	17.031000	17.078000	17.109000	17.141000	17.172000	17.203000	17.234000	17.265000	17.312000	17.343000	17.375000	17.406000	17.437000	17.468000	17.499000	17.531000	17.577000	17.609000	17.640000	17.671000	17.702000	17.733000	17.765000	17.811000	17.843000	17.874000	17.905000	17.936000	17.967000	17.999000	18.045000	18.077000	18.108000	18.139000	18.170000	18.201000	18.233000	18.264000	18.311000	18.342000	18.373000	18.404000	18.435000	18.467000	18.498000	18.545000	18.576000	18.607000	18.638000	18.669000	18.701000	18.732000	18.779000	18.810000	18.841000	18.872000	18.903000	18.935000	18.966000	18.997000	19.044000	19.075000	19.106000	19.137000	19.169000	19.200000	19.231000	19.278000	19.309000	19.340000	19.371000	19.403000	19.434000	19.465000	19.512000	19.543000	19.574000	19.605000	19.637000	19.668000	19.699000	19.730000	19.777000	19.808000	19.839000	19.871000	19.902000	19.933000	19.964000	19.995000	20.042000	20.073000	20.105000	20.136000	20.167000	20.198000	20.229000	20.276000	20.307000	20.339000	20.370000	20.401000	20.432000	20.463000	20.510000	20.541000	20.573000	20.604000	20.635000	20.666000	20.697000	20.729000	20.775000	20.807000	20.838000	20.869000	20.900000	20.931000	20.963000	21.009000	21.041000	21.072000	21.103000	21.134000	21.165000	21.197000	21.243000	21.275000	21.306000	21.337000	21.368000	21.399000	21.431000	21.462000	21.509000	21.540000	21.571000	21.602000	21.633000	21.665000	21.696000	21.743000	21.774000	21.805000	21.836000	21.867000	21.899000	21.930000	21.977000	22.008000	22.039000	22.070000	22.101000	22.133000	22.164000	22.195000	22.242000	22.273000	22.304000	22.335000	22.367000	22.398000	22.429000	22.476000	22.507000	22.538000	22.569000	22.601000	22.632000	22.663000	22.710000	22.741000	22.772000	22.803000	22.835000	22.866000	22.897000	22.928000	22.975000	23.006000	23.037000	23.069000	23.100000	23.131000	23.162000	23.209000	23.240000	23.271000	23.303000	23.334000	23.365000	23.396000	23.443000	23.474000	23.505000	23.537000	23.568000	23.599000	23.630000	23.661000	23.708000	23.739000	23.771000	23.802000	23.833000	23.864000	23.895000	23.942000	23.973000	24.005000	24.036000	24.067000	24.098000	24.129000	24.161000	24.207000	24.239000	24.270000	24.301000	24.332000	24.363000	24.395000	24.441000	24.473000	24.504000	24.535000	24.566000	24.597000	24.629000	24.675000	24.707000	24.738000	24.769000	24.800000	24.831000	24.863000	24.894000	24.941000	24.972000	25.003000	25.034000	25.065000	25.097000	25.128000	25.175000	25.206000	25.237000	25.268000	25.299000	25.331000	25.362000	25.393000	25.440000	25.471000	25.502000	25.533000	25.565000	25.596000	25.627000	25.674000	25.705000	25.736000	25.767000	25.799000	25.830000	25.861000	25.908000	25.939000	25.970000	26.001000	26.033000	26.064000	26.095000	26.126000	26.173000	26.204000	26.235000	26.267000	26.298000	26.329000	26.360000	26.407000	26.438000	26.469000	26.501000	26.532000	26.563000	26.594000	26.641000	26.672000	26.703000	26.735000	26.766000	26.797000	26.828000	26.859000	26.906000	26.937000	26.969000	27.000000	27.031000	27.062000	27.093000	27.140000	27.171000	27.203000	27.234000	27.265000	27.296000	27.327000	27.374000	27.405000	27.437000	27.468000	27.499000	27.530000	27.561000	27.593000	27.639000	27.671000	27.702000	27.733000	27.764000	27.795000	27.827000	27.873000	27.905000	27.936000	27.967000	27.998000	28.029000	28.061000	28.092000	28.139000	28.170000	28.201000	28.232000	28.263000	28.295000	28.326000	28.373000	28.404000	28.435000	28.466000	28.497000	28.529000	28.560000	28.607000	28.638000	28.669000	28.700000	28.731000	28.763000	28.794000	28.825000	28.872000	28.903000	28.934000	28.965000	28.997000	29.028000	29.059000	29.106000	29.137000	29.168000	29.199000	29.231000	29.262000	29.293000	29.340000	29.371000	29.402000	29.433000	29.465000	29.496000	29.527000	29.558000	29.605000	29.636000	29.667000	29.699000	29.730000	29.761000	29.792000	29.839000	29.870000	29.901000	29.933000	29.964000	29.995000
%%%	13.913043	13.913043	13.913043	13.913043	13.913043	13.913043	13.913043	13.913043	13.913043	13.913043	13.913043	13.913043	13.913043	13.913043	13.913043	13.913043	13.913043	13.913043	13.913043	13.913043	13.913043	13.913043	13.913043	13.913043	13.913043	13.913043	13.913043	13.913043	13.913043	13.913043	13.913043	13.913043	13.913043	13.913043	13.913043	13.913043	13.913043	13.913043	13.913043	13.913043	13.913043	13.913043	13.913043	13.913043	13.913043	13.913043	13.913043	13.913043	13.913043	13.913043	13.913043	13.913043	13.913043	13.913043	13.913043	13.913043	13.913043	13.913043	13.913043	13.913043	13.913043	13.913043	13.913043	13.913043	13.913043	13.913043	13.913043	13.913043	13.913043	13.913043	13.913043	13.913043	13.913043	13.913043	13.913043	13.913043	13.913043	13.913043	13.913043	13.913043	13.913043	13.913043	13.913043	13.913043	13.913043	13.913043	13.913043	13.913043	13.913043	13.913043	13.913043	13.913043	13.913043	13.913043	13.913043	13.913043	13.913043	13.913043	13.913043	13.913043	13.913043	13.913043	13.913043	13.913043	13.913043	13.913043	13.913043	13.913043	13.913043	13.913043	13.913043	13.913043	13.913043	13.913043	13.913043	13.913043	13.913043	13.913043	13.913043	13.913043	13.913043	13.913043	13.913043	13.913043	13.913043	13.913043	13.913043	13.913043	13.913043	13.913043	13.913043	13.913043	13.913043	13.913043	13.913043	13.913043	13.913043	13.913043	13.913043	13.913043	13.913043	13.913043	13.913043	13.913043	13.913043	13.913043	13.913043	13.913043	13.913043	13.913043	13.913043	13.913043	13.913043	13.913043	13.913043	13.913043	13.913043	13.913043	13.913043	13.913043	13.913043	13.913043	13.913043	13.913043	13.913043	13.913043	13.913043	13.913043	13.913043	13.913043	13.913043	13.913043	13.913043	13.913043	13.913043	13.913043	13.913043	13.913043	13.913043	13.913043	13.913043	13.913043	13.913043	13.913043	13.913043	13.913043	13.913043	13.913043	13.913043	13.913043	13.913043	13.913043	13.913043	13.913043	13.913043	13.913043	13.913043	13.913043	13.913043	13.913043	13.913043	13.913043	13.913043	13.913043	13.913043	13.913043	13.913043	13.913043	13.913043	13.913043	13.913043	13.913043	13.913043	13.913043	13.913043	13.913043	13.913043	13.913043	13.913043	13.913043	13.913043	13.913043	13.913043	13.913043	13.913043	13.913043	13.913043	13.913043	13.913043	13.913043	13.913043	13.913043	13.913043	13.913043	13.913043	13.913043	13.913043	13.913043	13.913043	13.913043	13.913043	13.913043	13.913043	13.913043	13.913043	13.913043	13.913043	13.913043	13.913043	13.913043	13.913043	13.913043	13.913043	13.913043	13.913043	13.913043	13.913043	13.913043	13.913043	13.913043	13.913043	13.913043	13.913043	13.913043	13.913043	13.913043	13.913043	13.913043	13.913043	13.913043	13.913043	13.913043	13.913043	13.913043	13.913043	13.913043	13.913043	13.913043	13.913043	13.913043	13.913043	13.913043	13.913043	13.913043	13.913043	13.913043	13.913043	13.913043	13.913043	13.913043	13.913043	13.913043	13.913043	13.913043	13.913043	13.913043	13.913043	13.913043	13.913043	13.913043	13.913043	13.913043	13.913043	13.913043	13.913043	13.913043	13.913043	13.913043	13.913043	13.913043	13.913043	13.913043	13.913043	13.913043	13.913043	13.913043	13.913043	13.913043	13.913043	13.913043	13.913043	13.913043	13.913043	13.913043	13.913043	13.913043	13.913043	13.913043	13.913043	13.913043	13.913043	13.913043	13.913043	13.913043	13.913043	13.913043	13.913043	13.913043	13.913043	13.913043	13.913043	13.913043	13.913043	13.913043	13.913043	13.913043	13.913043	13.913043	13.913043	13.913043	13.913043	13.913043	13.913043	13.913043	13.913043	13.913043	13.913043	13.913043	13.913043	13.913043	13.913043	13.913043	13.913043	13.913043	13.913043	13.913043	13.913043	13.913043	13.913043	13.913043	13.913043	13.913043	13.913043	13.913043	13.913043	13.913043	13.913043	13.913043	13.913043	13.913043	13.913043	13.913043	13.913043	13.913043	13.913043	13.913043	13.913043	13.913043	13.913043	13.913043	13.913043	13.913043	13.913043	13.913043	13.913043	13.913043	13.913043	13.913043	13.913043	13.913043	13.913043	13.913043	13.913043	13.913043	13.913043	13.913043	13.913043	13.913043	13.913043	13.913043	13.913043	13.913043	13.913043	13.913043	13.913043	13.913043	13.913043	13.913043	13.913043	13.913043	13.913043	13.913043	13.913043	13.913043	13.913043	13.913043	13.913043	13.913043	13.913043	13.913043	13.913043	13.913043	13.913043	13.913043	13.913043	13.913043	13.913043	13.913043	13.913043	13.913043	13.913043	13.913043	13.913043	13.913043	13.913043	13.913043	13.913043	13.913043	13.913043	13.913043	13.913043	13.913043	13.913043	13.913043	13.913043	13.913043	13.913043	13.913043	13.913043	13.913043	13.913043	13.913043	13.913043	13.913043	13.913043	13.913043	13.913043	13.913043	13.913043	13.913043	13.913043	13.913043	13.913043	13.913043	13.913043	13.913043	13.913043	13.913043	13.913043	13.913043	13.913043	13.913043	13.913043	13.913043	13.913043	13.913043	13.913043	13.913043	13.913043	13.913043	13.913043	13.913043	13.913043	13.913043	13.913043	13.913043	13.913043	13.913043	13.913043	13.913043	13.913043	13.913043	13.913043	13.913043	13.913043	13.913043	13.913043	13.913043	13.913043	13.913043	13.913043	13.913043	13.913043	13.913043	13.913043	13.913043	13.913043	13.913043	13.913043	13.913043	13.913043	13.913043	13.913043	13.913043	13.913043	13.913043	13.913043	13.913043	13.913043	13.913043	13.913043	13.913043	13.913043	13.913043	13.913043	13.913043	13.913043	13.913043	13.913043	13.913043	13.913043	13.913043	13.913043	13.913043	13.913043	13.913043	13.913043	13.913043	13.913043	13.913043	13.913043	13.913043	13.913043	13.913043	13.913043	13.913043	13.913043	13.913043	13.913043	13.913043	13.913043	13.913043	13.913043	13.913043	13.913043	13.913043	13.913043	13.913043	13.913043	13.913043	13.913043	13.913043	13.913043	13.913043	13.913043	13.913043	13.913043	13.913043	13.913043	13.913043	13.913043	13.913043	13.913043	13.913043	13.913043	13.913043	13.913043	13.913043	13.913043	13.913043	13.913043	13.913043	13.913043	13.913043	13.913043	13.913043	13.913043	13.913043	13.913043	13.913043	13.913043	13.913043	13.913043	13.913043	13.913043	13.913043	13.913043	13.913043	13.913043	13.913043	13.913043	13.913043	13.913043	13.913043	13.913043	13.913043	13.913043	13.913043	13.913043	13.913043	13.913043	13.913043	13.913043	13.913043	13.913043	13.913043	13.913043	13.913043	13.913043	13.913043	13.913043	13.913043	13.913043	13.913043	13.913043	13.913043	13.913043	13.913043	13.913043	13.913043	13.913043	13.913043	13.913043	13.913043	13.913043	13.913043	13.913043	13.913043	13.913043	13.913043	13.913043	13.913043	13.913043	13.913043	13.913043	13.913043	13.913043	13.913043	13.913043	13.913043	13.913043	13.913043	13.913043	13.913043	13.913043	13.913043	13.913043	13.913043	13.913043	13.913043	13.913043	13.913043	13.913043	13.913043	13.913043	13.913043	13.913043	13.913043	13.913043	13.913043	13.913043	13.913043	13.913043	13.913043	13.913043	13.913043	13.913043	13.913043	13.913043	13.913043	13.913043	13.913043	13.913043	13.913043	13.913043	13.913043	13.913043	13.913043	13.913043	13.913043	13.913043	13.913043	13.913043	13.913043	13.913043	13.913043	13.913043	13.913043	13.913043	13.913043	13.913043	13.913043	13.913043	13.913043	13.913043	13.913043	13.913043	13.913043	13.913043	13.913043	13.913043	13.913043	13.913043	13.913043	13.913043	13.913043	13.913043	13.913043	13.913043	13.913043	13.913043	13.913043	13.913043	13.913043	13.913043	13.913043	13.913043	13.913043	13.913043	13.913043	13.913043	13.913043	13.913043	13.913043	13.913043	13.913043	13.913043	13.913043	13.913043	13.913043	13.913043	13.913043	13.913043	13.913043	13.913043	13.913043	13.913043	13.913043	13.913043	13.913043	13.913043	13.913043	13.913043	13.913043	13.913043	13.913043	13.913043	13.913043	13.913043	13.913043	13.913043	13.913043	13.913043	13.913043	13.913043	13.913043	13.913043	13.913043	13.913043	13.913043	13.913043	13.913043	13.913043	13.913043	13.913043	13.913043	13.913043	13.913043	13.913043	13.913043	13.913043	13.913043	13.913043	13.913043	13.913043	13.913043	13.913043	13.913043	13.913043	13.913043	13.913043	13.913043	13.913043	13.913043	13.913043	13.913043	13.913043	13.913043	13.913043	13.913043	13.913043	13.913043	13.913043	13.913043	13.913043	13.913043	13.913043	13.913043	13.913043	13.913043	13.913043	13.913043	13.913043	13.913043	13.913043	13.913043	13.913043	13.913043	13.913043	13.913043	13.913043	13.913043	13.913043	13.913043	13.913043	13.913043	13.913043	13.913043	13.913043	13.913043	13.913043	13.913043	13.913043	13.913043	13.913043	13.913043	13.913043	13.913043	13.913043	13.913043	13.913043	13.913043	13.913043	13.913043	13.913043	13.913043	13.913043	13.913043	13.913043	13.913043	13.913043	13.913043	13.913043	13.913043	13.913043	13.913043	13.913043	13.913043	13.913043	13.913043	13.913043	13.913043	13.913043	13.913043	13.913043	13.913043	13.913043	13.913043	13.913043	13.913043	13.913043	13.913043	13.913043	13.913043	13.913043	13.913043	13.913043	13.913043	13.913043	13.913043	13.913043	13.913043	13.913043	13.913043	13.913043	13.913043	13.913043	13.913043	13.913043	13.913043	13.913043	13.913043	13.913043
%%%	Pulse Index	Stimulus Section Index	Stimulus Section Start Index	Stimulus Section End Index	Pupil Stimulated: 0 = Right, 1 = Left, 2 = Both	Light Metric: 0 = Photopic, 1 = Scopotic, 2 = Radiometric	Stimulus Start Time	Stimulus Duration	Stimulus Pulse Duration	Right Pulse Max Level	Right Pulse Max Color (0123 = WRGB)	Right Pulse Min Level	Right Pulse Min Color (0123 = WRGB)	Left Pulse Max Level	Left Pulse Max Color (0123 = WRGB)	Left Pulse Min Level	Left Pulse Min Color (0123 = WRGB)	Right Data Input Type (0 == RAW DATA, 1 == FITTED DATA, 2 == M. OVERRIDED)	Right ANALYSIS STATE (0 == ABNORMAL, 1 == NORMAL)	Right MAX (mm) (EMPTY if INVALID)	Right MIN (mm) (EMPTY if INVALID)	Right DELTA (mm) (EMPTY if INVALID)	Right CH (%) (EMPTY if INVALID)	Right LAT (sec) (EMPTY if INVALID)	Right CV (mm/s) (EMPTY if INVALID)	Right MCV (mm/s) (EMPTY if INVALID)	Right DV (mm/s) (EMPTY if INVALID)	Left Data Input Type (0 == RAW DATA, 1 == FITTED DATA, 2 == M. OVERRIDED)	Left ANALYSIS STATE (0 == ABNORMAL, 1 == NORMAL)	Left MAX (mm) (EMPTY if INVALID)	Left MIN (mm) (EMPTY if INVALID)	Left DELTA (mm) (EMPTY if INVALID)	Left CH (%) (EMPTY if INVALID)	Left LAT (sec) (EMPTY if INVALID)	Left CV (mm/s) (EMPTY if INVALID)	Left MCV (mm/s) (EMPTY if INVALID)	Left DV (mm/s) (EMPTY if INVALID)
%%%	0	0	17	902	0	0	0.51	29.52	0.51	100.06	3	0.00	3	0.00	3	0.00	3	0	0	0.00	0.00			0.00	0.00	0.00	0.00	0	0	0.00	0.00			0.00	0.00	0.00	0.00
%%%%%%%%%
%%%%%%%%%
%%%%%%%%%
<\SESSION>
