<SESSION>
<VERSION>
2
<\VERSION>
<DATE>
2017-10-31 12:05:23
<\DATE>
<SUBJECT-ID>
C57BL6-28.09.17-DA-1mois-M2-0.6b
<\SUBJECT-ID>
<NOTE>

<\NOTE>
<MIN-MAX-PLOT>
0.100000 51880.761719
<\MIN-MAX-PLOT>
<STIMULUS-DEFINED>
Default
Default Human Relative Spectral Sensitivity
1	0
1	0.500000	0.500000	29.000000	3	3	0.600000	-100.000000	0.100000	-100.000000	0
<\STIMULUS-DEFINED>
<STIMULUS-GENERATED>
4
0	0	0.000000	3	0.000000	0.000000	3	0.000000	0.000000
0	1	0.511000	3	0.075823	4.006067	3	0.000000	0.000000
0	4	1.020000	3	0.000000	0.000000	3	0.000000	0.000000
-1	5	30.028999	0	0.000000	0.000000	0	0.000000	0.000000
<\STIMULUS-GENERATED>
<RIGHT-PUPIL-DATA>
903	1
1	-0.065000	1.281594	389.006256	305.993744
1	-0.034000	1.243478	388.250000	306.250000
1	-0.003000	1.270145	388.750000	305.875000
1	0.029000	1.273333	388.062500	306.187500
1	0.060000	1.269420	387.881256	306.006256
1	0.107000	1.266667	388.000000	306.750000
1	0.138000	1.276667	388.281250	305.906250
1	0.169000	1.281594	388.606232	305.243744
0	0.200000	1.020290	391.500000	301.500000
1	0.231000	1.182609	392.000000	306.000000
1	0.263000	1.321739	389.000000	305.000000
1	0.294000	1.267971	387.781250	305.906250
1	0.341000	1.268986	386.799988	306.750000
1	0.372000	1.182609	388.000000	306.000000
1	0.403000	1.309275	388.687500	305.687500
1	0.434000	1.304493	388.618744	305.256256
1	0.465000	1.275362	388.500000	304.500000
1	0.497000	1.286957	389.000000	305.000000
1	0.528000	1.327536	387.500000	305.500000
1	0.575000	1.305507	387.774994	305.225006
1	0.606000	1.304493	387.743744	306.243744
1	0.637000	1.268406	388.649994	306.100006
1	0.668000	1.305362	388.243744	305.243744
1	0.699000	1.292899	388.781250	305.468750
1	0.731000	1.281594	388.993744	305.056244
1	0.762000	1.265362	388.181244	305.756256
1	0.793000	1.229855	388.687500	306.812500
1	0.840000	1.194058	388.406250	306.218750
1	0.871000	1.100580	388.812500	305.187500
1	0.902000	1.087536	390.062500	304.937500
1	0.933000	1.042754	389.618530	305.518616
0	0.965000	0.920725	390.243744	303.243744
1	0.996000	0.986377	390.000000	305.062500
1	1.027000	0.968985	389.562500	305.924988
0	1.074000	0.852899	389.768738	304.768738
1	1.105000	0.939130	389.000000	305.000000
1	1.136000	0.883188	389.312500	305.562500
1	1.167000	0.834783	390.000000	306.000000
1	1.199000	0.828986	390.000000	305.000000
1	1.230000	0.806667	389.787506	304.962494
1	1.261000	0.823188	389.250000	304.750000
1	1.308000	0.828986	388.500000	305.500000
1	1.339000	0.788116	390.162506	305.087494
0	1.370000	0.811594	392.000000	306.000000
1	1.401000	0.783768	390.600006	305.225006
1	1.433000	0.811594	392.000000	306.000000
1	1.464000	0.765217	391.000000	305.000000
1	1.495000	0.762464	390.518738	305.168762
1	1.526000	0.792464	390.024994	306.024994
1	1.573000	0.751015	389.537506	305.537506
1	1.604000	0.777681	390.125000	305.812500
1	1.635000	0.788406	390.500000	306.500000
1	1.667000	0.813333	390.062500	305.825012
1	1.698000	0.787536	390.812500	305.062500
1	1.729000	0.794058	391.093750	305.031250
1	1.760000	0.820580	390.787506	305.212494
0	1.807000	0.718841	392.000000	302.000000
1	1.838000	0.809855	390.225006	305.600006
1	1.869000	0.766377	389.475006	305.225006
0	1.901000	0.718841	392.000000	302.000000
1	1.932000	0.813623	390.687500	305.687500
1	1.963000	0.811594	389.750000	305.250000
0	1.994000	0.718841	392.000000	302.000000
1	2.041000	0.821159	390.387482	305.187531
1	2.072000	0.823333	389.593750	305.656250
1	2.103000	0.843478	389.250000	306.500000
0	2.135000	0.765217	391.500000	305.500000
1	2.166000	0.807536	390.350006	305.637482
1	2.197000	0.815942	390.737488	305.262512
1	2.228000	0.805942	391.343750	304.843750
1	2.259000	0.828841	390.093750	304.906250
1	2.306000	0.815362	391.662506	304.712494
1	2.337000	0.825507	389.625000	305.000000
1	2.369000	0.850580	390.343750	305.781250
1	2.400000	0.852754	390.875000	305.125000
1	2.431000	0.814203	392.712494	304.274994
1	2.462000	0.814058	390.306244	304.306244
1	2.493000	0.857102	391.062500	304.187500
1	2.540000	0.848841	391.193756	304.606232
1	2.571000	0.820725	391.193756	304.306244
0	2.603000	0.801015	391.456268	305.006256
1	2.634000	0.788406	391.500000	304.500000
1	2.665000	0.814203	391.712494	304.712494
1	2.696000	0.822464	390.581360	304.218689
1	2.727000	0.814058	392.693756	304.306244
1	2.774000	0.828986	391.500000	304.500000
1	2.805000	0.863768	390.500000	305.500000
1	2.837000	0.822899	389.912506	305.787506
1	2.868000	0.869565	389.000000	306.000000
1	2.899000	0.825072	390.618744	304.918732
1	2.930000	0.796667	392.481232	304.943756
1	2.961000	0.805942	391.343750	304.781250
1	2.993000	0.871884	390.149994	305.850006
1	3.039000	0.885942	389.306244	305.731232
1	3.071000	0.811594	389.500000	306.500000
1	3.102000	0.839855	390.481262	305.418762
1	3.133000	0.840145	391.318756	305.318756
1	3.164000	0.842319	389.975006	305.475006
1	3.195000	0.834783	392.000000	306.000000
0	3.227000	0.814058	391.693756	305.306244
1	3.273000	0.811594	391.250000	305.250000
1	3.305000	0.800145	392.043732	304.868744
1	3.336000	0.814058	391.256256	304.693756
1	3.367000	0.823188	391.000000	305.000000
1	3.398000	0.856377	391.306244	304.818756
1	3.429000	0.839275	391.806244	304.556244
0	3.461000	0.761449	392.499969	304.399994
1	3.492000	0.857681	391.162506	304.912506
1	3.539000	0.886377	389.687500	305.250000
1	3.570000	0.881594	390.318756	305.631256
1	3.601000	0.820579	390.812561	305.212463
1	3.632000	0.847101	390.456238	305.581238
1	3.663000	0.866232	390.943756	305.306244
1	3.695000	0.837971	391.337585	304.487549
1	3.726000	0.859710	392.274994	304.774994
1	3.773000	0.857102	390.187500	304.312500
1	3.804000	0.862319	390.799988	305.000000
1	3.835000	0.881449	389.287506	305.287506
1	3.866000	0.821159	391.875000	305.062500
1	3.897000	0.839855	391.581238	304.418762
1	3.929000	0.817391	390.500000	305.000000
1	3.960000	0.874638	390.143738	306.143738
1	4.007000	0.850725	391.125000	306.000000
1	4.038000	0.857971	391.000000	307.000000
1	4.069000	0.848985	391.212494	306.600006
1	4.100000	0.857102	390.562500	306.187500
1	4.131000	0.910145	389.674988	306.250000
1	4.163000	0.870145	390.875000	306.250000
1	4.194000	0.814058	391.693756	305.731232
1	4.225000	0.857971	391.000000	307.000000
1	4.272000	0.869565	390.000000	306.000000
1	4.303000	0.834203	390.987488	306.000000
1	4.334000	0.840725	389.531250	306.531250
1	4.365000	0.834783	390.000000	306.000000
1	4.397000	0.869565	389.250000	306.250000
1	4.428000	0.874638	390.143738	305.918762
0	4.459000	0.779420	392.212494	305.912506
1	4.506000	0.866377	389.962494	305.787506
1	4.537000	0.814058	390.693756	305.731232
1	4.568000	0.870290	389.518738	306.518738
1	4.599000	0.846377	389.000000	307.000000
1	4.631000	0.847246	389.562500	306.237488
1	4.662000	0.855797	389.206238	307.343750
1	4.693000	0.798406	388.968750	305.968750
1	4.740000	0.834783	389.500000	307.500000
1	4.771000	0.852174	389.125000	306.875000
1	4.802000	0.839275	390.556244	307.443756
1	4.833000	0.855362	389.350006	306.712494
1	4.865000	0.838984	390.569092	306.906189
1	4.896000	0.836377	390.406250	307.406250
1	4.927000	0.848841	391.393829	306.193756
1	4.958000	0.847246	391.237488	307.512512
1	5.005000	0.840145	390.506256	307.506256
1	5.036000	0.846377	391.000000	308.000000
1	5.067000	0.829855	391.500000	307.500000
1	5.099000	0.846377	390.625000	307.625000
1	5.130000	0.815362	390.262482	306.287506
1	5.161000	0.839275	391.556244	307.318756
1	5.192000	0.856377	390.293762	306.718750
1	5.239000	0.848406	391.187500	306.562500
1	5.270000	0.804928	391.812500	306.687500
1	5.301000	0.831015	391.437500	306.562500
1	5.333000	0.826087	391.000000	307.250000
1	5.364000	0.835362	390.500000	307.000000
1	5.395000	0.796232	390.937500	306.875000
1	5.426000	0.786812	392.068756	305.931244
1	5.457000	0.864203	391.243744	306.756256
1	5.504000	0.820580	391.712494	305.787506
1	5.535000	0.829855	392.112488	306.500000
1	5.567000	0.801159	392.024994	306.412506
1	5.598000	0.834783	391.500000	305.500000
1	5.629000	0.857681	391.087494	305.912506
1	5.660000	0.839710	391.312500	306.062500
1	5.691000	0.834783	392.000000	304.000000
1	5.738000	0.828841	392.718750	305.531250
1	5.769000	0.833768	392.431244	305.381256
1	5.801000	0.827102	392.956177	304.068848
1	5.832000	0.811594	393.000000	305.000000
1	5.863000	0.834928	391.381256	304.993744
1	5.894000	0.800580	393.500000	304.875000
1	5.925000	0.851015	391.837494	304.162506
1	5.972000	0.842898	392.125000	303.875000
1	6.003000	0.863768	392.187500	305.062500
0	6.035000	0.811594	393.000000	303.000000
0	6.066000	0.815362	392.712494	304.337494
1	6.097000	0.833768	392.568756	304.618744
1	6.128000	0.741304	393.806244	304.681244
1	6.159000	0.852174	391.187500	304.812500
1	6.191000	0.857971	392.500000	304.500000
1	6.237000	0.875507	392.156250	304.843750
1	6.269000	0.838116	393.006256	304.606232
1	6.300000	0.860870	392.000000	303.750000
0	6.331000	0.800725	392.518738	304.518738
1	6.362000	0.848261	391.143738	304.556274
1	6.393000	0.849420	391.206238	304.768738
1	6.425000	0.883188	391.687500	305.000000
1	6.471000	0.832029	393.468750	303.968750
0	6.503000	0.814058	392.693756	303.693756
1	6.534000	0.870290	392.231262	304.068726
1	6.565000	0.840290	392.662506	304.675018
1	6.596000	0.834783	392.000000	304.000000
1	6.627000	0.817246	392.256256	305.693756
1	6.659000	0.859275	391.206238	305.168762
1	6.705000	0.835942	392.524994	305.537506
1	6.737000	0.826087	391.937500	305.062500
1	6.768000	0.885362	392.331238	303.718750
1	6.799000	0.852028	392.156403	303.793854
1	6.830000	0.854928	391.706238	304.318848
1	6.861000	0.852174	392.000000	304.500000
1	6.893000	0.814058	392.693756	304.693756
1	6.924000	0.834783	391.500000	304.500000
1	6.971000	0.811884	392.712494	304.812469
1	7.002000	0.796812	393.574982	303.962494
1	7.033000	0.795072	392.687500	304.812500
1	7.064000	0.822319	392.562500	303.937500
1	7.095000	0.840145	393.293732	304.493744
1	7.127000	0.849420	391.218750	305.418762
1	7.158000	0.816377	392.306244	304.743744
1	7.205000	0.847681	391.856232	304.443756
1	7.236000	0.866377	391.212616	304.712494
0	7.267000	0.813623	392.737488	303.312500
1	7.298000	0.860145	392.793762	303.606262
1	7.329000	0.881594	392.318756	302.943756
1	7.361000	0.866377	393.962494	303.037506
1	7.392000	0.850580	392.168762	303.831238
1	7.423000	0.814058	393.693756	304.306244
1	7.470000	0.874928	391.818756	304.068756
1	7.501000	0.809855	392.774994	303.050018
1	7.532000	0.847681	393.193756	303.556244
1	7.563000	0.835362	393.562500	303.500000
1	7.595000	0.881159	393.250000	303.750000
1	7.626000	0.857971	392.500000	303.500000
0	7.657000	0.831594	393.537506	304.462494
1	7.704000	0.860290	392.625000	304.937500
1	7.735000	0.918985	392.268738	303.731262
1	7.766000	0.892898	391.893738	303.893738
0	7.797000	0.800580	393.000000	303.000000
1	7.829000	0.870580	393.256256	303.256256
1	7.860000	0.885507	392.737488	303.262512
1	7.891000	0.857971	393.500000	303.500000
1	7.938000	0.862753	393.206238	303.781250
0	7.969000	0.834783	391.500000	303.500000
0	8.000000	0.858116	391.843750	304.156250
1	8.031000	0.836377	393.593750	303.468750
1	8.063000	0.870290	392.231262	303.068726
1	8.094000	0.866232	393.943756	302.806244
1	8.125000	0.881159	392.949982	303.374969
1	8.156000	0.869565	393.000000	303.000000
1	8.203000	0.835362	393.000000	304.000000
0	8.234000	0.857971	392.500000	304.500000
1	8.265000	0.866377	392.962494	304.787506
1	8.297000	0.874493	393.312500	304.137512
1	8.328000	0.901015	392.493744	304.506256
1	8.359000	0.866377	393.574982	304.037506
1	8.390000	0.898841	392.537506	304.462494
1	8.437000	0.848985	393.462494	304.212494
1	8.468000	0.885942	392.693695	304.993744
1	8.499000	0.859855	393.243744	305.306244
1	8.531000	0.886957	391.500000	305.000000
1	8.562000	0.870145	393.499939	305.125000
1	8.593000	0.919855	391.806244	304.681244
1	8.624000	0.874638	393.081238	305.143738
1	8.671000	0.876232	393.087494	303.912506
1	8.702000	0.901449	392.500000	304.500000
1	8.733000	0.866377	392.212524	305.137512
0	8.765000	0.841014	393.531250	304.468750
1	8.796000	0.857102	393.062500	304.187500
1	8.827000	0.881160	393.649994	303.275055
1	8.858000	0.874203	393.100006	302.850006
1	8.889000	0.863768	394.250000	303.962524
1	8.936000	0.894058	393.906250	303.156250
1	8.967000	0.866667	393.000000	303.250000
1	8.999000	0.875217	393.281219	303.343719
1	9.030000	0.919275	392.631256	303.793732
1	9.061000	0.865797	394.937500	302.812500
1	9.092000	0.783768	396.274994	303.149994
1	9.123000	0.866812	394.968750	303.031250
1	9.170000	0.874203	394.899994	302.850006
1	9.201000	0.836667	394.968750	302.956116
1	9.233000	0.866232	393.943756	302.806244
1	9.264000	0.898985	392.806244	303.556244
1	9.295000	0.901449	393.450012	304.187500
1	9.326000	0.912319	392.706238	303.293762
1	9.357000	0.887681	393.943726	303.018738
0	9.404000	0.831594	394.537506	302.537506
1	9.435000	0.886667	393.312500	303.312500
1	9.467000	0.875507	394.093750	303.906250
1	9.498000	0.882609	393.250000	303.875000
1	9.529000	0.848985	393.212494	302.774994
1	9.560000	0.876667	394.093719	304.056244
1	9.591000	0.892754	394.000000	303.000000
1	9.623000	0.835507	394.981262	303.018738
1	9.669000	0.884201	393.330902	303.018402
1	9.701000	0.927681	393.406250	303.468750
1	9.732000	0.917971	393.562500	303.562500
1	9.763000	0.912029	393.381256	304.618744
1	9.794000	0.846232	394.218750	303.781250
1	9.825000	0.909275	392.375000	304.312500
1	9.857000	0.852029	394.368744	304.118744
1	9.903000	0.888551	393.281250	304.281250
1	9.935000	0.883623	393.693756	304.006256
0	9.966000	0.849420	393.781250	303.843750
1	9.997000	0.912029	391.756256	304.368744
1	10.028000	0.857536	393.318756	304.681244
1	10.059000	0.904348	391.750000	304.750000
1	10.091000	0.927681	391.706238	305.156250
1	10.137000	0.885362	393.268738	304.968750
1	10.169000	0.869565	394.000000	305.000000
0	10.200000	0.818406	392.806244	304.743744
1	10.231000	0.886957	392.500000	306.000000
1	10.262000	0.896812	391.975006	306.100006
1	10.293000	0.912029	390.631256	306.256256
1	10.325000	0.884928	392.012543	306.287506
1	10.356000	0.938116	391.131256	305.993744
1	10.403000	0.904348	392.000000	306.000000
0	10.434000	0.857536	392.318756	305.931244
1	10.465000	0.866377	393.212494	305.787506
1	10.496000	0.886377	392.012512	306.000000
1	10.527000	0.921594	391.243744	306.243744
1	10.559000	0.918406	391.443756	306.568756
0	10.590000	0.849420	392.218750	305.218750
1	10.637000	0.904348	392.000000	306.000000
1	10.668000	0.848841	394.193756	306.193756
1	10.699000	0.834783	394.000000	306.000000
1	10.730000	0.866377	392.537506	306.787506
1	10.761000	0.892754	392.250000	305.750000
1	10.793000	0.870580	392.256256	307.243744
1	10.824000	0.870580	391.131256	306.493744
1	10.855000	0.921594	390.631256	307.243744
1	10.902000	0.903333	390.506256	306.243744
0	10.933000	0.863623	393.218750	305.593750
1	10.964000	0.916232	392.337494	306.350006
1	10.995000	0.892754	392.000000	306.000000
1	11.027000	0.903333	392.006256	306.493744
1	11.058000	0.912029	391.368744	306.368744
1	11.089000	0.895942	391.312805	306.437500
1	11.136000	0.926667	390.687500	307.437500
0	11.167000	0.815942	391.737488	306.312500
0	11.198000	0.839275	392.318756	305.443756
1	11.229000	0.898985	392.118744	306.431244
1	11.261000	0.860870	393.250000	305.750000
0	11.292000	0.896232	391.812500	306.125000
1	11.323000	0.875507	391.093750	306.156250
1	11.354000	0.925072	390.568756	307.181244
1	11.401000	0.869565	392.000000	306.000000
1	11.432000	0.814203	392.712494	305.712494
0	11.463000	0.794493	393.912506	306.587494
1	11.495000	0.825072	392.743744	305.556244
0	11.526000	0.823188	392.000000	305.000000
1	11.557000	0.918406	391.756256	305.568756
1	11.588000	0.900580	390.812500	305.937500
1	11.635000	0.883623	390.693756	305.993744
1	11.666000	0.884203	391.218750	306.281250
1	11.697000	0.902754	391.531250	305.531250
1	11.729000	0.834783	392.000000	306.000000
1	11.760000	0.859710	390.774994	306.287506
1	11.791000	0.881159	392.000000	306.000000
1	11.822000	0.903768	390.549988	306.149963
1	11.869000	0.903188	390.574982	307.024933
1	11.900000	0.852754	391.312500	306.875000
0	11.931000	0.866812	391.531250	306.968750
1	11.963000	0.857102	391.687500	306.812500
1	11.994000	0.888116	390.774994	306.350006
1	12.025000	0.911737	390.581696	306.343597
1	12.056000	0.937536	390.968750	307.031250
1	12.087000	0.930435	390.500000	307.500000
1	12.134000	0.918985	390.218750	306.593750
1	12.165000	0.916232	391.237518	307.587494
0	12.197000	0.831884	391.950012	306.487488
1	12.228000	0.915506	390.719055	306.631104
1	12.259000	0.927536	390.000000	306.000000
0	12.290000	0.860870	391.750000	305.000000
1	12.321000	0.872754	391.850098	306.149902
1	12.368000	0.825072	391.556244	305.168732
1	12.399000	0.892464	390.412506	306.600006
0	12.431000	0.800580	392.000000	306.500000
1	12.462000	0.901449	390.549988	306.049988
1	12.493000	0.884928	390.362579	306.237518
1	12.524000	0.880870	391.312500	306.700012
1	12.555000	0.886377	390.312500	306.250000
1	12.602000	0.925507	390.812500	306.687500
1	12.633000	0.912319	390.293762	306.606262
1	12.665000	0.875942	391.100006	307.399994
1	12.696000	0.882029	389.312500	307.312500
1	12.727000	0.915942	391.000000	308.000000
1	12.758000	0.925652	391.456238	307.456238
1	12.789000	0.931015	390.375000	307.312500
1	12.821000	0.920725	392.243744	307.243744
1	12.867000	0.931159	391.106262	305.668762
1	12.899000	0.912319	391.293762	306.606262
0	12.930000	0.846232	392.093750	306.656250
1	12.961000	0.939130	391.000000	307.000000
1	12.992000	0.915942	390.250000	306.750000
1	13.023000	0.910145	391.000000	306.000000
0	13.055000	0.347826	424.543610	311.331207
1	13.101000	0.927536	390.987488	306.437500
1	13.133000	0.917971	392.237488	305.625000
1	13.164000	0.904348	392.000000	306.000000
1	13.195000	0.916377	391.318756	306.131256
1	13.226000	0.884203	391.718750	306.281250
1	13.257000	0.885362	392.031250	305.968750
1	13.289000	0.904348	392.000000	306.000000
0	13.335000	0.880435	393.312500	305.000000
1	13.367000	0.915942	393.000000	306.000000
1	13.398000	0.911449	393.343750	306.656250
1	13.429000	0.928841	391.531250	306.906250
1	13.460000	0.927681	391.656250	307.406250
1	13.491000	0.886667	391.687500	307.312500
1	13.523000	0.927681	390.468750	307.781250
1	13.554000	0.951015	391.725006	306.837494
0	13.601000	0.875942	393.100006	306.150055
1	13.632000	0.884203	393.718750	306.281250
1	13.663000	0.915942	392.125000	305.875000
1	13.694000	0.922319	391.500000	306.625000
0	13.725000	0.800580	391.000000	305.000000
1	13.757000	0.917536	390.618744	306.806244
1	13.788000	0.937971	391.774994	306.475006
1	13.835000	0.929275	392.462494	306.137482
1	13.866000	0.916812	393.562500	306.062500
1	13.897000	0.929275	392.949982	305.475006
1	13.928000	0.927536	392.500000	305.500000
0	13.959000	0.869565	394.000000	305.000000
1	13.991000	0.910145	393.250000	305.674988
1	14.022000	0.921159	392.750000	305.750000
1	14.069000	0.916666	392.568848	305.581299
1	14.100000	0.916232	392.662506	305.712494
0	14.131000	0.835507	395.018738	304.981262
1	14.162000	0.888261	394.343719	305.043732
1	14.193000	0.934203	393.062500	305.375000
1	14.225000	0.835797	395.006256	305.443756
1	14.256000	0.957102	391.687500	306.875000
1	14.287000	0.874637	393.131409	306.868591
1	14.334000	0.949855	391.887512	305.799988
1	14.365000	0.915942	393.000000	305.000000
0	14.396000	0.848841	393.193756	304.806244
1	14.427000	0.920145	393.218750	304.781250
1	14.459000	0.924928	393.600006	305.475006
1	14.490000	0.927246	391.462494	305.462494
0	14.521000	0.846377	393.125000	304.625000
1	14.568000	0.924493	392.343750	306.093750
1	14.599000	0.903768	393.750000	305.549988
0	14.630000	0.857102	394.187500	304.687500
1	14.661000	0.912319	391.668823	304.393738
0	14.693000	0.871159	394.906250	304.156250
0	14.724000	0.853623	393.875000	304.250000
0	14.755000	0.866812	392.968750	305.031250
1	14.802000	0.931449	391.493744	305.256256
1	14.833000	0.942029	392.750000	305.750000
1	14.864000	0.921159	393.250000	304.750000
1	14.895000	0.901449	392.750000	303.549988
1	14.927000	0.972899	392.993744	304.881256
1	14.958000	0.904493	394.043732	304.256256
1	14.989000	0.970725	391.787537	305.912476
1	15.020000	0.937971	393.024994	306.024994
0	15.067000	0.886957	393.500000	304.500000
1	15.098000	0.985362	392.956238	305.718750
1	15.129000	0.839855	395.468750	304.418762
0	15.161000	0.937101	393.512543	305.037323
1	15.192000	0.955507	393.506256	304.256256
1	15.223000	1.025072	392.756256	304.756256
1	15.254000	0.987536	392.312561	304.950012
1	15.285000	0.997101	393.000000	305.000000
1	15.332000	0.997101	391.000000	305.000000
0	15.363000	0.922899	394.225037	304.475037
1	15.395000	1.024928	392.262482	305.774994
1	15.426000	1.043333	391.993744	306.006256
0	15.457000	0.892754	395.000000	304.000000
0	15.488000	0.920145	394.218750	305.781250
1	15.519000	1.002754	392.218750	306.481262
1	15.566000	1.004058	391.750000	305.500000
0	15.597000	0.858116	393.343750	305.093750
1	15.629000	1.008696	392.000000	306.000000
1	15.660000	1.018551	392.149994	305.337494
1	15.691000	0.996812	392.100006	304.850006
0	15.722000	0.894493	393.850006	304.149994
1	15.753000	1.040145	392.256256	305.606232
1	15.800000	0.884203	394.018738	305.968750
1	15.831000	0.999420	392.125000	306.437500
0	15.863000	0.883623	393.693756	305.306244
1	15.894000	0.956522	393.125000	304.625000
1	15.925000	0.990290	392.756256	304.756256
0	15.956000	0.904348	392.000000	302.000000
1	15.987000	0.895072	393.875000	304.125000
1	16.019000	0.967536	393.087494	304.962494
1	16.065000	0.929420	393.118744	305.618744
1	16.097000	0.881159	392.250000	305.250000
1	16.128000	0.922319	392.625000	305.625000
1	16.159000	0.954928	392.718750	305.281250
1	16.190000	0.973913	394.000000	304.000000
1	16.222000	0.955362	393.725006	304.725006
1	16.253000	0.922464	394.368744	305.256256
1	16.300000	0.934783	393.281250	304.531250
1	16.331000	0.970580	392.868744	305.118744
0	16.362000	0.907681	394.431244	305.568756
1	16.393000	0.892754	393.000000	305.000000
1	16.424000	0.976232	393.012482	304.825043
1	16.456000	0.928841	393.531250	304.593750
1	16.487000	0.959710	394.037506	305.037506
1	16.534000	0.970290	393.843750	304.956238
1	16.565000	0.922754	393.693756	304.493744
1	16.596000	0.956087	393.143738	304.706238
1	16.627000	0.925507	392.687531	305.812531
1	16.658000	0.944783	392.531555	305.230896
1	16.690000	0.951594	392.674988	304.812500
1	16.721000	0.981594	393.368744	304.631256
1	16.752000	0.969710	393.068756	304.443756
1	16.799000	0.864058	396.199982	304.962494
1	16.830000	0.947246	392.875000	304.875000
0	16.861000	0.813623	395.687500	304.312500
0	16.892000	0.903333	393.493744	305.493744
0	16.924000	0.870290	393.043762	304.518738
1	16.955000	0.859275	394.793762	304.706238
1	16.986000	0.954928	393.156250	305.281250
1	17.033000	0.849420	396.218750	304.218750
1	17.064000	0.903188	393.975006	304.574982
1	17.095000	0.937536	393.468750	305.031250
1	17.126000	0.894638	394.868744	305.131256
0	17.158000	0.804928	395.812500	305.437500
1	17.189000	0.918406	393.693756	306.631256
0	17.220000	0.816812	396.250000	305.250000
1	17.267000	0.952174	393.281250	306.656250
1	17.298000	0.930580	393.468994	306.481201
0	17.329000	0.869565	395.125000	305.875000
1	17.360000	0.929275	394.399994	305.600006
0	17.392000	0.866377	394.962494	305.962494
1	17.423000	0.967101	392.881226	306.443726
1	17.454000	0.935797	392.431244	306.006256
0	17.485000	0.927536	393.649963	306.549988
0	17.532000	0.848841	395.193756	306.193756
1	17.563000	0.836377	395.531250	305.593750
1	17.594000	0.885942	395.293732	305.006256
1	17.626000	0.820145	396.781250	305.218750
1	17.657000	0.951015	393.212494	305.787506
1	17.688000	0.941159	392.287506	305.462494
1	17.719000	0.968551	393.556244	305.931244
1	17.766000	0.988551	392.968750	306.281250
1	17.797000	0.857102	395.312500	305.687500
1	17.828000	0.985507	393.000000	306.000000
0	17.860000	0.883768	395.024994	304.762482
0	17.891000	0.886667	394.437500	304.687500
1	17.922000	0.886812	394.993744	305.743744
1	17.953000	0.852174	396.500000	305.000000
1	18.000000	0.977536	393.956238	306.206238
1	18.031000	0.981449	392.850006	306.637482
1	18.062000	0.975362	393.375000	306.000000
0	18.094000	0.816232	397.225006	305.225006
0	18.125000	0.904348	395.375000	304.875000
1	18.156000	1.002754	392.956238	305.793762
1	18.187000	1.008841	393.493744	305.443756
1	18.218000	0.990725	393.799988	305.750000
0	18.265000	0.883623	395.006256	305.693756
1	18.296000	0.929275	393.412506	306.100006
1	18.328000	0.937536	393.468750	306.531250
1	18.359000	0.950725	393.250000	306.750000
0	18.390000	0.892464	394.087494	304.587494
1	18.421000	0.846377	396.000000	306.000000
0	18.452000	0.828551	395.106293	304.518707
1	18.499000	0.929855	394.437500	304.875000
0	18.530000	0.896812	393.575012	304.200012
1	18.562000	0.939130	394.000000	305.000000
1	18.593000	0.883623	394.256256	306.306244
0	18.624000	0.973913	395.250000	304.750000
1	18.655000	0.938116	392.993744	306.506256
1	18.686000	0.918985	393.218750	305.593750
0	18.733000	0.863768	394.612488	306.000000
1	18.764000	0.833768	395.493744	306.381256
0	18.796000	0.868985	394.937500	306.750000
1	18.827000	0.950580	392.218750	307.156250
1	18.858000	0.931015	392.637512	307.500000
1	18.889000	0.783188	396.250000	306.250000
1	18.920000	0.959275	393.031250	306.656250
0	18.952000	0.848406	395.187500	305.187500
1	18.998000	0.886957	392.500000	305.500000
1	19.030000	0.840580	395.500000	305.000000
1	19.061000	0.931449	393.381256	306.381256
1	19.092000	0.937536	392.031250	306.968750
1	19.123000	0.921014	392.268738	307.218750
1	19.154000	0.931449	392.381256	307.493744
1	19.186000	0.923333	393.531250	306.468750
1	19.232000	0.871159	393.906250	306.518738
1	19.264000	0.964058	392.600006	305.975006
1	19.295000	0.933188	394.031250	306.343750
0	19.326000	0.809855	396.050018	306.774994
1	19.357000	0.932174	392.899963	306.375000
1	19.388000	0.927536	392.250000	306.750000
1	19.420000	0.930435	394.250000	307.500000
0	19.451000	0.849420	395.218750	306.218750
1	19.498000	0.968551	392.556244	306.556244
1	19.529000	0.912899	393.631256	306.368744
1	19.560000	0.884203	394.718750	306.281250
1	19.591000	0.913623	393.862488	306.625000
1	19.622000	0.903333	393.493744	307.156281
1	19.654000	0.931159	391.906372	307.418884
1	19.685000	0.881159	393.125000	308.125000
1	19.732000	0.938116	393.006256	308.006256
1	19.763000	0.904493	392.993744	307.193756
1	19.794000	0.926667	393.562500	306.562500
1	19.825000	0.952029	392.681244	306.568756
1	19.856000	0.930435	393.500000	306.500000
1	19.888000	0.892754	393.000000	307.000000
1	19.919000	0.967971	392.518738	306.956238
0	19.950000	0.814638	394.718750	305.281250
1	19.997000	0.914203	394.287506	305.662506
1	20.028000	0.976812	393.000000	307.000000
1	20.059000	0.817971	396.750000	305.250000
1	20.090000	0.837971	396.024994	304.649994
1	20.122000	0.876232	395.399994	304.912506
1	20.153000	0.831449	394.806244	305.443756
1	20.184000	0.927536	396.000000	306.000000
1	20.231000	0.958116	393.718750	306.093750
0	20.262000	0.828986	395.500000	305.500000
1	20.293000	0.921159	394.250000	305.437500
1	20.324000	0.912464	394.375061	305.674744
1	20.356000	0.815942	396.687500	305.262512
1	20.387000	0.951159	394.181244	305.181244
1	20.418000	0.968985	393.112488	306.062500
1	20.465000	0.935797	393.318756	306.481232
1	20.496000	0.925072	394.181244	306.506256
1	20.527000	0.932029	394.531250	306.406250
1	20.558000	0.866812	395.968750	305.031250
1	20.590000	0.825072	396.618744	304.381256
1	20.621000	0.892754	395.575012	304.562500
1	20.652000	0.982609	394.000000	305.750000
1	20.683000	0.955362	393.262482	305.725006
1	20.730000	0.915797	393.656250	305.718750
1	20.761000	0.820580	395.787506	306.212494
1	20.792000	0.918406	393.568756	305.431244
1	20.824000	0.959275	393.343750	305.031250
1	20.855000	0.886957	394.500000	305.000000
1	20.886000	0.922319	393.500000	304.500000
0	20.917000	0.866812	394.968750	304.781250
1	20.964000	0.869565	395.000000	304.000000
1	20.995000	0.857971	394.350037	306.362488
1	21.026000	0.811449	395.893768	304.993744
1	21.058000	0.895072	393.875000	305.125000
1	21.089000	0.828986	396.000000	305.500000
1	21.120000	0.870725	395.975006	305.850006
1	21.151000	0.880580	394.337494	306.037506
1	21.198000	0.798841	396.912506	305.912506
1	21.229000	0.951594	393.187500	307.187500
1	21.260000	0.934203	393.562500	307.375000
1	21.292000	0.957102	392.687500	307.750000
1	21.323000	0.861160	395.812378	307.037476
1	21.354000	0.851159	395.368744	305.181244
1	21.385000	0.852174	396.000000	306.000000
1	21.416000	0.846377	395.250000	305.750000
1	21.463000	0.958116	393.718750	307.093750
1	21.494000	1.007102	392.531250	307.468750
1	21.526000	0.990145	393.024994	307.225006
1	21.557000	0.947826	393.750000	306.500000
0	21.588000	0.866666	396.200195	305.749939
1	21.619000	0.956522	394.375000	305.625000
1	21.650000	0.820145	397.343750	305.093750
1	21.697000	0.931884	395.500000	304.625000
1	21.728000	0.818551	396.725006	305.350006
1	21.760000	0.933623	392.649994	305.962494
1	21.791000	0.924493	393.593750	306.531250
1	21.822000	0.955942	393.500000	305.125000
1	21.853000	0.875362	395.625000	304.875000
1	21.884000	0.931449	394.381256	305.381256
0	21.931000	0.848406	395.187500	304.562500
1	21.962000	0.927101	394.556244	305.556244
1	21.994000	0.927101	393.443756	305.556244
1	22.025000	0.968985	392.937500	305.562500
1	22.056000	0.939130	393.000000	305.000000
1	22.087000	0.925072	394.606262	305.481201
1	22.118000	0.921739	395.125000	304.625000
1	22.150000	0.875362	395.924988	304.325012
1	22.196000	0.849420	395.418762	304.781250
1	22.228000	0.907246	394.000000	304.250000
0	22.259000	0.927536	394.750000	304.750000
1	22.290000	0.937681	393.000000	305.362488
1	22.321000	0.931015	393.500000	305.375000
1	22.352000	0.931159	393.443878	304.106293
1	22.384000	0.885942	394.993744	303.993744
1	22.430000	0.925072	394.618744	303.818756
1	22.462000	0.954928	394.281250	304.718750
0	22.493000	0.878116	395.631256	302.931244
1	22.524000	0.926667	393.937500	304.562500
1	22.555000	0.951449	393.706238	304.293762
1	22.586000	0.925507	394.187592	305.412262
1	22.618000	0.916377	393.681244	304.381256
0	22.664000	0.875507	395.156250	302.906250
0	22.696000	0.829855	395.687500	303.312500
1	22.727000	0.951594	394.812500	303.812500
0	22.758000	0.927536	394.000000	302.000000
0	22.789000	0.866812	394.968750	304.031250
1	22.820000	0.787536	396.937500	304.312500
1	22.852000	0.895072	394.875000	305.125000
1	22.883000	0.848841	395.756256	304.806244
1	22.930000	0.848406	396.437500	305.187500
1	22.961000	0.835942	395.975006	305.399994
1	22.992000	0.874928	395.693756	305.181244
1	23.023000	0.857971	397.000000	305.000000
1	23.054000	0.912029	395.368744	304.368744
1	23.086000	0.946232	394.218750	304.781250
1	23.117000	0.933333	394.468750	305.093750
1	23.164000	0.928841	393.706238	304.843750
1	23.195000	0.968406	393.087494	304.912506
0	23.226000	0.718841	400.000000	302.000000
0	23.257000	0.890725	395.662506	304.337494
1	23.288000	0.932029	395.093750	304.593750
1	23.320000	0.848406	397.187500	304.237488
1	23.351000	0.857536	395.318756	304.318756
1	23.382000	0.926232	393.681244	305.418732
1	23.429000	0.920725	394.243744	304.756256
1	23.460000	0.881594	394.681244	304.943756
1	23.491000	0.865797	394.950073	304.799988
1	23.522000	0.896232	394.825012	304.174988
1	23.554000	0.925507	394.500000	304.500000
1	23.585000	0.920725	395.243744	305.243744
1	23.616000	0.921014	394.481262	304.643738
1	23.663000	0.844058	396.250000	303.875000
1	23.694000	0.800000	396.750000	304.250000
1	23.725000	0.931449	393.568756	304.618744
1	23.756000	0.852174	396.500000	304.000000
1	23.788000	0.899420	396.062500	304.812500
1	23.819000	0.885942	395.993744	304.506256
1	23.850000	0.876812	395.887512	303.862488
1	23.897000	0.899420	396.537415	303.462524
1	23.928000	0.875507	395.106262	304.156250
1	23.959000	0.936812	394.475006	304.975006
1	23.990000	0.927536	394.250000	304.250000
1	24.022000	0.833768	397.431244	303.381256
0	24.053000	0.866377	395.962494	303.212494
1	24.084000	0.921739	394.500000	303.500000
1	24.115000	0.932029	395.406250	303.468750
0	24.162000	0.833188	397.018677	303.406250
1	24.193000	0.918116	395.331238	303.756226
1	24.224000	0.942029	393.500000	304.000000
1	24.256000	0.894058	394.543762	304.406250
1	24.287000	0.868985	396.000000	303.825012
0	24.318000	0.855797	396.793762	302.793762
1	24.349000	0.916232	394.237518	303.587494
0	24.396000	0.904348	396.000000	302.000000
1	24.427000	0.922464	394.768738	304.218750
1	24.458000	0.881015	395.031250	303.768738
0	24.490000	0.857536	395.318756	304.068756
1	24.521000	0.866377	396.212494	303.962494
0	24.552000	0.865797	395.187500	304.812500
1	24.583000	0.870145	395.500000	303.924988
1	24.630000	0.805942	397.843750	303.031250
1	24.661000	0.876812	394.799988	302.887512
1	24.692000	0.884928	394.987518	303.024994
1	24.724000	0.865072	394.993744	303.431244
1	24.755000	0.862029	395.024994	303.975006
1	24.786000	0.916377	394.681244	304.368744
0	24.817000	0.817391	396.500000	303.000000
0	24.848000	0.813623	396.687500	303.312500
1	24.895000	0.850145	395.837494	302.774994
1	24.926000	0.869565	396.000000	303.000000
1	24.958000	0.848406	396.812500	302.562500
0	24.989000	0.805362	396.818756	302.931244
1	25.020000	0.874058	396.118744	303.618744
1	25.051000	0.867971	395.518738	304.843750
1	25.082000	0.895072	394.725006	304.399994
1	25.129000	0.908985	395.324982	304.375031
1	25.160000	0.857102	396.062500	303.812500
0	25.192000	0.766812	397.481262	303.356323
1	25.223000	0.829855	396.487549	303.487549
1	25.254000	0.902754	394.481262	303.518738
1	25.285000	0.859710	395.600006	303.712494
1	25.316000	0.865942	395.556305	304.756256
1	25.363000	0.871159	394.156250	304.968750
1	25.394000	0.873623	393.875000	304.125000
1	25.426000	0.835507	397.018738	304.481262
1	25.457000	0.857102	394.312500	304.312500
1	25.488000	0.848985	394.787506	303.824982
1	25.519000	0.863623	394.218750	303.843750
1	25.550000	0.894493	393.912506	303.850006
1	25.582000	0.828986	394.875000	305.125000
1	25.628000	0.869565	395.000000	305.000000
1	25.660000	0.857102	394.312500	305.299988
1	25.691000	0.902029	394.475006	305.225006
1	25.722000	0.865797	394.937500	304.062500
1	25.753000	0.846812	395.231232	304.506256
1	25.784000	0.857971	395.750000	303.750000
1	25.816000	0.904348	396.000000	302.000000
1	25.862000	0.874058	393.943756	304.881256
1	25.894000	0.857102	395.312500	304.687500
1	25.925000	0.886377	394.500000	305.000000
1	25.956000	0.848985	395.212494	304.787506
1	25.987000	0.817391	396.500000	303.500000
1	26.018000	0.859275	395.731262	304.793762
1	26.050000	0.921884	394.193756	303.743744
1	26.096000	0.833768	396.318756	304.431244
1	26.128000	0.865652	395.156281	304.856232
1	26.159000	0.885942	393.993744	304.993744
1	26.190000	0.869565	394.000000	305.000000
1	26.221000	0.862899	395.225006	304.725006
1	26.252000	0.871159	394.231262	304.768738
1	26.284000	0.910145	395.262482	304.662506
1	26.315000	0.840145	395.056244	304.318756
1	26.362000	0.870580	395.743744	304.756256
1	26.393000	0.927536	394.000000	304.000000
1	26.424000	0.788116	396.212494	305.087494
1	26.455000	0.848406	395.187500	305.437500
1	26.486000	0.863623	394.218750	305.206360
0	26.518000	0.839855	395.581238	304.418762
0	26.549000	0.801015	396.006256	304.993744
1	26.596000	0.761594	396.518738	304.456238
1	26.627000	0.857102	395.062500	304.937500
1	26.658000	0.857536	394.318756	304.931244
1	26.689000	0.873913	394.625000	305.250000
1	26.720000	0.840290	394.662506	305.662506
1	26.752000	0.834783	394.500000	305.500000
0	26.783000	0.800580	396.000000	304.000000
1	26.814000	0.825072	394.743744	305.443756
1	26.861000	0.835362	395.000000	304.625000
1	26.892000	0.805507	397.162506	304.449982
1	26.923000	0.834492	395.437561	304.612427
1	26.954000	0.812464	395.812500	304.750000
0	26.986000	0.834783	396.000000	304.000000
1	27.017000	0.855362	393.662506	305.712494
1	27.048000	0.860290	395.062500	304.750000
1	27.095000	0.816377	395.256256	303.306244
1	27.126000	0.834203	396.000000	303.562500
1	27.157000	0.814058	395.693756	303.693756
1	27.188000	0.791304	396.687500	304.062500
1	27.220000	0.866232	394.943756	303.943756
1	27.251000	0.794493	396.100006	304.912506
0	27.282000	0.718841	396.000000	302.000000
1	27.313000	0.844493	395.131256	304.381256
1	27.360000	0.799420	396.062500	304.125000
1	27.391000	0.833188	395.406250	304.406250
1	27.422000	0.848841	395.193756	303.806244
1	27.454000	0.820145	396.668762	303.218750
1	27.485000	0.863623	395.581238	303.781250
1	27.516000	0.835507	395.018738	303.593750
1	27.547000	0.834783	396.000000	304.000000
0	27.594000	0.718841	396.000000	302.000000
1	27.625000	0.881449	394.274994	303.287506
0	27.656000	0.788551	397.043762	303.656250
1	27.688000	0.837536	395.343750	304.468750
1	27.719000	0.833333	396.437561	303.437561
1	27.750000	0.840725	395.531250	303.531250
1	27.781000	0.827246	396.524994	304.524994
1	27.828000	0.779420	396.212494	303.787506
0	27.859000	0.811594	396.500000	303.500000
0	27.890000	0.814058	396.693756	304.256256
1	27.922000	0.863333	395.081268	303.968781
1	27.953000	0.831015	396.037476	304.450012
1	27.984000	0.811014	395.899994	303.899994
1	28.015000	0.866232	396.218719	303.806244
1	28.046000	0.823188	395.000000	304.000000
1	28.093000	0.866232	395.193756	304.056244
1	28.124000	0.834783	394.000000	304.000000
1	28.156000	0.828986	395.500000	304.500000
1	28.187000	0.857102	395.312500	303.187500
1	28.218000	0.777536	396.168762	303.831238
1	28.249000	0.894058	395.593750	304.156250
1	28.280000	0.805942	396.593750	303.843750
1	28.327000	0.815362	396.662506	303.287506
1	28.358000	0.885942	395.993744	304.006256
1	28.390000	0.814058	396.693756	304.693756
1	28.421000	0.798551	396.537476	305.062500
1	28.452000	0.800580	396.000000	305.000000
1	28.483000	0.857102	395.062500	305.187500
1	28.514000	0.828986	394.912750	305.512482
1	28.561000	0.832029	395.468750	305.343750
1	28.592000	0.866377	395.225006	304.787506
1	28.624000	0.852174	395.000000	305.000000
1	28.655000	0.796812	396.087494	304.962494
1	28.686000	0.829710	394.956238	305.343750
1	28.717000	0.814638	395.856262	305.331238
1	28.748000	0.781015	396.768738	305.156250
1	28.780000	0.878550	396.087646	304.637512
1	28.826000	0.866232	395.481232	305.056244
1	28.858000	0.834783	396.500000	304.500000
1	28.889000	0.826232	396.118744	304.568756
1	28.920000	0.872319	395.131348	305.143738
1	28.951000	0.777536	396.168762	305.718750
1	28.982000	0.823333	396.406250	305.593750
1	29.014000	0.857681	395.087494	305.337494
1	29.060000	0.835362	396.375000	304.500000
1	29.092000	0.825072	396.743744	304.443756
0	29.123000	0.825507	396.750000	303.562500
1	29.154000	0.829275	396.512543	304.487457
0	29.185000	0.800580	397.000000	304.125000
1	29.216000	0.834783	395.750000	304.250000
1	29.248000	0.863333	395.243744	304.806244
1	29.294000	0.828841	395.968750	304.468750
1	29.326000	0.813623	396.687500	304.312500
1	29.357000	0.831015	396.437500	304.562500
1	29.388000	0.814058	397.306244	304.306244
1	29.419000	0.851159	396.806244	304.381256
1	29.450000	0.866377	396.212494	304.787506
1	29.482000	0.831594	397.462494	304.462494
1	29.513000	0.852754	396.375000	305.125000
1	29.560000	0.831015	396.062500	304.437500
1	29.591000	0.857971	397.000000	307.000000
1	29.622000	0.834783	398.000000	304.000000
1	29.653000	0.887246	396.212494	304.287506
1	29.684000	0.904491	395.743988	304.555939
1	29.716000	0.863188	396.837494	304.774994
0	29.747000	0.840290	396.662506	303.837494
1	29.794000	0.835942	396.587494	305.399994
1	29.825000	0.907246	395.250000	305.500000
1	29.856000	0.815942	396.687500	305.262512
1	29.887000	0.903333	394.506256	305.493744
1	29.918000	0.894058	395.893738	304.843750
1	29.950000	0.885797	395.975006	305.649994
1	29.981000	0.883623	395.693756	305.993744
<\RIGHT-PUPIL-DATA>
<LEFT-PUPIL-DATA>
903	0
0	-0.049000	13.913043	240.000000	320.000000
0	-0.018000	13.913043	240.000000	320.000000
0	0.013000	13.913043	240.000000	320.000000
0	0.044000	13.913043	240.000000	320.000000
0	0.075000	13.913043	240.000000	320.000000
0	0.107000	13.913043	240.000000	320.000000
0	0.138000	13.913043	240.000000	320.000000
0	0.185000	13.913043	240.000000	320.000000
0	0.216000	13.913043	240.000000	320.000000
0	0.247000	13.913043	240.000000	320.000000
0	0.278000	13.913043	240.000000	320.000000
0	0.309000	13.913043	240.000000	320.000000
0	0.341000	13.913043	240.000000	320.000000
0	0.372000	13.913043	240.000000	320.000000
0	0.403000	13.913043	240.000000	320.000000
0	0.450000	13.913043	240.000000	320.000000
0	0.481000	13.913043	240.000000	320.000000
0	0.512000	13.913043	240.000000	320.000000
0	0.543000	13.913043	240.000000	320.000000
0	0.575000	13.913043	240.000000	320.000000
0	0.606000	13.913043	240.000000	320.000000
0	0.637000	13.913043	240.000000	320.000000
0	0.684000	13.913043	240.000000	320.000000
0	0.715000	13.913043	240.000000	320.000000
0	0.746000	13.913043	240.000000	320.000000
0	0.777000	13.913043	240.000000	320.000000
0	0.809000	13.913043	240.000000	320.000000
0	0.840000	13.913043	240.000000	320.000000
0	0.871000	13.913043	240.000000	320.000000
0	0.918000	13.913043	240.000000	320.000000
0	0.949000	13.913043	240.000000	320.000000
0	0.980000	13.913043	240.000000	320.000000
0	1.011000	13.913043	240.000000	320.000000
0	1.043000	13.913043	240.000000	320.000000
0	1.074000	13.913043	240.000000	320.000000
0	1.105000	13.913043	240.000000	320.000000
0	1.136000	13.913043	240.000000	320.000000
0	1.183000	13.913043	240.000000	320.000000
0	1.214000	13.913043	240.000000	320.000000
0	1.245000	13.913043	240.000000	320.000000
0	1.277000	13.913043	240.000000	320.000000
0	1.308000	13.913043	240.000000	320.000000
0	1.339000	13.913043	240.000000	320.000000
0	1.370000	13.913043	240.000000	320.000000
0	1.417000	13.913043	240.000000	320.000000
0	1.448000	13.913043	240.000000	320.000000
0	1.479000	13.913043	240.000000	320.000000
0	1.511000	13.913043	240.000000	320.000000
0	1.542000	13.913043	240.000000	320.000000
0	1.573000	13.913043	240.000000	320.000000
0	1.604000	13.913043	240.000000	320.000000
0	1.651000	13.913043	240.000000	320.000000
0	1.682000	13.913043	240.000000	320.000000
0	1.713000	13.913043	240.000000	320.000000
0	1.745000	13.913043	240.000000	320.000000
0	1.776000	13.913043	240.000000	320.000000
0	1.807000	13.913043	240.000000	320.000000
0	1.838000	13.913043	240.000000	320.000000
0	1.869000	13.913043	240.000000	320.000000
0	1.916000	13.913043	240.000000	320.000000
0	1.947000	13.913043	240.000000	320.000000
0	1.979000	13.913043	240.000000	320.000000
0	2.010000	13.913043	240.000000	320.000000
0	2.041000	13.913043	240.000000	320.000000
0	2.072000	13.913043	240.000000	320.000000
0	2.103000	13.913043	240.000000	320.000000
0	2.150000	13.913043	240.000000	320.000000
0	2.181000	13.913043	240.000000	320.000000
0	2.213000	13.913043	240.000000	320.000000
0	2.244000	13.913043	240.000000	320.000000
0	2.275000	13.913043	240.000000	320.000000
0	2.306000	13.913043	240.000000	320.000000
0	2.337000	13.913043	240.000000	320.000000
0	2.384000	13.913043	240.000000	320.000000
0	2.415000	13.913043	240.000000	320.000000
0	2.447000	13.913043	240.000000	320.000000
0	2.478000	13.913043	240.000000	320.000000
0	2.509000	13.913043	240.000000	320.000000
0	2.540000	13.913043	240.000000	320.000000
0	2.571000	13.913043	240.000000	320.000000
0	2.603000	13.913043	240.000000	320.000000
0	2.649000	13.913043	240.000000	320.000000
0	2.681000	13.913043	240.000000	320.000000
0	2.712000	13.913043	240.000000	320.000000
0	2.743000	13.913043	240.000000	320.000000
0	2.774000	13.913043	240.000000	320.000000
0	2.805000	13.913043	240.000000	320.000000
0	2.837000	13.913043	240.000000	320.000000
0	2.868000	13.913043	240.000000	320.000000
0	2.915000	13.913043	240.000000	320.000000
0	2.946000	13.913043	240.000000	320.000000
0	2.977000	13.913043	240.000000	320.000000
0	3.008000	13.913043	240.000000	320.000000
0	3.039000	13.913043	240.000000	320.000000
0	3.071000	13.913043	240.000000	320.000000
0	3.102000	13.913043	240.000000	320.000000
0	3.149000	13.913043	240.000000	320.000000
0	3.180000	13.913043	240.000000	320.000000
0	3.211000	13.913043	240.000000	320.000000
0	3.242000	13.913043	240.000000	320.000000
0	3.273000	13.913043	240.000000	320.000000
0	3.305000	13.913043	240.000000	320.000000
0	3.336000	13.913043	240.000000	320.000000
0	3.383000	13.913043	240.000000	320.000000
0	3.414000	13.913043	240.000000	320.000000
0	3.445000	13.913043	240.000000	320.000000
0	3.476000	13.913043	240.000000	320.000000
0	3.507000	13.913043	240.000000	320.000000
0	3.539000	13.913043	240.000000	320.000000
0	3.570000	13.913043	240.000000	320.000000
0	3.601000	13.913043	240.000000	320.000000
0	3.648000	13.913043	240.000000	320.000000
0	3.679000	13.913043	240.000000	320.000000
0	3.710000	13.913043	240.000000	320.000000
0	3.741000	13.913043	240.000000	320.000000
0	3.773000	13.913043	240.000000	320.000000
0	3.804000	13.913043	240.000000	320.000000
0	3.835000	13.913043	240.000000	320.000000
0	3.882000	13.913043	240.000000	320.000000
0	3.913000	13.913043	240.000000	320.000000
0	3.944000	13.913043	240.000000	320.000000
0	3.975000	13.913043	240.000000	320.000000
0	4.007000	13.913043	240.000000	320.000000
0	4.038000	13.913043	240.000000	320.000000
0	4.069000	13.913043	240.000000	320.000000
0	4.116000	13.913043	240.000000	320.000000
0	4.147000	13.913043	240.000000	320.000000
0	4.178000	13.913043	240.000000	320.000000
0	4.209000	13.913043	240.000000	320.000000
0	4.241000	13.913043	240.000000	320.000000
0	4.272000	13.913043	240.000000	320.000000
0	4.303000	13.913043	240.000000	320.000000
0	4.334000	13.913043	240.000000	320.000000
0	4.381000	13.913043	240.000000	320.000000
0	4.412000	13.913043	240.000000	320.000000
0	4.443000	13.913043	240.000000	320.000000
0	4.475000	13.913043	240.000000	320.000000
0	4.506000	13.913043	240.000000	320.000000
0	4.537000	13.913043	240.000000	320.000000
0	4.568000	13.913043	240.000000	320.000000
0	4.615000	13.913043	240.000000	320.000000
0	4.646000	13.913043	240.000000	320.000000
0	4.677000	13.913043	240.000000	320.000000
0	4.709000	13.913043	240.000000	320.000000
0	4.740000	13.913043	240.000000	320.000000
0	4.771000	13.913043	240.000000	320.000000
0	4.802000	13.913043	240.000000	320.000000
0	4.849000	13.913043	240.000000	320.000000
0	4.880000	13.913043	240.000000	320.000000
0	4.911000	13.913043	240.000000	320.000000
0	4.943000	13.913043	240.000000	320.000000
0	4.974000	13.913043	240.000000	320.000000
0	5.005000	13.913043	240.000000	320.000000
0	5.036000	13.913043	240.000000	320.000000
0	5.067000	13.913043	240.000000	320.000000
0	5.114000	13.913043	240.000000	320.000000
0	5.145000	13.913043	240.000000	320.000000
0	5.177000	13.913043	240.000000	320.000000
0	5.208000	13.913043	240.000000	320.000000
0	5.239000	13.913043	240.000000	320.000000
0	5.270000	13.913043	240.000000	320.000000
0	5.301000	13.913043	240.000000	320.000000
0	5.348000	13.913043	240.000000	320.000000
0	5.379000	13.913043	240.000000	320.000000
0	5.411000	13.913043	240.000000	320.000000
0	5.442000	13.913043	240.000000	320.000000
0	5.473000	13.913043	240.000000	320.000000
0	5.504000	13.913043	240.000000	320.000000
0	5.535000	13.913043	240.000000	320.000000
0	5.582000	13.913043	240.000000	320.000000
0	5.613000	13.913043	240.000000	320.000000
0	5.645000	13.913043	240.000000	320.000000
0	5.676000	13.913043	240.000000	320.000000
0	5.707000	13.913043	240.000000	320.000000
0	5.738000	13.913043	240.000000	320.000000
0	5.769000	13.913043	240.000000	320.000000
0	5.801000	13.913043	240.000000	320.000000
0	5.847000	13.913043	240.000000	320.000000
0	5.879000	13.913043	240.000000	320.000000
0	5.910000	13.913043	240.000000	320.000000
0	5.941000	13.913043	240.000000	320.000000
0	5.972000	13.913043	240.000000	320.000000
0	6.003000	13.913043	240.000000	320.000000
0	6.035000	13.913043	240.000000	320.000000
0	6.081000	13.913043	240.000000	320.000000
0	6.113000	13.913043	240.000000	320.000000
0	6.144000	13.913043	240.000000	320.000000
0	6.175000	13.913043	240.000000	320.000000
0	6.206000	13.913043	240.000000	320.000000
0	6.237000	13.913043	240.000000	320.000000
0	6.269000	13.913043	240.000000	320.000000
0	6.315000	13.913043	240.000000	320.000000
0	6.347000	13.913043	240.000000	320.000000
0	6.378000	13.913043	240.000000	320.000000
0	6.409000	13.913043	240.000000	320.000000
0	6.440000	13.913043	240.000000	320.000000
0	6.471000	13.913043	240.000000	320.000000
0	6.503000	13.913043	240.000000	320.000000
0	6.534000	13.913043	240.000000	320.000000
0	6.581000	13.913043	240.000000	320.000000
0	6.612000	13.913043	240.000000	320.000000
0	6.643000	13.913043	240.000000	320.000000
0	6.674000	13.913043	240.000000	320.000000
0	6.705000	13.913043	240.000000	320.000000
0	6.737000	13.913043	240.000000	320.000000
0	6.768000	13.913043	240.000000	320.000000
0	6.799000	13.913043	240.000000	320.000000
0	6.846000	13.913043	240.000000	320.000000
0	6.877000	13.913043	240.000000	320.000000
0	6.908000	13.913043	240.000000	320.000000
0	6.939000	13.913043	240.000000	320.000000
0	6.971000	13.913043	240.000000	320.000000
0	7.002000	13.913043	240.000000	320.000000
0	7.033000	13.913043	240.000000	320.000000
0	7.080000	13.913043	240.000000	320.000000
0	7.111000	13.913043	240.000000	320.000000
0	7.142000	13.913043	240.000000	320.000000
0	7.173000	13.913043	240.000000	320.000000
0	7.205000	13.913043	240.000000	320.000000
0	7.236000	13.913043	240.000000	320.000000
0	7.267000	13.913043	240.000000	320.000000
0	7.314000	13.913043	240.000000	320.000000
0	7.345000	13.913043	240.000000	320.000000
0	7.376000	13.913043	240.000000	320.000000
0	7.407000	13.913043	240.000000	320.000000
0	7.439000	13.913043	240.000000	320.000000
0	7.470000	13.913043	240.000000	320.000000
0	7.501000	13.913043	240.000000	320.000000
0	7.532000	13.913043	240.000000	320.000000
0	7.579000	13.913043	240.000000	320.000000
0	7.610000	13.913043	240.000000	320.000000
0	7.641000	13.913043	240.000000	320.000000
0	7.673000	13.913043	240.000000	320.000000
0	7.704000	13.913043	240.000000	320.000000
0	7.735000	13.913043	240.000000	320.000000
0	7.766000	13.913043	240.000000	320.000000
0	7.813000	13.913043	240.000000	320.000000
0	7.844000	13.913043	240.000000	320.000000
0	7.875000	13.913043	240.000000	320.000000
0	7.907000	13.913043	240.000000	320.000000
0	7.938000	13.913043	240.000000	320.000000
0	7.969000	13.913043	240.000000	320.000000
0	8.000000	13.913043	240.000000	320.000000
0	8.047000	13.913043	240.000000	320.000000
0	8.078000	13.913043	240.000000	320.000000
0	8.109000	13.913043	240.000000	320.000000
0	8.141000	13.913043	240.000000	320.000000
0	8.172000	13.913043	240.000000	320.000000
0	8.203000	13.913043	240.000000	320.000000
0	8.234000	13.913043	240.000000	320.000000
0	8.265000	13.913043	240.000000	320.000000
0	8.312000	13.913043	240.000000	320.000000
0	8.343000	13.913043	240.000000	320.000000
0	8.375000	13.913043	240.000000	320.000000
0	8.406000	13.913043	240.000000	320.000000
0	8.437000	13.913043	240.000000	320.000000
0	8.468000	13.913043	240.000000	320.000000
0	8.499000	13.913043	240.000000	320.000000
0	8.546000	13.913043	240.000000	320.000000
0	8.577000	13.913043	240.000000	320.000000
0	8.609000	13.913043	240.000000	320.000000
0	8.640000	13.913043	240.000000	320.000000
0	8.671000	13.913043	240.000000	320.000000
0	8.702000	13.913043	240.000000	320.000000
0	8.733000	13.913043	240.000000	320.000000
0	8.780000	13.913043	240.000000	320.000000
0	8.811000	13.913043	240.000000	320.000000
0	8.843000	13.913043	240.000000	320.000000
0	8.874000	13.913043	240.000000	320.000000
0	8.905000	13.913043	240.000000	320.000000
0	8.936000	13.913043	240.000000	320.000000
0	8.967000	13.913043	240.000000	320.000000
0	8.999000	13.913043	240.000000	320.000000
0	9.045000	13.913043	240.000000	320.000000
0	9.077000	13.913043	240.000000	320.000000
0	9.108000	13.913043	240.000000	320.000000
0	9.139000	13.913043	240.000000	320.000000
0	9.170000	13.913043	240.000000	320.000000
0	9.201000	13.913043	240.000000	320.000000
0	9.233000	13.913043	240.000000	320.000000
0	9.279000	13.913043	240.000000	320.000000
0	9.311000	13.913043	240.000000	320.000000
0	9.342000	13.913043	240.000000	320.000000
0	9.373000	13.913043	240.000000	320.000000
0	9.404000	13.913043	240.000000	320.000000
0	9.435000	13.913043	240.000000	320.000000
0	9.467000	13.913043	240.000000	320.000000
0	9.513000	13.913043	240.000000	320.000000
0	9.545000	13.913043	240.000000	320.000000
0	9.576000	13.913043	240.000000	320.000000
0	9.607000	13.913043	240.000000	320.000000
0	9.638000	13.913043	240.000000	320.000000
0	9.669000	13.913043	240.000000	320.000000
0	9.701000	13.913043	240.000000	320.000000
0	9.732000	13.913043	240.000000	320.000000
0	9.779000	13.913043	240.000000	320.000000
0	9.810000	13.913043	240.000000	320.000000
0	9.841000	13.913043	240.000000	320.000000
0	9.872000	13.913043	240.000000	320.000000
0	9.903000	13.913043	240.000000	320.000000
0	9.935000	13.913043	240.000000	320.000000
0	9.966000	13.913043	240.000000	320.000000
0	10.013000	13.913043	240.000000	320.000000
0	10.044000	13.913043	240.000000	320.000000
0	10.075000	13.913043	240.000000	320.000000
0	10.106000	13.913043	240.000000	320.000000
0	10.137000	13.913043	240.000000	320.000000
0	10.169000	13.913043	240.000000	320.000000
0	10.200000	13.913043	240.000000	320.000000
0	10.247000	13.913043	240.000000	320.000000
0	10.278000	13.913043	240.000000	320.000000
0	10.309000	13.913043	240.000000	320.000000
0	10.340000	13.913043	240.000000	320.000000
0	10.371000	13.913043	240.000000	320.000000
0	10.403000	13.913043	240.000000	320.000000
0	10.434000	13.913043	240.000000	320.000000
0	10.465000	13.913043	240.000000	320.000000
0	10.512000	13.913043	240.000000	320.000000
0	10.543000	13.913043	240.000000	320.000000
0	10.574000	13.913043	240.000000	320.000000
0	10.605000	13.913043	240.000000	320.000000
0	10.637000	13.913043	240.000000	320.000000
0	10.668000	13.913043	240.000000	320.000000
0	10.699000	13.913043	240.000000	320.000000
0	10.746000	13.913043	240.000000	320.000000
0	10.777000	13.913043	240.000000	320.000000
0	10.808000	13.913043	240.000000	320.000000
0	10.839000	13.913043	240.000000	320.000000
0	10.871000	13.913043	240.000000	320.000000
0	10.902000	13.913043	240.000000	320.000000
0	10.933000	13.913043	240.000000	320.000000
0	10.964000	13.913043	240.000000	320.000000
0	11.011000	13.913043	240.000000	320.000000
0	11.042000	13.913043	240.000000	320.000000
0	11.073000	13.913043	240.000000	320.000000
0	11.105000	13.913043	240.000000	320.000000
0	11.136000	13.913043	240.000000	320.000000
0	11.167000	13.913043	240.000000	320.000000
0	11.198000	13.913043	240.000000	320.000000
0	11.245000	13.913043	240.000000	320.000000
0	11.276000	13.913043	240.000000	320.000000
0	11.307000	13.913043	240.000000	320.000000
0	11.339000	13.913043	240.000000	320.000000
0	11.370000	13.913043	240.000000	320.000000
0	11.401000	13.913043	240.000000	320.000000
0	11.432000	13.913043	240.000000	320.000000
0	11.479000	13.913043	240.000000	320.000000
0	11.510000	13.913043	240.000000	320.000000
0	11.541000	13.913043	240.000000	320.000000
0	11.573000	13.913043	240.000000	320.000000
0	11.604000	13.913043	240.000000	320.000000
0	11.635000	13.913043	240.000000	320.000000
0	11.666000	13.913043	240.000000	320.000000
0	11.697000	13.913043	240.000000	320.000000
0	11.744000	13.913043	240.000000	320.000000
0	11.775000	13.913043	240.000000	320.000000
0	11.807000	13.913043	240.000000	320.000000
0	11.838000	13.913043	240.000000	320.000000
0	11.869000	13.913043	240.000000	320.000000
0	11.900000	13.913043	240.000000	320.000000
0	11.931000	13.913043	240.000000	320.000000
0	11.978000	13.913043	240.000000	320.000000
0	12.009000	13.913043	240.000000	320.000000
0	12.041000	13.913043	240.000000	320.000000
0	12.072000	13.913043	240.000000	320.000000
0	12.103000	13.913043	240.000000	320.000000
0	12.134000	13.913043	240.000000	320.000000
0	12.165000	13.913043	240.000000	320.000000
0	12.212000	13.913043	240.000000	320.000000
0	12.243000	13.913043	240.000000	320.000000
0	12.275000	13.913043	240.000000	320.000000
0	12.306000	13.913043	240.000000	320.000000
0	12.337000	13.913043	240.000000	320.000000
0	12.368000	13.913043	240.000000	320.000000
0	12.399000	13.913043	240.000000	320.000000
0	12.431000	13.913043	240.000000	320.000000
0	12.477000	13.913043	240.000000	320.000000
0	12.509000	13.913043	240.000000	320.000000
0	12.540000	13.913043	240.000000	320.000000
0	12.571000	13.913043	240.000000	320.000000
0	12.602000	13.913043	240.000000	320.000000
0	12.633000	13.913043	240.000000	320.000000
0	12.665000	13.913043	240.000000	320.000000
0	12.711000	13.913043	240.000000	320.000000
0	12.743000	13.913043	240.000000	320.000000
0	12.774000	13.913043	240.000000	320.000000
0	12.805000	13.913043	240.000000	320.000000
0	12.836000	13.913043	240.000000	320.000000
0	12.867000	13.913043	240.000000	320.000000
0	12.899000	13.913043	240.000000	320.000000
0	12.930000	13.913043	240.000000	320.000000
0	12.977000	13.913043	240.000000	320.000000
0	13.008000	13.913043	240.000000	320.000000
0	13.039000	13.913043	240.000000	320.000000
0	13.070000	13.913043	240.000000	320.000000
0	13.101000	13.913043	240.000000	320.000000
0	13.133000	13.913043	240.000000	320.000000
0	13.164000	13.913043	240.000000	320.000000
0	13.211000	13.913043	240.000000	320.000000
0	13.242000	13.913043	240.000000	320.000000
0	13.273000	13.913043	240.000000	320.000000
0	13.304000	13.913043	240.000000	320.000000
0	13.335000	13.913043	240.000000	320.000000
0	13.367000	13.913043	240.000000	320.000000
0	13.398000	13.913043	240.000000	320.000000
0	13.445000	13.913043	240.000000	320.000000
0	13.476000	13.913043	240.000000	320.000000
0	13.507000	13.913043	240.000000	320.000000
0	13.538000	13.913043	240.000000	320.000000
0	13.569000	13.913043	240.000000	320.000000
0	13.601000	13.913043	240.000000	320.000000
0	13.632000	13.913043	240.000000	320.000000
0	13.663000	13.913043	240.000000	320.000000
0	13.710000	13.913043	240.000000	320.000000
0	13.741000	13.913043	240.000000	320.000000
0	13.772000	13.913043	240.000000	320.000000
0	13.803000	13.913043	240.000000	320.000000
0	13.835000	13.913043	240.000000	320.000000
0	13.866000	13.913043	240.000000	320.000000
0	13.897000	13.913043	240.000000	320.000000
0	13.944000	13.913043	240.000000	320.000000
0	13.975000	13.913043	240.000000	320.000000
0	14.006000	13.913043	240.000000	320.000000
0	14.037000	13.913043	240.000000	320.000000
0	14.069000	13.913043	240.000000	320.000000
0	14.100000	13.913043	240.000000	320.000000
0	14.131000	13.913043	240.000000	320.000000
0	14.178000	13.913043	240.000000	320.000000
0	14.209000	13.913043	240.000000	320.000000
0	14.240000	13.913043	240.000000	320.000000
0	14.271000	13.913043	240.000000	320.000000
0	14.303000	13.913043	240.000000	320.000000
0	14.334000	13.913043	240.000000	320.000000
0	14.365000	13.913043	240.000000	320.000000
0	14.396000	13.913043	240.000000	320.000000
0	14.443000	13.913043	240.000000	320.000000
0	14.474000	13.913043	240.000000	320.000000
0	14.505000	13.913043	240.000000	320.000000
0	14.537000	13.913043	240.000000	320.000000
0	14.568000	13.913043	240.000000	320.000000
0	14.599000	13.913043	240.000000	320.000000
0	14.630000	13.913043	240.000000	320.000000
0	14.677000	13.913043	240.000000	320.000000
0	14.708000	13.913043	240.000000	320.000000
0	14.739000	13.913043	240.000000	320.000000
0	14.771000	13.913043	240.000000	320.000000
0	14.802000	13.913043	240.000000	320.000000
0	14.833000	13.913043	240.000000	320.000000
0	14.864000	13.913043	240.000000	320.000000
0	14.895000	13.913043	240.000000	320.000000
0	14.942000	13.913043	240.000000	320.000000
0	14.973000	13.913043	240.000000	320.000000
0	15.005000	13.913043	240.000000	320.000000
0	15.036000	13.913043	240.000000	320.000000
0	15.067000	13.913043	240.000000	320.000000
0	15.098000	13.913043	240.000000	320.000000
0	15.129000	13.913043	240.000000	320.000000
0	15.176000	13.913043	240.000000	320.000000
0	15.207000	13.913043	240.000000	320.000000
0	15.239000	13.913043	240.000000	320.000000
0	15.270000	13.913043	240.000000	320.000000
0	15.301000	13.913043	240.000000	320.000000
0	15.332000	13.913043	240.000000	320.000000
0	15.363000	13.913043	240.000000	320.000000
0	15.410000	13.913043	240.000000	320.000000
0	15.441000	13.913043	240.000000	320.000000
0	15.473000	13.913043	240.000000	320.000000
0	15.504000	13.913043	240.000000	320.000000
0	15.535000	13.913043	240.000000	320.000000
0	15.566000	13.913043	240.000000	320.000000
0	15.597000	13.913043	240.000000	320.000000
0	15.629000	13.913043	240.000000	320.000000
0	15.675000	13.913043	240.000000	320.000000
0	15.707000	13.913043	240.000000	320.000000
0	15.738000	13.913043	240.000000	320.000000
0	15.769000	13.913043	240.000000	320.000000
0	15.800000	13.913043	240.000000	320.000000
0	15.831000	13.913043	240.000000	320.000000
0	15.863000	13.913043	240.000000	320.000000
0	15.909000	13.913043	240.000000	320.000000
0	15.941000	13.913043	240.000000	320.000000
0	15.972000	13.913043	240.000000	320.000000
0	16.003000	13.913043	240.000000	320.000000
0	16.034000	13.913043	240.000000	320.000000
0	16.065000	13.913043	240.000000	320.000000
0	16.097000	13.913043	240.000000	320.000000
0	16.143000	13.913043	240.000000	320.000000
0	16.175000	13.913043	240.000000	320.000000
0	16.206000	13.913043	240.000000	320.000000
0	16.237000	13.913043	240.000000	320.000000
0	16.268000	13.913043	240.000000	320.000000
0	16.300000	13.913043	240.000000	320.000000
0	16.331000	13.913043	240.000000	320.000000
0	16.362000	13.913043	240.000000	320.000000
0	16.409000	13.913043	240.000000	320.000000
0	16.440000	13.913043	240.000000	320.000000
0	16.471000	13.913043	240.000000	320.000000
0	16.502000	13.913043	240.000000	320.000000
0	16.534000	13.913043	240.000000	320.000000
0	16.565000	13.913043	240.000000	320.000000
0	16.596000	13.913043	240.000000	320.000000
0	16.643000	13.913043	240.000000	320.000000
0	16.674000	13.913043	240.000000	320.000000
0	16.705000	13.913043	240.000000	320.000000
0	16.736000	13.913043	240.000000	320.000000
0	16.768000	13.913043	240.000000	320.000000
0	16.799000	13.913043	240.000000	320.000000
0	16.830000	13.913043	240.000000	320.000000
0	16.877000	13.913043	240.000000	320.000000
0	16.908000	13.913043	240.000000	320.000000
0	16.939000	13.913043	240.000000	320.000000
0	16.970000	13.913043	240.000000	320.000000
0	17.002000	13.913043	240.000000	320.000000
0	17.033000	13.913043	240.000000	320.000000
0	17.064000	13.913043	240.000000	320.000000
0	17.095000	13.913043	240.000000	320.000000
0	17.142000	13.913043	240.000000	320.000000
0	17.173000	13.913043	240.000000	320.000000
0	17.204000	13.913043	240.000000	320.000000
0	17.236000	13.913043	240.000000	320.000000
0	17.267000	13.913043	240.000000	320.000000
0	17.298000	13.913043	240.000000	320.000000
0	17.329000	13.913043	240.000000	320.000000
0	17.376000	13.913043	240.000000	320.000000
0	17.407000	13.913043	240.000000	320.000000
0	17.438000	13.913043	240.000000	320.000000
0	17.470000	13.913043	240.000000	320.000000
0	17.501000	13.913043	240.000000	320.000000
0	17.532000	13.913043	240.000000	320.000000
0	17.563000	13.913043	240.000000	320.000000
0	17.594000	13.913043	240.000000	320.000000
0	17.641000	13.913043	240.000000	320.000000
0	17.672000	13.913043	240.000000	320.000000
0	17.704000	13.913043	240.000000	320.000000
0	17.735000	13.913043	240.000000	320.000000
0	17.766000	13.913043	240.000000	320.000000
0	17.797000	13.913043	240.000000	320.000000
0	17.828000	13.913043	240.000000	320.000000
0	17.875000	13.913043	240.000000	320.000000
0	17.906000	13.913043	240.000000	320.000000
0	17.938000	13.913043	240.000000	320.000000
0	17.969000	13.913043	240.000000	320.000000
0	18.000000	13.913043	240.000000	320.000000
0	18.031000	13.913043	240.000000	320.000000
0	18.062000	13.913043	240.000000	320.000000
0	18.109000	13.913043	240.000000	320.000000
0	18.140000	13.913043	240.000000	320.000000
0	18.172000	13.913043	240.000000	320.000000
0	18.203000	13.913043	240.000000	320.000000
0	18.234000	13.913043	240.000000	320.000000
0	18.265000	13.913043	240.000000	320.000000
0	18.296000	13.913043	240.000000	320.000000
0	18.328000	13.913043	240.000000	320.000000
0	18.374000	13.913043	240.000000	320.000000
0	18.406000	13.913043	240.000000	320.000000
0	18.437000	13.913043	240.000000	320.000000
0	18.468000	13.913043	240.000000	320.000000
0	18.499000	13.913043	240.000000	320.000000
0	18.530000	13.913043	240.000000	320.000000
0	18.562000	13.913043	240.000000	320.000000
0	18.608000	13.913043	240.000000	320.000000
0	18.640000	13.913043	240.000000	320.000000
0	18.671000	13.913043	240.000000	320.000000
0	18.702000	13.913043	240.000000	320.000000
0	18.733000	13.913043	240.000000	320.000000
0	18.764000	13.913043	240.000000	320.000000
0	18.796000	13.913043	240.000000	320.000000
0	18.827000	13.913043	240.000000	320.000000
0	18.874000	13.913043	240.000000	320.000000
0	18.905000	13.913043	240.000000	320.000000
0	18.936000	13.913043	240.000000	320.000000
0	18.967000	13.913043	240.000000	320.000000
0	18.998000	13.913043	240.000000	320.000000
0	19.030000	13.913043	240.000000	320.000000
0	19.061000	13.913043	240.000000	320.000000
0	19.108000	13.913043	240.000000	320.000000
0	19.139000	13.913043	240.000000	320.000000
0	19.170000	13.913043	240.000000	320.000000
0	19.201000	13.913043	240.000000	320.000000
0	19.232000	13.913043	240.000000	320.000000
0	19.264000	13.913043	240.000000	320.000000
0	19.295000	13.913043	240.000000	320.000000
0	19.342000	13.913043	240.000000	320.000000
0	19.373000	13.913043	240.000000	320.000000
0	19.404000	13.913043	240.000000	320.000000
0	19.435000	13.913043	240.000000	320.000000
0	19.466000	13.913043	240.000000	320.000000
0	19.498000	13.913043	240.000000	320.000000
0	19.529000	13.913043	240.000000	320.000000
0	19.560000	13.913043	240.000000	320.000000
0	19.607000	13.913043	240.000000	320.000000
0	19.638000	13.913043	240.000000	320.000000
0	19.669000	13.913043	240.000000	320.000000
0	19.700000	13.913043	240.000000	320.000000
0	19.732000	13.913043	240.000000	320.000000
0	19.763000	13.913043	240.000000	320.000000
0	19.794000	13.913043	240.000000	320.000000
0	19.841000	13.913043	240.000000	320.000000
0	19.872000	13.913043	240.000000	320.000000
0	19.903000	13.913043	240.000000	320.000000
0	19.934000	13.913043	240.000000	320.000000
0	19.966000	13.913043	240.000000	320.000000
0	19.997000	13.913043	240.000000	320.000000
0	20.028000	13.913043	240.000000	320.000000
0	20.075000	13.913043	240.000000	320.000000
0	20.106000	13.913043	240.000000	320.000000
0	20.137000	13.913043	240.000000	320.000000
0	20.168000	13.913043	240.000000	320.000000
0	20.200000	13.913043	240.000000	320.000000
0	20.231000	13.913043	240.000000	320.000000
0	20.262000	13.913043	240.000000	320.000000
0	20.293000	13.913043	240.000000	320.000000
0	20.340000	13.913043	240.000000	320.000000
0	20.371000	13.913043	240.000000	320.000000
0	20.402000	13.913043	240.000000	320.000000
0	20.434000	13.913043	240.000000	320.000000
0	20.465000	13.913043	240.000000	320.000000
0	20.496000	13.913043	240.000000	320.000000
0	20.527000	13.913043	240.000000	320.000000
0	20.574000	13.913043	240.000000	320.000000
0	20.605000	13.913043	240.000000	320.000000
0	20.636000	13.913043	240.000000	320.000000
0	20.668000	13.913043	240.000000	320.000000
0	20.699000	13.913043	240.000000	320.000000
0	20.730000	13.913043	240.000000	320.000000
0	20.761000	13.913043	240.000000	320.000000
0	20.808000	13.913043	240.000000	320.000000
0	20.839000	13.913043	240.000000	320.000000
0	20.870000	13.913043	240.000000	320.000000
0	20.902000	13.913043	240.000000	320.000000
0	20.933000	13.913043	240.000000	320.000000
0	20.964000	13.913043	240.000000	320.000000
0	20.995000	13.913043	240.000000	320.000000
0	21.026000	13.913043	240.000000	320.000000
0	21.073000	13.913043	240.000000	320.000000
0	21.104000	13.913043	240.000000	320.000000
0	21.136000	13.913043	240.000000	320.000000
0	21.167000	13.913043	240.000000	320.000000
0	21.198000	13.913043	240.000000	320.000000
0	21.229000	13.913043	240.000000	320.000000
0	21.260000	13.913043	240.000000	320.000000
0	21.307000	13.913043	240.000000	320.000000
0	21.338000	13.913043	240.000000	320.000000
0	21.370000	13.913043	240.000000	320.000000
0	21.401000	13.913043	240.000000	320.000000
0	21.432000	13.913043	240.000000	320.000000
0	21.463000	13.913043	240.000000	320.000000
0	21.494000	13.913043	240.000000	320.000000
0	21.541000	13.913043	240.000000	320.000000
0	21.572000	13.913043	240.000000	320.000000
0	21.604000	13.913043	240.000000	320.000000
0	21.635000	13.913043	240.000000	320.000000
0	21.666000	13.913043	240.000000	320.000000
0	21.697000	13.913043	240.000000	320.000000
0	21.728000	13.913043	240.000000	320.000000
0	21.760000	13.913043	240.000000	320.000000
0	21.806000	13.913043	240.000000	320.000000
0	21.838000	13.913043	240.000000	320.000000
0	21.869000	13.913043	240.000000	320.000000
0	21.900000	13.913043	240.000000	320.000000
0	21.931000	13.913043	240.000000	320.000000
0	21.962000	13.913043	240.000000	320.000000
0	21.994000	13.913043	240.000000	320.000000
0	22.040000	13.913043	240.000000	320.000000
0	22.072000	13.913043	240.000000	320.000000
0	22.103000	13.913043	240.000000	320.000000
0	22.134000	13.913043	240.000000	320.000000
0	22.165000	13.913043	240.000000	320.000000
0	22.196000	13.913043	240.000000	320.000000
0	22.228000	13.913043	240.000000	320.000000
0	22.274000	13.913043	240.000000	320.000000
0	22.306000	13.913043	240.000000	320.000000
0	22.337000	13.913043	240.000000	320.000000
0	22.368000	13.913043	240.000000	320.000000
0	22.399000	13.913043	240.000000	320.000000
0	22.430000	13.913043	240.000000	320.000000
0	22.462000	13.913043	240.000000	320.000000
0	22.493000	13.913043	240.000000	320.000000
0	22.540000	13.913043	240.000000	320.000000
0	22.571000	13.913043	240.000000	320.000000
0	22.602000	13.913043	240.000000	320.000000
0	22.633000	13.913043	240.000000	320.000000
0	22.664000	13.913043	240.000000	320.000000
0	22.696000	13.913043	240.000000	320.000000
0	22.727000	13.913043	240.000000	320.000000
0	22.758000	13.913043	240.000000	320.000000
0	22.805000	13.913043	240.000000	320.000000
0	22.836000	13.913043	240.000000	320.000000
0	22.867000	13.913043	240.000000	320.000000
0	22.898000	13.913043	240.000000	320.000000
0	22.930000	13.913043	240.000000	320.000000
0	22.961000	13.913043	240.000000	320.000000
0	22.992000	13.913043	240.000000	320.000000
0	23.039000	13.913043	240.000000	320.000000
0	23.070000	13.913043	240.000000	320.000000
0	23.101000	13.913043	240.000000	320.000000
0	23.132000	13.913043	240.000000	320.000000
0	23.164000	13.913043	240.000000	320.000000
0	23.195000	13.913043	240.000000	320.000000
0	23.226000	13.913043	240.000000	320.000000
0	23.273000	13.913043	240.000000	320.000000
0	23.304000	13.913043	240.000000	320.000000
0	23.335000	13.913043	240.000000	320.000000
0	23.366000	13.913043	240.000000	320.000000
0	23.398000	13.913043	240.000000	320.000000
0	23.429000	13.913043	240.000000	320.000000
0	23.460000	13.913043	240.000000	320.000000
0	23.491000	13.913043	240.000000	320.000000
0	23.538000	13.913043	240.000000	320.000000
0	23.569000	13.913043	240.000000	320.000000
0	23.600000	13.913043	240.000000	320.000000
0	23.632000	13.913043	240.000000	320.000000
0	23.663000	13.913043	240.000000	320.000000
0	23.694000	13.913043	240.000000	320.000000
0	23.725000	13.913043	240.000000	320.000000
0	23.772000	13.913043	240.000000	320.000000
0	23.803000	13.913043	240.000000	320.000000
0	23.834000	13.913043	240.000000	320.000000
0	23.866000	13.913043	240.000000	320.000000
0	23.897000	13.913043	240.000000	320.000000
0	23.928000	13.913043	240.000000	320.000000
0	23.959000	13.913043	240.000000	320.000000
0	24.006000	13.913043	240.000000	320.000000
0	24.037000	13.913043	240.000000	320.000000
0	24.068000	13.913043	240.000000	320.000000
0	24.100000	13.913043	240.000000	320.000000
0	24.131000	13.913043	240.000000	320.000000
0	24.162000	13.913043	240.000000	320.000000
0	24.193000	13.913043	240.000000	320.000000
0	24.224000	13.913043	240.000000	320.000000
0	24.271000	13.913043	240.000000	320.000000
0	24.302000	13.913043	240.000000	320.000000
0	24.334000	13.913043	240.000000	320.000000
0	24.365000	13.913043	240.000000	320.000000
0	24.396000	13.913043	240.000000	320.000000
0	24.427000	13.913043	240.000000	320.000000
0	24.458000	13.913043	240.000000	320.000000
0	24.505000	13.913043	240.000000	320.000000
0	24.536000	13.913043	240.000000	320.000000
0	24.568000	13.913043	240.000000	320.000000
0	24.599000	13.913043	240.000000	320.000000
0	24.630000	13.913043	240.000000	320.000000
0	24.661000	13.913043	240.000000	320.000000
0	24.692000	13.913043	240.000000	320.000000
0	24.739000	13.913043	240.000000	320.000000
0	24.770000	13.913043	240.000000	320.000000
0	24.802000	13.913043	240.000000	320.000000
0	24.833000	13.913043	240.000000	320.000000
0	24.864000	13.913043	240.000000	320.000000
0	24.895000	13.913043	240.000000	320.000000
0	24.926000	13.913043	240.000000	320.000000
0	24.958000	13.913043	240.000000	320.000000
0	25.004000	13.913043	240.000000	320.000000
0	25.036000	13.913043	240.000000	320.000000
0	25.067000	13.913043	240.000000	320.000000
0	25.098000	13.913043	240.000000	320.000000
0	25.129000	13.913043	240.000000	320.000000
0	25.160000	13.913043	240.000000	320.000000
0	25.192000	13.913043	240.000000	320.000000
0	25.238000	13.913043	240.000000	320.000000
0	25.270000	13.913043	240.000000	320.000000
0	25.301000	13.913043	240.000000	320.000000
0	25.332000	13.913043	240.000000	320.000000
0	25.363000	13.913043	240.000000	320.000000
0	25.394000	13.913043	240.000000	320.000000
0	25.426000	13.913043	240.000000	320.000000
0	25.472000	13.913043	240.000000	320.000000
0	25.504000	13.913043	240.000000	320.000000
0	25.535000	13.913043	240.000000	320.000000
0	25.566000	13.913043	240.000000	320.000000
0	25.597000	13.913043	240.000000	320.000000
0	25.628000	13.913043	240.000000	320.000000
0	25.660000	13.913043	240.000000	320.000000
0	25.691000	13.913043	240.000000	320.000000
0	25.738000	13.913043	240.000000	320.000000
0	25.769000	13.913043	240.000000	320.000000
0	25.800000	13.913043	240.000000	320.000000
0	25.831000	13.913043	240.000000	320.000000
0	25.862000	13.913043	240.000000	320.000000
0	25.894000	13.913043	240.000000	320.000000
0	25.925000	13.913043	240.000000	320.000000
0	25.972000	13.913043	240.000000	320.000000
0	26.003000	13.913043	240.000000	320.000000
0	26.034000	13.913043	240.000000	320.000000
0	26.065000	13.913043	240.000000	320.000000
0	26.096000	13.913043	240.000000	320.000000
0	26.128000	13.913043	240.000000	320.000000
0	26.159000	13.913043	240.000000	320.000000
0	26.206000	13.913043	240.000000	320.000000
0	26.237000	13.913043	240.000000	320.000000
0	26.268000	13.913043	240.000000	320.000000
0	26.299000	13.913043	240.000000	320.000000
0	26.330000	13.913043	240.000000	320.000000
0	26.362000	13.913043	240.000000	320.000000
0	26.393000	13.913043	240.000000	320.000000
0	26.424000	13.913043	240.000000	320.000000
0	26.471000	13.913043	240.000000	320.000000
0	26.502000	13.913043	240.000000	320.000000
0	26.533000	13.913043	240.000000	320.000000
0	26.564000	13.913043	240.000000	320.000000
0	26.596000	13.913043	240.000000	320.000000
0	26.627000	13.913043	240.000000	320.000000
0	26.658000	13.913043	240.000000	320.000000
0	26.689000	13.913043	240.000000	320.000000
0	26.736000	13.913043	240.000000	320.000000
0	26.767000	13.913043	240.000000	320.000000
0	26.798000	13.913043	240.000000	320.000000
0	26.830000	13.913043	240.000000	320.000000
0	26.861000	13.913043	240.000000	320.000000
0	26.892000	13.913043	240.000000	320.000000
0	26.923000	13.913043	240.000000	320.000000
0	26.970000	13.913043	240.000000	320.000000
0	27.001000	13.913043	240.000000	320.000000
0	27.032000	13.913043	240.000000	320.000000
0	27.064000	13.913043	240.000000	320.000000
0	27.095000	13.913043	240.000000	320.000000
0	27.126000	13.913043	240.000000	320.000000
0	27.157000	13.913043	240.000000	320.000000
0	27.204000	13.913043	240.000000	320.000000
0	27.235000	13.913043	240.000000	320.000000
0	27.266000	13.913043	240.000000	320.000000
0	27.298000	13.913043	240.000000	320.000000
0	27.329000	13.913043	240.000000	320.000000
0	27.360000	13.913043	240.000000	320.000000
0	27.391000	13.913043	240.000000	320.000000
0	27.422000	13.913043	240.000000	320.000000
0	27.469000	13.913043	240.000000	320.000000
0	27.500000	13.913043	240.000000	320.000000
0	27.532000	13.913043	240.000000	320.000000
0	27.563000	13.913043	240.000000	320.000000
0	27.594000	13.913043	240.000000	320.000000
0	27.625000	13.913043	240.000000	320.000000
0	27.656000	13.913043	240.000000	320.000000
0	27.703000	13.913043	240.000000	320.000000
0	27.734000	13.913043	240.000000	320.000000
0	27.766000	13.913043	240.000000	320.000000
0	27.797000	13.913043	240.000000	320.000000
0	27.828000	13.913043	240.000000	320.000000
0	27.859000	13.913043	240.000000	320.000000
0	27.890000	13.913043	240.000000	320.000000
0	27.937000	13.913043	240.000000	320.000000
0	27.968000	13.913043	240.000000	320.000000
0	28.000000	13.913043	240.000000	320.000000
0	28.031000	13.913043	240.000000	320.000000
0	28.062000	13.913043	240.000000	320.000000
0	28.093000	13.913043	240.000000	320.000000
0	28.124000	13.913043	240.000000	320.000000
0	28.156000	13.913043	240.000000	320.000000
0	28.202000	13.913043	240.000000	320.000000
0	28.234000	13.913043	240.000000	320.000000
0	28.265000	13.913043	240.000000	320.000000
0	28.296000	13.913043	240.000000	320.000000
0	28.327000	13.913043	240.000000	320.000000
0	28.358000	13.913043	240.000000	320.000000
0	28.390000	13.913043	240.000000	320.000000
0	28.436000	13.913043	240.000000	320.000000
0	28.468000	13.913043	240.000000	320.000000
0	28.499000	13.913043	240.000000	320.000000
0	28.530000	13.913043	240.000000	320.000000
0	28.561000	13.913043	240.000000	320.000000
0	28.592000	13.913043	240.000000	320.000000
0	28.624000	13.913043	240.000000	320.000000
0	28.670000	13.913043	240.000000	320.000000
0	28.702000	13.913043	240.000000	320.000000
0	28.733000	13.913043	240.000000	320.000000
0	28.764000	13.913043	240.000000	320.000000
0	28.795000	13.913043	240.000000	320.000000
0	28.826000	13.913043	240.000000	320.000000
0	28.858000	13.913043	240.000000	320.000000
0	28.889000	13.913043	240.000000	320.000000
0	28.936000	13.913043	240.000000	320.000000
0	28.967000	13.913043	240.000000	320.000000
0	28.998000	13.913043	240.000000	320.000000
0	29.029000	13.913043	240.000000	320.000000
0	29.060000	13.913043	240.000000	320.000000
0	29.092000	13.913043	240.000000	320.000000
0	29.123000	13.913043	240.000000	320.000000
0	29.170000	13.913043	240.000000	320.000000
0	29.201000	13.913043	240.000000	320.000000
0	29.232000	13.913043	240.000000	320.000000
0	29.263000	13.913043	240.000000	320.000000
0	29.294000	13.913043	240.000000	320.000000
0	29.326000	13.913043	240.000000	320.000000
0	29.357000	13.913043	240.000000	320.000000
0	29.404000	13.913043	240.000000	320.000000
0	29.435000	13.913043	240.000000	320.000000
0	29.466000	13.913043	240.000000	320.000000
0	29.497000	13.913043	240.000000	320.000000
0	29.528000	13.913043	240.000000	320.000000
0	29.560000	13.913043	240.000000	320.000000
0	29.591000	13.913043	240.000000	320.000000
0	29.622000	13.913043	240.000000	320.000000
0	29.669000	13.913043	240.000000	320.000000
0	29.700000	13.913043	240.000000	320.000000
0	29.731000	13.913043	240.000000	320.000000
0	29.762000	13.913043	240.000000	320.000000
0	29.794000	13.913043	240.000000	320.000000
0	29.825000	13.913043	240.000000	320.000000
0	29.856000	13.913043	240.000000	320.000000
0	29.903000	13.913043	240.000000	320.000000
0	29.934000	13.913043	240.000000	320.000000
0	29.965000	13.913043	240.000000	320.000000
0	29.996000	13.913043	240.000000	320.000000
<\LEFT-PUPIL-DATA>
<RIGHT-PUPIL-ANALYSIS>
1
0	0	18	902	0	0	0.511000	29.518000	0.509000	4.006067	0.000000	0.000000	0.000000	0	3	3	3	3	0	0	0	0.000000	0.000000	0.000000	0.000000	0.000000	0.000000	0.000000	-1.000000	0.000000	1	1.318522	0.769768	1.365509	0.465539	0.220000	-0.549853	-1.321920	-1.000000	0.064280	1	1.318522	0.769768	1.365509	0.465539	0.220000	-0.633726	-1.321923	-1.000000	0.068252
<\RIGHT-PUPIL-ANALYSIS>
<LEFT-PUPIL-ANALYSIS>
1
0	0	17	902	0	0	0.511000	29.518000	0.509000	4.006067	0.000000	0.000000	0.000000	0	3	3	3	3	0	0	0	0.000000	0.000000	0.000000	0.000000	0.000000	0.000000	0.000000	-1.000000	0.000000	0	-0.034783	-0.034783	0.000950	0.000950	0.001000	0.000000	0.000000	-1.000000	0.000000	1	-0.034783	-0.034783	0.000950	0.000950	0.001000	-1000000.000000	-1000000.000000	-1.000000	0.000000
<\LEFT-PUPIL-ANALYSIS>
%%%%%%%%%
%%%%%%%%%
%%%%%%%%%
%%%	Measurement Tiime is: 2017-10-31 12:05:23
%%%	Subject ID is: C57BL6-28.09.17-DA-1mois-M2-0.6b
%%%	Note: 
%%%	RSS: Default Human Relative Spectral Sensitivity
%%%	Pupil Analysis:
%%%
%%%
%%%
%%%	Pulse Index:	0
%%%	Stimulus Session Index:	0
%%%	Right Pupil Stimulated
%%%	Light Metric is Photopic
%%%	Stimulus Start Time(sec):	0.51
%%%	Stimulus Duration(sec):	29.52
%%%	Stimulus Pulse Duration(sec):	0.51
%%%	Right Pulse:	4.01	(Blue )	-	0.00	(Blue )	[Lux ]
%%%	Left Pulse:	0.00	(Blue )	-	0.00	(Blue )	[Lux ]
%%%
%%%		RIGHT	LEFT	R.Pupil Mean	L.Pupil Mean	R.Stim Mean	R.Stim Mean
%%%	INPUT:	RAW DATA	RAW DATA
%%%	STATE:	ABNORMAL	ABNORMAL	ABNORMAL	ABNORMAL	ABNORMAL	ABNORMAL
%%%	MAX(mm):	0.00	0.00	0.00	0.00	0.00	0.00
%%%	MIN(mm):	0.00	0.00	0.00	0.00	0.00	0.00
%%%	DELTA(mm):						
%%%	CH(%):						
%%%	LAT(sec):	0.00	0.00	0.00	0.00	0.00	0.00
%%%	CV(mm/s):	0.00	0.00	0.00	0.00	0.00	0.00
%%%	MCV(mm/s):	0.00	0.00	0.00	0.00	0.00	0.00
%%%	DV(mm/s):	0.00	0.00	0.00	0.00	0.00	0.00
%%%%%%%%%
%%%%%%%%%
%%%%%%%%%
%%%	Right Pupil Profile (1st row -> 1 == valid tracking, 0 == invalid tracking; 2nd row -> time; 3rd row -> diameter (mm))
%%%	1	1	1	1	1	1	1	1	0	1	1	1	1	1	1	1	1	1	1	1	1	1	1	1	1	1	1	1	1	1	1	0	1	1	0	1	1	1	1	1	1	1	1	0	1	1	1	1	1	1	1	1	1	1	1	1	0	1	1	0	1	1	0	1	1	1	0	1	1	1	1	1	1	1	1	1	1	1	1	1	0	1	1	1	1	1	1	1	1	1	1	1	1	1	1	1	1	1	1	0	1	1	1	1	1	1	0	1	1	1	1	1	1	1	1	1	1	1	1	1	1	1	1	1	1	1	1	1	1	1	1	1	1	1	1	1	0	1	1	1	1	1	1	1	1	1	1	1	1	1	1	1	1	1	1	1	1	1	1	1	1	1	1	1	1	1	1	1	1	1	1	1	1	1	1	1	1	1	1	1	1	1	1	0	0	1	1	1	1	1	1	1	0	1	1	1	1	0	1	1	1	1	1	1	1	1	1	1	1	1	1	1	1	1	1	1	1	1	1	1	0	1	1	1	1	1	1	1	1	1	1	1	0	1	1	1	0	1	1	1	1	0	0	1	1	1	1	1	1	0	1	1	1	1	1	1	1	1	1	1	1	1	1	1	1	0	1	1	1	1	1	1	1	1	1	1	1	1	1	1	1	1	1	1	0	1	1	1	1	1	1	1	1	1	1	1	1	1	1	1	1	0	1	1	1	1	1	1	0	1	1	1	1	1	1	0	1	1	1	1	0	1	1	1	1	1	1	1	1	1	0	1	1	1	1	1	1	0	0	1	1	0	1	1	1	1	0	1	0	1	1	1	1	1	1	1	1	1	1	1	0	1	1	1	1	1	1	1	0	1	1	0	1	1	1	0	1	1	1	1	1	1	1	1	1	1	1	1	1	1	0	1	1	1	0	1	1	1	1	1	1	1	0	1	1	1	1	1	1	1	0	1	1	1	0	1	1	1	1	1	1	0	1	1	1	1	0	1	1	1	1	1	1	1	0	1	1	1	0	1	1	0	1	0	0	0	1	1	1	1	1	1	1	1	0	1	1	0	1	1	1	1	1	0	1	1	0	0	1	1	0	1	1	1	0	1	1	1	0	1	1	0	1	1	1	1	1	1	1	1	1	1	1	0	1	1	1	1	1	1	1	1	1	1	1	1	1	1	0	0	0	1	1	1	1	1	1	0	1	0	1	1	0	1	0	1	1	0	0	1	1	1	1	1	1	1	1	1	0	0	1	1	1	1	1	0	0	1	1	1	0	1	1	1	0	1	0	1	0	1	1	0	1	1	0	1	0	1	1	1	1	0	1	1	1	1	1	1	1	1	1	1	0	1	1	1	0	1	1	1	1	1	1	1	1	1	1	1	1	1	1	0	1	1	1	1	1	1	1	1	0	1	1	1	1	1	1	1	1	1	1	1	1	1	1	1	1	1	1	1	0	1	1	1	1	1	1	1	1	1	1	1	1	1	1	1	1	1	1	1	0	1	1	1	1	1	1	1	1	1	0	1	1	1	1	1	1	1	1	1	0	1	1	1	1	1	1	0	1	1	1	1	0	0	1	0	0	1	1	1	1	1	1	1	1	1	1	1	1	0	0	1	1	1	1	1	1	1	1	1	1	1	1	1	1	1	1	1	1	1	1	1	1	1	0	1	1	0	1	1	1	1	0	1	0	1	1	0	1	0	1	1	1	1	1	1	1	0	0	1	1	1	0	1	1	1	1	1	0	1	1	1	1	1	1	1	1	1	1	1	1	1	1	1	1	1	1	1	1	1	1	1	1	1	1	1	1	1	1	1	1	1	1	1	1	1	1	1	0	0	1	1	1	1	1	1	0	1	1	1	1	1	0	1	1	1	1	1	1	1	1	0	1	1	1	1	1	1	1	1	0	1	0	1	1	1	1	1	0	0	1	1	1	1	1	1	1	1	1	1	1	1	1	1	1	1	1	1	1	1	1	1	1	1	1	1	1	1	1	1	1	1	1	1	1	1	0	1	0	1	1	1	1	1	1	1	1	1	1	1	1	1	1	1	1	0	1	1	1	1	1	1	1
%%%	-0.065000	-0.034000	-0.003000	0.029000	0.060000	0.107000	0.138000	0.169000	0.200000	0.231000	0.263000	0.294000	0.341000	0.372000	0.403000	0.434000	0.465000	0.497000	0.528000	0.575000	0.606000	0.637000	0.668000	0.699000	0.731000	0.762000	0.793000	0.840000	0.871000	0.902000	0.933000	0.965000	0.996000	1.027000	1.074000	1.105000	1.136000	1.167000	1.199000	1.230000	1.261000	1.308000	1.339000	1.370000	1.401000	1.433000	1.464000	1.495000	1.526000	1.573000	1.604000	1.635000	1.667000	1.698000	1.729000	1.760000	1.807000	1.838000	1.869000	1.901000	1.932000	1.963000	1.994000	2.041000	2.072000	2.103000	2.135000	2.166000	2.197000	2.228000	2.259000	2.306000	2.337000	2.369000	2.400000	2.431000	2.462000	2.493000	2.540000	2.571000	2.603000	2.634000	2.665000	2.696000	2.727000	2.774000	2.805000	2.837000	2.868000	2.899000	2.930000	2.961000	2.993000	3.039000	3.071000	3.102000	3.133000	3.164000	3.195000	3.227000	3.273000	3.305000	3.336000	3.367000	3.398000	3.429000	3.461000	3.492000	3.539000	3.570000	3.601000	3.632000	3.663000	3.695000	3.726000	3.773000	3.804000	3.835000	3.866000	3.897000	3.929000	3.960000	4.007000	4.038000	4.069000	4.100000	4.131000	4.163000	4.194000	4.225000	4.272000	4.303000	4.334000	4.365000	4.397000	4.428000	4.459000	4.506000	4.537000	4.568000	4.599000	4.631000	4.662000	4.693000	4.740000	4.771000	4.802000	4.833000	4.865000	4.896000	4.927000	4.958000	5.005000	5.036000	5.067000	5.099000	5.130000	5.161000	5.192000	5.239000	5.270000	5.301000	5.333000	5.364000	5.395000	5.426000	5.457000	5.504000	5.535000	5.567000	5.598000	5.629000	5.660000	5.691000	5.738000	5.769000	5.801000	5.832000	5.863000	5.894000	5.925000	5.972000	6.003000	6.035000	6.066000	6.097000	6.128000	6.159000	6.191000	6.237000	6.269000	6.300000	6.331000	6.362000	6.393000	6.425000	6.471000	6.503000	6.534000	6.565000	6.596000	6.627000	6.659000	6.705000	6.737000	6.768000	6.799000	6.830000	6.861000	6.893000	6.924000	6.971000	7.002000	7.033000	7.064000	7.095000	7.127000	7.158000	7.205000	7.236000	7.267000	7.298000	7.329000	7.361000	7.392000	7.423000	7.470000	7.501000	7.532000	7.563000	7.595000	7.626000	7.657000	7.704000	7.735000	7.766000	7.797000	7.829000	7.860000	7.891000	7.938000	7.969000	8.000000	8.031000	8.063000	8.094000	8.125000	8.156000	8.203000	8.234000	8.265000	8.297000	8.328000	8.359000	8.390000	8.437000	8.468000	8.499000	8.531000	8.562000	8.593000	8.624000	8.671000	8.702000	8.733000	8.765000	8.796000	8.827000	8.858000	8.889000	8.936000	8.967000	8.999000	9.030000	9.061000	9.092000	9.123000	9.170000	9.201000	9.233000	9.264000	9.295000	9.326000	9.357000	9.404000	9.435000	9.467000	9.498000	9.529000	9.560000	9.591000	9.623000	9.669000	9.701000	9.732000	9.763000	9.794000	9.825000	9.857000	9.903000	9.935000	9.966000	9.997000	10.028000	10.059000	10.091000	10.137000	10.169000	10.200000	10.231000	10.262000	10.293000	10.325000	10.356000	10.403000	10.434000	10.465000	10.496000	10.527000	10.559000	10.590000	10.637000	10.668000	10.699000	10.730000	10.761000	10.793000	10.824000	10.855000	10.902000	10.933000	10.964000	10.995000	11.027000	11.058000	11.089000	11.136000	11.167000	11.198000	11.229000	11.261000	11.292000	11.323000	11.354000	11.401000	11.432000	11.463000	11.495000	11.526000	11.557000	11.588000	11.635000	11.666000	11.697000	11.729000	11.760000	11.791000	11.822000	11.869000	11.900000	11.931000	11.963000	11.994000	12.025000	12.056000	12.087000	12.134000	12.165000	12.197000	12.228000	12.259000	12.290000	12.321000	12.368000	12.399000	12.431000	12.462000	12.493000	12.524000	12.555000	12.602000	12.633000	12.665000	12.696000	12.727000	12.758000	12.789000	12.821000	12.867000	12.899000	12.930000	12.961000	12.992000	13.023000	13.055000	13.101000	13.133000	13.164000	13.195000	13.226000	13.257000	13.289000	13.335000	13.367000	13.398000	13.429000	13.460000	13.491000	13.523000	13.554000	13.601000	13.632000	13.663000	13.694000	13.725000	13.757000	13.788000	13.835000	13.866000	13.897000	13.928000	13.959000	13.991000	14.022000	14.069000	14.100000	14.131000	14.162000	14.193000	14.225000	14.256000	14.287000	14.334000	14.365000	14.396000	14.427000	14.459000	14.490000	14.521000	14.568000	14.599000	14.630000	14.661000	14.693000	14.724000	14.755000	14.802000	14.833000	14.864000	14.895000	14.927000	14.958000	14.989000	15.020000	15.067000	15.098000	15.129000	15.161000	15.192000	15.223000	15.254000	15.285000	15.332000	15.363000	15.395000	15.426000	15.457000	15.488000	15.519000	15.566000	15.597000	15.629000	15.660000	15.691000	15.722000	15.753000	15.800000	15.831000	15.863000	15.894000	15.925000	15.956000	15.987000	16.019000	16.065000	16.097000	16.128000	16.159000	16.190000	16.222000	16.253000	16.300000	16.331000	16.362000	16.393000	16.424000	16.456000	16.487000	16.534000	16.565000	16.596000	16.627000	16.658000	16.690000	16.721000	16.752000	16.799000	16.830000	16.861000	16.892000	16.924000	16.955000	16.986000	17.033000	17.064000	17.095000	17.126000	17.158000	17.189000	17.220000	17.267000	17.298000	17.329000	17.360000	17.392000	17.423000	17.454000	17.485000	17.532000	17.563000	17.594000	17.626000	17.657000	17.688000	17.719000	17.766000	17.797000	17.828000	17.860000	17.891000	17.922000	17.953000	18.000000	18.031000	18.062000	18.094000	18.125000	18.156000	18.187000	18.218000	18.265000	18.296000	18.328000	18.359000	18.390000	18.421000	18.452000	18.499000	18.530000	18.562000	18.593000	18.624000	18.655000	18.686000	18.733000	18.764000	18.796000	18.827000	18.858000	18.889000	18.920000	18.952000	18.998000	19.030000	19.061000	19.092000	19.123000	19.154000	19.186000	19.232000	19.264000	19.295000	19.326000	19.357000	19.388000	19.420000	19.451000	19.498000	19.529000	19.560000	19.591000	19.622000	19.654000	19.685000	19.732000	19.763000	19.794000	19.825000	19.856000	19.888000	19.919000	19.950000	19.997000	20.028000	20.059000	20.090000	20.122000	20.153000	20.184000	20.231000	20.262000	20.293000	20.324000	20.356000	20.387000	20.418000	20.465000	20.496000	20.527000	20.558000	20.590000	20.621000	20.652000	20.683000	20.730000	20.761000	20.792000	20.824000	20.855000	20.886000	20.917000	20.964000	20.995000	21.026000	21.058000	21.089000	21.120000	21.151000	21.198000	21.229000	21.260000	21.292000	21.323000	21.354000	21.385000	21.416000	21.463000	21.494000	21.526000	21.557000	21.588000	21.619000	21.650000	21.697000	21.728000	21.760000	21.791000	21.822000	21.853000	21.884000	21.931000	21.962000	21.994000	22.025000	22.056000	22.087000	22.118000	22.150000	22.196000	22.228000	22.259000	22.290000	22.321000	22.352000	22.384000	22.430000	22.462000	22.493000	22.524000	22.555000	22.586000	22.618000	22.664000	22.696000	22.727000	22.758000	22.789000	22.820000	22.852000	22.883000	22.930000	22.961000	22.992000	23.023000	23.054000	23.086000	23.117000	23.164000	23.195000	23.226000	23.257000	23.288000	23.320000	23.351000	23.382000	23.429000	23.460000	23.491000	23.522000	23.554000	23.585000	23.616000	23.663000	23.694000	23.725000	23.756000	23.788000	23.819000	23.850000	23.897000	23.928000	23.959000	23.990000	24.022000	24.053000	24.084000	24.115000	24.162000	24.193000	24.224000	24.256000	24.287000	24.318000	24.349000	24.396000	24.427000	24.458000	24.490000	24.521000	24.552000	24.583000	24.630000	24.661000	24.692000	24.724000	24.755000	24.786000	24.817000	24.848000	24.895000	24.926000	24.958000	24.989000	25.020000	25.051000	25.082000	25.129000	25.160000	25.192000	25.223000	25.254000	25.285000	25.316000	25.363000	25.394000	25.426000	25.457000	25.488000	25.519000	25.550000	25.582000	25.628000	25.660000	25.691000	25.722000	25.753000	25.784000	25.816000	25.862000	25.894000	25.925000	25.956000	25.987000	26.018000	26.050000	26.096000	26.128000	26.159000	26.190000	26.221000	26.252000	26.284000	26.315000	26.362000	26.393000	26.424000	26.455000	26.486000	26.518000	26.549000	26.596000	26.627000	26.658000	26.689000	26.720000	26.752000	26.783000	26.814000	26.861000	26.892000	26.923000	26.954000	26.986000	27.017000	27.048000	27.095000	27.126000	27.157000	27.188000	27.220000	27.251000	27.282000	27.313000	27.360000	27.391000	27.422000	27.454000	27.485000	27.516000	27.547000	27.594000	27.625000	27.656000	27.688000	27.719000	27.750000	27.781000	27.828000	27.859000	27.890000	27.922000	27.953000	27.984000	28.015000	28.046000	28.093000	28.124000	28.156000	28.187000	28.218000	28.249000	28.280000	28.327000	28.358000	28.390000	28.421000	28.452000	28.483000	28.514000	28.561000	28.592000	28.624000	28.655000	28.686000	28.717000	28.748000	28.780000	28.826000	28.858000	28.889000	28.920000	28.951000	28.982000	29.014000	29.060000	29.092000	29.123000	29.154000	29.185000	29.216000	29.248000	29.294000	29.326000	29.357000	29.388000	29.419000	29.450000	29.482000	29.513000	29.560000	29.591000	29.622000	29.653000	29.684000	29.716000	29.747000	29.794000	29.825000	29.856000	29.887000	29.918000	29.950000	29.981000
%%%	1.281594	1.243478	1.270145	1.273333	1.269420	1.266667	1.276667	1.281594	1.020290	1.182609	1.321739	1.267971	1.268986	1.182609	1.309275	1.304493	1.275362	1.286957	1.327536	1.305507	1.304493	1.268406	1.305362	1.292899	1.281594	1.265362	1.229855	1.194058	1.100580	1.087536	1.042754	0.920725	0.986377	0.968985	0.852899	0.939130	0.883188	0.834783	0.828986	0.806667	0.823188	0.828986	0.788116	0.811594	0.783768	0.811594	0.765217	0.762464	0.792464	0.751015	0.777681	0.788406	0.813333	0.787536	0.794058	0.820580	0.718841	0.809855	0.766377	0.718841	0.813623	0.811594	0.718841	0.821159	0.823333	0.843478	0.765217	0.807536	0.815942	0.805942	0.828841	0.815362	0.825507	0.850580	0.852754	0.814203	0.814058	0.857102	0.848841	0.820725	0.801015	0.788406	0.814203	0.822464	0.814058	0.828986	0.863768	0.822899	0.869565	0.825072	0.796667	0.805942	0.871884	0.885942	0.811594	0.839855	0.840145	0.842319	0.834783	0.814058	0.811594	0.800145	0.814058	0.823188	0.856377	0.839275	0.761449	0.857681	0.886377	0.881594	0.820579	0.847101	0.866232	0.837971	0.859710	0.857102	0.862319	0.881449	0.821159	0.839855	0.817391	0.874638	0.850725	0.857971	0.848985	0.857102	0.910145	0.870145	0.814058	0.857971	0.869565	0.834203	0.840725	0.834783	0.869565	0.874638	0.779420	0.866377	0.814058	0.870290	0.846377	0.847246	0.855797	0.798406	0.834783	0.852174	0.839275	0.855362	0.838984	0.836377	0.848841	0.847246	0.840145	0.846377	0.829855	0.846377	0.815362	0.839275	0.856377	0.848406	0.804928	0.831015	0.826087	0.835362	0.796232	0.786812	0.864203	0.820580	0.829855	0.801159	0.834783	0.857681	0.839710	0.834783	0.828841	0.833768	0.827102	0.811594	0.834928	0.800580	0.851015	0.842898	0.863768	0.811594	0.815362	0.833768	0.741304	0.852174	0.857971	0.875507	0.838116	0.860870	0.800725	0.848261	0.849420	0.883188	0.832029	0.814058	0.870290	0.840290	0.834783	0.817246	0.859275	0.835942	0.826087	0.885362	0.852028	0.854928	0.852174	0.814058	0.834783	0.811884	0.796812	0.795072	0.822319	0.840145	0.849420	0.816377	0.847681	0.866377	0.813623	0.860145	0.881594	0.866377	0.850580	0.814058	0.874928	0.809855	0.847681	0.835362	0.881159	0.857971	0.831594	0.860290	0.918985	0.892898	0.800580	0.870580	0.885507	0.857971	0.862753	0.834783	0.858116	0.836377	0.870290	0.866232	0.881159	0.869565	0.835362	0.857971	0.866377	0.874493	0.901015	0.866377	0.898841	0.848985	0.885942	0.859855	0.886957	0.870145	0.919855	0.874638	0.876232	0.901449	0.866377	0.841014	0.857102	0.881160	0.874203	0.863768	0.894058	0.866667	0.875217	0.919275	0.865797	0.783768	0.866812	0.874203	0.836667	0.866232	0.898985	0.901449	0.912319	0.887681	0.831594	0.886667	0.875507	0.882609	0.848985	0.876667	0.892754	0.835507	0.884201	0.927681	0.917971	0.912029	0.846232	0.909275	0.852029	0.888551	0.883623	0.849420	0.912029	0.857536	0.904348	0.927681	0.885362	0.869565	0.818406	0.886957	0.896812	0.912029	0.884928	0.938116	0.904348	0.857536	0.866377	0.886377	0.921594	0.918406	0.849420	0.904348	0.848841	0.834783	0.866377	0.892754	0.870580	0.870580	0.921594	0.903333	0.863623	0.916232	0.892754	0.903333	0.912029	0.895942	0.926667	0.815942	0.839275	0.898985	0.860870	0.896232	0.875507	0.925072	0.869565	0.814203	0.794493	0.825072	0.823188	0.918406	0.900580	0.883623	0.884203	0.902754	0.834783	0.859710	0.881159	0.903768	0.903188	0.852754	0.866812	0.857102	0.888116	0.911737	0.937536	0.930435	0.918985	0.916232	0.831884	0.915506	0.927536	0.860870	0.872754	0.825072	0.892464	0.800580	0.901449	0.884928	0.880870	0.886377	0.925507	0.912319	0.875942	0.882029	0.915942	0.925652	0.931015	0.920725	0.931159	0.912319	0.846232	0.939130	0.915942	0.910145	0.347826	0.927536	0.917971	0.904348	0.916377	0.884203	0.885362	0.904348	0.880435	0.915942	0.911449	0.928841	0.927681	0.886667	0.927681	0.951015	0.875942	0.884203	0.915942	0.922319	0.800580	0.917536	0.937971	0.929275	0.916812	0.929275	0.927536	0.869565	0.910145	0.921159	0.916666	0.916232	0.835507	0.888261	0.934203	0.835797	0.957102	0.874637	0.949855	0.915942	0.848841	0.920145	0.924928	0.927246	0.846377	0.924493	0.903768	0.857102	0.912319	0.871159	0.853623	0.866812	0.931449	0.942029	0.921159	0.901449	0.972899	0.904493	0.970725	0.937971	0.886957	0.985362	0.839855	0.937101	0.955507	1.025072	0.987536	0.997101	0.997101	0.922899	1.024928	1.043333	0.892754	0.920145	1.002754	1.004058	0.858116	1.008696	1.018551	0.996812	0.894493	1.040145	0.884203	0.999420	0.883623	0.956522	0.990290	0.904348	0.895072	0.967536	0.929420	0.881159	0.922319	0.954928	0.973913	0.955362	0.922464	0.934783	0.970580	0.907681	0.892754	0.976232	0.928841	0.959710	0.970290	0.922754	0.956087	0.925507	0.944783	0.951594	0.981594	0.969710	0.864058	0.947246	0.813623	0.903333	0.870290	0.859275	0.954928	0.849420	0.903188	0.937536	0.894638	0.804928	0.918406	0.816812	0.952174	0.930580	0.869565	0.929275	0.866377	0.967101	0.935797	0.927536	0.848841	0.836377	0.885942	0.820145	0.951015	0.941159	0.968551	0.988551	0.857102	0.985507	0.883768	0.886667	0.886812	0.852174	0.977536	0.981449	0.975362	0.816232	0.904348	1.002754	1.008841	0.990725	0.883623	0.929275	0.937536	0.950725	0.892464	0.846377	0.828551	0.929855	0.896812	0.939130	0.883623	0.973913	0.938116	0.918985	0.863768	0.833768	0.868985	0.950580	0.931015	0.783188	0.959275	0.848406	0.886957	0.840580	0.931449	0.937536	0.921014	0.931449	0.923333	0.871159	0.964058	0.933188	0.809855	0.932174	0.927536	0.930435	0.849420	0.968551	0.912899	0.884203	0.913623	0.903333	0.931159	0.881159	0.938116	0.904493	0.926667	0.952029	0.930435	0.892754	0.967971	0.814638	0.914203	0.976812	0.817971	0.837971	0.876232	0.831449	0.927536	0.958116	0.828986	0.921159	0.912464	0.815942	0.951159	0.968985	0.935797	0.925072	0.932029	0.866812	0.825072	0.892754	0.982609	0.955362	0.915797	0.820580	0.918406	0.959275	0.886957	0.922319	0.866812	0.869565	0.857971	0.811449	0.895072	0.828986	0.870725	0.880580	0.798841	0.951594	0.934203	0.957102	0.861160	0.851159	0.852174	0.846377	0.958116	1.007102	0.990145	0.947826	0.866666	0.956522	0.820145	0.931884	0.818551	0.933623	0.924493	0.955942	0.875362	0.931449	0.848406	0.927101	0.927101	0.968985	0.939130	0.925072	0.921739	0.875362	0.849420	0.907246	0.927536	0.937681	0.931015	0.931159	0.885942	0.925072	0.954928	0.878116	0.926667	0.951449	0.925507	0.916377	0.875507	0.829855	0.951594	0.927536	0.866812	0.787536	0.895072	0.848841	0.848406	0.835942	0.874928	0.857971	0.912029	0.946232	0.933333	0.928841	0.968406	0.718841	0.890725	0.932029	0.848406	0.857536	0.926232	0.920725	0.881594	0.865797	0.896232	0.925507	0.920725	0.921014	0.844058	0.800000	0.931449	0.852174	0.899420	0.885942	0.876812	0.899420	0.875507	0.936812	0.927536	0.833768	0.866377	0.921739	0.932029	0.833188	0.918116	0.942029	0.894058	0.868985	0.855797	0.916232	0.904348	0.922464	0.881015	0.857536	0.866377	0.865797	0.870145	0.805942	0.876812	0.884928	0.865072	0.862029	0.916377	0.817391	0.813623	0.850145	0.869565	0.848406	0.805362	0.874058	0.867971	0.895072	0.908985	0.857102	0.766812	0.829855	0.902754	0.859710	0.865942	0.871159	0.873623	0.835507	0.857102	0.848985	0.863623	0.894493	0.828986	0.869565	0.857102	0.902029	0.865797	0.846812	0.857971	0.904348	0.874058	0.857102	0.886377	0.848985	0.817391	0.859275	0.921884	0.833768	0.865652	0.885942	0.869565	0.862899	0.871159	0.910145	0.840145	0.870580	0.927536	0.788116	0.848406	0.863623	0.839855	0.801015	0.761594	0.857102	0.857536	0.873913	0.840290	0.834783	0.800580	0.825072	0.835362	0.805507	0.834492	0.812464	0.834783	0.855362	0.860290	0.816377	0.834203	0.814058	0.791304	0.866232	0.794493	0.718841	0.844493	0.799420	0.833188	0.848841	0.820145	0.863623	0.835507	0.834783	0.718841	0.881449	0.788551	0.837536	0.833333	0.840725	0.827246	0.779420	0.811594	0.814058	0.863333	0.831015	0.811014	0.866232	0.823188	0.866232	0.834783	0.828986	0.857102	0.777536	0.894058	0.805942	0.815362	0.885942	0.814058	0.798551	0.800580	0.857102	0.828986	0.832029	0.866377	0.852174	0.796812	0.829710	0.814638	0.781015	0.878550	0.866232	0.834783	0.826232	0.872319	0.777536	0.823333	0.857681	0.835362	0.825072	0.825507	0.829275	0.800580	0.834783	0.863333	0.828841	0.813623	0.831015	0.814058	0.851159	0.866377	0.831594	0.852754	0.831015	0.857971	0.834783	0.887246	0.904491	0.863188	0.840290	0.835942	0.907246	0.815942	0.903333	0.894058	0.885797	0.883623
%%%	Left Pupil Profile (1st row -> 1 == valid tracking, 0 == invalid tracking; 2nd row -> time; 3rd row -> diameter (mm))
%%%	0	0	0	0	0	0	0	0	0	0	0	0	0	0	0	0	0	0	0	0	0	0	0	0	0	0	0	0	0	0	0	0	0	0	0	0	0	0	0	0	0	0	0	0	0	0	0	0	0	0	0	0	0	0	0	0	0	0	0	0	0	0	0	0	0	0	0	0	0	0	0	0	0	0	0	0	0	0	0	0	0	0	0	0	0	0	0	0	0	0	0	0	0	0	0	0	0	0	0	0	0	0	0	0	0	0	0	0	0	0	0	0	0	0	0	0	0	0	0	0	0	0	0	0	0	0	0	0	0	0	0	0	0	0	0	0	0	0	0	0	0	0	0	0	0	0	0	0	0	0	0	0	0	0	0	0	0	0	0	0	0	0	0	0	0	0	0	0	0	0	0	0	0	0	0	0	0	0	0	0	0	0	0	0	0	0	0	0	0	0	0	0	0	0	0	0	0	0	0	0	0	0	0	0	0	0	0	0	0	0	0	0	0	0	0	0	0	0	0	0	0	0	0	0	0	0	0	0	0	0	0	0	0	0	0	0	0	0	0	0	0	0	0	0	0	0	0	0	0	0	0	0	0	0	0	0	0	0	0	0	0	0	0	0	0	0	0	0	0	0	0	0	0	0	0	0	0	0	0	0	0	0	0	0	0	0	0	0	0	0	0	0	0	0	0	0	0	0	0	0	0	0	0	0	0	0	0	0	0	0	0	0	0	0	0	0	0	0	0	0	0	0	0	0	0	0	0	0	0	0	0	0	0	0	0	0	0	0	0	0	0	0	0	0	0	0	0	0	0	0	0	0	0	0	0	0	0	0	0	0	0	0	0	0	0	0	0	0	0	0	0	0	0	0	0	0	0	0	0	0	0	0	0	0	0	0	0	0	0	0	0	0	0	0	0	0	0	0	0	0	0	0	0	0	0	0	0	0	0	0	0	0	0	0	0	0	0	0	0	0	0	0	0	0	0	0	0	0	0	0	0	0	0	0	0	0	0	0	0	0	0	0	0	0	0	0	0	0	0	0	0	0	0	0	0	0	0	0	0	0	0	0	0	0	0	0	0	0	0	0	0	0	0	0	0	0	0	0	0	0	0	0	0	0	0	0	0	0	0	0	0	0	0	0	0	0	0	0	0	0	0	0	0	0	0	0	0	0	0	0	0	0	0	0	0	0	0	0	0	0	0	0	0	0	0	0	0	0	0	0	0	0	0	0	0	0	0	0	0	0	0	0	0	0	0	0	0	0	0	0	0	0	0	0	0	0	0	0	0	0	0	0	0	0	0	0	0	0	0	0	0	0	0	0	0	0	0	0	0	0	0	0	0	0	0	0	0	0	0	0	0	0	0	0	0	0	0	0	0	0	0	0	0	0	0	0	0	0	0	0	0	0	0	0	0	0	0	0	0	0	0	0	0	0	0	0	0	0	0	0	0	0	0	0	0	0	0	0	0	0	0	0	0	0	0	0	0	0	0	0	0	0	0	0	0	0	0	0	0	0	0	0	0	0	0	0	0	0	0	0	0	0	0	0	0	0	0	0	0	0	0	0	0	0	0	0	0	0	0	0	0	0	0	0	0	0	0	0	0	0	0	0	0	0	0	0	0	0	0	0	0	0	0	0	0	0	0	0	0	0	0	0	0	0	0	0	0	0	0	0	0	0	0	0	0	0	0	0	0	0	0	0	0	0	0	0	0	0	0	0	0	0	0	0	0	0	0	0	0	0	0	0	0	0	0	0	0	0	0	0	0	0	0	0	0	0	0	0	0	0	0	0	0	0	0	0	0	0	0	0	0	0	0	0	0	0	0	0	0	0	0	0	0	0	0	0	0	0	0	0	0	0	0	0	0	0	0	0	0	0	0	0	0	0	0	0	0	0	0	0	0	0	0	0	0	0	0	0	0	0	0	0	0	0	0	0	0	0	0	0	0	0	0	0	0	0	0	0	0	0	0	0	0	0	0	0	0	0	0	0	0	0	0	0	0	0	0	0	0	0	0	0	0	0	0	0	0	0	0	0	0	0	0	0	0	0	0	0	0	0	0	0	0
%%%	-0.049000	-0.018000	0.013000	0.044000	0.075000	0.107000	0.138000	0.185000	0.216000	0.247000	0.278000	0.309000	0.341000	0.372000	0.403000	0.450000	0.481000	0.512000	0.543000	0.575000	0.606000	0.637000	0.684000	0.715000	0.746000	0.777000	0.809000	0.840000	0.871000	0.918000	0.949000	0.980000	1.011000	1.043000	1.074000	1.105000	1.136000	1.183000	1.214000	1.245000	1.277000	1.308000	1.339000	1.370000	1.417000	1.448000	1.479000	1.511000	1.542000	1.573000	1.604000	1.651000	1.682000	1.713000	1.745000	1.776000	1.807000	1.838000	1.869000	1.916000	1.947000	1.979000	2.010000	2.041000	2.072000	2.103000	2.150000	2.181000	2.213000	2.244000	2.275000	2.306000	2.337000	2.384000	2.415000	2.447000	2.478000	2.509000	2.540000	2.571000	2.603000	2.649000	2.681000	2.712000	2.743000	2.774000	2.805000	2.837000	2.868000	2.915000	2.946000	2.977000	3.008000	3.039000	3.071000	3.102000	3.149000	3.180000	3.211000	3.242000	3.273000	3.305000	3.336000	3.383000	3.414000	3.445000	3.476000	3.507000	3.539000	3.570000	3.601000	3.648000	3.679000	3.710000	3.741000	3.773000	3.804000	3.835000	3.882000	3.913000	3.944000	3.975000	4.007000	4.038000	4.069000	4.116000	4.147000	4.178000	4.209000	4.241000	4.272000	4.303000	4.334000	4.381000	4.412000	4.443000	4.475000	4.506000	4.537000	4.568000	4.615000	4.646000	4.677000	4.709000	4.740000	4.771000	4.802000	4.849000	4.880000	4.911000	4.943000	4.974000	5.005000	5.036000	5.067000	5.114000	5.145000	5.177000	5.208000	5.239000	5.270000	5.301000	5.348000	5.379000	5.411000	5.442000	5.473000	5.504000	5.535000	5.582000	5.613000	5.645000	5.676000	5.707000	5.738000	5.769000	5.801000	5.847000	5.879000	5.910000	5.941000	5.972000	6.003000	6.035000	6.081000	6.113000	6.144000	6.175000	6.206000	6.237000	6.269000	6.315000	6.347000	6.378000	6.409000	6.440000	6.471000	6.503000	6.534000	6.581000	6.612000	6.643000	6.674000	6.705000	6.737000	6.768000	6.799000	6.846000	6.877000	6.908000	6.939000	6.971000	7.002000	7.033000	7.080000	7.111000	7.142000	7.173000	7.205000	7.236000	7.267000	7.314000	7.345000	7.376000	7.407000	7.439000	7.470000	7.501000	7.532000	7.579000	7.610000	7.641000	7.673000	7.704000	7.735000	7.766000	7.813000	7.844000	7.875000	7.907000	7.938000	7.969000	8.000000	8.047000	8.078000	8.109000	8.141000	8.172000	8.203000	8.234000	8.265000	8.312000	8.343000	8.375000	8.406000	8.437000	8.468000	8.499000	8.546000	8.577000	8.609000	8.640000	8.671000	8.702000	8.733000	8.780000	8.811000	8.843000	8.874000	8.905000	8.936000	8.967000	8.999000	9.045000	9.077000	9.108000	9.139000	9.170000	9.201000	9.233000	9.279000	9.311000	9.342000	9.373000	9.404000	9.435000	9.467000	9.513000	9.545000	9.576000	9.607000	9.638000	9.669000	9.701000	9.732000	9.779000	9.810000	9.841000	9.872000	9.903000	9.935000	9.966000	10.013000	10.044000	10.075000	10.106000	10.137000	10.169000	10.200000	10.247000	10.278000	10.309000	10.340000	10.371000	10.403000	10.434000	10.465000	10.512000	10.543000	10.574000	10.605000	10.637000	10.668000	10.699000	10.746000	10.777000	10.808000	10.839000	10.871000	10.902000	10.933000	10.964000	11.011000	11.042000	11.073000	11.105000	11.136000	11.167000	11.198000	11.245000	11.276000	11.307000	11.339000	11.370000	11.401000	11.432000	11.479000	11.510000	11.541000	11.573000	11.604000	11.635000	11.666000	11.697000	11.744000	11.775000	11.807000	11.838000	11.869000	11.900000	11.931000	11.978000	12.009000	12.041000	12.072000	12.103000	12.134000	12.165000	12.212000	12.243000	12.275000	12.306000	12.337000	12.368000	12.399000	12.431000	12.477000	12.509000	12.540000	12.571000	12.602000	12.633000	12.665000	12.711000	12.743000	12.774000	12.805000	12.836000	12.867000	12.899000	12.930000	12.977000	13.008000	13.039000	13.070000	13.101000	13.133000	13.164000	13.211000	13.242000	13.273000	13.304000	13.335000	13.367000	13.398000	13.445000	13.476000	13.507000	13.538000	13.569000	13.601000	13.632000	13.663000	13.710000	13.741000	13.772000	13.803000	13.835000	13.866000	13.897000	13.944000	13.975000	14.006000	14.037000	14.069000	14.100000	14.131000	14.178000	14.209000	14.240000	14.271000	14.303000	14.334000	14.365000	14.396000	14.443000	14.474000	14.505000	14.537000	14.568000	14.599000	14.630000	14.677000	14.708000	14.739000	14.771000	14.802000	14.833000	14.864000	14.895000	14.942000	14.973000	15.005000	15.036000	15.067000	15.098000	15.129000	15.176000	15.207000	15.239000	15.270000	15.301000	15.332000	15.363000	15.410000	15.441000	15.473000	15.504000	15.535000	15.566000	15.597000	15.629000	15.675000	15.707000	15.738000	15.769000	15.800000	15.831000	15.863000	15.909000	15.941000	15.972000	16.003000	16.034000	16.065000	16.097000	16.143000	16.175000	16.206000	16.237000	16.268000	16.300000	16.331000	16.362000	16.409000	16.440000	16.471000	16.502000	16.534000	16.565000	16.596000	16.643000	16.674000	16.705000	16.736000	16.768000	16.799000	16.830000	16.877000	16.908000	16.939000	16.970000	17.002000	17.033000	17.064000	17.095000	17.142000	17.173000	17.204000	17.236000	17.267000	17.298000	17.329000	17.376000	17.407000	17.438000	17.470000	17.501000	17.532000	17.563000	17.594000	17.641000	17.672000	17.704000	17.735000	17.766000	17.797000	17.828000	17.875000	17.906000	17.938000	17.969000	18.000000	18.031000	18.062000	18.109000	18.140000	18.172000	18.203000	18.234000	18.265000	18.296000	18.328000	18.374000	18.406000	18.437000	18.468000	18.499000	18.530000	18.562000	18.608000	18.640000	18.671000	18.702000	18.733000	18.764000	18.796000	18.827000	18.874000	18.905000	18.936000	18.967000	18.998000	19.030000	19.061000	19.108000	19.139000	19.170000	19.201000	19.232000	19.264000	19.295000	19.342000	19.373000	19.404000	19.435000	19.466000	19.498000	19.529000	19.560000	19.607000	19.638000	19.669000	19.700000	19.732000	19.763000	19.794000	19.841000	19.872000	19.903000	19.934000	19.966000	19.997000	20.028000	20.075000	20.106000	20.137000	20.168000	20.200000	20.231000	20.262000	20.293000	20.340000	20.371000	20.402000	20.434000	20.465000	20.496000	20.527000	20.574000	20.605000	20.636000	20.668000	20.699000	20.730000	20.761000	20.808000	20.839000	20.870000	20.902000	20.933000	20.964000	20.995000	21.026000	21.073000	21.104000	21.136000	21.167000	21.198000	21.229000	21.260000	21.307000	21.338000	21.370000	21.401000	21.432000	21.463000	21.494000	21.541000	21.572000	21.604000	21.635000	21.666000	21.697000	21.728000	21.760000	21.806000	21.838000	21.869000	21.900000	21.931000	21.962000	21.994000	22.040000	22.072000	22.103000	22.134000	22.165000	22.196000	22.228000	22.274000	22.306000	22.337000	22.368000	22.399000	22.430000	22.462000	22.493000	22.540000	22.571000	22.602000	22.633000	22.664000	22.696000	22.727000	22.758000	22.805000	22.836000	22.867000	22.898000	22.930000	22.961000	22.992000	23.039000	23.070000	23.101000	23.132000	23.164000	23.195000	23.226000	23.273000	23.304000	23.335000	23.366000	23.398000	23.429000	23.460000	23.491000	23.538000	23.569000	23.600000	23.632000	23.663000	23.694000	23.725000	23.772000	23.803000	23.834000	23.866000	23.897000	23.928000	23.959000	24.006000	24.037000	24.068000	24.100000	24.131000	24.162000	24.193000	24.224000	24.271000	24.302000	24.334000	24.365000	24.396000	24.427000	24.458000	24.505000	24.536000	24.568000	24.599000	24.630000	24.661000	24.692000	24.739000	24.770000	24.802000	24.833000	24.864000	24.895000	24.926000	24.958000	25.004000	25.036000	25.067000	25.098000	25.129000	25.160000	25.192000	25.238000	25.270000	25.301000	25.332000	25.363000	25.394000	25.426000	25.472000	25.504000	25.535000	25.566000	25.597000	25.628000	25.660000	25.691000	25.738000	25.769000	25.800000	25.831000	25.862000	25.894000	25.925000	25.972000	26.003000	26.034000	26.065000	26.096000	26.128000	26.159000	26.206000	26.237000	26.268000	26.299000	26.330000	26.362000	26.393000	26.424000	26.471000	26.502000	26.533000	26.564000	26.596000	26.627000	26.658000	26.689000	26.736000	26.767000	26.798000	26.830000	26.861000	26.892000	26.923000	26.970000	27.001000	27.032000	27.064000	27.095000	27.126000	27.157000	27.204000	27.235000	27.266000	27.298000	27.329000	27.360000	27.391000	27.422000	27.469000	27.500000	27.532000	27.563000	27.594000	27.625000	27.656000	27.703000	27.734000	27.766000	27.797000	27.828000	27.859000	27.890000	27.937000	27.968000	28.000000	28.031000	28.062000	28.093000	28.124000	28.156000	28.202000	28.234000	28.265000	28.296000	28.327000	28.358000	28.390000	28.436000	28.468000	28.499000	28.530000	28.561000	28.592000	28.624000	28.670000	28.702000	28.733000	28.764000	28.795000	28.826000	28.858000	28.889000	28.936000	28.967000	28.998000	29.029000	29.060000	29.092000	29.123000	29.170000	29.201000	29.232000	29.263000	29.294000	29.326000	29.357000	29.404000	29.435000	29.466000	29.497000	29.528000	29.560000	29.591000	29.622000	29.669000	29.700000	29.731000	29.762000	29.794000	29.825000	29.856000	29.903000	29.934000	29.965000	29.996000
%%%	13.913043	13.913043	13.913043	13.913043	13.913043	13.913043	13.913043	13.913043	13.913043	13.913043	13.913043	13.913043	13.913043	13.913043	13.913043	13.913043	13.913043	13.913043	13.913043	13.913043	13.913043	13.913043	13.913043	13.913043	13.913043	13.913043	13.913043	13.913043	13.913043	13.913043	13.913043	13.913043	13.913043	13.913043	13.913043	13.913043	13.913043	13.913043	13.913043	13.913043	13.913043	13.913043	13.913043	13.913043	13.913043	13.913043	13.913043	13.913043	13.913043	13.913043	13.913043	13.913043	13.913043	13.913043	13.913043	13.913043	13.913043	13.913043	13.913043	13.913043	13.913043	13.913043	13.913043	13.913043	13.913043	13.913043	13.913043	13.913043	13.913043	13.913043	13.913043	13.913043	13.913043	13.913043	13.913043	13.913043	13.913043	13.913043	13.913043	13.913043	13.913043	13.913043	13.913043	13.913043	13.913043	13.913043	13.913043	13.913043	13.913043	13.913043	13.913043	13.913043	13.913043	13.913043	13.913043	13.913043	13.913043	13.913043	13.913043	13.913043	13.913043	13.913043	13.913043	13.913043	13.913043	13.913043	13.913043	13.913043	13.913043	13.913043	13.913043	13.913043	13.913043	13.913043	13.913043	13.913043	13.913043	13.913043	13.913043	13.913043	13.913043	13.913043	13.913043	13.913043	13.913043	13.913043	13.913043	13.913043	13.913043	13.913043	13.913043	13.913043	13.913043	13.913043	13.913043	13.913043	13.913043	13.913043	13.913043	13.913043	13.913043	13.913043	13.913043	13.913043	13.913043	13.913043	13.913043	13.913043	13.913043	13.913043	13.913043	13.913043	13.913043	13.913043	13.913043	13.913043	13.913043	13.913043	13.913043	13.913043	13.913043	13.913043	13.913043	13.913043	13.913043	13.913043	13.913043	13.913043	13.913043	13.913043	13.913043	13.913043	13.913043	13.913043	13.913043	13.913043	13.913043	13.913043	13.913043	13.913043	13.913043	13.913043	13.913043	13.913043	13.913043	13.913043	13.913043	13.913043	13.913043	13.913043	13.913043	13.913043	13.913043	13.913043	13.913043	13.913043	13.913043	13.913043	13.913043	13.913043	13.913043	13.913043	13.913043	13.913043	13.913043	13.913043	13.913043	13.913043	13.913043	13.913043	13.913043	13.913043	13.913043	13.913043	13.913043	13.913043	13.913043	13.913043	13.913043	13.913043	13.913043	13.913043	13.913043	13.913043	13.913043	13.913043	13.913043	13.913043	13.913043	13.913043	13.913043	13.913043	13.913043	13.913043	13.913043	13.913043	13.913043	13.913043	13.913043	13.913043	13.913043	13.913043	13.913043	13.913043	13.913043	13.913043	13.913043	13.913043	13.913043	13.913043	13.913043	13.913043	13.913043	13.913043	13.913043	13.913043	13.913043	13.913043	13.913043	13.913043	13.913043	13.913043	13.913043	13.913043	13.913043	13.913043	13.913043	13.913043	13.913043	13.913043	13.913043	13.913043	13.913043	13.913043	13.913043	13.913043	13.913043	13.913043	13.913043	13.913043	13.913043	13.913043	13.913043	13.913043	13.913043	13.913043	13.913043	13.913043	13.913043	13.913043	13.913043	13.913043	13.913043	13.913043	13.913043	13.913043	13.913043	13.913043	13.913043	13.913043	13.913043	13.913043	13.913043	13.913043	13.913043	13.913043	13.913043	13.913043	13.913043	13.913043	13.913043	13.913043	13.913043	13.913043	13.913043	13.913043	13.913043	13.913043	13.913043	13.913043	13.913043	13.913043	13.913043	13.913043	13.913043	13.913043	13.913043	13.913043	13.913043	13.913043	13.913043	13.913043	13.913043	13.913043	13.913043	13.913043	13.913043	13.913043	13.913043	13.913043	13.913043	13.913043	13.913043	13.913043	13.913043	13.913043	13.913043	13.913043	13.913043	13.913043	13.913043	13.913043	13.913043	13.913043	13.913043	13.913043	13.913043	13.913043	13.913043	13.913043	13.913043	13.913043	13.913043	13.913043	13.913043	13.913043	13.913043	13.913043	13.913043	13.913043	13.913043	13.913043	13.913043	13.913043	13.913043	13.913043	13.913043	13.913043	13.913043	13.913043	13.913043	13.913043	13.913043	13.913043	13.913043	13.913043	13.913043	13.913043	13.913043	13.913043	13.913043	13.913043	13.913043	13.913043	13.913043	13.913043	13.913043	13.913043	13.913043	13.913043	13.913043	13.913043	13.913043	13.913043	13.913043	13.913043	13.913043	13.913043	13.913043	13.913043	13.913043	13.913043	13.913043	13.913043	13.913043	13.913043	13.913043	13.913043	13.913043	13.913043	13.913043	13.913043	13.913043	13.913043	13.913043	13.913043	13.913043	13.913043	13.913043	13.913043	13.913043	13.913043	13.913043	13.913043	13.913043	13.913043	13.913043	13.913043	13.913043	13.913043	13.913043	13.913043	13.913043	13.913043	13.913043	13.913043	13.913043	13.913043	13.913043	13.913043	13.913043	13.913043	13.913043	13.913043	13.913043	13.913043	13.913043	13.913043	13.913043	13.913043	13.913043	13.913043	13.913043	13.913043	13.913043	13.913043	13.913043	13.913043	13.913043	13.913043	13.913043	13.913043	13.913043	13.913043	13.913043	13.913043	13.913043	13.913043	13.913043	13.913043	13.913043	13.913043	13.913043	13.913043	13.913043	13.913043	13.913043	13.913043	13.913043	13.913043	13.913043	13.913043	13.913043	13.913043	13.913043	13.913043	13.913043	13.913043	13.913043	13.913043	13.913043	13.913043	13.913043	13.913043	13.913043	13.913043	13.913043	13.913043	13.913043	13.913043	13.913043	13.913043	13.913043	13.913043	13.913043	13.913043	13.913043	13.913043	13.913043	13.913043	13.913043	13.913043	13.913043	13.913043	13.913043	13.913043	13.913043	13.913043	13.913043	13.913043	13.913043	13.913043	13.913043	13.913043	13.913043	13.913043	13.913043	13.913043	13.913043	13.913043	13.913043	13.913043	13.913043	13.913043	13.913043	13.913043	13.913043	13.913043	13.913043	13.913043	13.913043	13.913043	13.913043	13.913043	13.913043	13.913043	13.913043	13.913043	13.913043	13.913043	13.913043	13.913043	13.913043	13.913043	13.913043	13.913043	13.913043	13.913043	13.913043	13.913043	13.913043	13.913043	13.913043	13.913043	13.913043	13.913043	13.913043	13.913043	13.913043	13.913043	13.913043	13.913043	13.913043	13.913043	13.913043	13.913043	13.913043	13.913043	13.913043	13.913043	13.913043	13.913043	13.913043	13.913043	13.913043	13.913043	13.913043	13.913043	13.913043	13.913043	13.913043	13.913043	13.913043	13.913043	13.913043	13.913043	13.913043	13.913043	13.913043	13.913043	13.913043	13.913043	13.913043	13.913043	13.913043	13.913043	13.913043	13.913043	13.913043	13.913043	13.913043	13.913043	13.913043	13.913043	13.913043	13.913043	13.913043	13.913043	13.913043	13.913043	13.913043	13.913043	13.913043	13.913043	13.913043	13.913043	13.913043	13.913043	13.913043	13.913043	13.913043	13.913043	13.913043	13.913043	13.913043	13.913043	13.913043	13.913043	13.913043	13.913043	13.913043	13.913043	13.913043	13.913043	13.913043	13.913043	13.913043	13.913043	13.913043	13.913043	13.913043	13.913043	13.913043	13.913043	13.913043	13.913043	13.913043	13.913043	13.913043	13.913043	13.913043	13.913043	13.913043	13.913043	13.913043	13.913043	13.913043	13.913043	13.913043	13.913043	13.913043	13.913043	13.913043	13.913043	13.913043	13.913043	13.913043	13.913043	13.913043	13.913043	13.913043	13.913043	13.913043	13.913043	13.913043	13.913043	13.913043	13.913043	13.913043	13.913043	13.913043	13.913043	13.913043	13.913043	13.913043	13.913043	13.913043	13.913043	13.913043	13.913043	13.913043	13.913043	13.913043	13.913043	13.913043	13.913043	13.913043	13.913043	13.913043	13.913043	13.913043	13.913043	13.913043	13.913043	13.913043	13.913043	13.913043	13.913043	13.913043	13.913043	13.913043	13.913043	13.913043	13.913043	13.913043	13.913043	13.913043	13.913043	13.913043	13.913043	13.913043	13.913043	13.913043	13.913043	13.913043	13.913043	13.913043	13.913043	13.913043	13.913043	13.913043	13.913043	13.913043	13.913043	13.913043	13.913043	13.913043	13.913043	13.913043	13.913043	13.913043	13.913043	13.913043	13.913043	13.913043	13.913043	13.913043	13.913043	13.913043	13.913043	13.913043	13.913043	13.913043	13.913043	13.913043	13.913043	13.913043	13.913043	13.913043	13.913043	13.913043	13.913043	13.913043	13.913043	13.913043	13.913043	13.913043	13.913043	13.913043	13.913043	13.913043	13.913043	13.913043	13.913043	13.913043	13.913043	13.913043	13.913043	13.913043	13.913043	13.913043	13.913043	13.913043	13.913043	13.913043	13.913043	13.913043	13.913043	13.913043	13.913043	13.913043	13.913043	13.913043	13.913043	13.913043	13.913043	13.913043	13.913043	13.913043	13.913043	13.913043	13.913043	13.913043	13.913043	13.913043	13.913043	13.913043	13.913043	13.913043	13.913043	13.913043	13.913043	13.913043	13.913043	13.913043	13.913043	13.913043	13.913043	13.913043	13.913043	13.913043	13.913043	13.913043	13.913043	13.913043	13.913043	13.913043	13.913043	13.913043	13.913043	13.913043	13.913043	13.913043	13.913043	13.913043	13.913043	13.913043	13.913043	13.913043	13.913043	13.913043	13.913043	13.913043	13.913043	13.913043	13.913043	13.913043	13.913043	13.913043	13.913043	13.913043	13.913043	13.913043	13.913043	13.913043	13.913043	13.913043	13.913043	13.913043	13.913043	13.913043	13.913043	13.913043	13.913043	13.913043	13.913043	13.913043	13.913043	13.913043	13.913043	13.913043	13.913043	13.913043	13.913043	13.913043	13.913043	13.913043	13.913043	13.913043	13.913043	13.913043	13.913043	13.913043
%%%	Pulse Index	Stimulus Section Index	Stimulus Section Start Index	Stimulus Section End Index	Pupil Stimulated: 0 = Right, 1 = Left, 2 = Both	Light Metric: 0 = Photopic, 1 = Scopotic, 2 = Radiometric	Stimulus Start Time	Stimulus Duration	Stimulus Pulse Duration	Right Pulse Max Level	Right Pulse Max Color (0123 = WRGB)	Right Pulse Min Level	Right Pulse Min Color (0123 = WRGB)	Left Pulse Max Level	Left Pulse Max Color (0123 = WRGB)	Left Pulse Min Level	Left Pulse Min Color (0123 = WRGB)	Right Data Input Type (0 == RAW DATA, 1 == FITTED DATA, 2 == M. OVERRIDED)	Right ANALYSIS STATE (0 == ABNORMAL, 1 == NORMAL)	Right MAX (mm) (EMPTY if INVALID)	Right MIN (mm) (EMPTY if INVALID)	Right DELTA (mm) (EMPTY if INVALID)	Right CH (%) (EMPTY if INVALID)	Right LAT (sec) (EMPTY if INVALID)	Right CV (mm/s) (EMPTY if INVALID)	Right MCV (mm/s) (EMPTY if INVALID)	Right DV (mm/s) (EMPTY if INVALID)	Left Data Input Type (0 == RAW DATA, 1 == FITTED DATA, 2 == M. OVERRIDED)	Left ANALYSIS STATE (0 == ABNORMAL, 1 == NORMAL)	Left MAX (mm) (EMPTY if INVALID)	Left MIN (mm) (EMPTY if INVALID)	Left DELTA (mm) (EMPTY if INVALID)	Left CH (%) (EMPTY if INVALID)	Left LAT (sec) (EMPTY if INVALID)	Left CV (mm/s) (EMPTY if INVALID)	Left MCV (mm/s) (EMPTY if INVALID)	Left DV (mm/s) (EMPTY if INVALID)
%%%	0	0	18	902	0	0	0.51	29.52	0.51	4.01	3	0.00	3	0.00	3	0.00	3	0	0	0.00	0.00			0.00	0.00	0.00	0.00	0	0	0.00	0.00			0.00	0.00	0.00	0.00
%%%%%%%%%
%%%%%%%%%
%%%%%%%%%
<\SESSION>
