<SESSION>
<VERSION>
2
<\VERSION>
<DATE>
2017-10-31 12:49:28
<\DATE>
<SUBJECT-ID>
C57BL6-28.09.17-DA-1mois-F2-1.2b
<\SUBJECT-ID>
<NOTE>

<\NOTE>
<MIN-MAX-PLOT>
0.100000 51880.761719
<\MIN-MAX-PLOT>
<STIMULUS-DEFINED>
Default
Default Human Relative Spectral Sensitivity
1	0
1	0.500000	0.500000	29.000000	3	3	1.200000	-100.000000	0.100000	-100.000000	0
<\STIMULUS-DEFINED>
<STIMULUS-GENERATED>
4
0	0	0.000000	3	0.000000	0.000000	3	0.000000	0.000000
0	1	0.510000	3	0.299242	15.810344	3	0.000000	0.000000
0	4	1.020000	3	0.000000	0.000000	3	0.000000	0.000000
-1	5	30.028999	0	0.000000	0.000000	0	0.000000	0.000000
<\STIMULUS-GENERATED>
<RIGHT-PUPIL-DATA>
903	1
1	-0.066000	0.866377	374.787506	280.037506
1	-0.019000	0.857102	374.812500	279.312500
1	0.012000	0.899710	374.524994	280.475006
1	0.043000	0.878116	374.418732	279.931244
1	0.074000	0.882029	375.687500	279.750000
1	0.105000	0.876812	374.887512	280.112488
1	0.137000	0.885507	374.299988	280.262512
1	0.168000	0.886377	375.687500	280.287476
1	0.199000	0.886957	374.625000	280.625000
1	0.246000	0.916377	374.856232	280.306244
1	0.277000	0.895072	375.125000	279.875000
1	0.308000	0.878406	375.068756	279.193756
1	0.339000	0.915072	375.399994	279.287506
1	0.371000	0.898406	375.531250	279.156250
1	0.402000	0.927681	375.531250	277.531250
1	0.433000	0.894058	375.843750	278.843750
1	0.480000	0.901015	375.743744	278.493744
1	0.511000	0.904348	375.750000	278.750000
1	0.542000	0.903188	375.499969	279.424957
1	0.573000	0.883623	375.193756	279.306244
1	0.605000	0.908551	375.056244	279.306244
1	0.636000	0.913623	375.625000	279.312500
1	0.667000	0.892898	375.918762	278.831238
1	0.714000	0.894058	375.593750	279.406250
1	0.745000	0.896667	375.881256	279.068756
1	0.776000	0.877246	376.118744	279.068756
1	0.807000	0.901014	375.506317	279.506195
1	0.839000	0.863623	375.993774	278.968750
1	0.870000	0.834783	375.500000	279.500000
1	0.901000	0.800000	377.500000	279.500000
1	0.932000	0.792464	376.024994	279.975006
1	0.979000	0.760290	376.437500	279.437500
1	1.010000	0.732029	376.581268	279.168793
1	1.041000	0.705942	376.793762	278.218750
1	1.073000	0.696377	376.956238	279.018738
1	1.104000	0.663333	376.793762	279.231262
1	1.135000	0.660145	376.793762	279.518738
1	1.166000	0.618406	376.381256	279.618744
1	1.213000	0.615362	376.537506	280.149994
0	1.244000	0.347826	237.081848	371.918152
1	1.275000	0.575507	376.968750	280.268738
1	1.307000	0.568986	377.125000	279.875000
1	1.338000	0.521739	377.500000	279.500000
1	1.369000	0.561884	377.006256	279.943756
1	1.400000	0.539710	377.250000	279.500000
1	1.447000	0.533188	377.343750	279.593750
1	1.478000	0.521739	377.500000	279.500000
1	1.509000	0.559275	377.043762	280.018738
1	1.541000	0.506812	377.006256	279.993744
0	1.572000	0.544928	377.500000	281.500000
1	1.603000	0.524493	376.718750	280.343750
1	1.634000	0.533333	378.000000	280.000000
1	1.665000	0.521739	377.500000	279.500000
1	1.712000	0.508116	376.625000	279.937500
1	1.743000	0.544928	377.500000	281.500000
1	1.775000	0.512899	376.881256	280.193756
1	1.806000	0.531594	376.587494	280.350006
1	1.837000	0.522319	376.500000	280.250000
1	1.868000	0.544928	375.500000	281.500000
1	1.899000	0.540725	376.531250	279.531250
0	1.946000	0.347826	261.081848	347.918152
1	1.977000	0.505072	376.981262	279.718750
1	2.009000	0.521739	377.500000	279.500000
1	2.040000	0.463768	377.500000	279.500000
1	2.071000	0.532029	376.406250	280.406250
1	2.102000	0.526667	376.562500	280.375000
1	2.133000	0.521739	377.500000	279.500000
1	2.180000	0.517536	376.693756	280.256256
1	2.211000	0.535362	376.562500	280.562500
1	2.243000	0.522754	376.743744	280.493744
1	2.274000	0.534058	377.331238	280.456238
0	2.305000	0.347826	301.081848	319.918152
1	2.336000	0.531014	376.625000	279.625000
1	2.367000	0.556522	376.500000	279.500000
1	2.399000	0.531594	376.399994	280.387482
1	2.445000	0.544493	376.568756	280.431244
1	2.477000	0.521739	376.500000	280.500000
0	2.508000	0.498551	377.500000	279.500000
1	2.539000	0.555797	376.718750	280.043762
0	2.570000	0.347826	217.081848	384.000000
1	2.601000	0.543333	376.768768	279.518768
1	2.633000	0.566232	376.868744	279.818756
1	2.679000	0.568840	376.906219	279.906281
1	2.711000	0.566377	376.149994	279.850006
1	2.742000	0.574928	376.993744	279.993744
1	2.773000	0.566377	376.149994	279.850006
1	2.804000	0.592899	376.468750	280.656250
1	2.835000	0.579275	376.243744	280.056244
1	2.867000	0.573913	376.875000	279.125000
1	2.913000	0.572899	376.881256	279.181244
1	2.945000	0.567971	376.906250	280.093750
1	2.976000	0.577681	377.000000	279.187500
0	3.007000	0.347826	245.081848	363.918152
1	3.038000	0.572754	376.837494	279.149994
1	3.069000	0.577246	376.131256	279.256256
1	3.101000	0.599420	376.612488	279.424988
1	3.132000	0.600580	376.625000	278.125000
1	3.179000	0.584203	376.718750	277.906250
0	3.210000	0.347826	225.081848	384.000000
1	3.241000	0.601015	376.506256	277.631256
1	3.272000	0.579275	376.943756	278.056244
1	3.303000	0.597246	376.593750	278.593750
1	3.335000	0.605362	376.556244	279.556244
1	3.366000	0.599855	376.418732	279.618744
1	3.413000	0.588116	375.975006	280.287506
1	3.444000	0.607101	376.268738	280.468750
1	3.475000	0.603333	376.368713	280.368713
1	3.506000	0.596667	376.556244	279.681244
1	3.537000	0.601594	376.531250	280.468750
1	3.569000	0.603768	376.625000	280.375000
1	3.600000	0.584203	376.906250	280.093750
1	3.631000	0.613188	376.506256	280.181244
1	3.678000	0.600145	376.506256	280.368744
1	3.709000	0.610145	376.500000	280.750000
1	3.740000	0.603768	376.637512	280.674988
1	3.771000	0.592464	377.024994	280.662506
1	3.803000	0.612029	377.231232	280.193756
1	3.834000	0.618986	377.293762	281.093750
1	3.865000	0.637681	377.000000	280.000000
1	3.912000	0.614203	377.512482	280.587494
1	3.943000	0.625507	377.500000	281.000000
1	3.974000	0.620580	377.350006	281.337494
1	4.005000	0.615362	377.537506	281.337494
1	4.037000	0.615942	377.487488	281.512512
1	4.068000	0.620580	377.662506	281.337494
1	4.099000	0.615362	377.537506	281.149994
1	4.130000	0.612464	377.500000	281.237488
1	4.177000	0.608406	377.774994	281.074982
1	4.208000	0.611449	377.606262	281.481262
1	4.239000	0.608551	377.818756	281.443756
1	4.271000	0.614493	376.500000	280.500000
1	4.302000	0.607101	377.406250	281.793762
1	4.333000	0.615362	377.462494	281.662506
1	4.364000	0.625072	378.043732	281.243744
1	4.411000	0.604493	378.306244	281.443756
1	4.442000	0.614058	378.318756	281.556244
1	4.473000	0.620290	377.875000	281.875000
1	4.505000	0.590145	378.024994	282.024994
1	4.536000	0.608696	377.500000	282.500000
1	4.567000	0.618986	377.406250	282.281250
1	4.598000	0.614638	377.468750	282.656250
1	4.645000	0.633623	377.100006	283.100006
1	4.676000	0.607101	377.468750	282.468750
1	4.707000	0.605362	377.443756	282.556244
1	4.739000	0.614493	377.625000	282.625000
1	4.770000	0.605362	377.443756	282.568756
1	4.801000	0.605507	377.662506	282.537506
1	4.832000	0.614203	377.512482	282.412506
1	4.863000	0.615362	377.462494	283.337494
1	4.910000	0.604928	377.562500	283.437500
1	4.941000	0.605942	377.468750	283.406250
1	4.973000	0.601015	377.631256	283.493744
1	5.004000	0.604203	377.681244	283.506256
1	5.035000	0.611449	378.393738	283.518738
1	5.066000	0.604928	377.562500	283.687500
1	5.097000	0.604058	378.049988	284.300049
1	5.144000	0.610290	377.768738	284.556213
0	5.175000	0.568116	378.500000	284.500000
1	5.207000	0.609710	377.506256	286.493744
1	5.238000	0.601015	377.631256	287.368744
1	5.269000	0.631594	377.737518	287.037506
1	5.300000	0.613188	377.493744	287.181244
1	5.331000	0.605507	377.462494	286.537506
1	5.378000	0.603768	377.625000	287.312500
1	5.409000	0.608551	377.568756	287.581268
1	5.441000	0.592754	378.037476	287.737488
1	5.472000	0.615797	377.581238	287.843750
1	5.503000	0.605797	377.500000	288.500000
1	5.534000	0.598985	378.306244	288.068756
1	5.565000	0.609710	378.381256	287.506256
1	5.597000	0.633623	377.850006	287.100006
1	5.643000	0.602899	378.250000	286.750000
1	5.675000	0.615362	378.337494	287.149994
1	5.706000	0.614638	378.531250	286.531250
1	5.737000	0.602899	379.000000	287.000000
1	5.768000	0.609275	378.500000	287.500000
1	5.799000	0.600580	378.375000	286.875000
1	5.831000	0.620580	378.662506	288.087494
1	5.877000	0.620580	379.337494	287.662506
1	5.909000	0.605797	379.250000	288.250000
1	5.940000	0.637101	378.850006	288.149994
1	5.971000	0.640725	378.981262	289.031250
1	6.002000	0.629855	378.937500	288.812500
1	6.033000	0.633188	378.906250	288.406250
1	6.065000	0.636377	379.156250	288.843750
1	6.111000	0.644058	378.937500	289.437500
1	6.143000	0.642899	379.000000	289.125000
0	6.174000	0.347826	253.081848	359.918152
1	6.205000	0.641884	378.981262	290.093750
1	6.236000	0.642899	379.924988	289.000000
1	6.267000	0.617391	379.750000	289.250000
1	6.299000	0.616667	379.543762	289.406250
1	6.330000	0.602899	379.250000	288.750000
1	6.377000	0.618841	379.750000	289.375000
1	6.408000	0.632464	379.850006	289.087494
1	6.439000	0.609710	379.506256	289.506256
1	6.470000	0.633623	379.899994	289.949982
0	6.501000	0.347826	249.081848	363.918152
1	6.533000	0.591304	380.500000	289.500000
1	6.564000	0.609855	380.524994	289.350006
1	6.611000	0.605362	380.568756	289.181244
1	6.642000	0.618841	380.531250	288.718750
1	6.673000	0.624928	380.475006	289.074982
1	6.704000	0.639855	380.956238	288.843750
1	6.735000	0.620290	380.424988	289.424988
1	6.767000	0.591304	380.500000	289.500000
1	6.798000	0.635507	380.456238	289.206238
1	6.845000	0.620580	380.537506	289.237518
1	6.876000	0.626087	380.500000	288.500000
1	6.907000	0.605942	380.406250	288.468750
1	6.938000	0.620290	380.424988	288.575012
1	6.969000	0.626667	380.375000	287.812500
1	7.001000	0.621015	380.656250	288.956238
1	7.032000	0.614638	380.468750	289.406250
1	7.063000	0.618406	380.618744	289.306244
1	7.110000	0.636377	380.156250	289.156250
1	7.141000	0.626087	380.500000	288.500000
1	7.172000	0.644058	380.949982	288.987518
1	7.203000	0.635797	380.868744	288.868744
1	7.235000	0.636377	380.843750	289.156250
1	7.266000	0.633188	380.906250	289.093750
1	7.297000	0.635797	381.068756	289.868744
1	7.344000	0.661594	381.268738	289.481262
1	7.375000	0.647246	380.687500	289.987488
1	7.406000	0.663623	380.418762	290.468689
1	7.437000	0.648841	380.631256	290.381256
1	7.469000	0.653623	381.424988	290.112488
1	7.500000	0.647536	381.349976	290.012512
1	7.531000	0.672899	381.318756	290.181244
1	7.578000	0.642899	381.075012	289.500000
1	7.609000	0.654203	381.087494	290.087494
1	7.640000	0.648406	381.000000	290.000000
1	7.671000	0.648985	381.024994	290.024994
1	7.703000	0.662464	380.718750	290.218750
1	7.734000	0.652754	380.875000	289.937500
0	7.765000	0.347826	245.081848	367.918152
1	7.796000	0.672464	380.500000	289.500000
1	7.843000	0.664203	381.243744	289.756256
1	7.874000	0.646377	381.037506	289.024994
1	7.905000	0.652319	381.368744	289.681244
1	7.937000	0.664638	381.250000	289.750000
1	7.968000	0.653333	381.100006	289.962494
1	7.999000	0.660290	381.250000	289.825012
1	8.030000	0.672464	381.500000	290.500000
1	8.061000	0.655507	381.068756	290.068756
0	8.108000	0.347826	265.081848	355.918152
1	8.139000	0.662464	381.268738	289.831238
0	8.171000	0.347826	233.081848	375.918152
1	8.202000	0.659855	381.868744	289.443756
1	8.233000	0.637101	381.850006	289.850006
1	8.264000	0.647971	381.681244	290.006256
1	8.295000	0.662464	381.781250	289.718750
1	8.342000	0.648985	381.975006	289.975006
0	8.373000	0.347826	257.081848	359.918152
1	8.405000	0.640580	381.437500	290.687500
1	8.436000	0.651594	381.375000	290.625000
0	8.467000	0.347826	249.081848	363.918152
1	8.498000	0.647246	381.987488	289.937500
1	8.529000	0.648985	381.975006	289.975006
1	8.576000	0.659710	381.837494	289.475006
0	8.607000	0.347826	237.081848	371.918152
1	8.639000	0.642899	382.000000	290.000000
1	8.670000	0.665797	382.237488	290.424988
1	8.701000	0.626087	381.500000	291.500000
1	8.732000	0.671014	381.687469	290.362518
1	8.763000	0.635507	381.543762	290.893738
0	8.795000	0.347826	233.081848	375.918152
1	8.841000	0.654928	381.731262	290.093750
1	8.873000	0.649275	382.000000	290.000000
0	8.904000	0.347826	257.081848	359.918152
1	8.935000	0.655507	382.068756	290.068756
1	8.966000	0.652174	382.000000	290.000000
1	8.997000	0.653623	382.112488	290.887512
1	9.029000	0.626087	381.500000	291.500000
0	9.075000	0.347826	229.081848	379.918152
0	9.107000	0.347826	245.081848	367.918152
1	9.138000	0.672464	382.000000	291.000000
1	9.169000	0.664638	382.375000	291.250000
0	9.200000	0.347826	245.081848	371.918152
0	9.231000	0.347826	233.081848	375.918152
1	9.263000	0.675362	382.750000	291.000000
0	9.309000	0.347826	233.081848	375.918152
1	9.341000	0.649275	381.500000	291.500000
0	9.372000	0.347826	237.081848	375.918152
0	9.403000	0.347826	233.081848	375.918152
1	9.434000	0.672754	383.600006	291.662506
0	9.465000	0.347826	229.081848	379.918152
0	9.497000	0.347826	229.081848	379.918152
0	9.528000	0.347826	233.081848	375.918152
0	9.575000	0.347826	245.081848	367.918152
1	9.606000	0.649275	383.187500	292.062500
0	9.637000	0.347826	229.081848	379.918152
1	9.668000	0.651449	383.000000	292.687500
0	9.699000	0.579710	381.500000	291.500000
1	9.731000	0.649275	383.000000	293.000000
0	9.762000	0.347826	277.081848	351.918152
0	9.809000	0.347826	229.081848	379.918152
0	9.840000	0.347826	221.081848	384.000000
1	9.871000	0.647971	383.681244	293.006256
1	9.902000	0.637681	383.500000	293.500000
0	9.933000	0.347826	237.081848	371.918152
0	9.965000	0.347826	221.081848	384.000000
0	9.996000	0.347826	225.081848	383.918152
1	10.043000	0.642464	383.493744	293.881256
0	10.074000	0.347826	221.081848	384.000000
0	10.105000	0.347826	225.081848	383.918152
0	10.136000	0.347826	229.081848	379.918152
0	10.167000	0.347826	221.081848	384.000000
0	10.199000	0.347826	241.081848	367.918152
0	10.230000	0.347826	229.081848	379.918152
0	10.261000	0.347826	233.081848	375.918152
0	10.308000	0.347826	229.081848	379.918152
0	10.339000	0.347826	229.081848	379.918152
0	10.370000	0.347826	225.081848	383.918152
0	10.401000	0.707246	381.500000	291.500000
0	10.433000	0.347826	221.081848	384.000000
0	10.464000	0.347826	225.081848	383.918152
0	10.495000	0.347826	221.081848	384.000000
0	10.542000	0.347826	221.081848	384.000000
0	10.573000	0.347826	221.081848	384.000000
0	10.604000	0.347826	221.081848	384.000000
0	10.635000	0.347826	225.081848	383.918152
0	10.667000	0.347826	225.081848	383.918152
0	10.698000	0.347826	221.081848	384.000000
1	10.729000	0.654928	384.093750	293.906250
0	10.776000	0.347826	233.081848	375.918152
0	10.807000	0.347826	233.081848	375.918152
0	10.838000	0.347826	221.081848	384.000000
0	10.869000	0.614493	385.500000	291.500000
0	10.901000	0.347826	221.081848	384.000000
0	10.932000	0.347826	221.081848	384.000000
0	10.963000	0.347826	225.081848	383.918152
0	10.994000	0.347826	225.081848	383.918152
0	11.041000	0.347826	225.081848	383.918152
0	11.072000	0.347826	221.081848	384.000000
0	11.103000	0.347826	221.081848	384.000000
1	11.135000	0.637681	383.500000	291.500000
0	11.166000	0.347826	229.081848	379.918152
0	11.197000	0.347826	221.081848	384.000000
0	11.228000	0.347826	225.081848	383.918152
0	11.275000	0.347826	229.081848	379.918152
0	11.306000	0.347826	229.081848	379.918152
1	11.337000	0.663623	383.781250	293.743713
0	11.369000	0.347826	225.081848	383.918152
0	11.400000	0.347826	225.081848	383.918152
0	11.431000	0.347826	225.081848	383.918152
0	11.462000	0.347826	225.081848	383.918152
0	11.509000	0.347826	229.081848	379.918152
0	11.540000	0.347826	225.081848	383.918152
0	11.571000	0.347826	225.081848	383.918152
0	11.603000	0.347826	221.081848	384.000000
0	11.634000	0.347826	229.081848	379.918152
0	11.665000	0.347826	221.081848	384.000000
0	11.696000	0.347826	221.081848	384.000000
0	11.727000	0.347826	217.081848	384.000000
0	11.774000	0.347826	229.081848	379.918152
0	11.805000	0.347826	229.081848	379.918152
0	11.837000	0.347826	221.081848	384.000000
0	11.868000	0.347826	225.081848	383.918152
0	11.899000	0.347826	229.081848	379.918152
1	11.930000	0.666377	385.262482	293.287506
1	11.961000	0.674928	385.106232	293.631256
0	12.008000	0.347826	225.081848	383.918152
0	12.039000	0.347826	221.081848	384.000000
0	12.071000	0.347826	221.081848	384.000000
0	12.102000	0.347826	221.081848	384.000000
0	12.133000	0.347826	221.081848	384.000000
0	12.164000	0.347826	221.081848	384.000000
0	12.195000	0.347826	221.081848	384.000000
0	12.227000	0.347826	221.081848	384.000000
0	12.273000	0.347826	217.081848	384.000000
0	12.305000	0.347826	221.081848	384.000000
0	12.336000	0.347826	221.081848	384.000000
0	12.367000	0.347826	213.081848	384.000000
0	12.398000	0.347826	217.081848	384.000000
1	12.429000	0.662319	386.237488	294.500000
0	12.461000	0.347826	221.081848	384.000000
0	12.507000	0.347826	229.081848	383.918152
0	12.539000	0.347826	245.081848	375.918152
0	12.570000	0.347826	213.081848	384.000000
0	12.601000	0.347826	217.081848	384.000000
1	12.632000	0.677681	386.437500	295.625000
0	12.663000	0.347826	233.081848	379.918152
1	12.695000	0.626087	385.500000	295.500000
1	12.741000	0.652754	386.062500	295.375000
0	12.773000	0.347826	233.081848	379.918152
0	12.804000	0.347826	225.081848	384.000000
0	12.835000	0.347826	217.081848	384.000000
0	12.866000	0.347826	217.081848	384.000000
0	12.897000	0.347826	217.081848	384.000000
0	12.929000	0.347826	217.081848	384.000000
0	12.960000	0.347826	233.081848	379.918152
1	13.007000	0.667536	385.787506	295.399994
0	13.038000	0.347826	233.081848	379.918152
0	13.069000	0.347826	229.081848	383.918152
0	13.100000	0.347826	221.081848	384.000000
0	13.131000	0.347826	225.081848	384.000000
0	13.163000	0.347826	225.081848	384.000000
0	13.194000	0.347826	233.081848	379.918152
0	13.241000	0.347826	237.081848	379.918152
1	13.272000	0.684203	386.468689	293.531250
1	13.303000	0.690145	385.949982	292.412506
0	13.334000	0.347826	225.081848	383.918152
0	13.365000	0.347826	233.081848	375.918152
0	13.397000	0.347826	245.081848	363.918152
1	13.428000	0.668406	387.274994	287.274994
1	13.459000	0.672319	386.706238	285.843750
1	13.506000	0.676377	386.593719	285.781219
1	13.537000	0.660870	386.500000	284.500000
1	13.568000	0.690145	386.412506	284.412506
1	13.599000	0.674493	386.362457	284.362518
1	13.631000	0.690290	386.106232	284.568756
1	13.662000	0.710580	386.881256	283.256256
1	13.693000	0.692319	386.943756	283.006256
1	13.740000	0.705362	387.181244	282.181244
1	13.771000	0.695797	386.993744	282.156219
1	13.802000	0.722899	387.350006	282.399994
1	13.833000	0.706522	386.818756	282.056244
1	13.865000	0.717971	386.687500	282.875000
1	13.896000	0.742319	386.662506	282.287506
0	13.927000	0.347826	293.081848	331.918152
1	13.974000	0.722899	386.037506	283.975006
1	14.005000	0.742319	385.662506	285.699982
1	14.036000	0.733623	386.212494	289.462494
1	14.067000	0.790290	386.181244	292.993744
1	14.099000	0.755942	386.375000	294.500000
1	14.130000	0.774493	386.250000	300.875000
1	14.161000	0.794058	385.906250	305.031250
1	14.192000	0.773333	384.375000	308.625000
1	14.239000	0.797826	383.943756	311.131256
1	14.270000	0.820725	383.681244	313.806244
1	14.301000	0.828986	384.500000	312.000000
1	14.333000	0.849420	385.218750	310.218750
1	14.364000	0.839275	386.443756	308.931244
1	14.395000	0.836377	385.981262	308.018738
1	14.426000	0.858116	385.843750	307.706238
1	14.473000	0.869565	385.500000	307.500000
1	14.504000	0.856522	385.875000	306.250000
1	14.535000	0.865797	386.062500	305.549988
1	14.567000	0.892754	386.500000	304.500000
1	14.598000	0.866812	386.968750	305.781250
1	14.629000	0.875073	386.862488	305.887451
1	14.660000	0.866377	386.962494	305.037506
1	14.707000	0.901449	386.950012	307.500000
1	14.738000	0.898985	386.556244	308.443756
1	14.769000	0.903188	386.475006	308.212494
1	14.801000	0.926667	385.562500	309.687500
1	14.832000	0.855362	385.712494	309.462494
1	14.863000	0.956522	385.500000	309.500000
0	14.894000	0.870870	386.743744	308.181244
1	14.925000	0.924493	386.156250	308.643738
1	14.972000	0.900290	386.500000	308.500000
1	15.003000	0.947246	385.875000	308.875000
1	15.035000	0.930435	385.750000	307.500000
1	15.066000	0.927536	386.750000	308.750000
1	15.097000	0.955362	386.725006	309.712494
1	15.128000	0.964493	385.893738	309.593750
1	15.159000	0.883188	387.687500	309.724915
1	15.206000	0.892754	386.500000	308.500000
1	15.237000	0.917101	386.775055	309.574982
1	15.269000	0.927101	386.431244	309.556244
1	15.300000	0.888551	387.031250	308.656250
1	15.331000	0.870145	386.875000	309.125000
1	15.362000	0.894493	387.100006	309.449982
1	15.393000	0.916812	386.687500	309.312500
1	15.440000	0.859275	386.706238	308.706238
1	15.471000	0.897681	386.462494	309.462494
1	15.503000	0.881449	386.725006	309.962494
1	15.534000	0.853333	386.412506	309.850006
1	15.565000	0.856667	386.731232	309.743744
1	15.596000	0.834783	385.750000	309.250000
1	15.627000	0.851594	386.437500	309.187500
1	15.659000	0.847826	386.500000	308.750000
1	15.705000	0.863623	386.781250	308.531250
1	15.737000	0.851015	386.725006	308.725006
1	15.768000	0.825507	387.862488	308.375000
1	15.799000	0.805507	388.087494	308.212494
1	15.830000	0.812029	389.181244	309.318756
1	15.861000	0.811884	389.162506	309.274994
1	15.893000	0.810290	389.093750	308.218750
1	15.939000	0.801015	388.543732	308.006256
1	15.971000	0.828841	388.968750	308.343750
1	16.002000	0.810290	388.906250	309.218750
1	16.033000	0.800000	389.500000	307.500000
1	16.064000	0.801159	388.024994	308.975006
1	16.095000	0.800725	389.062500	309.000000
1	16.127000	0.776812	389.500000	307.500000
1	16.158000	0.835507	388.356262	308.981262
1	16.205000	0.835797	388.618744	308.618744
1	16.236000	0.834783	388.500000	308.500000
1	16.267000	0.800000	388.500000	308.500000
1	16.298000	0.843478	389.250000	308.000000
1	16.329000	0.822754	389.068756	308.231232
1	16.361000	0.800580	388.125000	308.000000
1	16.392000	0.805362	389.181244	307.818756
1	16.439000	0.825362	388.893738	306.893738
1	16.470000	0.819855	387.893768	307.306244
1	16.501000	0.805362	388.568756	307.181244
1	16.532000	0.822899	387.787506	307.412506
1	16.563000	0.815362	388.662506	307.287506
1	16.595000	0.788551	389.343750	307.156250
1	16.626000	0.816377	389.306244	307.131256
1	16.673000	0.814203	389.712494	307.712494
1	16.704000	0.800000	389.750000	306.750000
1	16.735000	0.801159	389.899994	308.024994
1	16.766000	0.800580	389.487488	308.000000
1	16.797000	0.776812	389.500000	307.500000
1	16.829000	0.800000	389.500000	307.500000
1	16.860000	0.798841	388.962494	309.087494
1	16.891000	0.788406	389.049988	308.987488
1	16.938000	0.800000	389.500000	307.500000
1	16.969000	0.823188	387.500000	307.500000
1	17.000000	0.800000	389.500000	307.500000
1	17.031000	0.800580	389.500000	308.000000
1	17.063000	0.776812	389.500000	307.500000
1	17.094000	0.784203	388.768738	309.231262
1	17.125000	0.801159	389.024994	309.975006
1	17.172000	0.792898	388.156250	309.843750
1	17.203000	0.742029	389.500000	309.500000
1	17.234000	0.814058	388.306244	309.306244
1	17.265000	0.800000	389.500000	307.500000
1	17.297000	0.811594	388.500000	308.500000
1	17.328000	0.787971	389.681244	309.931183
1	17.359000	0.797246	389.031250	309.031250
1	17.406000	0.811594	389.500000	309.500000
1	17.437000	0.809275	389.250000	309.250000
1	17.468000	0.805507	389.199982	309.162506
1	17.499000	0.796812	389.037506	309.962494
1	17.531000	0.776812	389.500000	309.500000
1	17.562000	0.777101	389.175018	309.712494
1	17.593000	0.823188	391.500000	309.500000
1	17.624000	0.778261	389.750000	308.875000
1	17.671000	0.773913	389.906250	309.531250
1	17.702000	0.792464	390.137543	308.975006
1	17.733000	0.794058	390.906250	309.968750
1	17.765000	0.788406	390.049988	308.950012
1	17.796000	0.796667	390.068756	309.931244
1	17.827000	0.792898	390.031250	309.968750
1	17.858000	0.783333	390.768738	310.843750
1	17.905000	0.764638	390.500000	309.987488
1	17.936000	0.786232	391.218750	309.956238
1	17.967000	0.776812	391.125000	309.625000
1	17.999000	0.773768	391.256256	309.631256
1	18.030000	0.765217	390.750000	310.250000
1	18.061000	0.790580	391.393738	310.393738
1	18.092000	0.792464	391.149994	310.975006
1	18.123000	0.788406	391.500000	309.500000
1	18.170000	0.777536	391.831238	310.831238
1	18.201000	0.746377	392.262512	311.674988
1	18.233000	0.779855	392.168762	311.831238
1	18.264000	0.778116	392.193756	311.181244
1	18.295000	0.800000	392.500000	310.500000
1	18.326000	0.757536	392.381256	310.556244
1	18.357000	0.764638	391.500000	309.500000
1	18.404000	0.759420	391.375000	309.375000
1	18.435000	0.742319	390.337494	309.412506
1	18.467000	0.757246	390.481262	310.518738
1	18.498000	0.728551	390.368744	309.881195
1	18.529000	0.753188	391.318756	310.681244
1	18.560000	0.759710	391.537506	310.587494
1	18.591000	0.768406	390.912506	309.837494
1	18.638000	0.755942	391.500000	310.500000
1	18.669000	0.755362	391.524994	309.600006
1	18.701000	0.773768	391.256256	309.743744
1	18.732000	0.765217	391.500000	309.500000
1	18.763000	0.732029	391.768738	310.418762
1	18.794000	0.781015	391.031250	310.218750
1	18.825000	0.725507	391.000000	310.062500
1	18.857000	0.746667	391.600006	310.524994
1	18.903000	0.784203	391.993713	310.106262
1	18.935000	0.744493	391.693756	310.306244
1	18.966000	0.747246	391.625000	309.375000
1	18.997000	0.752899	391.656250	310.418762
1	19.028000	0.742754	391.706238	309.581238
1	19.059000	0.722464	391.381226	308.968750
1	19.091000	0.755362	392.475006	309.475006
1	19.137000	0.778841	392.150024	309.950012
1	19.169000	0.773188	392.106262	309.893738
1	19.200000	0.759710	392.412506	309.462494
1	19.231000	0.789710	392.968750	308.993774
1	19.262000	0.777536	392.168762	309.168762
1	19.293000	0.759710	392.587494	309.462494
1	19.325000	0.779855	392.831238	309.093750
1	19.371000	0.755073	393.487457	309.462494
1	19.403000	0.751015	392.824982	309.537506
1	19.434000	0.777536	393.168762	309.168762
1	19.465000	0.762029	392.550018	309.475006
1	19.496000	0.762319	393.137512	309.575012
1	19.527000	0.765217	392.500000	310.500000
1	19.559000	0.773768	393.256256	309.243744
1	19.590000	0.752754	392.562500	309.437500
1	19.637000	0.751159	392.506256	309.368744
1	19.668000	0.759275	392.706238	309.543762
1	19.699000	0.755942	392.500000	309.437500
1	19.730000	0.755507	392.506256	309.618744
1	19.761000	0.751594	392.437500	309.625000
1	19.793000	0.747971	392.381256	310.243744
1	19.824000	0.742319	392.662506	310.699982
1	19.871000	0.776812	392.000000	311.000000
1	19.902000	0.755942	392.500000	311.125000
1	19.933000	0.740725	392.781250	310.781250
1	19.964000	0.752319	392.556244	310.556244
1	19.995000	0.751015	392.537506	310.649994
1	20.027000	0.750725	392.674988	310.612488
1	20.058000	0.749275	392.637512	310.487488
1	20.089000	0.751015	393.537506	310.537506
1	20.136000	0.744203	393.231262	311.331238
1	20.167000	0.755362	393.287506	311.524994
1	20.198000	0.772754	392.850006	311.762482
1	20.229000	0.777536	393.168762	311.168762
1	20.261000	0.774928	393.206268	310.868744
1	20.292000	0.791304	393.250000	310.250000
1	20.323000	0.778116	393.193756	310.193756
1	20.370000	0.755942	393.500000	310.500000
0	20.401000	0.347826	249.081848	384.000000
1	20.432000	0.782464	393.243744	310.256256
0	20.463000	0.347826	249.081848	384.000000
0	20.495000	0.347826	237.081848	384.000000
1	20.526000	0.761014	393.506256	310.568756
1	20.557000	0.787536	393.937500	310.687500
1	20.604000	0.753768	393.531250	309.468750
1	20.635000	0.765217	393.500000	307.500000
1	20.666000	0.756667	393.493744	309.693756
1	20.697000	0.797101	393.937500	309.937500
1	20.729000	0.778841	393.812500	309.312500
0	20.760000	0.347826	249.081848	384.000000
1	20.791000	0.777536	393.831238	309.831238
1	20.822000	0.774638	393.643738	309.856262
1	20.869000	0.777536	394.168762	309.831238
1	20.900000	0.742029	393.750000	309.750000
1	20.931000	0.778116	394.181244	310.181244
1	20.963000	0.748841	394.618744	310.568756
0	20.994000	0.347826	261.081848	379.918152
1	21.025000	0.745652	395.306244	309.743744
1	21.056000	0.765217	394.500000	309.500000
1	21.103000	0.756667	394.543671	309.506256
1	21.134000	0.754928	394.481262	309.593750
1	21.165000	0.751015	394.537506	309.662506
1	21.197000	0.742898	394.312500	308.687500
0	21.228000	0.347826	237.081848	384.000000
1	21.259000	0.786667	395.000000	308.974976
1	21.290000	0.760290	394.562500	308.562500
1	21.337000	0.751015	394.537506	308.462494
1	21.368000	0.823188	393.500000	309.500000
1	21.399000	0.801159	395.024994	307.975006
1	21.431000	0.788840	394.706238	307.981262
1	21.462000	0.794493	394.962494	307.912506
1	21.493000	0.816377	393.306244	307.693756
1	21.524000	0.782029	393.299988	307.200012
1	21.555000	0.797246	393.968750	306.906250
1	21.602000	0.825072	393.743744	306.556244
1	21.633000	0.807536	394.350006	306.787506
1	21.665000	0.800000	393.500000	307.500000
1	21.696000	0.800000	393.500000	307.500000
1	21.727000	0.845507	394.149994	307.725006
1	21.758000	0.800000	393.500000	307.500000
1	21.789000	0.820145	393.668762	308.206238
1	21.836000	0.832753	393.562531	307.587433
1	21.867000	0.850580	393.856262	307.643738
1	21.899000	0.861449	394.125000	307.250000
1	21.930000	0.861449	393.312500	307.000000
1	21.961000	0.858116	394.343750	308.093750
1	21.992000	0.862029	394.274994	307.600006
1	22.023000	0.889275	394.212494	307.649994
1	22.070000	0.855942	394.299988	307.687500
1	22.101000	0.857681	394.162506	307.912506
1	22.133000	0.871159	394.156250	308.518738
1	22.164000	0.848985	393.774994	309.212494
1	22.195000	0.820580	393.787506	308.787506
1	22.226000	0.841014	394.068726	309.118713
1	22.257000	0.848406	393.562500	309.812500
1	22.289000	0.809275	393.924988	309.250000
1	22.335000	0.829855	394.062500	309.500000
1	22.367000	0.823333	394.406250	309.593750
1	22.398000	0.831449	394.443756	309.556244
1	22.429000	0.811594	393.500000	308.500000
1	22.460000	0.814638	394.281250	309.281250
1	22.491000	0.796232	394.062500	309.062500
1	22.523000	0.811594	393.750000	309.250000
1	22.569000	0.830870	394.056274	308.468750
1	22.601000	0.835942	394.399994	308.475006
1	22.632000	0.801159	393.475006	308.024994
1	22.663000	0.816377	393.306244	308.693756
1	22.694000	0.800000	393.500000	307.500000
1	22.725000	0.813623	393.737488	309.662415
1	22.757000	0.814058	394.118744	310.306244
1	22.803000	0.800000	393.500000	311.500000
1	22.835000	0.817391	393.500000	311.500000
1	22.866000	0.805942	393.406250	311.156250
1	22.897000	0.813623	393.312500	310.687500
0	22.928000	0.347826	249.081848	384.000000
1	22.959000	0.828986	393.500000	310.500000
0	22.991000	0.800000	393.500000	307.500000
1	23.022000	0.809710	393.881256	310.668732
1	23.069000	0.800000	394.500000	310.500000
1	23.100000	0.812464	393.737488	310.262512
1	23.131000	0.823188	393.500000	309.500000
1	23.162000	0.794058	393.906250	308.981262
1	23.193000	0.760290	394.437500	308.437500
1	23.225000	0.783188	394.250000	308.250000
1	23.256000	0.789710	394.706238	309.006226
1	23.303000	0.773624	395.125092	309.112457
1	23.334000	0.786812	395.068756	309.068756
1	23.365000	0.784203	394.268738	308.968750
1	23.396000	0.783768	394.600006	309.100006
1	23.427000	0.756667	394.493744	309.493744
1	23.459000	0.774493	394.825012	309.787476
1	23.490000	0.759855	394.556244	308.518768
1	23.537000	0.788551	395.043762	309.781250
1	23.568000	0.753623	395.000000	309.000000
1	23.599000	0.759710	394.587494	309.587494
1	23.630000	0.766812	394.018738	309.018738
1	23.661000	0.796667	394.443756	309.056244
1	23.693000	0.814638	394.281250	309.718750
1	23.724000	0.786232	394.093750	310.043762
1	23.755000	0.782464	394.256256	310.256256
0	23.802000	0.347826	237.081848	384.000000
1	23.833000	0.760290	394.437500	309.562500
1	23.864000	0.800000	394.500000	310.500000
1	23.896000	0.788406	393.500000	309.500000
1	23.927000	0.759855	394.481232	309.556244
1	23.958000	0.758116	394.506287	309.493713
1	23.989000	0.756812	394.475006	309.337494
1	24.020000	0.764493	394.481262	310.018738
1	24.067000	0.755362	394.524994	310.475006
1	24.098000	0.742319	394.662506	310.337494
1	24.130000	0.751015	394.649994	310.162506
1	24.161000	0.759275	394.906250	309.531250
1	24.192000	0.751594	394.637512	309.562500
1	24.223000	0.755362	394.600006	310.100006
1	24.254000	0.749275	394.562500	308.637512
1	24.301000	0.788551	394.931274	309.043762
1	24.332000	0.774058	394.881256	308.681244
1	24.364000	0.760290	394.562500	309.437500
1	24.395000	0.750580	395.181244	309.418732
1	24.426000	0.749275	395.437500	309.799988
1	24.457000	0.744493	395.181244	309.306244
0	24.488000	0.347826	297.081848	363.918152
1	24.535000	0.733768	394.806244	308.506256
1	24.566000	0.742029	395.000000	309.000000
1	24.598000	0.800000	393.500000	307.500000
1	24.629000	0.747246	395.250000	309.375000
1	24.660000	0.744638	394.662506	309.237518
1	24.691000	0.747971	395.381256	309.618744
1	24.722000	0.757246	394.581238	309.481262
1	24.754000	0.742319	394.662506	310.337494
1	24.800000	0.751594	394.562500	308.562500
1	24.832000	0.751015	395.462494	308.462494
0	24.863000	0.347826	245.081848	384.000000
1	24.894000	0.734203	394.487488	310.437500
1	24.925000	0.748985	394.712494	310.600006
1	24.956000	0.747246	394.625000	310.625000
1	24.988000	0.718986	394.968750	310.156250
1	25.034000	0.748841	394.868744	310.381256
1	25.066000	0.765217	394.500000	310.500000
1	25.097000	0.755942	394.500000	310.500000
1	25.128000	0.718841	395.000000	310.000000
1	25.159000	0.742319	394.725006	309.287506
1	25.190000	0.744203	394.706238	309.293762
1	25.222000	0.718841	396.000000	309.000000
1	25.268000	0.760290	395.437500	309.437500
1	25.300000	0.751015	395.462494	309.462494
0	25.331000	0.347826	241.081848	384.000000
1	25.362000	0.753768	395.343750	309.656250
1	25.393000	0.751449	394.831238	310.343750
1	25.424000	0.751015	395.649994	309.537506
1	25.456000	0.743333	395.681244	309.256256
1	25.487000	0.755072	396.000000	309.500000
0	25.534000	0.347826	237.081848	384.000000
1	25.565000	0.761014	396.431244	309.056244
1	25.596000	0.755362	396.600006	308.712494
1	25.627000	0.765217	396.500000	308.500000
1	25.658000	0.742319	396.662506	309.337494
0	25.690000	0.347826	245.081848	384.000000
1	25.721000	0.747536	395.687500	310.250000
0	25.768000	0.347826	257.081848	383.918152
1	25.799000	0.757246	396.143738	310.518738
1	25.830000	0.760870	396.500000	309.500000
1	25.861000	0.747101	396.331238	309.606262
1	25.892000	0.753188	396.493744	309.681244
0	25.924000	0.347826	257.081848	384.000000
1	25.955000	0.742029	397.000000	310.000000
1	26.002000	0.759710	396.037506	309.587494
1	26.033000	0.724928	395.912506	310.399994
1	26.064000	0.730435	395.500000	310.500000
1	26.095000	0.759855	396.443756	310.431244
1	26.126000	0.788406	396.049988	310.049988
1	26.158000	0.749275	396.562500	309.362488
1	26.189000	0.760290	396.562500	309.562500
1	26.220000	0.748406	396.375000	309.237488
0	26.267000	0.347826	257.081848	384.000000
1	26.298000	0.718841	397.000000	309.000000
1	26.329000	0.744638	396.537506	308.762482
0	26.360000	0.347826	245.081848	384.000000
1	26.392000	0.748841	396.431244	309.643768
0	26.423000	0.347826	261.081848	379.918152
1	26.454000	0.752754	397.187500	308.812500
1	26.501000	0.759710	396.537476	309.949951
1	26.532000	0.752319	396.443756	309.631256
1	26.563000	0.752029	396.443756	309.806244
0	26.594000	0.347826	257.081848	383.918152
0	26.626000	0.347826	241.081848	384.000000
0	26.657000	0.347826	249.081848	384.000000
1	26.688000	0.773478	396.856262	311.143738
1	26.735000	0.761014	396.431244	310.506256
1	26.766000	0.760290	396.437500	310.687500
0	26.797000	0.347826	261.081848	379.918152
1	26.828000	0.758551	395.712494	309.887482
0	26.860000	0.347826	261.081848	379.918152
1	26.891000	0.751159	395.806244	310.368744
1	26.922000	0.778116	396.193756	310.181244
1	26.953000	0.788406	395.500000	309.500000
1	27.000000	0.747971	396.243744	310.243744
1	27.031000	0.751594	396.437500	310.437500
1	27.062000	0.753768	396.031250	310.343750
1	27.094000	0.755797	396.437500	310.625000
1	27.125000	0.753188	396.318756	310.431244
1	27.156000	0.751594	396.562500	310.437500
1	27.187000	0.759275	396.531250	310.456238
1	27.234000	0.765217	396.500000	310.500000
1	27.265000	0.755362	395.600006	310.712494
0	27.296000	0.347826	245.081848	384.000000
1	27.328000	0.756667	396.493744	311.493744
1	27.359000	0.777536	396.168762	311.831238
0	27.390000	0.347826	249.081848	384.000000
0	27.421000	0.347826	245.081848	384.000000
1	27.468000	0.764638	396.500000	311.375000
1	27.499000	0.764638	396.000000	311.500000
0	27.530000	0.347826	257.081848	384.000000
1	27.562000	0.755797	396.481262	311.406250
1	27.593000	0.757246	396.518738	311.456238
1	27.624000	0.748551	396.268738	311.643738
1	27.655000	0.743623	396.318756	311.568756
1	27.686000	0.751159	396.393738	312.218628
0	27.733000	0.347826	245.081848	384.000000
0	27.764000	0.347826	269.081848	379.918152
0	27.796000	0.347826	241.081848	384.000000
1	27.827000	0.765217	396.500000	310.500000
1	27.858000	0.755942	396.375000	310.625000
1	27.889000	0.742029	396.674988	311.262512
0	27.920000	0.347826	241.081848	384.000000
1	27.952000	0.751594	396.437500	311.437500
0	27.998000	0.347826	253.081848	384.000000
0	28.030000	0.347826	265.081848	383.918152
1	28.061000	0.731594	395.899994	312.100006
1	28.092000	0.764638	396.000000	312.000000
1	28.123000	0.763623	396.531250	311.218750
0	28.154000	0.347826	257.081848	384.000000
0	28.186000	0.347826	241.081848	384.000000
1	28.232000	0.742029	396.000000	311.000000
0	28.264000	0.347826	253.081848	384.000000
0	28.295000	0.347826	245.081848	384.000000
0	28.326000	0.347826	241.081848	384.000000
0	28.357000	0.347826	253.081848	384.000000
0	28.388000	0.347826	249.081848	384.000000
0	28.420000	0.347826	253.081848	384.000000
1	28.466000	0.746667	397.225006	310.225006
0	28.498000	0.347826	253.081848	384.000000
1	28.529000	0.742029	397.250000	309.750000
0	28.560000	0.347826	245.081848	384.000000
1	28.591000	0.773768	397.168762	310.843750
1	28.622000	0.759420	397.375000	310.875000
0	28.654000	0.347826	241.081848	384.000000
1	28.685000	0.695652	397.500000	311.500000
1	28.732000	0.750580	397.593750	311.656250
0	28.763000	0.347826	245.081848	384.000000
1	28.794000	0.752319	398.443756	310.443756
0	28.825000	0.347826	217.081848	384.000000
1	28.856000	0.719855	397.981262	309.968750
1	28.888000	0.723333	398.031250	309.968750
1	28.919000	0.747246	397.737488	310.375000
0	28.966000	0.347826	249.081848	384.000000
1	28.997000	0.729855	398.125000	310.937500
1	29.028000	0.744638	398.337494	310.600006
0	29.059000	0.347826	249.081848	371.918152
0	29.090000	0.347826	245.081848	384.000000
0	29.122000	0.347826	249.081848	379.918152
1	29.153000	0.740725	398.718750	311.218750
0	29.200000	0.347826	249.081848	384.000000
0	29.231000	0.347826	213.081848	384.000000
0	29.262000	0.347826	245.081848	384.000000
0	29.293000	0.347826	213.081848	384.000000
0	29.324000	0.347826	213.081848	384.000000
0	29.356000	0.347826	213.081848	384.000000
0	29.387000	0.347826	213.081848	384.000000
0	29.418000	0.347826	245.081848	384.000000
1	29.465000	0.689710	399.593750	311.593750
1	29.496000	0.728841	398.906250	311.281250
1	29.527000	0.722754	399.006256	310.993744
0	29.558000	0.347826	245.081848	384.000000
1	29.590000	0.695652	399.500000	311.500000
0	29.621000	0.347826	245.081848	384.000000
1	29.652000	0.718986	398.843750	311.156250
1	29.699000	0.741884	398.706238	311.656250
0	29.730000	0.347826	213.081848	384.000000
0	29.761000	0.347826	257.081848	384.000000
0	29.792000	0.347826	261.081848	383.918152
0	29.824000	0.347826	261.081848	384.000000
0	29.855000	0.347826	249.081848	384.000000
0	29.886000	0.347826	213.081848	384.000000
0	29.933000	0.347826	213.081848	384.000000
0	29.964000	0.347826	261.081848	383.918152
0	29.995000	0.347826	213.081848	384.000000
<\RIGHT-PUPIL-DATA>
<LEFT-PUPIL-DATA>
903	0
0	-0.067000	13.913043	240.000000	320.000000
0	-0.020000	13.913043	240.000000	320.000000
0	0.011000	13.913043	240.000000	320.000000
0	0.043000	13.913043	240.000000	320.000000
0	0.074000	13.913043	240.000000	320.000000
0	0.105000	13.913043	240.000000	320.000000
0	0.136000	13.913043	240.000000	320.000000
0	0.167000	13.913043	240.000000	320.000000
0	0.214000	13.913043	240.000000	320.000000
0	0.245000	13.913043	240.000000	320.000000
0	0.277000	13.913043	240.000000	320.000000
0	0.308000	13.913043	240.000000	320.000000
0	0.339000	13.913043	240.000000	320.000000
0	0.370000	13.913043	240.000000	320.000000
0	0.401000	13.913043	240.000000	320.000000
0	0.448000	13.913043	240.000000	320.000000
0	0.479000	13.913043	240.000000	320.000000
0	0.511000	13.913043	240.000000	320.000000
0	0.542000	13.913043	240.000000	320.000000
0	0.573000	13.913043	240.000000	320.000000
0	0.604000	13.913043	240.000000	320.000000
0	0.635000	13.913043	240.000000	320.000000
0	0.667000	13.913043	240.000000	320.000000
0	0.713000	13.913043	240.000000	320.000000
0	0.745000	13.913043	240.000000	320.000000
0	0.776000	13.913043	240.000000	320.000000
0	0.807000	13.913043	240.000000	320.000000
0	0.838000	13.913043	240.000000	320.000000
0	0.869000	13.913043	240.000000	320.000000
0	0.901000	13.913043	240.000000	320.000000
0	0.947000	13.913043	240.000000	320.000000
0	0.979000	13.913043	240.000000	320.000000
0	1.010000	13.913043	240.000000	320.000000
0	1.041000	13.913043	240.000000	320.000000
0	1.072000	13.913043	240.000000	320.000000
0	1.103000	13.913043	240.000000	320.000000
0	1.135000	13.913043	240.000000	320.000000
0	1.181000	13.913043	240.000000	320.000000
0	1.213000	13.913043	240.000000	320.000000
0	1.244000	13.913043	240.000000	320.000000
0	1.275000	13.913043	240.000000	320.000000
0	1.306000	13.913043	240.000000	320.000000
0	1.337000	13.913043	240.000000	320.000000
0	1.369000	13.913043	240.000000	320.000000
0	1.400000	13.913043	240.000000	320.000000
0	1.447000	13.913043	240.000000	320.000000
0	1.478000	13.913043	240.000000	320.000000
0	1.509000	13.913043	240.000000	320.000000
0	1.540000	13.913043	240.000000	320.000000
0	1.571000	13.913043	240.000000	320.000000
0	1.603000	13.913043	240.000000	320.000000
0	1.634000	13.913043	240.000000	320.000000
0	1.681000	13.913043	240.000000	320.000000
0	1.712000	13.913043	240.000000	320.000000
0	1.743000	13.913043	240.000000	320.000000
0	1.774000	13.913043	240.000000	320.000000
0	1.805000	13.913043	240.000000	320.000000
0	1.837000	13.913043	240.000000	320.000000
0	1.868000	13.913043	240.000000	320.000000
0	1.915000	13.913043	240.000000	320.000000
0	1.946000	13.913043	240.000000	320.000000
0	1.977000	13.913043	240.000000	320.000000
0	2.008000	13.913043	240.000000	320.000000
0	2.039000	13.913043	240.000000	320.000000
0	2.071000	13.913043	240.000000	320.000000
0	2.102000	13.913043	240.000000	320.000000
0	2.133000	13.913043	240.000000	320.000000
0	2.180000	13.913043	240.000000	320.000000
0	2.211000	13.913043	240.000000	320.000000
0	2.242000	13.913043	240.000000	320.000000
0	2.273000	13.913043	240.000000	320.000000
0	2.305000	13.913043	240.000000	320.000000
0	2.336000	13.913043	240.000000	320.000000
0	2.367000	13.913043	240.000000	320.000000
0	2.398000	13.913043	240.000000	320.000000
0	2.445000	13.913043	240.000000	320.000000
0	2.476000	13.913043	240.000000	320.000000
0	2.507000	13.913043	240.000000	320.000000
0	2.539000	13.913043	240.000000	320.000000
0	2.570000	13.913043	240.000000	320.000000
0	2.601000	13.913043	240.000000	320.000000
0	2.632000	13.913043	240.000000	320.000000
0	2.679000	13.913043	240.000000	320.000000
0	2.710000	13.913043	240.000000	320.000000
0	2.741000	13.913043	240.000000	320.000000
0	2.773000	13.913043	240.000000	320.000000
0	2.804000	13.913043	240.000000	320.000000
0	2.835000	13.913043	240.000000	320.000000
0	2.866000	13.913043	240.000000	320.000000
0	2.913000	13.913043	240.000000	320.000000
0	2.944000	13.913043	240.000000	320.000000
0	2.975000	13.913043	240.000000	320.000000
0	3.007000	13.913043	240.000000	320.000000
0	3.038000	13.913043	240.000000	320.000000
0	3.069000	13.913043	240.000000	320.000000
0	3.100000	13.913043	240.000000	320.000000
0	3.131000	13.913043	240.000000	320.000000
0	3.178000	13.913043	240.000000	320.000000
0	3.209000	13.913043	240.000000	320.000000
0	3.241000	13.913043	240.000000	320.000000
0	3.272000	13.913043	240.000000	320.000000
0	3.303000	13.913043	240.000000	320.000000
0	3.334000	13.913043	240.000000	320.000000
0	3.365000	13.913043	240.000000	320.000000
0	3.412000	13.913043	240.000000	320.000000
0	3.443000	13.913043	240.000000	320.000000
0	3.475000	13.913043	240.000000	320.000000
0	3.506000	13.913043	240.000000	320.000000
0	3.537000	13.913043	240.000000	320.000000
0	3.568000	13.913043	240.000000	320.000000
0	3.599000	13.913043	240.000000	320.000000
0	3.646000	13.913043	240.000000	320.000000
0	3.677000	13.913043	240.000000	320.000000
0	3.709000	13.913043	240.000000	320.000000
0	3.740000	13.913043	240.000000	320.000000
0	3.771000	13.913043	240.000000	320.000000
0	3.802000	13.913043	240.000000	320.000000
0	3.833000	13.913043	240.000000	320.000000
0	3.865000	13.913043	240.000000	320.000000
0	3.911000	13.913043	240.000000	320.000000
0	3.943000	13.913043	240.000000	320.000000
0	3.974000	13.913043	240.000000	320.000000
0	4.005000	13.913043	240.000000	320.000000
0	4.036000	13.913043	240.000000	320.000000
0	4.067000	13.913043	240.000000	320.000000
0	4.099000	13.913043	240.000000	320.000000
0	4.145000	13.913043	240.000000	320.000000
0	4.177000	13.913043	240.000000	320.000000
0	4.208000	13.913043	240.000000	320.000000
0	4.239000	13.913043	240.000000	320.000000
0	4.270000	13.913043	240.000000	320.000000
0	4.301000	13.913043	240.000000	320.000000
0	4.333000	13.913043	240.000000	320.000000
0	4.379000	13.913043	240.000000	320.000000
0	4.411000	13.913043	240.000000	320.000000
0	4.442000	13.913043	240.000000	320.000000
0	4.473000	13.913043	240.000000	320.000000
0	4.504000	13.913043	240.000000	320.000000
0	4.535000	13.913043	240.000000	320.000000
0	4.567000	13.913043	240.000000	320.000000
0	4.598000	13.913043	240.000000	320.000000
0	4.645000	13.913043	240.000000	320.000000
0	4.676000	13.913043	240.000000	320.000000
0	4.707000	13.913043	240.000000	320.000000
0	4.738000	13.913043	240.000000	320.000000
0	4.769000	13.913043	240.000000	320.000000
0	4.801000	13.913043	240.000000	320.000000
0	4.832000	13.913043	240.000000	320.000000
0	4.879000	13.913043	240.000000	320.000000
0	4.910000	13.913043	240.000000	320.000000
0	4.941000	13.913043	240.000000	320.000000
0	4.972000	13.913043	240.000000	320.000000
0	5.003000	13.913043	240.000000	320.000000
0	5.035000	13.913043	240.000000	320.000000
0	5.066000	13.913043	240.000000	320.000000
0	5.113000	13.913043	240.000000	320.000000
0	5.144000	13.913043	240.000000	320.000000
0	5.175000	13.913043	240.000000	320.000000
0	5.206000	13.913043	240.000000	320.000000
0	5.237000	13.913043	240.000000	320.000000
0	5.269000	13.913043	240.000000	320.000000
0	5.300000	13.913043	240.000000	320.000000
0	5.331000	13.913043	240.000000	320.000000
0	5.378000	13.913043	240.000000	320.000000
0	5.409000	13.913043	240.000000	320.000000
0	5.440000	13.913043	240.000000	320.000000
0	5.471000	13.913043	240.000000	320.000000
0	5.503000	13.913043	240.000000	320.000000
0	5.534000	13.913043	240.000000	320.000000
0	5.565000	13.913043	240.000000	320.000000
0	5.612000	13.913043	240.000000	320.000000
0	5.643000	13.913043	240.000000	320.000000
0	5.674000	13.913043	240.000000	320.000000
0	5.705000	13.913043	240.000000	320.000000
0	5.737000	13.913043	240.000000	320.000000
0	5.768000	13.913043	240.000000	320.000000
0	5.799000	13.913043	240.000000	320.000000
0	5.846000	13.913043	240.000000	320.000000
0	5.877000	13.913043	240.000000	320.000000
0	5.908000	13.913043	240.000000	320.000000
0	5.939000	13.913043	240.000000	320.000000
0	5.971000	13.913043	240.000000	320.000000
0	6.002000	13.913043	240.000000	320.000000
0	6.033000	13.913043	240.000000	320.000000
0	6.064000	13.913043	240.000000	320.000000
0	6.111000	13.913043	240.000000	320.000000
0	6.142000	13.913043	240.000000	320.000000
0	6.173000	13.913043	240.000000	320.000000
0	6.205000	13.913043	240.000000	320.000000
0	6.236000	13.913043	240.000000	320.000000
0	6.267000	13.913043	240.000000	320.000000
0	6.298000	13.913043	240.000000	320.000000
0	6.329000	13.913043	240.000000	320.000000
0	6.376000	13.913043	240.000000	320.000000
0	6.407000	13.913043	240.000000	320.000000
0	6.439000	13.913043	240.000000	320.000000
0	6.470000	13.913043	240.000000	320.000000
0	6.501000	13.913043	240.000000	320.000000
0	6.532000	13.913043	240.000000	320.000000
0	6.563000	13.913043	240.000000	320.000000
0	6.610000	13.913043	240.000000	320.000000
0	6.641000	13.913043	240.000000	320.000000
0	6.673000	13.913043	240.000000	320.000000
0	6.704000	13.913043	240.000000	320.000000
0	6.735000	13.913043	240.000000	320.000000
0	6.766000	13.913043	240.000000	320.000000
0	6.797000	13.913043	240.000000	320.000000
0	6.844000	13.913043	240.000000	320.000000
0	6.875000	13.913043	240.000000	320.000000
0	6.907000	13.913043	240.000000	320.000000
0	6.938000	13.913043	240.000000	320.000000
0	6.969000	13.913043	240.000000	320.000000
0	7.000000	13.913043	240.000000	320.000000
0	7.031000	13.913043	240.000000	320.000000
0	7.063000	13.913043	240.000000	320.000000
0	7.109000	13.913043	240.000000	320.000000
0	7.141000	13.913043	240.000000	320.000000
0	7.172000	13.913043	240.000000	320.000000
0	7.203000	13.913043	240.000000	320.000000
0	7.234000	13.913043	240.000000	320.000000
0	7.265000	13.913043	240.000000	320.000000
0	7.297000	13.913043	240.000000	320.000000
0	7.343000	13.913043	240.000000	320.000000
0	7.375000	13.913043	240.000000	320.000000
0	7.406000	13.913043	240.000000	320.000000
0	7.437000	13.913043	240.000000	320.000000
0	7.468000	13.913043	240.000000	320.000000
0	7.499000	13.913043	240.000000	320.000000
0	7.531000	13.913043	240.000000	320.000000
0	7.577000	13.913043	240.000000	320.000000
0	7.609000	13.913043	240.000000	320.000000
0	7.640000	13.913043	240.000000	320.000000
0	7.671000	13.913043	240.000000	320.000000
0	7.702000	13.913043	240.000000	320.000000
0	7.733000	13.913043	240.000000	320.000000
0	7.765000	13.913043	240.000000	320.000000
0	7.796000	13.913043	240.000000	320.000000
0	7.843000	13.913043	240.000000	320.000000
0	7.874000	13.913043	240.000000	320.000000
0	7.905000	13.913043	240.000000	320.000000
0	7.936000	13.913043	240.000000	320.000000
0	7.967000	13.913043	240.000000	320.000000
0	7.999000	13.913043	240.000000	320.000000
0	8.030000	13.913043	240.000000	320.000000
0	8.077000	13.913043	240.000000	320.000000
0	8.108000	13.913043	240.000000	320.000000
0	8.139000	13.913043	240.000000	320.000000
0	8.170000	13.913043	240.000000	320.000000
0	8.201000	13.913043	240.000000	320.000000
0	8.233000	13.913043	240.000000	320.000000
0	8.264000	13.913043	240.000000	320.000000
0	8.311000	13.913043	240.000000	320.000000
0	8.342000	13.913043	240.000000	320.000000
0	8.373000	13.913043	240.000000	320.000000
0	8.404000	13.913043	240.000000	320.000000
0	8.435000	13.913043	240.000000	320.000000
0	8.467000	13.913043	240.000000	320.000000
0	8.498000	13.913043	240.000000	320.000000
0	8.529000	13.913043	240.000000	320.000000
0	8.576000	13.913043	240.000000	320.000000
0	8.607000	13.913043	240.000000	320.000000
0	8.638000	13.913043	240.000000	320.000000
0	8.669000	13.913043	240.000000	320.000000
0	8.701000	13.913043	240.000000	320.000000
0	8.732000	13.913043	240.000000	320.000000
0	8.763000	13.913043	240.000000	320.000000
0	8.810000	13.913043	240.000000	320.000000
0	8.841000	13.913043	240.000000	320.000000
0	8.872000	13.913043	240.000000	320.000000
0	8.903000	13.913043	240.000000	320.000000
0	8.935000	13.913043	240.000000	320.000000
0	8.966000	13.913043	240.000000	320.000000
0	8.997000	13.913043	240.000000	320.000000
0	9.044000	13.913043	240.000000	320.000000
0	9.075000	13.913043	240.000000	320.000000
0	9.106000	13.913043	240.000000	320.000000
0	9.137000	13.913043	240.000000	320.000000
0	9.169000	13.913043	240.000000	320.000000
0	9.200000	13.913043	240.000000	320.000000
0	9.231000	13.913043	240.000000	320.000000
0	9.262000	13.913043	240.000000	320.000000
0	9.309000	13.913043	240.000000	320.000000
0	9.340000	13.913043	240.000000	320.000000
0	9.371000	13.913043	240.000000	320.000000
0	9.403000	13.913043	240.000000	320.000000
0	9.434000	13.913043	240.000000	320.000000
0	9.465000	13.913043	240.000000	320.000000
0	9.496000	13.913043	240.000000	320.000000
0	9.543000	13.913043	240.000000	320.000000
0	9.574000	13.913043	240.000000	320.000000
0	9.605000	13.913043	240.000000	320.000000
0	9.637000	13.913043	240.000000	320.000000
0	9.668000	13.913043	240.000000	320.000000
0	9.699000	13.913043	240.000000	320.000000
0	9.730000	13.913043	240.000000	320.000000
0	9.777000	13.913043	240.000000	320.000000
0	9.808000	13.913043	240.000000	320.000000
0	9.839000	13.913043	240.000000	320.000000
0	9.871000	13.913043	240.000000	320.000000
0	9.902000	13.913043	240.000000	320.000000
0	9.933000	13.913043	240.000000	320.000000
0	9.964000	13.913043	240.000000	320.000000
0	9.995000	13.913043	240.000000	320.000000
0	10.042000	13.913043	240.000000	320.000000
0	10.073000	13.913043	240.000000	320.000000
0	10.105000	13.913043	240.000000	320.000000
0	10.136000	13.913043	240.000000	320.000000
0	10.167000	13.913043	240.000000	320.000000
0	10.198000	13.913043	240.000000	320.000000
0	10.229000	13.913043	240.000000	320.000000
0	10.276000	13.913043	240.000000	320.000000
0	10.307000	13.913043	240.000000	320.000000
0	10.339000	13.913043	240.000000	320.000000
0	10.370000	13.913043	240.000000	320.000000
0	10.401000	13.913043	240.000000	320.000000
0	10.432000	13.913043	240.000000	320.000000
0	10.463000	13.913043	240.000000	320.000000
0	10.495000	13.913043	240.000000	320.000000
0	10.541000	13.913043	240.000000	320.000000
0	10.573000	13.913043	240.000000	320.000000
0	10.604000	13.913043	240.000000	320.000000
0	10.635000	13.913043	240.000000	320.000000
0	10.666000	13.913043	240.000000	320.000000
0	10.697000	13.913043	240.000000	320.000000
0	10.729000	13.913043	240.000000	320.000000
0	10.775000	13.913043	240.000000	320.000000
0	10.807000	13.913043	240.000000	320.000000
0	10.838000	13.913043	240.000000	320.000000
0	10.869000	13.913043	240.000000	320.000000
0	10.900000	13.913043	240.000000	320.000000
0	10.931000	13.913043	240.000000	320.000000
0	10.963000	13.913043	240.000000	320.000000
0	10.994000	13.913043	240.000000	320.000000
0	11.041000	13.913043	240.000000	320.000000
0	11.072000	13.913043	240.000000	320.000000
0	11.103000	13.913043	240.000000	320.000000
0	11.134000	13.913043	240.000000	320.000000
0	11.165000	13.913043	240.000000	320.000000
0	11.197000	13.913043	240.000000	320.000000
0	11.228000	13.913043	240.000000	320.000000
0	11.275000	13.913043	240.000000	320.000000
0	11.306000	13.913043	240.000000	320.000000
0	11.337000	13.913043	240.000000	320.000000
0	11.368000	13.913043	240.000000	320.000000
0	11.399000	13.913043	240.000000	320.000000
0	11.431000	13.913043	240.000000	320.000000
0	11.462000	13.913043	240.000000	320.000000
0	11.509000	13.913043	240.000000	320.000000
0	11.540000	13.913043	240.000000	320.000000
0	11.571000	13.913043	240.000000	320.000000
0	11.602000	13.913043	240.000000	320.000000
0	11.633000	13.913043	240.000000	320.000000
0	11.665000	13.913043	240.000000	320.000000
0	11.696000	13.913043	240.000000	320.000000
0	11.727000	13.913043	240.000000	320.000000
0	11.774000	13.913043	240.000000	320.000000
0	11.805000	13.913043	240.000000	320.000000
0	11.836000	13.913043	240.000000	320.000000
0	11.867000	13.913043	240.000000	320.000000
0	11.899000	13.913043	240.000000	320.000000
0	11.930000	13.913043	240.000000	320.000000
0	11.961000	13.913043	240.000000	320.000000
0	12.008000	13.913043	240.000000	320.000000
0	12.039000	13.913043	240.000000	320.000000
0	12.070000	13.913043	240.000000	320.000000
0	12.101000	13.913043	240.000000	320.000000
0	12.133000	13.913043	240.000000	320.000000
0	12.164000	13.913043	240.000000	320.000000
0	12.195000	13.913043	240.000000	320.000000
0	12.242000	13.913043	240.000000	320.000000
0	12.273000	13.913043	240.000000	320.000000
0	12.304000	13.913043	240.000000	320.000000
0	12.335000	13.913043	240.000000	320.000000
0	12.367000	13.913043	240.000000	320.000000
0	12.398000	13.913043	240.000000	320.000000
0	12.429000	13.913043	240.000000	320.000000
0	12.460000	13.913043	240.000000	320.000000
0	12.507000	13.913043	240.000000	320.000000
0	12.538000	13.913043	240.000000	320.000000
0	12.569000	13.913043	240.000000	320.000000
0	12.601000	13.913043	240.000000	320.000000
0	12.632000	13.913043	240.000000	320.000000
0	12.663000	13.913043	240.000000	320.000000
0	12.694000	13.913043	240.000000	320.000000
0	12.741000	13.913043	240.000000	320.000000
0	12.772000	13.913043	240.000000	320.000000
0	12.803000	13.913043	240.000000	320.000000
0	12.835000	13.913043	240.000000	320.000000
0	12.866000	13.913043	240.000000	320.000000
0	12.897000	13.913043	240.000000	320.000000
0	12.928000	13.913043	240.000000	320.000000
0	12.975000	13.913043	240.000000	320.000000
0	13.006000	13.913043	240.000000	320.000000
0	13.037000	13.913043	240.000000	320.000000
0	13.069000	13.913043	240.000000	320.000000
0	13.100000	13.913043	240.000000	320.000000
0	13.131000	13.913043	240.000000	320.000000
0	13.162000	13.913043	240.000000	320.000000
0	13.193000	13.913043	240.000000	320.000000
0	13.240000	13.913043	240.000000	320.000000
0	13.271000	13.913043	240.000000	320.000000
0	13.303000	13.913043	240.000000	320.000000
0	13.334000	13.913043	240.000000	320.000000
0	13.365000	13.913043	240.000000	320.000000
0	13.396000	13.913043	240.000000	320.000000
0	13.427000	13.913043	240.000000	320.000000
0	13.474000	13.913043	240.000000	320.000000
0	13.505000	13.913043	240.000000	320.000000
0	13.537000	13.913043	240.000000	320.000000
0	13.568000	13.913043	240.000000	320.000000
0	13.599000	13.913043	240.000000	320.000000
0	13.630000	13.913043	240.000000	320.000000
0	13.661000	13.913043	240.000000	320.000000
0	13.708000	13.913043	240.000000	320.000000
0	13.739000	13.913043	240.000000	320.000000
0	13.771000	13.913043	240.000000	320.000000
0	13.802000	13.913043	240.000000	320.000000
0	13.833000	13.913043	240.000000	320.000000
0	13.864000	13.913043	240.000000	320.000000
0	13.895000	13.913043	240.000000	320.000000
0	13.927000	13.913043	240.000000	320.000000
0	13.973000	13.913043	240.000000	320.000000
0	14.005000	13.913043	240.000000	320.000000
0	14.036000	13.913043	240.000000	320.000000
0	14.067000	13.913043	240.000000	320.000000
0	14.098000	13.913043	240.000000	320.000000
0	14.129000	13.913043	240.000000	320.000000
0	14.161000	13.913043	240.000000	320.000000
0	14.207000	13.913043	240.000000	320.000000
0	14.239000	13.913043	240.000000	320.000000
0	14.270000	13.913043	240.000000	320.000000
0	14.301000	13.913043	240.000000	320.000000
0	14.332000	13.913043	240.000000	320.000000
0	14.363000	13.913043	240.000000	320.000000
0	14.395000	13.913043	240.000000	320.000000
0	14.426000	13.913043	240.000000	320.000000
0	14.473000	13.913043	240.000000	320.000000
0	14.504000	13.913043	240.000000	320.000000
0	14.535000	13.913043	240.000000	320.000000
0	14.566000	13.913043	240.000000	320.000000
0	14.597000	13.913043	240.000000	320.000000
0	14.629000	13.913043	240.000000	320.000000
0	14.660000	13.913043	240.000000	320.000000
0	14.707000	13.913043	240.000000	320.000000
0	14.738000	13.913043	240.000000	320.000000
0	14.769000	13.913043	240.000000	320.000000
0	14.800000	13.913043	240.000000	320.000000
0	14.831000	13.913043	240.000000	320.000000
0	14.863000	13.913043	240.000000	320.000000
0	14.894000	13.913043	240.000000	320.000000
0	14.941000	13.913043	240.000000	320.000000
0	14.972000	13.913043	240.000000	320.000000
0	15.003000	13.913043	240.000000	320.000000
0	15.034000	13.913043	240.000000	320.000000
0	15.065000	13.913043	240.000000	320.000000
0	15.097000	13.913043	240.000000	320.000000
0	15.128000	13.913043	240.000000	320.000000
0	15.159000	13.913043	240.000000	320.000000
0	15.206000	13.913043	240.000000	320.000000
0	15.237000	13.913043	240.000000	320.000000
0	15.268000	13.913043	240.000000	320.000000
0	15.299000	13.913043	240.000000	320.000000
0	15.331000	13.913043	240.000000	320.000000
0	15.362000	13.913043	240.000000	320.000000
0	15.393000	13.913043	240.000000	320.000000
0	15.440000	13.913043	240.000000	320.000000
0	15.471000	13.913043	240.000000	320.000000
0	15.502000	13.913043	240.000000	320.000000
0	15.533000	13.913043	240.000000	320.000000
0	15.565000	13.913043	240.000000	320.000000
0	15.596000	13.913043	240.000000	320.000000
0	15.627000	13.913043	240.000000	320.000000
0	15.674000	13.913043	240.000000	320.000000
0	15.705000	13.913043	240.000000	320.000000
0	15.736000	13.913043	240.000000	320.000000
0	15.767000	13.913043	240.000000	320.000000
0	15.799000	13.913043	240.000000	320.000000
0	15.830000	13.913043	240.000000	320.000000
0	15.861000	13.913043	240.000000	320.000000
0	15.892000	13.913043	240.000000	320.000000
0	15.939000	13.913043	240.000000	320.000000
0	15.970000	13.913043	240.000000	320.000000
0	16.001000	13.913043	240.000000	320.000000
0	16.033000	13.913043	240.000000	320.000000
0	16.064000	13.913043	240.000000	320.000000
0	16.095000	13.913043	240.000000	320.000000
0	16.126000	13.913043	240.000000	320.000000
0	16.173000	13.913043	240.000000	320.000000
0	16.204000	13.913043	240.000000	320.000000
0	16.235000	13.913043	240.000000	320.000000
0	16.267000	13.913043	240.000000	320.000000
0	16.298000	13.913043	240.000000	320.000000
0	16.329000	13.913043	240.000000	320.000000
0	16.360000	13.913043	240.000000	320.000000
0	16.391000	13.913043	240.000000	320.000000
0	16.438000	13.913043	240.000000	320.000000
0	16.469000	13.913043	240.000000	320.000000
0	16.501000	13.913043	240.000000	320.000000
0	16.532000	13.913043	240.000000	320.000000
0	16.563000	13.913043	240.000000	320.000000
0	16.594000	13.913043	240.000000	320.000000
0	16.625000	13.913043	240.000000	320.000000
0	16.672000	13.913043	240.000000	320.000000
0	16.703000	13.913043	240.000000	320.000000
0	16.735000	13.913043	240.000000	320.000000
0	16.766000	13.913043	240.000000	320.000000
0	16.797000	13.913043	240.000000	320.000000
0	16.828000	13.913043	240.000000	320.000000
0	16.859000	13.913043	240.000000	320.000000
0	16.906000	13.913043	240.000000	320.000000
0	16.937000	13.913043	240.000000	320.000000
0	16.969000	13.913043	240.000000	320.000000
0	17.000000	13.913043	240.000000	320.000000
0	17.031000	13.913043	240.000000	320.000000
0	17.062000	13.913043	240.000000	320.000000
0	17.093000	13.913043	240.000000	320.000000
0	17.125000	13.913043	240.000000	320.000000
0	17.171000	13.913043	240.000000	320.000000
0	17.203000	13.913043	240.000000	320.000000
0	17.234000	13.913043	240.000000	320.000000
0	17.265000	13.913043	240.000000	320.000000
0	17.296000	13.913043	240.000000	320.000000
0	17.327000	13.913043	240.000000	320.000000
0	17.359000	13.913043	240.000000	320.000000
0	17.405000	13.913043	240.000000	320.000000
0	17.437000	13.913043	240.000000	320.000000
0	17.468000	13.913043	240.000000	320.000000
0	17.499000	13.913043	240.000000	320.000000
0	17.530000	13.913043	240.000000	320.000000
0	17.561000	13.913043	240.000000	320.000000
0	17.593000	13.913043	240.000000	320.000000
0	17.639000	13.913043	240.000000	320.000000
0	17.671000	13.913043	240.000000	320.000000
0	17.702000	13.913043	240.000000	320.000000
0	17.733000	13.913043	240.000000	320.000000
0	17.764000	13.913043	240.000000	320.000000
0	17.795000	13.913043	240.000000	320.000000
0	17.827000	13.913043	240.000000	320.000000
0	17.858000	13.913043	240.000000	320.000000
0	17.905000	13.913043	240.000000	320.000000
0	17.936000	13.913043	240.000000	320.000000
0	17.967000	13.913043	240.000000	320.000000
0	17.998000	13.913043	240.000000	320.000000
0	18.029000	13.913043	240.000000	320.000000
0	18.061000	13.913043	240.000000	320.000000
0	18.092000	13.913043	240.000000	320.000000
0	18.139000	13.913043	240.000000	320.000000
0	18.170000	13.913043	240.000000	320.000000
0	18.201000	13.913043	240.000000	320.000000
0	18.232000	13.913043	240.000000	320.000000
0	18.263000	13.913043	240.000000	320.000000
0	18.295000	13.913043	240.000000	320.000000
0	18.326000	13.913043	240.000000	320.000000
0	18.357000	13.913043	240.000000	320.000000
0	18.404000	13.913043	240.000000	320.000000
0	18.435000	13.913043	240.000000	320.000000
0	18.466000	13.913043	240.000000	320.000000
0	18.497000	13.913043	240.000000	320.000000
0	18.529000	13.913043	240.000000	320.000000
0	18.560000	13.913043	240.000000	320.000000
0	18.591000	13.913043	240.000000	320.000000
0	18.638000	13.913043	240.000000	320.000000
0	18.669000	13.913043	240.000000	320.000000
0	18.700000	13.913043	240.000000	320.000000
0	18.731000	13.913043	240.000000	320.000000
0	18.763000	13.913043	240.000000	320.000000
0	18.794000	13.913043	240.000000	320.000000
0	18.825000	13.913043	240.000000	320.000000
0	18.872000	13.913043	240.000000	320.000000
0	18.903000	13.913043	240.000000	320.000000
0	18.934000	13.913043	240.000000	320.000000
0	18.965000	13.913043	240.000000	320.000000
0	18.997000	13.913043	240.000000	320.000000
0	19.028000	13.913043	240.000000	320.000000
0	19.059000	13.913043	240.000000	320.000000
0	19.090000	13.913043	240.000000	320.000000
0	19.137000	13.913043	240.000000	320.000000
0	19.168000	13.913043	240.000000	320.000000
0	19.199000	13.913043	240.000000	320.000000
0	19.231000	13.913043	240.000000	320.000000
0	19.262000	13.913043	240.000000	320.000000
0	19.293000	13.913043	240.000000	320.000000
0	19.324000	13.913043	240.000000	320.000000
0	19.371000	13.913043	240.000000	320.000000
0	19.402000	13.913043	240.000000	320.000000
0	19.433000	13.913043	240.000000	320.000000
0	19.465000	13.913043	240.000000	320.000000
0	19.496000	13.913043	240.000000	320.000000
0	19.527000	13.913043	240.000000	320.000000
0	19.558000	13.913043	240.000000	320.000000
0	19.605000	13.913043	240.000000	320.000000
0	19.636000	13.913043	240.000000	320.000000
0	19.667000	13.913043	240.000000	320.000000
0	19.699000	13.913043	240.000000	320.000000
0	19.730000	13.913043	240.000000	320.000000
0	19.761000	13.913043	240.000000	320.000000
0	19.792000	13.913043	240.000000	320.000000
0	19.823000	13.913043	240.000000	320.000000
0	19.870000	13.913043	240.000000	320.000000
0	19.901000	13.913043	240.000000	320.000000
0	19.933000	13.913043	240.000000	320.000000
0	19.964000	13.913043	240.000000	320.000000
0	19.995000	13.913043	240.000000	320.000000
0	20.026000	13.913043	240.000000	320.000000
0	20.057000	13.913043	240.000000	320.000000
0	20.104000	13.913043	240.000000	320.000000
0	20.135000	13.913043	240.000000	320.000000
0	20.167000	13.913043	240.000000	320.000000
0	20.198000	13.913043	240.000000	320.000000
0	20.229000	13.913043	240.000000	320.000000
0	20.260000	13.913043	240.000000	320.000000
0	20.291000	13.913043	240.000000	320.000000
0	20.338000	13.913043	240.000000	320.000000
0	20.369000	13.913043	240.000000	320.000000
0	20.401000	13.913043	240.000000	320.000000
0	20.432000	13.913043	240.000000	320.000000
0	20.463000	13.913043	240.000000	320.000000
0	20.494000	13.913043	240.000000	320.000000
0	20.525000	13.913043	240.000000	320.000000
0	20.557000	13.913043	240.000000	320.000000
0	20.603000	13.913043	240.000000	320.000000
0	20.635000	13.913043	240.000000	320.000000
0	20.666000	13.913043	240.000000	320.000000
0	20.697000	13.913043	240.000000	320.000000
0	20.728000	13.913043	240.000000	320.000000
0	20.759000	13.913043	240.000000	320.000000
0	20.791000	13.913043	240.000000	320.000000
0	20.837000	13.913043	240.000000	320.000000
0	20.869000	13.913043	240.000000	320.000000
0	20.900000	13.913043	240.000000	320.000000
0	20.931000	13.913043	240.000000	320.000000
0	20.962000	13.913043	240.000000	320.000000
0	20.993000	13.913043	240.000000	320.000000
0	21.025000	13.913043	240.000000	320.000000
0	21.071000	13.913043	240.000000	320.000000
0	21.103000	13.913043	240.000000	320.000000
0	21.134000	13.913043	240.000000	320.000000
0	21.165000	13.913043	240.000000	320.000000
0	21.196000	13.913043	240.000000	320.000000
0	21.227000	13.913043	240.000000	320.000000
0	21.259000	13.913043	240.000000	320.000000
0	21.290000	13.913043	240.000000	320.000000
0	21.337000	13.913043	240.000000	320.000000
0	21.368000	13.913043	240.000000	320.000000
0	21.399000	13.913043	240.000000	320.000000
0	21.430000	13.913043	240.000000	320.000000
0	21.461000	13.913043	240.000000	320.000000
0	21.493000	13.913043	240.000000	320.000000
0	21.524000	13.913043	240.000000	320.000000
0	21.571000	13.913043	240.000000	320.000000
0	21.602000	13.913043	240.000000	320.000000
0	21.633000	13.913043	240.000000	320.000000
0	21.664000	13.913043	240.000000	320.000000
0	21.695000	13.913043	240.000000	320.000000
0	21.727000	13.913043	240.000000	320.000000
0	21.758000	13.913043	240.000000	320.000000
0	21.789000	13.913043	240.000000	320.000000
0	21.836000	13.913043	240.000000	320.000000
0	21.867000	13.913043	240.000000	320.000000
0	21.898000	13.913043	240.000000	320.000000
0	21.929000	13.913043	240.000000	320.000000
0	21.961000	13.913043	240.000000	320.000000
0	21.992000	13.913043	240.000000	320.000000
0	22.023000	13.913043	240.000000	320.000000
0	22.070000	13.913043	240.000000	320.000000
0	22.101000	13.913043	240.000000	320.000000
0	22.132000	13.913043	240.000000	320.000000
0	22.163000	13.913043	240.000000	320.000000
0	22.195000	13.913043	240.000000	320.000000
0	22.226000	13.913043	240.000000	320.000000
0	22.257000	13.913043	240.000000	320.000000
0	22.288000	13.913043	240.000000	320.000000
0	22.335000	13.913043	240.000000	320.000000
0	22.366000	13.913043	240.000000	320.000000
0	22.397000	13.913043	240.000000	320.000000
0	22.429000	13.913043	240.000000	320.000000
0	22.460000	13.913043	240.000000	320.000000
0	22.491000	13.913043	240.000000	320.000000
0	22.522000	13.913043	240.000000	320.000000
0	22.569000	13.913043	240.000000	320.000000
0	22.600000	13.913043	240.000000	320.000000
0	22.631000	13.913043	240.000000	320.000000
0	22.663000	13.913043	240.000000	320.000000
0	22.694000	13.913043	240.000000	320.000000
0	22.725000	13.913043	240.000000	320.000000
0	22.756000	13.913043	240.000000	320.000000
0	22.803000	13.913043	240.000000	320.000000
0	22.834000	13.913043	240.000000	320.000000
0	22.865000	13.913043	240.000000	320.000000
0	22.897000	13.913043	240.000000	320.000000
0	22.928000	13.913043	240.000000	320.000000
0	22.959000	13.913043	240.000000	320.000000
0	22.990000	13.913043	240.000000	320.000000
0	23.021000	13.913043	240.000000	320.000000
0	23.068000	13.913043	240.000000	320.000000
0	23.099000	13.913043	240.000000	320.000000
0	23.131000	13.913043	240.000000	320.000000
0	23.162000	13.913043	240.000000	320.000000
0	23.193000	13.913043	240.000000	320.000000
0	23.224000	13.913043	240.000000	320.000000
0	23.255000	13.913043	240.000000	320.000000
0	23.302000	13.913043	240.000000	320.000000
0	23.333000	13.913043	240.000000	320.000000
0	23.365000	13.913043	240.000000	320.000000
0	23.396000	13.913043	240.000000	320.000000
0	23.427000	13.913043	240.000000	320.000000
0	23.458000	13.913043	240.000000	320.000000
0	23.489000	13.913043	240.000000	320.000000
0	23.536000	13.913043	240.000000	320.000000
0	23.567000	13.913043	240.000000	320.000000
0	23.599000	13.913043	240.000000	320.000000
0	23.630000	13.913043	240.000000	320.000000
0	23.661000	13.913043	240.000000	320.000000
0	23.692000	13.913043	240.000000	320.000000
0	23.723000	13.913043	240.000000	320.000000
0	23.755000	13.913043	240.000000	320.000000
0	23.801000	13.913043	240.000000	320.000000
0	23.833000	13.913043	240.000000	320.000000
0	23.864000	13.913043	240.000000	320.000000
0	23.895000	13.913043	240.000000	320.000000
0	23.926000	13.913043	240.000000	320.000000
0	23.958000	13.913043	240.000000	320.000000
0	23.989000	13.913043	240.000000	320.000000
0	24.036000	13.913043	240.000000	320.000000
0	24.067000	13.913043	240.000000	320.000000
0	24.098000	13.913043	240.000000	320.000000
0	24.129000	13.913043	240.000000	320.000000
0	24.160000	13.913043	240.000000	320.000000
0	24.192000	13.913043	240.000000	320.000000
0	24.223000	13.913043	240.000000	320.000000
0	24.270000	13.913043	240.000000	320.000000
0	24.301000	13.913043	240.000000	320.000000
0	24.332000	13.913043	240.000000	320.000000
0	24.363000	13.913043	240.000000	320.000000
0	24.394000	13.913043	240.000000	320.000000
0	24.426000	13.913043	240.000000	320.000000
0	24.457000	13.913043	240.000000	320.000000
0	24.488000	13.913043	240.000000	320.000000
0	24.535000	13.913043	240.000000	320.000000
0	24.566000	13.913043	240.000000	320.000000
0	24.597000	13.913043	240.000000	320.000000
0	24.628000	13.913043	240.000000	320.000000
0	24.660000	13.913043	240.000000	320.000000
0	24.691000	13.913043	240.000000	320.000000
0	24.722000	13.913043	240.000000	320.000000
0	24.769000	13.913043	240.000000	320.000000
0	24.800000	13.913043	240.000000	320.000000
0	24.831000	13.913043	240.000000	320.000000
0	24.862000	13.913043	240.000000	320.000000
0	24.894000	13.913043	240.000000	320.000000
0	24.925000	13.913043	240.000000	320.000000
0	24.956000	13.913043	240.000000	320.000000
0	25.003000	13.913043	240.000000	320.000000
0	25.034000	13.913043	240.000000	320.000000
0	25.065000	13.913043	240.000000	320.000000
0	25.096000	13.913043	240.000000	320.000000
0	25.128000	13.913043	240.000000	320.000000
0	25.159000	13.913043	240.000000	320.000000
0	25.190000	13.913043	240.000000	320.000000
0	25.221000	13.913043	240.000000	320.000000
0	25.268000	13.913043	240.000000	320.000000
0	25.299000	13.913043	240.000000	320.000000
0	25.330000	13.913043	240.000000	320.000000
0	25.362000	13.913043	240.000000	320.000000
0	25.393000	13.913043	240.000000	320.000000
0	25.424000	13.913043	240.000000	320.000000
0	25.455000	13.913043	240.000000	320.000000
0	25.502000	13.913043	240.000000	320.000000
0	25.533000	13.913043	240.000000	320.000000
0	25.564000	13.913043	240.000000	320.000000
0	25.596000	13.913043	240.000000	320.000000
0	25.627000	13.913043	240.000000	320.000000
0	25.658000	13.913043	240.000000	320.000000
0	25.689000	13.913043	240.000000	320.000000
0	25.736000	13.913043	240.000000	320.000000
0	25.767000	13.913043	240.000000	320.000000
0	25.798000	13.913043	240.000000	320.000000
0	25.830000	13.913043	240.000000	320.000000
0	25.861000	13.913043	240.000000	320.000000
0	25.892000	13.913043	240.000000	320.000000
0	25.923000	13.913043	240.000000	320.000000
0	25.954000	13.913043	240.000000	320.000000
0	26.001000	13.913043	240.000000	320.000000
0	26.032000	13.913043	240.000000	320.000000
0	26.064000	13.913043	240.000000	320.000000
0	26.095000	13.913043	240.000000	320.000000
0	26.126000	13.913043	240.000000	320.000000
0	26.157000	13.913043	240.000000	320.000000
0	26.188000	13.913043	240.000000	320.000000
0	26.220000	13.913043	240.000000	320.000000
0	26.266000	13.913043	240.000000	320.000000
0	26.298000	13.913043	240.000000	320.000000
0	26.329000	13.913043	240.000000	320.000000
0	26.360000	13.913043	240.000000	320.000000
0	26.391000	13.913043	240.000000	320.000000
0	26.422000	13.913043	240.000000	320.000000
0	26.454000	13.913043	240.000000	320.000000
0	26.500000	13.913043	240.000000	320.000000
0	26.532000	13.913043	240.000000	320.000000
0	26.563000	13.913043	240.000000	320.000000
0	26.594000	13.913043	240.000000	320.000000
0	26.625000	13.913043	240.000000	320.000000
0	26.656000	13.913043	240.000000	320.000000
0	26.688000	13.913043	240.000000	320.000000
0	26.734000	13.913043	240.000000	320.000000
0	26.766000	13.913043	240.000000	320.000000
0	26.797000	13.913043	240.000000	320.000000
0	26.828000	13.913043	240.000000	320.000000
0	26.859000	13.913043	240.000000	320.000000
0	26.890000	13.913043	240.000000	320.000000
0	26.922000	13.913043	240.000000	320.000000
0	26.953000	13.913043	240.000000	320.000000
0	27.000000	13.913043	240.000000	320.000000
0	27.031000	13.913043	240.000000	320.000000
0	27.062000	13.913043	240.000000	320.000000
0	27.093000	13.913043	240.000000	320.000000
0	27.124000	13.913043	240.000000	320.000000
0	27.156000	13.913043	240.000000	320.000000
0	27.187000	13.913043	240.000000	320.000000
0	27.234000	13.913043	240.000000	320.000000
0	27.265000	13.913043	240.000000	320.000000
0	27.296000	13.913043	240.000000	320.000000
0	27.327000	13.913043	240.000000	320.000000
0	27.358000	13.913043	240.000000	320.000000
0	27.390000	13.913043	240.000000	320.000000
0	27.421000	13.913043	240.000000	320.000000
0	27.468000	13.913043	240.000000	320.000000
0	27.499000	13.913043	240.000000	320.000000
0	27.530000	13.913043	240.000000	320.000000
0	27.561000	13.913043	240.000000	320.000000
0	27.592000	13.913043	240.000000	320.000000
0	27.624000	13.913043	240.000000	320.000000
0	27.655000	13.913043	240.000000	320.000000
0	27.686000	13.913043	240.000000	320.000000
0	27.733000	13.913043	240.000000	320.000000
0	27.764000	13.913043	240.000000	320.000000
0	27.795000	13.913043	240.000000	320.000000
0	27.826000	13.913043	240.000000	320.000000
0	27.858000	13.913043	240.000000	320.000000
0	27.889000	13.913043	240.000000	320.000000
0	27.920000	13.913043	240.000000	320.000000
0	27.967000	13.913043	240.000000	320.000000
0	27.998000	13.913043	240.000000	320.000000
0	28.029000	13.913043	240.000000	320.000000
0	28.060000	13.913043	240.000000	320.000000
0	28.092000	13.913043	240.000000	320.000000
0	28.123000	13.913043	240.000000	320.000000
0	28.154000	13.913043	240.000000	320.000000
0	28.201000	13.913043	240.000000	320.000000
0	28.232000	13.913043	240.000000	320.000000
0	28.263000	13.913043	240.000000	320.000000
0	28.294000	13.913043	240.000000	320.000000
0	28.326000	13.913043	240.000000	320.000000
0	28.357000	13.913043	240.000000	320.000000
0	28.388000	13.913043	240.000000	320.000000
0	28.419000	13.913043	240.000000	320.000000
0	28.466000	13.913043	240.000000	320.000000
0	28.497000	13.913043	240.000000	320.000000
0	28.528000	13.913043	240.000000	320.000000
0	28.560000	13.913043	240.000000	320.000000
0	28.591000	13.913043	240.000000	320.000000
0	28.622000	13.913043	240.000000	320.000000
0	28.653000	13.913043	240.000000	320.000000
0	28.700000	13.913043	240.000000	320.000000
0	28.731000	13.913043	240.000000	320.000000
0	28.762000	13.913043	240.000000	320.000000
0	28.794000	13.913043	240.000000	320.000000
0	28.825000	13.913043	240.000000	320.000000
0	28.856000	13.913043	240.000000	320.000000
0	28.887000	13.913043	240.000000	320.000000
0	28.934000	13.913043	240.000000	320.000000
0	28.965000	13.913043	240.000000	320.000000
0	28.996000	13.913043	240.000000	320.000000
0	29.028000	13.913043	240.000000	320.000000
0	29.059000	13.913043	240.000000	320.000000
0	29.090000	13.913043	240.000000	320.000000
0	29.121000	13.913043	240.000000	320.000000
0	29.152000	13.913043	240.000000	320.000000
0	29.199000	13.913043	240.000000	320.000000
0	29.230000	13.913043	240.000000	320.000000
0	29.262000	13.913043	240.000000	320.000000
0	29.293000	13.913043	240.000000	320.000000
0	29.324000	13.913043	240.000000	320.000000
0	29.355000	13.913043	240.000000	320.000000
0	29.386000	13.913043	240.000000	320.000000
0	29.433000	13.913043	240.000000	320.000000
0	29.464000	13.913043	240.000000	320.000000
0	29.496000	13.913043	240.000000	320.000000
0	29.527000	13.913043	240.000000	320.000000
0	29.558000	13.913043	240.000000	320.000000
0	29.589000	13.913043	240.000000	320.000000
0	29.620000	13.913043	240.000000	320.000000
0	29.667000	13.913043	240.000000	320.000000
0	29.698000	13.913043	240.000000	320.000000
0	29.730000	13.913043	240.000000	320.000000
0	29.761000	13.913043	240.000000	320.000000
0	29.792000	13.913043	240.000000	320.000000
0	29.823000	13.913043	240.000000	320.000000
0	29.854000	13.913043	240.000000	320.000000
0	29.886000	13.913043	240.000000	320.000000
0	29.932000	13.913043	240.000000	320.000000
0	29.964000	13.913043	240.000000	320.000000
0	29.995000	13.913043	240.000000	320.000000
<\LEFT-PUPIL-DATA>
<RIGHT-PUPIL-ANALYSIS>
1
0	0	17	902	0	0	0.510000	29.518999	0.510000	15.810344	0.000000	0.000000	0.000000	0	3	3	3	3	0	0	0	0.000000	0.000000	0.000000	0.000000	0.000000	0.000000	0.000000	-1.000000	0.000000	0	0.902667	0.512348	0.640029	0.206649	0.297000	-0.255277	-0.907900	-1.000000	0.059099	1	0.902667	0.512348	0.640029	0.206649	0.297000	-0.279532	-0.907901	-1.000000	0.058727
<\RIGHT-PUPIL-ANALYSIS>
<LEFT-PUPIL-ANALYSIS>
1
0	0	17	902	0	0	0.510000	29.518999	0.510000	15.810344	0.000000	0.000000	0.000000	0	3	3	3	3	0	0	0	0.000000	0.000000	0.000000	0.000000	0.000000	0.000000	0.000000	-1.000000	0.000000	0	-0.034783	-0.034783	0.000950	0.000950	0.001000	0.000000	0.000000	-1.000000	0.000000	1	-0.034783	-0.034783	0.000950	0.000950	0.001000	-1000000.000000	-1000000.000000	-1.000000	0.000000
<\LEFT-PUPIL-ANALYSIS>
%%%%%%%%%
%%%%%%%%%
%%%%%%%%%
%%%	Measurement Tiime is: 2017-10-31 12:49:28
%%%	Subject ID is: C57BL6-28.09.17-DA-1mois-F2-1.2b
%%%	Note: 
%%%	RSS: Default Human Relative Spectral Sensitivity
%%%	Pupil Analysis:
%%%
%%%
%%%
%%%	Pulse Index:	0
%%%	Stimulus Session Index:	0
%%%	Right Pupil Stimulated
%%%	Light Metric is Photopic
%%%	Stimulus Start Time(sec):	0.51
%%%	Stimulus Duration(sec):	29.52
%%%	Stimulus Pulse Duration(sec):	0.51
%%%	Right Pulse:	15.81	(Blue )	-	0.00	(Blue )	[Lux ]
%%%	Left Pulse:	0.00	(Blue )	-	0.00	(Blue )	[Lux ]
%%%
%%%		RIGHT	LEFT	R.Pupil Mean	L.Pupil Mean	R.Stim Mean	R.Stim Mean
%%%	INPUT:	RAW DATA	RAW DATA
%%%	STATE:	ABNORMAL	ABNORMAL	ABNORMAL	ABNORMAL	ABNORMAL	ABNORMAL
%%%	MAX(mm):	0.00	0.00	0.00	0.00	0.00	0.00
%%%	MIN(mm):	0.00	0.00	0.00	0.00	0.00	0.00
%%%	DELTA(mm):						
%%%	CH(%):						
%%%	LAT(sec):	0.00	0.00	0.00	0.00	0.00	0.00
%%%	CV(mm/s):	0.00	0.00	0.00	0.00	0.00	0.00
%%%	MCV(mm/s):	0.00	0.00	0.00	0.00	0.00	0.00
%%%	DV(mm/s):	0.00	0.00	0.00	0.00	0.00	0.00
%%%%%%%%%
%%%%%%%%%
%%%%%%%%%
%%%	Right Pupil Profile (1st row -> 1 == valid tracking, 0 == invalid tracking; 2nd row -> time; 3rd row -> diameter (mm))
%%%	1	1	1	1	1	1	1	1	1	1	1	1	1	1	1	1	1	1	1	1	1	1	1	1	1	1	1	1	1	1	1	1	1	1	1	1	1	1	1	0	1	1	1	1	1	1	1	1	1	0	1	1	1	1	1	1	1	1	1	1	0	1	1	1	1	1	1	1	1	1	1	0	1	1	1	1	1	0	1	0	1	1	1	1	1	1	1	1	1	1	1	1	0	1	1	1	1	1	0	1	1	1	1	1	1	1	1	1	1	1	1	1	1	1	1	1	1	1	1	1	1	1	1	1	1	1	1	1	1	1	1	1	1	1	1	1	1	1	1	1	1	1	1	1	1	1	1	1	1	1	1	1	1	1	1	1	1	0	1	1	1	1	1	1	1	1	1	1	1	1	1	1	1	1	1	1	1	1	1	1	1	1	1	1	1	1	1	0	1	1	1	1	1	1	1	1	1	0	1	1	1	1	1	1	1	1	1	1	1	1	1	1	1	1	1	1	1	1	1	1	1	1	1	1	1	1	1	1	1	1	1	1	1	1	1	0	1	1	1	1	1	1	1	1	1	0	1	0	1	1	1	1	1	0	1	1	0	1	1	1	0	1	1	1	1	1	0	1	1	0	1	1	1	1	0	0	1	1	0	0	1	0	1	0	0	1	0	0	0	0	1	0	1	0	1	0	0	0	1	1	0	0	0	1	0	0	0	0	0	0	0	0	0	0	0	0	0	0	0	0	0	0	0	0	1	0	0	0	0	0	0	0	0	0	0	0	1	0	0	0	0	0	1	0	0	0	0	0	0	0	0	0	0	0	0	0	0	0	0	0	1	1	0	0	0	0	0	0	0	0	0	0	0	0	0	1	0	0	0	0	0	1	0	1	1	0	0	0	0	0	0	0	1	0	0	0	0	0	0	0	1	1	0	0	0	1	1	1	1	1	1	1	1	1	1	1	1	1	1	1	0	1	1	1	1	1	1	1	1	1	1	1	1	1	1	1	1	1	1	1	1	1	1	1	1	1	1	1	1	0	1	1	1	1	1	1	1	1	1	1	1	1	1	1	1	1	1	1	1	1	1	1	1	1	1	1	1	1	1	1	1	1	1	1	1	1	1	1	1	1	1	1	1	1	1	1	1	1	1	1	1	1	1	1	1	1	1	1	1	1	1	1	1	1	1	1	1	1	1	1	1	1	1	1	1	1	1	1	1	1	1	1	1	1	1	1	1	1	1	1	1	1	1	1	1	1	1	1	1	1	1	1	1	1	1	1	1	1	1	1	1	1	1	1	1	1	1	1	1	1	1	1	1	1	1	1	1	1	1	1	1	1	1	1	1	1	1	1	1	1	1	1	1	1	1	1	1	1	1	1	1	1	1	1	1	1	1	1	1	1	1	1	1	1	0	1	0	0	1	1	1	1	1	1	1	0	1	1	1	1	1	1	0	1	1	1	1	1	1	0	1	1	1	1	1	1	1	1	1	1	1	1	1	1	1	1	1	1	1	1	1	1	1	1	1	1	1	1	1	1	1	1	1	1	1	1	1	1	1	1	1	1	1	1	1	1	1	1	1	1	0	1	0	1	1	1	1	1	1	1	1	1	1	1	1	1	1	1	1	1	1	1	1	1	1	1	0	1	1	1	1	1	1	1	1	1	1	1	1	1	1	1	1	1	1	1	1	0	1	1	1	1	1	1	1	1	1	1	0	1	1	1	1	1	1	1	1	1	1	1	1	1	0	1	1	1	1	1	0	1	1	1	1	0	1	0	1	1	1	1	0	1	1	1	1	1	1	1	1	1	0	1	1	0	1	0	1	1	1	1	0	0	0	1	1	1	0	1	0	1	1	1	1	1	1	1	1	1	1	1	1	0	1	1	0	0	1	1	0	1	1	1	1	1	0	0	0	1	1	1	0	1	0	0	1	1	1	0	0	1	0	0	0	0	0	0	1	0	1	0	1	1	0	1	1	0	1	0	1	1	1	0	1	1	0	0	0	1	0	0	0	0	0	0	0	0	1	1	1	0	1	0	1	1	0	0	0	0	0	0	0	0	0
%%%	-0.066000	-0.019000	0.012000	0.043000	0.074000	0.105000	0.137000	0.168000	0.199000	0.246000	0.277000	0.308000	0.339000	0.371000	0.402000	0.433000	0.480000	0.511000	0.542000	0.573000	0.605000	0.636000	0.667000	0.714000	0.745000	0.776000	0.807000	0.839000	0.870000	0.901000	0.932000	0.979000	1.010000	1.041000	1.073000	1.104000	1.135000	1.166000	1.213000	1.244000	1.275000	1.307000	1.338000	1.369000	1.400000	1.447000	1.478000	1.509000	1.541000	1.572000	1.603000	1.634000	1.665000	1.712000	1.743000	1.775000	1.806000	1.837000	1.868000	1.899000	1.946000	1.977000	2.009000	2.040000	2.071000	2.102000	2.133000	2.180000	2.211000	2.243000	2.274000	2.305000	2.336000	2.367000	2.399000	2.445000	2.477000	2.508000	2.539000	2.570000	2.601000	2.633000	2.679000	2.711000	2.742000	2.773000	2.804000	2.835000	2.867000	2.913000	2.945000	2.976000	3.007000	3.038000	3.069000	3.101000	3.132000	3.179000	3.210000	3.241000	3.272000	3.303000	3.335000	3.366000	3.413000	3.444000	3.475000	3.506000	3.537000	3.569000	3.600000	3.631000	3.678000	3.709000	3.740000	3.771000	3.803000	3.834000	3.865000	3.912000	3.943000	3.974000	4.005000	4.037000	4.068000	4.099000	4.130000	4.177000	4.208000	4.239000	4.271000	4.302000	4.333000	4.364000	4.411000	4.442000	4.473000	4.505000	4.536000	4.567000	4.598000	4.645000	4.676000	4.707000	4.739000	4.770000	4.801000	4.832000	4.863000	4.910000	4.941000	4.973000	5.004000	5.035000	5.066000	5.097000	5.144000	5.175000	5.207000	5.238000	5.269000	5.300000	5.331000	5.378000	5.409000	5.441000	5.472000	5.503000	5.534000	5.565000	5.597000	5.643000	5.675000	5.706000	5.737000	5.768000	5.799000	5.831000	5.877000	5.909000	5.940000	5.971000	6.002000	6.033000	6.065000	6.111000	6.143000	6.174000	6.205000	6.236000	6.267000	6.299000	6.330000	6.377000	6.408000	6.439000	6.470000	6.501000	6.533000	6.564000	6.611000	6.642000	6.673000	6.704000	6.735000	6.767000	6.798000	6.845000	6.876000	6.907000	6.938000	6.969000	7.001000	7.032000	7.063000	7.110000	7.141000	7.172000	7.203000	7.235000	7.266000	7.297000	7.344000	7.375000	7.406000	7.437000	7.469000	7.500000	7.531000	7.578000	7.609000	7.640000	7.671000	7.703000	7.734000	7.765000	7.796000	7.843000	7.874000	7.905000	7.937000	7.968000	7.999000	8.030000	8.061000	8.108000	8.139000	8.171000	8.202000	8.233000	8.264000	8.295000	8.342000	8.373000	8.405000	8.436000	8.467000	8.498000	8.529000	8.576000	8.607000	8.639000	8.670000	8.701000	8.732000	8.763000	8.795000	8.841000	8.873000	8.904000	8.935000	8.966000	8.997000	9.029000	9.075000	9.107000	9.138000	9.169000	9.200000	9.231000	9.263000	9.309000	9.341000	9.372000	9.403000	9.434000	9.465000	9.497000	9.528000	9.575000	9.606000	9.637000	9.668000	9.699000	9.731000	9.762000	9.809000	9.840000	9.871000	9.902000	9.933000	9.965000	9.996000	10.043000	10.074000	10.105000	10.136000	10.167000	10.199000	10.230000	10.261000	10.308000	10.339000	10.370000	10.401000	10.433000	10.464000	10.495000	10.542000	10.573000	10.604000	10.635000	10.667000	10.698000	10.729000	10.776000	10.807000	10.838000	10.869000	10.901000	10.932000	10.963000	10.994000	11.041000	11.072000	11.103000	11.135000	11.166000	11.197000	11.228000	11.275000	11.306000	11.337000	11.369000	11.400000	11.431000	11.462000	11.509000	11.540000	11.571000	11.603000	11.634000	11.665000	11.696000	11.727000	11.774000	11.805000	11.837000	11.868000	11.899000	11.930000	11.961000	12.008000	12.039000	12.071000	12.102000	12.133000	12.164000	12.195000	12.227000	12.273000	12.305000	12.336000	12.367000	12.398000	12.429000	12.461000	12.507000	12.539000	12.570000	12.601000	12.632000	12.663000	12.695000	12.741000	12.773000	12.804000	12.835000	12.866000	12.897000	12.929000	12.960000	13.007000	13.038000	13.069000	13.100000	13.131000	13.163000	13.194000	13.241000	13.272000	13.303000	13.334000	13.365000	13.397000	13.428000	13.459000	13.506000	13.537000	13.568000	13.599000	13.631000	13.662000	13.693000	13.740000	13.771000	13.802000	13.833000	13.865000	13.896000	13.927000	13.974000	14.005000	14.036000	14.067000	14.099000	14.130000	14.161000	14.192000	14.239000	14.270000	14.301000	14.333000	14.364000	14.395000	14.426000	14.473000	14.504000	14.535000	14.567000	14.598000	14.629000	14.660000	14.707000	14.738000	14.769000	14.801000	14.832000	14.863000	14.894000	14.925000	14.972000	15.003000	15.035000	15.066000	15.097000	15.128000	15.159000	15.206000	15.237000	15.269000	15.300000	15.331000	15.362000	15.393000	15.440000	15.471000	15.503000	15.534000	15.565000	15.596000	15.627000	15.659000	15.705000	15.737000	15.768000	15.799000	15.830000	15.861000	15.893000	15.939000	15.971000	16.002000	16.033000	16.064000	16.095000	16.127000	16.158000	16.205000	16.236000	16.267000	16.298000	16.329000	16.361000	16.392000	16.439000	16.470000	16.501000	16.532000	16.563000	16.595000	16.626000	16.673000	16.704000	16.735000	16.766000	16.797000	16.829000	16.860000	16.891000	16.938000	16.969000	17.000000	17.031000	17.063000	17.094000	17.125000	17.172000	17.203000	17.234000	17.265000	17.297000	17.328000	17.359000	17.406000	17.437000	17.468000	17.499000	17.531000	17.562000	17.593000	17.624000	17.671000	17.702000	17.733000	17.765000	17.796000	17.827000	17.858000	17.905000	17.936000	17.967000	17.999000	18.030000	18.061000	18.092000	18.123000	18.170000	18.201000	18.233000	18.264000	18.295000	18.326000	18.357000	18.404000	18.435000	18.467000	18.498000	18.529000	18.560000	18.591000	18.638000	18.669000	18.701000	18.732000	18.763000	18.794000	18.825000	18.857000	18.903000	18.935000	18.966000	18.997000	19.028000	19.059000	19.091000	19.137000	19.169000	19.200000	19.231000	19.262000	19.293000	19.325000	19.371000	19.403000	19.434000	19.465000	19.496000	19.527000	19.559000	19.590000	19.637000	19.668000	19.699000	19.730000	19.761000	19.793000	19.824000	19.871000	19.902000	19.933000	19.964000	19.995000	20.027000	20.058000	20.089000	20.136000	20.167000	20.198000	20.229000	20.261000	20.292000	20.323000	20.370000	20.401000	20.432000	20.463000	20.495000	20.526000	20.557000	20.604000	20.635000	20.666000	20.697000	20.729000	20.760000	20.791000	20.822000	20.869000	20.900000	20.931000	20.963000	20.994000	21.025000	21.056000	21.103000	21.134000	21.165000	21.197000	21.228000	21.259000	21.290000	21.337000	21.368000	21.399000	21.431000	21.462000	21.493000	21.524000	21.555000	21.602000	21.633000	21.665000	21.696000	21.727000	21.758000	21.789000	21.836000	21.867000	21.899000	21.930000	21.961000	21.992000	22.023000	22.070000	22.101000	22.133000	22.164000	22.195000	22.226000	22.257000	22.289000	22.335000	22.367000	22.398000	22.429000	22.460000	22.491000	22.523000	22.569000	22.601000	22.632000	22.663000	22.694000	22.725000	22.757000	22.803000	22.835000	22.866000	22.897000	22.928000	22.959000	22.991000	23.022000	23.069000	23.100000	23.131000	23.162000	23.193000	23.225000	23.256000	23.303000	23.334000	23.365000	23.396000	23.427000	23.459000	23.490000	23.537000	23.568000	23.599000	23.630000	23.661000	23.693000	23.724000	23.755000	23.802000	23.833000	23.864000	23.896000	23.927000	23.958000	23.989000	24.020000	24.067000	24.098000	24.130000	24.161000	24.192000	24.223000	24.254000	24.301000	24.332000	24.364000	24.395000	24.426000	24.457000	24.488000	24.535000	24.566000	24.598000	24.629000	24.660000	24.691000	24.722000	24.754000	24.800000	24.832000	24.863000	24.894000	24.925000	24.956000	24.988000	25.034000	25.066000	25.097000	25.128000	25.159000	25.190000	25.222000	25.268000	25.300000	25.331000	25.362000	25.393000	25.424000	25.456000	25.487000	25.534000	25.565000	25.596000	25.627000	25.658000	25.690000	25.721000	25.768000	25.799000	25.830000	25.861000	25.892000	25.924000	25.955000	26.002000	26.033000	26.064000	26.095000	26.126000	26.158000	26.189000	26.220000	26.267000	26.298000	26.329000	26.360000	26.392000	26.423000	26.454000	26.501000	26.532000	26.563000	26.594000	26.626000	26.657000	26.688000	26.735000	26.766000	26.797000	26.828000	26.860000	26.891000	26.922000	26.953000	27.000000	27.031000	27.062000	27.094000	27.125000	27.156000	27.187000	27.234000	27.265000	27.296000	27.328000	27.359000	27.390000	27.421000	27.468000	27.499000	27.530000	27.562000	27.593000	27.624000	27.655000	27.686000	27.733000	27.764000	27.796000	27.827000	27.858000	27.889000	27.920000	27.952000	27.998000	28.030000	28.061000	28.092000	28.123000	28.154000	28.186000	28.232000	28.264000	28.295000	28.326000	28.357000	28.388000	28.420000	28.466000	28.498000	28.529000	28.560000	28.591000	28.622000	28.654000	28.685000	28.732000	28.763000	28.794000	28.825000	28.856000	28.888000	28.919000	28.966000	28.997000	29.028000	29.059000	29.090000	29.122000	29.153000	29.200000	29.231000	29.262000	29.293000	29.324000	29.356000	29.387000	29.418000	29.465000	29.496000	29.527000	29.558000	29.590000	29.621000	29.652000	29.699000	29.730000	29.761000	29.792000	29.824000	29.855000	29.886000	29.933000	29.964000	29.995000
%%%	0.866377	0.857102	0.899710	0.878116	0.882029	0.876812	0.885507	0.886377	0.886957	0.916377	0.895072	0.878406	0.915072	0.898406	0.927681	0.894058	0.901015	0.904348	0.903188	0.883623	0.908551	0.913623	0.892898	0.894058	0.896667	0.877246	0.901014	0.863623	0.834783	0.800000	0.792464	0.760290	0.732029	0.705942	0.696377	0.663333	0.660145	0.618406	0.615362	0.347826	0.575507	0.568986	0.521739	0.561884	0.539710	0.533188	0.521739	0.559275	0.506812	0.544928	0.524493	0.533333	0.521739	0.508116	0.544928	0.512899	0.531594	0.522319	0.544928	0.540725	0.347826	0.505072	0.521739	0.463768	0.532029	0.526667	0.521739	0.517536	0.535362	0.522754	0.534058	0.347826	0.531014	0.556522	0.531594	0.544493	0.521739	0.498551	0.555797	0.347826	0.543333	0.566232	0.568840	0.566377	0.574928	0.566377	0.592899	0.579275	0.573913	0.572899	0.567971	0.577681	0.347826	0.572754	0.577246	0.599420	0.600580	0.584203	0.347826	0.601015	0.579275	0.597246	0.605362	0.599855	0.588116	0.607101	0.603333	0.596667	0.601594	0.603768	0.584203	0.613188	0.600145	0.610145	0.603768	0.592464	0.612029	0.618986	0.637681	0.614203	0.625507	0.620580	0.615362	0.615942	0.620580	0.615362	0.612464	0.608406	0.611449	0.608551	0.614493	0.607101	0.615362	0.625072	0.604493	0.614058	0.620290	0.590145	0.608696	0.618986	0.614638	0.633623	0.607101	0.605362	0.614493	0.605362	0.605507	0.614203	0.615362	0.604928	0.605942	0.601015	0.604203	0.611449	0.604928	0.604058	0.610290	0.568116	0.609710	0.601015	0.631594	0.613188	0.605507	0.603768	0.608551	0.592754	0.615797	0.605797	0.598985	0.609710	0.633623	0.602899	0.615362	0.614638	0.602899	0.609275	0.600580	0.620580	0.620580	0.605797	0.637101	0.640725	0.629855	0.633188	0.636377	0.644058	0.642899	0.347826	0.641884	0.642899	0.617391	0.616667	0.602899	0.618841	0.632464	0.609710	0.633623	0.347826	0.591304	0.609855	0.605362	0.618841	0.624928	0.639855	0.620290	0.591304	0.635507	0.620580	0.626087	0.605942	0.620290	0.626667	0.621015	0.614638	0.618406	0.636377	0.626087	0.644058	0.635797	0.636377	0.633188	0.635797	0.661594	0.647246	0.663623	0.648841	0.653623	0.647536	0.672899	0.642899	0.654203	0.648406	0.648985	0.662464	0.652754	0.347826	0.672464	0.664203	0.646377	0.652319	0.664638	0.653333	0.660290	0.672464	0.655507	0.347826	0.662464	0.347826	0.659855	0.637101	0.647971	0.662464	0.648985	0.347826	0.640580	0.651594	0.347826	0.647246	0.648985	0.659710	0.347826	0.642899	0.665797	0.626087	0.671014	0.635507	0.347826	0.654928	0.649275	0.347826	0.655507	0.652174	0.653623	0.626087	0.347826	0.347826	0.672464	0.664638	0.347826	0.347826	0.675362	0.347826	0.649275	0.347826	0.347826	0.672754	0.347826	0.347826	0.347826	0.347826	0.649275	0.347826	0.651449	0.579710	0.649275	0.347826	0.347826	0.347826	0.647971	0.637681	0.347826	0.347826	0.347826	0.642464	0.347826	0.347826	0.347826	0.347826	0.347826	0.347826	0.347826	0.347826	0.347826	0.347826	0.707246	0.347826	0.347826	0.347826	0.347826	0.347826	0.347826	0.347826	0.347826	0.347826	0.654928	0.347826	0.347826	0.347826	0.614493	0.347826	0.347826	0.347826	0.347826	0.347826	0.347826	0.347826	0.637681	0.347826	0.347826	0.347826	0.347826	0.347826	0.663623	0.347826	0.347826	0.347826	0.347826	0.347826	0.347826	0.347826	0.347826	0.347826	0.347826	0.347826	0.347826	0.347826	0.347826	0.347826	0.347826	0.347826	0.666377	0.674928	0.347826	0.347826	0.347826	0.347826	0.347826	0.347826	0.347826	0.347826	0.347826	0.347826	0.347826	0.347826	0.347826	0.662319	0.347826	0.347826	0.347826	0.347826	0.347826	0.677681	0.347826	0.626087	0.652754	0.347826	0.347826	0.347826	0.347826	0.347826	0.347826	0.347826	0.667536	0.347826	0.347826	0.347826	0.347826	0.347826	0.347826	0.347826	0.684203	0.690145	0.347826	0.347826	0.347826	0.668406	0.672319	0.676377	0.660870	0.690145	0.674493	0.690290	0.710580	0.692319	0.705362	0.695797	0.722899	0.706522	0.717971	0.742319	0.347826	0.722899	0.742319	0.733623	0.790290	0.755942	0.774493	0.794058	0.773333	0.797826	0.820725	0.828986	0.849420	0.839275	0.836377	0.858116	0.869565	0.856522	0.865797	0.892754	0.866812	0.875073	0.866377	0.901449	0.898985	0.903188	0.926667	0.855362	0.956522	0.870870	0.924493	0.900290	0.947246	0.930435	0.927536	0.955362	0.964493	0.883188	0.892754	0.917101	0.927101	0.888551	0.870145	0.894493	0.916812	0.859275	0.897681	0.881449	0.853333	0.856667	0.834783	0.851594	0.847826	0.863623	0.851015	0.825507	0.805507	0.812029	0.811884	0.810290	0.801015	0.828841	0.810290	0.800000	0.801159	0.800725	0.776812	0.835507	0.835797	0.834783	0.800000	0.843478	0.822754	0.800580	0.805362	0.825362	0.819855	0.805362	0.822899	0.815362	0.788551	0.816377	0.814203	0.800000	0.801159	0.800580	0.776812	0.800000	0.798841	0.788406	0.800000	0.823188	0.800000	0.800580	0.776812	0.784203	0.801159	0.792898	0.742029	0.814058	0.800000	0.811594	0.787971	0.797246	0.811594	0.809275	0.805507	0.796812	0.776812	0.777101	0.823188	0.778261	0.773913	0.792464	0.794058	0.788406	0.796667	0.792898	0.783333	0.764638	0.786232	0.776812	0.773768	0.765217	0.790580	0.792464	0.788406	0.777536	0.746377	0.779855	0.778116	0.800000	0.757536	0.764638	0.759420	0.742319	0.757246	0.728551	0.753188	0.759710	0.768406	0.755942	0.755362	0.773768	0.765217	0.732029	0.781015	0.725507	0.746667	0.784203	0.744493	0.747246	0.752899	0.742754	0.722464	0.755362	0.778841	0.773188	0.759710	0.789710	0.777536	0.759710	0.779855	0.755073	0.751015	0.777536	0.762029	0.762319	0.765217	0.773768	0.752754	0.751159	0.759275	0.755942	0.755507	0.751594	0.747971	0.742319	0.776812	0.755942	0.740725	0.752319	0.751015	0.750725	0.749275	0.751015	0.744203	0.755362	0.772754	0.777536	0.774928	0.791304	0.778116	0.755942	0.347826	0.782464	0.347826	0.347826	0.761014	0.787536	0.753768	0.765217	0.756667	0.797101	0.778841	0.347826	0.777536	0.774638	0.777536	0.742029	0.778116	0.748841	0.347826	0.745652	0.765217	0.756667	0.754928	0.751015	0.742898	0.347826	0.786667	0.760290	0.751015	0.823188	0.801159	0.788840	0.794493	0.816377	0.782029	0.797246	0.825072	0.807536	0.800000	0.800000	0.845507	0.800000	0.820145	0.832753	0.850580	0.861449	0.861449	0.858116	0.862029	0.889275	0.855942	0.857681	0.871159	0.848985	0.820580	0.841014	0.848406	0.809275	0.829855	0.823333	0.831449	0.811594	0.814638	0.796232	0.811594	0.830870	0.835942	0.801159	0.816377	0.800000	0.813623	0.814058	0.800000	0.817391	0.805942	0.813623	0.347826	0.828986	0.800000	0.809710	0.800000	0.812464	0.823188	0.794058	0.760290	0.783188	0.789710	0.773624	0.786812	0.784203	0.783768	0.756667	0.774493	0.759855	0.788551	0.753623	0.759710	0.766812	0.796667	0.814638	0.786232	0.782464	0.347826	0.760290	0.800000	0.788406	0.759855	0.758116	0.756812	0.764493	0.755362	0.742319	0.751015	0.759275	0.751594	0.755362	0.749275	0.788551	0.774058	0.760290	0.750580	0.749275	0.744493	0.347826	0.733768	0.742029	0.800000	0.747246	0.744638	0.747971	0.757246	0.742319	0.751594	0.751015	0.347826	0.734203	0.748985	0.747246	0.718986	0.748841	0.765217	0.755942	0.718841	0.742319	0.744203	0.718841	0.760290	0.751015	0.347826	0.753768	0.751449	0.751015	0.743333	0.755072	0.347826	0.761014	0.755362	0.765217	0.742319	0.347826	0.747536	0.347826	0.757246	0.760870	0.747101	0.753188	0.347826	0.742029	0.759710	0.724928	0.730435	0.759855	0.788406	0.749275	0.760290	0.748406	0.347826	0.718841	0.744638	0.347826	0.748841	0.347826	0.752754	0.759710	0.752319	0.752029	0.347826	0.347826	0.347826	0.773478	0.761014	0.760290	0.347826	0.758551	0.347826	0.751159	0.778116	0.788406	0.747971	0.751594	0.753768	0.755797	0.753188	0.751594	0.759275	0.765217	0.755362	0.347826	0.756667	0.777536	0.347826	0.347826	0.764638	0.764638	0.347826	0.755797	0.757246	0.748551	0.743623	0.751159	0.347826	0.347826	0.347826	0.765217	0.755942	0.742029	0.347826	0.751594	0.347826	0.347826	0.731594	0.764638	0.763623	0.347826	0.347826	0.742029	0.347826	0.347826	0.347826	0.347826	0.347826	0.347826	0.746667	0.347826	0.742029	0.347826	0.773768	0.759420	0.347826	0.695652	0.750580	0.347826	0.752319	0.347826	0.719855	0.723333	0.747246	0.347826	0.729855	0.744638	0.347826	0.347826	0.347826	0.740725	0.347826	0.347826	0.347826	0.347826	0.347826	0.347826	0.347826	0.347826	0.689710	0.728841	0.722754	0.347826	0.695652	0.347826	0.718986	0.741884	0.347826	0.347826	0.347826	0.347826	0.347826	0.347826	0.347826	0.347826	0.347826
%%%	Left Pupil Profile (1st row -> 1 == valid tracking, 0 == invalid tracking; 2nd row -> time; 3rd row -> diameter (mm))
%%%	0	0	0	0	0	0	0	0	0	0	0	0	0	0	0	0	0	0	0	0	0	0	0	0	0	0	0	0	0	0	0	0	0	0	0	0	0	0	0	0	0	0	0	0	0	0	0	0	0	0	0	0	0	0	0	0	0	0	0	0	0	0	0	0	0	0	0	0	0	0	0	0	0	0	0	0	0	0	0	0	0	0	0	0	0	0	0	0	0	0	0	0	0	0	0	0	0	0	0	0	0	0	0	0	0	0	0	0	0	0	0	0	0	0	0	0	0	0	0	0	0	0	0	0	0	0	0	0	0	0	0	0	0	0	0	0	0	0	0	0	0	0	0	0	0	0	0	0	0	0	0	0	0	0	0	0	0	0	0	0	0	0	0	0	0	0	0	0	0	0	0	0	0	0	0	0	0	0	0	0	0	0	0	0	0	0	0	0	0	0	0	0	0	0	0	0	0	0	0	0	0	0	0	0	0	0	0	0	0	0	0	0	0	0	0	0	0	0	0	0	0	0	0	0	0	0	0	0	0	0	0	0	0	0	0	0	0	0	0	0	0	0	0	0	0	0	0	0	0	0	0	0	0	0	0	0	0	0	0	0	0	0	0	0	0	0	0	0	0	0	0	0	0	0	0	0	0	0	0	0	0	0	0	0	0	0	0	0	0	0	0	0	0	0	0	0	0	0	0	0	0	0	0	0	0	0	0	0	0	0	0	0	0	0	0	0	0	0	0	0	0	0	0	0	0	0	0	0	0	0	0	0	0	0	0	0	0	0	0	0	0	0	0	0	0	0	0	0	0	0	0	0	0	0	0	0	0	0	0	0	0	0	0	0	0	0	0	0	0	0	0	0	0	0	0	0	0	0	0	0	0	0	0	0	0	0	0	0	0	0	0	0	0	0	0	0	0	0	0	0	0	0	0	0	0	0	0	0	0	0	0	0	0	0	0	0	0	0	0	0	0	0	0	0	0	0	0	0	0	0	0	0	0	0	0	0	0	0	0	0	0	0	0	0	0	0	0	0	0	0	0	0	0	0	0	0	0	0	0	0	0	0	0	0	0	0	0	0	0	0	0	0	0	0	0	0	0	0	0	0	0	0	0	0	0	0	0	0	0	0	0	0	0	0	0	0	0	0	0	0	0	0	0	0	0	0	0	0	0	0	0	0	0	0	0	0	0	0	0	0	0	0	0	0	0	0	0	0	0	0	0	0	0	0	0	0	0	0	0	0	0	0	0	0	0	0	0	0	0	0	0	0	0	0	0	0	0	0	0	0	0	0	0	0	0	0	0	0	0	0	0	0	0	0	0	0	0	0	0	0	0	0	0	0	0	0	0	0	0	0	0	0	0	0	0	0	0	0	0	0	0	0	0	0	0	0	0	0	0	0	0	0	0	0	0	0	0	0	0	0	0	0	0	0	0	0	0	0	0	0	0	0	0	0	0	0	0	0	0	0	0	0	0	0	0	0	0	0	0	0	0	0	0	0	0	0	0	0	0	0	0	0	0	0	0	0	0	0	0	0	0	0	0	0	0	0	0	0	0	0	0	0	0	0	0	0	0	0	0	0	0	0	0	0	0	0	0	0	0	0	0	0	0	0	0	0	0	0	0	0	0	0	0	0	0	0	0	0	0	0	0	0	0	0	0	0	0	0	0	0	0	0	0	0	0	0	0	0	0	0	0	0	0	0	0	0	0	0	0	0	0	0	0	0	0	0	0	0	0	0	0	0	0	0	0	0	0	0	0	0	0	0	0	0	0	0	0	0	0	0	0	0	0	0	0	0	0	0	0	0	0	0	0	0	0	0	0	0	0	0	0	0	0	0	0	0	0	0	0	0	0	0	0	0	0	0	0	0	0	0	0	0	0	0	0	0	0	0	0	0	0	0	0	0	0	0	0	0	0	0	0	0	0	0	0	0	0	0	0	0	0	0	0	0	0	0	0	0	0	0	0	0	0	0	0	0	0	0	0	0	0	0	0	0	0	0	0	0	0	0	0	0	0	0	0	0	0	0	0	0	0	0	0	0	0	0	0	0	0	0	0	0	0
%%%	-0.067000	-0.020000	0.011000	0.043000	0.074000	0.105000	0.136000	0.167000	0.214000	0.245000	0.277000	0.308000	0.339000	0.370000	0.401000	0.448000	0.479000	0.511000	0.542000	0.573000	0.604000	0.635000	0.667000	0.713000	0.745000	0.776000	0.807000	0.838000	0.869000	0.901000	0.947000	0.979000	1.010000	1.041000	1.072000	1.103000	1.135000	1.181000	1.213000	1.244000	1.275000	1.306000	1.337000	1.369000	1.400000	1.447000	1.478000	1.509000	1.540000	1.571000	1.603000	1.634000	1.681000	1.712000	1.743000	1.774000	1.805000	1.837000	1.868000	1.915000	1.946000	1.977000	2.008000	2.039000	2.071000	2.102000	2.133000	2.180000	2.211000	2.242000	2.273000	2.305000	2.336000	2.367000	2.398000	2.445000	2.476000	2.507000	2.539000	2.570000	2.601000	2.632000	2.679000	2.710000	2.741000	2.773000	2.804000	2.835000	2.866000	2.913000	2.944000	2.975000	3.007000	3.038000	3.069000	3.100000	3.131000	3.178000	3.209000	3.241000	3.272000	3.303000	3.334000	3.365000	3.412000	3.443000	3.475000	3.506000	3.537000	3.568000	3.599000	3.646000	3.677000	3.709000	3.740000	3.771000	3.802000	3.833000	3.865000	3.911000	3.943000	3.974000	4.005000	4.036000	4.067000	4.099000	4.145000	4.177000	4.208000	4.239000	4.270000	4.301000	4.333000	4.379000	4.411000	4.442000	4.473000	4.504000	4.535000	4.567000	4.598000	4.645000	4.676000	4.707000	4.738000	4.769000	4.801000	4.832000	4.879000	4.910000	4.941000	4.972000	5.003000	5.035000	5.066000	5.113000	5.144000	5.175000	5.206000	5.237000	5.269000	5.300000	5.331000	5.378000	5.409000	5.440000	5.471000	5.503000	5.534000	5.565000	5.612000	5.643000	5.674000	5.705000	5.737000	5.768000	5.799000	5.846000	5.877000	5.908000	5.939000	5.971000	6.002000	6.033000	6.064000	6.111000	6.142000	6.173000	6.205000	6.236000	6.267000	6.298000	6.329000	6.376000	6.407000	6.439000	6.470000	6.501000	6.532000	6.563000	6.610000	6.641000	6.673000	6.704000	6.735000	6.766000	6.797000	6.844000	6.875000	6.907000	6.938000	6.969000	7.000000	7.031000	7.063000	7.109000	7.141000	7.172000	7.203000	7.234000	7.265000	7.297000	7.343000	7.375000	7.406000	7.437000	7.468000	7.499000	7.531000	7.577000	7.609000	7.640000	7.671000	7.702000	7.733000	7.765000	7.796000	7.843000	7.874000	7.905000	7.936000	7.967000	7.999000	8.030000	8.077000	8.108000	8.139000	8.170000	8.201000	8.233000	8.264000	8.311000	8.342000	8.373000	8.404000	8.435000	8.467000	8.498000	8.529000	8.576000	8.607000	8.638000	8.669000	8.701000	8.732000	8.763000	8.810000	8.841000	8.872000	8.903000	8.935000	8.966000	8.997000	9.044000	9.075000	9.106000	9.137000	9.169000	9.200000	9.231000	9.262000	9.309000	9.340000	9.371000	9.403000	9.434000	9.465000	9.496000	9.543000	9.574000	9.605000	9.637000	9.668000	9.699000	9.730000	9.777000	9.808000	9.839000	9.871000	9.902000	9.933000	9.964000	9.995000	10.042000	10.073000	10.105000	10.136000	10.167000	10.198000	10.229000	10.276000	10.307000	10.339000	10.370000	10.401000	10.432000	10.463000	10.495000	10.541000	10.573000	10.604000	10.635000	10.666000	10.697000	10.729000	10.775000	10.807000	10.838000	10.869000	10.900000	10.931000	10.963000	10.994000	11.041000	11.072000	11.103000	11.134000	11.165000	11.197000	11.228000	11.275000	11.306000	11.337000	11.368000	11.399000	11.431000	11.462000	11.509000	11.540000	11.571000	11.602000	11.633000	11.665000	11.696000	11.727000	11.774000	11.805000	11.836000	11.867000	11.899000	11.930000	11.961000	12.008000	12.039000	12.070000	12.101000	12.133000	12.164000	12.195000	12.242000	12.273000	12.304000	12.335000	12.367000	12.398000	12.429000	12.460000	12.507000	12.538000	12.569000	12.601000	12.632000	12.663000	12.694000	12.741000	12.772000	12.803000	12.835000	12.866000	12.897000	12.928000	12.975000	13.006000	13.037000	13.069000	13.100000	13.131000	13.162000	13.193000	13.240000	13.271000	13.303000	13.334000	13.365000	13.396000	13.427000	13.474000	13.505000	13.537000	13.568000	13.599000	13.630000	13.661000	13.708000	13.739000	13.771000	13.802000	13.833000	13.864000	13.895000	13.927000	13.973000	14.005000	14.036000	14.067000	14.098000	14.129000	14.161000	14.207000	14.239000	14.270000	14.301000	14.332000	14.363000	14.395000	14.426000	14.473000	14.504000	14.535000	14.566000	14.597000	14.629000	14.660000	14.707000	14.738000	14.769000	14.800000	14.831000	14.863000	14.894000	14.941000	14.972000	15.003000	15.034000	15.065000	15.097000	15.128000	15.159000	15.206000	15.237000	15.268000	15.299000	15.331000	15.362000	15.393000	15.440000	15.471000	15.502000	15.533000	15.565000	15.596000	15.627000	15.674000	15.705000	15.736000	15.767000	15.799000	15.830000	15.861000	15.892000	15.939000	15.970000	16.001000	16.033000	16.064000	16.095000	16.126000	16.173000	16.204000	16.235000	16.267000	16.298000	16.329000	16.360000	16.391000	16.438000	16.469000	16.501000	16.532000	16.563000	16.594000	16.625000	16.672000	16.703000	16.735000	16.766000	16.797000	16.828000	16.859000	16.906000	16.937000	16.969000	17.000000	17.031000	17.062000	17.093000	17.125000	17.171000	17.203000	17.234000	17.265000	17.296000	17.327000	17.359000	17.405000	17.437000	17.468000	17.499000	17.530000	17.561000	17.593000	17.639000	17.671000	17.702000	17.733000	17.764000	17.795000	17.827000	17.858000	17.905000	17.936000	17.967000	17.998000	18.029000	18.061000	18.092000	18.139000	18.170000	18.201000	18.232000	18.263000	18.295000	18.326000	18.357000	18.404000	18.435000	18.466000	18.497000	18.529000	18.560000	18.591000	18.638000	18.669000	18.700000	18.731000	18.763000	18.794000	18.825000	18.872000	18.903000	18.934000	18.965000	18.997000	19.028000	19.059000	19.090000	19.137000	19.168000	19.199000	19.231000	19.262000	19.293000	19.324000	19.371000	19.402000	19.433000	19.465000	19.496000	19.527000	19.558000	19.605000	19.636000	19.667000	19.699000	19.730000	19.761000	19.792000	19.823000	19.870000	19.901000	19.933000	19.964000	19.995000	20.026000	20.057000	20.104000	20.135000	20.167000	20.198000	20.229000	20.260000	20.291000	20.338000	20.369000	20.401000	20.432000	20.463000	20.494000	20.525000	20.557000	20.603000	20.635000	20.666000	20.697000	20.728000	20.759000	20.791000	20.837000	20.869000	20.900000	20.931000	20.962000	20.993000	21.025000	21.071000	21.103000	21.134000	21.165000	21.196000	21.227000	21.259000	21.290000	21.337000	21.368000	21.399000	21.430000	21.461000	21.493000	21.524000	21.571000	21.602000	21.633000	21.664000	21.695000	21.727000	21.758000	21.789000	21.836000	21.867000	21.898000	21.929000	21.961000	21.992000	22.023000	22.070000	22.101000	22.132000	22.163000	22.195000	22.226000	22.257000	22.288000	22.335000	22.366000	22.397000	22.429000	22.460000	22.491000	22.522000	22.569000	22.600000	22.631000	22.663000	22.694000	22.725000	22.756000	22.803000	22.834000	22.865000	22.897000	22.928000	22.959000	22.990000	23.021000	23.068000	23.099000	23.131000	23.162000	23.193000	23.224000	23.255000	23.302000	23.333000	23.365000	23.396000	23.427000	23.458000	23.489000	23.536000	23.567000	23.599000	23.630000	23.661000	23.692000	23.723000	23.755000	23.801000	23.833000	23.864000	23.895000	23.926000	23.958000	23.989000	24.036000	24.067000	24.098000	24.129000	24.160000	24.192000	24.223000	24.270000	24.301000	24.332000	24.363000	24.394000	24.426000	24.457000	24.488000	24.535000	24.566000	24.597000	24.628000	24.660000	24.691000	24.722000	24.769000	24.800000	24.831000	24.862000	24.894000	24.925000	24.956000	25.003000	25.034000	25.065000	25.096000	25.128000	25.159000	25.190000	25.221000	25.268000	25.299000	25.330000	25.362000	25.393000	25.424000	25.455000	25.502000	25.533000	25.564000	25.596000	25.627000	25.658000	25.689000	25.736000	25.767000	25.798000	25.830000	25.861000	25.892000	25.923000	25.954000	26.001000	26.032000	26.064000	26.095000	26.126000	26.157000	26.188000	26.220000	26.266000	26.298000	26.329000	26.360000	26.391000	26.422000	26.454000	26.500000	26.532000	26.563000	26.594000	26.625000	26.656000	26.688000	26.734000	26.766000	26.797000	26.828000	26.859000	26.890000	26.922000	26.953000	27.000000	27.031000	27.062000	27.093000	27.124000	27.156000	27.187000	27.234000	27.265000	27.296000	27.327000	27.358000	27.390000	27.421000	27.468000	27.499000	27.530000	27.561000	27.592000	27.624000	27.655000	27.686000	27.733000	27.764000	27.795000	27.826000	27.858000	27.889000	27.920000	27.967000	27.998000	28.029000	28.060000	28.092000	28.123000	28.154000	28.201000	28.232000	28.263000	28.294000	28.326000	28.357000	28.388000	28.419000	28.466000	28.497000	28.528000	28.560000	28.591000	28.622000	28.653000	28.700000	28.731000	28.762000	28.794000	28.825000	28.856000	28.887000	28.934000	28.965000	28.996000	29.028000	29.059000	29.090000	29.121000	29.152000	29.199000	29.230000	29.262000	29.293000	29.324000	29.355000	29.386000	29.433000	29.464000	29.496000	29.527000	29.558000	29.589000	29.620000	29.667000	29.698000	29.730000	29.761000	29.792000	29.823000	29.854000	29.886000	29.932000	29.964000	29.995000
%%%	13.913043	13.913043	13.913043	13.913043	13.913043	13.913043	13.913043	13.913043	13.913043	13.913043	13.913043	13.913043	13.913043	13.913043	13.913043	13.913043	13.913043	13.913043	13.913043	13.913043	13.913043	13.913043	13.913043	13.913043	13.913043	13.913043	13.913043	13.913043	13.913043	13.913043	13.913043	13.913043	13.913043	13.913043	13.913043	13.913043	13.913043	13.913043	13.913043	13.913043	13.913043	13.913043	13.913043	13.913043	13.913043	13.913043	13.913043	13.913043	13.913043	13.913043	13.913043	13.913043	13.913043	13.913043	13.913043	13.913043	13.913043	13.913043	13.913043	13.913043	13.913043	13.913043	13.913043	13.913043	13.913043	13.913043	13.913043	13.913043	13.913043	13.913043	13.913043	13.913043	13.913043	13.913043	13.913043	13.913043	13.913043	13.913043	13.913043	13.913043	13.913043	13.913043	13.913043	13.913043	13.913043	13.913043	13.913043	13.913043	13.913043	13.913043	13.913043	13.913043	13.913043	13.913043	13.913043	13.913043	13.913043	13.913043	13.913043	13.913043	13.913043	13.913043	13.913043	13.913043	13.913043	13.913043	13.913043	13.913043	13.913043	13.913043	13.913043	13.913043	13.913043	13.913043	13.913043	13.913043	13.913043	13.913043	13.913043	13.913043	13.913043	13.913043	13.913043	13.913043	13.913043	13.913043	13.913043	13.913043	13.913043	13.913043	13.913043	13.913043	13.913043	13.913043	13.913043	13.913043	13.913043	13.913043	13.913043	13.913043	13.913043	13.913043	13.913043	13.913043	13.913043	13.913043	13.913043	13.913043	13.913043	13.913043	13.913043	13.913043	13.913043	13.913043	13.913043	13.913043	13.913043	13.913043	13.913043	13.913043	13.913043	13.913043	13.913043	13.913043	13.913043	13.913043	13.913043	13.913043	13.913043	13.913043	13.913043	13.913043	13.913043	13.913043	13.913043	13.913043	13.913043	13.913043	13.913043	13.913043	13.913043	13.913043	13.913043	13.913043	13.913043	13.913043	13.913043	13.913043	13.913043	13.913043	13.913043	13.913043	13.913043	13.913043	13.913043	13.913043	13.913043	13.913043	13.913043	13.913043	13.913043	13.913043	13.913043	13.913043	13.913043	13.913043	13.913043	13.913043	13.913043	13.913043	13.913043	13.913043	13.913043	13.913043	13.913043	13.913043	13.913043	13.913043	13.913043	13.913043	13.913043	13.913043	13.913043	13.913043	13.913043	13.913043	13.913043	13.913043	13.913043	13.913043	13.913043	13.913043	13.913043	13.913043	13.913043	13.913043	13.913043	13.913043	13.913043	13.913043	13.913043	13.913043	13.913043	13.913043	13.913043	13.913043	13.913043	13.913043	13.913043	13.913043	13.913043	13.913043	13.913043	13.913043	13.913043	13.913043	13.913043	13.913043	13.913043	13.913043	13.913043	13.913043	13.913043	13.913043	13.913043	13.913043	13.913043	13.913043	13.913043	13.913043	13.913043	13.913043	13.913043	13.913043	13.913043	13.913043	13.913043	13.913043	13.913043	13.913043	13.913043	13.913043	13.913043	13.913043	13.913043	13.913043	13.913043	13.913043	13.913043	13.913043	13.913043	13.913043	13.913043	13.913043	13.913043	13.913043	13.913043	13.913043	13.913043	13.913043	13.913043	13.913043	13.913043	13.913043	13.913043	13.913043	13.913043	13.913043	13.913043	13.913043	13.913043	13.913043	13.913043	13.913043	13.913043	13.913043	13.913043	13.913043	13.913043	13.913043	13.913043	13.913043	13.913043	13.913043	13.913043	13.913043	13.913043	13.913043	13.913043	13.913043	13.913043	13.913043	13.913043	13.913043	13.913043	13.913043	13.913043	13.913043	13.913043	13.913043	13.913043	13.913043	13.913043	13.913043	13.913043	13.913043	13.913043	13.913043	13.913043	13.913043	13.913043	13.913043	13.913043	13.913043	13.913043	13.913043	13.913043	13.913043	13.913043	13.913043	13.913043	13.913043	13.913043	13.913043	13.913043	13.913043	13.913043	13.913043	13.913043	13.913043	13.913043	13.913043	13.913043	13.913043	13.913043	13.913043	13.913043	13.913043	13.913043	13.913043	13.913043	13.913043	13.913043	13.913043	13.913043	13.913043	13.913043	13.913043	13.913043	13.913043	13.913043	13.913043	13.913043	13.913043	13.913043	13.913043	13.913043	13.913043	13.913043	13.913043	13.913043	13.913043	13.913043	13.913043	13.913043	13.913043	13.913043	13.913043	13.913043	13.913043	13.913043	13.913043	13.913043	13.913043	13.913043	13.913043	13.913043	13.913043	13.913043	13.913043	13.913043	13.913043	13.913043	13.913043	13.913043	13.913043	13.913043	13.913043	13.913043	13.913043	13.913043	13.913043	13.913043	13.913043	13.913043	13.913043	13.913043	13.913043	13.913043	13.913043	13.913043	13.913043	13.913043	13.913043	13.913043	13.913043	13.913043	13.913043	13.913043	13.913043	13.913043	13.913043	13.913043	13.913043	13.913043	13.913043	13.913043	13.913043	13.913043	13.913043	13.913043	13.913043	13.913043	13.913043	13.913043	13.913043	13.913043	13.913043	13.913043	13.913043	13.913043	13.913043	13.913043	13.913043	13.913043	13.913043	13.913043	13.913043	13.913043	13.913043	13.913043	13.913043	13.913043	13.913043	13.913043	13.913043	13.913043	13.913043	13.913043	13.913043	13.913043	13.913043	13.913043	13.913043	13.913043	13.913043	13.913043	13.913043	13.913043	13.913043	13.913043	13.913043	13.913043	13.913043	13.913043	13.913043	13.913043	13.913043	13.913043	13.913043	13.913043	13.913043	13.913043	13.913043	13.913043	13.913043	13.913043	13.913043	13.913043	13.913043	13.913043	13.913043	13.913043	13.913043	13.913043	13.913043	13.913043	13.913043	13.913043	13.913043	13.913043	13.913043	13.913043	13.913043	13.913043	13.913043	13.913043	13.913043	13.913043	13.913043	13.913043	13.913043	13.913043	13.913043	13.913043	13.913043	13.913043	13.913043	13.913043	13.913043	13.913043	13.913043	13.913043	13.913043	13.913043	13.913043	13.913043	13.913043	13.913043	13.913043	13.913043	13.913043	13.913043	13.913043	13.913043	13.913043	13.913043	13.913043	13.913043	13.913043	13.913043	13.913043	13.913043	13.913043	13.913043	13.913043	13.913043	13.913043	13.913043	13.913043	13.913043	13.913043	13.913043	13.913043	13.913043	13.913043	13.913043	13.913043	13.913043	13.913043	13.913043	13.913043	13.913043	13.913043	13.913043	13.913043	13.913043	13.913043	13.913043	13.913043	13.913043	13.913043	13.913043	13.913043	13.913043	13.913043	13.913043	13.913043	13.913043	13.913043	13.913043	13.913043	13.913043	13.913043	13.913043	13.913043	13.913043	13.913043	13.913043	13.913043	13.913043	13.913043	13.913043	13.913043	13.913043	13.913043	13.913043	13.913043	13.913043	13.913043	13.913043	13.913043	13.913043	13.913043	13.913043	13.913043	13.913043	13.913043	13.913043	13.913043	13.913043	13.913043	13.913043	13.913043	13.913043	13.913043	13.913043	13.913043	13.913043	13.913043	13.913043	13.913043	13.913043	13.913043	13.913043	13.913043	13.913043	13.913043	13.913043	13.913043	13.913043	13.913043	13.913043	13.913043	13.913043	13.913043	13.913043	13.913043	13.913043	13.913043	13.913043	13.913043	13.913043	13.913043	13.913043	13.913043	13.913043	13.913043	13.913043	13.913043	13.913043	13.913043	13.913043	13.913043	13.913043	13.913043	13.913043	13.913043	13.913043	13.913043	13.913043	13.913043	13.913043	13.913043	13.913043	13.913043	13.913043	13.913043	13.913043	13.913043	13.913043	13.913043	13.913043	13.913043	13.913043	13.913043	13.913043	13.913043	13.913043	13.913043	13.913043	13.913043	13.913043	13.913043	13.913043	13.913043	13.913043	13.913043	13.913043	13.913043	13.913043	13.913043	13.913043	13.913043	13.913043	13.913043	13.913043	13.913043	13.913043	13.913043	13.913043	13.913043	13.913043	13.913043	13.913043	13.913043	13.913043	13.913043	13.913043	13.913043	13.913043	13.913043	13.913043	13.913043	13.913043	13.913043	13.913043	13.913043	13.913043	13.913043	13.913043	13.913043	13.913043	13.913043	13.913043	13.913043	13.913043	13.913043	13.913043	13.913043	13.913043	13.913043	13.913043	13.913043	13.913043	13.913043	13.913043	13.913043	13.913043	13.913043	13.913043	13.913043	13.913043	13.913043	13.913043	13.913043	13.913043	13.913043	13.913043	13.913043	13.913043	13.913043	13.913043	13.913043	13.913043	13.913043	13.913043	13.913043	13.913043	13.913043	13.913043	13.913043	13.913043	13.913043	13.913043	13.913043	13.913043	13.913043	13.913043	13.913043	13.913043	13.913043	13.913043	13.913043	13.913043	13.913043	13.913043	13.913043	13.913043	13.913043	13.913043	13.913043	13.913043	13.913043	13.913043	13.913043	13.913043	13.913043	13.913043	13.913043	13.913043	13.913043	13.913043	13.913043	13.913043	13.913043	13.913043	13.913043	13.913043	13.913043	13.913043	13.913043	13.913043	13.913043	13.913043	13.913043	13.913043	13.913043	13.913043	13.913043	13.913043	13.913043	13.913043	13.913043	13.913043	13.913043	13.913043	13.913043	13.913043	13.913043	13.913043	13.913043	13.913043	13.913043	13.913043	13.913043	13.913043	13.913043	13.913043	13.913043	13.913043	13.913043	13.913043	13.913043	13.913043	13.913043	13.913043	13.913043	13.913043	13.913043	13.913043	13.913043	13.913043	13.913043	13.913043	13.913043	13.913043	13.913043	13.913043	13.913043	13.913043	13.913043	13.913043	13.913043	13.913043	13.913043	13.913043	13.913043	13.913043	13.913043	13.913043	13.913043	13.913043	13.913043	13.913043	13.913043	13.913043	13.913043	13.913043	13.913043	13.913043	13.913043	13.913043
%%%	Pulse Index	Stimulus Section Index	Stimulus Section Start Index	Stimulus Section End Index	Pupil Stimulated: 0 = Right, 1 = Left, 2 = Both	Light Metric: 0 = Photopic, 1 = Scopotic, 2 = Radiometric	Stimulus Start Time	Stimulus Duration	Stimulus Pulse Duration	Right Pulse Max Level	Right Pulse Max Color (0123 = WRGB)	Right Pulse Min Level	Right Pulse Min Color (0123 = WRGB)	Left Pulse Max Level	Left Pulse Max Color (0123 = WRGB)	Left Pulse Min Level	Left Pulse Min Color (0123 = WRGB)	Right Data Input Type (0 == RAW DATA, 1 == FITTED DATA, 2 == M. OVERRIDED)	Right ANALYSIS STATE (0 == ABNORMAL, 1 == NORMAL)	Right MAX (mm) (EMPTY if INVALID)	Right MIN (mm) (EMPTY if INVALID)	Right DELTA (mm) (EMPTY if INVALID)	Right CH (%) (EMPTY if INVALID)	Right LAT (sec) (EMPTY if INVALID)	Right CV (mm/s) (EMPTY if INVALID)	Right MCV (mm/s) (EMPTY if INVALID)	Right DV (mm/s) (EMPTY if INVALID)	Left Data Input Type (0 == RAW DATA, 1 == FITTED DATA, 2 == M. OVERRIDED)	Left ANALYSIS STATE (0 == ABNORMAL, 1 == NORMAL)	Left MAX (mm) (EMPTY if INVALID)	Left MIN (mm) (EMPTY if INVALID)	Left DELTA (mm) (EMPTY if INVALID)	Left CH (%) (EMPTY if INVALID)	Left LAT (sec) (EMPTY if INVALID)	Left CV (mm/s) (EMPTY if INVALID)	Left MCV (mm/s) (EMPTY if INVALID)	Left DV (mm/s) (EMPTY if INVALID)
%%%	0	0	17	902	0	0	0.51	29.52	0.51	15.81	3	0.00	3	0.00	3	0.00	3	0	0	0.00	0.00			0.00	0.00	0.00	0.00	0	0	0.00	0.00			0.00	0.00	0.00	0.00
%%%%%%%%%
%%%%%%%%%
%%%%%%%%%
<\SESSION>
