<SESSION>
<VERSION>
2
<\VERSION>
<DATE>
2017-10-31 12:14:50
<\DATE>
<SUBJECT-ID>
C57BL6-28.09.17-DA-1mois-M3-0.6b
<\SUBJECT-ID>
<NOTE>

<\NOTE>
<MIN-MAX-PLOT>
0.100000 51880.761719
<\MIN-MAX-PLOT>
<STIMULUS-DEFINED>
Default
Default Human Relative Spectral Sensitivity
1	0
1	0.500000	0.500000	29.000000	3	3	0.600000	-100.000000	0.100000	-100.000000	0
<\STIMULUS-DEFINED>
<STIMULUS-GENERATED>
4
0	0	0.000000	3	0.000000	0.000000	3	0.000000	0.000000
0	1	0.509000	3	0.075823	4.006067	3	0.000000	0.000000
0	4	1.018000	3	0.000000	0.000000	3	0.000000	0.000000
-1	5	30.027000	0	0.000000	0.000000	0	0.000000	0.000000
<\STIMULUS-GENERATED>
<RIGHT-PUPIL-DATA>
903	1
1	-0.051000	0.939130	367.000000	318.500000
1	-0.020000	1.012029	367.431244	318.431244
1	0.011000	0.985507	367.000000	320.500000
1	0.043000	0.995652	368.125000	318.125000
1	0.074000	1.031884	366.000000	319.500000
1	0.105000	0.986377	368.812500	318.312500
1	0.136000	0.985507	368.750000	317.750000
1	0.167000	1.000000	368.250000	319.500000
1	0.214000	0.970145	367.512512	318.112488
1	0.245000	1.008696	368.500000	319.000000
1	0.277000	0.998841	368.350006	318.149994
1	0.308000	0.972319	368.981262	317.143738
1	0.339000	0.915942	370.000000	317.500000
1	0.370000	0.964638	369.000000	316.375000
1	0.401000	0.975507	369.018738	316.231262
1	0.448000	0.973913	368.750000	318.250000
1	0.479000	0.966377	368.899994	317.600006
1	0.511000	0.939275	368.543732	317.443756
1	0.542000	0.937536	369.031250	316.518738
1	0.573000	0.955507	369.306244	315.868744
1	0.604000	0.915942	372.000000	315.500000
1	0.635000	0.981015	369.656250	315.843750
1	0.667000	0.972029	370.018768	316.918732
1	0.713000	0.946667	369.149994	317.350006
1	0.745000	0.973333	369.000000	318.000000
1	0.776000	0.915942	368.000000	319.500000
1	0.807000	0.928986	369.500000	317.625000
1	0.838000	0.918406	370.231232	317.368744
1	0.869000	0.903188	370.725006	316.975006
1	0.901000	0.857971	371.000000	316.500000
1	0.947000	0.840290	370.662506	317.962494
1	0.979000	0.814638	370.718750	318.218750
1	1.010000	0.801015	370.006256	319.506256
1	1.041000	0.792464	370.149994	318.975006
1	1.072000	0.761594	370.531250	318.456238
1	1.103000	0.752319	370.443756	318.443756
1	1.135000	0.715797	371.031250	316.968750
1	1.181000	0.712464	371.125000	316.875000
1	1.213000	0.708116	370.187500	317.812500
1	1.244000	0.690725	370.562500	317.562500
1	1.275000	0.685362	370.068787	318.518738
1	1.306000	0.695652	371.000000	318.500000
1	1.337000	0.684203	371.518738	316.968750
1	1.369000	0.674493	371.362488	317.687500
1	1.400000	0.671159	371.706238	316.706238
1	1.447000	0.690725	371.437500	316.562500
1	1.478000	0.672319	371.343750	316.843750
1	1.509000	0.672464	371.750000	317.250000
1	1.540000	0.688841	370.931213	317.568726
1	1.571000	0.690145	370.587494	318.587494
1	1.603000	0.690290	371.431244	316.568756
1	1.634000	0.704203	371.618744	316.881256
1	1.681000	0.713623	371.250000	316.250000
1	1.712000	0.738986	371.493744	316.256256
1	1.743000	0.732029	371.518738	317.468750
1	1.774000	0.738551	370.500000	317.375000
0	1.805000	0.707246	371.000000	316.500000
1	1.837000	0.735362	370.812500	318.187500
1	1.868000	0.757246	370.893738	316.481262
1	1.915000	0.730580	371.543732	316.493744
1	1.946000	0.718551	371.087494	316.287506
1	1.977000	0.742898	371.312500	316.437500
1	2.008000	0.722754	371.681244	317.006256
1	2.039000	0.748406	371.375000	317.125000
1	2.071000	0.736377	370.781250	317.531250
1	2.102000	0.749855	370.662506	317.774994
1	2.133000	0.737536	371.781250	317.218750
1	2.180000	0.764493	372.018738	316.481262
1	2.211000	0.777101	371.787506	316.100006
1	2.242000	0.759710	372.412506	315.587494
1	2.273000	0.761014	371.881256	316.568756
1	2.305000	0.779275	371.756256	315.856232
1	2.336000	0.765362	371.556244	316.643829
1	2.367000	0.760290	371.437500	317.562500
0	2.414000	0.753623	374.000000	315.500000
1	2.445000	0.789710	371.968750	316.643677
1	2.476000	0.814638	372.331238	316.281250
0	2.507000	0.846377	370.000000	319.500000
1	2.539000	0.762319	371.562500	315.687500
1	2.570000	0.809710	371.756256	316.118744
0	2.601000	0.649420	370.293762	314.606262
1	2.632000	0.787536	372.312500	317.674988
1	2.679000	0.805797	371.500000	317.000000
1	2.710000	0.812464	371.737488	316.349976
1	2.741000	0.805797	372.062500	315.187500
0	2.773000	0.692754	370.937500	312.937500
1	2.804000	0.788406	372.000000	314.500000
1	2.835000	0.846377	374.000000	315.500000
1	2.866000	0.800000	371.000000	316.500000
1	2.913000	0.792319	371.581268	316.006256
1	2.944000	0.787971	371.943756	315.993744
1	2.975000	0.790580	371.156250	315.393738
1	3.007000	0.801159	371.475006	314.975006
1	3.038000	0.776812	372.000000	315.500000
1	3.069000	0.817391	372.500000	314.500000
1	3.100000	0.811884	372.712494	315.287506
1	3.147000	0.796667	371.068756	315.056244
1	3.178000	0.795797	371.918762	316.468750
1	3.209000	0.822754	372.568756	315.681244
1	3.241000	0.814203	372.324982	314.712494
1	3.272000	0.800000	373.000000	314.500000
1	3.303000	0.814638	373.281250	314.718750
1	3.334000	0.846377	374.000000	315.500000
1	3.365000	0.795072	373.125000	315.000000
1	3.412000	0.797246	372.281250	314.968750
1	3.443000	0.794638	372.006256	315.131256
1	3.475000	0.831015	372.562500	315.937500
1	3.506000	0.796812	373.037506	315.037506
1	3.537000	0.800000	373.500000	315.000000
1	3.568000	0.800000	373.000000	314.500000
1	3.599000	0.800000	373.000000	314.500000
1	3.646000	0.787536	373.937500	314.187500
1	3.677000	0.778116	373.806244	315.693756
1	3.709000	0.791884	373.000000	315.000000
1	3.740000	0.812464	373.237488	315.737488
1	3.771000	0.788406	373.987488	314.950012
1	3.802000	0.778116	373.806244	314.193756
1	3.833000	0.798985	373.543732	314.443756
1	3.880000	0.788551	374.218750	314.218750
1	3.911000	0.794493	373.912506	314.899994
1	3.943000	0.796667	373.543732	315.131256
1	3.974000	0.800000	373.500000	316.000000
1	4.005000	0.811594	374.000000	315.500000
1	4.036000	0.791884	374.125000	315.612488
1	4.067000	0.788406	374.000000	313.500000
1	4.099000	0.805507	373.837494	314.162506
1	4.145000	0.814638	373.331238	314.281250
1	4.177000	0.802174	373.750000	315.000000
1	4.208000	0.800000	373.500000	316.000000
1	4.239000	0.794203	373.000000	315.500000
1	4.270000	0.805797	372.500000	315.000000
1	4.301000	0.814638	373.468750	315.718750
1	4.333000	0.791884	374.000000	315.000000
1	4.379000	0.759710	374.412506	314.587494
1	4.411000	0.823333	373.593750	314.593750
1	4.442000	0.781884	374.268738	314.231262
1	4.473000	0.788406	374.000000	314.500000
1	4.504000	0.801159	373.475006	315.100006
1	4.535000	0.796377	373.031250	315.581238
1	4.567000	0.753623	373.000000	316.500000
1	4.613000	0.790580	374.006226	315.081177
1	4.645000	0.786812	374.068756	316.006256
1	4.676000	0.788116	374.087494	315.662506
1	4.707000	0.794058	374.018738	314.981262
1	4.738000	0.778841	373.799988	315.812500
1	4.769000	0.800000	373.500000	316.000000
1	4.801000	0.788551	373.656250	316.218750
1	4.832000	0.797246	374.218750	315.031250
1	4.879000	0.800000	375.000000	314.500000
1	4.910000	0.805797	375.000000	315.000000
1	4.941000	0.805507	374.212494	315.837494
1	4.972000	0.809710	374.243744	315.756256
1	5.003000	0.824493	373.843750	316.593750
1	5.035000	0.764058	373.475006	316.649994
1	5.066000	0.787536	372.937500	316.312500
1	5.113000	0.791884	374.000000	316.000000
1	5.144000	0.788116	374.087494	315.662506
1	5.175000	0.814638	373.718750	315.718750
1	5.206000	0.800000	375.000000	316.500000
1	5.237000	0.794058	374.093750	315.093750
1	5.269000	0.759275	374.043762	316.456238
1	5.300000	0.812029	373.818756	317.306244
0	5.347000	0.753623	374.000000	315.500000
1	5.378000	0.787536	374.187500	317.062500
1	5.409000	0.796812	374.037506	315.912506
1	5.440000	0.794058	374.218750	315.093750
1	5.471000	0.782609	375.500000	316.000000
1	5.503000	0.814638	374.718750	315.718750
1	5.534000	0.800000	375.000000	316.500000
1	5.565000	0.801449	374.987488	316.525024
1	5.612000	0.794638	374.068756	316.068756
1	5.643000	0.800000	375.000000	318.500000
1	5.674000	0.783768	375.274994	316.725006
1	5.705000	0.800000	375.000000	316.500000
1	5.737000	0.790580	375.643738	315.393738
1	5.768000	0.814058	375.306244	315.443756
1	5.799000	0.776812	376.000000	315.500000
1	5.846000	0.794203	374.000000	316.500000
1	5.877000	0.801015	375.006256	317.443756
1	5.908000	0.809710	374.243744	317.243744
1	5.939000	0.808841	374.818756	317.756256
1	5.971000	0.783768	375.274994	317.762482
1	6.002000	0.759275	374.531250	315.718750
1	6.033000	0.800000	375.000000	316.500000
1	6.064000	0.797246	375.718750	316.031250
1	6.111000	0.814638	375.281250	315.718750
1	6.142000	0.797246	375.218750	316.031250
1	6.173000	0.790580	374.393738	316.643738
1	6.205000	0.783623	374.206268	316.993744
1	6.236000	0.826812	374.437500	316.437500
1	6.267000	0.800000	375.500000	316.000000
1	6.298000	0.776812	376.000000	315.500000
0	6.345000	0.753623	378.000000	315.500000
1	6.376000	0.772754	375.649994	316.037506
1	6.407000	0.815942	375.687500	316.737488
1	6.439000	0.790290	374.968781	316.031281
0	6.470000	0.753623	378.000000	315.500000
1	6.501000	0.779420	374.787506	315.787506
0	6.532000	0.690290	376.431244	313.568756
1	6.563000	0.787971	375.681244	316.006256
1	6.610000	0.846377	378.000000	315.500000
1	6.641000	0.774493	375.362488	315.750000
1	6.673000	0.800000	376.125000	316.125000
1	6.704000	0.846377	374.000000	315.500000
1	6.735000	0.776667	375.031250	316.331238
1	6.766000	0.776812	376.000000	315.500000
1	6.797000	0.805797	375.500000	315.000000
1	6.844000	0.799420	375.500000	314.500000
1	6.875000	0.788116	376.087494	314.912506
1	6.907000	0.794058	376.093750	314.906250
1	6.938000	0.799275	376.231262	314.481262
1	6.969000	0.814203	375.712494	315.274994
1	7.000000	0.808116	375.612488	315.375000
1	7.031000	0.786232	376.543762	315.956238
1	7.078000	0.812029	375.881256	315.256256
1	7.109000	0.753623	377.625000	315.125000
1	7.141000	0.764203	377.493744	314.493744
1	7.172000	0.761449	377.500000	314.575012
1	7.203000	0.800000	377.000000	314.500000
1	7.234000	0.798985	376.443756	315.056244
1	7.265000	0.783768	376.475006	315.725006
1	7.297000	0.753623	378.000000	315.500000
1	7.343000	0.776812	377.500000	316.000000
1	7.375000	0.796232	377.549988	314.937500
1	7.406000	0.787536	377.937500	314.187500
1	7.437000	0.744493	376.693756	314.256256
0	7.468000	0.690290	375.568756	313.568756
0	7.499000	0.651449	376.143738	312.143738
1	7.531000	0.779420	376.212494	316.162506
1	7.577000	0.807536	376.350006	316.162506
1	7.609000	0.803188	377.037506	316.162506
1	7.640000	0.800000	377.000000	316.500000
1	7.671000	0.783188	376.750000	315.750000
1	7.702000	0.829420	377.056244	316.006256
1	7.733000	0.792464	376.962494	315.024994
1	7.765000	0.800000	377.000000	316.500000
1	7.811000	0.805507	377.087494	317.162506
1	7.843000	0.801594	376.968750	317.031250
1	7.874000	0.795072	377.125000	317.062500
1	7.905000	0.800580	378.000000	316.250000
0	7.936000	0.777246	377.068756	315.431244
1	7.967000	0.798115	377.943878	316.268402
1	7.999000	0.800580	378.125000	317.000000
0	8.030000	0.753623	378.000000	315.500000
0	8.077000	0.759275	376.468750	317.081238
1	8.108000	0.780290	377.824982	317.162506
0	8.139000	0.753623	378.000000	315.500000
1	8.170000	0.812319	377.331238	317.681152
1	8.201000	0.805362	377.818756	316.681244
0	8.233000	0.716232	376.962494	315.962494
1	8.264000	0.800580	378.000000	316.875000
1	8.311000	0.797246	378.906250	317.031250
1	8.342000	0.817971	378.187500	317.687500
0	8.373000	0.690290	376.068756	316.568756
1	8.404000	0.814203	377.712494	319.712494
1	8.435000	0.800000	377.000000	318.500000
1	8.467000	0.801159	379.100006	318.100006
1	8.498000	0.809855	378.774994	317.899994
1	8.545000	0.805362	379.181244	317.381256
1	8.576000	0.834493	379.000000	317.500000
1	8.607000	0.788551	377.843750	317.656250
1	8.638000	0.822319	378.437500	318.812500
0	8.669000	0.672754	376.600006	316.337494
1	8.701000	0.801594	377.906250	317.768738
1	8.732000	0.777681	377.562500	317.250000
1	8.763000	0.779710	376.750000	316.750000
1	8.810000	0.811884	378.287506	317.712494
1	8.841000	0.811884	378.712494	318.962494
1	8.872000	0.798841	377.962494	319.475006
1	8.903000	0.800000	378.500000	319.000000
1	8.935000	0.849420	378.218750	319.843750
1	8.966000	0.827536	378.499878	318.474854
0	8.997000	0.625362	377.518738	314.518738
1	9.044000	0.745362	377.368896	316.343567
1	9.075000	0.812029	379.181244	317.431244
0	9.106000	0.658116	378.143738	315.718750
1	9.137000	0.804928	378.437500	318.812500
1	9.169000	0.811884	378.712494	319.274994
0	9.200000	0.660870	377.500000	317.000000
1	9.231000	0.795072	378.612488	318.937500
1	9.278000	0.800000	379.000000	318.500000
1	9.309000	0.814638	378.856262	318.331238
1	9.340000	0.800000	379.000000	318.500000
1	9.371000	0.768551	378.493744	316.806244
1	9.403000	0.795507	378.943726	319.031189
0	9.434000	0.707681	376.818756	316.818756
1	9.465000	0.798841	378.774994	318.475006
1	9.496000	0.812899	379.256256	318.681244
0	9.543000	0.660580	378.162506	315.225006
0	9.574000	0.690290	377.431244	315.568756
0	9.605000	0.733333	378.849976	316.149963
1	9.637000	0.862029	378.975006	318.024994
1	9.668000	0.759855	377.443756	317.106232
1	9.699000	0.764058	377.524994	317.725006
1	9.730000	0.804928	378.187500	319.187500
0	9.777000	0.695652	376.000000	317.500000
1	9.808000	0.839710	379.312500	318.924988
1	9.839000	0.813623	378.687500	317.737488
1	9.871000	0.818116	378.875000	317.750000
1	9.902000	0.785797	378.662506	317.324982
1	9.933000	0.858116	379.093750	317.656250
1	9.964000	0.761884	377.493774	317.481201
1	10.011000	0.810724	379.000000	318.662476
0	10.042000	0.698406	376.718750	316.093750
1	10.073000	0.824928	378.462494	318.725006
1	10.105000	0.840145	378.681244	317.681244
1	10.136000	0.792464	379.350006	317.350006
0	10.167000	0.690290	378.568756	314.568756
0	10.198000	0.672899	377.818756	313.818756
1	10.229000	0.792898	377.843750	317.031250
1	10.276000	0.834783	378.000000	318.500000
0	10.307000	0.690725	377.437500	315.562500
1	10.339000	0.839710	378.687500	318.687500
1	10.370000	0.815217	379.125000	318.687500
1	10.401000	0.815942	378.737488	317.312500
1	10.432000	0.814058	378.693756	317.306244
0	10.464000	0.687971	378.493744	314.993744
0	10.495000	0.680435	377.881195	315.443756
0	10.542000	0.670145	377.875000	315.375000
1	10.573000	0.797246	379.531250	319.031250
0	10.604000	0.653333	378.037506	315.899994
1	10.635000	0.837101	379.962494	318.649994
0	10.666000	0.683768	378.962494	315.537506
1	10.698000	0.803188	380.837463	318.200012
0	10.729000	0.678261	378.937500	315.062500
1	10.776000	0.800000	381.000000	318.500000
1	10.807000	0.800580	381.062500	318.000000
0	10.838000	0.591304	380.000000	313.500000
1	10.869000	0.824493	380.531250	317.593750
0	10.900000	0.662029	379.274994	315.725006
1	10.932000	0.815362	380.662506	317.287506
1	10.963000	0.822899	381.649994	318.412506
1	11.010000	0.785797	381.649994	316.662506
1	11.041000	0.831015	381.437500	317.437500
1	11.072000	0.797246	381.968750	318.281250
1	11.103000	0.814058	381.693756	318.306244
0	11.134000	0.671015	380.162537	316.674988
1	11.166000	0.801015	381.006256	318.881256
1	11.197000	0.813623	381.687500	319.125000
0	11.228000	0.725507	381.000000	316.062500
1	11.275000	0.827681	381.531250	317.468750
1	11.306000	0.759275	380.468750	316.531250
0	11.337000	0.690290	379.568756	315.568756
1	11.368000	0.814638	381.093750	317.281250
1	11.400000	0.814203	381.712494	318.287506
0	11.431000	0.660870	379.750000	314.750000
1	11.462000	0.810290	381.156250	319.093750
1	11.509000	0.800000	381.000000	318.500000
1	11.540000	0.814638	381.718750	318.468750
1	11.571000	0.835507	381.406250	317.993713
1	11.602000	0.791159	381.368744	317.668732
1	11.634000	0.807246	380.987488	317.612488
1	11.665000	0.817101	380.762512	317.362488
1	11.696000	0.827246	381.274994	318.524994
1	11.743000	0.800000	381.000000	318.500000
1	11.774000	0.829420	380.931244	318.881256
1	11.805000	0.783768	381.225006	318.600006
1	11.836000	0.796667	380.881256	318.056244
0	11.868000	0.753623	379.500000	317.000000
1	11.899000	0.808116	380.812500	317.200012
1	11.930000	0.778116	380.193756	316.806244
1	11.961000	0.788116	380.087494	316.787506
1	12.008000	0.814638	380.468750	318.281250
0	12.039000	0.663623	379.968750	316.218750
1	12.070000	0.637101	378.850006	315.475006
1	12.102000	0.787101	380.806244	317.681244
1	12.133000	0.810290	381.218750	318.643738
1	12.164000	0.800000	380.500000	317.000000
0	12.195000	0.682029	379.937500	315.437500
1	12.242000	0.810290	381.343750	317.906250
1	12.273000	0.811884	380.712494	318.337494
0	12.304000	0.695652	380.000000	317.500000
1	12.336000	0.816232	380.837494	319.112518
1	12.367000	0.813623	380.737488	319.312500
1	12.398000	0.796812	380.962494	318.037506
1	12.429000	0.614203	379.387329	315.537537
0	12.476000	0.738551	379.987488	317.500000
1	12.507000	0.622464	379.606262	315.293762
0	12.538000	0.633768	379.581238	315.881287
0	12.570000	0.659275	379.468750	316.468750
1	12.601000	0.812464	380.687500	319.737488
1	12.632000	0.801159	381.862457	320.024994
0	12.663000	0.685362	379.568787	316.531250
0	12.694000	0.637101	379.475006	316.100006
1	12.741000	0.833188	381.593750	318.593750
1	12.772000	0.800000	381.000000	318.500000
1	12.804000	0.783188	381.250000	318.750000
0	12.835000	0.599275	379.356232	315.318878
0	12.866000	0.684203	379.518738	317.281250
0	12.897000	0.642029	379.750000	316.000000
1	12.928000	0.788551	381.293762	319.093750
1	12.975000	0.822319	381.812500	319.450012
0	13.006000	0.707246	381.000000	316.500000
1	13.038000	0.800000	381.500000	319.000000
0	13.069000	0.690145	380.587494	317.412506
0	13.100000	0.672754	379.337494	317.837494
1	13.131000	0.805942	380.156250	319.406250
0	13.162000	0.670725	380.350006	317.350006
1	13.209000	0.805507	380.837494	321.162506
0	13.240000	0.682029	379.687500	317.062500
1	13.272000	0.813623	381.312500	319.312500
1	13.303000	0.792029	381.006226	318.481262
1	13.334000	0.810290	381.218750	318.906250
0	13.365000	0.672899	379.318756	317.318756
1	13.396000	0.795072	381.437500	320.000000
1	13.428000	0.814203	380.287506	319.662506
1	13.474000	0.801594	381.031250	320.968750
1	13.506000	0.820145	382.218750	319.781250
1	13.537000	0.809275	382.250000	320.250000
1	13.568000	0.816377	382.131256	319.368744
0	13.599000	0.689710	381.593750	316.843750
1	13.630000	0.775362	382.174988	319.687500
1	13.662000	0.783333	382.768738	318.843750
1	13.708000	0.786667	382.250061	320.000000
1	13.740000	0.800580	382.500000	321.000000
1	13.771000	0.776812	381.625000	319.875000
1	13.802000	0.814203	382.850006	321.287506
1	13.833000	0.793333	382.962494	319.987457
1	13.864000	0.801594	383.968750	320.518738
1	13.896000	0.796232	382.937500	319.462524
1	13.942000	0.815362	382.787506	319.712494
1	13.974000	0.753333	381.662506	318.662506
0	14.005000	0.672754	380.837494	317.337494
1	14.036000	0.834783	383.000000	320.500000
0	14.067000	0.637681	380.549988	317.062500
1	14.098000	0.818551	382.712494	319.350006
1	14.130000	0.832029	383.468750	320.031250
0	14.161000	0.615942	382.343750	314.656250
1	14.208000	0.833188	383.593750	318.593750
0	14.239000	0.718841	383.000000	317.500000
1	14.270000	0.834058	383.506226	320.018738
0	14.301000	0.655507	382.581238	317.668762
0	14.332000	0.689710	382.418762	317.593689
1	14.364000	0.733478	382.168732	318.268768
1	14.395000	0.824493	383.531250	319.281250
1	14.442000	0.824928	384.537506	319.725006
1	14.473000	0.822899	383.587494	319.587494
1	14.504000	0.767390	382.868835	317.668335
0	14.535000	0.592029	381.981232	315.356232
1	14.566000	0.814203	383.287506	320.662506
0	14.598000	0.649275	381.000000	317.500000
0	14.629000	0.703188	381.850006	318.100006
1	14.660000	0.800145	383.543732	320.131256
0	14.707000	0.570580	381.806244	315.931244
0	14.738000	0.708116	382.187500	318.187500
0	14.769000	0.660870	382.000000	315.500000
0	14.800000	0.689710	381.593750	317.093750
0	14.832000	0.654058	382.656250	316.343750
1	14.863000	0.814203	383.287506	319.100006
1	14.894000	0.796812	382.962494	320.712433
1	14.941000	0.794493	382.912506	320.637482
0	14.972000	0.690145	381.587494	317.975006
0	15.003000	0.540725	381.531250	315.468750
0	15.034000	0.559855	381.756256	314.943756
1	15.066000	0.782464	383.256256	318.943756
0	15.097000	0.604928	382.437500	315.562500
0	15.128000	0.595507	382.056244	315.556244
1	15.159000	0.774058	383.631256	319.168732
0	15.206000	0.681014	382.531250	317.781250
0	15.237000	0.692899	382.406250	317.031250
1	15.268000	0.846377	382.000000	319.500000
0	15.300000	0.588116	382.024994	315.287506
0	15.331000	0.724347	383.474792	317.337219
1	15.362000	0.833768	384.568756	319.993744
1	15.393000	0.809855	383.600006	318.787506
1	15.440000	0.826667	384.500000	319.500000
0	15.471000	0.591304	381.500000	316.000000
0	15.502000	0.711884	382.899933	317.899994
1	15.534000	0.775942	382.149994	320.774994
0	15.565000	0.756667	382.493744	319.506256
1	15.596000	0.782609	383.500000	320.000000
0	15.627000	0.672899	382.818756	317.381256
0	15.674000	0.601159	381.649994	316.524994
0	15.705000	0.648985	382.662506	317.662506
0	15.736000	0.666667	383.500000	318.000000
0	15.768000	0.722319	383.000000	318.375000
0	15.799000	0.644203	383.981262	317.906250
1	15.830000	0.800725	383.518738	320.518738
0	15.861000	0.631594	381.850006	317.412506
0	15.892000	0.609710	381.793823	316.268738
1	15.939000	0.829855	384.500000	319.500000
0	15.970000	0.588551	382.031250	315.968750
0	16.002000	0.570580	382.806244	314.931244
1	16.033000	0.794493	385.100006	319.024994
0	16.064000	0.575797	382.031219	314.806305
1	16.095000	0.776812	384.000000	319.500000
1	16.126000	0.822899	383.824982	320.212494
0	16.173000	0.648985	382.975006	316.024994
0	16.204000	0.618841	382.262512	315.762512
0	16.236000	0.672754	383.162506	316.837494
0	16.267000	0.709855	383.150116	317.187347
0	16.298000	0.550580	381.593750	315.093750
1	16.329000	0.852029	384.118744	319.806244
1	16.360000	0.796667	383.056244	318.931244
0	16.407000	0.615942	382.362488	316.362488
0	16.438000	0.616667	381.706238	316.393738
1	16.470000	0.829275	383.524994	320.037506
0	16.501000	0.637681	383.174988	315.825012
0	16.532000	0.550580	381.593750	314.968750
0	16.563000	0.590145	382.100006	315.024994
0	16.594000	0.665797	383.200012	316.237488
0	16.626000	0.642899	383.000000	316.500000
0	16.672000	0.616377	383.568756	316.256256
0	16.704000	0.552754	381.687500	315.000000
0	16.735000	0.568116	381.500000	315.000000
0	16.766000	0.572319	382.156250	315.156250
0	16.797000	0.703768	384.875000	317.250000
0	16.828000	0.633188	383.906250	315.906250
0	16.860000	0.651594	384.375000	315.875000
0	16.906000	0.643478	384.500000	315.500000
0	16.938000	0.642899	384.250000	315.625000
0	16.969000	0.605507	384.462494	315.537506
0	17.000000	0.624493	384.781250	315.781250
0	17.031000	0.596667	384.431244	315.606232
0	17.062000	0.651449	384.143738	315.856262
0	17.094000	0.605942	385.406250	315.531250
1	17.140000	0.783188	386.250000	318.737488
0	17.172000	0.682319	384.562500	314.500000
0	17.203000	0.586377	384.562500	314.062500
0	17.234000	0.612029	384.806244	314.618744
1	17.265000	0.654928	384.718750	316.093750
0	17.296000	0.672899	385.181244	315.818756
1	17.328000	0.568116	384.812500	314.187500
1	17.359000	0.839710	386.687500	318.937500
1	17.406000	0.646232	385.568848	315.656250
0	17.437000	0.651449	385.981262	315.143738
0	17.468000	0.587536	386.000000	314.312500
0	17.499000	0.579710	385.250000	314.750000
1	17.530000	0.823188	387.500000	319.000000
1	17.562000	0.568551	384.818756	315.068756
0	17.593000	0.643478	385.000000	317.000000
0	17.640000	0.570290	384.181274	315.793762
0	17.671000	0.559275	385.781250	314.968750
0	17.702000	0.653333	385.100006	315.100006
1	17.733000	0.540145	384.493744	315.493744
1	17.764000	0.834783	388.000000	319.500000
1	17.796000	0.801594	388.031250	319.518738
0	17.827000	0.576667	385.031250	316.031250
0	17.874000	0.573913	384.875000	316.125000
0	17.905000	0.521739	384.000000	317.500000
0	17.936000	0.540290	384.475006	317.274994
0	17.967000	0.521739	384.500000	316.000000
0	17.998000	0.596232	386.062500	316.437500
1	18.030000	0.573913	385.187500	315.812500
0	18.061000	0.540145	385.256256	316.493744
0	18.092000	0.618406	385.731232	317.318756
0	18.139000	0.579420	385.037506	318.162506
0	18.170000	0.570580	385.118744	317.931244
0	18.201000	0.651015	385.387482	319.350006
1	18.232000	0.540290	384.725006	317.475006
0	18.264000	0.568406	385.087494	317.087494
0	18.295000	0.549420	385.406250	316.831238
0	18.326000	0.539710	384.500000	316.500000
0	18.373000	0.614638	386.656250	317.656250
0	18.404000	0.347826	271.306915	370.193085
0	18.435000	0.347826	315.306915	362.193085
0	18.466000	0.540145	386.743744	317.743744
0	18.498000	0.347826	343.443756	334.056244
0	18.529000	0.601015	387.493744	317.668732
0	18.560000	0.620290	387.281250	318.406250
1	18.591000	0.522319	385.250000	317.312500
0	18.638000	0.540290	385.524994	317.274994
1	18.669000	0.521739	385.000000	316.500000
0	18.700000	0.564203	386.006256	317.131256
0	18.732000	0.568551	387.181244	317.068756
1	18.763000	0.560290	386.937500	317.062500
0	18.794000	0.347826	263.306915	374.000000
0	18.825000	0.607536	387.475006	317.412506
0	18.872000	0.637536	387.031250	318.093750
1	18.903000	0.559420	386.074951	317.037476
0	18.934000	0.583333	386.093750	316.231262
0	18.966000	0.586232	388.668762	317.081238
1	18.997000	0.545072	386.543762	316.543762
0	19.028000	0.616667	386.293762	316.718750
0	19.059000	0.540290	385.524994	317.274994
0	19.106000	0.560725	386.068726	317.018738
0	19.137000	0.347826	275.306915	374.000000
1	19.168000	0.539710	386.500000	316.750000
0	19.200000	0.640145	387.568756	317.006256
0	19.231000	0.540725	385.718750	316.468750
0	19.262000	0.660870	390.000000	319.500000
1	19.293000	0.523333	385.481293	315.531219
0	19.324000	0.347826	275.306915	374.000000
0	19.371000	0.579710	387.075012	316.924988
0	19.402000	0.612463	387.625183	317.387390
0	19.434000	0.540145	386.743744	317.493744
0	19.465000	0.577246	387.131256	317.193756
0	19.496000	0.347826	263.306915	374.000000
0	19.527000	0.510145	386.500000	316.000000
0	19.558000	0.550870	385.806519	316.243835
0	19.605000	0.596812	387.399994	317.412506
0	19.636000	0.573188	387.793762	316.843750
0	19.668000	0.347826	295.306915	366.193085
0	19.699000	0.347826	287.306915	374.000000
0	19.730000	0.347826	263.306915	374.000000
0	19.761000	0.548841	386.618744	316.868744
1	19.792000	0.548985	386.912506	316.600006
0	19.839000	0.649275	389.000000	317.500000
0	19.870000	0.616812	388.687500	317.562500
0	19.902000	0.347826	267.306915	370.193085
0	19.933000	0.347826	279.306915	374.000000
0	19.964000	0.575507	388.343750	317.156250
1	19.995000	0.787536	389.674988	321.937500
0	20.026000	0.522899	387.524994	317.225006
0	20.058000	0.347826	299.306915	362.193085
1	20.104000	0.503188	385.725006	317.274994
0	20.136000	0.614493	389.000000	317.500000
1	20.167000	0.781449	389.725006	320.887482
0	20.198000	0.556522	386.000000	315.500000
0	20.229000	0.513623	386.125000	316.125000
0	20.260000	0.614493	387.000000	314.500000
1	20.292000	0.556522	387.000000	316.500000
0	20.338000	0.568406	387.087494	317.199982
0	20.370000	0.571159	387.781250	316.906250
0	20.401000	0.347826	271.306915	374.000000
0	20.432000	0.347826	279.306915	374.000000
0	20.463000	0.538551	387.474854	316.474915
0	20.494000	0.529275	387.600006	316.475006
0	20.526000	0.556522	388.500000	317.000000
0	20.572000	0.347826	263.306915	374.000000
0	20.604000	0.565797	387.875000	317.125000
0	20.635000	0.347826	259.306915	374.000000
0	20.666000	0.347826	263.306915	374.000000
1	20.697000	0.608696	389.375000	317.625000
0	20.728000	0.347826	279.306915	366.193085
0	20.760000	0.621884	390.256256	318.318756
1	20.791000	0.512754	387.412506	317.137482
0	20.838000	0.347826	287.306915	358.193085
0	20.869000	0.347826	372.556244	300.818756
0	20.900000	0.347826	259.306915	374.000000
0	20.931000	0.347826	271.306915	370.193085
0	20.962000	0.347826	263.306915	370.193085
1	20.994000	0.815797	391.281250	322.718750
0	21.025000	0.347826	271.306915	370.193085
0	21.072000	0.347826	259.306915	374.000000
0	21.103000	0.618841	390.737488	318.737488
0	21.134000	0.592464	390.274994	317.225006
0	21.165000	0.347826	283.306915	366.193085
0	21.196000	0.347826	271.306915	374.000000
0	21.228000	0.673333	391.187500	318.812500
0	21.259000	0.347826	259.306915	374.000000
0	21.290000	0.347826	291.306915	366.193085
0	21.337000	0.347826	263.306915	370.193085
0	21.368000	0.347826	287.306915	374.000000
0	21.399000	0.573333	390.500000	317.187500
0	21.430000	0.347826	299.306915	370.193085
0	21.462000	0.347826	259.306915	374.000000
0	21.493000	0.347826	275.306915	374.000000
0	21.524000	0.347826	287.306915	374.000000
0	21.571000	0.347826	275.306915	366.193085
0	21.602000	0.347826	275.306915	374.000000
0	21.633000	0.347826	263.306915	374.000000
0	21.664000	0.347826	319.306915	350.193085
0	21.696000	0.347826	283.306915	374.000000
0	21.727000	0.347826	259.306915	374.000000
0	21.758000	0.635507	393.793762	320.893738
0	21.805000	0.614203	391.725006	318.774994
0	21.836000	0.610145	392.237488	319.625000
0	21.867000	0.347826	259.306915	374.000000
0	21.898000	0.347826	267.306915	370.193085
0	21.930000	0.347826	291.306915	370.193085
0	21.961000	0.347826	259.306915	374.000000
0	21.992000	0.347826	295.306915	370.193085
0	22.023000	0.347826	259.306915	374.000000
0	22.070000	0.347826	271.306915	374.000000
1	22.101000	0.792319	393.006256	322.993744
0	22.132000	0.597246	390.406250	319.593750
0	22.164000	0.347826	287.306915	374.000000
0	22.195000	0.347826	299.306915	358.193085
1	22.226000	0.827246	393.475006	323.475006
0	22.257000	0.347826	283.306915	374.000000
0	22.304000	0.672899	392.181244	319.381256
0	22.335000	0.347826	287.306915	374.000000
0	22.366000	0.651594	391.887512	318.625000
1	22.398000	0.831015	393.562500	320.562500
0	22.429000	0.576377	391.868744	316.181244
1	22.460000	0.801015	393.006256	321.543732
0	22.491000	0.626087	391.500000	317.000000
1	22.522000	0.811594	393.500000	322.000000
0	22.569000	0.347826	291.306915	374.000000
0	22.600000	0.347826	271.306915	374.000000
0	22.632000	0.651159	393.331268	317.318756
0	22.663000	0.347826	299.306915	366.193085
0	22.694000	0.347826	287.306915	374.000000
0	22.725000	0.347826	311.306915	366.193085
0	22.756000	0.663768	392.549988	317.287354
0	22.803000	0.594203	394.250000	316.000000
0	22.834000	0.347826	331.306915	346.193085
0	22.866000	0.585362	393.093750	314.031250
0	22.897000	0.347826	291.306915	370.193085
0	22.928000	0.347826	275.306915	374.000000
0	22.959000	0.347826	283.306915	370.193085
0	22.990000	0.574203	392.837463	312.112488
1	23.037000	0.783333	394.768738	315.843750
0	23.068000	0.347826	283.306915	370.193085
0	23.100000	0.347826	263.306915	374.000000
0	23.131000	0.347826	299.306915	366.193085
0	23.162000	0.623188	393.500000	313.750000
1	23.193000	0.615942	392.512512	312.362488
0	23.224000	0.634203	394.750000	312.875000
0	23.256000	0.347826	271.306915	374.000000
0	23.302000	0.347826	271.306915	374.000000
0	23.334000	0.347826	279.306915	374.000000
0	23.365000	0.347826	279.306915	374.000000
0	23.396000	0.347826	267.306915	370.193085
0	23.427000	0.503188	390.024994	313.725006
0	23.458000	0.347826	295.306915	370.193085
1	23.490000	0.796667	394.056244	318.506256
0	23.536000	0.574928	390.993744	314.743744
0	23.568000	0.347826	279.306915	374.000000
0	23.599000	0.612029	392.806244	315.806244
1	23.630000	0.816812	393.250000	319.250000
0	23.661000	0.555362	390.975006	315.024994
0	23.692000	0.540725	388.468750	315.531250
0	23.724000	0.347826	283.306915	374.000000
0	23.770000	0.347826	271.306915	374.000000
0	23.802000	0.347826	283.306915	374.000000
0	23.833000	0.531594	389.412506	314.350006
0	23.864000	0.662319	391.781250	315.218750
0	23.895000	0.347826	287.306915	370.193085
0	23.926000	0.650580	390.093750	316.156250
0	23.958000	0.347826	360.493744	312.243744
0	23.989000	0.578406	390.306244	316.193756
0	24.036000	0.578985	389.706238	315.831238
0	24.067000	0.347826	279.306915	374.000000
0	24.098000	0.347826	287.306915	370.193085
0	24.129000	0.347826	291.306915	370.193085
1	24.160000	0.805797	391.500000	319.000000
0	24.192000	0.522319	387.500000	315.500000
0	24.223000	0.572899	389.131256	316.131256
0	24.270000	0.528841	387.643738	315.393738
0	24.301000	0.548841	388.918732	313.618744
1	24.332000	0.816377	391.868744	318.306244
0	24.363000	0.647681	390.418732	314.956268
0	24.394000	0.620145	390.606262	313.468750
0	24.426000	0.690725	392.562500	315.562500
0	24.457000	0.745362	391.706360	314.418701
0	24.504000	0.347826	348.506378	333.806183
0	24.535000	0.347826	283.306915	374.000000
0	24.566000	0.575507	388.968750	314.156250
0	24.597000	0.722899	391.350006	316.350006
0	24.628000	0.671159	390.281250	314.343750
0	24.660000	0.603188	389.537506	313.524994
0	24.691000	0.567971	388.906250	313.093750
1	24.722000	0.831594	390.537506	317.537506
0	24.769000	0.574928	387.993744	313.868744
0	24.800000	0.347826	279.306915	374.000000
0	24.831000	0.566377	387.962494	314.087494
0	24.862000	0.684058	390.750000	316.250000
0	24.894000	0.347826	299.306915	366.193085
1	24.925000	0.539130	387.500000	314.000000
1	24.956000	0.829855	391.500000	319.500000
0	25.003000	0.568116	390.000000	314.500000
1	25.034000	0.834783	391.750000	318.750000
0	25.065000	0.347826	283.306915	374.000000
0	25.096000	0.692464	390.399994	317.037506
1	25.128000	0.671159	388.656250	316.818787
1	25.159000	0.809710	389.881256	320.243744
1	25.190000	0.602754	387.656250	315.406250
0	25.237000	0.663623	388.281250	314.768738
0	25.268000	0.643478	388.500000	314.000000
0	25.299000	0.591884	386.500000	313.500000
0	25.330000	0.616812	387.562500	314.437500
0	25.362000	0.612029	386.806244	314.756256
0	25.393000	0.557536	385.318756	315.743744
0	25.424000	0.648406	387.000000	315.312500
0	25.455000	0.615362	386.462494	316.337494
0	25.502000	0.568406	385.899994	315.912506
0	25.533000	0.649275	387.000000	316.500000
0	25.564000	0.608696	386.375000	315.375000
0	25.596000	0.631884	385.500000	317.000000
1	25.627000	0.592319	384.443756	317.243744
0	25.658000	0.601594	384.406250	318.343750
0	25.689000	0.578406	384.193756	317.881256
0	25.736000	0.624493	384.781250	317.968750
0	25.767000	0.544928	384.000000	316.500000
0	25.798000	0.597246	385.581238	317.406250
0	25.830000	0.347826	279.306915	374.000000
0	25.861000	0.618405	387.556061	318.618439
0	25.892000	0.605942	384.468750	318.468750
0	25.923000	0.347826	350.318756	325.993744
0	25.954000	0.671159	384.281250	319.656250
0	26.001000	0.603333	383.506256	319.506256
0	26.032000	0.662464	384.518738	320.268738
0	26.064000	0.670580	382.318756	318.631256
0	26.095000	0.539710	385.125000	318.500000
0	26.126000	0.648261	383.343750	318.381226
0	26.157000	0.644203	383.768738	318.906250
1	26.188000	0.842898	384.500000	321.875000
0	26.235000	0.695797	382.993744	319.981232
0	26.266000	0.659275	382.468750	319.781250
0	26.298000	0.655072	383.000000	319.000000
0	26.329000	0.579710	381.750000	316.250000
0	26.360000	0.634928	383.818756	317.931244
0	26.391000	0.670725	383.350006	318.350006
0	26.422000	0.672464	385.000000	317.500000
1	26.454000	0.831594	386.537506	321.537506
0	26.500000	0.664203	384.756256	318.193756
0	26.532000	0.637681	384.549988	317.062500
0	26.563000	0.540145	385.493744	316.493744
0	26.594000	0.579275	386.568756	317.181244
0	26.625000	0.601159	384.100006	317.850006
0	26.656000	0.636377	386.156250	317.843750
0	26.688000	0.591304	385.500000	317.000000
0	26.734000	0.588116	384.975006	317.287506
0	26.766000	0.591304	384.000000	317.500000
0	26.797000	0.577101	384.662506	317.324982
0	26.828000	0.347826	363.006500	313.656342
0	26.859000	0.602899	383.750000	317.750000
0	26.890000	0.601594	384.656250	318.531250
1	26.922000	0.605362	384.568756	317.443756
0	26.968000	0.640725	386.481262	316.643738
1	27.000000	0.883623	388.256256	322.006256
1	27.031000	0.574928	385.993744	316.993744
0	27.062000	0.690725	388.437500	317.562500
0	27.093000	0.625072	386.643768	316.681244
0	27.124000	0.628116	386.212494	316.362518
0	27.156000	0.615942	384.750000	316.362488
0	27.187000	0.581449	385.725006	315.850006
0	27.234000	0.636377	386.093750	316.531250
0	27.265000	0.672464	384.250000	316.750000
0	27.296000	0.622754	384.681244	315.493744
0	27.327000	0.672319	386.843750	316.843750
0	27.358000	0.670290	384.343750	316.668762
0	27.390000	0.660870	384.625000	316.375000
0	27.421000	0.592029	385.106262	315.231262
0	27.468000	0.642464	385.993744	315.506256
1	27.499000	0.933623	388.037506	319.649994
0	27.530000	0.722899	386.149994	316.024994
0	27.561000	0.591304	384.000000	315.500000
0	27.592000	0.649275	386.000000	316.500000
0	27.624000	0.750580	387.406250	316.468750
1	27.655000	0.605942	385.218750	315.468750
0	27.702000	0.707536	386.837494	314.837494
0	27.733000	0.663623	386.218750	314.218750
0	27.764000	0.646667	386.287506	312.912506
1	27.795000	0.666812	384.718750	312.718750
0	27.826000	0.796812	386.037506	315.912506
0	27.858000	0.664058	386.212494	314.225006
0	27.889000	0.598551	385.937622	314.087585
0	27.920000	0.684058	388.000000	315.500000
0	27.967000	0.597536	386.318756	314.256256
0	27.998000	0.611594	385.500000	313.575012
1	28.029000	0.907246	387.750000	318.500000
0	28.060000	0.644203	385.731262	314.018738
1	28.092000	0.915942	387.875000	318.375000
0	28.123000	0.672899	385.818756	313.318756
1	28.154000	0.870290	388.743713	320.131226
0	28.201000	0.596812	384.962494	314.412506
0	28.232000	0.626087	389.000000	314.500000
0	28.263000	0.621159	386.687500	314.262512
0	28.294000	0.681594	387.443756	314.756256
0	28.326000	0.568551	385.931244	313.118744
0	28.357000	0.672899	388.318756	314.818756
0	28.388000	0.670145	388.362488	314.312500
0	28.435000	0.626087	387.000000	314.500000
1	28.466000	0.869565	389.250000	320.250000
1	28.497000	0.539710	385.750000	315.250000
0	28.528000	0.685072	388.506287	315.968811
0	28.560000	0.347826	267.306915	374.000000
0	28.591000	0.628406	388.725006	315.162506
0	28.622000	0.605507	388.412506	315.537506
0	28.653000	0.628985	387.299988	315.700012
0	28.700000	0.678261	389.500000	317.000000
0	28.731000	0.567971	386.156250	316.093750
0	28.762000	0.562464	386.968750	315.781250
1	28.794000	0.560290	385.937500	315.774963
1	28.825000	0.684638	388.987518	316.475006
0	28.856000	0.648406	389.312500	316.187500
0	28.887000	0.581159	387.137512	315.137512
0	28.934000	0.660870	388.750000	316.250000
0	28.965000	0.672319	389.156250	315.906250
0	28.996000	0.634203	388.562500	315.875000
0	29.028000	0.660870	389.000000	316.500000
0	29.059000	0.568116	387.000000	314.500000
0	29.090000	0.347826	279.306915	374.000000
0	29.121000	0.347826	283.306915	374.000000
0	29.168000	0.533768	386.631226	313.668762
0	29.199000	0.574493	386.299988	314.875000
1	29.230000	0.645362	389.018738	316.031250
0	29.262000	0.503333	386.256256	315.956268
0	29.293000	0.660870	390.000000	315.500000
0	29.324000	0.545072	387.456238	316.543762
0	29.355000	0.621015	388.456238	316.656250
1	29.386000	0.861449	391.000000	321.000000
0	29.433000	0.549420	388.593750	314.593750
0	29.464000	0.695652	392.000000	317.500000
0	29.496000	0.579275	390.056244	316.181244
0	29.527000	0.672319	391.843750	317.343750
0	29.558000	0.522319	388.500000	315.500000
0	29.589000	0.347826	358.943756	316.993744
0	29.620000	0.670725	392.212494	319.350006
0	29.667000	0.347826	295.306915	370.193085
0	29.698000	0.564638	389.750000	317.000000
0	29.730000	0.347826	283.306915	362.193085
0	29.761000	0.660870	391.250000	317.250000
0	29.792000	0.347826	283.306915	374.000000
0	29.823000	0.558116	388.018646	316.031158
0	29.854000	0.637681	390.500000	316.000000
0	29.901000	0.638116	390.056244	317.568756
0	29.932000	0.566812	388.843750	316.093750
0	29.964000	0.546812	388.068756	315.568756
0	29.995000	0.347826	275.306915	374.000000
<\RIGHT-PUPIL-DATA>
<LEFT-PUPIL-DATA>
903	0
0	-0.051000	13.913043	240.000000	320.000000
0	-0.020000	13.913043	240.000000	320.000000
0	0.011000	13.913043	240.000000	320.000000
0	0.043000	13.913043	240.000000	320.000000
0	0.074000	13.913043	240.000000	320.000000
0	0.105000	13.913043	240.000000	320.000000
0	0.152000	13.913043	240.000000	320.000000
0	0.183000	13.913043	240.000000	320.000000
0	0.214000	13.913043	240.000000	320.000000
0	0.245000	13.913043	240.000000	320.000000
0	0.277000	13.913043	240.000000	320.000000
0	0.308000	13.913043	240.000000	320.000000
0	0.339000	13.913043	240.000000	320.000000
0	0.386000	13.913043	240.000000	320.000000
0	0.417000	13.913043	240.000000	320.000000
0	0.448000	13.913043	240.000000	320.000000
0	0.479000	13.913043	240.000000	320.000000
0	0.511000	13.913043	240.000000	320.000000
0	0.542000	13.913043	240.000000	320.000000
0	0.573000	13.913043	240.000000	320.000000
0	0.604000	13.913043	240.000000	320.000000
0	0.651000	13.913043	240.000000	320.000000
0	0.682000	13.913043	240.000000	320.000000
0	0.713000	13.913043	240.000000	320.000000
0	0.745000	13.913043	240.000000	320.000000
0	0.776000	13.913043	240.000000	320.000000
0	0.807000	13.913043	240.000000	320.000000
0	0.838000	13.913043	240.000000	320.000000
0	0.885000	13.913043	240.000000	320.000000
0	0.916000	13.913043	240.000000	320.000000
0	0.947000	13.913043	240.000000	320.000000
0	0.979000	13.913043	240.000000	320.000000
0	1.010000	13.913043	240.000000	320.000000
0	1.041000	13.913043	240.000000	320.000000
0	1.072000	13.913043	240.000000	320.000000
0	1.103000	13.913043	240.000000	320.000000
0	1.150000	13.913043	240.000000	320.000000
0	1.181000	13.913043	240.000000	320.000000
0	1.213000	13.913043	240.000000	320.000000
0	1.244000	13.913043	240.000000	320.000000
0	1.275000	13.913043	240.000000	320.000000
0	1.306000	13.913043	240.000000	320.000000
0	1.337000	13.913043	240.000000	320.000000
0	1.384000	13.913043	240.000000	320.000000
0	1.415000	13.913043	240.000000	320.000000
0	1.447000	13.913043	240.000000	320.000000
0	1.478000	13.913043	240.000000	320.000000
0	1.509000	13.913043	240.000000	320.000000
0	1.540000	13.913043	240.000000	320.000000
0	1.571000	13.913043	240.000000	320.000000
0	1.618000	13.913043	240.000000	320.000000
0	1.649000	13.913043	240.000000	320.000000
0	1.681000	13.913043	240.000000	320.000000
0	1.712000	13.913043	240.000000	320.000000
0	1.743000	13.913043	240.000000	320.000000
0	1.774000	13.913043	240.000000	320.000000
0	1.805000	13.913043	240.000000	320.000000
0	1.837000	13.913043	240.000000	320.000000
0	1.883000	13.913043	240.000000	320.000000
0	1.915000	13.913043	240.000000	320.000000
0	1.946000	13.913043	240.000000	320.000000
0	1.977000	13.913043	240.000000	320.000000
0	2.008000	13.913043	240.000000	320.000000
0	2.039000	13.913043	240.000000	320.000000
0	2.071000	13.913043	240.000000	320.000000
0	2.117000	13.913043	240.000000	320.000000
0	2.149000	13.913043	240.000000	320.000000
0	2.180000	13.913043	240.000000	320.000000
0	2.211000	13.913043	240.000000	320.000000
0	2.242000	13.913043	240.000000	320.000000
0	2.273000	13.913043	240.000000	320.000000
0	2.305000	13.913043	240.000000	320.000000
0	2.351000	13.913043	240.000000	320.000000
0	2.383000	13.913043	240.000000	320.000000
0	2.414000	13.913043	240.000000	320.000000
0	2.445000	13.913043	240.000000	320.000000
0	2.476000	13.913043	240.000000	320.000000
0	2.507000	13.913043	240.000000	320.000000
0	2.539000	13.913043	240.000000	320.000000
0	2.570000	13.913043	240.000000	320.000000
0	2.617000	13.913043	240.000000	320.000000
0	2.648000	13.913043	240.000000	320.000000
0	2.679000	13.913043	240.000000	320.000000
0	2.710000	13.913043	240.000000	320.000000
0	2.741000	13.913043	240.000000	320.000000
0	2.773000	13.913043	240.000000	320.000000
0	2.804000	13.913043	240.000000	320.000000
0	2.851000	13.913043	240.000000	320.000000
0	2.882000	13.913043	240.000000	320.000000
0	2.913000	13.913043	240.000000	320.000000
0	2.944000	13.913043	240.000000	320.000000
0	2.975000	13.913043	240.000000	320.000000
0	3.007000	13.913043	240.000000	320.000000
0	3.038000	13.913043	240.000000	320.000000
0	3.085000	13.913043	240.000000	320.000000
0	3.116000	13.913043	240.000000	320.000000
0	3.147000	13.913043	240.000000	320.000000
0	3.178000	13.913043	240.000000	320.000000
0	3.209000	13.913043	240.000000	320.000000
0	3.241000	13.913043	240.000000	320.000000
0	3.272000	13.913043	240.000000	320.000000
0	3.303000	13.913043	240.000000	320.000000
0	3.350000	13.913043	240.000000	320.000000
0	3.381000	13.913043	240.000000	320.000000
0	3.412000	13.913043	240.000000	320.000000
0	3.443000	13.913043	240.000000	320.000000
0	3.475000	13.913043	240.000000	320.000000
0	3.506000	13.913043	240.000000	320.000000
0	3.537000	13.913043	240.000000	320.000000
0	3.584000	13.913043	240.000000	320.000000
0	3.615000	13.913043	240.000000	320.000000
0	3.646000	13.913043	240.000000	320.000000
0	3.677000	13.913043	240.000000	320.000000
0	3.709000	13.913043	240.000000	320.000000
0	3.740000	13.913043	240.000000	320.000000
0	3.771000	13.913043	240.000000	320.000000
0	3.818000	13.913043	240.000000	320.000000
0	3.849000	13.913043	240.000000	320.000000
0	3.880000	13.913043	240.000000	320.000000
0	3.911000	13.913043	240.000000	320.000000
0	3.943000	13.913043	240.000000	320.000000
0	3.974000	13.913043	240.000000	320.000000
0	4.005000	13.913043	240.000000	320.000000
0	4.036000	13.913043	240.000000	320.000000
0	4.083000	13.913043	240.000000	320.000000
0	4.114000	13.913043	240.000000	320.000000
0	4.145000	13.913043	240.000000	320.000000
0	4.177000	13.913043	240.000000	320.000000
0	4.208000	13.913043	240.000000	320.000000
0	4.239000	13.913043	240.000000	320.000000
0	4.270000	13.913043	240.000000	320.000000
0	4.317000	13.913043	240.000000	320.000000
0	4.348000	13.913043	240.000000	320.000000
0	4.379000	13.913043	240.000000	320.000000
0	4.411000	13.913043	240.000000	320.000000
0	4.442000	13.913043	240.000000	320.000000
0	4.473000	13.913043	240.000000	320.000000
0	4.504000	13.913043	240.000000	320.000000
0	4.535000	13.913043	240.000000	320.000000
0	4.582000	13.913043	240.000000	320.000000
0	4.613000	13.913043	240.000000	320.000000
0	4.645000	13.913043	240.000000	320.000000
0	4.676000	13.913043	240.000000	320.000000
0	4.707000	13.913043	240.000000	320.000000
0	4.738000	13.913043	240.000000	320.000000
0	4.769000	13.913043	240.000000	320.000000
0	4.816000	13.913043	240.000000	320.000000
0	4.847000	13.913043	240.000000	320.000000
0	4.879000	13.913043	240.000000	320.000000
0	4.910000	13.913043	240.000000	320.000000
0	4.941000	13.913043	240.000000	320.000000
0	4.972000	13.913043	240.000000	320.000000
0	5.003000	13.913043	240.000000	320.000000
0	5.050000	13.913043	240.000000	320.000000
0	5.081000	13.913043	240.000000	320.000000
0	5.113000	13.913043	240.000000	320.000000
0	5.144000	13.913043	240.000000	320.000000
0	5.175000	13.913043	240.000000	320.000000
0	5.206000	13.913043	240.000000	320.000000
0	5.237000	13.913043	240.000000	320.000000
0	5.269000	13.913043	240.000000	320.000000
0	5.315000	13.913043	240.000000	320.000000
0	5.347000	13.913043	240.000000	320.000000
0	5.378000	13.913043	240.000000	320.000000
0	5.409000	13.913043	240.000000	320.000000
0	5.440000	13.913043	240.000000	320.000000
0	5.471000	13.913043	240.000000	320.000000
0	5.503000	13.913043	240.000000	320.000000
0	5.549000	13.913043	240.000000	320.000000
0	5.581000	13.913043	240.000000	320.000000
0	5.612000	13.913043	240.000000	320.000000
0	5.643000	13.913043	240.000000	320.000000
0	5.674000	13.913043	240.000000	320.000000
0	5.705000	13.913043	240.000000	320.000000
0	5.737000	13.913043	240.000000	320.000000
0	5.783000	13.913043	240.000000	320.000000
0	5.815000	13.913043	240.000000	320.000000
0	5.846000	13.913043	240.000000	320.000000
0	5.877000	13.913043	240.000000	320.000000
0	5.908000	13.913043	240.000000	320.000000
0	5.939000	13.913043	240.000000	320.000000
0	5.971000	13.913043	240.000000	320.000000
0	6.002000	13.913043	240.000000	320.000000
0	6.049000	13.913043	240.000000	320.000000
0	6.080000	13.913043	240.000000	320.000000
0	6.111000	13.913043	240.000000	320.000000
0	6.142000	13.913043	240.000000	320.000000
0	6.173000	13.913043	240.000000	320.000000
0	6.205000	13.913043	240.000000	320.000000
0	6.236000	13.913043	240.000000	320.000000
0	6.283000	13.913043	240.000000	320.000000
0	6.314000	13.913043	240.000000	320.000000
0	6.345000	13.913043	240.000000	320.000000
0	6.376000	13.913043	240.000000	320.000000
0	6.407000	13.913043	240.000000	320.000000
0	6.439000	13.913043	240.000000	320.000000
0	6.470000	13.913043	240.000000	320.000000
0	6.501000	13.913043	240.000000	320.000000
0	6.548000	13.913043	240.000000	320.000000
0	6.579000	13.913043	240.000000	320.000000
0	6.610000	13.913043	240.000000	320.000000
0	6.641000	13.913043	240.000000	320.000000
0	6.673000	13.913043	240.000000	320.000000
0	6.704000	13.913043	240.000000	320.000000
0	6.735000	13.913043	240.000000	320.000000
0	6.782000	13.913043	240.000000	320.000000
0	6.813000	13.913043	240.000000	320.000000
0	6.844000	13.913043	240.000000	320.000000
0	6.875000	13.913043	240.000000	320.000000
0	6.907000	13.913043	240.000000	320.000000
0	6.938000	13.913043	240.000000	320.000000
0	6.969000	13.913043	240.000000	320.000000
0	7.016000	13.913043	240.000000	320.000000
0	7.047000	13.913043	240.000000	320.000000
0	7.078000	13.913043	240.000000	320.000000
0	7.109000	13.913043	240.000000	320.000000
0	7.141000	13.913043	240.000000	320.000000
0	7.172000	13.913043	240.000000	320.000000
0	7.203000	13.913043	240.000000	320.000000
0	7.234000	13.913043	240.000000	320.000000
0	7.281000	13.913043	240.000000	320.000000
0	7.312000	13.913043	240.000000	320.000000
0	7.343000	13.913043	240.000000	320.000000
0	7.375000	13.913043	240.000000	320.000000
0	7.406000	13.913043	240.000000	320.000000
0	7.437000	13.913043	240.000000	320.000000
0	7.468000	13.913043	240.000000	320.000000
0	7.515000	13.913043	240.000000	320.000000
0	7.546000	13.913043	240.000000	320.000000
0	7.577000	13.913043	240.000000	320.000000
0	7.609000	13.913043	240.000000	320.000000
0	7.640000	13.913043	240.000000	320.000000
0	7.671000	13.913043	240.000000	320.000000
0	7.702000	13.913043	240.000000	320.000000
0	7.749000	13.913043	240.000000	320.000000
0	7.780000	13.913043	240.000000	320.000000
0	7.811000	13.913043	240.000000	320.000000
0	7.843000	13.913043	240.000000	320.000000
0	7.874000	13.913043	240.000000	320.000000
0	7.905000	13.913043	240.000000	320.000000
0	7.936000	13.913043	240.000000	320.000000
0	7.967000	13.913043	240.000000	320.000000
0	8.014000	13.913043	240.000000	320.000000
0	8.045000	13.913043	240.000000	320.000000
0	8.077000	13.913043	240.000000	320.000000
0	8.108000	13.913043	240.000000	320.000000
0	8.139000	13.913043	240.000000	320.000000
0	8.170000	13.913043	240.000000	320.000000
0	8.201000	13.913043	240.000000	320.000000
0	8.248000	13.913043	240.000000	320.000000
0	8.279000	13.913043	240.000000	320.000000
0	8.311000	13.913043	240.000000	320.000000
0	8.342000	13.913043	240.000000	320.000000
0	8.373000	13.913043	240.000000	320.000000
0	8.404000	13.913043	240.000000	320.000000
0	8.435000	13.913043	240.000000	320.000000
0	8.467000	13.913043	240.000000	320.000000
0	8.513000	13.913043	240.000000	320.000000
0	8.545000	13.913043	240.000000	320.000000
0	8.576000	13.913043	240.000000	320.000000
0	8.607000	13.913043	240.000000	320.000000
0	8.638000	13.913043	240.000000	320.000000
0	8.669000	13.913043	240.000000	320.000000
0	8.701000	13.913043	240.000000	320.000000
0	8.747000	13.913043	240.000000	320.000000
0	8.779000	13.913043	240.000000	320.000000
0	8.810000	13.913043	240.000000	320.000000
0	8.841000	13.913043	240.000000	320.000000
0	8.872000	13.913043	240.000000	320.000000
0	8.903000	13.913043	240.000000	320.000000
0	8.935000	13.913043	240.000000	320.000000
0	8.981000	13.913043	240.000000	320.000000
0	9.013000	13.913043	240.000000	320.000000
0	9.044000	13.913043	240.000000	320.000000
0	9.075000	13.913043	240.000000	320.000000
0	9.106000	13.913043	240.000000	320.000000
0	9.137000	13.913043	240.000000	320.000000
0	9.169000	13.913043	240.000000	320.000000
0	9.200000	13.913043	240.000000	320.000000
0	9.247000	13.913043	240.000000	320.000000
0	9.278000	13.913043	240.000000	320.000000
0	9.309000	13.913043	240.000000	320.000000
0	9.340000	13.913043	240.000000	320.000000
0	9.371000	13.913043	240.000000	320.000000
0	9.403000	13.913043	240.000000	320.000000
0	9.434000	13.913043	240.000000	320.000000
0	9.481000	13.913043	240.000000	320.000000
0	9.512000	13.913043	240.000000	320.000000
0	9.543000	13.913043	240.000000	320.000000
0	9.574000	13.913043	240.000000	320.000000
0	9.605000	13.913043	240.000000	320.000000
0	9.637000	13.913043	240.000000	320.000000
0	9.668000	13.913043	240.000000	320.000000
0	9.715000	13.913043	240.000000	320.000000
0	9.746000	13.913043	240.000000	320.000000
0	9.777000	13.913043	240.000000	320.000000
0	9.808000	13.913043	240.000000	320.000000
0	9.839000	13.913043	240.000000	320.000000
0	9.871000	13.913043	240.000000	320.000000
0	9.902000	13.913043	240.000000	320.000000
0	9.933000	13.913043	240.000000	320.000000
0	9.980000	13.913043	240.000000	320.000000
0	10.011000	13.913043	240.000000	320.000000
0	10.042000	13.913043	240.000000	320.000000
0	10.073000	13.913043	240.000000	320.000000
0	10.105000	13.913043	240.000000	320.000000
0	10.136000	13.913043	240.000000	320.000000
0	10.167000	13.913043	240.000000	320.000000
0	10.214000	13.913043	240.000000	320.000000
0	10.245000	13.913043	240.000000	320.000000
0	10.276000	13.913043	240.000000	320.000000
0	10.307000	13.913043	240.000000	320.000000
0	10.339000	13.913043	240.000000	320.000000
0	10.370000	13.913043	240.000000	320.000000
0	10.401000	13.913043	240.000000	320.000000
0	10.448000	13.913043	240.000000	320.000000
0	10.479000	13.913043	240.000000	320.000000
0	10.510000	13.913043	240.000000	320.000000
0	10.542000	13.913043	240.000000	320.000000
0	10.573000	13.913043	240.000000	320.000000
0	10.604000	13.913043	240.000000	320.000000
0	10.635000	13.913043	240.000000	320.000000
0	10.666000	13.913043	240.000000	320.000000
0	10.713000	13.913043	240.000000	320.000000
0	10.744000	13.913043	240.000000	320.000000
0	10.776000	13.913043	240.000000	320.000000
0	10.807000	13.913043	240.000000	320.000000
0	10.838000	13.913043	240.000000	320.000000
0	10.869000	13.913043	240.000000	320.000000
0	10.900000	13.913043	240.000000	320.000000
0	10.947000	13.913043	240.000000	320.000000
0	10.978000	13.913043	240.000000	320.000000
0	11.010000	13.913043	240.000000	320.000000
0	11.041000	13.913043	240.000000	320.000000
0	11.072000	13.913043	240.000000	320.000000
0	11.103000	13.913043	240.000000	320.000000
0	11.134000	13.913043	240.000000	320.000000
0	11.166000	13.913043	240.000000	320.000000
0	11.212000	13.913043	240.000000	320.000000
0	11.244000	13.913043	240.000000	320.000000
0	11.275000	13.913043	240.000000	320.000000
0	11.306000	13.913043	240.000000	320.000000
0	11.337000	13.913043	240.000000	320.000000
0	11.368000	13.913043	240.000000	320.000000
0	11.400000	13.913043	240.000000	320.000000
0	11.446000	13.913043	240.000000	320.000000
0	11.478000	13.913043	240.000000	320.000000
0	11.509000	13.913043	240.000000	320.000000
0	11.540000	13.913043	240.000000	320.000000
0	11.571000	13.913043	240.000000	320.000000
0	11.602000	13.913043	240.000000	320.000000
0	11.634000	13.913043	240.000000	320.000000
0	11.680000	13.913043	240.000000	320.000000
0	11.712000	13.913043	240.000000	320.000000
0	11.743000	13.913043	240.000000	320.000000
0	11.774000	13.913043	240.000000	320.000000
0	11.805000	13.913043	240.000000	320.000000
0	11.836000	13.913043	240.000000	320.000000
0	11.868000	13.913043	240.000000	320.000000
0	11.899000	13.913043	240.000000	320.000000
0	11.946000	13.913043	240.000000	320.000000
0	11.977000	13.913043	240.000000	320.000000
0	12.008000	13.913043	240.000000	320.000000
0	12.039000	13.913043	240.000000	320.000000
0	12.070000	13.913043	240.000000	320.000000
0	12.102000	13.913043	240.000000	320.000000
0	12.133000	13.913043	240.000000	320.000000
0	12.180000	13.913043	240.000000	320.000000
0	12.211000	13.913043	240.000000	320.000000
0	12.242000	13.913043	240.000000	320.000000
0	12.273000	13.913043	240.000000	320.000000
0	12.304000	13.913043	240.000000	320.000000
0	12.336000	13.913043	240.000000	320.000000
0	12.367000	13.913043	240.000000	320.000000
0	12.398000	13.913043	240.000000	320.000000
0	12.445000	13.913043	240.000000	320.000000
0	12.476000	13.913043	240.000000	320.000000
0	12.507000	13.913043	240.000000	320.000000
0	12.538000	13.913043	240.000000	320.000000
0	12.570000	13.913043	240.000000	320.000000
0	12.601000	13.913043	240.000000	320.000000
0	12.632000	13.913043	240.000000	320.000000
0	12.679000	13.913043	240.000000	320.000000
0	12.710000	13.913043	240.000000	320.000000
0	12.741000	13.913043	240.000000	320.000000
0	12.772000	13.913043	240.000000	320.000000
0	12.804000	13.913043	240.000000	320.000000
0	12.835000	13.913043	240.000000	320.000000
0	12.866000	13.913043	240.000000	320.000000
0	12.913000	13.913043	240.000000	320.000000
0	12.944000	13.913043	240.000000	320.000000
0	12.975000	13.913043	240.000000	320.000000
0	13.006000	13.913043	240.000000	320.000000
0	13.038000	13.913043	240.000000	320.000000
0	13.069000	13.913043	240.000000	320.000000
0	13.100000	13.913043	240.000000	320.000000
0	13.131000	13.913043	240.000000	320.000000
0	13.178000	13.913043	240.000000	320.000000
0	13.209000	13.913043	240.000000	320.000000
0	13.240000	13.913043	240.000000	320.000000
0	13.272000	13.913043	240.000000	320.000000
0	13.303000	13.913043	240.000000	320.000000
0	13.334000	13.913043	240.000000	320.000000
0	13.365000	13.913043	240.000000	320.000000
0	13.412000	13.913043	240.000000	320.000000
0	13.443000	13.913043	240.000000	320.000000
0	13.474000	13.913043	240.000000	320.000000
0	13.506000	13.913043	240.000000	320.000000
0	13.537000	13.913043	240.000000	320.000000
0	13.568000	13.913043	240.000000	320.000000
0	13.599000	13.913043	240.000000	320.000000
0	13.646000	13.913043	240.000000	320.000000
0	13.677000	13.913043	240.000000	320.000000
0	13.708000	13.913043	240.000000	320.000000
0	13.740000	13.913043	240.000000	320.000000
0	13.771000	13.913043	240.000000	320.000000
0	13.802000	13.913043	240.000000	320.000000
0	13.833000	13.913043	240.000000	320.000000
0	13.864000	13.913043	240.000000	320.000000
0	13.911000	13.913043	240.000000	320.000000
0	13.942000	13.913043	240.000000	320.000000
0	13.974000	13.913043	240.000000	320.000000
0	14.005000	13.913043	240.000000	320.000000
0	14.036000	13.913043	240.000000	320.000000
0	14.067000	13.913043	240.000000	320.000000
0	14.098000	13.913043	240.000000	320.000000
0	14.145000	13.913043	240.000000	320.000000
0	14.176000	13.913043	240.000000	320.000000
0	14.208000	13.913043	240.000000	320.000000
0	14.239000	13.913043	240.000000	320.000000
0	14.270000	13.913043	240.000000	320.000000
0	14.301000	13.913043	240.000000	320.000000
0	14.332000	13.913043	240.000000	320.000000
0	14.379000	13.913043	240.000000	320.000000
0	14.410000	13.913043	240.000000	320.000000
0	14.442000	13.913043	240.000000	320.000000
0	14.473000	13.913043	240.000000	320.000000
0	14.504000	13.913043	240.000000	320.000000
0	14.535000	13.913043	240.000000	320.000000
0	14.566000	13.913043	240.000000	320.000000
0	14.598000	13.913043	240.000000	320.000000
0	14.644000	13.913043	240.000000	320.000000
0	14.676000	13.913043	240.000000	320.000000
0	14.707000	13.913043	240.000000	320.000000
0	14.738000	13.913043	240.000000	320.000000
0	14.769000	13.913043	240.000000	320.000000
0	14.800000	13.913043	240.000000	320.000000
0	14.832000	13.913043	240.000000	320.000000
0	14.878000	13.913043	240.000000	320.000000
0	14.910000	13.913043	240.000000	320.000000
0	14.941000	13.913043	240.000000	320.000000
0	14.972000	13.913043	240.000000	320.000000
0	15.003000	13.913043	240.000000	320.000000
0	15.034000	13.913043	240.000000	320.000000
0	15.066000	13.913043	240.000000	320.000000
0	15.112000	13.913043	240.000000	320.000000
0	15.144000	13.913043	240.000000	320.000000
0	15.175000	13.913043	240.000000	320.000000
0	15.206000	13.913043	240.000000	320.000000
0	15.237000	13.913043	240.000000	320.000000
0	15.268000	13.913043	240.000000	320.000000
0	15.300000	13.913043	240.000000	320.000000
0	15.331000	13.913043	240.000000	320.000000
0	15.378000	13.913043	240.000000	320.000000
0	15.409000	13.913043	240.000000	320.000000
0	15.440000	13.913043	240.000000	320.000000
0	15.471000	13.913043	240.000000	320.000000
0	15.502000	13.913043	240.000000	320.000000
0	15.534000	13.913043	240.000000	320.000000
0	15.565000	13.913043	240.000000	320.000000
0	15.612000	13.913043	240.000000	320.000000
0	15.643000	13.913043	240.000000	320.000000
0	15.674000	13.913043	240.000000	320.000000
0	15.705000	13.913043	240.000000	320.000000
0	15.736000	13.913043	240.000000	320.000000
0	15.768000	13.913043	240.000000	320.000000
0	15.799000	13.913043	240.000000	320.000000
0	15.830000	13.913043	240.000000	320.000000
0	15.877000	13.913043	240.000000	320.000000
0	15.908000	13.913043	240.000000	320.000000
0	15.939000	13.913043	240.000000	320.000000
0	15.970000	13.913043	240.000000	320.000000
0	16.002000	13.913043	240.000000	320.000000
0	16.033000	13.913043	240.000000	320.000000
0	16.064000	13.913043	240.000000	320.000000
0	16.111000	13.913043	240.000000	320.000000
0	16.142000	13.913043	240.000000	320.000000
0	16.173000	13.913043	240.000000	320.000000
0	16.204000	13.913043	240.000000	320.000000
0	16.236000	13.913043	240.000000	320.000000
0	16.267000	13.913043	240.000000	320.000000
0	16.298000	13.913043	240.000000	320.000000
0	16.329000	13.913043	240.000000	320.000000
0	16.376000	13.913043	240.000000	320.000000
0	16.407000	13.913043	240.000000	320.000000
0	16.438000	13.913043	240.000000	320.000000
0	16.470000	13.913043	240.000000	320.000000
0	16.501000	13.913043	240.000000	320.000000
0	16.532000	13.913043	240.000000	320.000000
0	16.563000	13.913043	240.000000	320.000000
0	16.610000	13.913043	240.000000	320.000000
0	16.641000	13.913043	240.000000	320.000000
0	16.672000	13.913043	240.000000	320.000000
0	16.704000	13.913043	240.000000	320.000000
0	16.735000	13.913043	240.000000	320.000000
0	16.766000	13.913043	240.000000	320.000000
0	16.797000	13.913043	240.000000	320.000000
0	16.844000	13.913043	240.000000	320.000000
0	16.875000	13.913043	240.000000	320.000000
0	16.906000	13.913043	240.000000	320.000000
0	16.938000	13.913043	240.000000	320.000000
0	16.969000	13.913043	240.000000	320.000000
0	17.000000	13.913043	240.000000	320.000000
0	17.031000	13.913043	240.000000	320.000000
0	17.062000	13.913043	240.000000	320.000000
0	17.109000	13.913043	240.000000	320.000000
0	17.140000	13.913043	240.000000	320.000000
0	17.172000	13.913043	240.000000	320.000000
0	17.203000	13.913043	240.000000	320.000000
0	17.234000	13.913043	240.000000	320.000000
0	17.265000	13.913043	240.000000	320.000000
0	17.296000	13.913043	240.000000	320.000000
0	17.343000	13.913043	240.000000	320.000000
0	17.374000	13.913043	240.000000	320.000000
0	17.406000	13.913043	240.000000	320.000000
0	17.437000	13.913043	240.000000	320.000000
0	17.468000	13.913043	240.000000	320.000000
0	17.499000	13.913043	240.000000	320.000000
0	17.530000	13.913043	240.000000	320.000000
0	17.577000	13.913043	240.000000	320.000000
0	17.608000	13.913043	240.000000	320.000000
0	17.640000	13.913043	240.000000	320.000000
0	17.671000	13.913043	240.000000	320.000000
0	17.702000	13.913043	240.000000	320.000000
0	17.733000	13.913043	240.000000	320.000000
0	17.764000	13.913043	240.000000	320.000000
0	17.796000	13.913043	240.000000	320.000000
0	17.842000	13.913043	240.000000	320.000000
0	17.874000	13.913043	240.000000	320.000000
0	17.905000	13.913043	240.000000	320.000000
0	17.936000	13.913043	240.000000	320.000000
0	17.967000	13.913043	240.000000	320.000000
0	17.998000	13.913043	240.000000	320.000000
0	18.030000	13.913043	240.000000	320.000000
0	18.076000	13.913043	240.000000	320.000000
0	18.108000	13.913043	240.000000	320.000000
0	18.139000	13.913043	240.000000	320.000000
0	18.170000	13.913043	240.000000	320.000000
0	18.201000	13.913043	240.000000	320.000000
0	18.232000	13.913043	240.000000	320.000000
0	18.264000	13.913043	240.000000	320.000000
0	18.310000	13.913043	240.000000	320.000000
0	18.342000	13.913043	240.000000	320.000000
0	18.373000	13.913043	240.000000	320.000000
0	18.404000	13.913043	240.000000	320.000000
0	18.435000	13.913043	240.000000	320.000000
0	18.466000	13.913043	240.000000	320.000000
0	18.498000	13.913043	240.000000	320.000000
0	18.529000	13.913043	240.000000	320.000000
0	18.576000	13.913043	240.000000	320.000000
0	18.607000	13.913043	240.000000	320.000000
0	18.638000	13.913043	240.000000	320.000000
0	18.669000	13.913043	240.000000	320.000000
0	18.700000	13.913043	240.000000	320.000000
0	18.732000	13.913043	240.000000	320.000000
0	18.763000	13.913043	240.000000	320.000000
0	18.810000	13.913043	240.000000	320.000000
0	18.841000	13.913043	240.000000	320.000000
0	18.872000	13.913043	240.000000	320.000000
0	18.903000	13.913043	240.000000	320.000000
0	18.934000	13.913043	240.000000	320.000000
0	18.966000	13.913043	240.000000	320.000000
0	18.997000	13.913043	240.000000	320.000000
0	19.044000	13.913043	240.000000	320.000000
0	19.075000	13.913043	240.000000	320.000000
0	19.106000	13.913043	240.000000	320.000000
0	19.137000	13.913043	240.000000	320.000000
0	19.168000	13.913043	240.000000	320.000000
0	19.200000	13.913043	240.000000	320.000000
0	19.231000	13.913043	240.000000	320.000000
0	19.262000	13.913043	240.000000	320.000000
0	19.309000	13.913043	240.000000	320.000000
0	19.340000	13.913043	240.000000	320.000000
0	19.371000	13.913043	240.000000	320.000000
0	19.402000	13.913043	240.000000	320.000000
0	19.434000	13.913043	240.000000	320.000000
0	19.465000	13.913043	240.000000	320.000000
0	19.496000	13.913043	240.000000	320.000000
0	19.543000	13.913043	240.000000	320.000000
0	19.574000	13.913043	240.000000	320.000000
0	19.605000	13.913043	240.000000	320.000000
0	19.636000	13.913043	240.000000	320.000000
0	19.668000	13.913043	240.000000	320.000000
0	19.699000	13.913043	240.000000	320.000000
0	19.730000	13.913043	240.000000	320.000000
0	19.777000	13.913043	240.000000	320.000000
0	19.808000	13.913043	240.000000	320.000000
0	19.839000	13.913043	240.000000	320.000000
0	19.870000	13.913043	240.000000	320.000000
0	19.902000	13.913043	240.000000	320.000000
0	19.933000	13.913043	240.000000	320.000000
0	19.964000	13.913043	240.000000	320.000000
0	19.995000	13.913043	240.000000	320.000000
0	20.042000	13.913043	240.000000	320.000000
0	20.073000	13.913043	240.000000	320.000000
0	20.104000	13.913043	240.000000	320.000000
0	20.136000	13.913043	240.000000	320.000000
0	20.167000	13.913043	240.000000	320.000000
0	20.198000	13.913043	240.000000	320.000000
0	20.229000	13.913043	240.000000	320.000000
0	20.260000	13.913043	240.000000	320.000000
0	20.307000	13.913043	240.000000	320.000000
0	20.338000	13.913043	240.000000	320.000000
0	20.370000	13.913043	240.000000	320.000000
0	20.401000	13.913043	240.000000	320.000000
0	20.432000	13.913043	240.000000	320.000000
0	20.463000	13.913043	240.000000	320.000000
0	20.494000	13.913043	240.000000	320.000000
0	20.541000	13.913043	240.000000	320.000000
0	20.572000	13.913043	240.000000	320.000000
0	20.604000	13.913043	240.000000	320.000000
0	20.635000	13.913043	240.000000	320.000000
0	20.666000	13.913043	240.000000	320.000000
0	20.697000	13.913043	240.000000	320.000000
0	20.728000	13.913043	240.000000	320.000000
0	20.775000	13.913043	240.000000	320.000000
0	20.806000	13.913043	240.000000	320.000000
0	20.838000	13.913043	240.000000	320.000000
0	20.869000	13.913043	240.000000	320.000000
0	20.900000	13.913043	240.000000	320.000000
0	20.931000	13.913043	240.000000	320.000000
0	20.962000	13.913043	240.000000	320.000000
0	20.994000	13.913043	240.000000	320.000000
0	21.040000	13.913043	240.000000	320.000000
0	21.072000	13.913043	240.000000	320.000000
0	21.103000	13.913043	240.000000	320.000000
0	21.134000	13.913043	240.000000	320.000000
0	21.165000	13.913043	240.000000	320.000000
0	21.196000	13.913043	240.000000	320.000000
0	21.228000	13.913043	240.000000	320.000000
0	21.274000	13.913043	240.000000	320.000000
0	21.306000	13.913043	240.000000	320.000000
0	21.337000	13.913043	240.000000	320.000000
0	21.368000	13.913043	240.000000	320.000000
0	21.399000	13.913043	240.000000	320.000000
0	21.430000	13.913043	240.000000	320.000000
0	21.462000	13.913043	240.000000	320.000000
0	21.508000	13.913043	240.000000	320.000000
0	21.540000	13.913043	240.000000	320.000000
0	21.571000	13.913043	240.000000	320.000000
0	21.602000	13.913043	240.000000	320.000000
0	21.633000	13.913043	240.000000	320.000000
0	21.664000	13.913043	240.000000	320.000000
0	21.696000	13.913043	240.000000	320.000000
0	21.727000	13.913043	240.000000	320.000000
0	21.774000	13.913043	240.000000	320.000000
0	21.805000	13.913043	240.000000	320.000000
0	21.836000	13.913043	240.000000	320.000000
0	21.867000	13.913043	240.000000	320.000000
0	21.898000	13.913043	240.000000	320.000000
0	21.930000	13.913043	240.000000	320.000000
0	21.961000	13.913043	240.000000	320.000000
0	22.008000	13.913043	240.000000	320.000000
0	22.039000	13.913043	240.000000	320.000000
0	22.070000	13.913043	240.000000	320.000000
0	22.101000	13.913043	240.000000	320.000000
0	22.132000	13.913043	240.000000	320.000000
0	22.164000	13.913043	240.000000	320.000000
0	22.195000	13.913043	240.000000	320.000000
0	22.242000	13.913043	240.000000	320.000000
0	22.273000	13.913043	240.000000	320.000000
0	22.304000	13.913043	240.000000	320.000000
0	22.335000	13.913043	240.000000	320.000000
0	22.366000	13.913043	240.000000	320.000000
0	22.398000	13.913043	240.000000	320.000000
0	22.429000	13.913043	240.000000	320.000000
0	22.460000	13.913043	240.000000	320.000000
0	22.507000	13.913043	240.000000	320.000000
0	22.538000	13.913043	240.000000	320.000000
0	22.569000	13.913043	240.000000	320.000000
0	22.600000	13.913043	240.000000	320.000000
0	22.632000	13.913043	240.000000	320.000000
0	22.663000	13.913043	240.000000	320.000000
0	22.694000	13.913043	240.000000	320.000000
0	22.741000	13.913043	240.000000	320.000000
0	22.772000	13.913043	240.000000	320.000000
0	22.803000	13.913043	240.000000	320.000000
0	22.834000	13.913043	240.000000	320.000000
0	22.866000	13.913043	240.000000	320.000000
0	22.897000	13.913043	240.000000	320.000000
0	22.928000	13.913043	240.000000	320.000000
0	22.975000	13.913043	240.000000	320.000000
0	23.006000	13.913043	240.000000	320.000000
0	23.037000	13.913043	240.000000	320.000000
0	23.068000	13.913043	240.000000	320.000000
0	23.100000	13.913043	240.000000	320.000000
0	23.131000	13.913043	240.000000	320.000000
0	23.162000	13.913043	240.000000	320.000000
0	23.193000	13.913043	240.000000	320.000000
0	23.240000	13.913043	240.000000	320.000000
0	23.271000	13.913043	240.000000	320.000000
0	23.302000	13.913043	240.000000	320.000000
0	23.334000	13.913043	240.000000	320.000000
0	23.365000	13.913043	240.000000	320.000000
0	23.396000	13.913043	240.000000	320.000000
0	23.427000	13.913043	240.000000	320.000000
0	23.474000	13.913043	240.000000	320.000000
0	23.505000	13.913043	240.000000	320.000000
0	23.536000	13.913043	240.000000	320.000000
0	23.568000	13.913043	240.000000	320.000000
0	23.599000	13.913043	240.000000	320.000000
0	23.630000	13.913043	240.000000	320.000000
0	23.661000	13.913043	240.000000	320.000000
0	23.708000	13.913043	240.000000	320.000000
0	23.739000	13.913043	240.000000	320.000000
0	23.770000	13.913043	240.000000	320.000000
0	23.802000	13.913043	240.000000	320.000000
0	23.833000	13.913043	240.000000	320.000000
0	23.864000	13.913043	240.000000	320.000000
0	23.895000	13.913043	240.000000	320.000000
0	23.926000	13.913043	240.000000	320.000000
0	23.973000	13.913043	240.000000	320.000000
0	24.004000	13.913043	240.000000	320.000000
0	24.036000	13.913043	240.000000	320.000000
0	24.067000	13.913043	240.000000	320.000000
0	24.098000	13.913043	240.000000	320.000000
0	24.129000	13.913043	240.000000	320.000000
0	24.160000	13.913043	240.000000	320.000000
0	24.207000	13.913043	240.000000	320.000000
0	24.238000	13.913043	240.000000	320.000000
0	24.270000	13.913043	240.000000	320.000000
0	24.301000	13.913043	240.000000	320.000000
0	24.332000	13.913043	240.000000	320.000000
0	24.363000	13.913043	240.000000	320.000000
0	24.394000	13.913043	240.000000	320.000000
0	24.426000	13.913043	240.000000	320.000000
0	24.472000	13.913043	240.000000	320.000000
0	24.504000	13.913043	240.000000	320.000000
0	24.535000	13.913043	240.000000	320.000000
0	24.566000	13.913043	240.000000	320.000000
0	24.597000	13.913043	240.000000	320.000000
0	24.628000	13.913043	240.000000	320.000000
0	24.660000	13.913043	240.000000	320.000000
0	24.706000	13.913043	240.000000	320.000000
0	24.738000	13.913043	240.000000	320.000000
0	24.769000	13.913043	240.000000	320.000000
0	24.800000	13.913043	240.000000	320.000000
0	24.831000	13.913043	240.000000	320.000000
0	24.862000	13.913043	240.000000	320.000000
0	24.894000	13.913043	240.000000	320.000000
0	24.925000	13.913043	240.000000	320.000000
0	24.972000	13.913043	240.000000	320.000000
0	25.003000	13.913043	240.000000	320.000000
0	25.034000	13.913043	240.000000	320.000000
0	25.065000	13.913043	240.000000	320.000000
0	25.096000	13.913043	240.000000	320.000000
0	25.128000	13.913043	240.000000	320.000000
0	25.159000	13.913043	240.000000	320.000000
0	25.206000	13.913043	240.000000	320.000000
0	25.237000	13.913043	240.000000	320.000000
0	25.268000	13.913043	240.000000	320.000000
0	25.299000	13.913043	240.000000	320.000000
0	25.330000	13.913043	240.000000	320.000000
0	25.362000	13.913043	240.000000	320.000000
0	25.393000	13.913043	240.000000	320.000000
0	25.440000	13.913043	240.000000	320.000000
0	25.471000	13.913043	240.000000	320.000000
0	25.502000	13.913043	240.000000	320.000000
0	25.533000	13.913043	240.000000	320.000000
0	25.564000	13.913043	240.000000	320.000000
0	25.596000	13.913043	240.000000	320.000000
0	25.627000	13.913043	240.000000	320.000000
0	25.658000	13.913043	240.000000	320.000000
0	25.705000	13.913043	240.000000	320.000000
0	25.736000	13.913043	240.000000	320.000000
0	25.767000	13.913043	240.000000	320.000000
0	25.798000	13.913043	240.000000	320.000000
0	25.830000	13.913043	240.000000	320.000000
0	25.861000	13.913043	240.000000	320.000000
0	25.892000	13.913043	240.000000	320.000000
0	25.939000	13.913043	240.000000	320.000000
0	25.970000	13.913043	240.000000	320.000000
0	26.001000	13.913043	240.000000	320.000000
0	26.032000	13.913043	240.000000	320.000000
0	26.064000	13.913043	240.000000	320.000000
0	26.095000	13.913043	240.000000	320.000000
0	26.126000	13.913043	240.000000	320.000000
0	26.173000	13.913043	240.000000	320.000000
0	26.204000	13.913043	240.000000	320.000000
0	26.235000	13.913043	240.000000	320.000000
0	26.266000	13.913043	240.000000	320.000000
0	26.298000	13.913043	240.000000	320.000000
0	26.329000	13.913043	240.000000	320.000000
0	26.360000	13.913043	240.000000	320.000000
0	26.391000	13.913043	240.000000	320.000000
0	26.438000	13.913043	240.000000	320.000000
0	26.469000	13.913043	240.000000	320.000000
0	26.500000	13.913043	240.000000	320.000000
0	26.532000	13.913043	240.000000	320.000000
0	26.563000	13.913043	240.000000	320.000000
0	26.594000	13.913043	240.000000	320.000000
0	26.625000	13.913043	240.000000	320.000000
0	26.672000	13.913043	240.000000	320.000000
0	26.703000	13.913043	240.000000	320.000000
0	26.734000	13.913043	240.000000	320.000000
0	26.766000	13.913043	240.000000	320.000000
0	26.797000	13.913043	240.000000	320.000000
0	26.828000	13.913043	240.000000	320.000000
0	26.859000	13.913043	240.000000	320.000000
0	26.906000	13.913043	240.000000	320.000000
0	26.937000	13.913043	240.000000	320.000000
0	26.968000	13.913043	240.000000	320.000000
0	27.000000	13.913043	240.000000	320.000000
0	27.031000	13.913043	240.000000	320.000000
0	27.062000	13.913043	240.000000	320.000000
0	27.093000	13.913043	240.000000	320.000000
0	27.124000	13.913043	240.000000	320.000000
0	27.171000	13.913043	240.000000	320.000000
0	27.202000	13.913043	240.000000	320.000000
0	27.234000	13.913043	240.000000	320.000000
0	27.265000	13.913043	240.000000	320.000000
0	27.296000	13.913043	240.000000	320.000000
0	27.327000	13.913043	240.000000	320.000000
0	27.358000	13.913043	240.000000	320.000000
0	27.405000	13.913043	240.000000	320.000000
0	27.436000	13.913043	240.000000	320.000000
0	27.468000	13.913043	240.000000	320.000000
0	27.499000	13.913043	240.000000	320.000000
0	27.530000	13.913043	240.000000	320.000000
0	27.561000	13.913043	240.000000	320.000000
0	27.592000	13.913043	240.000000	320.000000
0	27.639000	13.913043	240.000000	320.000000
0	27.670000	13.913043	240.000000	320.000000
0	27.702000	13.913043	240.000000	320.000000
0	27.733000	13.913043	240.000000	320.000000
0	27.764000	13.913043	240.000000	320.000000
0	27.795000	13.913043	240.000000	320.000000
0	27.826000	13.913043	240.000000	320.000000
0	27.858000	13.913043	240.000000	320.000000
0	27.904000	13.913043	240.000000	320.000000
0	27.936000	13.913043	240.000000	320.000000
0	27.967000	13.913043	240.000000	320.000000
0	27.998000	13.913043	240.000000	320.000000
0	28.029000	13.913043	240.000000	320.000000
0	28.060000	13.913043	240.000000	320.000000
0	28.092000	13.913043	240.000000	320.000000
0	28.138000	13.913043	240.000000	320.000000
0	28.170000	13.913043	240.000000	320.000000
0	28.201000	13.913043	240.000000	320.000000
0	28.232000	13.913043	240.000000	320.000000
0	28.263000	13.913043	240.000000	320.000000
0	28.294000	13.913043	240.000000	320.000000
0	28.326000	13.913043	240.000000	320.000000
0	28.357000	13.913043	240.000000	320.000000
0	28.404000	13.913043	240.000000	320.000000
0	28.435000	13.913043	240.000000	320.000000
0	28.466000	13.913043	240.000000	320.000000
0	28.497000	13.913043	240.000000	320.000000
0	28.528000	13.913043	240.000000	320.000000
0	28.560000	13.913043	240.000000	320.000000
0	28.591000	13.913043	240.000000	320.000000
0	28.638000	13.913043	240.000000	320.000000
0	28.669000	13.913043	240.000000	320.000000
0	28.700000	13.913043	240.000000	320.000000
0	28.731000	13.913043	240.000000	320.000000
0	28.762000	13.913043	240.000000	320.000000
0	28.794000	13.913043	240.000000	320.000000
0	28.825000	13.913043	240.000000	320.000000
0	28.872000	13.913043	240.000000	320.000000
0	28.903000	13.913043	240.000000	320.000000
0	28.934000	13.913043	240.000000	320.000000
0	28.965000	13.913043	240.000000	320.000000
0	28.996000	13.913043	240.000000	320.000000
0	29.028000	13.913043	240.000000	320.000000
0	29.059000	13.913043	240.000000	320.000000
0	29.090000	13.913043	240.000000	320.000000
0	29.137000	13.913043	240.000000	320.000000
0	29.168000	13.913043	240.000000	320.000000
0	29.199000	13.913043	240.000000	320.000000
0	29.230000	13.913043	240.000000	320.000000
0	29.262000	13.913043	240.000000	320.000000
0	29.293000	13.913043	240.000000	320.000000
0	29.324000	13.913043	240.000000	320.000000
0	29.371000	13.913043	240.000000	320.000000
0	29.402000	13.913043	240.000000	320.000000
0	29.433000	13.913043	240.000000	320.000000
0	29.464000	13.913043	240.000000	320.000000
0	29.496000	13.913043	240.000000	320.000000
0	29.527000	13.913043	240.000000	320.000000
0	29.558000	13.913043	240.000000	320.000000
0	29.605000	13.913043	240.000000	320.000000
0	29.636000	13.913043	240.000000	320.000000
0	29.667000	13.913043	240.000000	320.000000
0	29.698000	13.913043	240.000000	320.000000
0	29.730000	13.913043	240.000000	320.000000
0	29.761000	13.913043	240.000000	320.000000
0	29.792000	13.913043	240.000000	320.000000
0	29.823000	13.913043	240.000000	320.000000
0	29.870000	13.913043	240.000000	320.000000
0	29.901000	13.913043	240.000000	320.000000
0	29.932000	13.913043	240.000000	320.000000
0	29.964000	13.913043	240.000000	320.000000
0	29.995000	13.913043	240.000000	320.000000
<\LEFT-PUPIL-DATA>
<RIGHT-PUPIL-ANALYSIS>
1
0	0	17	902	0	0	0.509000	29.518000	0.509000	4.006067	0.000000	0.000000	0.000000	0	3	3	3	3	0	0	0	0.000000	0.000000	0.000000	0.000000	0.000000	0.000000	0.000000	-1.000000	0.000000	0	0.957797	0.676232	0.720953	0.359196	0.236000	-0.383604	-0.744273	-1.000000	0.102433	1	0.957797	0.676232	0.720953	0.359196	0.236000	-0.386382	-0.744273	-1.000000	0.098104
<\RIGHT-PUPIL-ANALYSIS>
<LEFT-PUPIL-ANALYSIS>
1
0	0	17	902	0	0	0.509000	29.518000	0.509000	4.006067	0.000000	0.000000	0.000000	0	3	3	3	3	0	0	0	0.000000	0.000000	0.000000	0.000000	0.000000	0.000000	0.000000	-1.000000	0.000000	0	-0.034783	-0.034783	0.000950	0.000950	0.002000	0.000000	0.000000	-1.000000	0.000000	1	-0.034783	-0.034783	0.000950	0.000950	0.002000	-1000000.000000	-1000000.000000	-1.000000	0.000000
<\LEFT-PUPIL-ANALYSIS>
%%%%%%%%%
%%%%%%%%%
%%%%%%%%%
%%%	Measurement Tiime is: 2017-10-31 12:14:50
%%%	Subject ID is: C57BL6-28.09.17-DA-1mois-M3-0.6b
%%%	Note: 
%%%	RSS: Default Human Relative Spectral Sensitivity
%%%	Pupil Analysis:
%%%
%%%
%%%
%%%	Pulse Index:	0
%%%	Stimulus Session Index:	0
%%%	Right Pupil Stimulated
%%%	Light Metric is Photopic
%%%	Stimulus Start Time(sec):	0.51
%%%	Stimulus Duration(sec):	29.52
%%%	Stimulus Pulse Duration(sec):	0.51
%%%	Right Pulse:	4.01	(Blue )	-	0.00	(Blue )	[Lux ]
%%%	Left Pulse:	0.00	(Blue )	-	0.00	(Blue )	[Lux ]
%%%
%%%		RIGHT	LEFT	R.Pupil Mean	L.Pupil Mean	R.Stim Mean	R.Stim Mean
%%%	INPUT:	RAW DATA	RAW DATA
%%%	STATE:	ABNORMAL	ABNORMAL	ABNORMAL	ABNORMAL	ABNORMAL	ABNORMAL
%%%	MAX(mm):	0.00	0.00	0.00	0.00	0.00	0.00
%%%	MIN(mm):	0.00	0.00	0.00	0.00	0.00	0.00
%%%	DELTA(mm):						
%%%	CH(%):						
%%%	LAT(sec):	0.00	0.00	0.00	0.00	0.00	0.00
%%%	CV(mm/s):	0.00	0.00	0.00	0.00	0.00	0.00
%%%	MCV(mm/s):	0.00	0.00	0.00	0.00	0.00	0.00
%%%	DV(mm/s):	0.00	0.00	0.00	0.00	0.00	0.00
%%%%%%%%%
%%%%%%%%%
%%%%%%%%%
%%%	Right Pupil Profile (1st row -> 1 == valid tracking, 0 == invalid tracking; 2nd row -> time; 3rd row -> diameter (mm))
%%%	1	1	1	1	1	1	1	1	1	1	1	1	1	1	1	1	1	1	1	1	1	1	1	1	1	1	1	1	1	1	1	1	1	1	1	1	1	1	1	1	1	1	1	1	1	1	1	1	1	1	1	1	1	1	1	1	0	1	1	1	1	1	1	1	1	1	1	1	1	1	1	1	1	1	0	1	1	0	1	1	0	1	1	1	1	0	1	1	1	1	1	1	1	1	1	1	1	1	1	1	1	1	1	1	1	1	1	1	1	1	1	1	1	1	1	1	1	1	1	1	1	1	1	1	1	1	1	1	1	1	1	1	1	1	1	1	1	1	1	1	1	1	1	1	1	1	1	1	1	1	1	1	1	1	1	1	1	1	1	1	1	1	0	1	1	1	1	1	1	1	1	1	1	1	1	1	1	1	1	1	1	1	1	1	1	1	1	1	1	1	1	1	0	1	1	1	0	1	0	1	1	1	1	1	1	1	1	1	1	1	1	1	1	1	1	1	1	1	1	1	1	1	1	1	1	1	0	0	1	1	1	1	1	1	1	1	1	1	1	1	0	1	1	0	0	1	0	1	1	0	1	1	1	0	1	1	1	1	1	1	1	1	0	1	1	1	1	1	1	1	1	1	0	1	1	0	1	1	0	1	1	1	1	1	1	0	1	1	0	0	0	1	1	1	1	0	1	1	1	1	1	1	1	0	1	1	1	0	0	1	1	0	1	1	1	1	0	0	0	1	0	1	0	1	0	1	1	0	1	0	1	1	1	1	1	1	0	1	1	0	1	1	0	1	1	0	1	1	1	1	1	1	1	1	1	1	1	1	0	1	1	1	1	0	1	1	1	1	0	1	1	0	1	1	1	1	0	1	0	0	1	1	0	0	1	1	1	0	0	0	1	1	0	1	0	0	1	0	1	0	1	1	1	0	1	1	1	1	1	1	0	1	1	1	1	1	1	1	1	1	1	1	0	1	0	1	1	0	1	0	1	0	0	1	1	1	1	1	0	1	0	0	1	0	0	0	0	0	1	1	1	0	0	0	1	0	0	1	0	0	1	0	0	1	1	1	0	0	1	0	1	0	0	0	0	0	0	1	0	0	1	0	0	1	0	1	1	0	0	0	0	0	1	1	0	0	1	0	0	0	0	0	0	0	0	0	0	0	0	0	0	0	0	0	0	0	1	0	0	0	1	0	1	1	1	0	0	0	1	1	0	0	0	0	1	1	1	0	0	0	0	0	0	1	0	0	0	0	0	1	0	0	0	0	0	0	0	0	0	0	1	0	1	0	0	1	0	0	0	1	0	0	1	0	0	0	0	1	0	0	0	1	0	0	0	0	0	0	0	0	0	0	0	0	0	0	1	0	0	0	0	0	1	0	0	1	0	1	0	0	0	1	0	0	0	0	0	0	0	0	0	0	0	1	0	0	1	0	0	0	0	0	1	0	0	0	0	0	0	0	0	0	0	0	0	0	0	0	0	0	0	0	0	0	0	0	0	0	0	0	0	0	0	0	0	1	0	0	0	1	0	0	0	0	1	0	1	0	1	0	0	0	0	0	0	0	0	0	0	0	0	0	0	1	0	0	0	0	1	0	0	0	0	0	0	0	0	1	0	0	0	1	0	0	0	0	0	0	0	0	0	0	0	0	0	0	0	1	0	0	0	0	1	0	0	0	0	0	0	0	0	0	0	0	1	0	0	0	0	0	1	1	0	1	0	0	1	1	1	0	0	0	0	0	0	0	0	0	0	0	0	1	0	0	0	0	0	0	0	0	0	0	0	0	0	0	0	0	1	0	0	0	0	0	0	0	1	0	0	0	0	0	0	0	0	0	0	0	0	0	1	0	1	1	0	0	0	0	0	0	0	0	0	0	0	0	0	1	0	0	0	0	1	0	0	0	1	0	0	0	0	0	0	1	0	1	0	1	0	0	0	0	0	0	0	0	1	1	0	0	0	0	0	0	0	0	1	1	0	0	0	0	0	0	0	0	0	0	0	1	0	0	0	0	1	0	0	0	0	0	0	0	0	0	0	0	0	0	0	0	0	0	0
%%%	-0.051000	-0.020000	0.011000	0.043000	0.074000	0.105000	0.136000	0.167000	0.214000	0.245000	0.277000	0.308000	0.339000	0.370000	0.401000	0.448000	0.479000	0.511000	0.542000	0.573000	0.604000	0.635000	0.667000	0.713000	0.745000	0.776000	0.807000	0.838000	0.869000	0.901000	0.947000	0.979000	1.010000	1.041000	1.072000	1.103000	1.135000	1.181000	1.213000	1.244000	1.275000	1.306000	1.337000	1.369000	1.400000	1.447000	1.478000	1.509000	1.540000	1.571000	1.603000	1.634000	1.681000	1.712000	1.743000	1.774000	1.805000	1.837000	1.868000	1.915000	1.946000	1.977000	2.008000	2.039000	2.071000	2.102000	2.133000	2.180000	2.211000	2.242000	2.273000	2.305000	2.336000	2.367000	2.414000	2.445000	2.476000	2.507000	2.539000	2.570000	2.601000	2.632000	2.679000	2.710000	2.741000	2.773000	2.804000	2.835000	2.866000	2.913000	2.944000	2.975000	3.007000	3.038000	3.069000	3.100000	3.147000	3.178000	3.209000	3.241000	3.272000	3.303000	3.334000	3.365000	3.412000	3.443000	3.475000	3.506000	3.537000	3.568000	3.599000	3.646000	3.677000	3.709000	3.740000	3.771000	3.802000	3.833000	3.880000	3.911000	3.943000	3.974000	4.005000	4.036000	4.067000	4.099000	4.145000	4.177000	4.208000	4.239000	4.270000	4.301000	4.333000	4.379000	4.411000	4.442000	4.473000	4.504000	4.535000	4.567000	4.613000	4.645000	4.676000	4.707000	4.738000	4.769000	4.801000	4.832000	4.879000	4.910000	4.941000	4.972000	5.003000	5.035000	5.066000	5.113000	5.144000	5.175000	5.206000	5.237000	5.269000	5.300000	5.347000	5.378000	5.409000	5.440000	5.471000	5.503000	5.534000	5.565000	5.612000	5.643000	5.674000	5.705000	5.737000	5.768000	5.799000	5.846000	5.877000	5.908000	5.939000	5.971000	6.002000	6.033000	6.064000	6.111000	6.142000	6.173000	6.205000	6.236000	6.267000	6.298000	6.345000	6.376000	6.407000	6.439000	6.470000	6.501000	6.532000	6.563000	6.610000	6.641000	6.673000	6.704000	6.735000	6.766000	6.797000	6.844000	6.875000	6.907000	6.938000	6.969000	7.000000	7.031000	7.078000	7.109000	7.141000	7.172000	7.203000	7.234000	7.265000	7.297000	7.343000	7.375000	7.406000	7.437000	7.468000	7.499000	7.531000	7.577000	7.609000	7.640000	7.671000	7.702000	7.733000	7.765000	7.811000	7.843000	7.874000	7.905000	7.936000	7.967000	7.999000	8.030000	8.077000	8.108000	8.139000	8.170000	8.201000	8.233000	8.264000	8.311000	8.342000	8.373000	8.404000	8.435000	8.467000	8.498000	8.545000	8.576000	8.607000	8.638000	8.669000	8.701000	8.732000	8.763000	8.810000	8.841000	8.872000	8.903000	8.935000	8.966000	8.997000	9.044000	9.075000	9.106000	9.137000	9.169000	9.200000	9.231000	9.278000	9.309000	9.340000	9.371000	9.403000	9.434000	9.465000	9.496000	9.543000	9.574000	9.605000	9.637000	9.668000	9.699000	9.730000	9.777000	9.808000	9.839000	9.871000	9.902000	9.933000	9.964000	10.011000	10.042000	10.073000	10.105000	10.136000	10.167000	10.198000	10.229000	10.276000	10.307000	10.339000	10.370000	10.401000	10.432000	10.464000	10.495000	10.542000	10.573000	10.604000	10.635000	10.666000	10.698000	10.729000	10.776000	10.807000	10.838000	10.869000	10.900000	10.932000	10.963000	11.010000	11.041000	11.072000	11.103000	11.134000	11.166000	11.197000	11.228000	11.275000	11.306000	11.337000	11.368000	11.400000	11.431000	11.462000	11.509000	11.540000	11.571000	11.602000	11.634000	11.665000	11.696000	11.743000	11.774000	11.805000	11.836000	11.868000	11.899000	11.930000	11.961000	12.008000	12.039000	12.070000	12.102000	12.133000	12.164000	12.195000	12.242000	12.273000	12.304000	12.336000	12.367000	12.398000	12.429000	12.476000	12.507000	12.538000	12.570000	12.601000	12.632000	12.663000	12.694000	12.741000	12.772000	12.804000	12.835000	12.866000	12.897000	12.928000	12.975000	13.006000	13.038000	13.069000	13.100000	13.131000	13.162000	13.209000	13.240000	13.272000	13.303000	13.334000	13.365000	13.396000	13.428000	13.474000	13.506000	13.537000	13.568000	13.599000	13.630000	13.662000	13.708000	13.740000	13.771000	13.802000	13.833000	13.864000	13.896000	13.942000	13.974000	14.005000	14.036000	14.067000	14.098000	14.130000	14.161000	14.208000	14.239000	14.270000	14.301000	14.332000	14.364000	14.395000	14.442000	14.473000	14.504000	14.535000	14.566000	14.598000	14.629000	14.660000	14.707000	14.738000	14.769000	14.800000	14.832000	14.863000	14.894000	14.941000	14.972000	15.003000	15.034000	15.066000	15.097000	15.128000	15.159000	15.206000	15.237000	15.268000	15.300000	15.331000	15.362000	15.393000	15.440000	15.471000	15.502000	15.534000	15.565000	15.596000	15.627000	15.674000	15.705000	15.736000	15.768000	15.799000	15.830000	15.861000	15.892000	15.939000	15.970000	16.002000	16.033000	16.064000	16.095000	16.126000	16.173000	16.204000	16.236000	16.267000	16.298000	16.329000	16.360000	16.407000	16.438000	16.470000	16.501000	16.532000	16.563000	16.594000	16.626000	16.672000	16.704000	16.735000	16.766000	16.797000	16.828000	16.860000	16.906000	16.938000	16.969000	17.000000	17.031000	17.062000	17.094000	17.140000	17.172000	17.203000	17.234000	17.265000	17.296000	17.328000	17.359000	17.406000	17.437000	17.468000	17.499000	17.530000	17.562000	17.593000	17.640000	17.671000	17.702000	17.733000	17.764000	17.796000	17.827000	17.874000	17.905000	17.936000	17.967000	17.998000	18.030000	18.061000	18.092000	18.139000	18.170000	18.201000	18.232000	18.264000	18.295000	18.326000	18.373000	18.404000	18.435000	18.466000	18.498000	18.529000	18.560000	18.591000	18.638000	18.669000	18.700000	18.732000	18.763000	18.794000	18.825000	18.872000	18.903000	18.934000	18.966000	18.997000	19.028000	19.059000	19.106000	19.137000	19.168000	19.200000	19.231000	19.262000	19.293000	19.324000	19.371000	19.402000	19.434000	19.465000	19.496000	19.527000	19.558000	19.605000	19.636000	19.668000	19.699000	19.730000	19.761000	19.792000	19.839000	19.870000	19.902000	19.933000	19.964000	19.995000	20.026000	20.058000	20.104000	20.136000	20.167000	20.198000	20.229000	20.260000	20.292000	20.338000	20.370000	20.401000	20.432000	20.463000	20.494000	20.526000	20.572000	20.604000	20.635000	20.666000	20.697000	20.728000	20.760000	20.791000	20.838000	20.869000	20.900000	20.931000	20.962000	20.994000	21.025000	21.072000	21.103000	21.134000	21.165000	21.196000	21.228000	21.259000	21.290000	21.337000	21.368000	21.399000	21.430000	21.462000	21.493000	21.524000	21.571000	21.602000	21.633000	21.664000	21.696000	21.727000	21.758000	21.805000	21.836000	21.867000	21.898000	21.930000	21.961000	21.992000	22.023000	22.070000	22.101000	22.132000	22.164000	22.195000	22.226000	22.257000	22.304000	22.335000	22.366000	22.398000	22.429000	22.460000	22.491000	22.522000	22.569000	22.600000	22.632000	22.663000	22.694000	22.725000	22.756000	22.803000	22.834000	22.866000	22.897000	22.928000	22.959000	22.990000	23.037000	23.068000	23.100000	23.131000	23.162000	23.193000	23.224000	23.256000	23.302000	23.334000	23.365000	23.396000	23.427000	23.458000	23.490000	23.536000	23.568000	23.599000	23.630000	23.661000	23.692000	23.724000	23.770000	23.802000	23.833000	23.864000	23.895000	23.926000	23.958000	23.989000	24.036000	24.067000	24.098000	24.129000	24.160000	24.192000	24.223000	24.270000	24.301000	24.332000	24.363000	24.394000	24.426000	24.457000	24.504000	24.535000	24.566000	24.597000	24.628000	24.660000	24.691000	24.722000	24.769000	24.800000	24.831000	24.862000	24.894000	24.925000	24.956000	25.003000	25.034000	25.065000	25.096000	25.128000	25.159000	25.190000	25.237000	25.268000	25.299000	25.330000	25.362000	25.393000	25.424000	25.455000	25.502000	25.533000	25.564000	25.596000	25.627000	25.658000	25.689000	25.736000	25.767000	25.798000	25.830000	25.861000	25.892000	25.923000	25.954000	26.001000	26.032000	26.064000	26.095000	26.126000	26.157000	26.188000	26.235000	26.266000	26.298000	26.329000	26.360000	26.391000	26.422000	26.454000	26.500000	26.532000	26.563000	26.594000	26.625000	26.656000	26.688000	26.734000	26.766000	26.797000	26.828000	26.859000	26.890000	26.922000	26.968000	27.000000	27.031000	27.062000	27.093000	27.124000	27.156000	27.187000	27.234000	27.265000	27.296000	27.327000	27.358000	27.390000	27.421000	27.468000	27.499000	27.530000	27.561000	27.592000	27.624000	27.655000	27.702000	27.733000	27.764000	27.795000	27.826000	27.858000	27.889000	27.920000	27.967000	27.998000	28.029000	28.060000	28.092000	28.123000	28.154000	28.201000	28.232000	28.263000	28.294000	28.326000	28.357000	28.388000	28.435000	28.466000	28.497000	28.528000	28.560000	28.591000	28.622000	28.653000	28.700000	28.731000	28.762000	28.794000	28.825000	28.856000	28.887000	28.934000	28.965000	28.996000	29.028000	29.059000	29.090000	29.121000	29.168000	29.199000	29.230000	29.262000	29.293000	29.324000	29.355000	29.386000	29.433000	29.464000	29.496000	29.527000	29.558000	29.589000	29.620000	29.667000	29.698000	29.730000	29.761000	29.792000	29.823000	29.854000	29.901000	29.932000	29.964000	29.995000
%%%	0.939130	1.012029	0.985507	0.995652	1.031884	0.986377	0.985507	1.000000	0.970145	1.008696	0.998841	0.972319	0.915942	0.964638	0.975507	0.973913	0.966377	0.939275	0.937536	0.955507	0.915942	0.981015	0.972029	0.946667	0.973333	0.915942	0.928986	0.918406	0.903188	0.857971	0.840290	0.814638	0.801015	0.792464	0.761594	0.752319	0.715797	0.712464	0.708116	0.690725	0.685362	0.695652	0.684203	0.674493	0.671159	0.690725	0.672319	0.672464	0.688841	0.690145	0.690290	0.704203	0.713623	0.738986	0.732029	0.738551	0.707246	0.735362	0.757246	0.730580	0.718551	0.742898	0.722754	0.748406	0.736377	0.749855	0.737536	0.764493	0.777101	0.759710	0.761014	0.779275	0.765362	0.760290	0.753623	0.789710	0.814638	0.846377	0.762319	0.809710	0.649420	0.787536	0.805797	0.812464	0.805797	0.692754	0.788406	0.846377	0.800000	0.792319	0.787971	0.790580	0.801159	0.776812	0.817391	0.811884	0.796667	0.795797	0.822754	0.814203	0.800000	0.814638	0.846377	0.795072	0.797246	0.794638	0.831015	0.796812	0.800000	0.800000	0.800000	0.787536	0.778116	0.791884	0.812464	0.788406	0.778116	0.798985	0.788551	0.794493	0.796667	0.800000	0.811594	0.791884	0.788406	0.805507	0.814638	0.802174	0.800000	0.794203	0.805797	0.814638	0.791884	0.759710	0.823333	0.781884	0.788406	0.801159	0.796377	0.753623	0.790580	0.786812	0.788116	0.794058	0.778841	0.800000	0.788551	0.797246	0.800000	0.805797	0.805507	0.809710	0.824493	0.764058	0.787536	0.791884	0.788116	0.814638	0.800000	0.794058	0.759275	0.812029	0.753623	0.787536	0.796812	0.794058	0.782609	0.814638	0.800000	0.801449	0.794638	0.800000	0.783768	0.800000	0.790580	0.814058	0.776812	0.794203	0.801015	0.809710	0.808841	0.783768	0.759275	0.800000	0.797246	0.814638	0.797246	0.790580	0.783623	0.826812	0.800000	0.776812	0.753623	0.772754	0.815942	0.790290	0.753623	0.779420	0.690290	0.787971	0.846377	0.774493	0.800000	0.846377	0.776667	0.776812	0.805797	0.799420	0.788116	0.794058	0.799275	0.814203	0.808116	0.786232	0.812029	0.753623	0.764203	0.761449	0.800000	0.798985	0.783768	0.753623	0.776812	0.796232	0.787536	0.744493	0.690290	0.651449	0.779420	0.807536	0.803188	0.800000	0.783188	0.829420	0.792464	0.800000	0.805507	0.801594	0.795072	0.800580	0.777246	0.798115	0.800580	0.753623	0.759275	0.780290	0.753623	0.812319	0.805362	0.716232	0.800580	0.797246	0.817971	0.690290	0.814203	0.800000	0.801159	0.809855	0.805362	0.834493	0.788551	0.822319	0.672754	0.801594	0.777681	0.779710	0.811884	0.811884	0.798841	0.800000	0.849420	0.827536	0.625362	0.745362	0.812029	0.658116	0.804928	0.811884	0.660870	0.795072	0.800000	0.814638	0.800000	0.768551	0.795507	0.707681	0.798841	0.812899	0.660580	0.690290	0.733333	0.862029	0.759855	0.764058	0.804928	0.695652	0.839710	0.813623	0.818116	0.785797	0.858116	0.761884	0.810724	0.698406	0.824928	0.840145	0.792464	0.690290	0.672899	0.792898	0.834783	0.690725	0.839710	0.815217	0.815942	0.814058	0.687971	0.680435	0.670145	0.797246	0.653333	0.837101	0.683768	0.803188	0.678261	0.800000	0.800580	0.591304	0.824493	0.662029	0.815362	0.822899	0.785797	0.831015	0.797246	0.814058	0.671015	0.801015	0.813623	0.725507	0.827681	0.759275	0.690290	0.814638	0.814203	0.660870	0.810290	0.800000	0.814638	0.835507	0.791159	0.807246	0.817101	0.827246	0.800000	0.829420	0.783768	0.796667	0.753623	0.808116	0.778116	0.788116	0.814638	0.663623	0.637101	0.787101	0.810290	0.800000	0.682029	0.810290	0.811884	0.695652	0.816232	0.813623	0.796812	0.614203	0.738551	0.622464	0.633768	0.659275	0.812464	0.801159	0.685362	0.637101	0.833188	0.800000	0.783188	0.599275	0.684203	0.642029	0.788551	0.822319	0.707246	0.800000	0.690145	0.672754	0.805942	0.670725	0.805507	0.682029	0.813623	0.792029	0.810290	0.672899	0.795072	0.814203	0.801594	0.820145	0.809275	0.816377	0.689710	0.775362	0.783333	0.786667	0.800580	0.776812	0.814203	0.793333	0.801594	0.796232	0.815362	0.753333	0.672754	0.834783	0.637681	0.818551	0.832029	0.615942	0.833188	0.718841	0.834058	0.655507	0.689710	0.733478	0.824493	0.824928	0.822899	0.767390	0.592029	0.814203	0.649275	0.703188	0.800145	0.570580	0.708116	0.660870	0.689710	0.654058	0.814203	0.796812	0.794493	0.690145	0.540725	0.559855	0.782464	0.604928	0.595507	0.774058	0.681014	0.692899	0.846377	0.588116	0.724347	0.833768	0.809855	0.826667	0.591304	0.711884	0.775942	0.756667	0.782609	0.672899	0.601159	0.648985	0.666667	0.722319	0.644203	0.800725	0.631594	0.609710	0.829855	0.588551	0.570580	0.794493	0.575797	0.776812	0.822899	0.648985	0.618841	0.672754	0.709855	0.550580	0.852029	0.796667	0.615942	0.616667	0.829275	0.637681	0.550580	0.590145	0.665797	0.642899	0.616377	0.552754	0.568116	0.572319	0.703768	0.633188	0.651594	0.643478	0.642899	0.605507	0.624493	0.596667	0.651449	0.605942	0.783188	0.682319	0.586377	0.612029	0.654928	0.672899	0.568116	0.839710	0.646232	0.651449	0.587536	0.579710	0.823188	0.568551	0.643478	0.570290	0.559275	0.653333	0.540145	0.834783	0.801594	0.576667	0.573913	0.521739	0.540290	0.521739	0.596232	0.573913	0.540145	0.618406	0.579420	0.570580	0.651015	0.540290	0.568406	0.549420	0.539710	0.614638	0.347826	0.347826	0.540145	0.347826	0.601015	0.620290	0.522319	0.540290	0.521739	0.564203	0.568551	0.560290	0.347826	0.607536	0.637536	0.559420	0.583333	0.586232	0.545072	0.616667	0.540290	0.560725	0.347826	0.539710	0.640145	0.540725	0.660870	0.523333	0.347826	0.579710	0.612463	0.540145	0.577246	0.347826	0.510145	0.550870	0.596812	0.573188	0.347826	0.347826	0.347826	0.548841	0.548985	0.649275	0.616812	0.347826	0.347826	0.575507	0.787536	0.522899	0.347826	0.503188	0.614493	0.781449	0.556522	0.513623	0.614493	0.556522	0.568406	0.571159	0.347826	0.347826	0.538551	0.529275	0.556522	0.347826	0.565797	0.347826	0.347826	0.608696	0.347826	0.621884	0.512754	0.347826	0.347826	0.347826	0.347826	0.347826	0.815797	0.347826	0.347826	0.618841	0.592464	0.347826	0.347826	0.673333	0.347826	0.347826	0.347826	0.347826	0.573333	0.347826	0.347826	0.347826	0.347826	0.347826	0.347826	0.347826	0.347826	0.347826	0.347826	0.635507	0.614203	0.610145	0.347826	0.347826	0.347826	0.347826	0.347826	0.347826	0.347826	0.792319	0.597246	0.347826	0.347826	0.827246	0.347826	0.672899	0.347826	0.651594	0.831015	0.576377	0.801015	0.626087	0.811594	0.347826	0.347826	0.651159	0.347826	0.347826	0.347826	0.663768	0.594203	0.347826	0.585362	0.347826	0.347826	0.347826	0.574203	0.783333	0.347826	0.347826	0.347826	0.623188	0.615942	0.634203	0.347826	0.347826	0.347826	0.347826	0.347826	0.503188	0.347826	0.796667	0.574928	0.347826	0.612029	0.816812	0.555362	0.540725	0.347826	0.347826	0.347826	0.531594	0.662319	0.347826	0.650580	0.347826	0.578406	0.578985	0.347826	0.347826	0.347826	0.805797	0.522319	0.572899	0.528841	0.548841	0.816377	0.647681	0.620145	0.690725	0.745362	0.347826	0.347826	0.575507	0.722899	0.671159	0.603188	0.567971	0.831594	0.574928	0.347826	0.566377	0.684058	0.347826	0.539130	0.829855	0.568116	0.834783	0.347826	0.692464	0.671159	0.809710	0.602754	0.663623	0.643478	0.591884	0.616812	0.612029	0.557536	0.648406	0.615362	0.568406	0.649275	0.608696	0.631884	0.592319	0.601594	0.578406	0.624493	0.544928	0.597246	0.347826	0.618405	0.605942	0.347826	0.671159	0.603333	0.662464	0.670580	0.539710	0.648261	0.644203	0.842898	0.695797	0.659275	0.655072	0.579710	0.634928	0.670725	0.672464	0.831594	0.664203	0.637681	0.540145	0.579275	0.601159	0.636377	0.591304	0.588116	0.591304	0.577101	0.347826	0.602899	0.601594	0.605362	0.640725	0.883623	0.574928	0.690725	0.625072	0.628116	0.615942	0.581449	0.636377	0.672464	0.622754	0.672319	0.670290	0.660870	0.592029	0.642464	0.933623	0.722899	0.591304	0.649275	0.750580	0.605942	0.707536	0.663623	0.646667	0.666812	0.796812	0.664058	0.598551	0.684058	0.597536	0.611594	0.907246	0.644203	0.915942	0.672899	0.870290	0.596812	0.626087	0.621159	0.681594	0.568551	0.672899	0.670145	0.626087	0.869565	0.539710	0.685072	0.347826	0.628406	0.605507	0.628985	0.678261	0.567971	0.562464	0.560290	0.684638	0.648406	0.581159	0.660870	0.672319	0.634203	0.660870	0.568116	0.347826	0.347826	0.533768	0.574493	0.645362	0.503333	0.660870	0.545072	0.621015	0.861449	0.549420	0.695652	0.579275	0.672319	0.522319	0.347826	0.670725	0.347826	0.564638	0.347826	0.660870	0.347826	0.558116	0.637681	0.638116	0.566812	0.546812	0.347826
%%%	Left Pupil Profile (1st row -> 1 == valid tracking, 0 == invalid tracking; 2nd row -> time; 3rd row -> diameter (mm))
%%%	0	0	0	0	0	0	0	0	0	0	0	0	0	0	0	0	0	0	0	0	0	0	0	0	0	0	0	0	0	0	0	0	0	0	0	0	0	0	0	0	0	0	0	0	0	0	0	0	0	0	0	0	0	0	0	0	0	0	0	0	0	0	0	0	0	0	0	0	0	0	0	0	0	0	0	0	0	0	0	0	0	0	0	0	0	0	0	0	0	0	0	0	0	0	0	0	0	0	0	0	0	0	0	0	0	0	0	0	0	0	0	0	0	0	0	0	0	0	0	0	0	0	0	0	0	0	0	0	0	0	0	0	0	0	0	0	0	0	0	0	0	0	0	0	0	0	0	0	0	0	0	0	0	0	0	0	0	0	0	0	0	0	0	0	0	0	0	0	0	0	0	0	0	0	0	0	0	0	0	0	0	0	0	0	0	0	0	0	0	0	0	0	0	0	0	0	0	0	0	0	0	0	0	0	0	0	0	0	0	0	0	0	0	0	0	0	0	0	0	0	0	0	0	0	0	0	0	0	0	0	0	0	0	0	0	0	0	0	0	0	0	0	0	0	0	0	0	0	0	0	0	0	0	0	0	0	0	0	0	0	0	0	0	0	0	0	0	0	0	0	0	0	0	0	0	0	0	0	0	0	0	0	0	0	0	0	0	0	0	0	0	0	0	0	0	0	0	0	0	0	0	0	0	0	0	0	0	0	0	0	0	0	0	0	0	0	0	0	0	0	0	0	0	0	0	0	0	0	0	0	0	0	0	0	0	0	0	0	0	0	0	0	0	0	0	0	0	0	0	0	0	0	0	0	0	0	0	0	0	0	0	0	0	0	0	0	0	0	0	0	0	0	0	0	0	0	0	0	0	0	0	0	0	0	0	0	0	0	0	0	0	0	0	0	0	0	0	0	0	0	0	0	0	0	0	0	0	0	0	0	0	0	0	0	0	0	0	0	0	0	0	0	0	0	0	0	0	0	0	0	0	0	0	0	0	0	0	0	0	0	0	0	0	0	0	0	0	0	0	0	0	0	0	0	0	0	0	0	0	0	0	0	0	0	0	0	0	0	0	0	0	0	0	0	0	0	0	0	0	0	0	0	0	0	0	0	0	0	0	0	0	0	0	0	0	0	0	0	0	0	0	0	0	0	0	0	0	0	0	0	0	0	0	0	0	0	0	0	0	0	0	0	0	0	0	0	0	0	0	0	0	0	0	0	0	0	0	0	0	0	0	0	0	0	0	0	0	0	0	0	0	0	0	0	0	0	0	0	0	0	0	0	0	0	0	0	0	0	0	0	0	0	0	0	0	0	0	0	0	0	0	0	0	0	0	0	0	0	0	0	0	0	0	0	0	0	0	0	0	0	0	0	0	0	0	0	0	0	0	0	0	0	0	0	0	0	0	0	0	0	0	0	0	0	0	0	0	0	0	0	0	0	0	0	0	0	0	0	0	0	0	0	0	0	0	0	0	0	0	0	0	0	0	0	0	0	0	0	0	0	0	0	0	0	0	0	0	0	0	0	0	0	0	0	0	0	0	0	0	0	0	0	0	0	0	0	0	0	0	0	0	0	0	0	0	0	0	0	0	0	0	0	0	0	0	0	0	0	0	0	0	0	0	0	0	0	0	0	0	0	0	0	0	0	0	0	0	0	0	0	0	0	0	0	0	0	0	0	0	0	0	0	0	0	0	0	0	0	0	0	0	0	0	0	0	0	0	0	0	0	0	0	0	0	0	0	0	0	0	0	0	0	0	0	0	0	0	0	0	0	0	0	0	0	0	0	0	0	0	0	0	0	0	0	0	0	0	0	0	0	0	0	0	0	0	0	0	0	0	0	0	0	0	0	0	0	0	0	0	0	0	0	0	0	0	0	0	0	0	0	0	0	0	0	0	0	0	0	0	0	0	0	0	0	0	0	0	0	0	0	0	0	0	0	0	0	0	0	0	0	0	0	0	0	0	0	0	0	0	0	0	0	0	0	0	0	0	0	0	0	0	0	0	0	0	0	0	0	0	0	0	0	0	0	0	0	0	0	0	0	0	0	0
%%%	-0.051000	-0.020000	0.011000	0.043000	0.074000	0.105000	0.152000	0.183000	0.214000	0.245000	0.277000	0.308000	0.339000	0.386000	0.417000	0.448000	0.479000	0.511000	0.542000	0.573000	0.604000	0.651000	0.682000	0.713000	0.745000	0.776000	0.807000	0.838000	0.885000	0.916000	0.947000	0.979000	1.010000	1.041000	1.072000	1.103000	1.150000	1.181000	1.213000	1.244000	1.275000	1.306000	1.337000	1.384000	1.415000	1.447000	1.478000	1.509000	1.540000	1.571000	1.618000	1.649000	1.681000	1.712000	1.743000	1.774000	1.805000	1.837000	1.883000	1.915000	1.946000	1.977000	2.008000	2.039000	2.071000	2.117000	2.149000	2.180000	2.211000	2.242000	2.273000	2.305000	2.351000	2.383000	2.414000	2.445000	2.476000	2.507000	2.539000	2.570000	2.617000	2.648000	2.679000	2.710000	2.741000	2.773000	2.804000	2.851000	2.882000	2.913000	2.944000	2.975000	3.007000	3.038000	3.085000	3.116000	3.147000	3.178000	3.209000	3.241000	3.272000	3.303000	3.350000	3.381000	3.412000	3.443000	3.475000	3.506000	3.537000	3.584000	3.615000	3.646000	3.677000	3.709000	3.740000	3.771000	3.818000	3.849000	3.880000	3.911000	3.943000	3.974000	4.005000	4.036000	4.083000	4.114000	4.145000	4.177000	4.208000	4.239000	4.270000	4.317000	4.348000	4.379000	4.411000	4.442000	4.473000	4.504000	4.535000	4.582000	4.613000	4.645000	4.676000	4.707000	4.738000	4.769000	4.816000	4.847000	4.879000	4.910000	4.941000	4.972000	5.003000	5.050000	5.081000	5.113000	5.144000	5.175000	5.206000	5.237000	5.269000	5.315000	5.347000	5.378000	5.409000	5.440000	5.471000	5.503000	5.549000	5.581000	5.612000	5.643000	5.674000	5.705000	5.737000	5.783000	5.815000	5.846000	5.877000	5.908000	5.939000	5.971000	6.002000	6.049000	6.080000	6.111000	6.142000	6.173000	6.205000	6.236000	6.283000	6.314000	6.345000	6.376000	6.407000	6.439000	6.470000	6.501000	6.548000	6.579000	6.610000	6.641000	6.673000	6.704000	6.735000	6.782000	6.813000	6.844000	6.875000	6.907000	6.938000	6.969000	7.016000	7.047000	7.078000	7.109000	7.141000	7.172000	7.203000	7.234000	7.281000	7.312000	7.343000	7.375000	7.406000	7.437000	7.468000	7.515000	7.546000	7.577000	7.609000	7.640000	7.671000	7.702000	7.749000	7.780000	7.811000	7.843000	7.874000	7.905000	7.936000	7.967000	8.014000	8.045000	8.077000	8.108000	8.139000	8.170000	8.201000	8.248000	8.279000	8.311000	8.342000	8.373000	8.404000	8.435000	8.467000	8.513000	8.545000	8.576000	8.607000	8.638000	8.669000	8.701000	8.747000	8.779000	8.810000	8.841000	8.872000	8.903000	8.935000	8.981000	9.013000	9.044000	9.075000	9.106000	9.137000	9.169000	9.200000	9.247000	9.278000	9.309000	9.340000	9.371000	9.403000	9.434000	9.481000	9.512000	9.543000	9.574000	9.605000	9.637000	9.668000	9.715000	9.746000	9.777000	9.808000	9.839000	9.871000	9.902000	9.933000	9.980000	10.011000	10.042000	10.073000	10.105000	10.136000	10.167000	10.214000	10.245000	10.276000	10.307000	10.339000	10.370000	10.401000	10.448000	10.479000	10.510000	10.542000	10.573000	10.604000	10.635000	10.666000	10.713000	10.744000	10.776000	10.807000	10.838000	10.869000	10.900000	10.947000	10.978000	11.010000	11.041000	11.072000	11.103000	11.134000	11.166000	11.212000	11.244000	11.275000	11.306000	11.337000	11.368000	11.400000	11.446000	11.478000	11.509000	11.540000	11.571000	11.602000	11.634000	11.680000	11.712000	11.743000	11.774000	11.805000	11.836000	11.868000	11.899000	11.946000	11.977000	12.008000	12.039000	12.070000	12.102000	12.133000	12.180000	12.211000	12.242000	12.273000	12.304000	12.336000	12.367000	12.398000	12.445000	12.476000	12.507000	12.538000	12.570000	12.601000	12.632000	12.679000	12.710000	12.741000	12.772000	12.804000	12.835000	12.866000	12.913000	12.944000	12.975000	13.006000	13.038000	13.069000	13.100000	13.131000	13.178000	13.209000	13.240000	13.272000	13.303000	13.334000	13.365000	13.412000	13.443000	13.474000	13.506000	13.537000	13.568000	13.599000	13.646000	13.677000	13.708000	13.740000	13.771000	13.802000	13.833000	13.864000	13.911000	13.942000	13.974000	14.005000	14.036000	14.067000	14.098000	14.145000	14.176000	14.208000	14.239000	14.270000	14.301000	14.332000	14.379000	14.410000	14.442000	14.473000	14.504000	14.535000	14.566000	14.598000	14.644000	14.676000	14.707000	14.738000	14.769000	14.800000	14.832000	14.878000	14.910000	14.941000	14.972000	15.003000	15.034000	15.066000	15.112000	15.144000	15.175000	15.206000	15.237000	15.268000	15.300000	15.331000	15.378000	15.409000	15.440000	15.471000	15.502000	15.534000	15.565000	15.612000	15.643000	15.674000	15.705000	15.736000	15.768000	15.799000	15.830000	15.877000	15.908000	15.939000	15.970000	16.002000	16.033000	16.064000	16.111000	16.142000	16.173000	16.204000	16.236000	16.267000	16.298000	16.329000	16.376000	16.407000	16.438000	16.470000	16.501000	16.532000	16.563000	16.610000	16.641000	16.672000	16.704000	16.735000	16.766000	16.797000	16.844000	16.875000	16.906000	16.938000	16.969000	17.000000	17.031000	17.062000	17.109000	17.140000	17.172000	17.203000	17.234000	17.265000	17.296000	17.343000	17.374000	17.406000	17.437000	17.468000	17.499000	17.530000	17.577000	17.608000	17.640000	17.671000	17.702000	17.733000	17.764000	17.796000	17.842000	17.874000	17.905000	17.936000	17.967000	17.998000	18.030000	18.076000	18.108000	18.139000	18.170000	18.201000	18.232000	18.264000	18.310000	18.342000	18.373000	18.404000	18.435000	18.466000	18.498000	18.529000	18.576000	18.607000	18.638000	18.669000	18.700000	18.732000	18.763000	18.810000	18.841000	18.872000	18.903000	18.934000	18.966000	18.997000	19.044000	19.075000	19.106000	19.137000	19.168000	19.200000	19.231000	19.262000	19.309000	19.340000	19.371000	19.402000	19.434000	19.465000	19.496000	19.543000	19.574000	19.605000	19.636000	19.668000	19.699000	19.730000	19.777000	19.808000	19.839000	19.870000	19.902000	19.933000	19.964000	19.995000	20.042000	20.073000	20.104000	20.136000	20.167000	20.198000	20.229000	20.260000	20.307000	20.338000	20.370000	20.401000	20.432000	20.463000	20.494000	20.541000	20.572000	20.604000	20.635000	20.666000	20.697000	20.728000	20.775000	20.806000	20.838000	20.869000	20.900000	20.931000	20.962000	20.994000	21.040000	21.072000	21.103000	21.134000	21.165000	21.196000	21.228000	21.274000	21.306000	21.337000	21.368000	21.399000	21.430000	21.462000	21.508000	21.540000	21.571000	21.602000	21.633000	21.664000	21.696000	21.727000	21.774000	21.805000	21.836000	21.867000	21.898000	21.930000	21.961000	22.008000	22.039000	22.070000	22.101000	22.132000	22.164000	22.195000	22.242000	22.273000	22.304000	22.335000	22.366000	22.398000	22.429000	22.460000	22.507000	22.538000	22.569000	22.600000	22.632000	22.663000	22.694000	22.741000	22.772000	22.803000	22.834000	22.866000	22.897000	22.928000	22.975000	23.006000	23.037000	23.068000	23.100000	23.131000	23.162000	23.193000	23.240000	23.271000	23.302000	23.334000	23.365000	23.396000	23.427000	23.474000	23.505000	23.536000	23.568000	23.599000	23.630000	23.661000	23.708000	23.739000	23.770000	23.802000	23.833000	23.864000	23.895000	23.926000	23.973000	24.004000	24.036000	24.067000	24.098000	24.129000	24.160000	24.207000	24.238000	24.270000	24.301000	24.332000	24.363000	24.394000	24.426000	24.472000	24.504000	24.535000	24.566000	24.597000	24.628000	24.660000	24.706000	24.738000	24.769000	24.800000	24.831000	24.862000	24.894000	24.925000	24.972000	25.003000	25.034000	25.065000	25.096000	25.128000	25.159000	25.206000	25.237000	25.268000	25.299000	25.330000	25.362000	25.393000	25.440000	25.471000	25.502000	25.533000	25.564000	25.596000	25.627000	25.658000	25.705000	25.736000	25.767000	25.798000	25.830000	25.861000	25.892000	25.939000	25.970000	26.001000	26.032000	26.064000	26.095000	26.126000	26.173000	26.204000	26.235000	26.266000	26.298000	26.329000	26.360000	26.391000	26.438000	26.469000	26.500000	26.532000	26.563000	26.594000	26.625000	26.672000	26.703000	26.734000	26.766000	26.797000	26.828000	26.859000	26.906000	26.937000	26.968000	27.000000	27.031000	27.062000	27.093000	27.124000	27.171000	27.202000	27.234000	27.265000	27.296000	27.327000	27.358000	27.405000	27.436000	27.468000	27.499000	27.530000	27.561000	27.592000	27.639000	27.670000	27.702000	27.733000	27.764000	27.795000	27.826000	27.858000	27.904000	27.936000	27.967000	27.998000	28.029000	28.060000	28.092000	28.138000	28.170000	28.201000	28.232000	28.263000	28.294000	28.326000	28.357000	28.404000	28.435000	28.466000	28.497000	28.528000	28.560000	28.591000	28.638000	28.669000	28.700000	28.731000	28.762000	28.794000	28.825000	28.872000	28.903000	28.934000	28.965000	28.996000	29.028000	29.059000	29.090000	29.137000	29.168000	29.199000	29.230000	29.262000	29.293000	29.324000	29.371000	29.402000	29.433000	29.464000	29.496000	29.527000	29.558000	29.605000	29.636000	29.667000	29.698000	29.730000	29.761000	29.792000	29.823000	29.870000	29.901000	29.932000	29.964000	29.995000
%%%	13.913043	13.913043	13.913043	13.913043	13.913043	13.913043	13.913043	13.913043	13.913043	13.913043	13.913043	13.913043	13.913043	13.913043	13.913043	13.913043	13.913043	13.913043	13.913043	13.913043	13.913043	13.913043	13.913043	13.913043	13.913043	13.913043	13.913043	13.913043	13.913043	13.913043	13.913043	13.913043	13.913043	13.913043	13.913043	13.913043	13.913043	13.913043	13.913043	13.913043	13.913043	13.913043	13.913043	13.913043	13.913043	13.913043	13.913043	13.913043	13.913043	13.913043	13.913043	13.913043	13.913043	13.913043	13.913043	13.913043	13.913043	13.913043	13.913043	13.913043	13.913043	13.913043	13.913043	13.913043	13.913043	13.913043	13.913043	13.913043	13.913043	13.913043	13.913043	13.913043	13.913043	13.913043	13.913043	13.913043	13.913043	13.913043	13.913043	13.913043	13.913043	13.913043	13.913043	13.913043	13.913043	13.913043	13.913043	13.913043	13.913043	13.913043	13.913043	13.913043	13.913043	13.913043	13.913043	13.913043	13.913043	13.913043	13.913043	13.913043	13.913043	13.913043	13.913043	13.913043	13.913043	13.913043	13.913043	13.913043	13.913043	13.913043	13.913043	13.913043	13.913043	13.913043	13.913043	13.913043	13.913043	13.913043	13.913043	13.913043	13.913043	13.913043	13.913043	13.913043	13.913043	13.913043	13.913043	13.913043	13.913043	13.913043	13.913043	13.913043	13.913043	13.913043	13.913043	13.913043	13.913043	13.913043	13.913043	13.913043	13.913043	13.913043	13.913043	13.913043	13.913043	13.913043	13.913043	13.913043	13.913043	13.913043	13.913043	13.913043	13.913043	13.913043	13.913043	13.913043	13.913043	13.913043	13.913043	13.913043	13.913043	13.913043	13.913043	13.913043	13.913043	13.913043	13.913043	13.913043	13.913043	13.913043	13.913043	13.913043	13.913043	13.913043	13.913043	13.913043	13.913043	13.913043	13.913043	13.913043	13.913043	13.913043	13.913043	13.913043	13.913043	13.913043	13.913043	13.913043	13.913043	13.913043	13.913043	13.913043	13.913043	13.913043	13.913043	13.913043	13.913043	13.913043	13.913043	13.913043	13.913043	13.913043	13.913043	13.913043	13.913043	13.913043	13.913043	13.913043	13.913043	13.913043	13.913043	13.913043	13.913043	13.913043	13.913043	13.913043	13.913043	13.913043	13.913043	13.913043	13.913043	13.913043	13.913043	13.913043	13.913043	13.913043	13.913043	13.913043	13.913043	13.913043	13.913043	13.913043	13.913043	13.913043	13.913043	13.913043	13.913043	13.913043	13.913043	13.913043	13.913043	13.913043	13.913043	13.913043	13.913043	13.913043	13.913043	13.913043	13.913043	13.913043	13.913043	13.913043	13.913043	13.913043	13.913043	13.913043	13.913043	13.913043	13.913043	13.913043	13.913043	13.913043	13.913043	13.913043	13.913043	13.913043	13.913043	13.913043	13.913043	13.913043	13.913043	13.913043	13.913043	13.913043	13.913043	13.913043	13.913043	13.913043	13.913043	13.913043	13.913043	13.913043	13.913043	13.913043	13.913043	13.913043	13.913043	13.913043	13.913043	13.913043	13.913043	13.913043	13.913043	13.913043	13.913043	13.913043	13.913043	13.913043	13.913043	13.913043	13.913043	13.913043	13.913043	13.913043	13.913043	13.913043	13.913043	13.913043	13.913043	13.913043	13.913043	13.913043	13.913043	13.913043	13.913043	13.913043	13.913043	13.913043	13.913043	13.913043	13.913043	13.913043	13.913043	13.913043	13.913043	13.913043	13.913043	13.913043	13.913043	13.913043	13.913043	13.913043	13.913043	13.913043	13.913043	13.913043	13.913043	13.913043	13.913043	13.913043	13.913043	13.913043	13.913043	13.913043	13.913043	13.913043	13.913043	13.913043	13.913043	13.913043	13.913043	13.913043	13.913043	13.913043	13.913043	13.913043	13.913043	13.913043	13.913043	13.913043	13.913043	13.913043	13.913043	13.913043	13.913043	13.913043	13.913043	13.913043	13.913043	13.913043	13.913043	13.913043	13.913043	13.913043	13.913043	13.913043	13.913043	13.913043	13.913043	13.913043	13.913043	13.913043	13.913043	13.913043	13.913043	13.913043	13.913043	13.913043	13.913043	13.913043	13.913043	13.913043	13.913043	13.913043	13.913043	13.913043	13.913043	13.913043	13.913043	13.913043	13.913043	13.913043	13.913043	13.913043	13.913043	13.913043	13.913043	13.913043	13.913043	13.913043	13.913043	13.913043	13.913043	13.913043	13.913043	13.913043	13.913043	13.913043	13.913043	13.913043	13.913043	13.913043	13.913043	13.913043	13.913043	13.913043	13.913043	13.913043	13.913043	13.913043	13.913043	13.913043	13.913043	13.913043	13.913043	13.913043	13.913043	13.913043	13.913043	13.913043	13.913043	13.913043	13.913043	13.913043	13.913043	13.913043	13.913043	13.913043	13.913043	13.913043	13.913043	13.913043	13.913043	13.913043	13.913043	13.913043	13.913043	13.913043	13.913043	13.913043	13.913043	13.913043	13.913043	13.913043	13.913043	13.913043	13.913043	13.913043	13.913043	13.913043	13.913043	13.913043	13.913043	13.913043	13.913043	13.913043	13.913043	13.913043	13.913043	13.913043	13.913043	13.913043	13.913043	13.913043	13.913043	13.913043	13.913043	13.913043	13.913043	13.913043	13.913043	13.913043	13.913043	13.913043	13.913043	13.913043	13.913043	13.913043	13.913043	13.913043	13.913043	13.913043	13.913043	13.913043	13.913043	13.913043	13.913043	13.913043	13.913043	13.913043	13.913043	13.913043	13.913043	13.913043	13.913043	13.913043	13.913043	13.913043	13.913043	13.913043	13.913043	13.913043	13.913043	13.913043	13.913043	13.913043	13.913043	13.913043	13.913043	13.913043	13.913043	13.913043	13.913043	13.913043	13.913043	13.913043	13.913043	13.913043	13.913043	13.913043	13.913043	13.913043	13.913043	13.913043	13.913043	13.913043	13.913043	13.913043	13.913043	13.913043	13.913043	13.913043	13.913043	13.913043	13.913043	13.913043	13.913043	13.913043	13.913043	13.913043	13.913043	13.913043	13.913043	13.913043	13.913043	13.913043	13.913043	13.913043	13.913043	13.913043	13.913043	13.913043	13.913043	13.913043	13.913043	13.913043	13.913043	13.913043	13.913043	13.913043	13.913043	13.913043	13.913043	13.913043	13.913043	13.913043	13.913043	13.913043	13.913043	13.913043	13.913043	13.913043	13.913043	13.913043	13.913043	13.913043	13.913043	13.913043	13.913043	13.913043	13.913043	13.913043	13.913043	13.913043	13.913043	13.913043	13.913043	13.913043	13.913043	13.913043	13.913043	13.913043	13.913043	13.913043	13.913043	13.913043	13.913043	13.913043	13.913043	13.913043	13.913043	13.913043	13.913043	13.913043	13.913043	13.913043	13.913043	13.913043	13.913043	13.913043	13.913043	13.913043	13.913043	13.913043	13.913043	13.913043	13.913043	13.913043	13.913043	13.913043	13.913043	13.913043	13.913043	13.913043	13.913043	13.913043	13.913043	13.913043	13.913043	13.913043	13.913043	13.913043	13.913043	13.913043	13.913043	13.913043	13.913043	13.913043	13.913043	13.913043	13.913043	13.913043	13.913043	13.913043	13.913043	13.913043	13.913043	13.913043	13.913043	13.913043	13.913043	13.913043	13.913043	13.913043	13.913043	13.913043	13.913043	13.913043	13.913043	13.913043	13.913043	13.913043	13.913043	13.913043	13.913043	13.913043	13.913043	13.913043	13.913043	13.913043	13.913043	13.913043	13.913043	13.913043	13.913043	13.913043	13.913043	13.913043	13.913043	13.913043	13.913043	13.913043	13.913043	13.913043	13.913043	13.913043	13.913043	13.913043	13.913043	13.913043	13.913043	13.913043	13.913043	13.913043	13.913043	13.913043	13.913043	13.913043	13.913043	13.913043	13.913043	13.913043	13.913043	13.913043	13.913043	13.913043	13.913043	13.913043	13.913043	13.913043	13.913043	13.913043	13.913043	13.913043	13.913043	13.913043	13.913043	13.913043	13.913043	13.913043	13.913043	13.913043	13.913043	13.913043	13.913043	13.913043	13.913043	13.913043	13.913043	13.913043	13.913043	13.913043	13.913043	13.913043	13.913043	13.913043	13.913043	13.913043	13.913043	13.913043	13.913043	13.913043	13.913043	13.913043	13.913043	13.913043	13.913043	13.913043	13.913043	13.913043	13.913043	13.913043	13.913043	13.913043	13.913043	13.913043	13.913043	13.913043	13.913043	13.913043	13.913043	13.913043	13.913043	13.913043	13.913043	13.913043	13.913043	13.913043	13.913043	13.913043	13.913043	13.913043	13.913043	13.913043	13.913043	13.913043	13.913043	13.913043	13.913043	13.913043	13.913043	13.913043	13.913043	13.913043	13.913043	13.913043	13.913043	13.913043	13.913043	13.913043	13.913043	13.913043	13.913043	13.913043	13.913043	13.913043	13.913043	13.913043	13.913043	13.913043	13.913043	13.913043	13.913043	13.913043	13.913043	13.913043	13.913043	13.913043	13.913043	13.913043	13.913043	13.913043	13.913043	13.913043	13.913043	13.913043	13.913043	13.913043	13.913043	13.913043	13.913043	13.913043	13.913043	13.913043	13.913043	13.913043	13.913043	13.913043	13.913043	13.913043	13.913043	13.913043	13.913043	13.913043	13.913043	13.913043	13.913043	13.913043	13.913043	13.913043	13.913043	13.913043	13.913043	13.913043	13.913043	13.913043	13.913043	13.913043	13.913043	13.913043	13.913043	13.913043	13.913043	13.913043	13.913043	13.913043	13.913043	13.913043	13.913043	13.913043	13.913043	13.913043	13.913043	13.913043	13.913043	13.913043	13.913043	13.913043	13.913043	13.913043	13.913043	13.913043	13.913043	13.913043	13.913043	13.913043	13.913043	13.913043	13.913043	13.913043	13.913043	13.913043	13.913043
%%%	Pulse Index	Stimulus Section Index	Stimulus Section Start Index	Stimulus Section End Index	Pupil Stimulated: 0 = Right, 1 = Left, 2 = Both	Light Metric: 0 = Photopic, 1 = Scopotic, 2 = Radiometric	Stimulus Start Time	Stimulus Duration	Stimulus Pulse Duration	Right Pulse Max Level	Right Pulse Max Color (0123 = WRGB)	Right Pulse Min Level	Right Pulse Min Color (0123 = WRGB)	Left Pulse Max Level	Left Pulse Max Color (0123 = WRGB)	Left Pulse Min Level	Left Pulse Min Color (0123 = WRGB)	Right Data Input Type (0 == RAW DATA, 1 == FITTED DATA, 2 == M. OVERRIDED)	Right ANALYSIS STATE (0 == ABNORMAL, 1 == NORMAL)	Right MAX (mm) (EMPTY if INVALID)	Right MIN (mm) (EMPTY if INVALID)	Right DELTA (mm) (EMPTY if INVALID)	Right CH (%) (EMPTY if INVALID)	Right LAT (sec) (EMPTY if INVALID)	Right CV (mm/s) (EMPTY if INVALID)	Right MCV (mm/s) (EMPTY if INVALID)	Right DV (mm/s) (EMPTY if INVALID)	Left Data Input Type (0 == RAW DATA, 1 == FITTED DATA, 2 == M. OVERRIDED)	Left ANALYSIS STATE (0 == ABNORMAL, 1 == NORMAL)	Left MAX (mm) (EMPTY if INVALID)	Left MIN (mm) (EMPTY if INVALID)	Left DELTA (mm) (EMPTY if INVALID)	Left CH (%) (EMPTY if INVALID)	Left LAT (sec) (EMPTY if INVALID)	Left CV (mm/s) (EMPTY if INVALID)	Left MCV (mm/s) (EMPTY if INVALID)	Left DV (mm/s) (EMPTY if INVALID)
%%%	0	0	17	902	0	0	0.51	29.52	0.51	4.01	3	0.00	3	0.00	3	0.00	3	0	0	0.00	0.00			0.00	0.00	0.00	0.00	0	0	0.00	0.00			0.00	0.00	0.00	0.00
%%%%%%%%%
%%%%%%%%%
%%%%%%%%%
<\SESSION>
