<SESSION>
<VERSION>
2
<\VERSION>
<DATE>
2017-10-31 11:57:37
<\DATE>
<SUBJECT-ID>
C57BL6-28.09.17-DA-1mois-M1-1.2b
<\SUBJECT-ID>
<NOTE>

<\NOTE>
<MIN-MAX-PLOT>
0.100000 51880.761719
<\MIN-MAX-PLOT>
<STIMULUS-DEFINED>
Default
Default Human Relative Spectral Sensitivity
1	0
1	0.500000	0.500000	29.000000	3	3	1.200000	-100.000000	0.100000	-100.000000	0
<\STIMULUS-DEFINED>
<STIMULUS-GENERATED>
4
0	0	0.000000	3	0.000000	0.000000	3	0.000000	0.000000
0	1	0.510000	3	0.299242	15.810344	3	0.000000	0.000000
0	4	1.019000	3	0.000000	0.000000	3	0.000000	0.000000
-1	5	30.028000	0	0.000000	0.000000	0	0.000000	0.000000
<\STIMULUS-GENERATED>
<RIGHT-PUPIL-DATA>
902	1
1	-0.066000	1.101449	375.500000	303.500000
1	-0.019000	1.121159	374.562500	303.125000
1	0.012000	1.124638	375.500000	305.500000
1	0.043000	1.114203	374.524994	302.850006
1	0.075000	1.133333	373.700012	303.299988
0	0.106000	1.031884	375.500000	301.500000
1	0.137000	1.103333	374.268677	303.706116
1	0.168000	1.124638	374.000000	303.000000
1	0.215000	1.094493	375.774994	303.774994
1	0.246000	1.112899	374.743744	303.006256
1	0.277000	1.113623	375.125000	304.500000
1	0.309000	1.111594	374.737488	304.049988
1	0.340000	1.117971	375.112488	303.937500
1	0.371000	1.105507	374.949982	304.100006
1	0.402000	1.140145	374.381256	304.118744
1	0.433000	1.114203	375.149994	303.475006
1	0.480000	1.146667	375.274994	303.274994
1	0.511000	1.082029	376.500000	303.000000
1	0.543000	1.115797	375.468750	302.956238
1	0.574000	1.113188	376.006256	302.943756
1	0.605000	1.122899	375.975006	303.024994
1	0.636000	1.088696	376.812500	302.875000
1	0.667000	1.105362	376.631256	302.756256
1	0.714000	1.114493	376.500000	302.637512
1	0.745000	1.100145	376.693756	303.306244
1	0.777000	1.088551	377.093750	302.906250
1	0.808000	1.032029	377.593750	302.593750
1	0.839000	1.031159	377.306213	301.806274
1	0.870000	0.988116	377.287506	302.712494
1	0.901000	0.975507	377.543762	301.968750
1	0.948000	0.950145	377.150055	303.200043
1	0.979000	0.933768	377.368744	303.056244
1	1.011000	0.885942	377.006256	303.006256
1	1.042000	0.848406	377.437500	303.187500
1	1.073000	0.835362	377.500000	302.000000
1	1.104000	0.829855	377.512512	302.437500
1	1.135000	0.791449	377.618744	302.618744
1	1.167000	0.796667	378.056244	302.481232
1	1.213000	0.764203	378.043732	301.756256
1	1.245000	0.743623	377.681244	301.681244
1	1.276000	0.724928	377.087494	302.087494
1	1.307000	0.695652	377.500000	302.500000
1	1.338000	0.690290	377.568756	301.681244
1	1.369000	0.664203	378.256256	301.243744
1	1.401000	0.661884	378.243744	300.306244
1	1.447000	0.662899	378.212494	301.212494
1	1.479000	0.660870	379.500000	301.500000
1	1.510000	0.650725	378.375000	300.125000
1	1.541000	0.652754	378.875000	300.062500
0	1.572000	0.347826	377.106354	305.481293
1	1.603000	0.660870	379.500000	301.500000
1	1.635000	0.626377	377.662506	301.162506
1	1.681000	0.612464	378.187500	300.500000
1	1.713000	0.610145	377.750000	300.625000
1	1.744000	0.585797	377.962494	300.850006
1	1.775000	0.600580	377.625000	300.500000
1	1.806000	0.611014	377.600006	301.600006
0	1.837000	0.347826	374.993805	305.856415
0	1.869000	0.347826	387.556488	315.193817
1	1.900000	0.585362	377.156250	303.156250
1	1.947000	0.626087	377.500000	302.500000
1	1.978000	0.610290	377.531250	302.468750
1	2.009000	0.618986	378.281250	301.893738
0	2.040000	0.440580	374.750000	300.750000
1	2.071000	0.602174	377.625000	302.250000
1	2.103000	0.627246	377.975006	301.975006
0	2.134000	0.520145	375.531250	301.718750
0	2.181000	0.347826	376.818756	307.681244
0	2.212000	0.347826	374.993744	306.993744
1	2.243000	0.605362	377.568756	302.181244
0	2.274000	0.347826	375.018738	305.718750
0	2.305000	0.614493	376.500000	300.500000
1	2.337000	0.621159	377.687500	301.562500
1	2.368000	0.634203	377.875000	301.125000
1	2.415000	0.618406	377.268768	301.381256
0	2.446000	0.522899	375.475006	301.712494
0	2.477000	0.481159	374.500000	300.000000
0	2.508000	0.383188	373.250000	299.375000
0	2.539000	0.522899	375.475006	301.475006
1	2.571000	0.347826	398.181244	326.318756
1	2.602000	0.613623	377.637512	302.250000
1	2.633000	0.614058	377.556244	301.431244
1	2.680000	0.633623	378.100006	301.899994
0	2.711000	0.660870	375.500000	301.500000
1	2.742000	0.620580	377.237518	302.649994
0	2.773000	0.347826	375.168701	307.668701
1	2.805000	0.617826	376.631256	301.993744
1	2.836000	0.641159	377.125000	302.612488
0	2.867000	0.496377	375.018738	301.093750
0	2.914000	0.407681	373.368744	300.868744
0	2.945000	0.347826	373.843750	305.843750
1	2.976000	0.620290	377.575012	302.424988
1	3.007000	0.620290	377.687500	302.424988
0	3.039000	0.495072	374.875000	300.875000
0	3.070000	0.347826	400.456268	327.343719
0	3.101000	0.522899	375.512482	301.475006
1	3.132000	0.634058	377.143738	303.143738
0	3.179000	0.347826	374.843658	306.993683
1	3.210000	0.621739	377.625000	302.875000
0	3.241000	0.347826	404.693756	327.543732
1	3.273000	0.618406	378.068756	302.618744
0	3.304000	0.347826	377.843719	309.443756
1	3.335000	0.652319	377.668701	303.968750
0	3.366000	0.568116	375.500000	305.500000
1	3.413000	0.622754	377.506256	303.006256
0	3.444000	0.420290	373.200012	302.200012
0	3.475000	0.531014	375.375000	301.375000
1	3.507000	0.644928	378.012512	302.062500
0	3.538000	0.568116	376.500000	300.500000
1	3.569000	0.655072	378.500000	302.500000
1	3.600000	0.646812	378.381256	302.943756
1	3.647000	0.659710	377.475006	303.225006
1	3.678000	0.648406	378.000000	304.000000
1	3.709000	0.659855	377.543732	303.543732
0	3.741000	0.347826	373.318878	306.306305
1	3.772000	0.653768	378.593750	302.393738
1	3.803000	0.653333	378.100006	302.637482
1	3.834000	0.672754	378.162506	302.350006
0	3.865000	0.388986	373.600006	300.587494
1	3.912000	0.646377	378.406250	302.031250
1	3.943000	0.671159	378.281250	302.281250
1	3.975000	0.662319	377.762512	302.487488
1	4.006000	0.666812	377.718750	302.281250
1	4.037000	0.648406	378.000000	302.000000
0	4.068000	0.347826	377.693756	307.306244
1	4.099000	0.544928	375.000000	300.000000
1	4.146000	0.672899	378.431244	301.818756
0	4.177000	0.357536	376.006256	297.006256
1	4.209000	0.649275	378.500000	302.500000
1	4.240000	0.661884	378.243744	301.543732
0	4.271000	0.347826	409.693634	322.493744
1	4.302000	0.663043	378.250000	302.187500
1	4.333000	0.672464	378.500000	302.500000
1	4.380000	0.648551	379.043762	301.981262
1	4.411000	0.672319	379.343750	302.343750
1	4.443000	0.684058	379.500000	301.500000
1	4.474000	0.640725	379.593750	302.893738
0	4.505000	0.433188	376.018738	300.018738
0	4.536000	0.347826	378.306549	308.168793
1	4.567000	0.670580	378.318756	302.631256
1	4.599000	0.663623	378.731201	302.781250
1	4.645000	0.637681	379.500000	301.500000
1	4.677000	0.671159	379.656250	301.643738
0	4.708000	0.407681	374.818756	301.068756
0	4.739000	0.637681	381.500000	301.500000
1	4.770000	0.643478	380.062500	302.062500
1	4.801000	0.673333	380.187500	302.062500
0	4.833000	0.559855	377.943756	301.306244
0	4.879000	0.565797	377.875000	301.250000
1	4.911000	0.672319	379.706238	302.843750
1	4.942000	0.666232	379.718781	302.793732
1	4.973000	0.685942	379.956268	302.506256
1	5.004000	0.672464	379.500000	302.500000
0	5.035000	0.602899	377.500000	300.500000
0	5.067000	0.475362	376.000000	302.000000
0	5.113000	0.347826	416.493500	309.506256
1	5.145000	0.657101	379.875000	302.437500
0	5.176000	0.347826	380.818756	308.318756
1	5.207000	0.660870	379.500000	301.500000
1	5.238000	0.665797	379.312500	302.312500
0	5.269000	0.495072	376.875000	300.924988
1	5.301000	0.626087	380.250000	301.250000
1	5.332000	0.648116	379.950012	301.037476
0	5.379000	0.347826	380.156342	306.706390
1	5.410000	0.684058	379.500000	299.500000
0	5.441000	0.347826	409.687500	322.325012
1	5.472000	0.670145	379.375000	301.375000
1	5.503000	0.664493	379.281250	300.581238
1	5.535000	0.664203	379.506256	301.243744
1	5.566000	0.660870	379.500000	301.500000
1	5.613000	0.659275	379.531250	300.531250
1	5.644000	0.670145	380.625000	300.312500
1	5.675000	0.670725	379.600006	300.287506
1	5.706000	0.667971	379.718750	300.281250
0	5.737000	0.347826	376.518738	305.843750
1	5.769000	0.681449	379.462494	300.537506
0	5.800000	0.637681	377.500000	301.500000
0	5.847000	0.511449	376.093750	299.656250
1	5.878000	0.660870	380.250000	300.750000
1	5.909000	0.672464	381.062500	301.187500
0	5.940000	0.448985	376.225006	301.412506
1	5.971000	0.679275	380.506256	301.131256
0	6.003000	0.501594	376.981262	299.031250
1	6.034000	0.673188	380.581238	300.643738
0	6.065000	0.446812	375.568756	298.568756
1	6.112000	0.660870	379.500000	301.500000
1	6.143000	0.692899	379.968750	300.968750
0	6.174000	0.350580	380.156250	306.593750
1	6.205000	0.672464	380.750000	300.750000
0	6.237000	0.347826	386.156250	301.843750
1	6.268000	0.347826	414.531281	324.456268
0	6.299000	0.415797	376.018738	300.768738
1	6.346000	0.670580	380.681244	301.681244
0	6.377000	0.540580	378.750061	301.024963
1	6.408000	0.655072	380.500000	302.000000
1	6.439000	0.650290	380.343781	301.993805
1	6.471000	0.665072	380.268768	302.218658
1	6.502000	0.347826	410.518585	322.306305
0	6.533000	0.347826	377.806305	305.006378
1	6.564000	0.668986	380.687500	301.375000
1	6.611000	0.660725	380.806244	302.181244
0	6.642000	0.473768	376.781250	299.268738
1	6.673000	0.670725	381.212494	301.350006
1	6.705000	0.663043	380.437500	302.250000
1	6.736000	0.660870	380.500000	302.500000
1	6.767000	0.668551	380.318756	302.256256
1	6.798000	0.684058	379.500000	301.500000
0	6.845000	0.347826	412.481506	287.031311
1	6.876000	0.637681	381.500000	301.500000
0	6.907000	0.382029	380.750000	296.312500
0	6.939000	0.420725	376.256256	300.956268
0	6.970000	0.394493	378.162506	304.837494
1	7.001000	0.684058	380.000000	302.000000
1	7.032000	0.701159	381.037506	301.962494
0	7.063000	0.347826	415.174866	326.000000
1	7.110000	0.654203	381.087494	302.087494
0	7.141000	0.347826	408.818756	323.806427
1	7.173000	0.680580	381.524994	301.537506
1	7.204000	0.672754	381.524994	300.837494
1	7.235000	0.671884	381.637451	301.599976
0	7.266000	0.583478	382.174622	302.825378
0	7.297000	0.533333	379.375000	301.387512
1	7.344000	0.655072	381.500000	303.000000
1	7.375000	0.347826	402.693695	333.518707
1	7.407000	0.687536	381.124969	302.024994
1	7.438000	0.684203	382.081299	302.481262
0	7.469000	0.418986	377.218750	301.968750
1	7.500000	0.677246	382.118744	302.618744
1	7.531000	0.672464	381.500000	302.500000
0	7.578000	0.545072	379.543762	300.543762
1	7.609000	0.666812	381.781250	302.406250
0	7.641000	0.347826	413.918732	324.518768
0	7.672000	0.660870	379.500000	301.500000
1	7.703000	0.664203	382.568756	302.243744
1	7.734000	0.660870	383.000000	302.000000
1	7.765000	0.662029	383.774994	301.475006
1	7.797000	0.670145	383.625000	301.312500
1	7.843000	0.664058	383.899994	301.225006
1	7.875000	0.653333	383.962494	300.899994
1	7.906000	0.672899	383.631256	301.568756
1	7.937000	0.637681	383.500000	301.500000
1	7.968000	0.666812	383.781250	301.718750
1	7.999000	0.698841	384.274994	302.024994
1	8.031000	0.655507	383.868744	302.068756
1	8.077000	0.672464	383.750000	301.250000
1	8.109000	0.672319	383.331238	302.343750
1	8.140000	0.673333	383.375000	301.312500
1	8.171000	0.690725	382.924988	301.437500
1	8.202000	0.347826	404.656464	333.531525
1	8.233000	0.664493	382.768799	302.218750
1	8.265000	0.663623	382.781250	301.781250
1	8.311000	0.668406	382.350006	301.649994
1	8.343000	0.707681	382.181244	300.818756
1	8.374000	0.672319	382.331238	300.343750
1	8.405000	0.681594	381.506256	300.443756
0	8.436000	0.347826	408.006134	316.693451
1	8.467000	0.672319	382.156250	300.343750
0	8.499000	0.347826	406.543732	320.643829
1	8.530000	0.691449	381.331268	301.056244
0	8.577000	0.566377	378.850006	300.962494
0	8.608000	0.347826	408.806183	321.006500
0	8.639000	0.348406	419.143768	302.456268
1	8.670000	0.676812	382.387512	300.612488
1	8.701000	0.703623	381.843750	300.643799
0	8.733000	0.373913	385.831696	296.856903
1	8.764000	0.666377	382.399994	301.712494
1	8.811000	0.695507	382.006256	301.993744
1	8.842000	0.694058	381.968750	302.068787
1	8.873000	0.698406	381.906250	301.718750
0	8.904000	0.347826	407.181244	324.181244
1	8.935000	0.651015	383.637482	301.962494
1	8.967000	0.678551	383.574982	302.387482
1	8.998000	0.676377	382.381134	302.868683
1	9.045000	0.690290	382.568756	302.568756
1	9.076000	0.683623	382.506256	302.506256
1	9.107000	0.703768	381.750000	302.875000
1	9.138000	0.689130	381.581268	303.006256
0	9.169000	0.459855	380.318756	300.381256
1	9.201000	0.716522	383.037506	303.012482
1	9.232000	0.661449	383.250000	304.187500
0	9.263000	0.520580	381.262482	304.774994
1	9.310000	0.698406	384.281250	303.718750
1	9.341000	0.690290	384.431244	303.568756
1	9.372000	0.696377	383.956238	304.018738
0	9.403000	0.660870	382.500000	304.500000
1	9.435000	0.660870	383.500000	305.500000
1	9.466000	0.662899	383.787506	305.212494
0	9.497000	0.347826	384.756256	310.506256
1	9.544000	0.672319	384.156250	304.156250
1	9.575000	0.665797	384.687500	304.424988
0	9.606000	0.347826	403.681244	316.681244
1	9.637000	0.698841	383.862518	303.712494
1	9.669000	0.696377	384.018738	303.981262
1	9.700000	0.696377	383.956238	303.656250
1	9.731000	0.741304	382.756256	304.731232
1	9.778000	0.691884	383.950012	304.387512
1	9.809000	0.707536	383.837494	304.149994
1	9.840000	0.712319	383.981262	303.731262
1	9.871000	0.707246	384.500000	302.500000
0	9.903000	0.348406	418.481262	325.981262
1	9.934000	0.745072	382.693726	304.318726
1	9.965000	0.727246	382.962494	303.037506
1	9.996000	0.748551	382.643738	303.406250
1	10.043000	0.752754	382.187500	303.687500
1	10.074000	0.753623	380.500000	302.500000
1	10.105000	0.747101	382.631256	303.368744
1	10.137000	0.772464	382.924988	302.312500
1	10.168000	0.753623	382.000000	303.000000
0	10.199000	0.348985	408.149994	330.975006
1	10.230000	0.745797	382.712494	303.287506
1	10.277000	0.759855	382.806244	302.443756
1	10.308000	0.768406	382.850006	302.837494
1	10.339000	0.755942	382.500000	302.500000
1	10.371000	0.727681	382.781250	303.031250
1	10.402000	0.770290	383.206238	302.956238
1	10.433000	0.775072	383.100006	302.399994
1	10.464000	0.724493	383.906250	303.031250
1	10.511000	0.764058	383.649994	303.225006
1	10.542000	0.742464	383.781464	302.731232
1	10.573000	0.743623	383.681244	302.318756
1	10.605000	0.764638	383.500000	303.049988
1	10.636000	0.778841	383.187500	302.812500
0	10.667000	0.391884	385.000000	308.750000
1	10.698000	0.773188	383.143738	302.143738
1	10.729000	0.775072	383.100006	301.850006
1	10.776000	0.733189	384.731232	302.731232
1	10.807000	0.742898	383.312500	302.312500
1	10.839000	0.761884	383.093719	302.506256
1	10.870000	0.791884	383.012512	303.000000
1	10.901000	0.745072	383.281250	303.281250
0	10.932000	0.403768	382.887756	298.012390
1	10.963000	0.749855	383.337494	303.412506
1	10.995000	0.753623	383.000000	303.000000
1	11.041000	0.755942	383.312500	302.687500
1	11.073000	0.759855	383.068756	302.556244
1	11.104000	0.758116	383.893738	302.531250
1	11.135000	0.756667	383.493744	303.493744
1	11.166000	0.764203	382.943756	302.506256
1	11.197000	0.759275	383.468750	303.468750
1	11.229000	0.759855	383.306244	303.556244
1	11.275000	0.787536	382.937500	302.812500
1	11.307000	0.796232	383.062500	303.549988
1	11.338000	0.759710	383.462494	303.412506
1	11.369000	0.792754	382.875000	303.125000
1	11.400000	0.765362	383.043732	302.556244
1	11.431000	0.796812	382.087494	302.912506
1	11.463000	0.745362	383.293732	303.306122
1	11.509000	0.797246	382.106262	302.906250
1	11.541000	0.792464	382.024994	301.975006
1	11.572000	0.800145	381.306244	302.993744
1	11.603000	0.815942	381.250000	303.125000
1	11.634000	0.783768	381.725006	303.225006
1	11.665000	0.796667	381.943756	302.056244
1	11.697000	0.789855	382.000000	302.125000
1	11.728000	0.814638	381.718750	302.281250
1	11.775000	0.794493	382.024994	302.087494
1	11.806000	0.791884	382.000000	302.000000
1	11.837000	0.800000	382.500000	302.500000
1	11.868000	0.742319	382.662506	303.087494
1	11.899000	0.788116	382.087494	302.712494
1	11.931000	0.790145	381.975006	302.649994
1	11.962000	0.814638	381.718750	302.281250
1	12.009000	0.756666	382.543762	301.543823
1	12.040000	0.764638	382.500000	301.625000
1	12.071000	0.782464	382.243744	301.868744
1	12.102000	0.795942	382.049988	301.937500
1	12.133000	0.759855	382.381256	301.556244
1	12.165000	0.791304	382.000000	302.000000
1	12.196000	0.798841	381.962494	302.149994
1	12.243000	0.769420	382.318756	302.506256
1	12.274000	0.790290	381.643707	302.993744
1	12.305000	0.759420	383.000000	303.000000
1	12.336000	0.792898	382.968750	302.306213
0	12.367000	0.351159	383.493744	309.431244
1	12.399000	0.776667	383.093750	302.468750
1	12.430000	0.820145	382.781250	302.218750
1	12.461000	0.783188	382.875000	302.625000
0	12.508000	0.846377	383.500000	305.500000
1	12.539000	0.812464	382.349976	302.262512
1	12.570000	0.800580	382.000000	302.487488
1	12.601000	0.800580	382.875000	301.875000
1	12.633000	0.805507	382.837494	302.162506
0	12.664000	0.417971	382.799988	295.250000
1	12.695000	0.810290	383.218750	302.093750
1	12.742000	0.800580	383.000000	302.000000
1	12.773000	0.826667	382.500000	301.562500
0	12.804000	0.347826	405.518677	321.156250
1	12.835000	0.800435	382.018738	302.068726
1	12.867000	0.802754	382.568726	302.018738
1	12.898000	0.821159	382.812500	301.812500
0	12.929000	0.846377	383.500000	305.500000
1	12.976000	0.799275	383.000000	301.937500
1	13.007000	0.811884	382.837494	302.162506
0	13.038000	0.846377	379.500000	305.500000
1	13.069000	0.809275	382.250000	301.375000
1	13.101000	0.805362	382.068756	301.181244
1	13.132000	0.809710	382.118744	301.756256
1	13.163000	0.814638	381.718750	301.281250
1	13.194000	0.823333	381.593750	301.593750
1	13.241000	0.798406	382.906250	301.881165
1	13.272000	0.812464	382.887451	301.312500
1	13.303000	0.795072	382.562500	301.062500
0	13.335000	0.753623	379.500000	301.500000
1	13.366000	0.826667	382.875000	301.312500
1	13.397000	0.815072	382.712494	301.149994
1	13.428000	0.812464	382.312500	301.187500
1	13.475000	0.794203	382.031250	301.156250
1	13.506000	0.803333	382.993744	301.506317
1	13.537000	0.779855	382.831238	300.718750
1	13.569000	0.800000	382.500000	300.500000
0	13.600000	0.417971	384.000000	306.812500
1	13.631000	0.787536	384.062500	300.312500
1	13.662000	0.792464	384.024994	300.850006
1	13.709000	0.771014	384.500000	300.500000
1	13.740000	0.788406	384.049988	300.424988
1	13.771000	0.814638	383.718750	300.331238
0	13.803000	0.608696	378.500000	299.000000
1	13.834000	0.814203	383.287506	300.662506
1	13.865000	0.832029	383.468750	299.531250
1	13.896000	0.757246	383.481262	298.856262
1	13.927000	0.756812	385.524994	299.662506
1	13.974000	0.743333	385.693756	299.443756
1	14.005000	0.846377	383.500000	297.500000
1	14.037000	0.778841	385.187500	299.187500
1	14.068000	0.751015	385.824982	299.537506
1	14.099000	0.721159	385.875000	300.000000
1	14.130000	0.742464	386.268768	299.731232
1	14.161000	0.751159	385.306244	299.681244
1	14.208000	0.871159	384.468750	297.518738
0	14.239000	0.452319	386.306244	304.368744
1	14.271000	0.857536	384.306244	298.068756
1	14.302000	0.883768	384.762482	297.762482
0	14.333000	0.781449	385.725006	299.725006
1	14.364000	0.742029	386.262512	300.200012
1	14.396000	0.757246	385.518738	300.518738
1	14.442000	0.858116	384.343750	300.281250
0	14.474000	0.828841	385.081238	300.656250
1	14.505000	0.895072	383.125000	300.174988
1	14.536000	0.882754	383.993744	300.306244
1	14.567000	0.927536	383.750000	299.250000
1	14.598000	0.896812	383.149994	300.449982
1	14.630000	0.924928	383.462494	299.787506
1	14.661000	0.922319	383.187500	298.625000
1	14.708000	0.949420	383.218750	298.793762
1	14.739000	0.957102	382.750000	298.312500
1	14.770000	0.881159	381.750000	299.250000
1	14.801000	0.968985	381.937592	298.037567
1	14.832000	0.928841	382.093750	299.406250
0	14.864000	0.459275	387.593750	304.593750
1	14.895000	0.939130	382.750000	296.750000
1	14.942000	0.968551	382.431244	297.056244
1	14.973000	0.966812	383.168762	297.406250
1	15.004000	0.921739	382.500000	298.500000
1	15.035000	0.956667	383.243744	297.243744
0	15.066000	0.840290	384.350006	299.574982
1	15.098000	0.921159	382.750061	299.250061
1	15.129000	0.927536	381.500000	299.500000
1	15.160000	0.968985	383.062500	297.937500
0	15.207000	0.866232	384.193756	299.443756
1	15.238000	0.968985	382.937500	298.937500
1	15.269000	0.973188	383.643738	298.093750
0	15.300000	0.452319	390.493744	303.493744
0	15.332000	0.835797	385.493744	300.493744
1	15.363000	0.970290	382.531250	298.956238
1	15.394000	0.934783	382.500000	300.500000
1	15.441000	0.976812	382.031250	299.031250
1	15.472000	0.992898	382.268738	298.656250
1	15.503000	0.934783	382.250000	299.375000
1	15.534000	1.007102	383.468750	298.531250
1	15.566000	0.962319	381.500000	299.500000
1	15.597000	1.008116	383.000000	298.500000
0	15.628000	0.347826	421.681244	299.931244
1	15.659000	1.020290	383.500000	299.500000
1	15.706000	0.998841	382.899994	299.100006
1	15.737000	0.927101	381.556244	300.443756
1	15.768000	0.985507	382.500000	300.500000
1	15.800000	0.974493	383.000000	300.437500
1	15.831000	0.939130	383.500000	301.500000
1	15.862000	0.985942	383.306244	300.668732
1	15.893000	1.026812	382.781250	300.206238
1	15.940000	1.026667	382.750000	300.187500
1	15.971000	1.025507	382.750000	300.250000
1	16.002000	0.997101	382.375000	301.875000
1	16.034000	1.046377	381.500000	301.000000
1	16.065000	1.051449	382.093750	302.431213
1	16.096000	1.044492	382.493622	301.456390
1	16.127000	1.044058	382.500000	301.000000
1	16.174000	1.025072	383.243744	302.293732
1	16.205000	1.066232	382.806244	301.693756
1	16.236000	1.059710	383.350006	301.774994
1	16.268000	1.044058	382.500000	303.500000
1	16.299000	1.031884	383.500000	301.500000
1	16.330000	1.048841	382.881256	302.943756
1	16.361000	1.062029	382.725006	303.712494
1	16.392000	1.066812	383.218750	302.343750
1	16.439000	1.095652	382.875000	302.125000
1	16.470000	1.076667	382.518738	302.031250
1	16.502000	1.078841	383.000000	303.000000
1	16.533000	1.031884	383.500000	301.500000
1	16.564000	1.078261	382.500000	304.500000
1	16.595000	1.101449	383.500000	305.500000
1	16.626000	1.081594	382.806244	305.556244
1	16.673000	1.078261	382.500000	306.500000
1	16.704000	1.078261	383.000000	305.000000
1	16.736000	1.052464	383.899994	305.912506
1	16.767000	1.061449	384.762451	303.750000
1	16.798000	1.074058	384.068756	303.556244
1	16.829000	1.039855	384.443756	302.431244
1	16.860000	1.078261	384.500000	302.500000
1	16.907000	1.017971	384.375000	302.825012
1	16.938000	1.079855	383.981262	301.031250
1	16.970000	1.065797	383.812500	301.262512
1	17.001000	1.099855	383.818756	300.068756
1	17.032000	1.087536	384.125000	300.125000
1	17.063000	1.078261	383.000000	301.000000
1	17.094000	1.061884	383.243744	303.243744
1	17.126000	1.064638	383.262512	303.687500
1	17.172000	1.078841	383.000000	304.437500
1	17.204000	1.031884	383.500000	305.500000
1	17.235000	1.099420	383.187500	306.312500
1	17.266000	1.031884	383.500000	305.500000
1	17.297000	1.063623	382.231262	307.768738
1	17.328000	1.078261	383.000000	309.000000
1	17.360000	1.092898	382.906250	309.706238
1	17.406000	1.089710	383.093750	310.906250
1	17.438000	1.070145	382.312500	309.875000
1	17.469000	1.096812	382.725006	311.149994
1	17.500000	1.105072	382.318787	312.143738
1	17.531000	1.092464	381.899994	311.149994
1	17.562000	1.111449	382.106262	311.156250
1	17.594000	1.092464	382.162506	310.850006
1	17.640000	1.094493	382.837494	309.350006
1	17.672000	1.099275	382.793762	310.043762
1	17.703000	1.061884	382.743744	309.256256
1	17.734000	1.031884	383.500000	309.500000
1	17.765000	1.061449	382.625000	309.737488
1	17.796000	1.069565	382.250000	309.750000
1	17.828000	1.053333	381.899994	311.100006
1	17.859000	1.062899	382.212494	310.274994
1	17.906000	1.027101	382.193756	310.618744
1	17.937000	1.049275	382.125000	310.875000
1	17.968000	1.078261	382.500000	310.500000
1	17.999000	1.061449	382.250000	310.250000
1	18.030000	1.064638	382.687500	310.750000
1	18.062000	1.124638	383.500000	313.500000
1	18.093000	1.027246	381.725006	312.774994
1	18.140000	1.009710	381.543732	311.543732
1	18.171000	1.044638	381.475006	313.012482
1	18.202000	0.991304	381.125000	311.625000
1	18.233000	1.044638	381.975006	312.024994
1	18.264000	1.055507	382.568756	311.693756
1	18.296000	1.044638	382.975006	310.524994
1	18.327000	1.043333	382.993744	311.493744
1	18.374000	1.044493	382.456268	311.506256
1	18.405000	1.048841	382.568756	311.181244
1	18.436000	1.065797	382.262512	311.812500
1	18.467000	1.064203	382.056244	312.181244
1	18.498000	1.062029	381.725006	311.212494
1	18.530000	1.061884	381.743744	311.256256
1	18.561000	1.044058	382.000000	311.000000
1	18.592000	1.063623	382.281250	310.843750
1	18.639000	1.044058	382.000000	311.000000
1	18.670000	1.044058	382.500000	311.375000
1	18.701000	1.059710	382.774994	310.649994
1	18.732000	1.060870	382.000000	311.000000
1	18.764000	1.024928	382.225006	310.787445
1	18.795000	1.032029	382.593750	310.156250
1	18.826000	1.020725	382.693756	310.306244
1	18.873000	1.044058	382.625000	310.000000
1	18.904000	1.026667	382.812500	310.250000
1	18.935000	1.026087	383.000000	311.000000
1	18.966000	1.026667	382.799988	310.250000
1	18.998000	1.000725	383.143738	310.831238
1	19.029000	0.988551	383.268738	310.268738
1	19.060000	0.995652	383.093750	311.156250
1	19.091000	0.926232	382.681244	310.431244
1	19.138000	1.021014	383.331238	311.706238
1	19.169000	1.048406	383.562500	311.562500
1	19.200000	1.048841	383.881256	311.943756
1	19.232000	1.020725	383.693756	310.318756
1	19.263000	0.994058	383.718750	310.718750
1	19.294000	0.985507	386.500000	310.500000
1	19.325000	1.008841	384.443756	311.006256
1	19.372000	0.999420	384.125000	311.125000
1	19.403000	1.031884	384.500000	312.500000
1	19.434000	1.014493	384.000000	311.000000
1	19.466000	1.025942	384.381256	311.243744
1	19.497000	0.997101	385.500000	309.500000
1	19.528000	1.049275	385.000000	310.500000
1	19.559000	1.007681	385.006256	310.493744
1	19.606000	1.062029	384.774994	311.774994
1	19.637000	1.025507	384.750000	312.625000
1	19.668000	1.014493	385.000000	312.500000
1	19.700000	1.044058	384.500000	313.000000
1	19.731000	1.044638	384.524994	312.975006
1	19.762000	1.007102	384.531250	312.531250
1	19.793000	1.038986	384.931244	312.556244
1	19.824000	1.060870	384.875000	312.875000
1	19.871000	0.935507	385.031250	311.581238
1	19.902000	1.055072	384.000000	313.000000
1	19.934000	1.025072	385.193756	313.756256
1	19.965000	1.007102	384.518738	313.231201
1	19.996000	1.008261	384.168762	312.981140
1	20.027000	0.931594	384.899994	311.600006
1	20.058000	1.017246	383.668732	311.693756
1	20.105000	1.028841	384.156250	312.843750
1	20.136000	1.002899	384.450012	312.012512
1	20.168000	1.007681	384.506256	312.256256
1	20.199000	1.010290	384.518738	313.393738
1	20.230000	0.974493	384.987488	311.000000
1	20.261000	1.001884	384.206238	311.731262
1	20.292000	0.973913	384.250000	311.250000
1	20.339000	0.948551	384.393768	311.156219
1	20.370000	1.031449	383.506256	312.506256
1	20.402000	0.936667	383.656250	310.531250
1	20.433000	0.990290	384.243744	310.756256
1	20.464000	1.008841	384.006256	311.006256
1	20.495000	1.045072	384.406219	311.006317
1	20.526000	1.014638	384.281250	311.156250
1	20.558000	0.968985	383.937500	310.437500
1	20.604000	0.994058	384.156250	311.156250
1	20.636000	0.996667	383.181244	311.818756
1	20.667000	1.031884	383.000000	312.000000
1	20.698000	0.988551	383.781250	312.718750
1	20.729000	0.997101	383.500000	310.500000
1	20.760000	1.025942	384.756256	311.293732
1	20.792000	0.998841	384.100006	312.462494
1	20.838000	0.978841	384.875000	311.812500
1	20.870000	0.996377	384.156250	311.706238
1	20.901000	1.005797	383.450012	311.549988
1	20.932000	1.018551	383.662506	311.149994
1	20.963000	0.987536	383.312500	312.062500
0	20.994000	0.945653	390.018982	312.518982
1	21.026000	1.016811	384.224976	312.362427
1	21.072000	1.027101	384.618744	312.006256
1	21.104000	1.017971	384.674957	311.662445
1	21.135000	1.004058	384.500000	310.750000
1	21.166000	1.016812	384.875000	311.375000
1	21.197000	1.043333	384.006256	311.506256
1	21.228000	1.023188	383.750000	311.250000
1	21.260000	1.038986	383.931244	312.068756
1	21.291000	1.035072	383.875366	311.525024
1	21.338000	1.044058	384.750000	312.000000
1	21.369000	0.939130	386.500000	310.500000
1	21.400000	1.066812	384.656250	311.343750
1	21.431000	1.061884	384.756256	311.756256
1	21.462000	1.078261	384.500000	310.500000
1	21.494000	1.079710	384.500000	312.000000
1	21.525000	1.061884	384.631256	311.743744
1	21.572000	1.078261	385.000000	312.000000
1	21.603000	1.070725	384.350006	312.350006
1	21.634000	1.044638	384.524994	311.524994
1	21.665000	1.062464	385.168701	311.768677
1	21.696000	1.004203	384.493744	310.506256
1	21.728000	0.985507	386.500000	310.500000
1	21.759000	1.041159	384.962494	310.962494
1	21.790000	1.017971	384.625000	311.687500
1	21.837000	1.025507	384.750000	311.250000
1	21.868000	0.998841	384.850006	311.225006
1	21.899000	0.990290	384.793732	310.756256
1	21.930000	1.018406	385.631256	310.381256
1	21.962000	1.003333	385.431244	311.181244
1	21.993000	1.022754	385.568756	310.931244
1	22.024000	0.985507	386.500000	310.500000
1	22.071000	1.028841	385.593750	311.156250
1	22.102000	1.007681	385.243744	310.543732
1	22.133000	1.043478	384.500000	311.500000
1	22.164000	1.031884	384.500000	310.500000
1	22.196000	1.052464	385.562500	311.312500
1	22.227000	1.029420	386.231232	311.256256
1	22.258000	1.078261	386.500000	310.500000
1	22.305000	0.985507	386.500000	308.500000
1	22.336000	1.078261	386.500000	310.500000
1	22.367000	1.048985	386.662506	311.037506
1	22.398000	1.062029	386.225006	310.962494
1	22.430000	1.062464	386.281250	310.768738
1	22.461000	1.062029	386.225006	311.212494
1	22.492000	1.064638	386.362488	310.437500
1	22.523000	1.071159	386.843750	310.393738
1	22.570000	1.031884	386.500000	310.500000
1	22.601000	1.049420	387.081238	310.656250
1	22.632000	1.063623	386.781250	310.706238
1	22.664000	1.042754	386.481262	310.518738
1	22.695000	1.055072	388.000000	311.000000
1	22.726000	1.029420	387.181244	310.806244
1	22.757000	1.044638	386.524994	310.399994
1	22.804000	1.043913	386.018738	310.068726
1	22.835000	1.035507	386.468750	310.143738
0	22.866000	0.939130	383.500000	309.500000
1	22.898000	1.055072	387.000000	309.000000
1	22.929000	1.044058	387.000000	310.000000
1	22.960000	1.026087	387.000000	310.500000
1	22.991000	1.019855	387.181244	310.368744
1	23.022000	1.014493	387.500000	310.500000
1	23.069000	1.049275	386.500000	311.000000
1	23.100000	1.081159	386.406250	310.968750
1	23.132000	1.044058	387.000000	311.000000
1	23.163000	1.044058	386.625000	311.250000
1	23.194000	1.033044	386.975037	310.500000
1	23.225000	1.055072	387.125000	310.875000
1	23.256000	1.059710	387.225006	311.274994
1	23.303000	1.038986	387.443756	310.931244
1	23.334000	1.044058	386.500000	311.000000
1	23.366000	1.049275	386.125000	311.375000
1	23.397000	1.043478	386.625000	310.875000
1	23.428000	1.053333	386.399994	310.600006
1	23.459000	1.043623	386.468719	310.493744
1	23.490000	1.031884	387.500000	309.500000
1	23.537000	1.052754	387.125000	310.125000
1	23.568000	1.031884	387.500000	309.500000
0	23.600000	1.124638	387.500000	313.500000
1	23.631000	1.096667	386.756256	310.681244
0	23.662000	1.124638	383.500000	313.500000
1	23.693000	1.061594	386.281250	310.768738
1	23.724000	1.070145	386.375000	310.612488
1	23.756000	1.046812	385.993744	309.993744
1	23.802000	1.044638	387.012482	309.975006
1	23.834000	1.060870	386.875000	309.625000
1	23.865000	1.045507	386.987518	310.462494
1	23.896000	1.031884	387.500000	309.500000
1	23.927000	1.055072	387.000000	311.000000
1	23.958000	1.007681	386.506256	310.493744
1	23.990000	1.020725	386.368744	310.668732
1	24.036000	1.042319	386.975006	311.012482
1	24.068000	1.022899	386.225006	310.649994
1	24.099000	1.025507	386.250000	311.250000
1	24.130000	1.008696	386.750000	310.250000
1	24.161000	1.007536	386.975006	310.274994
1	24.192000	1.014203	387.287506	310.287506
1	24.224000	1.044058	387.000000	310.000000
1	24.270000	1.043478	386.750000	310.250000
1	24.302000	1.031594	386.712494	310.524994
1	24.333000	1.078261	386.500000	310.500000
1	24.364000	1.044058	387.000000	310.049988
1	24.395000	1.059855	386.743744	310.756256
1	24.426000	1.033188	387.093750	309.531250
1	24.458000	1.078261	386.500000	308.500000
1	24.489000	1.064638	387.137512	310.250000
1	24.536000	1.081449	387.962494	309.537506
1	24.567000	1.061014	387.631256	309.743744
1	24.598000	0.985507	386.500000	308.500000
1	24.629000	1.062029	387.237549	309.724976
1	24.660000	1.078841	387.000000	310.500000
1	24.692000	1.060870	387.000000	310.500000
1	24.723000	1.031884	387.500000	309.500000
1	24.770000	1.101449	385.500000	311.500000
1	24.801000	1.060290	387.750000	309.750000
1	24.832000	1.062029	387.225006	309.725006
1	24.863000	1.044058	387.500000	310.500000
1	24.894000	1.039710	388.437500	310.937500
1	24.926000	1.037536	387.593750	310.531250
1	24.957000	1.049420	388.031250	310.968750
1	25.004000	1.042754	387.981262	311.481262
1	25.035000	0.985507	388.500000	310.500000
1	25.066000	1.078261	387.750000	310.750000
1	25.097000	1.050580	388.406250	310.656250
1	25.128000	1.029275	388.787506	310.462494
1	25.160000	1.020290	388.250000	311.250000
1	25.191000	1.049420	388.093750	310.656250
1	25.222000	1.062029	388.762482	311.225006
1	25.269000	1.066232	388.006256	311.631256
1	25.300000	1.037101	388.537506	311.462494
1	25.331000	1.067536	388.712494	311.850006
1	25.362000	1.050145	388.087494	311.899994
1	25.394000	1.031884	387.500000	313.500000
1	25.425000	1.078261	389.000000	311.000000
0	25.456000	1.031884	391.500000	309.500000
1	25.503000	1.062029	389.225006	311.725006
1	25.534000	1.065797	389.312500	312.312500
1	25.565000	1.078261	389.000000	311.000000
1	25.596000	1.082029	388.500000	313.000000
0	25.628000	1.124638	391.500000	313.500000
1	25.659000	1.059710	388.725006	312.774994
0	25.690000	1.124638	391.500000	313.500000
1	25.737000	1.079420	388.975006	312.399994
1	25.768000	1.081449	389.024994	312.574982
1	25.799000	1.044058	389.000000	312.000000
1	25.830000	1.089710	388.843750	312.331238
1	25.862000	1.059710	389.725006	312.774994
0	25.893000	1.124638	391.500000	313.500000
1	25.924000	1.124638	391.500000	313.500000
1	25.955000	1.078841	389.000000	313.437500
1	26.002000	1.062029	389.225006	313.225006
1	26.033000	1.078841	389.437500	313.000000
1	26.064000	1.096812	389.225006	312.725006
1	26.096000	1.078261	389.000000	313.000000
1	26.127000	1.061449	389.250000	312.625000
1	26.158000	1.082029	389.562500	312.562500
1	26.189000	1.053333	388.899994	312.899994
1	26.236000	1.055942	388.375000	312.812500
1	26.267000	1.053333	388.600006	312.899994
1	26.298000	1.061014	388.743744	312.743744
1	26.330000	1.037681	388.500000	313.000000
1	26.361000	1.061884	388.218811	312.206238
1	26.392000	1.044493	388.956299	312.493591
1	26.423000	1.069275	389.312500	312.312500
1	26.470000	1.077681	388.500000	312.062500
1	26.501000	1.060725	388.493744	312.243744
1	26.532000	1.044058	388.500000	312.500000
1	26.564000	1.048841	388.318756	312.881256
1	26.595000	1.053333	388.399994	313.600006
1	26.626000	1.068841	388.843750	313.018738
1	26.657000	1.027246	388.774994	312.725006
1	26.688000	1.062464	388.718750	312.368774
1	26.735000	1.048985	388.462494	312.662506
1	26.766000	1.048406	388.937500	312.924988
1	26.798000	1.065217	388.875000	312.625000
1	26.829000	1.044638	387.975006	313.274994
1	26.860000	0.939130	387.500000	313.500000
1	26.891000	1.055072	388.250000	313.750000
1	26.922000	1.043623	388.393738	313.968750
1	26.954000	1.049420	388.906250	313.468750
1	27.000000	1.052754	388.875000	314.125000
1	27.032000	1.042754	389.018738	313.481262
1	27.063000	1.035507	388.856262	314.143738
1	27.094000	1.044058	388.500000	314.500000
1	27.125000	1.062029	388.225006	314.225006
1	27.156000	1.044058	388.000000	314.500000
1	27.188000	1.063333	388.743652	314.756226
1	27.234000	1.045797	387.962494	314.524994
1	27.266000	1.045507	389.012482	314.524994
1	27.297000	1.062609	388.750000	313.950012
1	27.328000	1.066377	388.662445	314.287506
1	27.359000	1.055072	388.625000	314.625000
1	27.390000	1.066667	388.500000	314.500000
1	27.422000	1.069420	388.868744	314.168732
1	27.468000	1.062464	388.281250	314.281250
1	27.500000	1.081449	388.024994	314.462494
1	27.531000	1.078261	386.500000	314.500000
1	27.562000	1.078261	388.500000	314.500000
1	27.593000	1.061449	388.750000	314.250000
1	27.624000	1.081449	388.537506	314.412506
1	27.656000	1.078841	389.000000	314.000000
1	27.687000	1.101449	389.500000	313.500000
1	27.734000	1.081884	389.056274	314.981262
1	27.765000	1.087971	388.881256	315.118744
1	27.796000	1.089710	388.906250	315.406250
1	27.827000	1.095797	389.243744	315.243744
1	27.858000	1.075362	389.575012	315.424988
1	27.890000	1.078841	389.487488	315.437500
1	27.921000	1.092029	389.831207	315.156219
1	27.968000	1.124638	387.500000	313.500000
1	27.999000	1.079420	390.225006	315.024994
1	28.030000	1.114203	389.524994	315.850006
1	28.061000	1.113623	389.500000	315.500000
1	28.092000	1.090145	389.587494	315.837494
1	28.124000	1.096812	390.225006	316.225006
1	28.155000	1.081015	390.468750	316.531250
1	28.202000	1.069420	390.656250	317.331238
1	28.233000	1.078261	390.500000	316.500000
1	28.264000	1.078261	390.500000	316.500000
1	28.295000	1.079855	391.031250	317.406250
1	28.326000	1.072464	391.500000	317.000000
1	28.358000	1.078261	390.500000	316.500000
1	28.389000	1.079855	391.468750	317.018738
1	28.420000	1.078841	391.000000	317.549988
1	28.467000	1.081449	391.475006	317.975006
1	28.498000	1.082029	391.437500	317.562500
1	28.529000	1.070290	391.331238	317.293762
1	28.560000	1.124638	391.500000	313.500000
1	28.592000	1.079420	391.024994	317.512482
1	28.623000	1.078841	391.000000	317.000000
1	28.654000	1.078261	391.000000	318.000000
1	28.701000	1.031884	391.500000	317.500000
1	28.732000	1.063623	391.218750	317.281250
1	28.763000	1.095072	391.375000	317.875000
1	28.794000	1.147826	391.500000	317.500000
1	28.826000	1.070145	391.424988	317.125000
1	28.857000	1.095072	391.625000	317.125000
1	28.888000	1.098985	391.743744	317.743744
1	28.935000	1.079420	391.587494	317.512482
1	28.966000	1.081449	391.537506	318.024994
1	28.997000	1.078841	391.549988	318.000000
1	29.028000	1.059710	391.274994	317.524994
1	29.060000	1.062029	391.274994	318.212494
1	29.091000	1.061449	391.187500	318.250000
1	29.122000	1.062029	391.274994	318.225006
1	29.153000	1.055507	391.181244	318.568756
1	29.200000	1.063623	391.968750	318.031250
1	29.231000	1.062029	391.774994	318.725006
1	29.262000	1.053768	391.893738	318.906250
1	29.294000	1.031884	391.500000	317.500000
1	29.325000	1.044638	390.975006	318.975006
1	29.356000	1.067536	391.149994	318.712494
1	29.387000	1.061449	391.250000	319.250000
1	29.434000	1.053333	391.100006	320.100006
1	29.465000	1.077536	390.568726	319.968750
1	29.496000	1.061449	391.299988	319.750000
1	29.528000	1.079420	391.024994	319.587494
1	29.559000	1.089710	391.156250	319.406250
1	29.590000	1.055072	391.250000	319.250000
1	29.621000	1.081594	391.443756	319.443756
1	29.668000	1.031884	391.500000	321.500000
1	29.699000	1.057246	391.343750	319.831238
1	29.730000	1.124638	391.500000	317.500000
1	29.762000	1.078261	391.000000	320.000000
1	29.793000	1.078841	390.000000	321.000000
1	29.824000	1.051159	389.443756	321.106232
1	29.855000	1.042754	389.018738	320.018738
1	29.886000	1.031884	387.500000	321.500000
1	29.933000	1.057246	387.843750	319.831238
1	29.964000	1.124638	391.500000	321.500000
<\RIGHT-PUPIL-DATA>
<LEFT-PUPIL-DATA>
903	0
0	-0.065000	13.913043	240.000000	320.000000
0	-0.034000	13.913043	240.000000	320.000000
0	-0.003000	13.913043	240.000000	320.000000
0	0.044000	13.913043	240.000000	320.000000
0	0.075000	13.913043	240.000000	320.000000
0	0.106000	13.913043	240.000000	320.000000
0	0.137000	13.913043	240.000000	320.000000
0	0.169000	13.913043	240.000000	320.000000
0	0.200000	13.913043	240.000000	320.000000
0	0.231000	13.913043	240.000000	320.000000
0	0.278000	13.913043	240.000000	320.000000
0	0.309000	13.913043	240.000000	320.000000
0	0.340000	13.913043	240.000000	320.000000
0	0.371000	13.913043	240.000000	320.000000
0	0.403000	13.913043	240.000000	320.000000
0	0.434000	13.913043	240.000000	320.000000
0	0.465000	13.913043	240.000000	320.000000
0	0.512000	13.913043	240.000000	320.000000
0	0.543000	13.913043	240.000000	320.000000
0	0.574000	13.913043	240.000000	320.000000
0	0.605000	13.913043	240.000000	320.000000
0	0.637000	13.913043	240.000000	320.000000
0	0.668000	13.913043	240.000000	320.000000
0	0.699000	13.913043	240.000000	320.000000
0	0.730000	13.913043	240.000000	320.000000
0	0.777000	13.913043	240.000000	320.000000
0	0.808000	13.913043	240.000000	320.000000
0	0.839000	13.913043	240.000000	320.000000
0	0.871000	13.913043	240.000000	320.000000
0	0.902000	13.913043	240.000000	320.000000
0	0.933000	13.913043	240.000000	320.000000
0	0.964000	13.913043	240.000000	320.000000
0	1.011000	13.913043	240.000000	320.000000
0	1.042000	13.913043	240.000000	320.000000
0	1.073000	13.913043	240.000000	320.000000
0	1.105000	13.913043	240.000000	320.000000
0	1.136000	13.913043	240.000000	320.000000
0	1.167000	13.913043	240.000000	320.000000
0	1.198000	13.913043	240.000000	320.000000
0	1.245000	13.913043	240.000000	320.000000
0	1.276000	13.913043	240.000000	320.000000
0	1.307000	13.913043	240.000000	320.000000
0	1.339000	13.913043	240.000000	320.000000
0	1.370000	13.913043	240.000000	320.000000
0	1.401000	13.913043	240.000000	320.000000
0	1.432000	13.913043	240.000000	320.000000
0	1.463000	13.913043	240.000000	320.000000
0	1.510000	13.913043	240.000000	320.000000
0	1.541000	13.913043	240.000000	320.000000
0	1.573000	13.913043	240.000000	320.000000
0	1.604000	13.913043	240.000000	320.000000
0	1.635000	13.913043	240.000000	320.000000
0	1.666000	13.913043	240.000000	320.000000
0	1.697000	13.913043	240.000000	320.000000
0	1.744000	13.913043	240.000000	320.000000
0	1.775000	13.913043	240.000000	320.000000
0	1.807000	13.913043	240.000000	320.000000
0	1.838000	13.913043	240.000000	320.000000
0	1.869000	13.913043	240.000000	320.000000
0	1.900000	13.913043	240.000000	320.000000
0	1.931000	13.913043	240.000000	320.000000
0	1.978000	13.913043	240.000000	320.000000
0	2.009000	13.913043	240.000000	320.000000
0	2.041000	13.913043	240.000000	320.000000
0	2.072000	13.913043	240.000000	320.000000
0	2.103000	13.913043	240.000000	320.000000
0	2.134000	13.913043	240.000000	320.000000
0	2.165000	13.913043	240.000000	320.000000
0	2.197000	13.913043	240.000000	320.000000
0	2.243000	13.913043	240.000000	320.000000
0	2.275000	13.913043	240.000000	320.000000
0	2.306000	13.913043	240.000000	320.000000
0	2.337000	13.913043	240.000000	320.000000
0	2.368000	13.913043	240.000000	320.000000
0	2.399000	13.913043	240.000000	320.000000
0	2.431000	13.913043	240.000000	320.000000
0	2.477000	13.913043	240.000000	320.000000
0	2.509000	13.913043	240.000000	320.000000
0	2.540000	13.913043	240.000000	320.000000
0	2.571000	13.913043	240.000000	320.000000
0	2.602000	13.913043	240.000000	320.000000
0	2.633000	13.913043	240.000000	320.000000
0	2.665000	13.913043	240.000000	320.000000
0	2.711000	13.913043	240.000000	320.000000
0	2.743000	13.913043	240.000000	320.000000
0	2.774000	13.913043	240.000000	320.000000
0	2.805000	13.913043	240.000000	320.000000
0	2.836000	13.913043	240.000000	320.000000
0	2.867000	13.913043	240.000000	320.000000
0	2.899000	13.913043	240.000000	320.000000
0	2.930000	13.913043	240.000000	320.000000
0	2.977000	13.913043	240.000000	320.000000
0	3.008000	13.913043	240.000000	320.000000
0	3.039000	13.913043	240.000000	320.000000
0	3.070000	13.913043	240.000000	320.000000
0	3.101000	13.913043	240.000000	320.000000
0	3.133000	13.913043	240.000000	320.000000
0	3.164000	13.913043	240.000000	320.000000
0	3.211000	13.913043	240.000000	320.000000
0	3.242000	13.913043	240.000000	320.000000
0	3.273000	13.913043	240.000000	320.000000
0	3.304000	13.913043	240.000000	320.000000
0	3.335000	13.913043	240.000000	320.000000
0	3.367000	13.913043	240.000000	320.000000
0	3.398000	13.913043	240.000000	320.000000
0	3.429000	13.913043	240.000000	320.000000
0	3.476000	13.913043	240.000000	320.000000
0	3.507000	13.913043	240.000000	320.000000
0	3.538000	13.913043	240.000000	320.000000
0	3.569000	13.913043	240.000000	320.000000
0	3.601000	13.913043	240.000000	320.000000
0	3.632000	13.913043	240.000000	320.000000
0	3.663000	13.913043	240.000000	320.000000
0	3.710000	13.913043	240.000000	320.000000
0	3.741000	13.913043	240.000000	320.000000
0	3.772000	13.913043	240.000000	320.000000
0	3.803000	13.913043	240.000000	320.000000
0	3.835000	13.913043	240.000000	320.000000
0	3.866000	13.913043	240.000000	320.000000
0	3.897000	13.913043	240.000000	320.000000
0	3.928000	13.913043	240.000000	320.000000
0	3.975000	13.913043	240.000000	320.000000
0	4.006000	13.913043	240.000000	320.000000
0	4.037000	13.913043	240.000000	320.000000
0	4.069000	13.913043	240.000000	320.000000
0	4.100000	13.913043	240.000000	320.000000
0	4.131000	13.913043	240.000000	320.000000
0	4.162000	13.913043	240.000000	320.000000
0	4.209000	13.913043	240.000000	320.000000
0	4.240000	13.913043	240.000000	320.000000
0	4.271000	13.913043	240.000000	320.000000
0	4.303000	13.913043	240.000000	320.000000
0	4.334000	13.913043	240.000000	320.000000
0	4.365000	13.913043	240.000000	320.000000
0	4.396000	13.913043	240.000000	320.000000
0	4.443000	13.913043	240.000000	320.000000
0	4.474000	13.913043	240.000000	320.000000
0	4.505000	13.913043	240.000000	320.000000
0	4.537000	13.913043	240.000000	320.000000
0	4.568000	13.913043	240.000000	320.000000
0	4.599000	13.913043	240.000000	320.000000
0	4.630000	13.913043	240.000000	320.000000
0	4.661000	13.913043	240.000000	320.000000
0	4.708000	13.913043	240.000000	320.000000
0	4.739000	13.913043	240.000000	320.000000
0	4.771000	13.913043	240.000000	320.000000
0	4.802000	13.913043	240.000000	320.000000
0	4.833000	13.913043	240.000000	320.000000
0	4.864000	13.913043	240.000000	320.000000
0	4.895000	13.913043	240.000000	320.000000
0	4.942000	13.913043	240.000000	320.000000
0	4.973000	13.913043	240.000000	320.000000
0	5.005000	13.913043	240.000000	320.000000
0	5.036000	13.913043	240.000000	320.000000
0	5.067000	13.913043	240.000000	320.000000
0	5.098000	13.913043	240.000000	320.000000
0	5.129000	13.913043	240.000000	320.000000
0	5.176000	13.913043	240.000000	320.000000
0	5.207000	13.913043	240.000000	320.000000
0	5.239000	13.913043	240.000000	320.000000
0	5.270000	13.913043	240.000000	320.000000
0	5.301000	13.913043	240.000000	320.000000
0	5.332000	13.913043	240.000000	320.000000
0	5.363000	13.913043	240.000000	320.000000
0	5.395000	13.913043	240.000000	320.000000
0	5.441000	13.913043	240.000000	320.000000
0	5.473000	13.913043	240.000000	320.000000
0	5.504000	13.913043	240.000000	320.000000
0	5.535000	13.913043	240.000000	320.000000
0	5.566000	13.913043	240.000000	320.000000
0	5.597000	13.913043	240.000000	320.000000
0	5.629000	13.913043	240.000000	320.000000
0	5.675000	13.913043	240.000000	320.000000
0	5.707000	13.913043	240.000000	320.000000
0	5.738000	13.913043	240.000000	320.000000
0	5.769000	13.913043	240.000000	320.000000
0	5.800000	13.913043	240.000000	320.000000
0	5.831000	13.913043	240.000000	320.000000
0	5.863000	13.913043	240.000000	320.000000
0	5.909000	13.913043	240.000000	320.000000
0	5.941000	13.913043	240.000000	320.000000
0	5.972000	13.913043	240.000000	320.000000
0	6.003000	13.913043	240.000000	320.000000
0	6.034000	13.913043	240.000000	320.000000
0	6.065000	13.913043	240.000000	320.000000
0	6.097000	13.913043	240.000000	320.000000
0	6.128000	13.913043	240.000000	320.000000
0	6.175000	13.913043	240.000000	320.000000
0	6.206000	13.913043	240.000000	320.000000
0	6.237000	13.913043	240.000000	320.000000
0	6.268000	13.913043	240.000000	320.000000
0	6.299000	13.913043	240.000000	320.000000
0	6.331000	13.913043	240.000000	320.000000
0	6.362000	13.913043	240.000000	320.000000
0	6.409000	13.913043	240.000000	320.000000
0	6.440000	13.913043	240.000000	320.000000
0	6.471000	13.913043	240.000000	320.000000
0	6.502000	13.913043	240.000000	320.000000
0	6.533000	13.913043	240.000000	320.000000
0	6.565000	13.913043	240.000000	320.000000
0	6.596000	13.913043	240.000000	320.000000
0	6.643000	13.913043	240.000000	320.000000
0	6.674000	13.913043	240.000000	320.000000
0	6.705000	13.913043	240.000000	320.000000
0	6.736000	13.913043	240.000000	320.000000
0	6.767000	13.913043	240.000000	320.000000
0	6.799000	13.913043	240.000000	320.000000
0	6.830000	13.913043	240.000000	320.000000
0	6.861000	13.913043	240.000000	320.000000
0	6.908000	13.913043	240.000000	320.000000
0	6.939000	13.913043	240.000000	320.000000
0	6.970000	13.913043	240.000000	320.000000
0	7.001000	13.913043	240.000000	320.000000
0	7.033000	13.913043	240.000000	320.000000
0	7.064000	13.913043	240.000000	320.000000
0	7.095000	13.913043	240.000000	320.000000
0	7.142000	13.913043	240.000000	320.000000
0	7.173000	13.913043	240.000000	320.000000
0	7.204000	13.913043	240.000000	320.000000
0	7.235000	13.913043	240.000000	320.000000
0	7.267000	13.913043	240.000000	320.000000
0	7.298000	13.913043	240.000000	320.000000
0	7.329000	13.913043	240.000000	320.000000
0	7.376000	13.913043	240.000000	320.000000
0	7.407000	13.913043	240.000000	320.000000
0	7.438000	13.913043	240.000000	320.000000
0	7.469000	13.913043	240.000000	320.000000
0	7.501000	13.913043	240.000000	320.000000
0	7.532000	13.913043	240.000000	320.000000
0	7.563000	13.913043	240.000000	320.000000
0	7.594000	13.913043	240.000000	320.000000
0	7.641000	13.913043	240.000000	320.000000
0	7.672000	13.913043	240.000000	320.000000
0	7.703000	13.913043	240.000000	320.000000
0	7.735000	13.913043	240.000000	320.000000
0	7.766000	13.913043	240.000000	320.000000
0	7.797000	13.913043	240.000000	320.000000
0	7.828000	13.913043	240.000000	320.000000
0	7.859000	13.913043	240.000000	320.000000
0	7.906000	13.913043	240.000000	320.000000
0	7.937000	13.913043	240.000000	320.000000
0	7.969000	13.913043	240.000000	320.000000
0	8.000000	13.913043	240.000000	320.000000
0	8.031000	13.913043	240.000000	320.000000
0	8.062000	13.913043	240.000000	320.000000
0	8.093000	13.913043	240.000000	320.000000
0	8.140000	13.913043	240.000000	320.000000
0	8.171000	13.913043	240.000000	320.000000
0	8.203000	13.913043	240.000000	320.000000
0	8.234000	13.913043	240.000000	320.000000
0	8.265000	13.913043	240.000000	320.000000
0	8.296000	13.913043	240.000000	320.000000
0	8.327000	13.913043	240.000000	320.000000
0	8.374000	13.913043	240.000000	320.000000
0	8.405000	13.913043	240.000000	320.000000
0	8.437000	13.913043	240.000000	320.000000
0	8.468000	13.913043	240.000000	320.000000
0	8.499000	13.913043	240.000000	320.000000
0	8.530000	13.913043	240.000000	320.000000
0	8.561000	13.913043	240.000000	320.000000
0	8.593000	13.913043	240.000000	320.000000
0	8.639000	13.913043	240.000000	320.000000
0	8.671000	13.913043	240.000000	320.000000
0	8.702000	13.913043	240.000000	320.000000
0	8.733000	13.913043	240.000000	320.000000
0	8.764000	13.913043	240.000000	320.000000
0	8.795000	13.913043	240.000000	320.000000
0	8.827000	13.913043	240.000000	320.000000
0	8.873000	13.913043	240.000000	320.000000
0	8.905000	13.913043	240.000000	320.000000
0	8.936000	13.913043	240.000000	320.000000
0	8.967000	13.913043	240.000000	320.000000
0	8.998000	13.913043	240.000000	320.000000
0	9.029000	13.913043	240.000000	320.000000
0	9.061000	13.913043	240.000000	320.000000
0	9.107000	13.913043	240.000000	320.000000
0	9.139000	13.913043	240.000000	320.000000
0	9.170000	13.913043	240.000000	320.000000
0	9.201000	13.913043	240.000000	320.000000
0	9.232000	13.913043	240.000000	320.000000
0	9.263000	13.913043	240.000000	320.000000
0	9.295000	13.913043	240.000000	320.000000
0	9.326000	13.913043	240.000000	320.000000
0	9.373000	13.913043	240.000000	320.000000
0	9.404000	13.913043	240.000000	320.000000
0	9.435000	13.913043	240.000000	320.000000
0	9.466000	13.913043	240.000000	320.000000
0	9.497000	13.913043	240.000000	320.000000
0	9.529000	13.913043	240.000000	320.000000
0	9.560000	13.913043	240.000000	320.000000
0	9.607000	13.913043	240.000000	320.000000
0	9.638000	13.913043	240.000000	320.000000
0	9.669000	13.913043	240.000000	320.000000
0	9.700000	13.913043	240.000000	320.000000
0	9.731000	13.913043	240.000000	320.000000
0	9.763000	13.913043	240.000000	320.000000
0	9.794000	13.913043	240.000000	320.000000
0	9.841000	13.913043	240.000000	320.000000
0	9.872000	13.913043	240.000000	320.000000
0	9.903000	13.913043	240.000000	320.000000
0	9.934000	13.913043	240.000000	320.000000
0	9.965000	13.913043	240.000000	320.000000
0	9.997000	13.913043	240.000000	320.000000
0	10.028000	13.913043	240.000000	320.000000
0	10.059000	13.913043	240.000000	320.000000
0	10.106000	13.913043	240.000000	320.000000
0	10.137000	13.913043	240.000000	320.000000
0	10.168000	13.913043	240.000000	320.000000
0	10.199000	13.913043	240.000000	320.000000
0	10.231000	13.913043	240.000000	320.000000
0	10.262000	13.913043	240.000000	320.000000
0	10.293000	13.913043	240.000000	320.000000
0	10.340000	13.913043	240.000000	320.000000
0	10.371000	13.913043	240.000000	320.000000
0	10.402000	13.913043	240.000000	320.000000
0	10.433000	13.913043	240.000000	320.000000
0	10.465000	13.913043	240.000000	320.000000
0	10.496000	13.913043	240.000000	320.000000
0	10.527000	13.913043	240.000000	320.000000
0	10.574000	13.913043	240.000000	320.000000
0	10.605000	13.913043	240.000000	320.000000
0	10.636000	13.913043	240.000000	320.000000
0	10.667000	13.913043	240.000000	320.000000
0	10.699000	13.913043	240.000000	320.000000
0	10.730000	13.913043	240.000000	320.000000
0	10.761000	13.913043	240.000000	320.000000
0	10.792000	13.913043	240.000000	320.000000
0	10.839000	13.913043	240.000000	320.000000
0	10.870000	13.913043	240.000000	320.000000
0	10.901000	13.913043	240.000000	320.000000
0	10.933000	13.913043	240.000000	320.000000
0	10.964000	13.913043	240.000000	320.000000
0	10.995000	13.913043	240.000000	320.000000
0	11.026000	13.913043	240.000000	320.000000
0	11.073000	13.913043	240.000000	320.000000
0	11.104000	13.913043	240.000000	320.000000
0	11.135000	13.913043	240.000000	320.000000
0	11.167000	13.913043	240.000000	320.000000
0	11.198000	13.913043	240.000000	320.000000
0	11.229000	13.913043	240.000000	320.000000
0	11.260000	13.913043	240.000000	320.000000
0	11.307000	13.913043	240.000000	320.000000
0	11.338000	13.913043	240.000000	320.000000
0	11.369000	13.913043	240.000000	320.000000
0	11.401000	13.913043	240.000000	320.000000
0	11.432000	13.913043	240.000000	320.000000
0	11.463000	13.913043	240.000000	320.000000
0	11.494000	13.913043	240.000000	320.000000
0	11.525000	13.913043	240.000000	320.000000
0	11.572000	13.913043	240.000000	320.000000
0	11.603000	13.913043	240.000000	320.000000
0	11.635000	13.913043	240.000000	320.000000
0	11.666000	13.913043	240.000000	320.000000
0	11.697000	13.913043	240.000000	320.000000
0	11.728000	13.913043	240.000000	320.000000
0	11.759000	13.913043	240.000000	320.000000
0	11.806000	13.913043	240.000000	320.000000
0	11.837000	13.913043	240.000000	320.000000
0	11.869000	13.913043	240.000000	320.000000
0	11.900000	13.913043	240.000000	320.000000
0	11.931000	13.913043	240.000000	320.000000
0	11.962000	13.913043	240.000000	320.000000
0	11.993000	13.913043	240.000000	320.000000
0	12.025000	13.913043	240.000000	320.000000
0	12.071000	13.913043	240.000000	320.000000
0	12.103000	13.913043	240.000000	320.000000
0	12.134000	13.913043	240.000000	320.000000
0	12.165000	13.913043	240.000000	320.000000
0	12.196000	13.913043	240.000000	320.000000
0	12.227000	13.913043	240.000000	320.000000
0	12.259000	13.913043	240.000000	320.000000
0	12.305000	13.913043	240.000000	320.000000
0	12.337000	13.913043	240.000000	320.000000
0	12.368000	13.913043	240.000000	320.000000
0	12.399000	13.913043	240.000000	320.000000
0	12.430000	13.913043	240.000000	320.000000
0	12.461000	13.913043	240.000000	320.000000
0	12.493000	13.913043	240.000000	320.000000
0	12.524000	13.913043	240.000000	320.000000
0	12.571000	13.913043	240.000000	320.000000
0	12.602000	13.913043	240.000000	320.000000
0	12.633000	13.913043	240.000000	320.000000
0	12.664000	13.913043	240.000000	320.000000
0	12.695000	13.913043	240.000000	320.000000
0	12.727000	13.913043	240.000000	320.000000
0	12.758000	13.913043	240.000000	320.000000
0	12.805000	13.913043	240.000000	320.000000
0	12.836000	13.913043	240.000000	320.000000
0	12.867000	13.913043	240.000000	320.000000
0	12.898000	13.913043	240.000000	320.000000
0	12.929000	13.913043	240.000000	320.000000
0	12.961000	13.913043	240.000000	320.000000
0	12.992000	13.913043	240.000000	320.000000
0	13.039000	13.913043	240.000000	320.000000
0	13.070000	13.913043	240.000000	320.000000
0	13.101000	13.913043	240.000000	320.000000
0	13.132000	13.913043	240.000000	320.000000
0	13.163000	13.913043	240.000000	320.000000
0	13.195000	13.913043	240.000000	320.000000
0	13.226000	13.913043	240.000000	320.000000
0	13.257000	13.913043	240.000000	320.000000
0	13.304000	13.913043	240.000000	320.000000
0	13.335000	13.913043	240.000000	320.000000
0	13.366000	13.913043	240.000000	320.000000
0	13.397000	13.913043	240.000000	320.000000
0	13.429000	13.913043	240.000000	320.000000
0	13.460000	13.913043	240.000000	320.000000
0	13.491000	13.913043	240.000000	320.000000
0	13.538000	13.913043	240.000000	320.000000
0	13.569000	13.913043	240.000000	320.000000
0	13.600000	13.913043	240.000000	320.000000
0	13.631000	13.913043	240.000000	320.000000
0	13.663000	13.913043	240.000000	320.000000
0	13.694000	13.913043	240.000000	320.000000
0	13.725000	13.913043	240.000000	320.000000
0	13.772000	13.913043	240.000000	320.000000
0	13.803000	13.913043	240.000000	320.000000
0	13.834000	13.913043	240.000000	320.000000
0	13.865000	13.913043	240.000000	320.000000
0	13.897000	13.913043	240.000000	320.000000
0	13.928000	13.913043	240.000000	320.000000
0	13.959000	13.913043	240.000000	320.000000
0	13.990000	13.913043	240.000000	320.000000
0	14.037000	13.913043	240.000000	320.000000
0	14.068000	13.913043	240.000000	320.000000
0	14.099000	13.913043	240.000000	320.000000
0	14.131000	13.913043	240.000000	320.000000
0	14.162000	13.913043	240.000000	320.000000
0	14.193000	13.913043	240.000000	320.000000
0	14.224000	13.913043	240.000000	320.000000
0	14.271000	13.913043	240.000000	320.000000
0	14.302000	13.913043	240.000000	320.000000
0	14.334000	13.913043	240.000000	320.000000
0	14.365000	13.913043	240.000000	320.000000
0	14.396000	13.913043	240.000000	320.000000
0	14.427000	13.913043	240.000000	320.000000
0	14.458000	13.913043	240.000000	320.000000
0	14.505000	13.913043	240.000000	320.000000
0	14.536000	13.913043	240.000000	320.000000
0	14.568000	13.913043	240.000000	320.000000
0	14.599000	13.913043	240.000000	320.000000
0	14.630000	13.913043	240.000000	320.000000
0	14.661000	13.913043	240.000000	320.000000
0	14.692000	13.913043	240.000000	320.000000
0	14.724000	13.913043	240.000000	320.000000
0	14.770000	13.913043	240.000000	320.000000
0	14.802000	13.913043	240.000000	320.000000
0	14.833000	13.913043	240.000000	320.000000
0	14.864000	13.913043	240.000000	320.000000
0	14.895000	13.913043	240.000000	320.000000
0	14.926000	13.913043	240.000000	320.000000
0	14.958000	13.913043	240.000000	320.000000
0	15.004000	13.913043	240.000000	320.000000
0	15.036000	13.913043	240.000000	320.000000
0	15.067000	13.913043	240.000000	320.000000
0	15.098000	13.913043	240.000000	320.000000
0	15.129000	13.913043	240.000000	320.000000
0	15.160000	13.913043	240.000000	320.000000
0	15.192000	13.913043	240.000000	320.000000
0	15.238000	13.913043	240.000000	320.000000
0	15.270000	13.913043	240.000000	320.000000
0	15.301000	13.913043	240.000000	320.000000
0	15.332000	13.913043	240.000000	320.000000
0	15.363000	13.913043	240.000000	320.000000
0	15.394000	13.913043	240.000000	320.000000
0	15.426000	13.913043	240.000000	320.000000
0	15.457000	13.913043	240.000000	320.000000
0	15.504000	13.913043	240.000000	320.000000
0	15.535000	13.913043	240.000000	320.000000
0	15.566000	13.913043	240.000000	320.000000
0	15.597000	13.913043	240.000000	320.000000
0	15.628000	13.913043	240.000000	320.000000
0	15.660000	13.913043	240.000000	320.000000
0	15.691000	13.913043	240.000000	320.000000
0	15.738000	13.913043	240.000000	320.000000
0	15.769000	13.913043	240.000000	320.000000
0	15.800000	13.913043	240.000000	320.000000
0	15.831000	13.913043	240.000000	320.000000
0	15.862000	13.913043	240.000000	320.000000
0	15.894000	13.913043	240.000000	320.000000
0	15.925000	13.913043	240.000000	320.000000
0	15.956000	13.913043	240.000000	320.000000
0	16.003000	13.913043	240.000000	320.000000
0	16.034000	13.913043	240.000000	320.000000
0	16.065000	13.913043	240.000000	320.000000
0	16.096000	13.913043	240.000000	320.000000
0	16.128000	13.913043	240.000000	320.000000
0	16.159000	13.913043	240.000000	320.000000
0	16.190000	13.913043	240.000000	320.000000
0	16.237000	13.913043	240.000000	320.000000
0	16.268000	13.913043	240.000000	320.000000
0	16.299000	13.913043	240.000000	320.000000
0	16.330000	13.913043	240.000000	320.000000
0	16.362000	13.913043	240.000000	320.000000
0	16.393000	13.913043	240.000000	320.000000
0	16.424000	13.913043	240.000000	320.000000
0	16.471000	13.913043	240.000000	320.000000
0	16.502000	13.913043	240.000000	320.000000
0	16.533000	13.913043	240.000000	320.000000
0	16.564000	13.913043	240.000000	320.000000
0	16.596000	13.913043	240.000000	320.000000
0	16.627000	13.913043	240.000000	320.000000
0	16.658000	13.913043	240.000000	320.000000
0	16.689000	13.913043	240.000000	320.000000
0	16.736000	13.913043	240.000000	320.000000
0	16.767000	13.913043	240.000000	320.000000
0	16.798000	13.913043	240.000000	320.000000
0	16.830000	13.913043	240.000000	320.000000
0	16.861000	13.913043	240.000000	320.000000
0	16.892000	13.913043	240.000000	320.000000
0	16.923000	13.913043	240.000000	320.000000
0	16.970000	13.913043	240.000000	320.000000
0	17.001000	13.913043	240.000000	320.000000
0	17.032000	13.913043	240.000000	320.000000
0	17.064000	13.913043	240.000000	320.000000
0	17.095000	13.913043	240.000000	320.000000
0	17.126000	13.913043	240.000000	320.000000
0	17.157000	13.913043	240.000000	320.000000
0	17.204000	13.913043	240.000000	320.000000
0	17.235000	13.913043	240.000000	320.000000
0	17.266000	13.913043	240.000000	320.000000
0	17.298000	13.913043	240.000000	320.000000
0	17.329000	13.913043	240.000000	320.000000
0	17.360000	13.913043	240.000000	320.000000
0	17.391000	13.913043	240.000000	320.000000
0	17.422000	13.913043	240.000000	320.000000
0	17.469000	13.913043	240.000000	320.000000
0	17.500000	13.913043	240.000000	320.000000
0	17.532000	13.913043	240.000000	320.000000
0	17.563000	13.913043	240.000000	320.000000
0	17.594000	13.913043	240.000000	320.000000
0	17.625000	13.913043	240.000000	320.000000
0	17.656000	13.913043	240.000000	320.000000
0	17.703000	13.913043	240.000000	320.000000
0	17.734000	13.913043	240.000000	320.000000
0	17.766000	13.913043	240.000000	320.000000
0	17.797000	13.913043	240.000000	320.000000
0	17.828000	13.913043	240.000000	320.000000
0	17.859000	13.913043	240.000000	320.000000
0	17.890000	13.913043	240.000000	320.000000
0	17.937000	13.913043	240.000000	320.000000
0	17.968000	13.913043	240.000000	320.000000
0	18.000000	13.913043	240.000000	320.000000
0	18.031000	13.913043	240.000000	320.000000
0	18.062000	13.913043	240.000000	320.000000
0	18.093000	13.913043	240.000000	320.000000
0	18.124000	13.913043	240.000000	320.000000
0	18.156000	13.913043	240.000000	320.000000
0	18.202000	13.913043	240.000000	320.000000
0	18.234000	13.913043	240.000000	320.000000
0	18.265000	13.913043	240.000000	320.000000
0	18.296000	13.913043	240.000000	320.000000
0	18.327000	13.913043	240.000000	320.000000
0	18.358000	13.913043	240.000000	320.000000
0	18.390000	13.913043	240.000000	320.000000
0	18.436000	13.913043	240.000000	320.000000
0	18.468000	13.913043	240.000000	320.000000
0	18.499000	13.913043	240.000000	320.000000
0	18.530000	13.913043	240.000000	320.000000
0	18.561000	13.913043	240.000000	320.000000
0	18.592000	13.913043	240.000000	320.000000
0	18.624000	13.913043	240.000000	320.000000
0	18.655000	13.913043	240.000000	320.000000
0	18.702000	13.913043	240.000000	320.000000
0	18.733000	13.913043	240.000000	320.000000
0	18.764000	13.913043	240.000000	320.000000
0	18.795000	13.913043	240.000000	320.000000
0	18.826000	13.913043	240.000000	320.000000
0	18.858000	13.913043	240.000000	320.000000
0	18.889000	13.913043	240.000000	320.000000
0	18.936000	13.913043	240.000000	320.000000
0	18.967000	13.913043	240.000000	320.000000
0	18.998000	13.913043	240.000000	320.000000
0	19.029000	13.913043	240.000000	320.000000
0	19.060000	13.913043	240.000000	320.000000
0	19.092000	13.913043	240.000000	320.000000
0	19.123000	13.913043	240.000000	320.000000
0	19.170000	13.913043	240.000000	320.000000
0	19.201000	13.913043	240.000000	320.000000
0	19.232000	13.913043	240.000000	320.000000
0	19.263000	13.913043	240.000000	320.000000
0	19.294000	13.913043	240.000000	320.000000
0	19.326000	13.913043	240.000000	320.000000
0	19.357000	13.913043	240.000000	320.000000
0	19.388000	13.913043	240.000000	320.000000
0	19.435000	13.913043	240.000000	320.000000
0	19.466000	13.913043	240.000000	320.000000
0	19.497000	13.913043	240.000000	320.000000
0	19.528000	13.913043	240.000000	320.000000
0	19.560000	13.913043	240.000000	320.000000
0	19.591000	13.913043	240.000000	320.000000
0	19.622000	13.913043	240.000000	320.000000
0	19.669000	13.913043	240.000000	320.000000
0	19.700000	13.913043	240.000000	320.000000
0	19.731000	13.913043	240.000000	320.000000
0	19.762000	13.913043	240.000000	320.000000
0	19.794000	13.913043	240.000000	320.000000
0	19.825000	13.913043	240.000000	320.000000
0	19.856000	13.913043	240.000000	320.000000
0	19.887000	13.913043	240.000000	320.000000
0	19.934000	13.913043	240.000000	320.000000
0	19.965000	13.913043	240.000000	320.000000
0	19.996000	13.913043	240.000000	320.000000
0	20.028000	13.913043	240.000000	320.000000
0	20.059000	13.913043	240.000000	320.000000
0	20.090000	13.913043	240.000000	320.000000
0	20.121000	13.913043	240.000000	320.000000
0	20.168000	13.913043	240.000000	320.000000
0	20.199000	13.913043	240.000000	320.000000
0	20.230000	13.913043	240.000000	320.000000
0	20.262000	13.913043	240.000000	320.000000
0	20.293000	13.913043	240.000000	320.000000
0	20.324000	13.913043	240.000000	320.000000
0	20.355000	13.913043	240.000000	320.000000
0	20.402000	13.913043	240.000000	320.000000
0	20.433000	13.913043	240.000000	320.000000
0	20.464000	13.913043	240.000000	320.000000
0	20.496000	13.913043	240.000000	320.000000
0	20.527000	13.913043	240.000000	320.000000
0	20.558000	13.913043	240.000000	320.000000
0	20.589000	13.913043	240.000000	320.000000
0	20.620000	13.913043	240.000000	320.000000
0	20.667000	13.913043	240.000000	320.000000
0	20.698000	13.913043	240.000000	320.000000
0	20.730000	13.913043	240.000000	320.000000
0	20.761000	13.913043	240.000000	320.000000
0	20.792000	13.913043	240.000000	320.000000
0	20.823000	13.913043	240.000000	320.000000
0	20.854000	13.913043	240.000000	320.000000
0	20.901000	13.913043	240.000000	320.000000
0	20.932000	13.913043	240.000000	320.000000
0	20.964000	13.913043	240.000000	320.000000
0	20.995000	13.913043	240.000000	320.000000
0	21.026000	13.913043	240.000000	320.000000
0	21.057000	13.913043	240.000000	320.000000
0	21.088000	13.913043	240.000000	320.000000
0	21.135000	13.913043	240.000000	320.000000
0	21.166000	13.913043	240.000000	320.000000
0	21.198000	13.913043	240.000000	320.000000
0	21.229000	13.913043	240.000000	320.000000
0	21.260000	13.913043	240.000000	320.000000
0	21.291000	13.913043	240.000000	320.000000
0	21.322000	13.913043	240.000000	320.000000
0	21.354000	13.913043	240.000000	320.000000
0	21.400000	13.913043	240.000000	320.000000
0	21.432000	13.913043	240.000000	320.000000
0	21.463000	13.913043	240.000000	320.000000
0	21.494000	13.913043	240.000000	320.000000
0	21.525000	13.913043	240.000000	320.000000
0	21.556000	13.913043	240.000000	320.000000
0	21.588000	13.913043	240.000000	320.000000
0	21.634000	13.913043	240.000000	320.000000
0	21.666000	13.913043	240.000000	320.000000
0	21.697000	13.913043	240.000000	320.000000
0	21.728000	13.913043	240.000000	320.000000
0	21.759000	13.913043	240.000000	320.000000
0	21.790000	13.913043	240.000000	320.000000
0	21.822000	13.913043	240.000000	320.000000
0	21.868000	13.913043	240.000000	320.000000
0	21.900000	13.913043	240.000000	320.000000
0	21.931000	13.913043	240.000000	320.000000
0	21.962000	13.913043	240.000000	320.000000
0	21.993000	13.913043	240.000000	320.000000
0	22.024000	13.913043	240.000000	320.000000
0	22.056000	13.913043	240.000000	320.000000
0	22.087000	13.913043	240.000000	320.000000
0	22.134000	13.913043	240.000000	320.000000
0	22.165000	13.913043	240.000000	320.000000
0	22.196000	13.913043	240.000000	320.000000
0	22.227000	13.913043	240.000000	320.000000
0	22.258000	13.913043	240.000000	320.000000
0	22.290000	13.913043	240.000000	320.000000
0	22.321000	13.913043	240.000000	320.000000
0	22.368000	13.913043	240.000000	320.000000
0	22.399000	13.913043	240.000000	320.000000
0	22.430000	13.913043	240.000000	320.000000
0	22.461000	13.913043	240.000000	320.000000
0	22.492000	13.913043	240.000000	320.000000
0	22.524000	13.913043	240.000000	320.000000
0	22.555000	13.913043	240.000000	320.000000
0	22.602000	13.913043	240.000000	320.000000
0	22.633000	13.913043	240.000000	320.000000
0	22.664000	13.913043	240.000000	320.000000
0	22.695000	13.913043	240.000000	320.000000
0	22.726000	13.913043	240.000000	320.000000
0	22.758000	13.913043	240.000000	320.000000
0	22.789000	13.913043	240.000000	320.000000
0	22.820000	13.913043	240.000000	320.000000
0	22.867000	13.913043	240.000000	320.000000
0	22.898000	13.913043	240.000000	320.000000
0	22.929000	13.913043	240.000000	320.000000
0	22.960000	13.913043	240.000000	320.000000
0	22.992000	13.913043	240.000000	320.000000
0	23.023000	13.913043	240.000000	320.000000
0	23.054000	13.913043	240.000000	320.000000
0	23.101000	13.913043	240.000000	320.000000
0	23.132000	13.913043	240.000000	320.000000
0	23.163000	13.913043	240.000000	320.000000
0	23.194000	13.913043	240.000000	320.000000
0	23.226000	13.913043	240.000000	320.000000
0	23.257000	13.913043	240.000000	320.000000
0	23.288000	13.913043	240.000000	320.000000
0	23.319000	13.913043	240.000000	320.000000
0	23.366000	13.913043	240.000000	320.000000
0	23.397000	13.913043	240.000000	320.000000
0	23.428000	13.913043	240.000000	320.000000
0	23.460000	13.913043	240.000000	320.000000
0	23.491000	13.913043	240.000000	320.000000
0	23.522000	13.913043	240.000000	320.000000
0	23.553000	13.913043	240.000000	320.000000
0	23.600000	13.913043	240.000000	320.000000
0	23.631000	13.913043	240.000000	320.000000
0	23.662000	13.913043	240.000000	320.000000
0	23.694000	13.913043	240.000000	320.000000
0	23.725000	13.913043	240.000000	320.000000
0	23.756000	13.913043	240.000000	320.000000
0	23.787000	13.913043	240.000000	320.000000
0	23.818000	13.913043	240.000000	320.000000
0	23.865000	13.913043	240.000000	320.000000
0	23.896000	13.913043	240.000000	320.000000
0	23.928000	13.913043	240.000000	320.000000
0	23.959000	13.913043	240.000000	320.000000
0	23.990000	13.913043	240.000000	320.000000
0	24.021000	13.913043	240.000000	320.000000
0	24.052000	13.913043	240.000000	320.000000
0	24.099000	13.913043	240.000000	320.000000
0	24.130000	13.913043	240.000000	320.000000
0	24.162000	13.913043	240.000000	320.000000
0	24.193000	13.913043	240.000000	320.000000
0	24.224000	13.913043	240.000000	320.000000
0	24.255000	13.913043	240.000000	320.000000
0	24.286000	13.913043	240.000000	320.000000
0	24.333000	13.913043	240.000000	320.000000
0	24.364000	13.913043	240.000000	320.000000
0	24.396000	13.913043	240.000000	320.000000
0	24.427000	13.913043	240.000000	320.000000
0	24.458000	13.913043	240.000000	320.000000
0	24.489000	13.913043	240.000000	320.000000
0	24.520000	13.913043	240.000000	320.000000
0	24.552000	13.913043	240.000000	320.000000
0	24.598000	13.913043	240.000000	320.000000
0	24.630000	13.913043	240.000000	320.000000
0	24.661000	13.913043	240.000000	320.000000
0	24.692000	13.913043	240.000000	320.000000
0	24.723000	13.913043	240.000000	320.000000
0	24.754000	13.913043	240.000000	320.000000
0	24.786000	13.913043	240.000000	320.000000
0	24.832000	13.913043	240.000000	320.000000
0	24.864000	13.913043	240.000000	320.000000
0	24.895000	13.913043	240.000000	320.000000
0	24.926000	13.913043	240.000000	320.000000
0	24.957000	13.913043	240.000000	320.000000
0	24.988000	13.913043	240.000000	320.000000
0	25.020000	13.913043	240.000000	320.000000
0	25.066000	13.913043	240.000000	320.000000
0	25.098000	13.913043	240.000000	320.000000
0	25.129000	13.913043	240.000000	320.000000
0	25.160000	13.913043	240.000000	320.000000
0	25.191000	13.913043	240.000000	320.000000
0	25.222000	13.913043	240.000000	320.000000
0	25.254000	13.913043	240.000000	320.000000
0	25.285000	13.913043	240.000000	320.000000
0	25.332000	13.913043	240.000000	320.000000
0	25.363000	13.913043	240.000000	320.000000
0	25.394000	13.913043	240.000000	320.000000
0	25.425000	13.913043	240.000000	320.000000
0	25.456000	13.913043	240.000000	320.000000
0	25.488000	13.913043	240.000000	320.000000
0	25.519000	13.913043	240.000000	320.000000
0	25.566000	13.913043	240.000000	320.000000
0	25.597000	13.913043	240.000000	320.000000
0	25.628000	13.913043	240.000000	320.000000
0	25.659000	13.913043	240.000000	320.000000
0	25.690000	13.913043	240.000000	320.000000
0	25.722000	13.913043	240.000000	320.000000
0	25.753000	13.913043	240.000000	320.000000
0	25.800000	13.913043	240.000000	320.000000
0	25.831000	13.913043	240.000000	320.000000
0	25.862000	13.913043	240.000000	320.000000
0	25.893000	13.913043	240.000000	320.000000
0	25.924000	13.913043	240.000000	320.000000
0	25.956000	13.913043	240.000000	320.000000
0	25.987000	13.913043	240.000000	320.000000
0	26.018000	13.913043	240.000000	320.000000
0	26.065000	13.913043	240.000000	320.000000
0	26.096000	13.913043	240.000000	320.000000
0	26.127000	13.913043	240.000000	320.000000
0	26.158000	13.913043	240.000000	320.000000
0	26.190000	13.913043	240.000000	320.000000
0	26.221000	13.913043	240.000000	320.000000
0	26.252000	13.913043	240.000000	320.000000
0	26.299000	13.913043	240.000000	320.000000
0	26.330000	13.913043	240.000000	320.000000
0	26.361000	13.913043	240.000000	320.000000
0	26.392000	13.913043	240.000000	320.000000
0	26.424000	13.913043	240.000000	320.000000
0	26.455000	13.913043	240.000000	320.000000
0	26.486000	13.913043	240.000000	320.000000
0	26.533000	13.913043	240.000000	320.000000
0	26.564000	13.913043	240.000000	320.000000
0	26.595000	13.913043	240.000000	320.000000
0	26.626000	13.913043	240.000000	320.000000
0	26.658000	13.913043	240.000000	320.000000
0	26.689000	13.913043	240.000000	320.000000
0	26.720000	13.913043	240.000000	320.000000
0	26.751000	13.913043	240.000000	320.000000
0	26.798000	13.913043	240.000000	320.000000
0	26.829000	13.913043	240.000000	320.000000
0	26.860000	13.913043	240.000000	320.000000
0	26.892000	13.913043	240.000000	320.000000
0	26.923000	13.913043	240.000000	320.000000
0	26.954000	13.913043	240.000000	320.000000
0	26.985000	13.913043	240.000000	320.000000
0	27.032000	13.913043	240.000000	320.000000
0	27.063000	13.913043	240.000000	320.000000
0	27.094000	13.913043	240.000000	320.000000
0	27.126000	13.913043	240.000000	320.000000
0	27.157000	13.913043	240.000000	320.000000
0	27.188000	13.913043	240.000000	320.000000
0	27.219000	13.913043	240.000000	320.000000
0	27.266000	13.913043	240.000000	320.000000
0	27.297000	13.913043	240.000000	320.000000
0	27.328000	13.913043	240.000000	320.000000
0	27.360000	13.913043	240.000000	320.000000
0	27.391000	13.913043	240.000000	320.000000
0	27.422000	13.913043	240.000000	320.000000
0	27.453000	13.913043	240.000000	320.000000
0	27.484000	13.913043	240.000000	320.000000
0	27.531000	13.913043	240.000000	320.000000
0	27.562000	13.913043	240.000000	320.000000
0	27.594000	13.913043	240.000000	320.000000
0	27.625000	13.913043	240.000000	320.000000
0	27.656000	13.913043	240.000000	320.000000
0	27.687000	13.913043	240.000000	320.000000
0	27.718000	13.913043	240.000000	320.000000
0	27.750000	13.913043	240.000000	320.000000
0	27.796000	13.913043	240.000000	320.000000
0	27.828000	13.913043	240.000000	320.000000
0	27.859000	13.913043	240.000000	320.000000
0	27.890000	13.913043	240.000000	320.000000
0	27.921000	13.913043	240.000000	320.000000
0	27.952000	13.913043	240.000000	320.000000
0	27.984000	13.913043	240.000000	320.000000
0	28.030000	13.913043	240.000000	320.000000
0	28.062000	13.913043	240.000000	320.000000
0	28.093000	13.913043	240.000000	320.000000
0	28.124000	13.913043	240.000000	320.000000
0	28.155000	13.913043	240.000000	320.000000
0	28.186000	13.913043	240.000000	320.000000
0	28.218000	13.913043	240.000000	320.000000
0	28.264000	13.913043	240.000000	320.000000
0	28.296000	13.913043	240.000000	320.000000
0	28.327000	13.913043	240.000000	320.000000
0	28.358000	13.913043	240.000000	320.000000
0	28.389000	13.913043	240.000000	320.000000
0	28.420000	13.913043	240.000000	320.000000
0	28.452000	13.913043	240.000000	320.000000
0	28.483000	13.913043	240.000000	320.000000
0	28.530000	13.913043	240.000000	320.000000
0	28.561000	13.913043	240.000000	320.000000
0	28.592000	13.913043	240.000000	320.000000
0	28.623000	13.913043	240.000000	320.000000
0	28.654000	13.913043	240.000000	320.000000
0	28.686000	13.913043	240.000000	320.000000
0	28.717000	13.913043	240.000000	320.000000
0	28.764000	13.913043	240.000000	320.000000
0	28.795000	13.913043	240.000000	320.000000
0	28.826000	13.913043	240.000000	320.000000
0	28.857000	13.913043	240.000000	320.000000
0	28.888000	13.913043	240.000000	320.000000
0	28.920000	13.913043	240.000000	320.000000
0	28.951000	13.913043	240.000000	320.000000
0	28.998000	13.913043	240.000000	320.000000
0	29.029000	13.913043	240.000000	320.000000
0	29.060000	13.913043	240.000000	320.000000
0	29.091000	13.913043	240.000000	320.000000
0	29.122000	13.913043	240.000000	320.000000
0	29.154000	13.913043	240.000000	320.000000
0	29.185000	13.913043	240.000000	320.000000
0	29.216000	13.913043	240.000000	320.000000
0	29.263000	13.913043	240.000000	320.000000
0	29.294000	13.913043	240.000000	320.000000
0	29.325000	13.913043	240.000000	320.000000
0	29.356000	13.913043	240.000000	320.000000
0	29.388000	13.913043	240.000000	320.000000
0	29.419000	13.913043	240.000000	320.000000
0	29.450000	13.913043	240.000000	320.000000
0	29.497000	13.913043	240.000000	320.000000
0	29.528000	13.913043	240.000000	320.000000
0	29.559000	13.913043	240.000000	320.000000
0	29.590000	13.913043	240.000000	320.000000
0	29.622000	13.913043	240.000000	320.000000
0	29.653000	13.913043	240.000000	320.000000
0	29.684000	13.913043	240.000000	320.000000
0	29.731000	13.913043	240.000000	320.000000
0	29.762000	13.913043	240.000000	320.000000
0	29.793000	13.913043	240.000000	320.000000
0	29.824000	13.913043	240.000000	320.000000
0	29.856000	13.913043	240.000000	320.000000
0	29.887000	13.913043	240.000000	320.000000
0	29.918000	13.913043	240.000000	320.000000
0	29.949000	13.913043	240.000000	320.000000
0	29.996000	13.913043	240.000000	320.000000
<\LEFT-PUPIL-DATA>
<RIGHT-PUPIL-ANALYSIS>
1
0	0	17	901	0	0	0.510000	29.518000	0.509000	15.810344	0.000000	0.000000	0.000000	0	3	3	3	3	0	0	0	0.000000	0.000000	0.000000	0.000000	0.000000	0.000000	0.000000	-1.000000	0.000000	0	1.109188	0.483878	0.966381	0.191203	6.631000	-0.093442	-1.714368	-1.000000	0.082608	1	1.109188	0.483878	0.966381	0.191203	6.631000	-1.212150	-2.096300	-1.000000	0.080988
<\RIGHT-PUPIL-ANALYSIS>
<LEFT-PUPIL-ANALYSIS>
1
0	0	17	902	0	0	0.510000	29.518000	0.509000	15.810344	0.000000	0.000000	0.000000	0	3	3	3	3	0	0	0	0.000000	0.000000	0.000000	0.000000	0.000000	0.000000	0.000000	-1.000000	0.000000	0	-0.034783	-0.034783	0.000950	0.000950	0.002000	0.000000	0.000000	-1.000000	0.000000	1	-0.034783	-0.034783	0.000950	0.000950	0.002000	-1000000.000000	-1000000.000000	-1.000000	0.000000
<\LEFT-PUPIL-ANALYSIS>
%%%%%%%%%
%%%%%%%%%
%%%%%%%%%
%%%	Measurement Tiime is: 2017-10-31 11:57:37
%%%	Subject ID is: C57BL6-28.09.17-DA-1mois-M1-1.2b
%%%	Note: 
%%%	RSS: Default Human Relative Spectral Sensitivity
%%%	Pupil Analysis:
%%%
%%%
%%%
%%%	Pulse Index:	0
%%%	Stimulus Session Index:	0
%%%	Right Pupil Stimulated
%%%	Light Metric is Photopic
%%%	Stimulus Start Time(sec):	0.51
%%%	Stimulus Duration(sec):	29.52
%%%	Stimulus Pulse Duration(sec):	0.51
%%%	Right Pulse:	15.81	(Blue )	-	0.00	(Blue )	[Lux ]
%%%	Left Pulse:	0.00	(Blue )	-	0.00	(Blue )	[Lux ]
%%%
%%%		RIGHT	LEFT	R.Pupil Mean	L.Pupil Mean	R.Stim Mean	R.Stim Mean
%%%	INPUT:	RAW DATA	RAW DATA
%%%	STATE:	ABNORMAL	ABNORMAL	ABNORMAL	ABNORMAL	ABNORMAL	ABNORMAL
%%%	MAX(mm):	0.00	0.00	0.00	0.00	0.00	0.00
%%%	MIN(mm):	0.00	0.00	0.00	0.00	0.00	0.00
%%%	DELTA(mm):						
%%%	CH(%):						
%%%	LAT(sec):	0.00	0.00	0.00	0.00	0.00	0.00
%%%	CV(mm/s):	0.00	0.00	0.00	0.00	0.00	0.00
%%%	MCV(mm/s):	0.00	0.00	0.00	0.00	0.00	0.00
%%%	DV(mm/s):	0.00	0.00	0.00	0.00	0.00	0.00
%%%%%%%%%
%%%%%%%%%
%%%%%%%%%
%%%	Right Pupil Profile (1st row -> 1 == valid tracking, 0 == invalid tracking; 2nd row -> time; 3rd row -> diameter (mm))
%%%	1	1	1	1	1	0	1	1	1	1	1	1	1	1	1	1	1	1	1	1	1	1	1	1	1	1	1	1	1	1	1	1	1	1	1	1	1	1	1	1	1	1	1	1	1	1	1	1	1	0	1	1	1	1	1	1	1	0	0	1	1	1	1	0	1	1	0	0	0	1	0	0	1	1	1	0	0	0	0	1	1	1	1	0	1	0	1	1	0	0	0	1	1	0	0	0	1	0	1	0	1	0	1	0	1	0	0	1	0	1	1	1	1	1	0	1	1	1	0	1	1	1	1	1	0	1	1	0	1	1	0	1	1	1	1	1	1	0	0	1	1	1	1	0	0	1	1	0	0	1	1	1	1	0	0	0	1	0	1	1	0	1	1	0	1	0	1	1	1	1	1	1	1	1	0	1	0	0	1	1	0	1	0	1	0	1	1	0	1	0	1	0	1	0	1	1	1	1	0	1	1	0	1	1	1	1	1	0	1	0	0	0	1	1	0	1	0	1	1	1	0	0	1	1	1	1	0	1	1	0	1	0	0	1	1	1	1	1	1	1	1	1	1	1	1	1	1	1	1	1	1	1	1	1	1	0	1	0	1	0	0	0	1	1	0	1	1	1	1	0	1	1	1	1	1	1	1	0	1	1	0	1	1	1	0	1	1	0	1	1	0	1	1	1	1	1	1	1	1	0	1	1	1	1	1	1	1	1	0	1	1	1	1	1	1	1	1	1	1	1	1	1	0	1	1	1	1	1	1	1	0	1	1	1	1	1	1	1	1	1	1	1	1	1	1	1	1	1	1	1	1	1	1	1	1	1	1	1	1	1	1	1	1	1	1	1	1	1	1	1	1	1	1	0	1	1	1	0	1	1	1	1	0	1	1	1	0	1	1	1	0	1	1	0	1	1	1	1	1	1	1	1	0	1	1	1	1	1	1	1	0	1	1	1	1	1	0	1	1	1	1	1	1	1	1	1	1	1	1	0	1	1	0	1	1	1	0	1	1	1	1	1	1	1	1	1	1	1	0	1	1	1	1	1	0	1	1	1	0	1	1	0	0	1	1	1	1	1	1	1	1	0	1	1	1	1	1	1	1	1	1	1	1	1	1	1	1	1	1	1	1	1	1	1	1	1	1	1	1	1	1	1	1	1	1	1	1	1	1	1	1	1	1	1	1	1	1	1	1	1	1	1	1	1	1	1	1	1	1	1	1	1	1	1	1	1	1	1	1	1	1	1	1	1	1	1	1	1	1	1	1	1	1	1	1	1	1	1	1	1	1	1	1	1	1	1	1	1	1	1	1	1	1	1	1	1	1	1	1	1	1	1	1	1	1	1	1	1	1	1	1	1	1	1	1	1	1	1	1	1	1	1	1	1	1	1	1	1	1	1	1	1	1	1	1	1	1	1	1	1	1	1	1	1	1	1	1	1	1	1	1	1	0	1	1	1	1	1	1	1	1	1	1	1	1	1	1	1	1	1	1	1	1	1	1	1	1	1	1	1	1	1	1	1	1	1	1	1	1	1	1	1	1	1	1	1	1	1	1	1	1	1	1	1	1	1	1	1	0	1	1	1	1	1	1	1	1	1	1	1	1	1	1	1	1	1	1	1	1	1	0	1	0	1	1	1	1	1	1	1	1	1	1	1	1	1	1	1	1	1	1	1	1	1	1	1	1	1	1	1	1	1	1	1	1	1	1	1	1	1	1	1	1	1	1	1	1	1	1	1	1	1	1	1	1	1	0	1	1	1	1	0	1	0	1	1	1	1	1	0	1	1	1	1	1	1	1	1	1	1	1	1	1	1	1	1	1	1	1	1	1	1	1	1	1	1	1	1	1	1	1	1	1	1	1	1	1	1	1	1	1	1	1	1	1	1	1	1	1	1	1	1	1	1	1	1	1	1	1	1	1	1	1	1	1	1	1	1	1	1	1	1	1	1	1	1	1	1	1	1	1	1	1	1	1	1	1	1	1	1	1	1	1	1	1	1	1	1	1	1	1	1	1	1	1	1	1	1	1	1	1	1	1	1	1	1	1	1	1	1	1	1
%%%	-0.066000	-0.019000	0.012000	0.043000	0.075000	0.106000	0.137000	0.168000	0.215000	0.246000	0.277000	0.309000	0.340000	0.371000	0.402000	0.433000	0.480000	0.511000	0.543000	0.574000	0.605000	0.636000	0.667000	0.714000	0.745000	0.777000	0.808000	0.839000	0.870000	0.901000	0.948000	0.979000	1.011000	1.042000	1.073000	1.104000	1.135000	1.167000	1.213000	1.245000	1.276000	1.307000	1.338000	1.369000	1.401000	1.447000	1.479000	1.510000	1.541000	1.572000	1.603000	1.635000	1.681000	1.713000	1.744000	1.775000	1.806000	1.837000	1.869000	1.900000	1.947000	1.978000	2.009000	2.040000	2.071000	2.103000	2.134000	2.181000	2.212000	2.243000	2.274000	2.305000	2.337000	2.368000	2.415000	2.446000	2.477000	2.508000	2.539000	2.571000	2.602000	2.633000	2.680000	2.711000	2.742000	2.773000	2.805000	2.836000	2.867000	2.914000	2.945000	2.976000	3.007000	3.039000	3.070000	3.101000	3.132000	3.179000	3.210000	3.241000	3.273000	3.304000	3.335000	3.366000	3.413000	3.444000	3.475000	3.507000	3.538000	3.569000	3.600000	3.647000	3.678000	3.709000	3.741000	3.772000	3.803000	3.834000	3.865000	3.912000	3.943000	3.975000	4.006000	4.037000	4.068000	4.099000	4.146000	4.177000	4.209000	4.240000	4.271000	4.302000	4.333000	4.380000	4.411000	4.443000	4.474000	4.505000	4.536000	4.567000	4.599000	4.645000	4.677000	4.708000	4.739000	4.770000	4.801000	4.833000	4.879000	4.911000	4.942000	4.973000	5.004000	5.035000	5.067000	5.113000	5.145000	5.176000	5.207000	5.238000	5.269000	5.301000	5.332000	5.379000	5.410000	5.441000	5.472000	5.503000	5.535000	5.566000	5.613000	5.644000	5.675000	5.706000	5.737000	5.769000	5.800000	5.847000	5.878000	5.909000	5.940000	5.971000	6.003000	6.034000	6.065000	6.112000	6.143000	6.174000	6.205000	6.237000	6.268000	6.299000	6.346000	6.377000	6.408000	6.439000	6.471000	6.502000	6.533000	6.564000	6.611000	6.642000	6.673000	6.705000	6.736000	6.767000	6.798000	6.845000	6.876000	6.907000	6.939000	6.970000	7.001000	7.032000	7.063000	7.110000	7.141000	7.173000	7.204000	7.235000	7.266000	7.297000	7.344000	7.375000	7.407000	7.438000	7.469000	7.500000	7.531000	7.578000	7.609000	7.641000	7.672000	7.703000	7.734000	7.765000	7.797000	7.843000	7.875000	7.906000	7.937000	7.968000	7.999000	8.031000	8.077000	8.109000	8.140000	8.171000	8.202000	8.233000	8.265000	8.311000	8.343000	8.374000	8.405000	8.436000	8.467000	8.499000	8.530000	8.577000	8.608000	8.639000	8.670000	8.701000	8.733000	8.764000	8.811000	8.842000	8.873000	8.904000	8.935000	8.967000	8.998000	9.045000	9.076000	9.107000	9.138000	9.169000	9.201000	9.232000	9.263000	9.310000	9.341000	9.372000	9.403000	9.435000	9.466000	9.497000	9.544000	9.575000	9.606000	9.637000	9.669000	9.700000	9.731000	9.778000	9.809000	9.840000	9.871000	9.903000	9.934000	9.965000	9.996000	10.043000	10.074000	10.105000	10.137000	10.168000	10.199000	10.230000	10.277000	10.308000	10.339000	10.371000	10.402000	10.433000	10.464000	10.511000	10.542000	10.573000	10.605000	10.636000	10.667000	10.698000	10.729000	10.776000	10.807000	10.839000	10.870000	10.901000	10.932000	10.963000	10.995000	11.041000	11.073000	11.104000	11.135000	11.166000	11.197000	11.229000	11.275000	11.307000	11.338000	11.369000	11.400000	11.431000	11.463000	11.509000	11.541000	11.572000	11.603000	11.634000	11.665000	11.697000	11.728000	11.775000	11.806000	11.837000	11.868000	11.899000	11.931000	11.962000	12.009000	12.040000	12.071000	12.102000	12.133000	12.165000	12.196000	12.243000	12.274000	12.305000	12.336000	12.367000	12.399000	12.430000	12.461000	12.508000	12.539000	12.570000	12.601000	12.633000	12.664000	12.695000	12.742000	12.773000	12.804000	12.835000	12.867000	12.898000	12.929000	12.976000	13.007000	13.038000	13.069000	13.101000	13.132000	13.163000	13.194000	13.241000	13.272000	13.303000	13.335000	13.366000	13.397000	13.428000	13.475000	13.506000	13.537000	13.569000	13.600000	13.631000	13.662000	13.709000	13.740000	13.771000	13.803000	13.834000	13.865000	13.896000	13.927000	13.974000	14.005000	14.037000	14.068000	14.099000	14.130000	14.161000	14.208000	14.239000	14.271000	14.302000	14.333000	14.364000	14.396000	14.442000	14.474000	14.505000	14.536000	14.567000	14.598000	14.630000	14.661000	14.708000	14.739000	14.770000	14.801000	14.832000	14.864000	14.895000	14.942000	14.973000	15.004000	15.035000	15.066000	15.098000	15.129000	15.160000	15.207000	15.238000	15.269000	15.300000	15.332000	15.363000	15.394000	15.441000	15.472000	15.503000	15.534000	15.566000	15.597000	15.628000	15.659000	15.706000	15.737000	15.768000	15.800000	15.831000	15.862000	15.893000	15.940000	15.971000	16.002000	16.034000	16.065000	16.096000	16.127000	16.174000	16.205000	16.236000	16.268000	16.299000	16.330000	16.361000	16.392000	16.439000	16.470000	16.502000	16.533000	16.564000	16.595000	16.626000	16.673000	16.704000	16.736000	16.767000	16.798000	16.829000	16.860000	16.907000	16.938000	16.970000	17.001000	17.032000	17.063000	17.094000	17.126000	17.172000	17.204000	17.235000	17.266000	17.297000	17.328000	17.360000	17.406000	17.438000	17.469000	17.500000	17.531000	17.562000	17.594000	17.640000	17.672000	17.703000	17.734000	17.765000	17.796000	17.828000	17.859000	17.906000	17.937000	17.968000	17.999000	18.030000	18.062000	18.093000	18.140000	18.171000	18.202000	18.233000	18.264000	18.296000	18.327000	18.374000	18.405000	18.436000	18.467000	18.498000	18.530000	18.561000	18.592000	18.639000	18.670000	18.701000	18.732000	18.764000	18.795000	18.826000	18.873000	18.904000	18.935000	18.966000	18.998000	19.029000	19.060000	19.091000	19.138000	19.169000	19.200000	19.232000	19.263000	19.294000	19.325000	19.372000	19.403000	19.434000	19.466000	19.497000	19.528000	19.559000	19.606000	19.637000	19.668000	19.700000	19.731000	19.762000	19.793000	19.824000	19.871000	19.902000	19.934000	19.965000	19.996000	20.027000	20.058000	20.105000	20.136000	20.168000	20.199000	20.230000	20.261000	20.292000	20.339000	20.370000	20.402000	20.433000	20.464000	20.495000	20.526000	20.558000	20.604000	20.636000	20.667000	20.698000	20.729000	20.760000	20.792000	20.838000	20.870000	20.901000	20.932000	20.963000	20.994000	21.026000	21.072000	21.104000	21.135000	21.166000	21.197000	21.228000	21.260000	21.291000	21.338000	21.369000	21.400000	21.431000	21.462000	21.494000	21.525000	21.572000	21.603000	21.634000	21.665000	21.696000	21.728000	21.759000	21.790000	21.837000	21.868000	21.899000	21.930000	21.962000	21.993000	22.024000	22.071000	22.102000	22.133000	22.164000	22.196000	22.227000	22.258000	22.305000	22.336000	22.367000	22.398000	22.430000	22.461000	22.492000	22.523000	22.570000	22.601000	22.632000	22.664000	22.695000	22.726000	22.757000	22.804000	22.835000	22.866000	22.898000	22.929000	22.960000	22.991000	23.022000	23.069000	23.100000	23.132000	23.163000	23.194000	23.225000	23.256000	23.303000	23.334000	23.366000	23.397000	23.428000	23.459000	23.490000	23.537000	23.568000	23.600000	23.631000	23.662000	23.693000	23.724000	23.756000	23.802000	23.834000	23.865000	23.896000	23.927000	23.958000	23.990000	24.036000	24.068000	24.099000	24.130000	24.161000	24.192000	24.224000	24.270000	24.302000	24.333000	24.364000	24.395000	24.426000	24.458000	24.489000	24.536000	24.567000	24.598000	24.629000	24.660000	24.692000	24.723000	24.770000	24.801000	24.832000	24.863000	24.894000	24.926000	24.957000	25.004000	25.035000	25.066000	25.097000	25.128000	25.160000	25.191000	25.222000	25.269000	25.300000	25.331000	25.362000	25.394000	25.425000	25.456000	25.503000	25.534000	25.565000	25.596000	25.628000	25.659000	25.690000	25.737000	25.768000	25.799000	25.830000	25.862000	25.893000	25.924000	25.955000	26.002000	26.033000	26.064000	26.096000	26.127000	26.158000	26.189000	26.236000	26.267000	26.298000	26.330000	26.361000	26.392000	26.423000	26.470000	26.501000	26.532000	26.564000	26.595000	26.626000	26.657000	26.688000	26.735000	26.766000	26.798000	26.829000	26.860000	26.891000	26.922000	26.954000	27.000000	27.032000	27.063000	27.094000	27.125000	27.156000	27.188000	27.234000	27.266000	27.297000	27.328000	27.359000	27.390000	27.422000	27.468000	27.500000	27.531000	27.562000	27.593000	27.624000	27.656000	27.687000	27.734000	27.765000	27.796000	27.827000	27.858000	27.890000	27.921000	27.968000	27.999000	28.030000	28.061000	28.092000	28.124000	28.155000	28.202000	28.233000	28.264000	28.295000	28.326000	28.358000	28.389000	28.420000	28.467000	28.498000	28.529000	28.560000	28.592000	28.623000	28.654000	28.701000	28.732000	28.763000	28.794000	28.826000	28.857000	28.888000	28.935000	28.966000	28.997000	29.028000	29.060000	29.091000	29.122000	29.153000	29.200000	29.231000	29.262000	29.294000	29.325000	29.356000	29.387000	29.434000	29.465000	29.496000	29.528000	29.559000	29.590000	29.621000	29.668000	29.699000	29.730000	29.762000	29.793000	29.824000	29.855000	29.886000	29.933000	29.964000
%%%	1.101449	1.121159	1.124638	1.114203	1.133333	1.031884	1.103333	1.124638	1.094493	1.112899	1.113623	1.111594	1.117971	1.105507	1.140145	1.114203	1.146667	1.082029	1.115797	1.113188	1.122899	1.088696	1.105362	1.114493	1.100145	1.088551	1.032029	1.031159	0.988116	0.975507	0.950145	0.933768	0.885942	0.848406	0.835362	0.829855	0.791449	0.796667	0.764203	0.743623	0.724928	0.695652	0.690290	0.664203	0.661884	0.662899	0.660870	0.650725	0.652754	0.347826	0.660870	0.626377	0.612464	0.610145	0.585797	0.600580	0.611014	0.347826	0.347826	0.585362	0.626087	0.610290	0.618986	0.440580	0.602174	0.627246	0.520145	0.347826	0.347826	0.605362	0.347826	0.614493	0.621159	0.634203	0.618406	0.522899	0.481159	0.383188	0.522899	0.347826	0.613623	0.614058	0.633623	0.660870	0.620580	0.347826	0.617826	0.641159	0.496377	0.407681	0.347826	0.620290	0.620290	0.495072	0.347826	0.522899	0.634058	0.347826	0.621739	0.347826	0.618406	0.347826	0.652319	0.568116	0.622754	0.420290	0.531014	0.644928	0.568116	0.655072	0.646812	0.659710	0.648406	0.659855	0.347826	0.653768	0.653333	0.672754	0.388986	0.646377	0.671159	0.662319	0.666812	0.648406	0.347826	0.544928	0.672899	0.357536	0.649275	0.661884	0.347826	0.663043	0.672464	0.648551	0.672319	0.684058	0.640725	0.433188	0.347826	0.670580	0.663623	0.637681	0.671159	0.407681	0.637681	0.643478	0.673333	0.559855	0.565797	0.672319	0.666232	0.685942	0.672464	0.602899	0.475362	0.347826	0.657101	0.347826	0.660870	0.665797	0.495072	0.626087	0.648116	0.347826	0.684058	0.347826	0.670145	0.664493	0.664203	0.660870	0.659275	0.670145	0.670725	0.667971	0.347826	0.681449	0.637681	0.511449	0.660870	0.672464	0.448985	0.679275	0.501594	0.673188	0.446812	0.660870	0.692899	0.350580	0.672464	0.347826	0.347826	0.415797	0.670580	0.540580	0.655072	0.650290	0.665072	0.347826	0.347826	0.668986	0.660725	0.473768	0.670725	0.663043	0.660870	0.668551	0.684058	0.347826	0.637681	0.382029	0.420725	0.394493	0.684058	0.701159	0.347826	0.654203	0.347826	0.680580	0.672754	0.671884	0.583478	0.533333	0.655072	0.347826	0.687536	0.684203	0.418986	0.677246	0.672464	0.545072	0.666812	0.347826	0.660870	0.664203	0.660870	0.662029	0.670145	0.664058	0.653333	0.672899	0.637681	0.666812	0.698841	0.655507	0.672464	0.672319	0.673333	0.690725	0.347826	0.664493	0.663623	0.668406	0.707681	0.672319	0.681594	0.347826	0.672319	0.347826	0.691449	0.566377	0.347826	0.348406	0.676812	0.703623	0.373913	0.666377	0.695507	0.694058	0.698406	0.347826	0.651015	0.678551	0.676377	0.690290	0.683623	0.703768	0.689130	0.459855	0.716522	0.661449	0.520580	0.698406	0.690290	0.696377	0.660870	0.660870	0.662899	0.347826	0.672319	0.665797	0.347826	0.698841	0.696377	0.696377	0.741304	0.691884	0.707536	0.712319	0.707246	0.348406	0.745072	0.727246	0.748551	0.752754	0.753623	0.747101	0.772464	0.753623	0.348985	0.745797	0.759855	0.768406	0.755942	0.727681	0.770290	0.775072	0.724493	0.764058	0.742464	0.743623	0.764638	0.778841	0.391884	0.773188	0.775072	0.733189	0.742898	0.761884	0.791884	0.745072	0.403768	0.749855	0.753623	0.755942	0.759855	0.758116	0.756667	0.764203	0.759275	0.759855	0.787536	0.796232	0.759710	0.792754	0.765362	0.796812	0.745362	0.797246	0.792464	0.800145	0.815942	0.783768	0.796667	0.789855	0.814638	0.794493	0.791884	0.800000	0.742319	0.788116	0.790145	0.814638	0.756666	0.764638	0.782464	0.795942	0.759855	0.791304	0.798841	0.769420	0.790290	0.759420	0.792898	0.351159	0.776667	0.820145	0.783188	0.846377	0.812464	0.800580	0.800580	0.805507	0.417971	0.810290	0.800580	0.826667	0.347826	0.800435	0.802754	0.821159	0.846377	0.799275	0.811884	0.846377	0.809275	0.805362	0.809710	0.814638	0.823333	0.798406	0.812464	0.795072	0.753623	0.826667	0.815072	0.812464	0.794203	0.803333	0.779855	0.800000	0.417971	0.787536	0.792464	0.771014	0.788406	0.814638	0.608696	0.814203	0.832029	0.757246	0.756812	0.743333	0.846377	0.778841	0.751015	0.721159	0.742464	0.751159	0.871159	0.452319	0.857536	0.883768	0.781449	0.742029	0.757246	0.858116	0.828841	0.895072	0.882754	0.927536	0.896812	0.924928	0.922319	0.949420	0.957102	0.881159	0.968985	0.928841	0.459275	0.939130	0.968551	0.966812	0.921739	0.956667	0.840290	0.921159	0.927536	0.968985	0.866232	0.968985	0.973188	0.452319	0.835797	0.970290	0.934783	0.976812	0.992898	0.934783	1.007102	0.962319	1.008116	0.347826	1.020290	0.998841	0.927101	0.985507	0.974493	0.939130	0.985942	1.026812	1.026667	1.025507	0.997101	1.046377	1.051449	1.044492	1.044058	1.025072	1.066232	1.059710	1.044058	1.031884	1.048841	1.062029	1.066812	1.095652	1.076667	1.078841	1.031884	1.078261	1.101449	1.081594	1.078261	1.078261	1.052464	1.061449	1.074058	1.039855	1.078261	1.017971	1.079855	1.065797	1.099855	1.087536	1.078261	1.061884	1.064638	1.078841	1.031884	1.099420	1.031884	1.063623	1.078261	1.092898	1.089710	1.070145	1.096812	1.105072	1.092464	1.111449	1.092464	1.094493	1.099275	1.061884	1.031884	1.061449	1.069565	1.053333	1.062899	1.027101	1.049275	1.078261	1.061449	1.064638	1.124638	1.027246	1.009710	1.044638	0.991304	1.044638	1.055507	1.044638	1.043333	1.044493	1.048841	1.065797	1.064203	1.062029	1.061884	1.044058	1.063623	1.044058	1.044058	1.059710	1.060870	1.024928	1.032029	1.020725	1.044058	1.026667	1.026087	1.026667	1.000725	0.988551	0.995652	0.926232	1.021014	1.048406	1.048841	1.020725	0.994058	0.985507	1.008841	0.999420	1.031884	1.014493	1.025942	0.997101	1.049275	1.007681	1.062029	1.025507	1.014493	1.044058	1.044638	1.007102	1.038986	1.060870	0.935507	1.055072	1.025072	1.007102	1.008261	0.931594	1.017246	1.028841	1.002899	1.007681	1.010290	0.974493	1.001884	0.973913	0.948551	1.031449	0.936667	0.990290	1.008841	1.045072	1.014638	0.968985	0.994058	0.996667	1.031884	0.988551	0.997101	1.025942	0.998841	0.978841	0.996377	1.005797	1.018551	0.987536	0.945653	1.016811	1.027101	1.017971	1.004058	1.016812	1.043333	1.023188	1.038986	1.035072	1.044058	0.939130	1.066812	1.061884	1.078261	1.079710	1.061884	1.078261	1.070725	1.044638	1.062464	1.004203	0.985507	1.041159	1.017971	1.025507	0.998841	0.990290	1.018406	1.003333	1.022754	0.985507	1.028841	1.007681	1.043478	1.031884	1.052464	1.029420	1.078261	0.985507	1.078261	1.048985	1.062029	1.062464	1.062029	1.064638	1.071159	1.031884	1.049420	1.063623	1.042754	1.055072	1.029420	1.044638	1.043913	1.035507	0.939130	1.055072	1.044058	1.026087	1.019855	1.014493	1.049275	1.081159	1.044058	1.044058	1.033044	1.055072	1.059710	1.038986	1.044058	1.049275	1.043478	1.053333	1.043623	1.031884	1.052754	1.031884	1.124638	1.096667	1.124638	1.061594	1.070145	1.046812	1.044638	1.060870	1.045507	1.031884	1.055072	1.007681	1.020725	1.042319	1.022899	1.025507	1.008696	1.007536	1.014203	1.044058	1.043478	1.031594	1.078261	1.044058	1.059855	1.033188	1.078261	1.064638	1.081449	1.061014	0.985507	1.062029	1.078841	1.060870	1.031884	1.101449	1.060290	1.062029	1.044058	1.039710	1.037536	1.049420	1.042754	0.985507	1.078261	1.050580	1.029275	1.020290	1.049420	1.062029	1.066232	1.037101	1.067536	1.050145	1.031884	1.078261	1.031884	1.062029	1.065797	1.078261	1.082029	1.124638	1.059710	1.124638	1.079420	1.081449	1.044058	1.089710	1.059710	1.124638	1.124638	1.078841	1.062029	1.078841	1.096812	1.078261	1.061449	1.082029	1.053333	1.055942	1.053333	1.061014	1.037681	1.061884	1.044493	1.069275	1.077681	1.060725	1.044058	1.048841	1.053333	1.068841	1.027246	1.062464	1.048985	1.048406	1.065217	1.044638	0.939130	1.055072	1.043623	1.049420	1.052754	1.042754	1.035507	1.044058	1.062029	1.044058	1.063333	1.045797	1.045507	1.062609	1.066377	1.055072	1.066667	1.069420	1.062464	1.081449	1.078261	1.078261	1.061449	1.081449	1.078841	1.101449	1.081884	1.087971	1.089710	1.095797	1.075362	1.078841	1.092029	1.124638	1.079420	1.114203	1.113623	1.090145	1.096812	1.081015	1.069420	1.078261	1.078261	1.079855	1.072464	1.078261	1.079855	1.078841	1.081449	1.082029	1.070290	1.124638	1.079420	1.078841	1.078261	1.031884	1.063623	1.095072	1.147826	1.070145	1.095072	1.098985	1.079420	1.081449	1.078841	1.059710	1.062029	1.061449	1.062029	1.055507	1.063623	1.062029	1.053768	1.031884	1.044638	1.067536	1.061449	1.053333	1.077536	1.061449	1.079420	1.089710	1.055072	1.081594	1.031884	1.057246	1.124638	1.078261	1.078841	1.051159	1.042754	1.031884	1.057246	1.124638
%%%	Left Pupil Profile (1st row -> 1 == valid tracking, 0 == invalid tracking; 2nd row -> time; 3rd row -> diameter (mm))
%%%	0	0	0	0	0	0	0	0	0	0	0	0	0	0	0	0	0	0	0	0	0	0	0	0	0	0	0	0	0	0	0	0	0	0	0	0	0	0	0	0	0	0	0	0	0	0	0	0	0	0	0	0	0	0	0	0	0	0	0	0	0	0	0	0	0	0	0	0	0	0	0	0	0	0	0	0	0	0	0	0	0	0	0	0	0	0	0	0	0	0	0	0	0	0	0	0	0	0	0	0	0	0	0	0	0	0	0	0	0	0	0	0	0	0	0	0	0	0	0	0	0	0	0	0	0	0	0	0	0	0	0	0	0	0	0	0	0	0	0	0	0	0	0	0	0	0	0	0	0	0	0	0	0	0	0	0	0	0	0	0	0	0	0	0	0	0	0	0	0	0	0	0	0	0	0	0	0	0	0	0	0	0	0	0	0	0	0	0	0	0	0	0	0	0	0	0	0	0	0	0	0	0	0	0	0	0	0	0	0	0	0	0	0	0	0	0	0	0	0	0	0	0	0	0	0	0	0	0	0	0	0	0	0	0	0	0	0	0	0	0	0	0	0	0	0	0	0	0	0	0	0	0	0	0	0	0	0	0	0	0	0	0	0	0	0	0	0	0	0	0	0	0	0	0	0	0	0	0	0	0	0	0	0	0	0	0	0	0	0	0	0	0	0	0	0	0	0	0	0	0	0	0	0	0	0	0	0	0	0	0	0	0	0	0	0	0	0	0	0	0	0	0	0	0	0	0	0	0	0	0	0	0	0	0	0	0	0	0	0	0	0	0	0	0	0	0	0	0	0	0	0	0	0	0	0	0	0	0	0	0	0	0	0	0	0	0	0	0	0	0	0	0	0	0	0	0	0	0	0	0	0	0	0	0	0	0	0	0	0	0	0	0	0	0	0	0	0	0	0	0	0	0	0	0	0	0	0	0	0	0	0	0	0	0	0	0	0	0	0	0	0	0	0	0	0	0	0	0	0	0	0	0	0	0	0	0	0	0	0	0	0	0	0	0	0	0	0	0	0	0	0	0	0	0	0	0	0	0	0	0	0	0	0	0	0	0	0	0	0	0	0	0	0	0	0	0	0	0	0	0	0	0	0	0	0	0	0	0	0	0	0	0	0	0	0	0	0	0	0	0	0	0	0	0	0	0	0	0	0	0	0	0	0	0	0	0	0	0	0	0	0	0	0	0	0	0	0	0	0	0	0	0	0	0	0	0	0	0	0	0	0	0	0	0	0	0	0	0	0	0	0	0	0	0	0	0	0	0	0	0	0	0	0	0	0	0	0	0	0	0	0	0	0	0	0	0	0	0	0	0	0	0	0	0	0	0	0	0	0	0	0	0	0	0	0	0	0	0	0	0	0	0	0	0	0	0	0	0	0	0	0	0	0	0	0	0	0	0	0	0	0	0	0	0	0	0	0	0	0	0	0	0	0	0	0	0	0	0	0	0	0	0	0	0	0	0	0	0	0	0	0	0	0	0	0	0	0	0	0	0	0	0	0	0	0	0	0	0	0	0	0	0	0	0	0	0	0	0	0	0	0	0	0	0	0	0	0	0	0	0	0	0	0	0	0	0	0	0	0	0	0	0	0	0	0	0	0	0	0	0	0	0	0	0	0	0	0	0	0	0	0	0	0	0	0	0	0	0	0	0	0	0	0	0	0	0	0	0	0	0	0	0	0	0	0	0	0	0	0	0	0	0	0	0	0	0	0	0	0	0	0	0	0	0	0	0	0	0	0	0	0	0	0	0	0	0	0	0	0	0	0	0	0	0	0	0	0	0	0	0	0	0	0	0	0	0	0	0	0	0	0	0	0	0	0	0	0	0	0	0	0	0	0	0	0	0	0	0	0	0	0	0	0	0	0	0	0	0	0	0	0	0	0	0	0	0	0	0	0	0	0	0	0	0	0	0	0	0	0	0	0	0	0	0	0	0	0	0	0	0	0	0	0	0	0	0	0	0	0	0	0	0	0	0	0	0	0	0	0	0	0	0	0	0	0	0	0	0	0	0	0	0	0	0	0	0	0	0	0	0	0	0	0
%%%	-0.065000	-0.034000	-0.003000	0.044000	0.075000	0.106000	0.137000	0.169000	0.200000	0.231000	0.278000	0.309000	0.340000	0.371000	0.403000	0.434000	0.465000	0.512000	0.543000	0.574000	0.605000	0.637000	0.668000	0.699000	0.730000	0.777000	0.808000	0.839000	0.871000	0.902000	0.933000	0.964000	1.011000	1.042000	1.073000	1.105000	1.136000	1.167000	1.198000	1.245000	1.276000	1.307000	1.339000	1.370000	1.401000	1.432000	1.463000	1.510000	1.541000	1.573000	1.604000	1.635000	1.666000	1.697000	1.744000	1.775000	1.807000	1.838000	1.869000	1.900000	1.931000	1.978000	2.009000	2.041000	2.072000	2.103000	2.134000	2.165000	2.197000	2.243000	2.275000	2.306000	2.337000	2.368000	2.399000	2.431000	2.477000	2.509000	2.540000	2.571000	2.602000	2.633000	2.665000	2.711000	2.743000	2.774000	2.805000	2.836000	2.867000	2.899000	2.930000	2.977000	3.008000	3.039000	3.070000	3.101000	3.133000	3.164000	3.211000	3.242000	3.273000	3.304000	3.335000	3.367000	3.398000	3.429000	3.476000	3.507000	3.538000	3.569000	3.601000	3.632000	3.663000	3.710000	3.741000	3.772000	3.803000	3.835000	3.866000	3.897000	3.928000	3.975000	4.006000	4.037000	4.069000	4.100000	4.131000	4.162000	4.209000	4.240000	4.271000	4.303000	4.334000	4.365000	4.396000	4.443000	4.474000	4.505000	4.537000	4.568000	4.599000	4.630000	4.661000	4.708000	4.739000	4.771000	4.802000	4.833000	4.864000	4.895000	4.942000	4.973000	5.005000	5.036000	5.067000	5.098000	5.129000	5.176000	5.207000	5.239000	5.270000	5.301000	5.332000	5.363000	5.395000	5.441000	5.473000	5.504000	5.535000	5.566000	5.597000	5.629000	5.675000	5.707000	5.738000	5.769000	5.800000	5.831000	5.863000	5.909000	5.941000	5.972000	6.003000	6.034000	6.065000	6.097000	6.128000	6.175000	6.206000	6.237000	6.268000	6.299000	6.331000	6.362000	6.409000	6.440000	6.471000	6.502000	6.533000	6.565000	6.596000	6.643000	6.674000	6.705000	6.736000	6.767000	6.799000	6.830000	6.861000	6.908000	6.939000	6.970000	7.001000	7.033000	7.064000	7.095000	7.142000	7.173000	7.204000	7.235000	7.267000	7.298000	7.329000	7.376000	7.407000	7.438000	7.469000	7.501000	7.532000	7.563000	7.594000	7.641000	7.672000	7.703000	7.735000	7.766000	7.797000	7.828000	7.859000	7.906000	7.937000	7.969000	8.000000	8.031000	8.062000	8.093000	8.140000	8.171000	8.203000	8.234000	8.265000	8.296000	8.327000	8.374000	8.405000	8.437000	8.468000	8.499000	8.530000	8.561000	8.593000	8.639000	8.671000	8.702000	8.733000	8.764000	8.795000	8.827000	8.873000	8.905000	8.936000	8.967000	8.998000	9.029000	9.061000	9.107000	9.139000	9.170000	9.201000	9.232000	9.263000	9.295000	9.326000	9.373000	9.404000	9.435000	9.466000	9.497000	9.529000	9.560000	9.607000	9.638000	9.669000	9.700000	9.731000	9.763000	9.794000	9.841000	9.872000	9.903000	9.934000	9.965000	9.997000	10.028000	10.059000	10.106000	10.137000	10.168000	10.199000	10.231000	10.262000	10.293000	10.340000	10.371000	10.402000	10.433000	10.465000	10.496000	10.527000	10.574000	10.605000	10.636000	10.667000	10.699000	10.730000	10.761000	10.792000	10.839000	10.870000	10.901000	10.933000	10.964000	10.995000	11.026000	11.073000	11.104000	11.135000	11.167000	11.198000	11.229000	11.260000	11.307000	11.338000	11.369000	11.401000	11.432000	11.463000	11.494000	11.525000	11.572000	11.603000	11.635000	11.666000	11.697000	11.728000	11.759000	11.806000	11.837000	11.869000	11.900000	11.931000	11.962000	11.993000	12.025000	12.071000	12.103000	12.134000	12.165000	12.196000	12.227000	12.259000	12.305000	12.337000	12.368000	12.399000	12.430000	12.461000	12.493000	12.524000	12.571000	12.602000	12.633000	12.664000	12.695000	12.727000	12.758000	12.805000	12.836000	12.867000	12.898000	12.929000	12.961000	12.992000	13.039000	13.070000	13.101000	13.132000	13.163000	13.195000	13.226000	13.257000	13.304000	13.335000	13.366000	13.397000	13.429000	13.460000	13.491000	13.538000	13.569000	13.600000	13.631000	13.663000	13.694000	13.725000	13.772000	13.803000	13.834000	13.865000	13.897000	13.928000	13.959000	13.990000	14.037000	14.068000	14.099000	14.131000	14.162000	14.193000	14.224000	14.271000	14.302000	14.334000	14.365000	14.396000	14.427000	14.458000	14.505000	14.536000	14.568000	14.599000	14.630000	14.661000	14.692000	14.724000	14.770000	14.802000	14.833000	14.864000	14.895000	14.926000	14.958000	15.004000	15.036000	15.067000	15.098000	15.129000	15.160000	15.192000	15.238000	15.270000	15.301000	15.332000	15.363000	15.394000	15.426000	15.457000	15.504000	15.535000	15.566000	15.597000	15.628000	15.660000	15.691000	15.738000	15.769000	15.800000	15.831000	15.862000	15.894000	15.925000	15.956000	16.003000	16.034000	16.065000	16.096000	16.128000	16.159000	16.190000	16.237000	16.268000	16.299000	16.330000	16.362000	16.393000	16.424000	16.471000	16.502000	16.533000	16.564000	16.596000	16.627000	16.658000	16.689000	16.736000	16.767000	16.798000	16.830000	16.861000	16.892000	16.923000	16.970000	17.001000	17.032000	17.064000	17.095000	17.126000	17.157000	17.204000	17.235000	17.266000	17.298000	17.329000	17.360000	17.391000	17.422000	17.469000	17.500000	17.532000	17.563000	17.594000	17.625000	17.656000	17.703000	17.734000	17.766000	17.797000	17.828000	17.859000	17.890000	17.937000	17.968000	18.000000	18.031000	18.062000	18.093000	18.124000	18.156000	18.202000	18.234000	18.265000	18.296000	18.327000	18.358000	18.390000	18.436000	18.468000	18.499000	18.530000	18.561000	18.592000	18.624000	18.655000	18.702000	18.733000	18.764000	18.795000	18.826000	18.858000	18.889000	18.936000	18.967000	18.998000	19.029000	19.060000	19.092000	19.123000	19.170000	19.201000	19.232000	19.263000	19.294000	19.326000	19.357000	19.388000	19.435000	19.466000	19.497000	19.528000	19.560000	19.591000	19.622000	19.669000	19.700000	19.731000	19.762000	19.794000	19.825000	19.856000	19.887000	19.934000	19.965000	19.996000	20.028000	20.059000	20.090000	20.121000	20.168000	20.199000	20.230000	20.262000	20.293000	20.324000	20.355000	20.402000	20.433000	20.464000	20.496000	20.527000	20.558000	20.589000	20.620000	20.667000	20.698000	20.730000	20.761000	20.792000	20.823000	20.854000	20.901000	20.932000	20.964000	20.995000	21.026000	21.057000	21.088000	21.135000	21.166000	21.198000	21.229000	21.260000	21.291000	21.322000	21.354000	21.400000	21.432000	21.463000	21.494000	21.525000	21.556000	21.588000	21.634000	21.666000	21.697000	21.728000	21.759000	21.790000	21.822000	21.868000	21.900000	21.931000	21.962000	21.993000	22.024000	22.056000	22.087000	22.134000	22.165000	22.196000	22.227000	22.258000	22.290000	22.321000	22.368000	22.399000	22.430000	22.461000	22.492000	22.524000	22.555000	22.602000	22.633000	22.664000	22.695000	22.726000	22.758000	22.789000	22.820000	22.867000	22.898000	22.929000	22.960000	22.992000	23.023000	23.054000	23.101000	23.132000	23.163000	23.194000	23.226000	23.257000	23.288000	23.319000	23.366000	23.397000	23.428000	23.460000	23.491000	23.522000	23.553000	23.600000	23.631000	23.662000	23.694000	23.725000	23.756000	23.787000	23.818000	23.865000	23.896000	23.928000	23.959000	23.990000	24.021000	24.052000	24.099000	24.130000	24.162000	24.193000	24.224000	24.255000	24.286000	24.333000	24.364000	24.396000	24.427000	24.458000	24.489000	24.520000	24.552000	24.598000	24.630000	24.661000	24.692000	24.723000	24.754000	24.786000	24.832000	24.864000	24.895000	24.926000	24.957000	24.988000	25.020000	25.066000	25.098000	25.129000	25.160000	25.191000	25.222000	25.254000	25.285000	25.332000	25.363000	25.394000	25.425000	25.456000	25.488000	25.519000	25.566000	25.597000	25.628000	25.659000	25.690000	25.722000	25.753000	25.800000	25.831000	25.862000	25.893000	25.924000	25.956000	25.987000	26.018000	26.065000	26.096000	26.127000	26.158000	26.190000	26.221000	26.252000	26.299000	26.330000	26.361000	26.392000	26.424000	26.455000	26.486000	26.533000	26.564000	26.595000	26.626000	26.658000	26.689000	26.720000	26.751000	26.798000	26.829000	26.860000	26.892000	26.923000	26.954000	26.985000	27.032000	27.063000	27.094000	27.126000	27.157000	27.188000	27.219000	27.266000	27.297000	27.328000	27.360000	27.391000	27.422000	27.453000	27.484000	27.531000	27.562000	27.594000	27.625000	27.656000	27.687000	27.718000	27.750000	27.796000	27.828000	27.859000	27.890000	27.921000	27.952000	27.984000	28.030000	28.062000	28.093000	28.124000	28.155000	28.186000	28.218000	28.264000	28.296000	28.327000	28.358000	28.389000	28.420000	28.452000	28.483000	28.530000	28.561000	28.592000	28.623000	28.654000	28.686000	28.717000	28.764000	28.795000	28.826000	28.857000	28.888000	28.920000	28.951000	28.998000	29.029000	29.060000	29.091000	29.122000	29.154000	29.185000	29.216000	29.263000	29.294000	29.325000	29.356000	29.388000	29.419000	29.450000	29.497000	29.528000	29.559000	29.590000	29.622000	29.653000	29.684000	29.731000	29.762000	29.793000	29.824000	29.856000	29.887000	29.918000	29.949000	29.996000
%%%	13.913043	13.913043	13.913043	13.913043	13.913043	13.913043	13.913043	13.913043	13.913043	13.913043	13.913043	13.913043	13.913043	13.913043	13.913043	13.913043	13.913043	13.913043	13.913043	13.913043	13.913043	13.913043	13.913043	13.913043	13.913043	13.913043	13.913043	13.913043	13.913043	13.913043	13.913043	13.913043	13.913043	13.913043	13.913043	13.913043	13.913043	13.913043	13.913043	13.913043	13.913043	13.913043	13.913043	13.913043	13.913043	13.913043	13.913043	13.913043	13.913043	13.913043	13.913043	13.913043	13.913043	13.913043	13.913043	13.913043	13.913043	13.913043	13.913043	13.913043	13.913043	13.913043	13.913043	13.913043	13.913043	13.913043	13.913043	13.913043	13.913043	13.913043	13.913043	13.913043	13.913043	13.913043	13.913043	13.913043	13.913043	13.913043	13.913043	13.913043	13.913043	13.913043	13.913043	13.913043	13.913043	13.913043	13.913043	13.913043	13.913043	13.913043	13.913043	13.913043	13.913043	13.913043	13.913043	13.913043	13.913043	13.913043	13.913043	13.913043	13.913043	13.913043	13.913043	13.913043	13.913043	13.913043	13.913043	13.913043	13.913043	13.913043	13.913043	13.913043	13.913043	13.913043	13.913043	13.913043	13.913043	13.913043	13.913043	13.913043	13.913043	13.913043	13.913043	13.913043	13.913043	13.913043	13.913043	13.913043	13.913043	13.913043	13.913043	13.913043	13.913043	13.913043	13.913043	13.913043	13.913043	13.913043	13.913043	13.913043	13.913043	13.913043	13.913043	13.913043	13.913043	13.913043	13.913043	13.913043	13.913043	13.913043	13.913043	13.913043	13.913043	13.913043	13.913043	13.913043	13.913043	13.913043	13.913043	13.913043	13.913043	13.913043	13.913043	13.913043	13.913043	13.913043	13.913043	13.913043	13.913043	13.913043	13.913043	13.913043	13.913043	13.913043	13.913043	13.913043	13.913043	13.913043	13.913043	13.913043	13.913043	13.913043	13.913043	13.913043	13.913043	13.913043	13.913043	13.913043	13.913043	13.913043	13.913043	13.913043	13.913043	13.913043	13.913043	13.913043	13.913043	13.913043	13.913043	13.913043	13.913043	13.913043	13.913043	13.913043	13.913043	13.913043	13.913043	13.913043	13.913043	13.913043	13.913043	13.913043	13.913043	13.913043	13.913043	13.913043	13.913043	13.913043	13.913043	13.913043	13.913043	13.913043	13.913043	13.913043	13.913043	13.913043	13.913043	13.913043	13.913043	13.913043	13.913043	13.913043	13.913043	13.913043	13.913043	13.913043	13.913043	13.913043	13.913043	13.913043	13.913043	13.913043	13.913043	13.913043	13.913043	13.913043	13.913043	13.913043	13.913043	13.913043	13.913043	13.913043	13.913043	13.913043	13.913043	13.913043	13.913043	13.913043	13.913043	13.913043	13.913043	13.913043	13.913043	13.913043	13.913043	13.913043	13.913043	13.913043	13.913043	13.913043	13.913043	13.913043	13.913043	13.913043	13.913043	13.913043	13.913043	13.913043	13.913043	13.913043	13.913043	13.913043	13.913043	13.913043	13.913043	13.913043	13.913043	13.913043	13.913043	13.913043	13.913043	13.913043	13.913043	13.913043	13.913043	13.913043	13.913043	13.913043	13.913043	13.913043	13.913043	13.913043	13.913043	13.913043	13.913043	13.913043	13.913043	13.913043	13.913043	13.913043	13.913043	13.913043	13.913043	13.913043	13.913043	13.913043	13.913043	13.913043	13.913043	13.913043	13.913043	13.913043	13.913043	13.913043	13.913043	13.913043	13.913043	13.913043	13.913043	13.913043	13.913043	13.913043	13.913043	13.913043	13.913043	13.913043	13.913043	13.913043	13.913043	13.913043	13.913043	13.913043	13.913043	13.913043	13.913043	13.913043	13.913043	13.913043	13.913043	13.913043	13.913043	13.913043	13.913043	13.913043	13.913043	13.913043	13.913043	13.913043	13.913043	13.913043	13.913043	13.913043	13.913043	13.913043	13.913043	13.913043	13.913043	13.913043	13.913043	13.913043	13.913043	13.913043	13.913043	13.913043	13.913043	13.913043	13.913043	13.913043	13.913043	13.913043	13.913043	13.913043	13.913043	13.913043	13.913043	13.913043	13.913043	13.913043	13.913043	13.913043	13.913043	13.913043	13.913043	13.913043	13.913043	13.913043	13.913043	13.913043	13.913043	13.913043	13.913043	13.913043	13.913043	13.913043	13.913043	13.913043	13.913043	13.913043	13.913043	13.913043	13.913043	13.913043	13.913043	13.913043	13.913043	13.913043	13.913043	13.913043	13.913043	13.913043	13.913043	13.913043	13.913043	13.913043	13.913043	13.913043	13.913043	13.913043	13.913043	13.913043	13.913043	13.913043	13.913043	13.913043	13.913043	13.913043	13.913043	13.913043	13.913043	13.913043	13.913043	13.913043	13.913043	13.913043	13.913043	13.913043	13.913043	13.913043	13.913043	13.913043	13.913043	13.913043	13.913043	13.913043	13.913043	13.913043	13.913043	13.913043	13.913043	13.913043	13.913043	13.913043	13.913043	13.913043	13.913043	13.913043	13.913043	13.913043	13.913043	13.913043	13.913043	13.913043	13.913043	13.913043	13.913043	13.913043	13.913043	13.913043	13.913043	13.913043	13.913043	13.913043	13.913043	13.913043	13.913043	13.913043	13.913043	13.913043	13.913043	13.913043	13.913043	13.913043	13.913043	13.913043	13.913043	13.913043	13.913043	13.913043	13.913043	13.913043	13.913043	13.913043	13.913043	13.913043	13.913043	13.913043	13.913043	13.913043	13.913043	13.913043	13.913043	13.913043	13.913043	13.913043	13.913043	13.913043	13.913043	13.913043	13.913043	13.913043	13.913043	13.913043	13.913043	13.913043	13.913043	13.913043	13.913043	13.913043	13.913043	13.913043	13.913043	13.913043	13.913043	13.913043	13.913043	13.913043	13.913043	13.913043	13.913043	13.913043	13.913043	13.913043	13.913043	13.913043	13.913043	13.913043	13.913043	13.913043	13.913043	13.913043	13.913043	13.913043	13.913043	13.913043	13.913043	13.913043	13.913043	13.913043	13.913043	13.913043	13.913043	13.913043	13.913043	13.913043	13.913043	13.913043	13.913043	13.913043	13.913043	13.913043	13.913043	13.913043	13.913043	13.913043	13.913043	13.913043	13.913043	13.913043	13.913043	13.913043	13.913043	13.913043	13.913043	13.913043	13.913043	13.913043	13.913043	13.913043	13.913043	13.913043	13.913043	13.913043	13.913043	13.913043	13.913043	13.913043	13.913043	13.913043	13.913043	13.913043	13.913043	13.913043	13.913043	13.913043	13.913043	13.913043	13.913043	13.913043	13.913043	13.913043	13.913043	13.913043	13.913043	13.913043	13.913043	13.913043	13.913043	13.913043	13.913043	13.913043	13.913043	13.913043	13.913043	13.913043	13.913043	13.913043	13.913043	13.913043	13.913043	13.913043	13.913043	13.913043	13.913043	13.913043	13.913043	13.913043	13.913043	13.913043	13.913043	13.913043	13.913043	13.913043	13.913043	13.913043	13.913043	13.913043	13.913043	13.913043	13.913043	13.913043	13.913043	13.913043	13.913043	13.913043	13.913043	13.913043	13.913043	13.913043	13.913043	13.913043	13.913043	13.913043	13.913043	13.913043	13.913043	13.913043	13.913043	13.913043	13.913043	13.913043	13.913043	13.913043	13.913043	13.913043	13.913043	13.913043	13.913043	13.913043	13.913043	13.913043	13.913043	13.913043	13.913043	13.913043	13.913043	13.913043	13.913043	13.913043	13.913043	13.913043	13.913043	13.913043	13.913043	13.913043	13.913043	13.913043	13.913043	13.913043	13.913043	13.913043	13.913043	13.913043	13.913043	13.913043	13.913043	13.913043	13.913043	13.913043	13.913043	13.913043	13.913043	13.913043	13.913043	13.913043	13.913043	13.913043	13.913043	13.913043	13.913043	13.913043	13.913043	13.913043	13.913043	13.913043	13.913043	13.913043	13.913043	13.913043	13.913043	13.913043	13.913043	13.913043	13.913043	13.913043	13.913043	13.913043	13.913043	13.913043	13.913043	13.913043	13.913043	13.913043	13.913043	13.913043	13.913043	13.913043	13.913043	13.913043	13.913043	13.913043	13.913043	13.913043	13.913043	13.913043	13.913043	13.913043	13.913043	13.913043	13.913043	13.913043	13.913043	13.913043	13.913043	13.913043	13.913043	13.913043	13.913043	13.913043	13.913043	13.913043	13.913043	13.913043	13.913043	13.913043	13.913043	13.913043	13.913043	13.913043	13.913043	13.913043	13.913043	13.913043	13.913043	13.913043	13.913043	13.913043	13.913043	13.913043	13.913043	13.913043	13.913043	13.913043	13.913043	13.913043	13.913043	13.913043	13.913043	13.913043	13.913043	13.913043	13.913043	13.913043	13.913043	13.913043	13.913043	13.913043	13.913043	13.913043	13.913043	13.913043	13.913043	13.913043	13.913043	13.913043	13.913043	13.913043	13.913043	13.913043	13.913043	13.913043	13.913043	13.913043	13.913043	13.913043	13.913043	13.913043	13.913043	13.913043	13.913043	13.913043	13.913043	13.913043	13.913043	13.913043	13.913043	13.913043	13.913043	13.913043	13.913043	13.913043	13.913043	13.913043	13.913043	13.913043	13.913043	13.913043	13.913043	13.913043	13.913043	13.913043	13.913043	13.913043	13.913043	13.913043	13.913043	13.913043	13.913043	13.913043	13.913043	13.913043	13.913043	13.913043	13.913043	13.913043	13.913043	13.913043	13.913043	13.913043	13.913043	13.913043	13.913043	13.913043	13.913043	13.913043	13.913043	13.913043	13.913043	13.913043	13.913043	13.913043	13.913043	13.913043	13.913043	13.913043	13.913043	13.913043	13.913043	13.913043	13.913043	13.913043	13.913043	13.913043	13.913043	13.913043	13.913043	13.913043	13.913043	13.913043	13.913043	13.913043	13.913043	13.913043	13.913043
%%%	Pulse Index	Stimulus Section Index	Stimulus Section Start Index	Stimulus Section End Index	Pupil Stimulated: 0 = Right, 1 = Left, 2 = Both	Light Metric: 0 = Photopic, 1 = Scopotic, 2 = Radiometric	Stimulus Start Time	Stimulus Duration	Stimulus Pulse Duration	Right Pulse Max Level	Right Pulse Max Color (0123 = WRGB)	Right Pulse Min Level	Right Pulse Min Color (0123 = WRGB)	Left Pulse Max Level	Left Pulse Max Color (0123 = WRGB)	Left Pulse Min Level	Left Pulse Min Color (0123 = WRGB)	Right Data Input Type (0 == RAW DATA, 1 == FITTED DATA, 2 == M. OVERRIDED)	Right ANALYSIS STATE (0 == ABNORMAL, 1 == NORMAL)	Right MAX (mm) (EMPTY if INVALID)	Right MIN (mm) (EMPTY if INVALID)	Right DELTA (mm) (EMPTY if INVALID)	Right CH (%) (EMPTY if INVALID)	Right LAT (sec) (EMPTY if INVALID)	Right CV (mm/s) (EMPTY if INVALID)	Right MCV (mm/s) (EMPTY if INVALID)	Right DV (mm/s) (EMPTY if INVALID)	Left Data Input Type (0 == RAW DATA, 1 == FITTED DATA, 2 == M. OVERRIDED)	Left ANALYSIS STATE (0 == ABNORMAL, 1 == NORMAL)	Left MAX (mm) (EMPTY if INVALID)	Left MIN (mm) (EMPTY if INVALID)	Left DELTA (mm) (EMPTY if INVALID)	Left CH (%) (EMPTY if INVALID)	Left LAT (sec) (EMPTY if INVALID)	Left CV (mm/s) (EMPTY if INVALID)	Left MCV (mm/s) (EMPTY if INVALID)	Left DV (mm/s) (EMPTY if INVALID)
%%%	0	0	17	901	0	0	0.51	29.52	0.51	15.81	3	0.00	3	0.00	3	0.00	3	0	0	0.00	0.00			0.00	0.00	0.00	0.00	0	0	0.00	0.00			0.00	0.00	0.00	0.00
%%%%%%%%%
%%%%%%%%%
%%%%%%%%%
<\SESSION>
