<SESSION>
<VERSION>
2
<\VERSION>
<DATE>
2017-10-31 12:18:38
<\DATE>
<SUBJECT-ID>
C57BL6-28.09.17-DA-1mois-M3-1.2b
<\SUBJECT-ID>
<NOTE>

<\NOTE>
<MIN-MAX-PLOT>
0.100000 51880.761719
<\MIN-MAX-PLOT>
<STIMULUS-DEFINED>
Default
Default Human Relative Spectral Sensitivity
1	0
1	0.500000	0.500000	29.000000	3	3	1.200000	-100.000000	0.100000	-100.000000	0
<\STIMULUS-DEFINED>
<STIMULUS-GENERATED>
4
0	0	0.000000	3	0.000000	0.000000	3	0.000000	0.000000
0	1	0.509000	3	0.299242	15.810344	3	0.000000	0.000000
0	4	1.018000	3	0.000000	0.000000	3	0.000000	0.000000
-1	5	30.028000	0	0.000000	0.000000	0	0.000000	0.000000
<\STIMULUS-GENERATED>
<RIGHT-PUPIL-DATA>
903	1
1	-0.067000	0.970290	339.081238	273.468750
1	-0.020000	0.957246	338.268738	274.906250
1	0.011000	0.928841	338.093750	275.156250
1	0.042000	0.970290	337.531250	275.043762
1	0.074000	0.939275	339.943756	274.443756
1	0.105000	0.939130	339.000000	274.500000
1	0.136000	0.939130	338.000000	273.500000
1	0.167000	0.939130	339.000000	274.500000
1	0.198000	0.978261	337.000000	274.250000
1	0.245000	0.931159	338.106262	275.593750
1	0.276000	0.927536	338.000000	273.500000
1	0.308000	0.916377	337.693756	273.856232
1	0.339000	0.937971	338.225006	273.975006
1	0.370000	0.989710	338.781250	271.781250
1	0.401000	0.928986	337.900085	273.549988
1	0.432000	0.962319	337.000000	272.500000
1	0.479000	0.911449	338.343750	274.406250
1	0.510000	0.951015	337.787506	272.837494
1	0.542000	0.974493	338.000000	273.000000
1	0.573000	0.920725	338.756256	272.756256
1	0.604000	0.972754	339.475006	271.975006
1	0.635000	0.962319	339.750000	271.750000
1	0.666000	0.939130	339.000000	274.500000
1	0.698000	0.929420	338.118744	272.318756
1	0.744000	0.938551	339.000000	273.500000
1	0.776000	0.927536	338.000000	271.500000
1	0.807000	1.002754	338.793762	270.543762
1	0.838000	0.957681	339.725006	270.725006
1	0.869000	0.957681	338.725006	270.725006
1	0.900000	0.940290	337.524994	271.024994
1	0.932000	0.849420	337.218750	272.581238
1	0.978000	0.839275	338.318756	271.556244
1	1.010000	0.866812	337.781250	270.281250
1	1.041000	0.822464	337.937500	270.625000
1	1.072000	0.829275	337.662506	270.037506
1	1.103000	0.788116	338.087494	271.662506
1	1.134000	0.794203	337.875000	270.875000
1	1.166000	0.761594	337.418762	271.456238
1	1.213000	0.730435	338.500000	272.000000
1	1.244000	0.753623	338.000000	269.500000
1	1.275000	0.730435	339.000000	270.500000
1	1.306000	0.737971	338.287506	271.225006
1	1.337000	0.660870	339.000000	270.500000
1	1.369000	0.698841	338.287506	271.712494
1	1.400000	0.703768	338.112488	270.750000
1	1.431000	0.689710	338.593750	270.593750
1	1.478000	0.660870	339.000000	270.500000
1	1.509000	0.670580	338.368744	269.306244
1	1.540000	0.675072	338.337494	270.162506
1	1.571000	0.690725	337.562500	270.437500
1	1.603000	0.654203	337.087494	270.337494
1	1.634000	0.670725	337.524994	272.350006
1	1.665000	0.660725	337.493744	270.256256
1	1.712000	0.684058	339.000000	270.500000
1	1.743000	0.672899	338.318756	269.818756
1	1.774000	0.661159	338.187500	268.799988
1	1.805000	0.660870	339.000000	270.500000
1	1.837000	0.682753	337.506226	270.531311
1	1.868000	0.661014	337.493744	270.243744
1	1.899000	0.623333	337.343750	270.531250
0	1.946000	0.684058	337.000000	268.500000
1	1.977000	0.637681	337.000000	270.500000
1	2.008000	0.672464	338.000000	269.500000
1	2.039000	0.672319	337.656250	269.156250
1	2.071000	0.631884	336.875000	270.875000
0	2.102000	0.660870	339.000000	270.500000
1	2.133000	0.652029	337.681244	270.056244
1	2.164000	0.661014	337.493774	269.806335
1	2.211000	0.684058	337.750000	270.250000
1	2.242000	0.645942	336.931244	270.006256
1	2.273000	0.633623	337.475006	270.899994
1	2.305000	0.639275	337.006256	270.381256
1	2.336000	0.664058	337.162506	271.774994
1	2.367000	0.672319	337.343750	270.843750
1	2.398000	0.683623	337.506256	271.493683
1	2.445000	0.654928	337.093750	270.843750
1	2.476000	0.654203	337.087494	269.912506
1	2.507000	0.682029	337.562500	270.062500
1	2.539000	0.664058	337.212494	271.225006
1	2.570000	0.644928	336.987488	271.299988
1	2.601000	0.654203	336.675018	271.087494
0	2.632000	0.660870	335.000000	270.500000
1	2.663000	0.652174	337.500000	269.750000
1	2.710000	0.672899	336.818756	269.181244
1	2.741000	0.670290	337.393738	269.281250
1	2.773000	0.670725	336.649994	270.350006
1	2.804000	0.672319	337.343750	271.343750
1	2.835000	0.681159	337.062500	272.187500
1	2.866000	0.689710	337.406189	270.968750
1	2.897000	0.708261	337.206238	270.781250
1	2.944000	0.707971	337.156250	270.206238
1	2.975000	0.681594	337.931244	269.556244
1	3.007000	0.672319	337.343750	271.156250
1	3.038000	0.696232	337.000000	271.000000
1	3.069000	0.690290	336.431244	271.068756
1	3.100000	0.692029	337.043762	270.031250
1	3.131000	0.695652	337.000000	269.500000
1	3.178000	0.695652	337.000000	268.500000
1	3.209000	0.690725	336.562500	267.937500
1	3.241000	0.720580	336.975006	268.337494
1	3.272000	0.690145	337.137482	268.587494
1	3.303000	0.678261	336.500000	268.000000
1	3.334000	0.714203	337.024994	268.225006
1	3.365000	0.715942	337.000000	269.000000
1	3.397000	0.728841	337.468750	268.156250
1	3.443000	0.706522	336.181244	267.356354
1	3.475000	0.694638	336.006287	266.606201
1	3.506000	0.705362	335.193756	266.818756
0	3.537000	1.159855	338.556244	256.068756
1	3.568000	0.689710	335.593750	266.593750
1	3.599000	0.734203	335.437500	267.700012
1	3.631000	0.726667	335.937500	266.450012
1	3.677000	0.713188	335.881256	266.193756
1	3.709000	0.723333	336.031250	265.031250
0	3.740000	0.660870	335.000000	266.500000
1	3.771000	0.751159	336.368744	265.556244
1	3.802000	0.753623	336.000000	267.500000
1	3.833000	0.717971	335.437500	265.187500
1	3.865000	0.725507	335.562500	263.812500
1	3.911000	0.737971	336.524994	264.274994
1	3.943000	0.707246	336.000000	263.500000
1	3.974000	0.748985	336.262482	264.350006
1	4.005000	0.660870	336.000000	263.500000
1	4.036000	0.707101	335.843750	263.906250
1	4.067000	0.718841	337.000000	265.500000
1	4.099000	0.705942	336.781250	264.143738
1	4.130000	0.742029	337.000000	264.500000
1	4.177000	0.722899	336.037506	261.350006
1	4.208000	0.707536	335.837494	262.787506
1	4.239000	0.695652	336.000000	262.500000
1	4.270000	0.731884	336.125000	262.549988
1	4.301000	0.781449	335.725006	263.725006
1	4.333000	0.730435	335.500000	264.000000
1	4.364000	0.753623	335.750000	262.750000
1	4.411000	0.735507	335.781250	263.456238
1	4.442000	0.739130	335.750000	262.250000
1	4.473000	0.718841	336.000000	262.500000
1	4.504000	0.712464	335.875000	261.875000
1	4.535000	0.753623	336.000000	263.500000
1	4.567000	0.761884	335.506256	262.393768
1	4.598000	0.745072	334.306274	262.431274
1	4.645000	0.764058	335.475006	262.975006
1	4.676000	0.753623	335.250000	262.250000
1	4.707000	0.755507	335.381256	262.818756
1	4.738000	0.741449	334.712494	262.462494
1	4.769000	0.752319	334.443756	263.368744
1	4.801000	0.762464	334.481262	263.531250
1	4.832000	0.742029	334.250000	263.750000
1	4.863000	0.730435	335.000000	264.500000
1	4.910000	0.716812	334.687500	263.062500
1	4.941000	0.660870	335.000000	262.500000
1	4.972000	0.756667	334.506256	261.443756
1	5.003000	0.753623	334.000000	261.500000
1	5.035000	0.743623	334.368744	261.681244
0	5.066000	0.742029	335.250000	262.250000
1	5.097000	0.723333	334.656250	261.906250
1	5.144000	0.739130	334.500000	261.500000
1	5.175000	0.770290	334.793762	261.081238
1	5.206000	0.759710	334.412506	260.412506
1	5.237000	0.707246	336.000000	261.500000
1	5.269000	0.742899	333.725067	262.224945
1	5.300000	0.800000	334.000000	261.500000
1	5.331000	0.772754	334.237518	263.850006
1	5.378000	0.753188	334.431244	261.568756
1	5.409000	0.724058	334.649902	262.050049
1	5.440000	0.751594	334.437500	262.437500
1	5.471000	0.778986	334.831238	260.593750
1	5.503000	0.757246	334.143738	262.518738
1	5.534000	0.716232	333.725006	261.962494
1	5.565000	0.757102	332.812500	261.437500
1	5.596000	0.765362	333.368744	262.506256
1	5.643000	0.758406	334.068726	261.456238
1	5.674000	0.765797	333.987488	261.000000
1	5.705000	0.756667	333.506256	261.431244
1	5.737000	0.755362	333.475006	260.287506
1	5.768000	0.776812	333.500000	261.000000
1	5.799000	0.759275	333.956238	261.531250
1	5.830000	0.761449	333.487488	260.262512
1	5.877000	0.764058	333.725006	261.475006
1	5.908000	0.748551	334.356262	260.268738
1	5.939000	0.786957	333.875000	259.875000
1	5.971000	0.775362	333.799988	261.174988
1	6.002000	0.776232	333.225006	260.837494
1	6.033000	0.731449	332.256256	260.256256
0	6.064000	1.234783	337.000000	253.000000
1	6.095000	0.773188	334.231262	260.893738
1	6.142000	0.846377	335.000000	262.500000
1	6.173000	0.753623	334.250000	261.250000
0	6.205000	0.753623	335.000000	258.500000
1	6.236000	0.787247	333.974976	262.000000
1	6.267000	0.782754	333.131256	262.743744
1	6.298000	0.788406	332.950012	262.700012
1	6.329000	0.765362	333.443756	263.631256
1	6.376000	0.794203	333.149994	262.124969
1	6.407000	0.766377	332.975006	262.225006
1	6.439000	0.846377	335.000000	262.500000
1	6.470000	0.798985	333.056244	261.056244
1	6.501000	0.792029	332.918762	262.031250
1	6.532000	0.846377	335.000000	262.500000
1	6.563000	0.800000	332.000000	261.500000
1	6.595000	0.786812	332.931244	261.068756
1	6.641000	0.791304	333.062500	260.687500
1	6.673000	0.822464	332.656250	259.206238
0	6.704000	0.846377	335.000000	258.500000
1	6.735000	0.783188	331.250000	260.750000
1	6.766000	0.796812	331.037506	260.037506
0	6.797000	0.980725	334.931244	256.631256
1	6.829000	0.760290	332.562500	260.562500
1	6.875000	0.786232	332.043762	261.043762
1	6.907000	0.811884	332.162506	260.837494
1	6.938000	0.809855	332.225006	260.850006
0	6.969000	0.846377	331.000000	258.500000
1	7.000000	0.805797	332.000000	261.500000
1	7.031000	0.787971	333.193756	261.631256
1	7.063000	0.753623	334.000000	261.500000
1	7.109000	0.788986	333.699982	260.074982
1	7.141000	0.799420	333.500000	260.500000
1	7.172000	0.801594	333.843750	260.968750
1	7.203000	0.791304	333.968750	261.031250
1	7.234000	0.807102	333.793762	262.218750
0	7.265000	0.846377	331.000000	262.500000
1	7.297000	0.778841	332.812500	262.237488
0	7.328000	0.839567	335.619110	259.593292
1	7.375000	0.789130	333.681244	261.981232
1	7.406000	0.759420	333.500000	263.000000
1	7.437000	0.770145	333.687500	264.062500
1	7.468000	0.757681	333.200012	265.399963
1	7.499000	0.753188	333.818756	266.818756
1	7.531000	0.800580	333.000000	266.500000
1	7.562000	0.761594	334.456238	266.543762
1	7.609000	0.812464	334.812500	266.187500
1	7.640000	0.779855	333.831238	266.831238
1	7.671000	0.782319	334.100006	267.587494
1	7.702000	0.770725	333.350006	266.337494
1	7.733000	0.801159	332.975006	267.274994
1	7.765000	0.768116	333.000000	268.250000
1	7.796000	0.764058	332.475006	267.975006
1	7.843000	0.782609	333.000000	268.000000
1	7.874000	0.765217	333.250000	267.750000
1	7.905000	0.753768	333.406250	267.531250
1	7.936000	0.760145	333.581238	268.068726
1	7.967000	0.759710	333.587494	268.412506
1	7.999000	0.788986	332.925018	269.024994
1	8.030000	0.755942	333.500000	270.125000
1	8.061000	0.745797	333.649994	269.649994
1	8.108000	0.757246	333.518738	269.481262
1	8.139000	0.761594	333.456238	270.281250
1	8.170000	0.806522	333.812500	270.625000
1	8.201000	0.731159	334.231262	271.518738
1	8.233000	0.764493	334.218689	273.531250
1	8.264000	0.757246	333.481262	273.481262
1	8.295000	0.765362	334.043732	274.506256
1	8.342000	0.743623	335.318756	275.306244
1	8.373000	0.750725	335.500000	274.250000
1	8.404000	0.759275	335.531250	275.531250
1	8.435000	0.761594	335.543762	276.956238
1	8.467000	0.785073	336.093750	277.093750
1	8.498000	0.764058	335.975006	279.350006
1	8.529000	0.743623	336.681244	280.318756
1	8.576000	0.756522	335.500000	281.000000
0	8.607000	0.846377	339.000000	278.500000
1	8.638000	0.767971	337.531250	281.031250
1	8.669000	0.846377	339.000000	282.500000
1	8.701000	0.724493	337.093750	281.906250
1	8.732000	0.758116	337.468750	281.581238
1	8.763000	0.762319	337.812500	284.437500
1	8.794000	0.746667	338.399933	284.675018
1	8.841000	0.742898	337.724945	284.312469
1	8.872000	0.718841	337.750000	284.750000
1	8.903000	0.777681	338.137512	284.237488
1	8.935000	0.750580	338.356201	284.631226
1	8.966000	0.762464	337.968750	284.731262
1	8.997000	0.768406	337.299957	284.899994
1	9.028000	0.747101	338.231262	285.668762
1	9.075000	0.770145	337.687500	284.250000
1	9.106000	0.742898	337.312500	283.687500
1	9.137000	0.737681	337.512482	284.187531
1	9.169000	0.749275	338.562500	283.637512
1	9.200000	0.776812	338.500000	284.000000
1	9.231000	0.774058	337.881256	284.631256
1	9.262000	0.731159	337.156250	284.518738
1	9.309000	0.778116	337.431244	285.181244
1	9.340000	0.776087	337.243744	283.868744
1	9.371000	0.783333	337.606201	282.768738
1	9.403000	0.783188	337.375000	283.750000
1	9.434000	0.760290	336.737488	282.562500
1	9.465000	0.779710	337.250000	283.750000
1	9.496000	0.755942	337.500000	284.125000
1	9.527000	0.747246	337.375000	283.662476
0	9.574000	1.135797	334.556244	269.806244
1	9.605000	0.773188	336.268738	281.143738
1	9.637000	0.846377	339.000000	282.500000
1	9.668000	0.762029	336.475006	280.524994
1	9.699000	0.775072	334.387482	280.725006
1	9.730000	0.764203	335.243744	281.506256
1	9.761000	0.794057	335.043671	280.968658
1	9.808000	0.779275	334.193756	278.756256
1	9.839000	0.796232	334.062500	278.549988
1	9.871000	0.777536	334.281250	279.168762
1	9.902000	0.814638	334.281250	277.706238
1	9.933000	0.814058	334.193756	278.693756
1	9.964000	0.778841	334.625000	278.812500
1	9.995000	0.800000	333.500000	278.000000
1	10.042000	0.791304	334.000000	278.000000
1	10.073000	0.793188	333.968750	277.081299
1	10.105000	0.799420	333.875000	277.062500
1	10.136000	0.846377	335.000000	278.500000
1	10.167000	0.785507	333.950012	277.200012
1	10.198000	0.796812	333.412506	277.962494
1	10.229000	0.795072	334.062500	278.062500
1	10.261000	0.755362	334.399994	277.600006
1	10.307000	0.761884	333.931244	276.493744
1	10.339000	0.846377	335.000000	278.500000
1	10.370000	0.774058	333.781219	275.843719
1	10.401000	0.779420	333.787506	275.787506
1	10.432000	0.800000	334.000000	275.500000
1	10.463000	0.774928	333.868744	275.431244
1	10.495000	0.779420	334.162506	276.787506
1	10.526000	0.791304	334.968750	276.968750
1	10.573000	0.764638	335.000000	277.500000
1	10.604000	0.798406	335.031250	277.518738
1	10.635000	0.770725	335.337494	276.037506
1	10.666000	0.800000	334.000000	275.500000
1	10.697000	0.801159	334.512482	276.024994
1	10.729000	0.797246	333.968750	276.468750
1	10.760000	0.794638	334.068756	277.068756
1	10.807000	0.800000	334.000000	277.500000
1	10.838000	0.788406	335.000000	275.500000
1	10.869000	0.828986	334.000000	275.500000
1	10.900000	0.823188	335.000000	276.500000
1	10.931000	0.791884	333.875000	276.000000
1	10.963000	0.791884	334.125000	276.612488
1	10.994000	0.805362	333.181244	275.993744
1	11.041000	0.800000	333.500000	277.000000
1	11.072000	0.814058	333.693756	276.693756
1	11.103000	0.798406	333.093750	275.518738
1	11.134000	0.807681	333.243744	275.193756
1	11.165000	0.808696	334.000000	275.500000
0	11.197000	0.753623	331.000000	274.500000
0	11.228000	0.846377	331.000000	274.500000
1	11.259000	0.761594	333.543762	275.468750
1	11.306000	0.802899	333.187500	275.062500
0	11.337000	0.753623	331.000000	274.500000
1	11.368000	0.836377	332.618774	273.606384
1	11.399000	0.801594	332.968750	274.906250
1	11.431000	0.846377	331.000000	274.500000
1	11.462000	0.787536	333.937500	275.062500
1	11.493000	0.764058	333.475006	275.649994
1	11.540000	0.811594	332.000000	276.500000
1	11.571000	0.817971	332.625000	277.375000
1	11.602000	0.800000	333.750000	276.750000
1	11.633000	0.794638	334.068756	277.993744
1	11.665000	0.800580	332.500000	276.500000
1	11.696000	0.815797	333.331238	276.231262
1	11.727000	0.813623	333.687500	277.312500
0	11.774000	0.753623	335.000000	274.500000
1	11.805000	0.792464	332.725006	277.024994
1	11.836000	0.817536	332.631256	277.243744
1	11.867000	0.817391	333.281250	276.343750
1	11.899000	0.814203	333.274994	276.712494
1	11.930000	0.801594	332.906250	275.906250
1	11.961000	0.857536	333.068756	275.318756
1	11.992000	0.846377	331.000000	274.500000
1	12.039000	0.805362	333.381256	276.181244
0	12.070000	0.846377	335.000000	278.500000
1	12.101000	0.835507	333.518738	277.018738
1	12.133000	0.814058	333.693756	275.306244
1	12.164000	0.835072	333.437469	275.362579
1	12.195000	0.816377	333.681244	274.693756
1	12.226000	0.831015	333.562500	274.937500
1	12.273000	0.820145	332.668762	275.206238
1	12.304000	0.753623	335.000000	274.500000
1	12.335000	0.800000	332.000000	275.500000
1	12.367000	0.846377	332.875000	274.625000
1	12.398000	0.809275	333.362488	274.750000
1	12.429000	0.850145	333.162506	273.387543
1	12.460000	0.801015	333.543732	275.118744
1	12.507000	0.800000	333.375000	274.875000
1	12.538000	0.822319	333.062500	275.437500
1	12.569000	0.811884	333.212494	276.712494
1	12.601000	0.803188	333.162506	275.037506
1	12.632000	0.813623	332.687500	274.687500
1	12.663000	0.838551	332.987488	274.687500
1	12.694000	0.804928	332.812500	274.187500
1	12.725000	0.817101	333.112488	274.687500
1	12.772000	0.846377	335.000000	274.500000
1	12.803000	0.817101	333.062500	274.687500
1	12.835000	0.814638	333.093750	274.281250
1	12.866000	0.825507	333.437500	273.625000
0	12.897000	0.753623	335.000000	270.500000
1	12.928000	0.800000	334.000000	273.500000
1	12.959000	0.813623	333.687500	273.299988
1	13.006000	0.807246	332.875000	273.750000
1	13.037000	0.826087	332.968750	274.656250
0	13.069000	0.753623	331.000000	274.500000
0	13.100000	0.846377	335.000000	270.500000
1	13.131000	0.823188	333.625000	274.125000
1	13.162000	0.846377	335.000000	274.500000
1	13.193000	0.857102	333.349976	271.737488
1	13.240000	0.821594	333.806244	272.193756
1	13.271000	0.835073	334.012543	272.362457
1	13.303000	0.814203	334.712494	273.274994
1	13.334000	0.801594	335.031250	274.031250
1	13.365000	0.811884	335.162506	274.274994
1	13.396000	0.835362	335.000000	273.000000
1	13.427000	0.796812	334.574982	271.962494
1	13.459000	0.869710	334.068756	271.543732
1	13.505000	0.840580	334.000000	272.000000
1	13.537000	0.800580	334.000000	273.000000
1	13.568000	0.846377	335.000000	274.500000
1	13.599000	0.809710	334.181244	274.243744
1	13.630000	0.828986	333.875000	273.375000
1	13.661000	0.801594	333.093750	272.968750
1	13.693000	0.830580	334.056244	273.443756
0	13.739000	1.061884	339.293732	266.256256
1	13.771000	0.847681	334.443756	273.756256
1	13.802000	0.814638	333.718750	274.718750
1	13.833000	0.833768	333.618744	273.431244
1	13.864000	0.809710	334.881256	272.756256
1	13.895000	0.811884	334.712494	272.287506
1	13.927000	0.820290	334.750000	271.000000
1	13.973000	0.800000	334.000000	271.500000
1	14.005000	0.825797	334.837585	271.287415
1	14.036000	0.817391	333.875000	271.875000
0	14.067000	0.783768	332.725006	270.725006
1	14.098000	0.892754	336.000000	271.500000
1	14.129000	0.836377	333.968750	271.468750
1	14.161000	0.840725	333.968750	271.781250
1	14.192000	0.833768	334.431244	272.381256
1	14.239000	0.853333	334.100006	272.662506
1	14.270000	0.845362	333.893738	273.006226
1	14.301000	0.866812	333.781250	272.781250
1	14.332000	0.882029	333.312500	273.962463
1	14.363000	0.848406	333.437500	273.237488
1	14.395000	0.866377	334.037506	273.787506
1	14.426000	0.851449	333.687500	273.187500
1	14.473000	0.869565	335.000000	272.500000
1	14.504000	0.892754	334.000000	273.500000
1	14.535000	0.840290	333.937500	272.962463
1	14.566000	0.823188	333.500000	273.000000
1	14.597000	0.866377	334.787506	272.412506
1	14.629000	0.857536	334.318756	271.681244
1	14.660000	0.852174	334.000000	272.000000
1	14.691000	0.801015	334.443756	271.543732
1	14.738000	0.814638	334.693726	272.081238
1	14.769000	0.857536	334.306244	272.068756
1	14.800000	0.846377	334.750000	273.750000
1	14.831000	0.848406	334.187500	275.187500
1	14.863000	0.814638	334.718750	275.706238
1	14.894000	0.814493	334.812500	275.937500
1	14.925000	0.815362	334.287506	276.412506
1	14.972000	0.820580	335.037506	276.212494
1	15.003000	0.823188	334.250000	275.750000
1	15.034000	0.834783	335.250000	276.250000
1	15.065000	0.813043	334.875000	276.125000
1	15.097000	0.846377	335.000000	278.500000
1	15.128000	0.805797	335.500000	275.500000
1	15.159000	0.811594	335.000000	274.500000
1	15.190000	0.826812	335.531250	275.143738
1	15.237000	0.833623	334.975006	273.524994
1	15.268000	0.848985	334.212494	273.537506
1	15.299000	0.891884	334.687500	274.125000
1	15.331000	0.865797	334.437500	273.937500
1	15.362000	0.866232	334.193756	274.506256
1	15.393000	0.865797	335.062500	273.937500
1	15.424000	0.858116	335.531250	274.343750
1	15.471000	0.835942	335.537506	274.600006
1	15.502000	0.887681	335.268738	274.268738
1	15.533000	0.835942	334.412506	273.975006
1	15.565000	0.828841	334.656250	274.956238
1	15.596000	0.800000	334.000000	275.500000
1	15.627000	0.833188	334.593750	275.593750
1	15.658000	0.812464	335.174988	275.737488
1	15.705000	0.833768	334.618744	274.568756
1	15.736000	0.841884	334.856262	274.706238
1	15.767000	0.824493	334.906250	274.906250
1	15.799000	0.831449	334.556244	275.556244
1	15.830000	0.825507	334.625000	276.125000
1	15.861000	0.831015	334.437500	274.937500
1	15.892000	0.851594	333.750000	274.750000
1	15.923000	0.860870	334.250000	274.250000
1	15.970000	0.835362	333.950012	273.987488
1	16.001000	0.806522	335.000000	274.812500
1	16.033000	0.864638	333.424988	274.000000
1	16.064000	0.866812	333.218750	273.968750
1	16.095000	0.869565	333.000000	274.500000
1	16.126000	0.875362	333.000000	272.500000
1	16.157000	0.869565	333.000000	272.500000
1	16.204000	0.851594	333.750000	272.750000
1	16.235000	0.863768	333.500000	272.500000
1	16.267000	0.894058	333.406250	272.156250
0	16.298000	0.846377	335.000000	270.500000
1	16.329000	0.913188	333.381165	272.381287
1	16.360000	0.889275	332.399994	272.649994
1	16.391000	0.846377	335.000000	274.500000
1	16.438000	0.896667	332.381256	271.881256
1	16.469000	0.920725	333.243744	271.756256
1	16.501000	0.872754	332.100006	272.149994
1	16.532000	0.911159	333.106171	271.343658
1	16.563000	0.857971	332.000000	271.500000
1	16.594000	0.901449	332.549988	272.450012
1	16.625000	0.886522	332.281250	271.681213
1	16.657000	0.876812	333.549988	272.112488
1	16.703000	0.887101	333.243744	271.243744
1	16.735000	0.897971	333.487366	271.474976
1	16.766000	0.911449	333.656250	270.893738
1	16.797000	0.868985	333.062500	270.500000
1	16.828000	0.874638	334.143738	271.918762
1	16.859000	0.902029	334.475006	271.962494
1	16.891000	0.857971	334.000000	272.500000
1	16.937000	0.844493	334.743744	273.006256
1	16.969000	0.753623	335.000000	274.500000
1	17.000000	0.866377	334.037506	273.574982
1	17.031000	0.848985	334.212494	273.774994
1	17.062000	0.846377	334.000000	275.500000
1	17.093000	0.848841	334.756256	275.806244
1	17.125000	0.848406	334.187500	275.625000
1	17.171000	0.879855	334.643738	276.218750
1	17.203000	0.869565	335.000000	276.500000
1	17.234000	0.885507	335.299988	275.262512
1	17.265000	0.887971	335.793732	275.631256
1	17.296000	0.869565	335.500000	275.000000
1	17.327000	0.856377	335.731232	275.818756
1	17.359000	0.894493	335.449982	275.149994
1	17.390000	0.869565	335.500000	276.000000
1	17.437000	0.854928	335.281250	276.281250
1	17.468000	0.846377	335.000000	274.500000
1	17.499000	0.866377	335.962494	275.574982
1	17.530000	0.848406	336.375000	275.187500
1	17.561000	0.857102	336.187500	275.187500
1	17.593000	0.861884	335.993744	275.006256
1	17.624000	0.835362	335.500000	275.000000
1	17.671000	0.881159	335.000000	275.500000
1	17.702000	0.835942	334.975006	276.024994
1	17.733000	0.881159	336.000000	275.500000
1	17.764000	0.846377	335.500000	275.000000
1	17.795000	0.857971	336.000000	275.500000
1	17.827000	0.866377	334.962494	275.787506
1	17.858000	0.852174	336.000000	276.000000
1	17.905000	0.846812	336.506256	276.756256
1	17.936000	0.869565	335.000000	276.500000
1	17.967000	0.883044	335.643677	276.281250
1	17.998000	0.869565	335.000000	274.500000
1	18.029000	0.869565	335.000000	276.500000
1	18.061000	0.858116	335.656250	275.093750
1	18.092000	0.887101	335.243744	275.243744
1	18.123000	0.857681	335.287506	274.662506
1	18.170000	0.869565	335.000000	274.500000
1	18.201000	0.875507	336.156250	275.156250
1	18.232000	0.857102	336.312500	275.937500
1	18.263000	0.886667	335.312500	274.562500
1	18.295000	0.885942	335.793671	275.006256
1	18.326000	0.865797	336.187500	274.437500
1	18.357000	0.894927	334.893768	273.568756
1	18.404000	0.887971	335.306244	274.193756
1	18.435000	0.898551	335.075012	274.474976
1	18.466000	0.889275	334.824982	274.350006
1	18.497000	0.893333	335.100006	275.600006
1	18.529000	0.902754	335.531250	274.018738
1	18.560000	0.881884	335.281311	274.068726
1	18.591000	0.881159	336.000000	275.500000
1	18.622000	0.857102	336.187500	274.812500
1	18.669000	0.876667	336.093750	274.156250
1	18.700000	0.859855	335.318756	274.681244
1	18.731000	0.866232	335.193756	275.818756
1	18.763000	0.939130	335.000000	274.500000
1	18.794000	0.869565	335.000000	274.500000
1	18.825000	0.871159	335.843750	274.218750
1	18.856000	0.894638	335.568756	274.131256
1	18.903000	0.874928	335.181244	273.931244
1	18.934000	0.861014	336.193756	274.618744
1	18.965000	0.877536	334.956238	273.893738
1	18.997000	0.847246	334.924988	274.237488
1	19.028000	0.863768	335.237488	275.262512
1	19.059000	0.874928	334.606232	273.931244
1	19.090000	0.891884	334.812500	274.062500
1	19.137000	0.848406	335.799988	275.187500
1	19.168000	0.892754	334.000000	273.500000
1	19.199000	0.869565	335.000000	274.500000
1	19.231000	0.864638	334.562500	274.424988
1	19.262000	0.846377	336.000000	273.500000
1	19.293000	0.846377	336.000000	273.500000
1	19.324000	0.857681	334.837494	273.662506
1	19.355000	0.876232	334.162506	273.912506
1	19.402000	0.885797	333.600006	273.149994
1	19.433000	0.861014	333.618744	273.993744
1	19.465000	0.874928	333.181244	273.606232
1	19.496000	0.869565	335.000000	272.500000
1	19.527000	0.902029	333.475006	272.074982
1	19.558000	0.887101	334.243744	271.318756
1	19.589000	0.883333	334.706238	271.293762
1	19.636000	0.866377	334.962494	271.574982
1	19.667000	0.866812	335.218750	271.843750
1	19.699000	0.895072	335.125000	271.575012
1	19.730000	0.866377	335.037506	271.574982
1	19.761000	0.877536	334.043762	271.643738
1	19.792000	0.912899	333.631256	271.043732
1	19.823000	0.857681	333.837494	271.087494
1	19.870000	0.884928	334.287506	270.712494
1	19.901000	0.877246	334.281250	270.031250
1	19.933000	0.929855	334.125000	270.437500
1	19.964000	0.884203	334.781250	270.281250
1	19.995000	0.860870	334.750000	271.000000
1	20.026000	0.863768	335.125000	271.875000
1	20.057000	0.892754	334.424988	272.174988
1	20.089000	0.895507	334.631256	272.431244
1	20.135000	0.881159	335.000000	273.500000
1	20.167000	0.866377	335.962494	273.212494
1	20.198000	0.884928	335.287506	272.762482
1	20.229000	0.876667	336.093750	274.393738
1	20.260000	0.872464	335.924988	273.487488
1	20.291000	0.883188	335.362488	273.724976
1	20.323000	0.885507	334.375000	273.625000
1	20.369000	0.889275	334.399994	272.649994
1	20.401000	0.884203	335.331238	273.281250
1	20.432000	0.901594	336.481262	273.018738
1	20.463000	0.857681	337.162506	274.087494
1	20.494000	0.916377	336.568756	273.693756
1	20.525000	0.902754	337.468750	274.018738
1	20.557000	0.870290	337.518738	276.043762
1	20.603000	0.884203	336.781250	275.718750
1	20.635000	0.910145	336.674988	277.362488
1	20.666000	0.913623	337.574982	276.275055
1	20.697000	0.898551	337.500000	275.000000
1	20.728000	0.860870	337.250000	276.750000
1	20.759000	0.866232	336.243744	276.481232
1	20.791000	0.885073	337.606262	275.981262
1	20.822000	0.869565	337.000000	276.500000
0	20.869000	0.753623	339.000000	274.500000
1	20.900000	0.869565	336.500000	278.000000
1	20.931000	0.910290	337.368774	277.306274
1	20.962000	0.883913	336.643738	276.706238
1	20.993000	0.884203	337.031250	277.968750
1	21.025000	0.892319	337.131256	277.868744
1	21.056000	0.887101	337.318756	278.243744
1	21.103000	0.866377	337.037506	277.574982
1	21.134000	0.892754	338.000000	277.500000
1	21.165000	0.848841	336.943756	277.193756
1	21.196000	0.869565	337.000000	276.500000
1	21.227000	0.869565	337.000000	274.500000
1	21.259000	0.869565	336.500000	276.000000
1	21.290000	0.880724	336.318878	275.331329
1	21.321000	0.869565	337.000000	276.500000
1	21.368000	0.873333	336.125000	274.875000
1	21.399000	0.881159	336.000000	273.500000
1	21.430000	0.865797	336.799988	275.200012
1	21.461000	0.861449	336.375000	275.375000
1	21.493000	0.857102	337.187500	275.562500
0	21.524000	0.753623	339.000000	274.500000
1	21.555000	0.876812	337.862488	275.887512
1	21.602000	0.854928	337.681213	276.281250
1	21.633000	0.869565	337.500000	276.000000
0	21.664000	0.846377	335.000000	274.500000
1	21.695000	0.866377	337.412506	277.037506
0	21.727000	0.846377	339.000000	278.500000
1	21.758000	0.883768	337.237518	275.350006
1	21.789000	0.869565	337.000000	274.500000
1	21.836000	0.864203	337.806244	276.068756
0	21.867000	0.753623	339.000000	274.500000
1	21.898000	0.885942	337.493744	276.993744
1	21.929000	0.881015	336.656250	276.343750
1	21.961000	0.869565	337.000000	276.500000
1	21.992000	0.846377	335.000000	274.500000
1	22.023000	0.926667	336.562500	275.937500
1	22.054000	0.867391	337.250000	275.937500
1	22.101000	0.879710	336.906250	276.343750
1	22.132000	0.846377	336.000000	275.500000
1	22.163000	0.894493	336.850006	277.550018
1	22.195000	0.883768	336.274994	277.662506
1	22.226000	0.869565	336.500000	278.000000
0	22.257000	0.753623	339.000000	274.500000
1	22.288000	0.873768	336.906250	277.118774
1	22.335000	0.835942	337.975006	277.475006
1	22.366000	0.881159	337.000000	277.500000
1	22.397000	0.905507	337.524994	276.975006
0	22.429000	0.753623	339.000000	274.500000
1	22.460000	0.881015	336.968750	277.343750
1	22.491000	0.878406	336.368744	277.368744
1	22.522000	0.857971	338.000000	276.500000
1	22.553000	0.846377	339.000000	278.500000
1	22.600000	0.875362	336.500000	275.000000
1	22.631000	0.862029	337.024994	276.024994
1	22.663000	0.904058	336.587524	275.562439
1	22.694000	0.869710	336.256256	275.993744
1	22.725000	0.849275	336.500000	276.750000
0	22.756000	0.753623	339.000000	274.500000
0	22.787000	0.846377	339.000000	278.500000
1	22.834000	0.846377	339.000000	278.500000
1	22.865000	0.869565	339.000000	276.500000
1	22.897000	0.854203	340.174957	276.150055
1	22.928000	0.842754	339.143738	275.293762
1	22.959000	0.866377	338.412506	275.787506
1	22.990000	0.870580	338.443756	277.118744
1	23.021000	0.865797	338.062500	277.549988
1	23.068000	0.869565	339.000000	278.500000
1	23.099000	0.866377	338.574982	277.037506
1	23.131000	0.837971	339.462494	277.462494
1	23.162000	0.869565	339.000000	276.500000
1	23.193000	0.876232	339.912506	276.087494
1	23.224000	0.883623	339.693756	277.681244
1	23.255000	0.852754	339.299988	277.875000
1	23.287000	0.886957	339.812500	277.937500
1	23.333000	0.846377	340.000000	275.500000
1	23.365000	0.846377	340.000000	275.500000
1	23.396000	0.920580	340.725006	276.225006
1	23.427000	0.857971	341.000000	276.500000
1	23.458000	0.887971	340.331268	276.243744
1	23.489000	0.922754	339.506256	275.693756
1	23.521000	0.910145	339.450012	276.674988
1	23.567000	0.876232	339.087494	275.887482
1	23.599000	0.905072	339.481262	276.018738
1	23.630000	0.873768	340.281250	276.906250
1	23.661000	0.885362	339.968750	277.756226
1	23.692000	0.890725	339.312500	278.000000
1	23.723000	0.915072	339.587494	278.287506
1	23.755000	0.887971	339.693756	281.256256
1	23.801000	0.834058	339.406250	281.018738
1	23.833000	0.852319	339.743744	280.743744
1	23.864000	0.877681	340.250000	281.375000
1	23.895000	0.870580	340.118744	280.881256
1	23.926000	0.882029	339.737488	280.349976
1	23.957000	0.884203	339.706238	280.718750
1	23.989000	0.898840	338.487457	281.087311
1	24.020000	0.845797	339.600006	281.600006
1	24.067000	0.869565	339.500000	283.000000
1	24.098000	0.913188	339.318787	282.318726
1	24.129000	0.859855	339.068756	282.681244
1	24.160000	0.842898	339.500000	282.875000
1	24.191000	0.835942	339.524994	281.975006
1	24.223000	0.855507	339.693787	283.131226
1	24.254000	0.881159	339.000000	284.500000
1	24.301000	0.872464	340.174988	283.549988
1	24.332000	0.866232	341.243744	285.056244
0	24.363000	0.846377	339.000000	282.500000
1	24.394000	0.862029	342.024994	284.962494
1	24.425000	0.864203	341.006256	283.193756
1	24.457000	0.857971	340.375000	283.625000
1	24.488000	0.885362	341.268738	284.031250
1	24.535000	0.875362	340.000000	285.000000
1	24.566000	0.887246	340.212494	284.287506
1	24.597000	0.846377	339.000000	282.500000
1	24.628000	0.868985	342.062500	284.500000
1	24.659000	0.883623	339.993744	282.306244
1	24.691000	0.857102	341.437500	283.062500
1	24.722000	0.898841	340.512482	283.787506
1	24.753000	0.902754	341.018738	283.531250
1	24.800000	0.875362	340.375000	284.375000
1	24.831000	0.846377	342.000000	283.500000
1	24.862000	0.884203	340.218750	283.281250
1	24.893000	0.911449	341.343750	283.718750
1	24.925000	0.886957	340.625000	282.375000
1	24.956000	0.892029	340.831238	282.206238
1	24.987000	0.865217	341.250000	283.250000
1	25.034000	0.866377	341.212494	283.212494
1	25.065000	0.869565	341.000000	282.500000
1	25.096000	0.852174	340.000000	283.000000
1	25.127000	0.891884	340.562500	281.687500
1	25.159000	0.850145	340.774994	282.162506
1	25.190000	0.886957	340.500000	282.500000
1	25.221000	0.885797	339.975006	281.662506
1	25.268000	0.897681	339.899994	281.462494
1	25.299000	0.886667	340.687500	281.312500
1	25.330000	0.842029	341.549988	281.549988
1	25.361000	0.868406	340.475006	280.475006
1	25.393000	0.901594	340.031250	281.468750
1	25.424000	0.899854	339.531189	279.506104
1	25.455000	0.869565	339.000000	278.500000
1	25.486000	0.884058	339.500000	279.500000
0	25.533000	0.871159	339.906250	279.518738
1	25.564000	0.883188	339.287476	280.262512
1	25.595000	0.913768	339.656219	281.643707
1	25.627000	0.905362	339.868744	280.631256
1	25.658000	0.920145	340.218750	280.768738
1	25.689000	0.913188	340.318756	280.868744
1	25.720000	0.898985	339.881256	280.318756
1	25.767000	0.920725	340.243744	281.243744
1	25.798000	0.914203	339.662506	281.649994
1	25.829000	0.871159	339.906250	281.518738
1	25.861000	0.857971	340.000000	281.500000
1	25.892000	0.913043	338.750000	280.250000
1	25.923000	0.857971	339.000000	279.500000
1	25.954000	0.892754	338.387512	278.575012
1	25.985000	0.895072	337.875000	278.125000
1	26.032000	0.902754	337.468750	277.468750
1	26.063000	0.915797	338.406250	277.656250
1	26.095000	0.931449	337.443756	277.493744
1	26.126000	0.904348	337.000000	277.500000
1	26.157000	0.957246	337.718750	277.268738
1	26.188000	0.933188	337.968750	277.406250
1	26.219000	0.920725	338.756256	277.243744
1	26.266000	0.915797	337.281250	276.343750
1	26.297000	0.920145	337.218750	277.218750
1	26.329000	0.931449	337.493744	276.618744
1	26.360000	0.913623	336.625000	276.875000
1	26.391000	0.899275	336.481262	277.068726
1	26.422000	0.938551	337.000000	276.750000
1	26.453000	0.915362	336.700073	276.599976
1	26.485000	0.886957	338.000000	277.000000
1	26.531000	0.869565	337.000000	276.500000
1	26.563000	0.885797	338.024994	277.225006
1	26.594000	0.832319	339.031250	278.906250
1	26.625000	0.937971	337.524994	278.975006
1	26.656000	0.919855	337.218750	277.593750
1	26.687000	0.903768	337.450012	278.049988
1	26.719000	0.904348	337.875000	277.375000
1	26.765000	0.892319	337.868744	278.131256
1	26.797000	0.930435	337.500000	277.750000
1	26.828000	0.927101	337.693756	277.443756
1	26.859000	0.919710	337.737518	278.762482
1	26.890000	0.901449	337.500000	278.750000
1	26.921000	0.934638	338.593719	279.606232
1	26.953000	0.899710	338.475006	279.074982
1	26.999000	0.917971	338.187500	279.562500
1	27.031000	0.901449	338.450012	280.450012
1	27.062000	0.897681	337.899994	280.537506
1	27.093000	0.894058	337.593750	281.106262
1	27.124000	0.876232	338.087494	281.399994
1	27.155000	0.915507	337.618835	282.281311
1	27.187000	0.869565	337.000000	280.500000
0	27.218000	0.753623	339.000000	282.500000
1	27.265000	0.866377	337.962494	281.549957
1	27.296000	0.889275	337.350006	280.649994
1	27.327000	0.886812	337.368744	280.743744
1	27.358000	0.866812	338.968750	281.281250
1	27.389000	0.866377	339.037506	282.037506
1	27.421000	0.871014	338.125000	281.500000
1	27.452000	0.885507	337.625000	281.262512
1	27.499000	0.871014	338.000000	281.000000
1	27.530000	0.885507	338.299988	281.737488
1	27.561000	0.905507	337.587494	281.350006
1	27.592000	0.925507	337.125000	280.500000
1	27.623000	0.894638	337.618744	281.381256
1	27.655000	0.922899	337.350006	280.774994
1	27.686000	0.903768	337.250000	281.000000
1	27.733000	0.904348	337.250000	279.750000
1	27.764000	0.896667	337.118744	278.918732
0	27.795000	0.866812	338.968750	279.731262
1	27.826000	0.905507	338.012482	278.274994
1	27.857000	0.913188	338.118683	277.318756
1	27.889000	0.911449	339.406250	277.906250
1	27.920000	0.938116	337.993744	278.506256
1	27.951000	0.904493	337.743744	278.493744
1	27.998000	0.893333	338.600006	280.087494
1	28.029000	0.861014	337.256256	277.756256
1	28.060000	0.883188	337.737488	278.687500
1	28.091000	0.857971	338.000000	277.500000
1	28.123000	0.898406	337.906250	278.468750
1	28.154000	0.846377	338.000000	279.500000
1	28.185000	0.850580	337.168762	278.831238
1	28.232000	0.862464	338.281250	281.031250
1	28.263000	0.861449	338.000000	280.062500
1	28.294000	0.857681	338.087494	279.162506
1	28.325000	0.857102	338.812500	280.312500
1	28.357000	0.894493	338.850006	278.887482
1	28.388000	0.902754	338.531250	278.468750
1	28.419000	0.898551	339.500000	278.000000
1	28.466000	0.901884	338.993774	277.556213
1	28.497000	0.869565	339.000000	278.500000
1	28.528000	0.920145	339.218750	278.781250
1	28.559000	0.894638	338.618744	277.818756
1	28.591000	0.884203	339.031250	278.281250
1	28.622000	0.912029	339.381256	277.918732
1	28.653000	0.920725	339.743744	277.756256
1	28.684000	0.881159	339.750000	277.750000
1	28.731000	0.887681	339.706238	278.031250
1	28.762000	0.916377	338.568756	277.693756
1	28.793000	0.903768	339.000000	278.187500
1	28.825000	0.869565	339.000000	276.500000
1	28.856000	0.887101	339.243744	276.318756
1	28.887000	0.869565	339.000000	276.500000
1	28.918000	0.887971	339.943756	275.631256
1	28.965000	0.869565	339.000000	274.500000
1	28.996000	0.894638	339.131256	275.131256
1	29.027000	0.878986	339.831238	275.906250
1	29.059000	0.882029	339.687500	275.562500
1	29.090000	0.874638	339.143738	276.893738
1	29.121000	0.869565	339.500000	276.000000
1	29.152000	0.902029	338.524994	276.475006
1	29.199000	0.869565	341.000000	276.500000
1	29.230000	0.904348	340.000000	277.500000
1	29.261000	0.882609	339.750000	277.250000
1	29.293000	0.889420	339.956238	277.668762
1	29.324000	0.868985	339.500000	278.937500
0	29.355000	0.831015	339.625000	278.562500
1	29.386000	0.885507	340.000000	279.312500
1	29.417000	0.869565	341.000000	280.500000
1	29.464000	0.897681	340.537506	280.837494
1	29.495000	0.866377	339.949921	280.012482
1	29.527000	0.866232	339.943756	280.056244
1	29.558000	0.904928	340.049988	281.000000
1	29.589000	0.865797	340.187500	281.062500
1	29.620000	0.885942	340.343933	281.281250
1	29.651000	0.869565	341.000000	280.500000
1	29.698000	0.902754	340.531250	280.468750
1	29.729000	0.876232	340.162506	279.837494
1	29.761000	0.880579	340.000061	278.975037
1	29.792000	0.914203	341.337494	279.350006
1	29.823000	0.869855	339.774994	278.512482
1	29.854000	0.907681	339.981232	278.806244
1	29.885000	0.887971	340.193756	279.306244
1	29.932000	0.875072	339.537506	278.862518
1	29.963000	0.910725	339.649994	278.649994
1	29.995000	0.857102	339.937500	278.062500
<\RIGHT-PUPIL-DATA>
<LEFT-PUPIL-DATA>
903	0
0	-0.067000	13.913043	240.000000	320.000000
0	-0.020000	13.913043	240.000000	320.000000
0	0.011000	13.913043	240.000000	320.000000
0	0.042000	13.913043	240.000000	320.000000
0	0.074000	13.913043	240.000000	320.000000
0	0.105000	13.913043	240.000000	320.000000
0	0.136000	13.913043	240.000000	320.000000
0	0.167000	13.913043	240.000000	320.000000
0	0.214000	13.913043	240.000000	320.000000
0	0.245000	13.913043	240.000000	320.000000
0	0.276000	13.913043	240.000000	320.000000
0	0.308000	13.913043	240.000000	320.000000
0	0.339000	13.913043	240.000000	320.000000
0	0.370000	13.913043	240.000000	320.000000
0	0.401000	13.913043	240.000000	320.000000
0	0.448000	13.913043	240.000000	320.000000
0	0.479000	13.913043	240.000000	320.000000
0	0.510000	13.913043	240.000000	320.000000
0	0.542000	13.913043	240.000000	320.000000
0	0.573000	13.913043	240.000000	320.000000
0	0.604000	13.913043	240.000000	320.000000
0	0.635000	13.913043	240.000000	320.000000
0	0.666000	13.913043	240.000000	320.000000
0	0.713000	13.913043	240.000000	320.000000
0	0.744000	13.913043	240.000000	320.000000
0	0.776000	13.913043	240.000000	320.000000
0	0.807000	13.913043	240.000000	320.000000
0	0.838000	13.913043	240.000000	320.000000
0	0.869000	13.913043	240.000000	320.000000
0	0.900000	13.913043	240.000000	320.000000
0	0.947000	13.913043	240.000000	320.000000
0	0.978000	13.913043	240.000000	320.000000
0	1.010000	13.913043	240.000000	320.000000
0	1.041000	13.913043	240.000000	320.000000
0	1.072000	13.913043	240.000000	320.000000
0	1.103000	13.913043	240.000000	320.000000
0	1.134000	13.913043	240.000000	320.000000
0	1.181000	13.913043	240.000000	320.000000
0	1.213000	13.913043	240.000000	320.000000
0	1.244000	13.913043	240.000000	320.000000
0	1.275000	13.913043	240.000000	320.000000
0	1.306000	13.913043	240.000000	320.000000
0	1.337000	13.913043	240.000000	320.000000
0	1.369000	13.913043	240.000000	320.000000
0	1.400000	13.913043	240.000000	320.000000
0	1.447000	13.913043	240.000000	320.000000
0	1.478000	13.913043	240.000000	320.000000
0	1.509000	13.913043	240.000000	320.000000
0	1.540000	13.913043	240.000000	320.000000
0	1.571000	13.913043	240.000000	320.000000
0	1.603000	13.913043	240.000000	320.000000
0	1.634000	13.913043	240.000000	320.000000
0	1.681000	13.913043	240.000000	320.000000
0	1.712000	13.913043	240.000000	320.000000
0	1.743000	13.913043	240.000000	320.000000
0	1.774000	13.913043	240.000000	320.000000
0	1.805000	13.913043	240.000000	320.000000
0	1.837000	13.913043	240.000000	320.000000
0	1.868000	13.913043	240.000000	320.000000
0	1.915000	13.913043	240.000000	320.000000
0	1.946000	13.913043	240.000000	320.000000
0	1.977000	13.913043	240.000000	320.000000
0	2.008000	13.913043	240.000000	320.000000
0	2.039000	13.913043	240.000000	320.000000
0	2.071000	13.913043	240.000000	320.000000
0	2.102000	13.913043	240.000000	320.000000
0	2.133000	13.913043	240.000000	320.000000
0	2.180000	13.913043	240.000000	320.000000
0	2.211000	13.913043	240.000000	320.000000
0	2.242000	13.913043	240.000000	320.000000
0	2.273000	13.913043	240.000000	320.000000
0	2.305000	13.913043	240.000000	320.000000
0	2.336000	13.913043	240.000000	320.000000
0	2.367000	13.913043	240.000000	320.000000
0	2.414000	13.913043	240.000000	320.000000
0	2.445000	13.913043	240.000000	320.000000
0	2.476000	13.913043	240.000000	320.000000
0	2.507000	13.913043	240.000000	320.000000
0	2.539000	13.913043	240.000000	320.000000
0	2.570000	13.913043	240.000000	320.000000
0	2.601000	13.913043	240.000000	320.000000
0	2.632000	13.913043	240.000000	320.000000
0	2.679000	13.913043	240.000000	320.000000
0	2.710000	13.913043	240.000000	320.000000
0	2.741000	13.913043	240.000000	320.000000
0	2.773000	13.913043	240.000000	320.000000
0	2.804000	13.913043	240.000000	320.000000
0	2.835000	13.913043	240.000000	320.000000
0	2.866000	13.913043	240.000000	320.000000
0	2.913000	13.913043	240.000000	320.000000
0	2.944000	13.913043	240.000000	320.000000
0	2.975000	13.913043	240.000000	320.000000
0	3.007000	13.913043	240.000000	320.000000
0	3.038000	13.913043	240.000000	320.000000
0	3.069000	13.913043	240.000000	320.000000
0	3.100000	13.913043	240.000000	320.000000
0	3.131000	13.913043	240.000000	320.000000
0	3.178000	13.913043	240.000000	320.000000
0	3.209000	13.913043	240.000000	320.000000
0	3.241000	13.913043	240.000000	320.000000
0	3.272000	13.913043	240.000000	320.000000
0	3.303000	13.913043	240.000000	320.000000
0	3.334000	13.913043	240.000000	320.000000
0	3.365000	13.913043	240.000000	320.000000
0	3.412000	13.913043	240.000000	320.000000
0	3.443000	13.913043	240.000000	320.000000
0	3.475000	13.913043	240.000000	320.000000
0	3.506000	13.913043	240.000000	320.000000
0	3.537000	13.913043	240.000000	320.000000
0	3.568000	13.913043	240.000000	320.000000
0	3.599000	13.913043	240.000000	320.000000
0	3.646000	13.913043	240.000000	320.000000
0	3.677000	13.913043	240.000000	320.000000
0	3.709000	13.913043	240.000000	320.000000
0	3.740000	13.913043	240.000000	320.000000
0	3.771000	13.913043	240.000000	320.000000
0	3.802000	13.913043	240.000000	320.000000
0	3.833000	13.913043	240.000000	320.000000
0	3.865000	13.913043	240.000000	320.000000
0	3.911000	13.913043	240.000000	320.000000
0	3.943000	13.913043	240.000000	320.000000
0	3.974000	13.913043	240.000000	320.000000
0	4.005000	13.913043	240.000000	320.000000
0	4.036000	13.913043	240.000000	320.000000
0	4.067000	13.913043	240.000000	320.000000
0	4.099000	13.913043	240.000000	320.000000
0	4.145000	13.913043	240.000000	320.000000
0	4.177000	13.913043	240.000000	320.000000
0	4.208000	13.913043	240.000000	320.000000
0	4.239000	13.913043	240.000000	320.000000
0	4.270000	13.913043	240.000000	320.000000
0	4.301000	13.913043	240.000000	320.000000
0	4.333000	13.913043	240.000000	320.000000
0	4.379000	13.913043	240.000000	320.000000
0	4.411000	13.913043	240.000000	320.000000
0	4.442000	13.913043	240.000000	320.000000
0	4.473000	13.913043	240.000000	320.000000
0	4.504000	13.913043	240.000000	320.000000
0	4.535000	13.913043	240.000000	320.000000
0	4.567000	13.913043	240.000000	320.000000
0	4.598000	13.913043	240.000000	320.000000
0	4.645000	13.913043	240.000000	320.000000
0	4.676000	13.913043	240.000000	320.000000
0	4.707000	13.913043	240.000000	320.000000
0	4.738000	13.913043	240.000000	320.000000
0	4.769000	13.913043	240.000000	320.000000
0	4.801000	13.913043	240.000000	320.000000
0	4.832000	13.913043	240.000000	320.000000
0	4.879000	13.913043	240.000000	320.000000
0	4.910000	13.913043	240.000000	320.000000
0	4.941000	13.913043	240.000000	320.000000
0	4.972000	13.913043	240.000000	320.000000
0	5.003000	13.913043	240.000000	320.000000
0	5.035000	13.913043	240.000000	320.000000
0	5.066000	13.913043	240.000000	320.000000
0	5.113000	13.913043	240.000000	320.000000
0	5.144000	13.913043	240.000000	320.000000
0	5.175000	13.913043	240.000000	320.000000
0	5.206000	13.913043	240.000000	320.000000
0	5.237000	13.913043	240.000000	320.000000
0	5.269000	13.913043	240.000000	320.000000
0	5.300000	13.913043	240.000000	320.000000
0	5.331000	13.913043	240.000000	320.000000
0	5.378000	13.913043	240.000000	320.000000
0	5.409000	13.913043	240.000000	320.000000
0	5.440000	13.913043	240.000000	320.000000
0	5.471000	13.913043	240.000000	320.000000
0	5.503000	13.913043	240.000000	320.000000
0	5.534000	13.913043	240.000000	320.000000
0	5.565000	13.913043	240.000000	320.000000
0	5.612000	13.913043	240.000000	320.000000
0	5.643000	13.913043	240.000000	320.000000
0	5.674000	13.913043	240.000000	320.000000
0	5.705000	13.913043	240.000000	320.000000
0	5.737000	13.913043	240.000000	320.000000
0	5.768000	13.913043	240.000000	320.000000
0	5.799000	13.913043	240.000000	320.000000
0	5.846000	13.913043	240.000000	320.000000
0	5.877000	13.913043	240.000000	320.000000
0	5.908000	13.913043	240.000000	320.000000
0	5.939000	13.913043	240.000000	320.000000
0	5.971000	13.913043	240.000000	320.000000
0	6.002000	13.913043	240.000000	320.000000
0	6.033000	13.913043	240.000000	320.000000
0	6.064000	13.913043	240.000000	320.000000
0	6.111000	13.913043	240.000000	320.000000
0	6.142000	13.913043	240.000000	320.000000
0	6.173000	13.913043	240.000000	320.000000
0	6.205000	13.913043	240.000000	320.000000
0	6.236000	13.913043	240.000000	320.000000
0	6.267000	13.913043	240.000000	320.000000
0	6.298000	13.913043	240.000000	320.000000
0	6.345000	13.913043	240.000000	320.000000
0	6.376000	13.913043	240.000000	320.000000
0	6.407000	13.913043	240.000000	320.000000
0	6.439000	13.913043	240.000000	320.000000
0	6.470000	13.913043	240.000000	320.000000
0	6.501000	13.913043	240.000000	320.000000
0	6.532000	13.913043	240.000000	320.000000
0	6.579000	13.913043	240.000000	320.000000
0	6.610000	13.913043	240.000000	320.000000
0	6.641000	13.913043	240.000000	320.000000
0	6.673000	13.913043	240.000000	320.000000
0	6.704000	13.913043	240.000000	320.000000
0	6.735000	13.913043	240.000000	320.000000
0	6.766000	13.913043	240.000000	320.000000
0	6.797000	13.913043	240.000000	320.000000
0	6.844000	13.913043	240.000000	320.000000
0	6.875000	13.913043	240.000000	320.000000
0	6.907000	13.913043	240.000000	320.000000
0	6.938000	13.913043	240.000000	320.000000
0	6.969000	13.913043	240.000000	320.000000
0	7.000000	13.913043	240.000000	320.000000
0	7.031000	13.913043	240.000000	320.000000
0	7.063000	13.913043	240.000000	320.000000
0	7.109000	13.913043	240.000000	320.000000
0	7.141000	13.913043	240.000000	320.000000
0	7.172000	13.913043	240.000000	320.000000
0	7.203000	13.913043	240.000000	320.000000
0	7.234000	13.913043	240.000000	320.000000
0	7.265000	13.913043	240.000000	320.000000
0	7.297000	13.913043	240.000000	320.000000
0	7.343000	13.913043	240.000000	320.000000
0	7.375000	13.913043	240.000000	320.000000
0	7.406000	13.913043	240.000000	320.000000
0	7.437000	13.913043	240.000000	320.000000
0	7.468000	13.913043	240.000000	320.000000
0	7.499000	13.913043	240.000000	320.000000
0	7.531000	13.913043	240.000000	320.000000
0	7.577000	13.913043	240.000000	320.000000
0	7.609000	13.913043	240.000000	320.000000
0	7.640000	13.913043	240.000000	320.000000
0	7.671000	13.913043	240.000000	320.000000
0	7.702000	13.913043	240.000000	320.000000
0	7.733000	13.913043	240.000000	320.000000
0	7.765000	13.913043	240.000000	320.000000
0	7.796000	13.913043	240.000000	320.000000
0	7.843000	13.913043	240.000000	320.000000
0	7.874000	13.913043	240.000000	320.000000
0	7.905000	13.913043	240.000000	320.000000
0	7.936000	13.913043	240.000000	320.000000
0	7.967000	13.913043	240.000000	320.000000
0	7.999000	13.913043	240.000000	320.000000
0	8.030000	13.913043	240.000000	320.000000
0	8.077000	13.913043	240.000000	320.000000
0	8.108000	13.913043	240.000000	320.000000
0	8.139000	13.913043	240.000000	320.000000
0	8.170000	13.913043	240.000000	320.000000
0	8.201000	13.913043	240.000000	320.000000
0	8.233000	13.913043	240.000000	320.000000
0	8.264000	13.913043	240.000000	320.000000
0	8.311000	13.913043	240.000000	320.000000
0	8.342000	13.913043	240.000000	320.000000
0	8.373000	13.913043	240.000000	320.000000
0	8.404000	13.913043	240.000000	320.000000
0	8.435000	13.913043	240.000000	320.000000
0	8.467000	13.913043	240.000000	320.000000
0	8.498000	13.913043	240.000000	320.000000
0	8.529000	13.913043	240.000000	320.000000
0	8.576000	13.913043	240.000000	320.000000
0	8.607000	13.913043	240.000000	320.000000
0	8.638000	13.913043	240.000000	320.000000
0	8.669000	13.913043	240.000000	320.000000
0	8.701000	13.913043	240.000000	320.000000
0	8.732000	13.913043	240.000000	320.000000
0	8.763000	13.913043	240.000000	320.000000
0	8.810000	13.913043	240.000000	320.000000
0	8.841000	13.913043	240.000000	320.000000
0	8.872000	13.913043	240.000000	320.000000
0	8.903000	13.913043	240.000000	320.000000
0	8.935000	13.913043	240.000000	320.000000
0	8.966000	13.913043	240.000000	320.000000
0	8.997000	13.913043	240.000000	320.000000
0	9.044000	13.913043	240.000000	320.000000
0	9.075000	13.913043	240.000000	320.000000
0	9.106000	13.913043	240.000000	320.000000
0	9.137000	13.913043	240.000000	320.000000
0	9.169000	13.913043	240.000000	320.000000
0	9.200000	13.913043	240.000000	320.000000
0	9.231000	13.913043	240.000000	320.000000
0	9.262000	13.913043	240.000000	320.000000
0	9.309000	13.913043	240.000000	320.000000
0	9.340000	13.913043	240.000000	320.000000
0	9.371000	13.913043	240.000000	320.000000
0	9.403000	13.913043	240.000000	320.000000
0	9.434000	13.913043	240.000000	320.000000
0	9.465000	13.913043	240.000000	320.000000
0	9.496000	13.913043	240.000000	320.000000
0	9.543000	13.913043	240.000000	320.000000
0	9.574000	13.913043	240.000000	320.000000
0	9.605000	13.913043	240.000000	320.000000
0	9.637000	13.913043	240.000000	320.000000
0	9.668000	13.913043	240.000000	320.000000
0	9.699000	13.913043	240.000000	320.000000
0	9.730000	13.913043	240.000000	320.000000
0	9.777000	13.913043	240.000000	320.000000
0	9.808000	13.913043	240.000000	320.000000
0	9.839000	13.913043	240.000000	320.000000
0	9.871000	13.913043	240.000000	320.000000
0	9.902000	13.913043	240.000000	320.000000
0	9.933000	13.913043	240.000000	320.000000
0	9.964000	13.913043	240.000000	320.000000
0	9.995000	13.913043	240.000000	320.000000
0	10.042000	13.913043	240.000000	320.000000
0	10.073000	13.913043	240.000000	320.000000
0	10.105000	13.913043	240.000000	320.000000
0	10.136000	13.913043	240.000000	320.000000
0	10.167000	13.913043	240.000000	320.000000
0	10.198000	13.913043	240.000000	320.000000
0	10.229000	13.913043	240.000000	320.000000
0	10.276000	13.913043	240.000000	320.000000
0	10.307000	13.913043	240.000000	320.000000
0	10.339000	13.913043	240.000000	320.000000
0	10.370000	13.913043	240.000000	320.000000
0	10.401000	13.913043	240.000000	320.000000
0	10.432000	13.913043	240.000000	320.000000
0	10.463000	13.913043	240.000000	320.000000
0	10.510000	13.913043	240.000000	320.000000
0	10.541000	13.913043	240.000000	320.000000
0	10.573000	13.913043	240.000000	320.000000
0	10.604000	13.913043	240.000000	320.000000
0	10.635000	13.913043	240.000000	320.000000
0	10.666000	13.913043	240.000000	320.000000
0	10.697000	13.913043	240.000000	320.000000
0	10.729000	13.913043	240.000000	320.000000
0	10.775000	13.913043	240.000000	320.000000
0	10.807000	13.913043	240.000000	320.000000
0	10.838000	13.913043	240.000000	320.000000
0	10.869000	13.913043	240.000000	320.000000
0	10.900000	13.913043	240.000000	320.000000
0	10.931000	13.913043	240.000000	320.000000
0	10.963000	13.913043	240.000000	320.000000
0	10.994000	13.913043	240.000000	320.000000
0	11.041000	13.913043	240.000000	320.000000
0	11.072000	13.913043	240.000000	320.000000
0	11.103000	13.913043	240.000000	320.000000
0	11.134000	13.913043	240.000000	320.000000
0	11.165000	13.913043	240.000000	320.000000
0	11.197000	13.913043	240.000000	320.000000
0	11.228000	13.913043	240.000000	320.000000
0	11.275000	13.913043	240.000000	320.000000
0	11.306000	13.913043	240.000000	320.000000
0	11.337000	13.913043	240.000000	320.000000
0	11.368000	13.913043	240.000000	320.000000
0	11.399000	13.913043	240.000000	320.000000
0	11.431000	13.913043	240.000000	320.000000
0	11.462000	13.913043	240.000000	320.000000
0	11.509000	13.913043	240.000000	320.000000
0	11.540000	13.913043	240.000000	320.000000
0	11.571000	13.913043	240.000000	320.000000
0	11.602000	13.913043	240.000000	320.000000
0	11.633000	13.913043	240.000000	320.000000
0	11.665000	13.913043	240.000000	320.000000
0	11.696000	13.913043	240.000000	320.000000
0	11.727000	13.913043	240.000000	320.000000
0	11.774000	13.913043	240.000000	320.000000
0	11.805000	13.913043	240.000000	320.000000
0	11.836000	13.913043	240.000000	320.000000
0	11.867000	13.913043	240.000000	320.000000
0	11.899000	13.913043	240.000000	320.000000
0	11.930000	13.913043	240.000000	320.000000
0	11.961000	13.913043	240.000000	320.000000
0	12.008000	13.913043	240.000000	320.000000
0	12.039000	13.913043	240.000000	320.000000
0	12.070000	13.913043	240.000000	320.000000
0	12.101000	13.913043	240.000000	320.000000
0	12.133000	13.913043	240.000000	320.000000
0	12.164000	13.913043	240.000000	320.000000
0	12.195000	13.913043	240.000000	320.000000
0	12.242000	13.913043	240.000000	320.000000
0	12.273000	13.913043	240.000000	320.000000
0	12.304000	13.913043	240.000000	320.000000
0	12.335000	13.913043	240.000000	320.000000
0	12.367000	13.913043	240.000000	320.000000
0	12.398000	13.913043	240.000000	320.000000
0	12.429000	13.913043	240.000000	320.000000
0	12.460000	13.913043	240.000000	320.000000
0	12.507000	13.913043	240.000000	320.000000
0	12.538000	13.913043	240.000000	320.000000
0	12.569000	13.913043	240.000000	320.000000
0	12.601000	13.913043	240.000000	320.000000
0	12.632000	13.913043	240.000000	320.000000
0	12.663000	13.913043	240.000000	320.000000
0	12.694000	13.913043	240.000000	320.000000
0	12.741000	13.913043	240.000000	320.000000
0	12.772000	13.913043	240.000000	320.000000
0	12.803000	13.913043	240.000000	320.000000
0	12.835000	13.913043	240.000000	320.000000
0	12.866000	13.913043	240.000000	320.000000
0	12.897000	13.913043	240.000000	320.000000
0	12.928000	13.913043	240.000000	320.000000
0	12.975000	13.913043	240.000000	320.000000
0	13.006000	13.913043	240.000000	320.000000
0	13.037000	13.913043	240.000000	320.000000
0	13.069000	13.913043	240.000000	320.000000
0	13.100000	13.913043	240.000000	320.000000
0	13.131000	13.913043	240.000000	320.000000
0	13.162000	13.913043	240.000000	320.000000
0	13.193000	13.913043	240.000000	320.000000
0	13.240000	13.913043	240.000000	320.000000
0	13.271000	13.913043	240.000000	320.000000
0	13.303000	13.913043	240.000000	320.000000
0	13.334000	13.913043	240.000000	320.000000
0	13.365000	13.913043	240.000000	320.000000
0	13.396000	13.913043	240.000000	320.000000
0	13.427000	13.913043	240.000000	320.000000
0	13.474000	13.913043	240.000000	320.000000
0	13.505000	13.913043	240.000000	320.000000
0	13.537000	13.913043	240.000000	320.000000
0	13.568000	13.913043	240.000000	320.000000
0	13.599000	13.913043	240.000000	320.000000
0	13.630000	13.913043	240.000000	320.000000
0	13.661000	13.913043	240.000000	320.000000
0	13.708000	13.913043	240.000000	320.000000
0	13.739000	13.913043	240.000000	320.000000
0	13.771000	13.913043	240.000000	320.000000
0	13.802000	13.913043	240.000000	320.000000
0	13.833000	13.913043	240.000000	320.000000
0	13.864000	13.913043	240.000000	320.000000
0	13.895000	13.913043	240.000000	320.000000
0	13.927000	13.913043	240.000000	320.000000
0	13.973000	13.913043	240.000000	320.000000
0	14.005000	13.913043	240.000000	320.000000
0	14.036000	13.913043	240.000000	320.000000
0	14.067000	13.913043	240.000000	320.000000
0	14.098000	13.913043	240.000000	320.000000
0	14.129000	13.913043	240.000000	320.000000
0	14.161000	13.913043	240.000000	320.000000
0	14.207000	13.913043	240.000000	320.000000
0	14.239000	13.913043	240.000000	320.000000
0	14.270000	13.913043	240.000000	320.000000
0	14.301000	13.913043	240.000000	320.000000
0	14.332000	13.913043	240.000000	320.000000
0	14.363000	13.913043	240.000000	320.000000
0	14.395000	13.913043	240.000000	320.000000
0	14.441000	13.913043	240.000000	320.000000
0	14.473000	13.913043	240.000000	320.000000
0	14.504000	13.913043	240.000000	320.000000
0	14.535000	13.913043	240.000000	320.000000
0	14.566000	13.913043	240.000000	320.000000
0	14.597000	13.913043	240.000000	320.000000
0	14.629000	13.913043	240.000000	320.000000
0	14.660000	13.913043	240.000000	320.000000
0	14.707000	13.913043	240.000000	320.000000
0	14.738000	13.913043	240.000000	320.000000
0	14.769000	13.913043	240.000000	320.000000
0	14.800000	13.913043	240.000000	320.000000
0	14.831000	13.913043	240.000000	320.000000
0	14.863000	13.913043	240.000000	320.000000
0	14.894000	13.913043	240.000000	320.000000
0	14.925000	13.913043	240.000000	320.000000
0	14.972000	13.913043	240.000000	320.000000
0	15.003000	13.913043	240.000000	320.000000
0	15.034000	13.913043	240.000000	320.000000
0	15.065000	13.913043	240.000000	320.000000
0	15.097000	13.913043	240.000000	320.000000
0	15.128000	13.913043	240.000000	320.000000
0	15.159000	13.913043	240.000000	320.000000
0	15.206000	13.913043	240.000000	320.000000
0	15.237000	13.913043	240.000000	320.000000
0	15.268000	13.913043	240.000000	320.000000
0	15.299000	13.913043	240.000000	320.000000
0	15.331000	13.913043	240.000000	320.000000
0	15.362000	13.913043	240.000000	320.000000
0	15.393000	13.913043	240.000000	320.000000
0	15.440000	13.913043	240.000000	320.000000
0	15.471000	13.913043	240.000000	320.000000
0	15.502000	13.913043	240.000000	320.000000
0	15.533000	13.913043	240.000000	320.000000
0	15.565000	13.913043	240.000000	320.000000
0	15.596000	13.913043	240.000000	320.000000
0	15.627000	13.913043	240.000000	320.000000
0	15.658000	13.913043	240.000000	320.000000
0	15.705000	13.913043	240.000000	320.000000
0	15.736000	13.913043	240.000000	320.000000
0	15.767000	13.913043	240.000000	320.000000
0	15.799000	13.913043	240.000000	320.000000
0	15.830000	13.913043	240.000000	320.000000
0	15.861000	13.913043	240.000000	320.000000
0	15.892000	13.913043	240.000000	320.000000
0	15.939000	13.913043	240.000000	320.000000
0	15.970000	13.913043	240.000000	320.000000
0	16.001000	13.913043	240.000000	320.000000
0	16.033000	13.913043	240.000000	320.000000
0	16.064000	13.913043	240.000000	320.000000
0	16.095000	13.913043	240.000000	320.000000
0	16.126000	13.913043	240.000000	320.000000
0	16.173000	13.913043	240.000000	320.000000
0	16.204000	13.913043	240.000000	320.000000
0	16.235000	13.913043	240.000000	320.000000
0	16.267000	13.913043	240.000000	320.000000
0	16.298000	13.913043	240.000000	320.000000
0	16.329000	13.913043	240.000000	320.000000
0	16.360000	13.913043	240.000000	320.000000
0	16.391000	13.913043	240.000000	320.000000
0	16.438000	13.913043	240.000000	320.000000
0	16.469000	13.913043	240.000000	320.000000
0	16.501000	13.913043	240.000000	320.000000
0	16.532000	13.913043	240.000000	320.000000
0	16.563000	13.913043	240.000000	320.000000
0	16.594000	13.913043	240.000000	320.000000
0	16.625000	13.913043	240.000000	320.000000
0	16.672000	13.913043	240.000000	320.000000
0	16.703000	13.913043	240.000000	320.000000
0	16.735000	13.913043	240.000000	320.000000
0	16.766000	13.913043	240.000000	320.000000
0	16.797000	13.913043	240.000000	320.000000
0	16.828000	13.913043	240.000000	320.000000
0	16.859000	13.913043	240.000000	320.000000
0	16.906000	13.913043	240.000000	320.000000
0	16.937000	13.913043	240.000000	320.000000
0	16.969000	13.913043	240.000000	320.000000
0	17.000000	13.913043	240.000000	320.000000
0	17.031000	13.913043	240.000000	320.000000
0	17.062000	13.913043	240.000000	320.000000
0	17.093000	13.913043	240.000000	320.000000
0	17.125000	13.913043	240.000000	320.000000
0	17.171000	13.913043	240.000000	320.000000
0	17.203000	13.913043	240.000000	320.000000
0	17.234000	13.913043	240.000000	320.000000
0	17.265000	13.913043	240.000000	320.000000
0	17.296000	13.913043	240.000000	320.000000
0	17.327000	13.913043	240.000000	320.000000
0	17.359000	13.913043	240.000000	320.000000
0	17.405000	13.913043	240.000000	320.000000
0	17.437000	13.913043	240.000000	320.000000
0	17.468000	13.913043	240.000000	320.000000
0	17.499000	13.913043	240.000000	320.000000
0	17.530000	13.913043	240.000000	320.000000
0	17.561000	13.913043	240.000000	320.000000
0	17.593000	13.913043	240.000000	320.000000
0	17.639000	13.913043	240.000000	320.000000
0	17.671000	13.913043	240.000000	320.000000
0	17.702000	13.913043	240.000000	320.000000
0	17.733000	13.913043	240.000000	320.000000
0	17.764000	13.913043	240.000000	320.000000
0	17.795000	13.913043	240.000000	320.000000
0	17.827000	13.913043	240.000000	320.000000
0	17.858000	13.913043	240.000000	320.000000
0	17.905000	13.913043	240.000000	320.000000
0	17.936000	13.913043	240.000000	320.000000
0	17.967000	13.913043	240.000000	320.000000
0	17.998000	13.913043	240.000000	320.000000
0	18.029000	13.913043	240.000000	320.000000
0	18.061000	13.913043	240.000000	320.000000
0	18.092000	13.913043	240.000000	320.000000
0	18.139000	13.913043	240.000000	320.000000
0	18.170000	13.913043	240.000000	320.000000
0	18.201000	13.913043	240.000000	320.000000
0	18.232000	13.913043	240.000000	320.000000
0	18.263000	13.913043	240.000000	320.000000
0	18.295000	13.913043	240.000000	320.000000
0	18.326000	13.913043	240.000000	320.000000
0	18.373000	13.913043	240.000000	320.000000
0	18.404000	13.913043	240.000000	320.000000
0	18.435000	13.913043	240.000000	320.000000
0	18.466000	13.913043	240.000000	320.000000
0	18.497000	13.913043	240.000000	320.000000
0	18.529000	13.913043	240.000000	320.000000
0	18.560000	13.913043	240.000000	320.000000
0	18.591000	13.913043	240.000000	320.000000
0	18.638000	13.913043	240.000000	320.000000
0	18.669000	13.913043	240.000000	320.000000
0	18.700000	13.913043	240.000000	320.000000
0	18.731000	13.913043	240.000000	320.000000
0	18.763000	13.913043	240.000000	320.000000
0	18.794000	13.913043	240.000000	320.000000
0	18.825000	13.913043	240.000000	320.000000
0	18.872000	13.913043	240.000000	320.000000
0	18.903000	13.913043	240.000000	320.000000
0	18.934000	13.913043	240.000000	320.000000
0	18.965000	13.913043	240.000000	320.000000
0	18.997000	13.913043	240.000000	320.000000
0	19.028000	13.913043	240.000000	320.000000
0	19.059000	13.913043	240.000000	320.000000
0	19.090000	13.913043	240.000000	320.000000
0	19.137000	13.913043	240.000000	320.000000
0	19.168000	13.913043	240.000000	320.000000
0	19.199000	13.913043	240.000000	320.000000
0	19.231000	13.913043	240.000000	320.000000
0	19.262000	13.913043	240.000000	320.000000
0	19.293000	13.913043	240.000000	320.000000
0	19.324000	13.913043	240.000000	320.000000
0	19.371000	13.913043	240.000000	320.000000
0	19.402000	13.913043	240.000000	320.000000
0	19.433000	13.913043	240.000000	320.000000
0	19.465000	13.913043	240.000000	320.000000
0	19.496000	13.913043	240.000000	320.000000
0	19.527000	13.913043	240.000000	320.000000
0	19.558000	13.913043	240.000000	320.000000
0	19.605000	13.913043	240.000000	320.000000
0	19.636000	13.913043	240.000000	320.000000
0	19.667000	13.913043	240.000000	320.000000
0	19.699000	13.913043	240.000000	320.000000
0	19.730000	13.913043	240.000000	320.000000
0	19.761000	13.913043	240.000000	320.000000
0	19.792000	13.913043	240.000000	320.000000
0	19.823000	13.913043	240.000000	320.000000
0	19.870000	13.913043	240.000000	320.000000
0	19.901000	13.913043	240.000000	320.000000
0	19.933000	13.913043	240.000000	320.000000
0	19.964000	13.913043	240.000000	320.000000
0	19.995000	13.913043	240.000000	320.000000
0	20.026000	13.913043	240.000000	320.000000
0	20.057000	13.913043	240.000000	320.000000
0	20.104000	13.913043	240.000000	320.000000
0	20.135000	13.913043	240.000000	320.000000
0	20.167000	13.913043	240.000000	320.000000
0	20.198000	13.913043	240.000000	320.000000
0	20.229000	13.913043	240.000000	320.000000
0	20.260000	13.913043	240.000000	320.000000
0	20.291000	13.913043	240.000000	320.000000
0	20.323000	13.913043	240.000000	320.000000
0	20.369000	13.913043	240.000000	320.000000
0	20.401000	13.913043	240.000000	320.000000
0	20.432000	13.913043	240.000000	320.000000
0	20.463000	13.913043	240.000000	320.000000
0	20.494000	13.913043	240.000000	320.000000
0	20.525000	13.913043	240.000000	320.000000
0	20.557000	13.913043	240.000000	320.000000
0	20.603000	13.913043	240.000000	320.000000
0	20.635000	13.913043	240.000000	320.000000
0	20.666000	13.913043	240.000000	320.000000
0	20.697000	13.913043	240.000000	320.000000
0	20.728000	13.913043	240.000000	320.000000
0	20.759000	13.913043	240.000000	320.000000
0	20.791000	13.913043	240.000000	320.000000
0	20.837000	13.913043	240.000000	320.000000
0	20.869000	13.913043	240.000000	320.000000
0	20.900000	13.913043	240.000000	320.000000
0	20.931000	13.913043	240.000000	320.000000
0	20.962000	13.913043	240.000000	320.000000
0	20.993000	13.913043	240.000000	320.000000
0	21.025000	13.913043	240.000000	320.000000
0	21.056000	13.913043	240.000000	320.000000
0	21.103000	13.913043	240.000000	320.000000
0	21.134000	13.913043	240.000000	320.000000
0	21.165000	13.913043	240.000000	320.000000
0	21.196000	13.913043	240.000000	320.000000
0	21.227000	13.913043	240.000000	320.000000
0	21.259000	13.913043	240.000000	320.000000
0	21.290000	13.913043	240.000000	320.000000
0	21.337000	13.913043	240.000000	320.000000
0	21.368000	13.913043	240.000000	320.000000
0	21.399000	13.913043	240.000000	320.000000
0	21.430000	13.913043	240.000000	320.000000
0	21.461000	13.913043	240.000000	320.000000
0	21.493000	13.913043	240.000000	320.000000
0	21.524000	13.913043	240.000000	320.000000
0	21.571000	13.913043	240.000000	320.000000
0	21.602000	13.913043	240.000000	320.000000
0	21.633000	13.913043	240.000000	320.000000
0	21.664000	13.913043	240.000000	320.000000
0	21.695000	13.913043	240.000000	320.000000
0	21.727000	13.913043	240.000000	320.000000
0	21.758000	13.913043	240.000000	320.000000
0	21.789000	13.913043	240.000000	320.000000
0	21.836000	13.913043	240.000000	320.000000
0	21.867000	13.913043	240.000000	320.000000
0	21.898000	13.913043	240.000000	320.000000
0	21.929000	13.913043	240.000000	320.000000
0	21.961000	13.913043	240.000000	320.000000
0	21.992000	13.913043	240.000000	320.000000
0	22.023000	13.913043	240.000000	320.000000
0	22.070000	13.913043	240.000000	320.000000
0	22.101000	13.913043	240.000000	320.000000
0	22.132000	13.913043	240.000000	320.000000
0	22.163000	13.913043	240.000000	320.000000
0	22.195000	13.913043	240.000000	320.000000
0	22.226000	13.913043	240.000000	320.000000
0	22.257000	13.913043	240.000000	320.000000
0	22.304000	13.913043	240.000000	320.000000
0	22.335000	13.913043	240.000000	320.000000
0	22.366000	13.913043	240.000000	320.000000
0	22.397000	13.913043	240.000000	320.000000
0	22.429000	13.913043	240.000000	320.000000
0	22.460000	13.913043	240.000000	320.000000
0	22.491000	13.913043	240.000000	320.000000
0	22.522000	13.913043	240.000000	320.000000
0	22.569000	13.913043	240.000000	320.000000
0	22.600000	13.913043	240.000000	320.000000
0	22.631000	13.913043	240.000000	320.000000
0	22.663000	13.913043	240.000000	320.000000
0	22.694000	13.913043	240.000000	320.000000
0	22.725000	13.913043	240.000000	320.000000
0	22.756000	13.913043	240.000000	320.000000
0	22.803000	13.913043	240.000000	320.000000
0	22.834000	13.913043	240.000000	320.000000
0	22.865000	13.913043	240.000000	320.000000
0	22.897000	13.913043	240.000000	320.000000
0	22.928000	13.913043	240.000000	320.000000
0	22.959000	13.913043	240.000000	320.000000
0	22.990000	13.913043	240.000000	320.000000
0	23.021000	13.913043	240.000000	320.000000
0	23.068000	13.913043	240.000000	320.000000
0	23.099000	13.913043	240.000000	320.000000
0	23.131000	13.913043	240.000000	320.000000
0	23.162000	13.913043	240.000000	320.000000
0	23.193000	13.913043	240.000000	320.000000
0	23.224000	13.913043	240.000000	320.000000
0	23.255000	13.913043	240.000000	320.000000
0	23.302000	13.913043	240.000000	320.000000
0	23.333000	13.913043	240.000000	320.000000
0	23.365000	13.913043	240.000000	320.000000
0	23.396000	13.913043	240.000000	320.000000
0	23.427000	13.913043	240.000000	320.000000
0	23.458000	13.913043	240.000000	320.000000
0	23.489000	13.913043	240.000000	320.000000
0	23.536000	13.913043	240.000000	320.000000
0	23.567000	13.913043	240.000000	320.000000
0	23.599000	13.913043	240.000000	320.000000
0	23.630000	13.913043	240.000000	320.000000
0	23.661000	13.913043	240.000000	320.000000
0	23.692000	13.913043	240.000000	320.000000
0	23.723000	13.913043	240.000000	320.000000
0	23.755000	13.913043	240.000000	320.000000
0	23.801000	13.913043	240.000000	320.000000
0	23.833000	13.913043	240.000000	320.000000
0	23.864000	13.913043	240.000000	320.000000
0	23.895000	13.913043	240.000000	320.000000
0	23.926000	13.913043	240.000000	320.000000
0	23.957000	13.913043	240.000000	320.000000
0	23.989000	13.913043	240.000000	320.000000
0	24.035000	13.913043	240.000000	320.000000
0	24.067000	13.913043	240.000000	320.000000
0	24.098000	13.913043	240.000000	320.000000
0	24.129000	13.913043	240.000000	320.000000
0	24.160000	13.913043	240.000000	320.000000
0	24.191000	13.913043	240.000000	320.000000
0	24.223000	13.913043	240.000000	320.000000
0	24.269000	13.913043	240.000000	320.000000
0	24.301000	13.913043	240.000000	320.000000
0	24.332000	13.913043	240.000000	320.000000
0	24.363000	13.913043	240.000000	320.000000
0	24.394000	13.913043	240.000000	320.000000
0	24.425000	13.913043	240.000000	320.000000
0	24.457000	13.913043	240.000000	320.000000
0	24.488000	13.913043	240.000000	320.000000
0	24.535000	13.913043	240.000000	320.000000
0	24.566000	13.913043	240.000000	320.000000
0	24.597000	13.913043	240.000000	320.000000
0	24.628000	13.913043	240.000000	320.000000
0	24.659000	13.913043	240.000000	320.000000
0	24.691000	13.913043	240.000000	320.000000
0	24.722000	13.913043	240.000000	320.000000
0	24.769000	13.913043	240.000000	320.000000
0	24.800000	13.913043	240.000000	320.000000
0	24.831000	13.913043	240.000000	320.000000
0	24.862000	13.913043	240.000000	320.000000
0	24.893000	13.913043	240.000000	320.000000
0	24.925000	13.913043	240.000000	320.000000
0	24.956000	13.913043	240.000000	320.000000
0	25.003000	13.913043	240.000000	320.000000
0	25.034000	13.913043	240.000000	320.000000
0	25.065000	13.913043	240.000000	320.000000
0	25.096000	13.913043	240.000000	320.000000
0	25.127000	13.913043	240.000000	320.000000
0	25.159000	13.913043	240.000000	320.000000
0	25.190000	13.913043	240.000000	320.000000
0	25.221000	13.913043	240.000000	320.000000
0	25.268000	13.913043	240.000000	320.000000
0	25.299000	13.913043	240.000000	320.000000
0	25.330000	13.913043	240.000000	320.000000
0	25.361000	13.913043	240.000000	320.000000
0	25.393000	13.913043	240.000000	320.000000
0	25.424000	13.913043	240.000000	320.000000
0	25.455000	13.913043	240.000000	320.000000
0	25.502000	13.913043	240.000000	320.000000
0	25.533000	13.913043	240.000000	320.000000
0	25.564000	13.913043	240.000000	320.000000
0	25.595000	13.913043	240.000000	320.000000
0	25.627000	13.913043	240.000000	320.000000
0	25.658000	13.913043	240.000000	320.000000
0	25.689000	13.913043	240.000000	320.000000
0	25.720000	13.913043	240.000000	320.000000
0	25.767000	13.913043	240.000000	320.000000
0	25.798000	13.913043	240.000000	320.000000
0	25.829000	13.913043	240.000000	320.000000
0	25.861000	13.913043	240.000000	320.000000
0	25.892000	13.913043	240.000000	320.000000
0	25.923000	13.913043	240.000000	320.000000
0	25.954000	13.913043	240.000000	320.000000
0	26.001000	13.913043	240.000000	320.000000
0	26.032000	13.913043	240.000000	320.000000
0	26.063000	13.913043	240.000000	320.000000
0	26.095000	13.913043	240.000000	320.000000
0	26.126000	13.913043	240.000000	320.000000
0	26.157000	13.913043	240.000000	320.000000
0	26.188000	13.913043	240.000000	320.000000
0	26.235000	13.913043	240.000000	320.000000
0	26.266000	13.913043	240.000000	320.000000
0	26.297000	13.913043	240.000000	320.000000
0	26.329000	13.913043	240.000000	320.000000
0	26.360000	13.913043	240.000000	320.000000
0	26.391000	13.913043	240.000000	320.000000
0	26.422000	13.913043	240.000000	320.000000
0	26.453000	13.913043	240.000000	320.000000
0	26.500000	13.913043	240.000000	320.000000
0	26.531000	13.913043	240.000000	320.000000
0	26.563000	13.913043	240.000000	320.000000
0	26.594000	13.913043	240.000000	320.000000
0	26.625000	13.913043	240.000000	320.000000
0	26.656000	13.913043	240.000000	320.000000
0	26.687000	13.913043	240.000000	320.000000
0	26.734000	13.913043	240.000000	320.000000
0	26.765000	13.913043	240.000000	320.000000
0	26.797000	13.913043	240.000000	320.000000
0	26.828000	13.913043	240.000000	320.000000
0	26.859000	13.913043	240.000000	320.000000
0	26.890000	13.913043	240.000000	320.000000
0	26.921000	13.913043	240.000000	320.000000
0	26.953000	13.913043	240.000000	320.000000
0	26.999000	13.913043	240.000000	320.000000
0	27.031000	13.913043	240.000000	320.000000
0	27.062000	13.913043	240.000000	320.000000
0	27.093000	13.913043	240.000000	320.000000
0	27.124000	13.913043	240.000000	320.000000
0	27.155000	13.913043	240.000000	320.000000
0	27.187000	13.913043	240.000000	320.000000
0	27.233000	13.913043	240.000000	320.000000
0	27.265000	13.913043	240.000000	320.000000
0	27.296000	13.913043	240.000000	320.000000
0	27.327000	13.913043	240.000000	320.000000
0	27.358000	13.913043	240.000000	320.000000
0	27.389000	13.913043	240.000000	320.000000
0	27.421000	13.913043	240.000000	320.000000
0	27.467000	13.913043	240.000000	320.000000
0	27.499000	13.913043	240.000000	320.000000
0	27.530000	13.913043	240.000000	320.000000
0	27.561000	13.913043	240.000000	320.000000
0	27.592000	13.913043	240.000000	320.000000
0	27.623000	13.913043	240.000000	320.000000
0	27.655000	13.913043	240.000000	320.000000
0	27.686000	13.913043	240.000000	320.000000
0	27.733000	13.913043	240.000000	320.000000
0	27.764000	13.913043	240.000000	320.000000
0	27.795000	13.913043	240.000000	320.000000
0	27.826000	13.913043	240.000000	320.000000
0	27.857000	13.913043	240.000000	320.000000
0	27.889000	13.913043	240.000000	320.000000
0	27.920000	13.913043	240.000000	320.000000
0	27.967000	13.913043	240.000000	320.000000
0	27.998000	13.913043	240.000000	320.000000
0	28.029000	13.913043	240.000000	320.000000
0	28.060000	13.913043	240.000000	320.000000
0	28.091000	13.913043	240.000000	320.000000
0	28.123000	13.913043	240.000000	320.000000
0	28.154000	13.913043	240.000000	320.000000
0	28.201000	13.913043	240.000000	320.000000
0	28.232000	13.913043	240.000000	320.000000
0	28.263000	13.913043	240.000000	320.000000
0	28.294000	13.913043	240.000000	320.000000
0	28.325000	13.913043	240.000000	320.000000
0	28.357000	13.913043	240.000000	320.000000
0	28.388000	13.913043	240.000000	320.000000
0	28.419000	13.913043	240.000000	320.000000
0	28.466000	13.913043	240.000000	320.000000
0	28.497000	13.913043	240.000000	320.000000
0	28.528000	13.913043	240.000000	320.000000
0	28.559000	13.913043	240.000000	320.000000
0	28.591000	13.913043	240.000000	320.000000
0	28.622000	13.913043	240.000000	320.000000
0	28.653000	13.913043	240.000000	320.000000
0	28.700000	13.913043	240.000000	320.000000
0	28.731000	13.913043	240.000000	320.000000
0	28.762000	13.913043	240.000000	320.000000
0	28.793000	13.913043	240.000000	320.000000
0	28.825000	13.913043	240.000000	320.000000
0	28.856000	13.913043	240.000000	320.000000
0	28.887000	13.913043	240.000000	320.000000
0	28.934000	13.913043	240.000000	320.000000
0	28.965000	13.913043	240.000000	320.000000
0	28.996000	13.913043	240.000000	320.000000
0	29.027000	13.913043	240.000000	320.000000
0	29.059000	13.913043	240.000000	320.000000
0	29.090000	13.913043	240.000000	320.000000
0	29.121000	13.913043	240.000000	320.000000
0	29.152000	13.913043	240.000000	320.000000
0	29.199000	13.913043	240.000000	320.000000
0	29.230000	13.913043	240.000000	320.000000
0	29.261000	13.913043	240.000000	320.000000
0	29.293000	13.913043	240.000000	320.000000
0	29.324000	13.913043	240.000000	320.000000
0	29.355000	13.913043	240.000000	320.000000
0	29.386000	13.913043	240.000000	320.000000
0	29.433000	13.913043	240.000000	320.000000
0	29.464000	13.913043	240.000000	320.000000
0	29.495000	13.913043	240.000000	320.000000
0	29.527000	13.913043	240.000000	320.000000
0	29.558000	13.913043	240.000000	320.000000
0	29.589000	13.913043	240.000000	320.000000
0	29.620000	13.913043	240.000000	320.000000
0	29.667000	13.913043	240.000000	320.000000
0	29.698000	13.913043	240.000000	320.000000
0	29.729000	13.913043	240.000000	320.000000
0	29.761000	13.913043	240.000000	320.000000
0	29.792000	13.913043	240.000000	320.000000
0	29.823000	13.913043	240.000000	320.000000
0	29.854000	13.913043	240.000000	320.000000
0	29.885000	13.913043	240.000000	320.000000
0	29.932000	13.913043	240.000000	320.000000
0	29.963000	13.913043	240.000000	320.000000
0	29.995000	13.913043	240.000000	320.000000
<\LEFT-PUPIL-DATA>
<RIGHT-PUPIL-ANALYSIS>
1
0	0	17	902	0	0	0.509000	29.518999	0.509000	15.810344	0.000000	0.000000	0.000000	0	3	3	3	3	0	0	0	0.000000	0.000000	0.000000	0.000000	0.000000	0.000000	0.000000	-1.000000	0.000000	0	0.957188	0.651043	0.720098	0.333068	0.329000	-0.208688	-1.054700	-1.000000	0.042594	1	0.957188	0.651043	0.720098	0.333068	0.329000	-0.208486	-1.054700	-1.000000	0.040052
<\RIGHT-PUPIL-ANALYSIS>
<LEFT-PUPIL-ANALYSIS>
1
0	0	17	902	0	0	0.509000	29.518999	0.509000	15.810344	0.000000	0.000000	0.000000	0	3	3	3	3	0	0	0	0.000000	0.000000	0.000000	0.000000	0.000000	0.000000	0.000000	-1.000000	0.000000	0	-0.034783	-0.034783	0.000950	0.000950	0.001000	0.000000	0.000000	-1.000000	0.000000	1	-0.034783	-0.034783	0.000950	0.000950	0.001000	-1000000.000000	-1000000.000000	-1.000000	0.000000
<\LEFT-PUPIL-ANALYSIS>
%%%%%%%%%
%%%%%%%%%
%%%%%%%%%
%%%	Measurement Tiime is: 2017-10-31 12:18:38
%%%	Subject ID is: C57BL6-28.09.17-DA-1mois-M3-1.2b
%%%	Note: 
%%%	RSS: Default Human Relative Spectral Sensitivity
%%%	Pupil Analysis:
%%%
%%%
%%%
%%%	Pulse Index:	0
%%%	Stimulus Session Index:	0
%%%	Right Pupil Stimulated
%%%	Light Metric is Photopic
%%%	Stimulus Start Time(sec):	0.51
%%%	Stimulus Duration(sec):	29.52
%%%	Stimulus Pulse Duration(sec):	0.51
%%%	Right Pulse:	15.81	(Blue )	-	0.00	(Blue )	[Lux ]
%%%	Left Pulse:	0.00	(Blue )	-	0.00	(Blue )	[Lux ]
%%%
%%%		RIGHT	LEFT	R.Pupil Mean	L.Pupil Mean	R.Stim Mean	R.Stim Mean
%%%	INPUT:	RAW DATA	RAW DATA
%%%	STATE:	ABNORMAL	ABNORMAL	ABNORMAL	ABNORMAL	ABNORMAL	ABNORMAL
%%%	MAX(mm):	0.00	0.00	0.00	0.00	0.00	0.00
%%%	MIN(mm):	0.00	0.00	0.00	0.00	0.00	0.00
%%%	DELTA(mm):						
%%%	CH(%):						
%%%	LAT(sec):	0.00	0.00	0.00	0.00	0.00	0.00
%%%	CV(mm/s):	0.00	0.00	0.00	0.00	0.00	0.00
%%%	MCV(mm/s):	0.00	0.00	0.00	0.00	0.00	0.00
%%%	DV(mm/s):	0.00	0.00	0.00	0.00	0.00	0.00
%%%%%%%%%
%%%%%%%%%
%%%%%%%%%
%%%	Right Pupil Profile (1st row -> 1 == valid tracking, 0 == invalid tracking; 2nd row -> time; 3rd row -> diameter (mm))
%%%	1	1	1	1	1	1	1	1	1	1	1	1	1	1	1	1	1	1	1	1	1	1	1	1	1	1	1	1	1	1	1	1	1	1	1	1	1	1	1	1	1	1	1	1	1	1	1	1	1	1	1	1	1	1	1	1	1	1	1	1	0	1	1	1	1	0	1	1	1	1	1	1	1	1	1	1	1	1	1	1	1	0	1	1	1	1	1	1	1	1	1	1	1	1	1	1	1	1	1	1	1	1	1	1	1	1	1	1	0	1	1	1	1	1	0	1	1	1	1	1	1	1	1	1	1	1	1	1	1	1	1	1	1	1	1	1	1	1	1	1	1	1	1	1	1	1	1	1	1	1	1	1	1	1	0	1	1	1	1	1	1	1	1	1	1	1	1	1	1	1	1	1	1	1	1	1	1	1	1	1	1	1	1	1	0	1	1	1	0	1	1	1	1	1	1	1	1	1	1	1	1	1	1	0	1	1	0	1	1	1	1	0	1	1	1	1	1	1	1	1	0	1	0	1	1	1	1	1	1	1	1	1	1	1	1	1	1	1	1	1	1	1	1	1	1	1	1	1	1	1	1	1	1	1	1	1	1	1	1	1	0	1	1	1	1	1	1	1	1	1	1	1	1	1	1	1	1	1	1	1	1	1	1	1	1	1	1	1	1	0	1	1	1	1	1	1	1	1	1	1	1	1	1	1	1	1	1	1	1	1	1	1	1	1	1	1	1	1	1	1	1	1	1	1	1	1	1	1	1	1	1	1	1	1	1	1	1	1	0	0	1	1	0	1	1	1	1	1	1	1	1	1	1	1	1	0	1	1	1	1	1	1	1	1	0	1	1	1	1	1	1	1	1	1	1	1	1	1	1	1	1	1	1	1	1	1	1	1	1	0	1	1	1	1	0	0	1	1	1	1	1	1	1	1	1	1	1	1	1	1	1	1	1	1	0	1	1	1	1	1	1	1	1	1	0	1	1	1	1	1	1	1	1	1	1	1	1	1	1	1	1	1	1	1	1	1	1	1	1	1	1	1	1	1	1	1	1	1	1	1	1	1	1	1	1	1	1	1	1	1	1	1	1	1	1	1	1	1	1	1	1	1	1	1	1	1	1	1	1	1	1	0	1	1	1	1	1	1	1	1	1	1	1	1	1	1	1	1	1	1	1	1	1	1	1	1	1	1	1	1	1	1	1	1	1	1	1	1	1	1	1	1	1	1	1	1	1	1	1	1	1	1	1	1	1	1	1	1	1	1	1	1	1	1	1	1	1	1	1	1	1	1	1	1	1	1	1	1	1	1	1	1	1	1	1	1	1	1	1	1	1	1	1	1	1	1	1	1	1	1	1	1	1	1	1	1	1	1	1	1	1	1	1	1	1	1	1	1	1	1	1	1	1	1	1	1	1	1	1	1	1	1	1	1	1	1	1	1	0	1	1	1	1	1	1	1	1	1	1	1	1	1	1	1	1	1	1	1	0	1	1	1	0	1	0	1	1	1	0	1	1	1	1	1	1	1	1	1	1	1	0	1	1	1	1	0	1	1	1	1	1	1	1	1	1	0	0	1	1	1	1	1	1	1	1	1	1	1	1	1	1	1	1	1	1	1	1	1	1	1	1	1	1	1	1	1	1	1	1	1	1	1	1	1	1	1	1	1	1	1	1	1	1	0	1	1	1	1	1	1	1	1	1	1	1	1	1	1	1	1	1	1	1	1	1	1	1	1	1	1	1	1	1	1	1	1	1	1	0	1	1	1	1	1	1	1	1	1	1	1	1	1	1	1	1	1	1	1	1	1	1	1	1	1	1	1	1	1	1	1	1	1	1	1	1	1	1	1	1	1	1	1	1	1	1	1	1	1	1	0	1	1	1	1	1	1	1	1	1	1	1	1	1	1	1	1	0	1	1	1	1	1	1	1	1	1	1	1	1	1	1	1	1	1	1	1	1	1	1	1	1	1	1	1	1	1	1	1	1	1	1	1	1	1	1	1	1	1	1	1	1	1	1	0	1	1	1	1	1	1	1	1	1	1	1	1	1	1	1	1	1	1	1
%%%	-0.067000	-0.020000	0.011000	0.042000	0.074000	0.105000	0.136000	0.167000	0.198000	0.245000	0.276000	0.308000	0.339000	0.370000	0.401000	0.432000	0.479000	0.510000	0.542000	0.573000	0.604000	0.635000	0.666000	0.698000	0.744000	0.776000	0.807000	0.838000	0.869000	0.900000	0.932000	0.978000	1.010000	1.041000	1.072000	1.103000	1.134000	1.166000	1.213000	1.244000	1.275000	1.306000	1.337000	1.369000	1.400000	1.431000	1.478000	1.509000	1.540000	1.571000	1.603000	1.634000	1.665000	1.712000	1.743000	1.774000	1.805000	1.837000	1.868000	1.899000	1.946000	1.977000	2.008000	2.039000	2.071000	2.102000	2.133000	2.164000	2.211000	2.242000	2.273000	2.305000	2.336000	2.367000	2.398000	2.445000	2.476000	2.507000	2.539000	2.570000	2.601000	2.632000	2.663000	2.710000	2.741000	2.773000	2.804000	2.835000	2.866000	2.897000	2.944000	2.975000	3.007000	3.038000	3.069000	3.100000	3.131000	3.178000	3.209000	3.241000	3.272000	3.303000	3.334000	3.365000	3.397000	3.443000	3.475000	3.506000	3.537000	3.568000	3.599000	3.631000	3.677000	3.709000	3.740000	3.771000	3.802000	3.833000	3.865000	3.911000	3.943000	3.974000	4.005000	4.036000	4.067000	4.099000	4.130000	4.177000	4.208000	4.239000	4.270000	4.301000	4.333000	4.364000	4.411000	4.442000	4.473000	4.504000	4.535000	4.567000	4.598000	4.645000	4.676000	4.707000	4.738000	4.769000	4.801000	4.832000	4.863000	4.910000	4.941000	4.972000	5.003000	5.035000	5.066000	5.097000	5.144000	5.175000	5.206000	5.237000	5.269000	5.300000	5.331000	5.378000	5.409000	5.440000	5.471000	5.503000	5.534000	5.565000	5.596000	5.643000	5.674000	5.705000	5.737000	5.768000	5.799000	5.830000	5.877000	5.908000	5.939000	5.971000	6.002000	6.033000	6.064000	6.095000	6.142000	6.173000	6.205000	6.236000	6.267000	6.298000	6.329000	6.376000	6.407000	6.439000	6.470000	6.501000	6.532000	6.563000	6.595000	6.641000	6.673000	6.704000	6.735000	6.766000	6.797000	6.829000	6.875000	6.907000	6.938000	6.969000	7.000000	7.031000	7.063000	7.109000	7.141000	7.172000	7.203000	7.234000	7.265000	7.297000	7.328000	7.375000	7.406000	7.437000	7.468000	7.499000	7.531000	7.562000	7.609000	7.640000	7.671000	7.702000	7.733000	7.765000	7.796000	7.843000	7.874000	7.905000	7.936000	7.967000	7.999000	8.030000	8.061000	8.108000	8.139000	8.170000	8.201000	8.233000	8.264000	8.295000	8.342000	8.373000	8.404000	8.435000	8.467000	8.498000	8.529000	8.576000	8.607000	8.638000	8.669000	8.701000	8.732000	8.763000	8.794000	8.841000	8.872000	8.903000	8.935000	8.966000	8.997000	9.028000	9.075000	9.106000	9.137000	9.169000	9.200000	9.231000	9.262000	9.309000	9.340000	9.371000	9.403000	9.434000	9.465000	9.496000	9.527000	9.574000	9.605000	9.637000	9.668000	9.699000	9.730000	9.761000	9.808000	9.839000	9.871000	9.902000	9.933000	9.964000	9.995000	10.042000	10.073000	10.105000	10.136000	10.167000	10.198000	10.229000	10.261000	10.307000	10.339000	10.370000	10.401000	10.432000	10.463000	10.495000	10.526000	10.573000	10.604000	10.635000	10.666000	10.697000	10.729000	10.760000	10.807000	10.838000	10.869000	10.900000	10.931000	10.963000	10.994000	11.041000	11.072000	11.103000	11.134000	11.165000	11.197000	11.228000	11.259000	11.306000	11.337000	11.368000	11.399000	11.431000	11.462000	11.493000	11.540000	11.571000	11.602000	11.633000	11.665000	11.696000	11.727000	11.774000	11.805000	11.836000	11.867000	11.899000	11.930000	11.961000	11.992000	12.039000	12.070000	12.101000	12.133000	12.164000	12.195000	12.226000	12.273000	12.304000	12.335000	12.367000	12.398000	12.429000	12.460000	12.507000	12.538000	12.569000	12.601000	12.632000	12.663000	12.694000	12.725000	12.772000	12.803000	12.835000	12.866000	12.897000	12.928000	12.959000	13.006000	13.037000	13.069000	13.100000	13.131000	13.162000	13.193000	13.240000	13.271000	13.303000	13.334000	13.365000	13.396000	13.427000	13.459000	13.505000	13.537000	13.568000	13.599000	13.630000	13.661000	13.693000	13.739000	13.771000	13.802000	13.833000	13.864000	13.895000	13.927000	13.973000	14.005000	14.036000	14.067000	14.098000	14.129000	14.161000	14.192000	14.239000	14.270000	14.301000	14.332000	14.363000	14.395000	14.426000	14.473000	14.504000	14.535000	14.566000	14.597000	14.629000	14.660000	14.691000	14.738000	14.769000	14.800000	14.831000	14.863000	14.894000	14.925000	14.972000	15.003000	15.034000	15.065000	15.097000	15.128000	15.159000	15.190000	15.237000	15.268000	15.299000	15.331000	15.362000	15.393000	15.424000	15.471000	15.502000	15.533000	15.565000	15.596000	15.627000	15.658000	15.705000	15.736000	15.767000	15.799000	15.830000	15.861000	15.892000	15.923000	15.970000	16.001000	16.033000	16.064000	16.095000	16.126000	16.157000	16.204000	16.235000	16.267000	16.298000	16.329000	16.360000	16.391000	16.438000	16.469000	16.501000	16.532000	16.563000	16.594000	16.625000	16.657000	16.703000	16.735000	16.766000	16.797000	16.828000	16.859000	16.891000	16.937000	16.969000	17.000000	17.031000	17.062000	17.093000	17.125000	17.171000	17.203000	17.234000	17.265000	17.296000	17.327000	17.359000	17.390000	17.437000	17.468000	17.499000	17.530000	17.561000	17.593000	17.624000	17.671000	17.702000	17.733000	17.764000	17.795000	17.827000	17.858000	17.905000	17.936000	17.967000	17.998000	18.029000	18.061000	18.092000	18.123000	18.170000	18.201000	18.232000	18.263000	18.295000	18.326000	18.357000	18.404000	18.435000	18.466000	18.497000	18.529000	18.560000	18.591000	18.622000	18.669000	18.700000	18.731000	18.763000	18.794000	18.825000	18.856000	18.903000	18.934000	18.965000	18.997000	19.028000	19.059000	19.090000	19.137000	19.168000	19.199000	19.231000	19.262000	19.293000	19.324000	19.355000	19.402000	19.433000	19.465000	19.496000	19.527000	19.558000	19.589000	19.636000	19.667000	19.699000	19.730000	19.761000	19.792000	19.823000	19.870000	19.901000	19.933000	19.964000	19.995000	20.026000	20.057000	20.089000	20.135000	20.167000	20.198000	20.229000	20.260000	20.291000	20.323000	20.369000	20.401000	20.432000	20.463000	20.494000	20.525000	20.557000	20.603000	20.635000	20.666000	20.697000	20.728000	20.759000	20.791000	20.822000	20.869000	20.900000	20.931000	20.962000	20.993000	21.025000	21.056000	21.103000	21.134000	21.165000	21.196000	21.227000	21.259000	21.290000	21.321000	21.368000	21.399000	21.430000	21.461000	21.493000	21.524000	21.555000	21.602000	21.633000	21.664000	21.695000	21.727000	21.758000	21.789000	21.836000	21.867000	21.898000	21.929000	21.961000	21.992000	22.023000	22.054000	22.101000	22.132000	22.163000	22.195000	22.226000	22.257000	22.288000	22.335000	22.366000	22.397000	22.429000	22.460000	22.491000	22.522000	22.553000	22.600000	22.631000	22.663000	22.694000	22.725000	22.756000	22.787000	22.834000	22.865000	22.897000	22.928000	22.959000	22.990000	23.021000	23.068000	23.099000	23.131000	23.162000	23.193000	23.224000	23.255000	23.287000	23.333000	23.365000	23.396000	23.427000	23.458000	23.489000	23.521000	23.567000	23.599000	23.630000	23.661000	23.692000	23.723000	23.755000	23.801000	23.833000	23.864000	23.895000	23.926000	23.957000	23.989000	24.020000	24.067000	24.098000	24.129000	24.160000	24.191000	24.223000	24.254000	24.301000	24.332000	24.363000	24.394000	24.425000	24.457000	24.488000	24.535000	24.566000	24.597000	24.628000	24.659000	24.691000	24.722000	24.753000	24.800000	24.831000	24.862000	24.893000	24.925000	24.956000	24.987000	25.034000	25.065000	25.096000	25.127000	25.159000	25.190000	25.221000	25.268000	25.299000	25.330000	25.361000	25.393000	25.424000	25.455000	25.486000	25.533000	25.564000	25.595000	25.627000	25.658000	25.689000	25.720000	25.767000	25.798000	25.829000	25.861000	25.892000	25.923000	25.954000	25.985000	26.032000	26.063000	26.095000	26.126000	26.157000	26.188000	26.219000	26.266000	26.297000	26.329000	26.360000	26.391000	26.422000	26.453000	26.485000	26.531000	26.563000	26.594000	26.625000	26.656000	26.687000	26.719000	26.765000	26.797000	26.828000	26.859000	26.890000	26.921000	26.953000	26.999000	27.031000	27.062000	27.093000	27.124000	27.155000	27.187000	27.218000	27.265000	27.296000	27.327000	27.358000	27.389000	27.421000	27.452000	27.499000	27.530000	27.561000	27.592000	27.623000	27.655000	27.686000	27.733000	27.764000	27.795000	27.826000	27.857000	27.889000	27.920000	27.951000	27.998000	28.029000	28.060000	28.091000	28.123000	28.154000	28.185000	28.232000	28.263000	28.294000	28.325000	28.357000	28.388000	28.419000	28.466000	28.497000	28.528000	28.559000	28.591000	28.622000	28.653000	28.684000	28.731000	28.762000	28.793000	28.825000	28.856000	28.887000	28.918000	28.965000	28.996000	29.027000	29.059000	29.090000	29.121000	29.152000	29.199000	29.230000	29.261000	29.293000	29.324000	29.355000	29.386000	29.417000	29.464000	29.495000	29.527000	29.558000	29.589000	29.620000	29.651000	29.698000	29.729000	29.761000	29.792000	29.823000	29.854000	29.885000	29.932000	29.963000	29.995000
%%%	0.970290	0.957246	0.928841	0.970290	0.939275	0.939130	0.939130	0.939130	0.978261	0.931159	0.927536	0.916377	0.937971	0.989710	0.928986	0.962319	0.911449	0.951015	0.974493	0.920725	0.972754	0.962319	0.939130	0.929420	0.938551	0.927536	1.002754	0.957681	0.957681	0.940290	0.849420	0.839275	0.866812	0.822464	0.829275	0.788116	0.794203	0.761594	0.730435	0.753623	0.730435	0.737971	0.660870	0.698841	0.703768	0.689710	0.660870	0.670580	0.675072	0.690725	0.654203	0.670725	0.660725	0.684058	0.672899	0.661159	0.660870	0.682753	0.661014	0.623333	0.684058	0.637681	0.672464	0.672319	0.631884	0.660870	0.652029	0.661014	0.684058	0.645942	0.633623	0.639275	0.664058	0.672319	0.683623	0.654928	0.654203	0.682029	0.664058	0.644928	0.654203	0.660870	0.652174	0.672899	0.670290	0.670725	0.672319	0.681159	0.689710	0.708261	0.707971	0.681594	0.672319	0.696232	0.690290	0.692029	0.695652	0.695652	0.690725	0.720580	0.690145	0.678261	0.714203	0.715942	0.728841	0.706522	0.694638	0.705362	1.159855	0.689710	0.734203	0.726667	0.713188	0.723333	0.660870	0.751159	0.753623	0.717971	0.725507	0.737971	0.707246	0.748985	0.660870	0.707101	0.718841	0.705942	0.742029	0.722899	0.707536	0.695652	0.731884	0.781449	0.730435	0.753623	0.735507	0.739130	0.718841	0.712464	0.753623	0.761884	0.745072	0.764058	0.753623	0.755507	0.741449	0.752319	0.762464	0.742029	0.730435	0.716812	0.660870	0.756667	0.753623	0.743623	0.742029	0.723333	0.739130	0.770290	0.759710	0.707246	0.742899	0.800000	0.772754	0.753188	0.724058	0.751594	0.778986	0.757246	0.716232	0.757102	0.765362	0.758406	0.765797	0.756667	0.755362	0.776812	0.759275	0.761449	0.764058	0.748551	0.786957	0.775362	0.776232	0.731449	1.234783	0.773188	0.846377	0.753623	0.753623	0.787247	0.782754	0.788406	0.765362	0.794203	0.766377	0.846377	0.798985	0.792029	0.846377	0.800000	0.786812	0.791304	0.822464	0.846377	0.783188	0.796812	0.980725	0.760290	0.786232	0.811884	0.809855	0.846377	0.805797	0.787971	0.753623	0.788986	0.799420	0.801594	0.791304	0.807102	0.846377	0.778841	0.839567	0.789130	0.759420	0.770145	0.757681	0.753188	0.800580	0.761594	0.812464	0.779855	0.782319	0.770725	0.801159	0.768116	0.764058	0.782609	0.765217	0.753768	0.760145	0.759710	0.788986	0.755942	0.745797	0.757246	0.761594	0.806522	0.731159	0.764493	0.757246	0.765362	0.743623	0.750725	0.759275	0.761594	0.785073	0.764058	0.743623	0.756522	0.846377	0.767971	0.846377	0.724493	0.758116	0.762319	0.746667	0.742898	0.718841	0.777681	0.750580	0.762464	0.768406	0.747101	0.770145	0.742898	0.737681	0.749275	0.776812	0.774058	0.731159	0.778116	0.776087	0.783333	0.783188	0.760290	0.779710	0.755942	0.747246	1.135797	0.773188	0.846377	0.762029	0.775072	0.764203	0.794057	0.779275	0.796232	0.777536	0.814638	0.814058	0.778841	0.800000	0.791304	0.793188	0.799420	0.846377	0.785507	0.796812	0.795072	0.755362	0.761884	0.846377	0.774058	0.779420	0.800000	0.774928	0.779420	0.791304	0.764638	0.798406	0.770725	0.800000	0.801159	0.797246	0.794638	0.800000	0.788406	0.828986	0.823188	0.791884	0.791884	0.805362	0.800000	0.814058	0.798406	0.807681	0.808696	0.753623	0.846377	0.761594	0.802899	0.753623	0.836377	0.801594	0.846377	0.787536	0.764058	0.811594	0.817971	0.800000	0.794638	0.800580	0.815797	0.813623	0.753623	0.792464	0.817536	0.817391	0.814203	0.801594	0.857536	0.846377	0.805362	0.846377	0.835507	0.814058	0.835072	0.816377	0.831015	0.820145	0.753623	0.800000	0.846377	0.809275	0.850145	0.801015	0.800000	0.822319	0.811884	0.803188	0.813623	0.838551	0.804928	0.817101	0.846377	0.817101	0.814638	0.825507	0.753623	0.800000	0.813623	0.807246	0.826087	0.753623	0.846377	0.823188	0.846377	0.857102	0.821594	0.835073	0.814203	0.801594	0.811884	0.835362	0.796812	0.869710	0.840580	0.800580	0.846377	0.809710	0.828986	0.801594	0.830580	1.061884	0.847681	0.814638	0.833768	0.809710	0.811884	0.820290	0.800000	0.825797	0.817391	0.783768	0.892754	0.836377	0.840725	0.833768	0.853333	0.845362	0.866812	0.882029	0.848406	0.866377	0.851449	0.869565	0.892754	0.840290	0.823188	0.866377	0.857536	0.852174	0.801015	0.814638	0.857536	0.846377	0.848406	0.814638	0.814493	0.815362	0.820580	0.823188	0.834783	0.813043	0.846377	0.805797	0.811594	0.826812	0.833623	0.848985	0.891884	0.865797	0.866232	0.865797	0.858116	0.835942	0.887681	0.835942	0.828841	0.800000	0.833188	0.812464	0.833768	0.841884	0.824493	0.831449	0.825507	0.831015	0.851594	0.860870	0.835362	0.806522	0.864638	0.866812	0.869565	0.875362	0.869565	0.851594	0.863768	0.894058	0.846377	0.913188	0.889275	0.846377	0.896667	0.920725	0.872754	0.911159	0.857971	0.901449	0.886522	0.876812	0.887101	0.897971	0.911449	0.868985	0.874638	0.902029	0.857971	0.844493	0.753623	0.866377	0.848985	0.846377	0.848841	0.848406	0.879855	0.869565	0.885507	0.887971	0.869565	0.856377	0.894493	0.869565	0.854928	0.846377	0.866377	0.848406	0.857102	0.861884	0.835362	0.881159	0.835942	0.881159	0.846377	0.857971	0.866377	0.852174	0.846812	0.869565	0.883044	0.869565	0.869565	0.858116	0.887101	0.857681	0.869565	0.875507	0.857102	0.886667	0.885942	0.865797	0.894927	0.887971	0.898551	0.889275	0.893333	0.902754	0.881884	0.881159	0.857102	0.876667	0.859855	0.866232	0.939130	0.869565	0.871159	0.894638	0.874928	0.861014	0.877536	0.847246	0.863768	0.874928	0.891884	0.848406	0.892754	0.869565	0.864638	0.846377	0.846377	0.857681	0.876232	0.885797	0.861014	0.874928	0.869565	0.902029	0.887101	0.883333	0.866377	0.866812	0.895072	0.866377	0.877536	0.912899	0.857681	0.884928	0.877246	0.929855	0.884203	0.860870	0.863768	0.892754	0.895507	0.881159	0.866377	0.884928	0.876667	0.872464	0.883188	0.885507	0.889275	0.884203	0.901594	0.857681	0.916377	0.902754	0.870290	0.884203	0.910145	0.913623	0.898551	0.860870	0.866232	0.885073	0.869565	0.753623	0.869565	0.910290	0.883913	0.884203	0.892319	0.887101	0.866377	0.892754	0.848841	0.869565	0.869565	0.869565	0.880724	0.869565	0.873333	0.881159	0.865797	0.861449	0.857102	0.753623	0.876812	0.854928	0.869565	0.846377	0.866377	0.846377	0.883768	0.869565	0.864203	0.753623	0.885942	0.881015	0.869565	0.846377	0.926667	0.867391	0.879710	0.846377	0.894493	0.883768	0.869565	0.753623	0.873768	0.835942	0.881159	0.905507	0.753623	0.881015	0.878406	0.857971	0.846377	0.875362	0.862029	0.904058	0.869710	0.849275	0.753623	0.846377	0.846377	0.869565	0.854203	0.842754	0.866377	0.870580	0.865797	0.869565	0.866377	0.837971	0.869565	0.876232	0.883623	0.852754	0.886957	0.846377	0.846377	0.920580	0.857971	0.887971	0.922754	0.910145	0.876232	0.905072	0.873768	0.885362	0.890725	0.915072	0.887971	0.834058	0.852319	0.877681	0.870580	0.882029	0.884203	0.898840	0.845797	0.869565	0.913188	0.859855	0.842898	0.835942	0.855507	0.881159	0.872464	0.866232	0.846377	0.862029	0.864203	0.857971	0.885362	0.875362	0.887246	0.846377	0.868985	0.883623	0.857102	0.898841	0.902754	0.875362	0.846377	0.884203	0.911449	0.886957	0.892029	0.865217	0.866377	0.869565	0.852174	0.891884	0.850145	0.886957	0.885797	0.897681	0.886667	0.842029	0.868406	0.901594	0.899854	0.869565	0.884058	0.871159	0.883188	0.913768	0.905362	0.920145	0.913188	0.898985	0.920725	0.914203	0.871159	0.857971	0.913043	0.857971	0.892754	0.895072	0.902754	0.915797	0.931449	0.904348	0.957246	0.933188	0.920725	0.915797	0.920145	0.931449	0.913623	0.899275	0.938551	0.915362	0.886957	0.869565	0.885797	0.832319	0.937971	0.919855	0.903768	0.904348	0.892319	0.930435	0.927101	0.919710	0.901449	0.934638	0.899710	0.917971	0.901449	0.897681	0.894058	0.876232	0.915507	0.869565	0.753623	0.866377	0.889275	0.886812	0.866812	0.866377	0.871014	0.885507	0.871014	0.885507	0.905507	0.925507	0.894638	0.922899	0.903768	0.904348	0.896667	0.866812	0.905507	0.913188	0.911449	0.938116	0.904493	0.893333	0.861014	0.883188	0.857971	0.898406	0.846377	0.850580	0.862464	0.861449	0.857681	0.857102	0.894493	0.902754	0.898551	0.901884	0.869565	0.920145	0.894638	0.884203	0.912029	0.920725	0.881159	0.887681	0.916377	0.903768	0.869565	0.887101	0.869565	0.887971	0.869565	0.894638	0.878986	0.882029	0.874638	0.869565	0.902029	0.869565	0.904348	0.882609	0.889420	0.868985	0.831015	0.885507	0.869565	0.897681	0.866377	0.866232	0.904928	0.865797	0.885942	0.869565	0.902754	0.876232	0.880579	0.914203	0.869855	0.907681	0.887971	0.875072	0.910725	0.857102
%%%	Left Pupil Profile (1st row -> 1 == valid tracking, 0 == invalid tracking; 2nd row -> time; 3rd row -> diameter (mm))
%%%	0	0	0	0	0	0	0	0	0	0	0	0	0	0	0	0	0	0	0	0	0	0	0	0	0	0	0	0	0	0	0	0	0	0	0	0	0	0	0	0	0	0	0	0	0	0	0	0	0	0	0	0	0	0	0	0	0	0	0	0	0	0	0	0	0	0	0	0	0	0	0	0	0	0	0	0	0	0	0	0	0	0	0	0	0	0	0	0	0	0	0	0	0	0	0	0	0	0	0	0	0	0	0	0	0	0	0	0	0	0	0	0	0	0	0	0	0	0	0	0	0	0	0	0	0	0	0	0	0	0	0	0	0	0	0	0	0	0	0	0	0	0	0	0	0	0	0	0	0	0	0	0	0	0	0	0	0	0	0	0	0	0	0	0	0	0	0	0	0	0	0	0	0	0	0	0	0	0	0	0	0	0	0	0	0	0	0	0	0	0	0	0	0	0	0	0	0	0	0	0	0	0	0	0	0	0	0	0	0	0	0	0	0	0	0	0	0	0	0	0	0	0	0	0	0	0	0	0	0	0	0	0	0	0	0	0	0	0	0	0	0	0	0	0	0	0	0	0	0	0	0	0	0	0	0	0	0	0	0	0	0	0	0	0	0	0	0	0	0	0	0	0	0	0	0	0	0	0	0	0	0	0	0	0	0	0	0	0	0	0	0	0	0	0	0	0	0	0	0	0	0	0	0	0	0	0	0	0	0	0	0	0	0	0	0	0	0	0	0	0	0	0	0	0	0	0	0	0	0	0	0	0	0	0	0	0	0	0	0	0	0	0	0	0	0	0	0	0	0	0	0	0	0	0	0	0	0	0	0	0	0	0	0	0	0	0	0	0	0	0	0	0	0	0	0	0	0	0	0	0	0	0	0	0	0	0	0	0	0	0	0	0	0	0	0	0	0	0	0	0	0	0	0	0	0	0	0	0	0	0	0	0	0	0	0	0	0	0	0	0	0	0	0	0	0	0	0	0	0	0	0	0	0	0	0	0	0	0	0	0	0	0	0	0	0	0	0	0	0	0	0	0	0	0	0	0	0	0	0	0	0	0	0	0	0	0	0	0	0	0	0	0	0	0	0	0	0	0	0	0	0	0	0	0	0	0	0	0	0	0	0	0	0	0	0	0	0	0	0	0	0	0	0	0	0	0	0	0	0	0	0	0	0	0	0	0	0	0	0	0	0	0	0	0	0	0	0	0	0	0	0	0	0	0	0	0	0	0	0	0	0	0	0	0	0	0	0	0	0	0	0	0	0	0	0	0	0	0	0	0	0	0	0	0	0	0	0	0	0	0	0	0	0	0	0	0	0	0	0	0	0	0	0	0	0	0	0	0	0	0	0	0	0	0	0	0	0	0	0	0	0	0	0	0	0	0	0	0	0	0	0	0	0	0	0	0	0	0	0	0	0	0	0	0	0	0	0	0	0	0	0	0	0	0	0	0	0	0	0	0	0	0	0	0	0	0	0	0	0	0	0	0	0	0	0	0	0	0	0	0	0	0	0	0	0	0	0	0	0	0	0	0	0	0	0	0	0	0	0	0	0	0	0	0	0	0	0	0	0	0	0	0	0	0	0	0	0	0	0	0	0	0	0	0	0	0	0	0	0	0	0	0	0	0	0	0	0	0	0	0	0	0	0	0	0	0	0	0	0	0	0	0	0	0	0	0	0	0	0	0	0	0	0	0	0	0	0	0	0	0	0	0	0	0	0	0	0	0	0	0	0	0	0	0	0	0	0	0	0	0	0	0	0	0	0	0	0	0	0	0	0	0	0	0	0	0	0	0	0	0	0	0	0	0	0	0	0	0	0	0	0	0	0	0	0	0	0	0	0	0	0	0	0	0	0	0	0	0	0	0	0	0	0	0	0	0	0	0	0	0	0	0	0	0	0	0	0	0	0	0	0	0	0	0	0	0	0	0	0	0	0	0	0	0	0	0	0	0	0	0	0	0	0	0	0	0	0	0	0	0	0	0	0	0	0	0	0	0	0	0	0	0	0	0	0	0	0	0	0	0	0	0	0	0	0	0	0	0	0	0	0	0	0
%%%	-0.067000	-0.020000	0.011000	0.042000	0.074000	0.105000	0.136000	0.167000	0.214000	0.245000	0.276000	0.308000	0.339000	0.370000	0.401000	0.448000	0.479000	0.510000	0.542000	0.573000	0.604000	0.635000	0.666000	0.713000	0.744000	0.776000	0.807000	0.838000	0.869000	0.900000	0.947000	0.978000	1.010000	1.041000	1.072000	1.103000	1.134000	1.181000	1.213000	1.244000	1.275000	1.306000	1.337000	1.369000	1.400000	1.447000	1.478000	1.509000	1.540000	1.571000	1.603000	1.634000	1.681000	1.712000	1.743000	1.774000	1.805000	1.837000	1.868000	1.915000	1.946000	1.977000	2.008000	2.039000	2.071000	2.102000	2.133000	2.180000	2.211000	2.242000	2.273000	2.305000	2.336000	2.367000	2.414000	2.445000	2.476000	2.507000	2.539000	2.570000	2.601000	2.632000	2.679000	2.710000	2.741000	2.773000	2.804000	2.835000	2.866000	2.913000	2.944000	2.975000	3.007000	3.038000	3.069000	3.100000	3.131000	3.178000	3.209000	3.241000	3.272000	3.303000	3.334000	3.365000	3.412000	3.443000	3.475000	3.506000	3.537000	3.568000	3.599000	3.646000	3.677000	3.709000	3.740000	3.771000	3.802000	3.833000	3.865000	3.911000	3.943000	3.974000	4.005000	4.036000	4.067000	4.099000	4.145000	4.177000	4.208000	4.239000	4.270000	4.301000	4.333000	4.379000	4.411000	4.442000	4.473000	4.504000	4.535000	4.567000	4.598000	4.645000	4.676000	4.707000	4.738000	4.769000	4.801000	4.832000	4.879000	4.910000	4.941000	4.972000	5.003000	5.035000	5.066000	5.113000	5.144000	5.175000	5.206000	5.237000	5.269000	5.300000	5.331000	5.378000	5.409000	5.440000	5.471000	5.503000	5.534000	5.565000	5.612000	5.643000	5.674000	5.705000	5.737000	5.768000	5.799000	5.846000	5.877000	5.908000	5.939000	5.971000	6.002000	6.033000	6.064000	6.111000	6.142000	6.173000	6.205000	6.236000	6.267000	6.298000	6.345000	6.376000	6.407000	6.439000	6.470000	6.501000	6.532000	6.579000	6.610000	6.641000	6.673000	6.704000	6.735000	6.766000	6.797000	6.844000	6.875000	6.907000	6.938000	6.969000	7.000000	7.031000	7.063000	7.109000	7.141000	7.172000	7.203000	7.234000	7.265000	7.297000	7.343000	7.375000	7.406000	7.437000	7.468000	7.499000	7.531000	7.577000	7.609000	7.640000	7.671000	7.702000	7.733000	7.765000	7.796000	7.843000	7.874000	7.905000	7.936000	7.967000	7.999000	8.030000	8.077000	8.108000	8.139000	8.170000	8.201000	8.233000	8.264000	8.311000	8.342000	8.373000	8.404000	8.435000	8.467000	8.498000	8.529000	8.576000	8.607000	8.638000	8.669000	8.701000	8.732000	8.763000	8.810000	8.841000	8.872000	8.903000	8.935000	8.966000	8.997000	9.044000	9.075000	9.106000	9.137000	9.169000	9.200000	9.231000	9.262000	9.309000	9.340000	9.371000	9.403000	9.434000	9.465000	9.496000	9.543000	9.574000	9.605000	9.637000	9.668000	9.699000	9.730000	9.777000	9.808000	9.839000	9.871000	9.902000	9.933000	9.964000	9.995000	10.042000	10.073000	10.105000	10.136000	10.167000	10.198000	10.229000	10.276000	10.307000	10.339000	10.370000	10.401000	10.432000	10.463000	10.510000	10.541000	10.573000	10.604000	10.635000	10.666000	10.697000	10.729000	10.775000	10.807000	10.838000	10.869000	10.900000	10.931000	10.963000	10.994000	11.041000	11.072000	11.103000	11.134000	11.165000	11.197000	11.228000	11.275000	11.306000	11.337000	11.368000	11.399000	11.431000	11.462000	11.509000	11.540000	11.571000	11.602000	11.633000	11.665000	11.696000	11.727000	11.774000	11.805000	11.836000	11.867000	11.899000	11.930000	11.961000	12.008000	12.039000	12.070000	12.101000	12.133000	12.164000	12.195000	12.242000	12.273000	12.304000	12.335000	12.367000	12.398000	12.429000	12.460000	12.507000	12.538000	12.569000	12.601000	12.632000	12.663000	12.694000	12.741000	12.772000	12.803000	12.835000	12.866000	12.897000	12.928000	12.975000	13.006000	13.037000	13.069000	13.100000	13.131000	13.162000	13.193000	13.240000	13.271000	13.303000	13.334000	13.365000	13.396000	13.427000	13.474000	13.505000	13.537000	13.568000	13.599000	13.630000	13.661000	13.708000	13.739000	13.771000	13.802000	13.833000	13.864000	13.895000	13.927000	13.973000	14.005000	14.036000	14.067000	14.098000	14.129000	14.161000	14.207000	14.239000	14.270000	14.301000	14.332000	14.363000	14.395000	14.441000	14.473000	14.504000	14.535000	14.566000	14.597000	14.629000	14.660000	14.707000	14.738000	14.769000	14.800000	14.831000	14.863000	14.894000	14.925000	14.972000	15.003000	15.034000	15.065000	15.097000	15.128000	15.159000	15.206000	15.237000	15.268000	15.299000	15.331000	15.362000	15.393000	15.440000	15.471000	15.502000	15.533000	15.565000	15.596000	15.627000	15.658000	15.705000	15.736000	15.767000	15.799000	15.830000	15.861000	15.892000	15.939000	15.970000	16.001000	16.033000	16.064000	16.095000	16.126000	16.173000	16.204000	16.235000	16.267000	16.298000	16.329000	16.360000	16.391000	16.438000	16.469000	16.501000	16.532000	16.563000	16.594000	16.625000	16.672000	16.703000	16.735000	16.766000	16.797000	16.828000	16.859000	16.906000	16.937000	16.969000	17.000000	17.031000	17.062000	17.093000	17.125000	17.171000	17.203000	17.234000	17.265000	17.296000	17.327000	17.359000	17.405000	17.437000	17.468000	17.499000	17.530000	17.561000	17.593000	17.639000	17.671000	17.702000	17.733000	17.764000	17.795000	17.827000	17.858000	17.905000	17.936000	17.967000	17.998000	18.029000	18.061000	18.092000	18.139000	18.170000	18.201000	18.232000	18.263000	18.295000	18.326000	18.373000	18.404000	18.435000	18.466000	18.497000	18.529000	18.560000	18.591000	18.638000	18.669000	18.700000	18.731000	18.763000	18.794000	18.825000	18.872000	18.903000	18.934000	18.965000	18.997000	19.028000	19.059000	19.090000	19.137000	19.168000	19.199000	19.231000	19.262000	19.293000	19.324000	19.371000	19.402000	19.433000	19.465000	19.496000	19.527000	19.558000	19.605000	19.636000	19.667000	19.699000	19.730000	19.761000	19.792000	19.823000	19.870000	19.901000	19.933000	19.964000	19.995000	20.026000	20.057000	20.104000	20.135000	20.167000	20.198000	20.229000	20.260000	20.291000	20.323000	20.369000	20.401000	20.432000	20.463000	20.494000	20.525000	20.557000	20.603000	20.635000	20.666000	20.697000	20.728000	20.759000	20.791000	20.837000	20.869000	20.900000	20.931000	20.962000	20.993000	21.025000	21.056000	21.103000	21.134000	21.165000	21.196000	21.227000	21.259000	21.290000	21.337000	21.368000	21.399000	21.430000	21.461000	21.493000	21.524000	21.571000	21.602000	21.633000	21.664000	21.695000	21.727000	21.758000	21.789000	21.836000	21.867000	21.898000	21.929000	21.961000	21.992000	22.023000	22.070000	22.101000	22.132000	22.163000	22.195000	22.226000	22.257000	22.304000	22.335000	22.366000	22.397000	22.429000	22.460000	22.491000	22.522000	22.569000	22.600000	22.631000	22.663000	22.694000	22.725000	22.756000	22.803000	22.834000	22.865000	22.897000	22.928000	22.959000	22.990000	23.021000	23.068000	23.099000	23.131000	23.162000	23.193000	23.224000	23.255000	23.302000	23.333000	23.365000	23.396000	23.427000	23.458000	23.489000	23.536000	23.567000	23.599000	23.630000	23.661000	23.692000	23.723000	23.755000	23.801000	23.833000	23.864000	23.895000	23.926000	23.957000	23.989000	24.035000	24.067000	24.098000	24.129000	24.160000	24.191000	24.223000	24.269000	24.301000	24.332000	24.363000	24.394000	24.425000	24.457000	24.488000	24.535000	24.566000	24.597000	24.628000	24.659000	24.691000	24.722000	24.769000	24.800000	24.831000	24.862000	24.893000	24.925000	24.956000	25.003000	25.034000	25.065000	25.096000	25.127000	25.159000	25.190000	25.221000	25.268000	25.299000	25.330000	25.361000	25.393000	25.424000	25.455000	25.502000	25.533000	25.564000	25.595000	25.627000	25.658000	25.689000	25.720000	25.767000	25.798000	25.829000	25.861000	25.892000	25.923000	25.954000	26.001000	26.032000	26.063000	26.095000	26.126000	26.157000	26.188000	26.235000	26.266000	26.297000	26.329000	26.360000	26.391000	26.422000	26.453000	26.500000	26.531000	26.563000	26.594000	26.625000	26.656000	26.687000	26.734000	26.765000	26.797000	26.828000	26.859000	26.890000	26.921000	26.953000	26.999000	27.031000	27.062000	27.093000	27.124000	27.155000	27.187000	27.233000	27.265000	27.296000	27.327000	27.358000	27.389000	27.421000	27.467000	27.499000	27.530000	27.561000	27.592000	27.623000	27.655000	27.686000	27.733000	27.764000	27.795000	27.826000	27.857000	27.889000	27.920000	27.967000	27.998000	28.029000	28.060000	28.091000	28.123000	28.154000	28.201000	28.232000	28.263000	28.294000	28.325000	28.357000	28.388000	28.419000	28.466000	28.497000	28.528000	28.559000	28.591000	28.622000	28.653000	28.700000	28.731000	28.762000	28.793000	28.825000	28.856000	28.887000	28.934000	28.965000	28.996000	29.027000	29.059000	29.090000	29.121000	29.152000	29.199000	29.230000	29.261000	29.293000	29.324000	29.355000	29.386000	29.433000	29.464000	29.495000	29.527000	29.558000	29.589000	29.620000	29.667000	29.698000	29.729000	29.761000	29.792000	29.823000	29.854000	29.885000	29.932000	29.963000	29.995000
%%%	13.913043	13.913043	13.913043	13.913043	13.913043	13.913043	13.913043	13.913043	13.913043	13.913043	13.913043	13.913043	13.913043	13.913043	13.913043	13.913043	13.913043	13.913043	13.913043	13.913043	13.913043	13.913043	13.913043	13.913043	13.913043	13.913043	13.913043	13.913043	13.913043	13.913043	13.913043	13.913043	13.913043	13.913043	13.913043	13.913043	13.913043	13.913043	13.913043	13.913043	13.913043	13.913043	13.913043	13.913043	13.913043	13.913043	13.913043	13.913043	13.913043	13.913043	13.913043	13.913043	13.913043	13.913043	13.913043	13.913043	13.913043	13.913043	13.913043	13.913043	13.913043	13.913043	13.913043	13.913043	13.913043	13.913043	13.913043	13.913043	13.913043	13.913043	13.913043	13.913043	13.913043	13.913043	13.913043	13.913043	13.913043	13.913043	13.913043	13.913043	13.913043	13.913043	13.913043	13.913043	13.913043	13.913043	13.913043	13.913043	13.913043	13.913043	13.913043	13.913043	13.913043	13.913043	13.913043	13.913043	13.913043	13.913043	13.913043	13.913043	13.913043	13.913043	13.913043	13.913043	13.913043	13.913043	13.913043	13.913043	13.913043	13.913043	13.913043	13.913043	13.913043	13.913043	13.913043	13.913043	13.913043	13.913043	13.913043	13.913043	13.913043	13.913043	13.913043	13.913043	13.913043	13.913043	13.913043	13.913043	13.913043	13.913043	13.913043	13.913043	13.913043	13.913043	13.913043	13.913043	13.913043	13.913043	13.913043	13.913043	13.913043	13.913043	13.913043	13.913043	13.913043	13.913043	13.913043	13.913043	13.913043	13.913043	13.913043	13.913043	13.913043	13.913043	13.913043	13.913043	13.913043	13.913043	13.913043	13.913043	13.913043	13.913043	13.913043	13.913043	13.913043	13.913043	13.913043	13.913043	13.913043	13.913043	13.913043	13.913043	13.913043	13.913043	13.913043	13.913043	13.913043	13.913043	13.913043	13.913043	13.913043	13.913043	13.913043	13.913043	13.913043	13.913043	13.913043	13.913043	13.913043	13.913043	13.913043	13.913043	13.913043	13.913043	13.913043	13.913043	13.913043	13.913043	13.913043	13.913043	13.913043	13.913043	13.913043	13.913043	13.913043	13.913043	13.913043	13.913043	13.913043	13.913043	13.913043	13.913043	13.913043	13.913043	13.913043	13.913043	13.913043	13.913043	13.913043	13.913043	13.913043	13.913043	13.913043	13.913043	13.913043	13.913043	13.913043	13.913043	13.913043	13.913043	13.913043	13.913043	13.913043	13.913043	13.913043	13.913043	13.913043	13.913043	13.913043	13.913043	13.913043	13.913043	13.913043	13.913043	13.913043	13.913043	13.913043	13.913043	13.913043	13.913043	13.913043	13.913043	13.913043	13.913043	13.913043	13.913043	13.913043	13.913043	13.913043	13.913043	13.913043	13.913043	13.913043	13.913043	13.913043	13.913043	13.913043	13.913043	13.913043	13.913043	13.913043	13.913043	13.913043	13.913043	13.913043	13.913043	13.913043	13.913043	13.913043	13.913043	13.913043	13.913043	13.913043	13.913043	13.913043	13.913043	13.913043	13.913043	13.913043	13.913043	13.913043	13.913043	13.913043	13.913043	13.913043	13.913043	13.913043	13.913043	13.913043	13.913043	13.913043	13.913043	13.913043	13.913043	13.913043	13.913043	13.913043	13.913043	13.913043	13.913043	13.913043	13.913043	13.913043	13.913043	13.913043	13.913043	13.913043	13.913043	13.913043	13.913043	13.913043	13.913043	13.913043	13.913043	13.913043	13.913043	13.913043	13.913043	13.913043	13.913043	13.913043	13.913043	13.913043	13.913043	13.913043	13.913043	13.913043	13.913043	13.913043	13.913043	13.913043	13.913043	13.913043	13.913043	13.913043	13.913043	13.913043	13.913043	13.913043	13.913043	13.913043	13.913043	13.913043	13.913043	13.913043	13.913043	13.913043	13.913043	13.913043	13.913043	13.913043	13.913043	13.913043	13.913043	13.913043	13.913043	13.913043	13.913043	13.913043	13.913043	13.913043	13.913043	13.913043	13.913043	13.913043	13.913043	13.913043	13.913043	13.913043	13.913043	13.913043	13.913043	13.913043	13.913043	13.913043	13.913043	13.913043	13.913043	13.913043	13.913043	13.913043	13.913043	13.913043	13.913043	13.913043	13.913043	13.913043	13.913043	13.913043	13.913043	13.913043	13.913043	13.913043	13.913043	13.913043	13.913043	13.913043	13.913043	13.913043	13.913043	13.913043	13.913043	13.913043	13.913043	13.913043	13.913043	13.913043	13.913043	13.913043	13.913043	13.913043	13.913043	13.913043	13.913043	13.913043	13.913043	13.913043	13.913043	13.913043	13.913043	13.913043	13.913043	13.913043	13.913043	13.913043	13.913043	13.913043	13.913043	13.913043	13.913043	13.913043	13.913043	13.913043	13.913043	13.913043	13.913043	13.913043	13.913043	13.913043	13.913043	13.913043	13.913043	13.913043	13.913043	13.913043	13.913043	13.913043	13.913043	13.913043	13.913043	13.913043	13.913043	13.913043	13.913043	13.913043	13.913043	13.913043	13.913043	13.913043	13.913043	13.913043	13.913043	13.913043	13.913043	13.913043	13.913043	13.913043	13.913043	13.913043	13.913043	13.913043	13.913043	13.913043	13.913043	13.913043	13.913043	13.913043	13.913043	13.913043	13.913043	13.913043	13.913043	13.913043	13.913043	13.913043	13.913043	13.913043	13.913043	13.913043	13.913043	13.913043	13.913043	13.913043	13.913043	13.913043	13.913043	13.913043	13.913043	13.913043	13.913043	13.913043	13.913043	13.913043	13.913043	13.913043	13.913043	13.913043	13.913043	13.913043	13.913043	13.913043	13.913043	13.913043	13.913043	13.913043	13.913043	13.913043	13.913043	13.913043	13.913043	13.913043	13.913043	13.913043	13.913043	13.913043	13.913043	13.913043	13.913043	13.913043	13.913043	13.913043	13.913043	13.913043	13.913043	13.913043	13.913043	13.913043	13.913043	13.913043	13.913043	13.913043	13.913043	13.913043	13.913043	13.913043	13.913043	13.913043	13.913043	13.913043	13.913043	13.913043	13.913043	13.913043	13.913043	13.913043	13.913043	13.913043	13.913043	13.913043	13.913043	13.913043	13.913043	13.913043	13.913043	13.913043	13.913043	13.913043	13.913043	13.913043	13.913043	13.913043	13.913043	13.913043	13.913043	13.913043	13.913043	13.913043	13.913043	13.913043	13.913043	13.913043	13.913043	13.913043	13.913043	13.913043	13.913043	13.913043	13.913043	13.913043	13.913043	13.913043	13.913043	13.913043	13.913043	13.913043	13.913043	13.913043	13.913043	13.913043	13.913043	13.913043	13.913043	13.913043	13.913043	13.913043	13.913043	13.913043	13.913043	13.913043	13.913043	13.913043	13.913043	13.913043	13.913043	13.913043	13.913043	13.913043	13.913043	13.913043	13.913043	13.913043	13.913043	13.913043	13.913043	13.913043	13.913043	13.913043	13.913043	13.913043	13.913043	13.913043	13.913043	13.913043	13.913043	13.913043	13.913043	13.913043	13.913043	13.913043	13.913043	13.913043	13.913043	13.913043	13.913043	13.913043	13.913043	13.913043	13.913043	13.913043	13.913043	13.913043	13.913043	13.913043	13.913043	13.913043	13.913043	13.913043	13.913043	13.913043	13.913043	13.913043	13.913043	13.913043	13.913043	13.913043	13.913043	13.913043	13.913043	13.913043	13.913043	13.913043	13.913043	13.913043	13.913043	13.913043	13.913043	13.913043	13.913043	13.913043	13.913043	13.913043	13.913043	13.913043	13.913043	13.913043	13.913043	13.913043	13.913043	13.913043	13.913043	13.913043	13.913043	13.913043	13.913043	13.913043	13.913043	13.913043	13.913043	13.913043	13.913043	13.913043	13.913043	13.913043	13.913043	13.913043	13.913043	13.913043	13.913043	13.913043	13.913043	13.913043	13.913043	13.913043	13.913043	13.913043	13.913043	13.913043	13.913043	13.913043	13.913043	13.913043	13.913043	13.913043	13.913043	13.913043	13.913043	13.913043	13.913043	13.913043	13.913043	13.913043	13.913043	13.913043	13.913043	13.913043	13.913043	13.913043	13.913043	13.913043	13.913043	13.913043	13.913043	13.913043	13.913043	13.913043	13.913043	13.913043	13.913043	13.913043	13.913043	13.913043	13.913043	13.913043	13.913043	13.913043	13.913043	13.913043	13.913043	13.913043	13.913043	13.913043	13.913043	13.913043	13.913043	13.913043	13.913043	13.913043	13.913043	13.913043	13.913043	13.913043	13.913043	13.913043	13.913043	13.913043	13.913043	13.913043	13.913043	13.913043	13.913043	13.913043	13.913043	13.913043	13.913043	13.913043	13.913043	13.913043	13.913043	13.913043	13.913043	13.913043	13.913043	13.913043	13.913043	13.913043	13.913043	13.913043	13.913043	13.913043	13.913043	13.913043	13.913043	13.913043	13.913043	13.913043	13.913043	13.913043	13.913043	13.913043	13.913043	13.913043	13.913043	13.913043	13.913043	13.913043	13.913043	13.913043	13.913043	13.913043	13.913043	13.913043	13.913043	13.913043	13.913043	13.913043	13.913043	13.913043	13.913043	13.913043	13.913043	13.913043	13.913043	13.913043	13.913043	13.913043	13.913043	13.913043	13.913043	13.913043	13.913043	13.913043	13.913043	13.913043	13.913043	13.913043	13.913043	13.913043	13.913043	13.913043	13.913043	13.913043	13.913043	13.913043	13.913043	13.913043	13.913043	13.913043	13.913043	13.913043	13.913043	13.913043	13.913043	13.913043	13.913043	13.913043	13.913043	13.913043	13.913043	13.913043	13.913043	13.913043	13.913043	13.913043	13.913043	13.913043	13.913043	13.913043	13.913043	13.913043	13.913043	13.913043	13.913043	13.913043	13.913043	13.913043	13.913043	13.913043	13.913043	13.913043	13.913043	13.913043	13.913043	13.913043
%%%	Pulse Index	Stimulus Section Index	Stimulus Section Start Index	Stimulus Section End Index	Pupil Stimulated: 0 = Right, 1 = Left, 2 = Both	Light Metric: 0 = Photopic, 1 = Scopotic, 2 = Radiometric	Stimulus Start Time	Stimulus Duration	Stimulus Pulse Duration	Right Pulse Max Level	Right Pulse Max Color (0123 = WRGB)	Right Pulse Min Level	Right Pulse Min Color (0123 = WRGB)	Left Pulse Max Level	Left Pulse Max Color (0123 = WRGB)	Left Pulse Min Level	Left Pulse Min Color (0123 = WRGB)	Right Data Input Type (0 == RAW DATA, 1 == FITTED DATA, 2 == M. OVERRIDED)	Right ANALYSIS STATE (0 == ABNORMAL, 1 == NORMAL)	Right MAX (mm) (EMPTY if INVALID)	Right MIN (mm) (EMPTY if INVALID)	Right DELTA (mm) (EMPTY if INVALID)	Right CH (%) (EMPTY if INVALID)	Right LAT (sec) (EMPTY if INVALID)	Right CV (mm/s) (EMPTY if INVALID)	Right MCV (mm/s) (EMPTY if INVALID)	Right DV (mm/s) (EMPTY if INVALID)	Left Data Input Type (0 == RAW DATA, 1 == FITTED DATA, 2 == M. OVERRIDED)	Left ANALYSIS STATE (0 == ABNORMAL, 1 == NORMAL)	Left MAX (mm) (EMPTY if INVALID)	Left MIN (mm) (EMPTY if INVALID)	Left DELTA (mm) (EMPTY if INVALID)	Left CH (%) (EMPTY if INVALID)	Left LAT (sec) (EMPTY if INVALID)	Left CV (mm/s) (EMPTY if INVALID)	Left MCV (mm/s) (EMPTY if INVALID)	Left DV (mm/s) (EMPTY if INVALID)
%%%	0	0	17	902	0	0	0.51	29.52	0.51	15.81	3	0.00	3	0.00	3	0.00	3	0	0	0.00	0.00			0.00	0.00	0.00	0.00	0	0	0.00	0.00			0.00	0.00	0.00	0.00
%%%%%%%%%
%%%%%%%%%
%%%%%%%%%
<\SESSION>
