<SESSION>
<VERSION>
2
<\VERSION>
<DATE>
2017-10-31 12:40:30
<\DATE>
<SUBJECT-ID>
C57BL6-28.09.17-DA-1mois-F1-1.2b
<\SUBJECT-ID>
<NOTE>

<\NOTE>
<MIN-MAX-PLOT>
0.100000 51880.761719
<\MIN-MAX-PLOT>
<STIMULUS-DEFINED>
Default
Default Human Relative Spectral Sensitivity
1	0
1	0.500000	0.500000	29.000000	3	3	1.200000	-100.000000	0.100000	-100.000000	0
<\STIMULUS-DEFINED>
<STIMULUS-GENERATED>
4
0	0	0.000000	3	0.000000	0.000000	3	0.000000	0.000000
0	1	0.509000	3	0.299242	15.810344	3	0.000000	0.000000
0	4	1.019000	3	0.000000	0.000000	3	0.000000	0.000000
-1	5	30.028000	0	0.000000	0.000000	0	0.000000	0.000000
<\STIMULUS-GENERATED>
<RIGHT-PUPIL-DATA>
903	1
1	-0.050000	0.950725	363.000000	198.000000
1	-0.019000	1.019420	363.649994	201.624969
1	0.012000	1.007102	363.518738	200.531250
1	0.043000	1.009855	363.475006	201.475006
1	0.074000	1.016232	363.350006	201.399994
1	0.106000	0.973913	363.000000	202.000000
1	0.152000	0.977246	362.993744	201.043732
1	0.184000	1.009420	363.518738	201.768738
1	0.215000	1.023188	363.250000	201.237488
1	0.246000	1.017391	363.500000	200.750000
1	0.277000	1.026087	363.656250	201.218750
1	0.308000	1.043478	364.000000	201.000000
1	0.340000	1.043478	363.000000	202.000000
1	0.386000	1.027536	363.700012	200.450012
1	0.418000	1.026667	363.799988	200.250000
1	0.449000	1.005072	363.456238	200.918762
1	0.480000	1.048406	363.062500	201.062500
1	0.511000	1.009420	363.518738	201.531250
1	0.542000	1.058116	363.406250	201.156250
1	0.574000	0.974638	364.018738	199.531250
1	0.605000	1.007536	363.274994	200.024994
1	0.652000	1.041884	363.018738	200.406250
1	0.683000	1.038116	363.443756	200.556244
1	0.714000	0.998841	363.100006	200.850006
1	0.745000	1.031884	363.000000	201.000000
1	0.776000	1.017391	362.687500	201.312500
1	0.808000	0.997101	363.125000	201.362488
1	0.839000	1.043478	363.000000	202.000000
0	0.886000	0.857971	367.000000	198.000000
1	0.917000	0.951159	363.806244	200.193756
1	0.948000	0.926667	364.312500	200.562500
1	0.979000	0.901594	363.281250	200.843750
1	1.010000	0.876812	363.887512	199.887512
1	1.042000	0.881159	364.500000	201.500000
1	1.073000	0.814638	364.718750	199.331238
1	1.120000	0.818985	364.343750	200.768738
1	1.151000	0.811884	364.712494	200.712494
1	1.182000	0.791884	364.000000	201.000000
1	1.213000	0.773188	363.843750	201.106262
1	1.244000	0.788986	363.962494	200.024994
1	1.276000	0.765217	363.000000	198.000000
1	1.307000	0.759420	363.875000	199.875000
1	1.338000	0.788406	365.000000	200.000000
1	1.385000	0.732029	364.531250	199.581238
1	1.416000	0.743623	364.306244	199.631256
1	1.447000	0.721159	364.000000	199.750000
1	1.478000	0.725507	364.062500	199.937500
1	1.510000	0.707101	363.843781	200.193695
1	1.541000	0.732029	364.168762	200.581238
1	1.572000	0.713623	364.250000	199.750000
1	1.619000	0.695652	364.500000	199.500000
1	1.650000	0.694638	364.043732	198.943756
1	1.681000	0.689710	364.081238	198.593750
1	1.712000	0.696232	363.687500	199.000000
1	1.744000	0.681014	363.531250	198.718750
1	1.775000	0.730435	364.000000	199.000000
1	1.806000	0.677246	363.618744	199.293732
1	1.853000	0.698985	363.693756	199.006256
1	1.884000	0.696377	364.043762	200.018738
1	1.915000	0.682899	364.937500	198.500000
1	1.946000	0.670725	364.350006	198.350006
1	1.978000	0.677681	364.250000	198.125000
1	2.009000	0.684637	363.949860	198.500031
1	2.040000	0.690145	363.837494	197.587494
1	2.071000	0.695652	365.000000	198.000000
1	2.118000	0.672319	363.406250	198.343750
1	2.149000	0.692464	364.399994	199.037506
1	2.180000	0.702899	364.737488	199.112488
1	2.212000	0.672464	366.000000	199.000000
1	2.243000	0.718841	366.000000	199.000000
1	2.274000	0.696232	364.687500	199.000000
1	2.305000	0.705942	364.206238	198.156250
1	2.336000	0.664638	364.487488	198.750000
1	2.383000	0.679275	364.381256	198.493744
1	2.414000	0.681884	364.193756	199.931244
1	2.446000	0.695652	363.000000	200.000000
1	2.477000	0.697246	364.018738	200.668762
1	2.508000	0.707101	363.843750	200.831238
1	2.539000	0.707536	364.162506	200.787506
1	2.570000	0.692319	364.381256	199.943756
1	2.617000	0.684058	364.000000	199.000000
1	2.648000	0.687971	364.443756	199.068756
1	2.680000	0.690290	364.568756	198.993744
1	2.711000	0.678261	364.000000	198.000000
1	2.742000	0.707101	363.843750	198.843750
1	2.773000	0.707101	364.156250	199.831238
1	2.804000	0.708116	363.812500	199.187500
1	2.851000	0.707101	363.843750	200.843750
1	2.882000	0.705942	364.206238	199.793762
1	2.914000	0.690145	364.412506	199.037506
1	2.945000	0.692464	363.962494	198.975006
1	2.976000	0.707101	363.843750	198.793762
1	3.007000	0.708116	363.812500	199.062500
1	3.038000	0.707101	363.843750	198.843750
1	3.070000	0.672464	364.000000	199.000000
1	3.116000	0.705942	363.793762	199.793762
1	3.148000	0.695652	363.000000	200.000000
1	3.179000	0.713043	364.000000	200.500000
1	3.210000	0.732029	364.031250	200.406250
1	3.241000	0.695652	365.000000	200.000000
1	3.272000	0.672464	364.000000	201.000000
1	3.304000	0.718551	364.662506	199.662506
1	3.350000	0.705942	363.843750	199.793762
1	3.382000	0.698985	363.693756	199.693756
1	3.413000	0.696377	364.043762	199.656250
1	3.444000	0.707246	364.000000	200.000000
1	3.475000	0.744638	364.287506	199.537506
1	3.506000	0.729855	363.500000	199.500000
1	3.538000	0.707101	363.093750	199.843750
1	3.584000	0.712464	363.250000	200.125000
1	3.616000	0.709420	363.793762	198.843750
1	3.647000	0.707101	363.831238	198.793762
1	3.678000	0.765217	363.000000	198.000000
1	3.709000	0.707681	363.806244	198.181244
1	3.740000	0.730435	364.000000	198.000000
1	3.772000	0.707536	363.787506	198.100006
1	3.803000	0.723043	364.056244	198.368744
1	3.850000	0.716232	364.274994	198.962494
1	3.881000	0.733333	364.500000	198.250000
1	3.912000	0.716812	363.937500	199.250000
1	3.943000	0.722319	364.125000	198.375000
1	3.974000	0.695652	365.000000	198.000000
1	4.006000	0.712029	364.193756	197.881256
1	4.037000	0.707536	364.162506	198.162506
1	4.084000	0.714203	364.225006	197.912506
1	4.115000	0.705942	363.893738	197.793762
1	4.146000	0.723333	364.031250	198.343750
1	4.177000	0.765217	363.000000	198.000000
1	4.208000	0.730435	364.000000	199.000000
1	4.240000	0.705942	363.893738	198.793762
1	4.271000	0.765217	367.000000	198.000000
1	4.318000	0.739710	364.625000	197.625000
1	4.349000	0.690290	364.431244	196.568756
1	4.380000	0.703188	364.225006	196.850006
1	4.411000	0.705942	364.206238	196.843750
1	4.442000	0.695652	365.000000	198.000000
1	4.474000	0.705942	364.793762	197.781250
1	4.505000	0.717391	364.750000	198.750000
1	4.536000	0.714203	364.225006	199.087494
1	4.583000	0.708116	364.187500	198.812500
1	4.614000	0.718986	364.043762	197.968750
1	4.645000	0.714203	364.225006	197.225006
1	4.676000	0.703768	364.250000	196.875000
1	4.708000	0.714203	364.087494	196.774994
1	4.739000	0.694493	364.350006	196.975006
1	4.770000	0.707101	364.156250	197.093750
1	4.817000	0.712319	364.268738	197.231262
1	4.848000	0.707101	363.843750	197.781250
1	4.879000	0.765217	363.000000	198.000000
1	4.910000	0.695652	363.000000	198.000000
1	4.942000	0.695652	365.000000	198.000000
1	4.973000	0.703188	364.774994	196.850006
1	5.004000	0.703188	364.225006	196.774994
1	5.051000	0.710290	364.156250	196.156250
1	5.082000	0.696377	364.018738	195.656250
1	5.113000	0.722319	364.062500	196.625000
1	5.144000	0.719276	363.981171	196.018829
1	5.176000	0.718986	363.968750	196.831238
1	5.207000	0.716812	363.750000	196.937500
1	5.238000	0.707101	363.831238	196.818726
1	5.269000	0.711884	364.100006	196.899994
1	5.316000	0.730435	364.000000	196.000000
1	5.347000	0.707101	363.843750	195.843750
1	5.378000	0.705942	364.206238	195.843750
1	5.410000	0.672464	366.000000	195.000000
1	5.441000	0.712899	364.118744	196.243744
1	5.472000	0.704348	364.187500	196.812500
1	5.503000	0.717246	364.931244	197.068756
1	5.550000	0.695652	365.000000	198.000000
1	5.581000	0.709710	364.131256	197.131256
1	5.612000	0.705942	364.793762	196.781250
1	5.644000	0.722899	364.649994	196.712494
1	5.675000	0.731594	364.475006	197.100006
1	5.706000	0.717971	364.312500	197.362488
1	5.737000	0.730435	364.000000	197.000000
1	5.784000	0.765217	363.000000	198.000000
1	5.815000	0.765217	363.000000	198.000000
1	5.846000	0.709420	364.206238	198.843750
1	5.878000	0.765217	363.000000	198.000000
1	5.909000	0.711884	364.100006	198.899994
1	5.940000	0.707101	364.206238	197.843750
1	5.971000	0.722319	364.062500	198.375000
1	6.002000	0.708261	364.781250	197.793762
1	6.049000	0.726812	364.356262	197.043762
1	6.080000	0.731594	364.837494	197.475006
1	6.112000	0.695652	365.000000	198.000000
1	6.143000	0.765217	363.000000	198.000000
1	6.174000	0.709855	363.837494	197.462494
1	6.205000	0.718406	364.006256	197.981232
1	6.236000	0.742029	364.262512	198.512512
1	6.283000	0.707246	363.750000	198.750000
1	6.314000	0.733768	363.868744	198.256256
1	6.346000	0.739710	364.250000	197.687500
1	6.377000	0.765217	363.000000	198.000000
1	6.408000	0.742029	363.000000	198.000000
1	6.439000	0.765217	363.000000	198.000000
1	6.470000	0.738116	364.256256	197.506256
1	6.502000	0.725507	364.000000	197.937500
1	6.548000	0.725072	363.818756	198.306244
1	6.580000	0.765217	363.000000	198.000000
1	6.611000	0.719275	363.993744	198.031281
1	6.642000	0.735797	364.181244	198.243744
1	6.673000	0.707536	364.149994	196.787506
1	6.704000	0.712899	364.243744	197.118744
0	6.736000	0.347826	395.218781	190.993744
1	6.782000	0.717246	364.068756	196.931244
1	6.814000	0.705942	363.893738	196.218750
1	6.845000	0.711884	364.100006	196.899994
1	6.876000	0.718406	363.993774	197.318665
1	6.907000	0.737536	364.218750	197.531250
1	6.938000	0.707536	364.162506	196.837494
0	6.970000	0.672464	367.000000	198.000000
1	7.016000	0.716667	364.081238	195.956238
1	7.048000	0.705072	364.781250	195.893738
1	7.079000	0.718986	364.031250	196.156250
1	7.110000	0.742898	364.312500	195.687500
1	7.141000	0.718406	364.193756	196.693756
1	7.172000	0.722319	364.375000	196.000000
1	7.204000	0.748406	364.500000	196.625000
1	7.235000	0.746377	364.262512	197.437500
1	7.282000	0.722754	364.418732	196.631256
1	7.313000	0.742898	364.562500	196.312500
1	7.344000	0.695652	365.000000	196.000000
1	7.375000	0.722319	364.375000	196.000000
1	7.406000	0.733188	364.468750	196.468750
1	7.438000	0.738551	364.375000	196.250000
1	7.469000	0.716232	364.274994	196.037506
1	7.516000	0.740145	364.418732	196.681244
1	7.547000	0.717971	364.062500	196.937500
1	7.578000	0.718406	364.356232	196.981232
1	7.609000	0.707101	364.218750	196.843750
1	7.640000	0.736377	364.531250	196.531250
1	7.672000	0.743623	364.681244	196.318756
1	7.703000	0.738986	364.731232	195.618744
1	7.750000	0.735362	365.187500	196.500000
1	7.781000	0.736377	364.531250	195.581238
1	7.812000	0.726232	365.068695	195.881195
0	7.843000	1.211884	380.162506	194.087494
1	7.874000	0.714203	364.225006	195.912506
1	7.906000	0.721594	364.006256	196.368744
1	7.937000	0.731594	364.512482	196.100006
1	7.968000	0.717971	364.000000	196.299988
1	8.015000	0.722319	364.375000	195.625000
1	8.046000	0.712319	364.268738	195.268738
1	8.077000	0.729420	364.543732	195.381256
1	8.108000	0.732029	364.406250	195.518738
1	8.140000	0.703188	364.850006	195.399994
1	8.171000	0.708116	364.812500	195.812500
1	8.202000	0.733623	364.412506	195.462494
1	8.249000	0.745797	365.287506	195.587494
1	8.280000	0.695652	365.000000	196.000000
1	8.311000	0.736377	364.406250	196.531250
1	8.342000	0.736377	364.581238	196.531250
1	8.374000	0.713043	364.375000	195.875000
1	8.405000	0.733188	364.781250	196.281250
1	8.436000	0.718406	364.981232	195.693756
1	8.467000	0.726232	364.556244	195.381256
1	8.514000	0.729710	364.268738	195.518738
1	8.545000	0.716377	364.243744	195.306244
1	8.576000	0.740145	364.418732	195.681244
1	8.608000	0.733623	364.462494	195.524994
1	8.639000	0.738116	364.368744	196.493744
1	8.670000	0.731449	365.118744	196.256256
1	8.701000	0.731594	364.412506	196.475006
1	8.748000	0.717971	364.062500	196.937500
1	8.779000	0.733623	364.412506	196.462494
1	8.810000	0.736377	364.268738	195.481262
1	8.842000	0.708116	364.174988	195.812500
0	8.873000	0.370145	391.312500	187.312500
1	8.904000	0.742898	364.625000	195.362488
1	8.935000	0.707681	364.818756	195.806244
1	8.982000	0.735797	364.381256	195.506256
1	9.013000	0.733623	364.212494	195.537506
1	9.044000	0.721159	364.000000	195.687500
1	9.076000	0.718406	364.306244	195.743744
1	9.107000	0.713623	364.250000	195.250000
1	9.138000	0.707101	364.831238	194.818726
1	9.169000	0.695652	365.000000	194.000000
1	9.200000	0.703333	364.756256	194.868744
1	9.247000	0.707101	364.193787	194.843750
1	9.278000	0.698985	364.693756	195.006256
1	9.310000	0.703188	364.774994	194.850006
1	9.341000	0.717246	364.931244	195.818756
1	9.372000	0.695652	365.000000	196.000000
1	9.403000	0.732029	364.406250	196.093750
1	9.434000	0.732029	364.518738	196.468750
1	9.481000	0.748985	364.725006	196.399994
1	9.512000	0.742464	364.318756	195.731232
1	9.544000	0.710580	364.668640	195.781250
1	9.575000	0.695652	365.000000	196.000000
0	9.606000	1.238551	380.812500	192.187500
1	9.637000	0.707536	364.787506	195.837494
1	9.668000	0.729275	364.475006	196.274994
1	9.715000	0.709420	364.793762	196.843750
1	9.746000	0.733623	364.787506	196.537506
1	9.778000	0.735507	364.468750	197.806213
1	9.809000	0.722319	364.937500	196.000000
1	9.840000	0.748985	365.412506	196.225006
1	9.871000	0.738986	364.618744	196.256256
1	9.902000	0.696232	365.000000	195.312500
1	9.934000	0.713623	364.250000	195.250000
1	9.980000	0.725072	364.931244	195.931244
1	10.012000	0.734058	364.581238	195.531250
1	10.043000	0.720725	364.681305	196.056244
1	10.074000	0.703768	364.750000	196.750000
1	10.105000	0.712899	365.118744	196.756256
1	10.136000	0.684058	365.000000	195.000000
1	10.168000	0.714203	364.350006	195.225006
1	10.214000	0.732029	364.518738	195.418762
1	10.246000	0.697246	364.656250	194.968750
1	10.277000	0.672464	366.000000	195.000000
1	10.308000	0.708116	364.812500	195.812500
1	10.339000	0.735362	364.487488	196.612488
0	10.370000	1.468406	379.449829	198.850037
1	10.402000	0.732029	364.518738	197.406250
1	10.433000	0.742029	365.500000	197.500000
1	10.480000	0.695652	365.000000	196.000000
1	10.511000	0.712029	364.756256	195.193756
1	10.542000	0.699420	364.687500	195.312500
1	10.573000	0.718986	364.968750	195.281250
1	10.604000	0.707101	364.831238	195.818726
1	10.636000	0.733188	364.531250	195.531250
1	10.667000	0.737971	364.725006	195.475006
1	10.714000	0.721015	364.393738	195.656250
1	10.745000	0.715797	365.031250	195.968750
1	10.776000	0.708116	364.812500	195.312500
1	10.807000	0.730435	364.000000	195.000000
1	10.838000	0.707536	364.837494	194.837494
1	10.870000	0.707536	364.787506	194.787506
1	10.901000	0.707536	364.837494	193.837494
1	10.948000	0.727246	365.037506	194.412506
1	10.979000	0.703333	364.756256	193.743744
1	11.010000	0.724493	364.906250	193.218750
1	11.041000	0.732029	364.518738	193.593750
1	11.072000	0.708116	364.812500	193.812500
1	11.104000	0.716812	364.737488	194.312500
1	11.135000	0.713188	364.618744	194.881256
1	11.166000	0.738551	364.750000	194.500000
1	11.213000	0.742464	365.268768	194.431244
1	11.244000	0.732029	364.831238	194.581238
1	11.275000	0.737681	365.250000	194.187500
1	11.306000	0.730435	365.000000	194.000000
1	11.338000	0.729275	364.475006	194.149994
1	11.369000	0.745797	364.649994	194.412506
1	11.400000	0.695652	365.000000	194.000000
1	11.447000	0.743623	365.256256	195.306244
1	11.478000	0.733768	364.481232	195.556244
1	11.509000	0.722319	365.000000	196.325012
1	11.540000	0.739710	364.625000	196.625000
1	11.572000	0.733188	364.531250	196.468750
1	11.603000	0.743623	364.743744	196.318756
1	11.634000	0.732029	365.156250	196.093750
1	11.681000	0.742029	365.000000	196.000000
1	11.712000	0.775072	365.100006	195.850006
1	11.743000	0.741449	364.712494	195.712494
1	11.774000	0.736377	364.718750	195.468750
1	11.806000	0.750580	364.656250	195.656250
1	11.837000	0.776812	365.000000	196.000000
1	11.868000	0.751159	364.756256	196.318756
1	11.899000	0.738551	365.262512	195.575012
1	11.946000	0.754928	365.293762	195.468750
1	11.977000	0.742464	364.731232	194.556244
1	12.008000	0.735797	364.506256	194.606232
1	12.040000	0.745797	365.274994	194.287506
1	12.071000	0.754928	365.593750	194.406250
1	12.102000	0.742898	364.674988	194.412476
1	12.133000	0.720580	364.975006	194.962494
1	12.180000	0.711884	365.100006	194.899994
1	12.211000	0.745072	365.331238	195.406250
1	12.242000	0.727681	365.093750	196.031250
1	12.274000	0.751159	365.231232	195.606232
1	12.305000	0.720145	364.968750	194.968750
1	12.336000	0.722754	364.993744	194.318756
1	12.367000	0.765217	367.000000	194.000000
1	12.414000	0.732029	365.518738	194.581238
1	12.445000	0.747101	365.168671	194.368744
1	12.476000	0.742464	364.731232	194.318756
1	12.508000	0.738406	364.593750	195.281250
1	12.539000	0.743623	365.318756	195.318756
1	12.570000	0.721159	365.000000	194.674988
1	12.601000	0.744638	365.537506	194.662506
1	12.632000	0.742898	365.687500	195.312500
1	12.679000	0.722319	365.000000	194.062500
1	12.710000	0.738406	365.231262	194.581238
1	12.742000	0.736377	365.531250	194.281250
1	12.773000	0.745507	365.275024	194.562561
1	12.804000	0.734058	365.581238	194.531250
1	12.835000	0.736377	365.531250	193.718750
1	12.866000	0.728116	365.399994	194.100006
1	12.913000	0.744638	365.699982	194.462494
1	12.944000	0.736377	365.531250	194.531250
1	12.976000	0.743623	365.556244	194.368744
1	13.007000	0.738116	365.418732	193.493744
1	13.038000	0.733188	365.718750	193.531250
1	13.069000	0.718986	366.043762	193.718750
1	13.100000	0.742464	365.731232	193.318756
1	13.147000	0.733188	365.468750	193.581238
1	13.178000	0.741159	365.462494	193.649994
1	13.210000	0.741594	365.706238	193.468750
1	13.241000	0.732029	365.581238	193.468750
1	13.272000	0.715217	365.187500	193.312500
1	13.303000	0.703333	365.756256	193.868744
1	13.334000	0.716667	365.956238	192.956238
1	13.366000	0.737681	365.600006	193.512482
1	13.412000	0.705942	365.781250	192.793762
1	13.444000	0.715797	366.031250	193.031250
1	13.475000	0.730435	366.000000	193.000000
1	13.506000	0.720580	365.962463	192.650024
1	13.537000	0.733188	365.531250	193.218750
1	13.568000	0.707246	366.000000	193.000000
1	13.600000	0.736957	365.500000	193.500000
1	13.646000	0.725507	365.625000	193.687500
1	13.678000	0.744203	366.293762	193.293762
1	13.709000	0.730435	366.000000	193.000000
1	13.740000	0.722754	365.418732	192.993744
1	13.771000	0.722319	365.375000	192.375000
1	13.802000	0.732899	365.868713	192.581238
1	13.834000	0.738551	365.612488	192.500000
1	13.865000	0.730435	365.000000	193.000000
1	13.912000	0.745362	365.256226	193.393616
1	13.943000	0.721159	366.000000	193.625000
1	13.974000	0.738551	365.500000	193.375000
1	14.005000	0.720580	365.337494	193.975006
1	14.036000	0.718986	365.281250	193.031250
1	14.068000	0.705942	365.206238	192.793762
1	14.099000	0.722754	365.631256	193.993744
1	14.146000	0.705942	365.793762	193.831238
1	14.177000	0.719130	365.674988	193.887512
1	14.208000	0.765217	367.000000	194.000000
1	14.239000	0.732029	365.518738	193.506226
1	14.270000	0.707536	365.837494	193.837494
1	14.302000	0.733623	365.537506	193.574982
1	14.333000	0.743623	365.681244	194.318756
1	14.364000	0.736232	365.531250	193.468750
1	14.411000	0.765217	367.000000	194.000000
1	14.442000	0.743623	365.681244	194.318756
1	14.473000	0.738551	365.750000	193.500000
1	14.504000	0.742754	365.718750	193.418762
1	14.536000	0.744058	366.299988	193.562500
1	14.567000	0.736232	366.000000	193.500000
1	14.598000	0.742754	366.256256	193.443756
1	14.645000	0.709420	366.206238	192.793762
1	14.676000	0.742464	365.731232	192.318756
1	14.707000	0.751015	366.537506	192.337494
1	14.738000	0.757246	366.481262	192.406250
1	14.770000	0.727536	366.062500	192.424988
1	14.801000	0.733768	366.556244	191.506256
1	14.832000	0.749275	366.587433	191.412506
1	14.879000	0.751159	366.606232	191.368744
1	14.910000	0.744638	366.274994	191.462494
1	14.941000	0.723333	365.968750	191.031250
1	14.972000	0.717247	365.993652	191.656189
1	15.004000	0.714203	366.087494	191.100006
1	15.035000	0.735797	366.256256	192.256256
1	15.066000	0.738551	365.674988	191.737488
1	15.097000	0.747971	365.618744	193.381256
1	15.144000	0.735797	365.631256	192.506256
1	15.175000	0.721739	366.250000	192.000000
1	15.206000	0.747536	366.312469	192.337372
1	15.238000	0.736377	366.281250	191.531250
1	15.269000	0.732029	365.593750	191.718750
1	15.300000	0.749855	365.662506	191.712494
1	15.331000	0.742319	365.662506	192.287506
1	15.378000	0.753623	366.312500	191.812500
1	15.409000	0.762319	366.000000	192.250000
1	15.440000	0.742609	365.737488	192.437500
1	15.472000	0.733188	365.531250	191.468750
1	15.503000	0.748551	366.268738	191.406250
1	15.534000	0.742898	365.687500	191.312500
1	15.565000	0.750290	365.606232	191.368561
1	15.612000	0.742754	365.718750	191.218750
1	15.643000	0.727681	366.031250	190.531250
1	15.674000	0.721595	365.981171	192.006195
1	15.706000	0.723333	365.656250	191.968750
1	15.737000	0.748841	365.618744	192.256256
1	15.768000	0.720725	365.943756	191.993744
1	15.799000	0.750580	365.818726	191.581238
1	15.830000	0.743623	366.268768	190.631256
1	15.877000	0.759855	366.056244	190.556244
1	15.908000	0.757246	365.518738	190.518738
1	15.940000	0.707536	366.162506	190.837494
1	15.971000	0.723333	365.993713	190.043701
1	16.002000	0.745797	365.412506	190.287506
1	16.033000	0.721159	366.000000	189.687500
1	16.064000	0.736087	366.081238	190.718750
1	16.111000	0.745797	366.274994	190.649994
1	16.142000	0.744638	365.762482	190.537506
1	16.174000	0.720580	366.024994	190.387482
1	16.205000	0.743623	365.731232	189.318756
1	16.236000	0.707536	366.162506	189.837494
1	16.267000	0.720000	366.000000	189.312500
1	16.298000	0.742754	366.281250	189.418762
1	16.345000	0.746812	366.293732	189.568756
1	16.376000	0.743043	366.231262	190.706238
1	16.408000	0.765217	367.000000	190.000000
1	16.439000	0.745797	366.287506	191.287506
1	16.470000	0.735797	366.556244	191.243744
1	16.501000	0.759275	366.156250	190.781250
0	16.532000	0.347826	390.343750	194.018738
1	16.564000	0.748406	366.299988	190.612488
1	16.610000	0.773188	366.231262	190.143738
1	16.642000	0.748841	366.356232	190.431244
1	16.673000	0.788406	367.000000	188.000000
1	16.704000	0.765217	367.000000	190.000000
1	16.735000	0.781449	365.824982	190.037506
1	16.766000	0.743623	365.731232	190.318756
1	16.798000	0.747246	365.750000	190.625000
1	16.844000	0.743623	366.206268	190.268646
1	16.876000	0.760290	366.062500	190.812500
1	16.907000	0.765217	367.000000	190.000000
1	16.938000	0.765217	367.000000	190.000000
1	16.969000	0.776812	366.000000	190.000000
1	17.000000	0.776812	366.000000	191.000000
1	17.032000	0.730290	366.493744	189.493744
1	17.078000	0.722899	366.600006	190.662506
1	17.110000	0.745072	366.281250	190.343750
1	17.141000	0.765217	366.250000	190.250000
1	17.172000	0.765217	367.000000	190.000000
1	17.203000	0.773188	366.231262	191.106262
1	17.234000	0.724493	366.018738	191.031250
1	17.266000	0.777246	366.118744	191.118744
1	17.297000	0.759855	366.106232	190.443756
1	17.344000	0.742029	367.000000	190.000000
1	17.375000	0.748551	366.268738	189.406250
1	17.406000	0.753623	366.000000	190.000000
1	17.437000	0.722899	365.350006	189.350006
1	17.468000	0.740580	366.250000	190.625000
1	17.500000	0.764638	365.750000	190.625000
1	17.531000	0.747101	366.131256	190.368744
1	17.578000	0.740870	365.787476	191.687500
1	17.609000	0.744638	365.762482	191.537506
1	17.640000	0.705942	366.656250	191.793762
1	17.671000	0.755362	365.887482	191.475006
1	17.702000	0.750580	366.581238	191.293762
1	17.734000	0.742029	367.000000	190.000000
1	17.765000	0.748551	365.768738	191.356262
1	17.812000	0.744638	365.762482	191.237518
1	17.843000	0.742319	366.337494	190.662506
1	17.874000	0.731449	365.956177	190.543701
1	17.905000	0.722319	366.000000	189.412476
1	17.936000	0.743623	365.681244	189.318756
1	17.968000	0.734638	366.256256	189.556244
1	17.999000	0.765217	367.000000	190.000000
1	18.030000	0.743333	365.681244	190.443756
1	18.077000	0.733623	365.537506	190.149994
1	18.108000	0.762464	365.906250	188.531250
1	18.139000	0.788406	365.000000	188.000000
1	18.170000	0.728116	366.399994	188.100006
1	18.202000	0.745072	366.281250	188.356262
1	18.233000	0.748406	366.237488	188.625000
1	18.264000	0.765217	365.500000	189.500000
1	18.295000	0.733768	366.443756	189.606232
1	18.342000	0.742029	367.000000	190.000000
1	18.373000	0.745072	365.718750	190.656250
1	18.404000	0.744203	365.706238	190.293762
1	18.436000	0.742029	366.299988	191.200012
1	18.467000	0.748406	366.312500	191.375000
1	18.498000	0.744493	366.306244	190.306244
1	18.529000	0.753623	366.000000	190.000000
1	18.576000	0.764638	365.750000	189.625000
1	18.607000	0.748551	366.281250	190.518738
1	18.638000	0.742754	366.581238	190.418762
0	18.670000	1.296812	381.024994	186.162506
1	18.701000	0.752029	365.631256	190.631256
1	18.732000	0.721015	366.043762	190.293762
1	18.763000	0.764637	366.000061	190.750000
1	18.810000	0.748406	366.250000	190.612488
1	18.841000	0.733188	366.781250	190.468750
1	18.872000	0.746377	366.325012	190.262512
1	18.904000	0.733188	366.531250	190.531250
1	18.935000	0.745072	366.693726	189.656250
1	18.966000	0.743623	366.318756	190.181244
1	18.997000	0.742319	365.662506	190.337494
1	19.028000	0.757246	366.143738	189.593750
1	19.075000	0.788406	367.000000	190.000000
1	19.106000	0.773188	366.106262	191.143738
1	19.138000	0.717971	366.674988	190.812500
1	19.169000	0.743478	366.656250	190.531250
1	19.200000	0.739710	366.625000	190.250000
1	19.231000	0.737971	366.725006	190.475006
1	19.262000	0.746232	366.231232	188.756256
1	19.309000	0.745072	366.331238	189.281250
1	19.340000	0.743623	366.681244	189.318756
1	19.372000	0.737971	366.350006	188.787506
1	19.403000	0.738406	366.706238	189.518738
1	19.434000	0.744638	366.337494	189.699982
1	19.465000	0.738986	366.731232	190.681244
1	19.496000	0.765217	367.000000	190.000000
1	19.543000	0.764638	366.987488	189.625000
1	19.574000	0.727681	367.031250	189.781250
1	19.606000	0.742319	366.562531	188.687531
1	19.637000	0.756377	366.693756	188.468781
1	19.668000	0.762319	366.562500	189.062500
1	19.699000	0.747101	366.768738	189.406250
1	19.730000	0.742464	366.756256	189.568756
1	19.762000	0.761594	366.543762	189.543762
1	19.808000	0.765217	367.000000	190.000000
1	19.840000	0.735797	367.181244	189.068756
1	19.871000	0.765217	367.000000	190.000000
1	19.902000	0.703188	367.600006	190.774994
1	19.933000	0.744638	368.212494	190.337494
1	19.964000	0.734203	367.562500	189.562500
1	19.996000	0.742464	367.731232	188.318756
1	20.042000	0.751015	367.537506	188.537506
1	20.074000	0.742029	367.000000	188.000000
1	20.105000	0.753333	367.462494	188.587494
1	20.136000	0.763623	367.018738	187.781250
1	20.167000	0.761014	367.431244	187.568756
1	20.198000	0.742754	367.418762	188.656250
1	20.230000	0.749420	367.593750	188.593750
1	20.276000	0.731594	367.475006	187.475006
1	20.308000	0.749420	367.343750	188.593750
1	20.339000	0.732754	368.149994	188.462494
1	20.370000	0.732029	367.518738	187.468750
1	20.401000	0.747101	367.681244	187.368744
1	20.432000	0.725072	367.931244	187.931244
1	20.464000	0.751159	368.181244	187.606232
1	20.495000	0.753623	368.000000	187.000000
1	20.542000	0.753188	367.568756	187.931244
1	20.573000	0.754638	367.393768	187.518768
1	20.604000	0.757246	367.518738	187.518738
1	20.635000	0.753623	368.000000	187.000000
1	20.666000	0.765217	367.750000	188.750000
1	20.698000	0.706812	368.868744	187.818756
1	20.729000	0.742319	368.337494	187.662506
1	20.776000	0.742029	367.000000	188.000000
1	20.807000	0.746232	368.218750	187.781250
1	20.838000	0.759710	368.024994	187.462494
1	20.869000	0.695652	369.000000	188.000000
1	20.900000	0.742029	368.500000	188.500000
1	20.932000	0.759855	367.806244	187.556244
1	20.963000	0.746812	368.243744	187.756256
1	21.010000	0.760290	368.437500	187.437500
1	21.041000	0.757246	368.518738	187.481262
1	21.072000	0.747101	368.631256	188.368744
1	21.103000	0.747971	368.618744	187.381256
1	21.134000	0.730435	369.000000	187.000000
1	21.166000	0.745797	368.287506	187.587494
1	21.197000	0.733188	368.456238	186.468750
1	21.228000	0.750725	368.500000	186.500000
1	21.275000	0.739710	369.250000	186.625000
1	21.306000	0.712464	368.875000	187.875000
1	21.337000	0.765217	368.500000	186.500000
1	21.368000	0.751159	368.418884	187.393860
1	21.400000	0.774637	367.881439	187.131195
1	21.431000	0.748406	367.750000	187.750000
1	21.462000	0.725507	368.937500	188.937500
0	21.509000	1.138986	388.681244	189.818756
1	21.540000	0.743768	368.287506	188.237518
1	21.571000	0.722754	368.943756	187.343719
1	21.602000	0.749420	368.593750	186.343750
1	21.634000	0.735797	368.756256	186.693817
1	21.665000	0.743623	368.668732	186.681244
1	21.696000	0.751015	368.462494	186.462494
1	21.743000	0.749275	368.362488	186.637512
1	21.774000	0.755507	368.368744	187.493744
1	21.805000	0.746232	368.318726	187.643738
1	21.836000	0.718841	369.500000	186.500000
1	21.868000	0.707681	369.181244	186.818756
1	21.899000	0.724203	368.731232	185.981232
1	21.930000	0.730435	368.750000	185.750000
1	21.961000	0.765217	368.500000	186.500000
1	22.008000	0.741884	368.656250	186.293762
1	22.039000	0.721159	369.000000	187.000000
1	22.070000	0.751015	369.462494	186.462494
1	22.102000	0.744058	369.312500	187.362488
1	22.133000	0.748406	369.375000	187.125000
1	22.164000	0.740145	369.318756	187.368744
1	22.195000	0.736377	369.281250	187.581238
1	22.226000	0.715362	369.712494	187.774994
1	22.273000	0.733188	369.531250	187.718689
1	22.304000	0.733333	369.500000	186.500000
1	22.336000	0.721594	368.993744	186.368744
1	22.367000	0.717246	369.068756	186.931244
1	22.398000	0.739130	369.500000	187.250000
1	22.429000	0.688551	369.468750	186.968750
1	22.460000	0.742464	368.681244	186.268768
1	22.507000	0.733188	369.581238	186.531250
1	22.538000	0.764638	369.500000	186.812500
1	22.570000	0.746812	368.706390	187.343719
1	22.601000	0.734783	369.281250	187.156250
1	22.632000	0.716232	369.037506	186.274994
1	22.663000	0.749855	369.337494	186.337494
1	22.694000	0.777681	369.125000	186.000000
1	22.741000	0.752754	369.437500	185.687500
0	22.772000	0.627246	371.324982	186.975006
1	22.804000	0.748406	369.375000	186.250000
1	22.835000	0.741594	369.368744	186.193756
1	22.866000	0.748841	369.643768	186.381256
1	22.897000	0.747101	369.631256	186.368744
1	22.928000	0.708116	370.187500	186.812500
1	22.960000	0.747246	369.437500	186.625000
1	23.006000	0.751594	369.562500	186.437500
1	23.038000	0.742898	369.687500	186.312500
1	23.069000	0.746377	369.375000	187.125000
1	23.100000	0.750580	369.656250	186.468750
1	23.131000	0.755942	369.500000	186.000000
1	23.162000	0.742029	369.375000	186.375000
1	23.194000	0.744493	369.256256	185.693756
1	23.240000	0.741449	369.337494	187.225006
1	23.272000	0.766812	369.968750	187.156250
1	23.303000	0.752754	369.375000	187.337402
1	23.334000	0.745362	369.781250	187.293762
1	23.365000	0.779275	369.943756	187.068756
1	23.396000	0.764058	369.975006	186.475006
1	23.428000	0.713043	370.000000	184.500000
1	23.474000	0.730290	369.856201	184.493713
1	23.506000	0.690290	370.568756	185.568756
1	23.537000	0.788406	371.000000	186.000000
1	23.568000	0.707536	371.162506	185.787506
1	23.599000	0.756667	369.493744	185.493744
1	23.630000	0.690145	370.587494	185.975006
1	23.662000	0.776812	369.000000	186.000000
1	23.693000	0.743333	369.443756	186.256256
1	23.740000	0.765217	371.000000	186.000000
1	23.771000	0.738116	370.193634	185.256256
1	23.802000	0.712464	370.799988	186.875000
1	23.833000	0.750290	370.406219	186.393768
1	23.864000	0.721014	370.606384	187.006287
1	23.896000	0.751159	369.681244	186.681244
1	23.927000	0.773188	369.893738	186.768738
1	23.974000	0.751015	370.537506	186.537506
1	24.005000	0.713043	370.500000	187.000000
1	24.036000	0.720580	369.975006	186.962494
1	24.067000	0.722464	370.643738	187.968750
1	24.098000	0.705362	371.168701	188.793640
1	24.130000	0.765217	371.000000	186.000000
1	24.161000	0.735797	370.606232	188.493744
1	24.208000	0.718551	370.837494	187.662506
1	24.239000	0.765217	371.000000	186.000000
1	24.270000	0.733768	371.806244	187.506256
1	24.301000	0.748841	370.431244	187.743744
1	24.332000	0.742029	370.674988	188.200012
1	24.364000	0.723333	370.006287	187.393616
1	24.395000	0.748406	370.612488	188.375000
1	24.426000	0.765362	369.993744	188.043732
1	24.473000	0.745797	370.287506	187.762482
1	24.504000	0.751159	370.318756	188.368744
1	24.535000	0.765217	370.000000	189.000000
1	24.566000	0.690725	371.437500	188.562500
1	24.598000	0.742029	371.218750	188.281250
1	24.629000	0.734203	370.437500	188.549988
0	24.660000	1.078261	383.837616	183.625092
1	24.707000	0.701449	370.500000	188.000000
1	24.738000	0.747826	370.125000	188.625000
1	24.769000	0.672464	372.000000	189.000000
1	24.800000	0.749420	370.406250	189.406250
1	24.832000	0.723333	370.356262	189.481262
1	24.863000	0.735072	370.425018	188.562531
1	24.894000	0.761014	370.231354	189.468719
1	24.941000	0.711884	371.100006	188.100006
1	24.972000	0.747971	370.618744	188.618744
1	25.003000	0.695652	371.000000	188.000000
1	25.034000	0.731014	370.500000	187.500000
1	25.066000	0.755362	370.399994	188.287506
1	25.097000	0.707101	371.156250	187.843750
1	25.128000	0.748841	370.406281	188.368744
1	25.159000	0.743623	370.681244	188.318756
1	25.206000	0.742029	371.200012	188.250000
1	25.237000	0.744203	371.231262	188.656250
1	25.268000	0.755362	371.100006	188.475006
1	25.300000	0.765217	371.250000	188.250000
1	25.331000	0.751449	371.393738	187.831238
1	25.362000	0.746667	371.337494	187.399994
1	25.393000	0.744638	371.537506	187.662506
1	25.440000	0.765217	371.500000	187.500000
1	25.471000	0.759275	371.468750	187.468750
1	25.502000	0.721739	371.250000	186.500000
1	25.534000	0.742029	371.000000	188.000000
1	25.565000	0.731594	371.100006	187.225006
1	25.596000	0.730435	372.000000	187.000000
1	25.627000	0.718986	371.656250	187.656250
1	25.674000	0.721739	372.000000	188.000000
1	25.705000	0.690145	371.949982	186.412506
1	25.736000	0.735362	372.312500	186.687500
1	25.768000	0.727246	372.037506	186.100006
1	25.799000	0.743333	372.243744	186.756256
1	25.830000	0.730435	372.000000	186.000000
1	25.861000	0.717971	372.062500	186.937500
1	25.892000	0.742319	372.287506	186.649994
1	25.939000	0.732029	372.406250	187.281250
1	25.970000	0.742464	371.818756	187.318756
1	26.002000	0.698986	372.306213	187.093689
1	26.033000	0.705942	372.168762	186.156250
1	26.064000	0.738116	372.256256	186.668732
1	26.095000	0.737971	372.600006	185.712494
1	26.126000	0.707246	372.250000	187.250000
1	26.173000	0.734058	372.500000	186.500000
1	26.204000	0.751159	372.643768	186.381256
1	26.236000	0.733623	372.412506	185.787506
1	26.267000	0.730435	373.000000	186.000000
1	26.298000	0.708116	372.812500	186.187500
1	26.329000	0.743623	372.681244	186.318756
1	26.360000	0.720870	372.012604	186.024933
1	26.392000	0.732029	372.581238	185.581238
0	26.438000	0.689855	373.500000	186.500000
1	26.470000	0.689710	372.593750	185.968750
1	26.501000	0.730435	372.000000	186.000000
1	26.532000	0.707246	373.000000	186.000000
1	26.563000	0.713043	373.000000	185.000000
1	26.594000	0.746232	372.643738	185.206238
1	26.626000	0.746232	373.281250	184.406250
0	26.672000	0.672464	371.000000	186.000000
1	26.704000	0.741884	372.693817	184.431183
1	26.735000	0.698985	373.306244	183.931244
1	26.766000	0.727681	372.531250	184.031250
1	26.797000	0.738551	372.612488	184.500000
1	26.828000	0.730290	373.068756	184.493744
1	26.860000	0.711884	372.899994	184.774994
1	26.906000	0.707681	373.806244	184.818756
1	26.938000	0.695652	373.000000	184.000000
1	26.969000	0.724928	374.087494	184.449982
1	27.000000	0.788406	375.000000	184.000000
1	27.031000	0.713188	373.743744	183.881256
1	27.062000	0.707246	374.000000	182.000000
1	27.094000	0.707536	373.837494	183.787506
1	27.125000	0.709275	373.799988	182.187500
1	27.172000	0.731594	373.587494	183.475006
1	27.203000	0.695652	374.500000	182.500000
1	27.234000	0.719420	373.962494	182.975006
1	27.265000	0.731014	373.450012	183.437500
1	27.296000	0.722754	374.006256	183.618744
1	27.328000	0.765217	375.000000	182.000000
1	27.359000	0.690725	374.562500	183.562500
1	27.406000	0.698406	374.718750	182.906250
1	27.437000	0.695652	375.000000	182.000000
1	27.468000	0.765217	374.000000	183.000000
1	27.499000	0.695652	373.000000	182.000000
1	27.530000	0.730435	374.000000	183.000000
1	27.562000	0.739275	374.293671	183.668671
1	27.593000	0.731594	374.162506	183.475006
1	27.624000	0.731594	374.475006	184.162506
1	27.671000	0.690145	374.412506	184.587494
1	27.702000	0.765217	375.000000	182.000000
1	27.733000	0.730435	374.000000	184.000000
1	27.764000	0.711449	374.143738	185.093750
1	27.796000	0.717246	373.943756	184.931244
1	27.827000	0.687681	375.143738	183.893738
1	27.858000	0.689710	374.531250	183.406250
1	27.905000	0.719565	374.062500	184.687500
1	27.936000	0.722899	374.024994	184.787506
1	27.967000	0.718551	374.087494	184.912506
1	27.998000	0.765217	375.000000	182.000000
1	28.030000	0.744638	375.337494	182.537506
1	28.061000	0.735362	374.312500	182.812500
1	28.092000	0.743333	374.443756	182.681244
1	28.139000	0.714203	374.225006	182.225006
1	28.170000	0.765217	375.000000	182.000000
1	28.201000	0.765217	375.000000	182.000000
1	28.232000	0.742464	374.731232	184.731232
1	28.264000	0.730435	374.250000	183.250000
1	28.295000	0.765217	375.000000	182.000000
1	28.326000	0.765217	375.000000	182.000000
1	28.357000	0.751594	374.187500	182.250000
0	28.404000	0.759710	374.587494	182.412506
1	28.435000	0.788116	373.912506	183.212494
1	28.466000	0.765217	375.000000	182.000000
1	28.498000	0.801159	374.899994	183.475006
1	28.529000	0.797101	374.812500	184.062500
1	28.560000	0.818551	375.162506	182.725006
1	28.591000	0.798551	373.875000	182.250000
1	28.638000	0.783768	375.274994	182.374969
1	28.669000	0.835942	373.975006	182.975006
0	28.700000	0.814058	374.693756	183.306244
0	28.732000	0.794203	374.875000	182.875000
0	28.763000	0.857971	374.000000	183.000000
1	28.794000	0.862464	374.018738	182.356262
1	28.825000	0.895072	374.125000	182.875000
0	28.872000	0.811594	374.000000	183.000000
1	28.903000	0.857681	374.837494	183.287506
1	28.934000	0.933188	373.468750	183.643738
1	28.966000	0.856667	374.681244	183.681244
1	28.997000	0.920580	373.225006	183.774994
1	29.028000	0.855942	374.687500	183.625000
1	29.059000	0.835942	374.412506	182.975006
1	29.090000	0.794638	374.881256	181.406342
1	29.137000	0.852754	374.375000	183.625000
1	29.168000	0.861884	374.756256	184.006256
1	29.200000	0.834783	374.500000	182.500000
1	29.231000	0.823333	375.093750	184.656250
1	29.262000	0.860870	374.000000	183.750000
1	29.293000	0.871884	373.899994	184.850006
1	29.324000	0.831449	373.993744	184.568756
1	29.371000	0.776812	374.000000	183.000000
0	29.402000	0.347826	242.681824	334.318176
1	29.434000	0.807246	374.987488	183.812500
1	29.465000	0.822899	374.649994	185.225006
0	29.496000	0.749420	376.593750	184.331238
1	29.527000	0.825507	374.562500	183.750000
1	29.558000	0.800000	375.125000	183.875000
1	29.605000	0.777681	374.750000	182.237488
1	29.636000	0.765797	374.750000	182.000000
1	29.668000	0.835797	375.443634	184.406158
1	29.699000	0.749275	375.362488	181.637512
1	29.730000	0.784203	374.768738	182.268738
0	29.761000	0.765217	375.000000	182.000000
1	29.792000	0.814493	374.750000	183.500000
1	29.824000	0.834783	375.000000	182.000000
1	29.870000	0.866812	374.781250	183.031250
1	29.902000	0.779275	375.143768	183.856232
1	29.933000	0.805362	375.181244	183.606232
1	29.964000	0.748406	375.250000	182.375000
0	29.995000	0.765217	375.000000	182.000000
<\RIGHT-PUPIL-DATA>
<LEFT-PUPIL-DATA>
903	0
0	-0.066000	13.913043	240.000000	320.000000
0	-0.035000	13.913043	240.000000	320.000000
0	-0.004000	13.913043	240.000000	320.000000
0	0.028000	13.913043	240.000000	320.000000
0	0.074000	13.913043	240.000000	320.000000
0	0.106000	13.913043	240.000000	320.000000
0	0.137000	13.913043	240.000000	320.000000
0	0.168000	13.913043	240.000000	320.000000
0	0.199000	13.913043	240.000000	320.000000
0	0.230000	13.913043	240.000000	320.000000
0	0.262000	13.913043	240.000000	320.000000
0	0.308000	13.913043	240.000000	320.000000
0	0.340000	13.913043	240.000000	320.000000
0	0.371000	13.913043	240.000000	320.000000
0	0.402000	13.913043	240.000000	320.000000
0	0.433000	13.913043	240.000000	320.000000
0	0.464000	13.913043	240.000000	320.000000
0	0.496000	13.913043	240.000000	320.000000
0	0.527000	13.913043	240.000000	320.000000
0	0.574000	13.913043	240.000000	320.000000
0	0.605000	13.913043	240.000000	320.000000
0	0.636000	13.913043	240.000000	320.000000
0	0.667000	13.913043	240.000000	320.000000
0	0.698000	13.913043	240.000000	320.000000
0	0.730000	13.913043	240.000000	320.000000
0	0.761000	13.913043	240.000000	320.000000
0	0.808000	13.913043	240.000000	320.000000
0	0.839000	13.913043	240.000000	320.000000
0	0.870000	13.913043	240.000000	320.000000
0	0.901000	13.913043	240.000000	320.000000
0	0.932000	13.913043	240.000000	320.000000
0	0.964000	13.913043	240.000000	320.000000
0	0.995000	13.913043	240.000000	320.000000
0	1.042000	13.913043	240.000000	320.000000
0	1.073000	13.913043	240.000000	320.000000
0	1.104000	13.913043	240.000000	320.000000
0	1.135000	13.913043	240.000000	320.000000
0	1.166000	13.913043	240.000000	320.000000
0	1.198000	13.913043	240.000000	320.000000
0	1.229000	13.913043	240.000000	320.000000
0	1.260000	13.913043	240.000000	320.000000
0	1.307000	13.913043	240.000000	320.000000
0	1.338000	13.913043	240.000000	320.000000
0	1.369000	13.913043	240.000000	320.000000
0	1.400000	13.913043	240.000000	320.000000
0	1.432000	13.913043	240.000000	320.000000
0	1.463000	13.913043	240.000000	320.000000
0	1.494000	13.913043	240.000000	320.000000
0	1.541000	13.913043	240.000000	320.000000
0	1.572000	13.913043	240.000000	320.000000
0	1.603000	13.913043	240.000000	320.000000
0	1.634000	13.913043	240.000000	320.000000
0	1.666000	13.913043	240.000000	320.000000
0	1.697000	13.913043	240.000000	320.000000
0	1.728000	13.913043	240.000000	320.000000
0	1.775000	13.913043	240.000000	320.000000
0	1.806000	13.913043	240.000000	320.000000
0	1.837000	13.913043	240.000000	320.000000
0	1.868000	13.913043	240.000000	320.000000
0	1.900000	13.913043	240.000000	320.000000
0	1.931000	13.913043	240.000000	320.000000
0	1.962000	13.913043	240.000000	320.000000
0	1.993000	13.913043	240.000000	320.000000
0	2.040000	13.913043	240.000000	320.000000
0	2.071000	13.913043	240.000000	320.000000
0	2.102000	13.913043	240.000000	320.000000
0	2.134000	13.913043	240.000000	320.000000
0	2.165000	13.913043	240.000000	320.000000
0	2.196000	13.913043	240.000000	320.000000
0	2.227000	13.913043	240.000000	320.000000
0	2.274000	13.913043	240.000000	320.000000
0	2.305000	13.913043	240.000000	320.000000
0	2.336000	13.913043	240.000000	320.000000
0	2.368000	13.913043	240.000000	320.000000
0	2.399000	13.913043	240.000000	320.000000
0	2.430000	13.913043	240.000000	320.000000
0	2.461000	13.913043	240.000000	320.000000
0	2.492000	13.913043	240.000000	320.000000
0	2.539000	13.913043	240.000000	320.000000
0	2.570000	13.913043	240.000000	320.000000
0	2.602000	13.913043	240.000000	320.000000
0	2.633000	13.913043	240.000000	320.000000
0	2.664000	13.913043	240.000000	320.000000
0	2.695000	13.913043	240.000000	320.000000
0	2.726000	13.913043	240.000000	320.000000
0	2.773000	13.913043	240.000000	320.000000
0	2.804000	13.913043	240.000000	320.000000
0	2.836000	13.913043	240.000000	320.000000
0	2.867000	13.913043	240.000000	320.000000
0	2.898000	13.913043	240.000000	320.000000
0	2.929000	13.913043	240.000000	320.000000
0	2.960000	13.913043	240.000000	320.000000
0	2.992000	13.913043	240.000000	320.000000
0	3.038000	13.913043	240.000000	320.000000
0	3.070000	13.913043	240.000000	320.000000
0	3.101000	13.913043	240.000000	320.000000
0	3.132000	13.913043	240.000000	320.000000
0	3.163000	13.913043	240.000000	320.000000
0	3.194000	13.913043	240.000000	320.000000
0	3.226000	13.913043	240.000000	320.000000
0	3.272000	13.913043	240.000000	320.000000
0	3.304000	13.913043	240.000000	320.000000
0	3.335000	13.913043	240.000000	320.000000
0	3.366000	13.913043	240.000000	320.000000
0	3.397000	13.913043	240.000000	320.000000
0	3.428000	13.913043	240.000000	320.000000
0	3.460000	13.913043	240.000000	320.000000
0	3.506000	13.913043	240.000000	320.000000
0	3.538000	13.913043	240.000000	320.000000
0	3.569000	13.913043	240.000000	320.000000
0	3.600000	13.913043	240.000000	320.000000
0	3.631000	13.913043	240.000000	320.000000
0	3.662000	13.913043	240.000000	320.000000
0	3.694000	13.913043	240.000000	320.000000
0	3.725000	13.913043	240.000000	320.000000
0	3.772000	13.913043	240.000000	320.000000
0	3.803000	13.913043	240.000000	320.000000
0	3.834000	13.913043	240.000000	320.000000
0	3.865000	13.913043	240.000000	320.000000
0	3.896000	13.913043	240.000000	320.000000
0	3.928000	13.913043	240.000000	320.000000
0	3.959000	13.913043	240.000000	320.000000
0	4.006000	13.913043	240.000000	320.000000
0	4.037000	13.913043	240.000000	320.000000
0	4.068000	13.913043	240.000000	320.000000
0	4.099000	13.913043	240.000000	320.000000
0	4.130000	13.913043	240.000000	320.000000
0	4.162000	13.913043	240.000000	320.000000
0	4.193000	13.913043	240.000000	320.000000
0	4.240000	13.913043	240.000000	320.000000
0	4.271000	13.913043	240.000000	320.000000
0	4.302000	13.913043	240.000000	320.000000
0	4.333000	13.913043	240.000000	320.000000
0	4.364000	13.913043	240.000000	320.000000
0	4.396000	13.913043	240.000000	320.000000
0	4.427000	13.913043	240.000000	320.000000
0	4.458000	13.913043	240.000000	320.000000
0	4.505000	13.913043	240.000000	320.000000
0	4.536000	13.913043	240.000000	320.000000
0	4.567000	13.913043	240.000000	320.000000
0	4.598000	13.913043	240.000000	320.000000
0	4.630000	13.913043	240.000000	320.000000
0	4.661000	13.913043	240.000000	320.000000
0	4.692000	13.913043	240.000000	320.000000
0	4.739000	13.913043	240.000000	320.000000
0	4.770000	13.913043	240.000000	320.000000
0	4.801000	13.913043	240.000000	320.000000
0	4.832000	13.913043	240.000000	320.000000
0	4.864000	13.913043	240.000000	320.000000
0	4.895000	13.913043	240.000000	320.000000
0	4.926000	13.913043	240.000000	320.000000
0	4.973000	13.913043	240.000000	320.000000
0	5.004000	13.913043	240.000000	320.000000
0	5.035000	13.913043	240.000000	320.000000
0	5.066000	13.913043	240.000000	320.000000
0	5.098000	13.913043	240.000000	320.000000
0	5.129000	13.913043	240.000000	320.000000
0	5.160000	13.913043	240.000000	320.000000
0	5.191000	13.913043	240.000000	320.000000
0	5.238000	13.913043	240.000000	320.000000
0	5.269000	13.913043	240.000000	320.000000
0	5.300000	13.913043	240.000000	320.000000
0	5.332000	13.913043	240.000000	320.000000
0	5.363000	13.913043	240.000000	320.000000
0	5.394000	13.913043	240.000000	320.000000
0	5.425000	13.913043	240.000000	320.000000
0	5.472000	13.913043	240.000000	320.000000
0	5.503000	13.913043	240.000000	320.000000
0	5.534000	13.913043	240.000000	320.000000
0	5.566000	13.913043	240.000000	320.000000
0	5.597000	13.913043	240.000000	320.000000
0	5.628000	13.913043	240.000000	320.000000
0	5.659000	13.913043	240.000000	320.000000
0	5.706000	13.913043	240.000000	320.000000
0	5.737000	13.913043	240.000000	320.000000
0	5.768000	13.913043	240.000000	320.000000
0	5.800000	13.913043	240.000000	320.000000
0	5.831000	13.913043	240.000000	320.000000
0	5.862000	13.913043	240.000000	320.000000
0	5.893000	13.913043	240.000000	320.000000
0	5.924000	13.913043	240.000000	320.000000
0	5.971000	13.913043	240.000000	320.000000
0	6.002000	13.913043	240.000000	320.000000
0	6.034000	13.913043	240.000000	320.000000
0	6.065000	13.913043	240.000000	320.000000
0	6.096000	13.913043	240.000000	320.000000
0	6.127000	13.913043	240.000000	320.000000
0	6.158000	13.913043	240.000000	320.000000
0	6.205000	13.913043	240.000000	320.000000
0	6.236000	13.913043	240.000000	320.000000
0	6.268000	13.913043	240.000000	320.000000
0	6.299000	13.913043	240.000000	320.000000
0	6.330000	13.913043	240.000000	320.000000
0	6.361000	13.913043	240.000000	320.000000
0	6.392000	13.913043	240.000000	320.000000
0	6.424000	13.913043	240.000000	320.000000
0	6.470000	13.913043	240.000000	320.000000
0	6.502000	13.913043	240.000000	320.000000
0	6.533000	13.913043	240.000000	320.000000
0	6.564000	13.913043	240.000000	320.000000
0	6.595000	13.913043	240.000000	320.000000
0	6.626000	13.913043	240.000000	320.000000
0	6.658000	13.913043	240.000000	320.000000
0	6.704000	13.913043	240.000000	320.000000
0	6.736000	13.913043	240.000000	320.000000
0	6.767000	13.913043	240.000000	320.000000
0	6.798000	13.913043	240.000000	320.000000
0	6.829000	13.913043	240.000000	320.000000
0	6.860000	13.913043	240.000000	320.000000
0	6.892000	13.913043	240.000000	320.000000
0	6.923000	13.913043	240.000000	320.000000
0	6.970000	13.913043	240.000000	320.000000
0	7.001000	13.913043	240.000000	320.000000
0	7.032000	13.913043	240.000000	320.000000
0	7.063000	13.913043	240.000000	320.000000
0	7.094000	13.913043	240.000000	320.000000
0	7.126000	13.913043	240.000000	320.000000
0	7.157000	13.913043	240.000000	320.000000
0	7.204000	13.913043	240.000000	320.000000
0	7.235000	13.913043	240.000000	320.000000
0	7.266000	13.913043	240.000000	320.000000
0	7.297000	13.913043	240.000000	320.000000
0	7.328000	13.913043	240.000000	320.000000
0	7.360000	13.913043	240.000000	320.000000
0	7.391000	13.913043	240.000000	320.000000
0	7.438000	13.913043	240.000000	320.000000
0	7.469000	13.913043	240.000000	320.000000
0	7.500000	13.913043	240.000000	320.000000
0	7.531000	13.913043	240.000000	320.000000
0	7.562000	13.913043	240.000000	320.000000
0	7.594000	13.913043	240.000000	320.000000
0	7.625000	13.913043	240.000000	320.000000
0	7.656000	13.913043	240.000000	320.000000
0	7.703000	13.913043	240.000000	320.000000
0	7.734000	13.913043	240.000000	320.000000
0	7.765000	13.913043	240.000000	320.000000
0	7.796000	13.913043	240.000000	320.000000
0	7.828000	13.913043	240.000000	320.000000
0	7.859000	13.913043	240.000000	320.000000
0	7.890000	13.913043	240.000000	320.000000
0	7.937000	13.913043	240.000000	320.000000
0	7.968000	13.913043	240.000000	320.000000
0	7.999000	13.913043	240.000000	320.000000
0	8.030000	13.913043	240.000000	320.000000
0	8.062000	13.913043	240.000000	320.000000
0	8.093000	13.913043	240.000000	320.000000
0	8.124000	13.913043	240.000000	320.000000
0	8.171000	13.913043	240.000000	320.000000
0	8.202000	13.913043	240.000000	320.000000
0	8.233000	13.913043	240.000000	320.000000
0	8.264000	13.913043	240.000000	320.000000
0	8.296000	13.913043	240.000000	320.000000
0	8.327000	13.913043	240.000000	320.000000
0	8.358000	13.913043	240.000000	320.000000
0	8.389000	13.913043	240.000000	320.000000
0	8.436000	13.913043	240.000000	320.000000
0	8.467000	13.913043	240.000000	320.000000
0	8.498000	13.913043	240.000000	320.000000
0	8.530000	13.913043	240.000000	320.000000
0	8.561000	13.913043	240.000000	320.000000
0	8.592000	13.913043	240.000000	320.000000
0	8.623000	13.913043	240.000000	320.000000
0	8.670000	13.913043	240.000000	320.000000
0	8.701000	13.913043	240.000000	320.000000
0	8.732000	13.913043	240.000000	320.000000
0	8.764000	13.913043	240.000000	320.000000
0	8.795000	13.913043	240.000000	320.000000
0	8.826000	13.913043	240.000000	320.000000
0	8.857000	13.913043	240.000000	320.000000
0	8.904000	13.913043	240.000000	320.000000
0	8.935000	13.913043	240.000000	320.000000
0	8.966000	13.913043	240.000000	320.000000
0	8.998000	13.913043	240.000000	320.000000
0	9.029000	13.913043	240.000000	320.000000
0	9.060000	13.913043	240.000000	320.000000
0	9.091000	13.913043	240.000000	320.000000
0	9.122000	13.913043	240.000000	320.000000
0	9.169000	13.913043	240.000000	320.000000
0	9.200000	13.913043	240.000000	320.000000
0	9.232000	13.913043	240.000000	320.000000
0	9.263000	13.913043	240.000000	320.000000
0	9.294000	13.913043	240.000000	320.000000
0	9.325000	13.913043	240.000000	320.000000
0	9.356000	13.913043	240.000000	320.000000
0	9.403000	13.913043	240.000000	320.000000
0	9.434000	13.913043	240.000000	320.000000
0	9.466000	13.913043	240.000000	320.000000
0	9.497000	13.913043	240.000000	320.000000
0	9.528000	13.913043	240.000000	320.000000
0	9.559000	13.913043	240.000000	320.000000
0	9.590000	13.913043	240.000000	320.000000
0	9.637000	13.913043	240.000000	320.000000
0	9.668000	13.913043	240.000000	320.000000
0	9.700000	13.913043	240.000000	320.000000
0	9.731000	13.913043	240.000000	320.000000
0	9.762000	13.913043	240.000000	320.000000
0	9.793000	13.913043	240.000000	320.000000
0	9.824000	13.913043	240.000000	320.000000
0	9.856000	13.913043	240.000000	320.000000
0	9.902000	13.913043	240.000000	320.000000
0	9.934000	13.913043	240.000000	320.000000
0	9.965000	13.913043	240.000000	320.000000
0	9.996000	13.913043	240.000000	320.000000
0	10.027000	13.913043	240.000000	320.000000
0	10.058000	13.913043	240.000000	320.000000
0	10.090000	13.913043	240.000000	320.000000
0	10.136000	13.913043	240.000000	320.000000
0	10.168000	13.913043	240.000000	320.000000
0	10.199000	13.913043	240.000000	320.000000
0	10.230000	13.913043	240.000000	320.000000
0	10.261000	13.913043	240.000000	320.000000
0	10.292000	13.913043	240.000000	320.000000
0	10.324000	13.913043	240.000000	320.000000
0	10.355000	13.913043	240.000000	320.000000
0	10.402000	13.913043	240.000000	320.000000
0	10.433000	13.913043	240.000000	320.000000
0	10.464000	13.913043	240.000000	320.000000
0	10.495000	13.913043	240.000000	320.000000
0	10.526000	13.913043	240.000000	320.000000
0	10.558000	13.913043	240.000000	320.000000
0	10.589000	13.913043	240.000000	320.000000
0	10.636000	13.913043	240.000000	320.000000
0	10.667000	13.913043	240.000000	320.000000
0	10.698000	13.913043	240.000000	320.000000
0	10.729000	13.913043	240.000000	320.000000
0	10.760000	13.913043	240.000000	320.000000
0	10.792000	13.913043	240.000000	320.000000
0	10.823000	13.913043	240.000000	320.000000
0	10.870000	13.913043	240.000000	320.000000
0	10.901000	13.913043	240.000000	320.000000
0	10.932000	13.913043	240.000000	320.000000
0	10.963000	13.913043	240.000000	320.000000
0	10.994000	13.913043	240.000000	320.000000
0	11.026000	13.913043	240.000000	320.000000
0	11.057000	13.913043	240.000000	320.000000
0	11.088000	13.913043	240.000000	320.000000
0	11.135000	13.913043	240.000000	320.000000
0	11.166000	13.913043	240.000000	320.000000
0	11.197000	13.913043	240.000000	320.000000
0	11.228000	13.913043	240.000000	320.000000
0	11.260000	13.913043	240.000000	320.000000
0	11.291000	13.913043	240.000000	320.000000
0	11.322000	13.913043	240.000000	320.000000
0	11.369000	13.913043	240.000000	320.000000
0	11.400000	13.913043	240.000000	320.000000
0	11.431000	13.913043	240.000000	320.000000
0	11.462000	13.913043	240.000000	320.000000
0	11.494000	13.913043	240.000000	320.000000
0	11.525000	13.913043	240.000000	320.000000
0	11.556000	13.913043	240.000000	320.000000
0	11.603000	13.913043	240.000000	320.000000
0	11.634000	13.913043	240.000000	320.000000
0	11.665000	13.913043	240.000000	320.000000
0	11.696000	13.913043	240.000000	320.000000
0	11.728000	13.913043	240.000000	320.000000
0	11.759000	13.913043	240.000000	320.000000
0	11.790000	13.913043	240.000000	320.000000
0	11.821000	13.913043	240.000000	320.000000
0	11.868000	13.913043	240.000000	320.000000
0	11.899000	13.913043	240.000000	320.000000
0	11.930000	13.913043	240.000000	320.000000
0	11.962000	13.913043	240.000000	320.000000
0	11.993000	13.913043	240.000000	320.000000
0	12.024000	13.913043	240.000000	320.000000
0	12.055000	13.913043	240.000000	320.000000
0	12.102000	13.913043	240.000000	320.000000
0	12.133000	13.913043	240.000000	320.000000
0	12.164000	13.913043	240.000000	320.000000
0	12.196000	13.913043	240.000000	320.000000
0	12.227000	13.913043	240.000000	320.000000
0	12.258000	13.913043	240.000000	320.000000
0	12.289000	13.913043	240.000000	320.000000
0	12.320000	13.913043	240.000000	320.000000
0	12.367000	13.913043	240.000000	320.000000
0	12.398000	13.913043	240.000000	320.000000
0	12.430000	13.913043	240.000000	320.000000
0	12.461000	13.913043	240.000000	320.000000
0	12.492000	13.913043	240.000000	320.000000
0	12.523000	13.913043	240.000000	320.000000
0	12.554000	13.913043	240.000000	320.000000
0	12.601000	13.913043	240.000000	320.000000
0	12.632000	13.913043	240.000000	320.000000
0	12.664000	13.913043	240.000000	320.000000
0	12.695000	13.913043	240.000000	320.000000
0	12.726000	13.913043	240.000000	320.000000
0	12.757000	13.913043	240.000000	320.000000
0	12.788000	13.913043	240.000000	320.000000
0	12.835000	13.913043	240.000000	320.000000
0	12.866000	13.913043	240.000000	320.000000
0	12.898000	13.913043	240.000000	320.000000
0	12.929000	13.913043	240.000000	320.000000
0	12.960000	13.913043	240.000000	320.000000
0	12.991000	13.913043	240.000000	320.000000
0	13.022000	13.913043	240.000000	320.000000
0	13.054000	13.913043	240.000000	320.000000
0	13.100000	13.913043	240.000000	320.000000
0	13.132000	13.913043	240.000000	320.000000
0	13.163000	13.913043	240.000000	320.000000
0	13.194000	13.913043	240.000000	320.000000
0	13.225000	13.913043	240.000000	320.000000
0	13.256000	13.913043	240.000000	320.000000
0	13.288000	13.913043	240.000000	320.000000
0	13.334000	13.913043	240.000000	320.000000
0	13.366000	13.913043	240.000000	320.000000
0	13.397000	13.913043	240.000000	320.000000
0	13.428000	13.913043	240.000000	320.000000
0	13.459000	13.913043	240.000000	320.000000
0	13.490000	13.913043	240.000000	320.000000
0	13.522000	13.913043	240.000000	320.000000
0	13.568000	13.913043	240.000000	320.000000
0	13.600000	13.913043	240.000000	320.000000
0	13.631000	13.913043	240.000000	320.000000
0	13.662000	13.913043	240.000000	320.000000
0	13.693000	13.913043	240.000000	320.000000
0	13.724000	13.913043	240.000000	320.000000
0	13.756000	13.913043	240.000000	320.000000
0	13.787000	13.913043	240.000000	320.000000
0	13.834000	13.913043	240.000000	320.000000
0	13.865000	13.913043	240.000000	320.000000
0	13.896000	13.913043	240.000000	320.000000
0	13.927000	13.913043	240.000000	320.000000
0	13.958000	13.913043	240.000000	320.000000
0	13.990000	13.913043	240.000000	320.000000
0	14.021000	13.913043	240.000000	320.000000
0	14.068000	13.913043	240.000000	320.000000
0	14.099000	13.913043	240.000000	320.000000
0	14.130000	13.913043	240.000000	320.000000
0	14.161000	13.913043	240.000000	320.000000
0	14.192000	13.913043	240.000000	320.000000
0	14.224000	13.913043	240.000000	320.000000
0	14.255000	13.913043	240.000000	320.000000
0	14.286000	13.913043	240.000000	320.000000
0	14.333000	13.913043	240.000000	320.000000
0	14.364000	13.913043	240.000000	320.000000
0	14.395000	13.913043	240.000000	320.000000
0	14.426000	13.913043	240.000000	320.000000
0	14.458000	13.913043	240.000000	320.000000
0	14.489000	13.913043	240.000000	320.000000
0	14.520000	13.913043	240.000000	320.000000
0	14.567000	13.913043	240.000000	320.000000
0	14.598000	13.913043	240.000000	320.000000
0	14.629000	13.913043	240.000000	320.000000
0	14.660000	13.913043	240.000000	320.000000
0	14.692000	13.913043	240.000000	320.000000
0	14.723000	13.913043	240.000000	320.000000
0	14.754000	13.913043	240.000000	320.000000
0	14.801000	13.913043	240.000000	320.000000
0	14.832000	13.913043	240.000000	320.000000
0	14.863000	13.913043	240.000000	320.000000
0	14.894000	13.913043	240.000000	320.000000
0	14.926000	13.913043	240.000000	320.000000
0	14.957000	13.913043	240.000000	320.000000
0	14.988000	13.913043	240.000000	320.000000
0	15.019000	13.913043	240.000000	320.000000
0	15.066000	13.913043	240.000000	320.000000
0	15.097000	13.913043	240.000000	320.000000
0	15.128000	13.913043	240.000000	320.000000
0	15.160000	13.913043	240.000000	320.000000
0	15.191000	13.913043	240.000000	320.000000
0	15.222000	13.913043	240.000000	320.000000
0	15.253000	13.913043	240.000000	320.000000
0	15.300000	13.913043	240.000000	320.000000
0	15.331000	13.913043	240.000000	320.000000
0	15.362000	13.913043	240.000000	320.000000
0	15.394000	13.913043	240.000000	320.000000
0	15.425000	13.913043	240.000000	320.000000
0	15.456000	13.913043	240.000000	320.000000
0	15.487000	13.913043	240.000000	320.000000
0	15.534000	13.913043	240.000000	320.000000
0	15.565000	13.913043	240.000000	320.000000
0	15.596000	13.913043	240.000000	320.000000
0	15.628000	13.913043	240.000000	320.000000
0	15.659000	13.913043	240.000000	320.000000
0	15.690000	13.913043	240.000000	320.000000
0	15.721000	13.913043	240.000000	320.000000
0	15.752000	13.913043	240.000000	320.000000
0	15.799000	13.913043	240.000000	320.000000
0	15.830000	13.913043	240.000000	320.000000
0	15.862000	13.913043	240.000000	320.000000
0	15.893000	13.913043	240.000000	320.000000
0	15.924000	13.913043	240.000000	320.000000
0	15.955000	13.913043	240.000000	320.000000
0	15.986000	13.913043	240.000000	320.000000
0	16.033000	13.913043	240.000000	320.000000
0	16.064000	13.913043	240.000000	320.000000
0	16.096000	13.913043	240.000000	320.000000
0	16.127000	13.913043	240.000000	320.000000
0	16.158000	13.913043	240.000000	320.000000
0	16.189000	13.913043	240.000000	320.000000
0	16.220000	13.913043	240.000000	320.000000
0	16.267000	13.913043	240.000000	320.000000
0	16.298000	13.913043	240.000000	320.000000
0	16.330000	13.913043	240.000000	320.000000
0	16.361000	13.913043	240.000000	320.000000
0	16.392000	13.913043	240.000000	320.000000
0	16.423000	13.913043	240.000000	320.000000
0	16.454000	13.913043	240.000000	320.000000
0	16.486000	13.913043	240.000000	320.000000
0	16.532000	13.913043	240.000000	320.000000
0	16.564000	13.913043	240.000000	320.000000
0	16.595000	13.913043	240.000000	320.000000
0	16.626000	13.913043	240.000000	320.000000
0	16.657000	13.913043	240.000000	320.000000
0	16.688000	13.913043	240.000000	320.000000
0	16.720000	13.913043	240.000000	320.000000
0	16.766000	13.913043	240.000000	320.000000
0	16.798000	13.913043	240.000000	320.000000
0	16.829000	13.913043	240.000000	320.000000
0	16.860000	13.913043	240.000000	320.000000
0	16.891000	13.913043	240.000000	320.000000
0	16.922000	13.913043	240.000000	320.000000
0	16.954000	13.913043	240.000000	320.000000
0	17.000000	13.913043	240.000000	320.000000
0	17.032000	13.913043	240.000000	320.000000
0	17.063000	13.913043	240.000000	320.000000
0	17.094000	13.913043	240.000000	320.000000
0	17.125000	13.913043	240.000000	320.000000
0	17.156000	13.913043	240.000000	320.000000
0	17.188000	13.913043	240.000000	320.000000
0	17.219000	13.913043	240.000000	320.000000
0	17.266000	13.913043	240.000000	320.000000
0	17.297000	13.913043	240.000000	320.000000
0	17.328000	13.913043	240.000000	320.000000
0	17.359000	13.913043	240.000000	320.000000
0	17.390000	13.913043	240.000000	320.000000
0	17.422000	13.913043	240.000000	320.000000
0	17.453000	13.913043	240.000000	320.000000
0	17.500000	13.913043	240.000000	320.000000
0	17.531000	13.913043	240.000000	320.000000
0	17.562000	13.913043	240.000000	320.000000
0	17.593000	13.913043	240.000000	320.000000
0	17.624000	13.913043	240.000000	320.000000
0	17.656000	13.913043	240.000000	320.000000
0	17.687000	13.913043	240.000000	320.000000
0	17.718000	13.913043	240.000000	320.000000
0	17.765000	13.913043	240.000000	320.000000
0	17.796000	13.913043	240.000000	320.000000
0	17.827000	13.913043	240.000000	320.000000
0	17.858000	13.913043	240.000000	320.000000
0	17.890000	13.913043	240.000000	320.000000
0	17.921000	13.913043	240.000000	320.000000
0	17.952000	13.913043	240.000000	320.000000
0	17.999000	13.913043	240.000000	320.000000
0	18.030000	13.913043	240.000000	320.000000
0	18.061000	13.913043	240.000000	320.000000
0	18.092000	13.913043	240.000000	320.000000
0	18.124000	13.913043	240.000000	320.000000
0	18.155000	13.913043	240.000000	320.000000
0	18.186000	13.913043	240.000000	320.000000
0	18.217000	13.913043	240.000000	320.000000
0	18.264000	13.913043	240.000000	320.000000
0	18.295000	13.913043	240.000000	320.000000
0	18.326000	13.913043	240.000000	320.000000
0	18.358000	13.913043	240.000000	320.000000
0	18.389000	13.913043	240.000000	320.000000
0	18.420000	13.913043	240.000000	320.000000
0	18.451000	13.913043	240.000000	320.000000
0	18.498000	13.913043	240.000000	320.000000
0	18.529000	13.913043	240.000000	320.000000
0	18.560000	13.913043	240.000000	320.000000
0	18.592000	13.913043	240.000000	320.000000
0	18.623000	13.913043	240.000000	320.000000
0	18.654000	13.913043	240.000000	320.000000
0	18.685000	13.913043	240.000000	320.000000
0	18.732000	13.913043	240.000000	320.000000
0	18.763000	13.913043	240.000000	320.000000
0	18.794000	13.913043	240.000000	320.000000
0	18.826000	13.913043	240.000000	320.000000
0	18.857000	13.913043	240.000000	320.000000
0	18.888000	13.913043	240.000000	320.000000
0	18.919000	13.913043	240.000000	320.000000
0	18.950000	13.913043	240.000000	320.000000
0	18.997000	13.913043	240.000000	320.000000
0	19.028000	13.913043	240.000000	320.000000
0	19.060000	13.913043	240.000000	320.000000
0	19.091000	13.913043	240.000000	320.000000
0	19.122000	13.913043	240.000000	320.000000
0	19.153000	13.913043	240.000000	320.000000
0	19.184000	13.913043	240.000000	320.000000
0	19.231000	13.913043	240.000000	320.000000
0	19.262000	13.913043	240.000000	320.000000
0	19.294000	13.913043	240.000000	320.000000
0	19.325000	13.913043	240.000000	320.000000
0	19.356000	13.913043	240.000000	320.000000
0	19.387000	13.913043	240.000000	320.000000
0	19.418000	13.913043	240.000000	320.000000
0	19.465000	13.913043	240.000000	320.000000
0	19.496000	13.913043	240.000000	320.000000
0	19.528000	13.913043	240.000000	320.000000
0	19.559000	13.913043	240.000000	320.000000
0	19.590000	13.913043	240.000000	320.000000
0	19.621000	13.913043	240.000000	320.000000
0	19.652000	13.913043	240.000000	320.000000
0	19.684000	13.913043	240.000000	320.000000
0	19.730000	13.913043	240.000000	320.000000
0	19.762000	13.913043	240.000000	320.000000
0	19.793000	13.913043	240.000000	320.000000
0	19.824000	13.913043	240.000000	320.000000
0	19.855000	13.913043	240.000000	320.000000
0	19.886000	13.913043	240.000000	320.000000
0	19.918000	13.913043	240.000000	320.000000
0	19.964000	13.913043	240.000000	320.000000
0	19.996000	13.913043	240.000000	320.000000
0	20.027000	13.913043	240.000000	320.000000
0	20.058000	13.913043	240.000000	320.000000
0	20.089000	13.913043	240.000000	320.000000
0	20.120000	13.913043	240.000000	320.000000
0	20.152000	13.913043	240.000000	320.000000
0	20.198000	13.913043	240.000000	320.000000
0	20.230000	13.913043	240.000000	320.000000
0	20.261000	13.913043	240.000000	320.000000
0	20.292000	13.913043	240.000000	320.000000
0	20.323000	13.913043	240.000000	320.000000
0	20.354000	13.913043	240.000000	320.000000
0	20.386000	13.913043	240.000000	320.000000
0	20.417000	13.913043	240.000000	320.000000
0	20.464000	13.913043	240.000000	320.000000
0	20.495000	13.913043	240.000000	320.000000
0	20.526000	13.913043	240.000000	320.000000
0	20.557000	13.913043	240.000000	320.000000
0	20.588000	13.913043	240.000000	320.000000
0	20.620000	13.913043	240.000000	320.000000
0	20.651000	13.913043	240.000000	320.000000
0	20.698000	13.913043	240.000000	320.000000
0	20.729000	13.913043	240.000000	320.000000
0	20.760000	13.913043	240.000000	320.000000
0	20.791000	13.913043	240.000000	320.000000
0	20.822000	13.913043	240.000000	320.000000
0	20.854000	13.913043	240.000000	320.000000
0	20.885000	13.913043	240.000000	320.000000
0	20.932000	13.913043	240.000000	320.000000
0	20.963000	13.913043	240.000000	320.000000
0	20.994000	13.913043	240.000000	320.000000
0	21.025000	13.913043	240.000000	320.000000
0	21.056000	13.913043	240.000000	320.000000
0	21.088000	13.913043	240.000000	320.000000
0	21.119000	13.913043	240.000000	320.000000
0	21.150000	13.913043	240.000000	320.000000
0	21.197000	13.913043	240.000000	320.000000
0	21.228000	13.913043	240.000000	320.000000
0	21.259000	13.913043	240.000000	320.000000
0	21.290000	13.913043	240.000000	320.000000
0	21.322000	13.913043	240.000000	320.000000
0	21.353000	13.913043	240.000000	320.000000
0	21.384000	13.913043	240.000000	320.000000
0	21.431000	13.913043	240.000000	320.000000
0	21.462000	13.913043	240.000000	320.000000
0	21.493000	13.913043	240.000000	320.000000
0	21.524000	13.913043	240.000000	320.000000
0	21.556000	13.913043	240.000000	320.000000
0	21.587000	13.913043	240.000000	320.000000
0	21.618000	13.913043	240.000000	320.000000
0	21.665000	13.913043	240.000000	320.000000
0	21.696000	13.913043	240.000000	320.000000
0	21.727000	13.913043	240.000000	320.000000
0	21.758000	13.913043	240.000000	320.000000
0	21.790000	13.913043	240.000000	320.000000
0	21.821000	13.913043	240.000000	320.000000
0	21.852000	13.913043	240.000000	320.000000
0	21.883000	13.913043	240.000000	320.000000
0	21.930000	13.913043	240.000000	320.000000
0	21.961000	13.913043	240.000000	320.000000
0	21.992000	13.913043	240.000000	320.000000
0	22.024000	13.913043	240.000000	320.000000
0	22.055000	13.913043	240.000000	320.000000
0	22.086000	13.913043	240.000000	320.000000
0	22.117000	13.913043	240.000000	320.000000
0	22.148000	13.913043	240.000000	320.000000
0	22.195000	13.913043	240.000000	320.000000
0	22.226000	13.913043	240.000000	320.000000
0	22.258000	13.913043	240.000000	320.000000
0	22.289000	13.913043	240.000000	320.000000
0	22.320000	13.913043	240.000000	320.000000
0	22.351000	13.913043	240.000000	320.000000
0	22.382000	13.913043	240.000000	320.000000
0	22.429000	13.913043	240.000000	320.000000
0	22.460000	13.913043	240.000000	320.000000
0	22.492000	13.913043	240.000000	320.000000
0	22.523000	13.913043	240.000000	320.000000
0	22.554000	13.913043	240.000000	320.000000
0	22.585000	13.913043	240.000000	320.000000
0	22.616000	13.913043	240.000000	320.000000
0	22.663000	13.913043	240.000000	320.000000
0	22.694000	13.913043	240.000000	320.000000
0	22.726000	13.913043	240.000000	320.000000
0	22.757000	13.913043	240.000000	320.000000
0	22.788000	13.913043	240.000000	320.000000
0	22.819000	13.913043	240.000000	320.000000
0	22.850000	13.913043	240.000000	320.000000
0	22.882000	13.913043	240.000000	320.000000
0	22.928000	13.913043	240.000000	320.000000
0	22.960000	13.913043	240.000000	320.000000
0	22.991000	13.913043	240.000000	320.000000
0	23.022000	13.913043	240.000000	320.000000
0	23.053000	13.913043	240.000000	320.000000
0	23.084000	13.913043	240.000000	320.000000
0	23.116000	13.913043	240.000000	320.000000
0	23.162000	13.913043	240.000000	320.000000
0	23.194000	13.913043	240.000000	320.000000
0	23.225000	13.913043	240.000000	320.000000
0	23.256000	13.913043	240.000000	320.000000
0	23.287000	13.913043	240.000000	320.000000
0	23.318000	13.913043	240.000000	320.000000
0	23.350000	13.913043	240.000000	320.000000
0	23.396000	13.913043	240.000000	320.000000
0	23.428000	13.913043	240.000000	320.000000
0	23.459000	13.913043	240.000000	320.000000
0	23.490000	13.913043	240.000000	320.000000
0	23.521000	13.913043	240.000000	320.000000
0	23.552000	13.913043	240.000000	320.000000
0	23.584000	13.913043	240.000000	320.000000
0	23.615000	13.913043	240.000000	320.000000
0	23.662000	13.913043	240.000000	320.000000
0	23.693000	13.913043	240.000000	320.000000
0	23.724000	13.913043	240.000000	320.000000
0	23.755000	13.913043	240.000000	320.000000
0	23.786000	13.913043	240.000000	320.000000
0	23.818000	13.913043	240.000000	320.000000
0	23.849000	13.913043	240.000000	320.000000
0	23.896000	13.913043	240.000000	320.000000
0	23.927000	13.913043	240.000000	320.000000
0	23.958000	13.913043	240.000000	320.000000
0	23.989000	13.913043	240.000000	320.000000
0	24.020000	13.913043	240.000000	320.000000
0	24.052000	13.913043	240.000000	320.000000
0	24.083000	13.913043	240.000000	320.000000
0	24.130000	13.913043	240.000000	320.000000
0	24.161000	13.913043	240.000000	320.000000
0	24.192000	13.913043	240.000000	320.000000
0	24.223000	13.913043	240.000000	320.000000
0	24.254000	13.913043	240.000000	320.000000
0	24.286000	13.913043	240.000000	320.000000
0	24.317000	13.913043	240.000000	320.000000
0	24.348000	13.913043	240.000000	320.000000
0	24.395000	13.913043	240.000000	320.000000
0	24.426000	13.913043	240.000000	320.000000
0	24.457000	13.913043	240.000000	320.000000
0	24.488000	13.913043	240.000000	320.000000
0	24.520000	13.913043	240.000000	320.000000
0	24.551000	13.913043	240.000000	320.000000
0	24.582000	13.913043	240.000000	320.000000
0	24.629000	13.913043	240.000000	320.000000
0	24.660000	13.913043	240.000000	320.000000
0	24.691000	13.913043	240.000000	320.000000
0	24.722000	13.913043	240.000000	320.000000
0	24.754000	13.913043	240.000000	320.000000
0	24.785000	13.913043	240.000000	320.000000
0	24.816000	13.913043	240.000000	320.000000
0	24.863000	13.913043	240.000000	320.000000
0	24.894000	13.913043	240.000000	320.000000
0	24.925000	13.913043	240.000000	320.000000
0	24.956000	13.913043	240.000000	320.000000
0	24.988000	13.913043	240.000000	320.000000
0	25.019000	13.913043	240.000000	320.000000
0	25.050000	13.913043	240.000000	320.000000
0	25.081000	13.913043	240.000000	320.000000
0	25.128000	13.913043	240.000000	320.000000
0	25.159000	13.913043	240.000000	320.000000
0	25.190000	13.913043	240.000000	320.000000
0	25.222000	13.913043	240.000000	320.000000
0	25.253000	13.913043	240.000000	320.000000
0	25.284000	13.913043	240.000000	320.000000
0	25.315000	13.913043	240.000000	320.000000
0	25.362000	13.913043	240.000000	320.000000
0	25.393000	13.913043	240.000000	320.000000
0	25.424000	13.913043	240.000000	320.000000
0	25.456000	13.913043	240.000000	320.000000
0	25.487000	13.913043	240.000000	320.000000
0	25.518000	13.913043	240.000000	320.000000
0	25.549000	13.913043	240.000000	320.000000
0	25.596000	13.913043	240.000000	320.000000
0	25.627000	13.913043	240.000000	320.000000
0	25.658000	13.913043	240.000000	320.000000
0	25.690000	13.913043	240.000000	320.000000
0	25.721000	13.913043	240.000000	320.000000
0	25.752000	13.913043	240.000000	320.000000
0	25.783000	13.913043	240.000000	320.000000
0	25.814000	13.913043	240.000000	320.000000
0	25.861000	13.913043	240.000000	320.000000
0	25.892000	13.913043	240.000000	320.000000
0	25.924000	13.913043	240.000000	320.000000
0	25.955000	13.913043	240.000000	320.000000
0	25.986000	13.913043	240.000000	320.000000
0	26.017000	13.913043	240.000000	320.000000
0	26.048000	13.913043	240.000000	320.000000
0	26.095000	13.913043	240.000000	320.000000
0	26.126000	13.913043	240.000000	320.000000
0	26.158000	13.913043	240.000000	320.000000
0	26.189000	13.913043	240.000000	320.000000
0	26.220000	13.913043	240.000000	320.000000
0	26.251000	13.913043	240.000000	320.000000
0	26.282000	13.913043	240.000000	320.000000
0	26.314000	13.913043	240.000000	320.000000
0	26.360000	13.913043	240.000000	320.000000
0	26.392000	13.913043	240.000000	320.000000
0	26.423000	13.913043	240.000000	320.000000
0	26.454000	13.913043	240.000000	320.000000
0	26.485000	13.913043	240.000000	320.000000
0	26.516000	13.913043	240.000000	320.000000
0	26.548000	13.913043	240.000000	320.000000
0	26.594000	13.913043	240.000000	320.000000
0	26.626000	13.913043	240.000000	320.000000
0	26.657000	13.913043	240.000000	320.000000
0	26.688000	13.913043	240.000000	320.000000
0	26.719000	13.913043	240.000000	320.000000
0	26.750000	13.913043	240.000000	320.000000
0	26.782000	13.913043	240.000000	320.000000
0	26.813000	13.913043	240.000000	320.000000
0	26.860000	13.913043	240.000000	320.000000
0	26.891000	13.913043	240.000000	320.000000
0	26.922000	13.913043	240.000000	320.000000
0	26.953000	13.913043	240.000000	320.000000
0	26.984000	13.913043	240.000000	320.000000
0	27.016000	13.913043	240.000000	320.000000
0	27.047000	13.913043	240.000000	320.000000
0	27.094000	13.913043	240.000000	320.000000
0	27.125000	13.913043	240.000000	320.000000
0	27.156000	13.913043	240.000000	320.000000
0	27.187000	13.913043	240.000000	320.000000
0	27.218000	13.913043	240.000000	320.000000
0	27.250000	13.913043	240.000000	320.000000
0	27.281000	13.913043	240.000000	320.000000
0	27.328000	13.913043	240.000000	320.000000
0	27.359000	13.913043	240.000000	320.000000
0	27.390000	13.913043	240.000000	320.000000
0	27.421000	13.913043	240.000000	320.000000
0	27.452000	13.913043	240.000000	320.000000
0	27.484000	13.913043	240.000000	320.000000
0	27.515000	13.913043	240.000000	320.000000
0	27.546000	13.913043	240.000000	320.000000
0	27.593000	13.913043	240.000000	320.000000
0	27.624000	13.913043	240.000000	320.000000
0	27.655000	13.913043	240.000000	320.000000
0	27.686000	13.913043	240.000000	320.000000
0	27.718000	13.913043	240.000000	320.000000
0	27.749000	13.913043	240.000000	320.000000
0	27.780000	13.913043	240.000000	320.000000
0	27.827000	13.913043	240.000000	320.000000
0	27.858000	13.913043	240.000000	320.000000
0	27.889000	13.913043	240.000000	320.000000
0	27.920000	13.913043	240.000000	320.000000
0	27.952000	13.913043	240.000000	320.000000
0	27.983000	13.913043	240.000000	320.000000
0	28.014000	13.913043	240.000000	320.000000
0	28.061000	13.913043	240.000000	320.000000
0	28.092000	13.913043	240.000000	320.000000
0	28.123000	13.913043	240.000000	320.000000
0	28.154000	13.913043	240.000000	320.000000
0	28.186000	13.913043	240.000000	320.000000
0	28.217000	13.913043	240.000000	320.000000
0	28.248000	13.913043	240.000000	320.000000
0	28.279000	13.913043	240.000000	320.000000
0	28.326000	13.913043	240.000000	320.000000
0	28.357000	13.913043	240.000000	320.000000
0	28.388000	13.913043	240.000000	320.000000
0	28.420000	13.913043	240.000000	320.000000
0	28.451000	13.913043	240.000000	320.000000
0	28.482000	13.913043	240.000000	320.000000
0	28.513000	13.913043	240.000000	320.000000
0	28.560000	13.913043	240.000000	320.000000
0	28.591000	13.913043	240.000000	320.000000
0	28.622000	13.913043	240.000000	320.000000
0	28.654000	13.913043	240.000000	320.000000
0	28.685000	13.913043	240.000000	320.000000
0	28.716000	13.913043	240.000000	320.000000
0	28.747000	13.913043	240.000000	320.000000
0	28.794000	13.913043	240.000000	320.000000
0	28.825000	13.913043	240.000000	320.000000
0	28.856000	13.913043	240.000000	320.000000
0	28.888000	13.913043	240.000000	320.000000
0	28.919000	13.913043	240.000000	320.000000
0	28.950000	13.913043	240.000000	320.000000
0	28.981000	13.913043	240.000000	320.000000
0	29.012000	13.913043	240.000000	320.000000
0	29.059000	13.913043	240.000000	320.000000
0	29.090000	13.913043	240.000000	320.000000
0	29.122000	13.913043	240.000000	320.000000
0	29.153000	13.913043	240.000000	320.000000
0	29.184000	13.913043	240.000000	320.000000
0	29.215000	13.913043	240.000000	320.000000
0	29.246000	13.913043	240.000000	320.000000
0	29.293000	13.913043	240.000000	320.000000
0	29.324000	13.913043	240.000000	320.000000
0	29.356000	13.913043	240.000000	320.000000
0	29.387000	13.913043	240.000000	320.000000
0	29.418000	13.913043	240.000000	320.000000
0	29.449000	13.913043	240.000000	320.000000
0	29.480000	13.913043	240.000000	320.000000
0	29.527000	13.913043	240.000000	320.000000
0	29.558000	13.913043	240.000000	320.000000
0	29.590000	13.913043	240.000000	320.000000
0	29.621000	13.913043	240.000000	320.000000
0	29.652000	13.913043	240.000000	320.000000
0	29.683000	13.913043	240.000000	320.000000
0	29.714000	13.913043	240.000000	320.000000
0	29.746000	13.913043	240.000000	320.000000
0	29.792000	13.913043	240.000000	320.000000
0	29.824000	13.913043	240.000000	320.000000
0	29.855000	13.913043	240.000000	320.000000
0	29.886000	13.913043	240.000000	320.000000
0	29.917000	13.913043	240.000000	320.000000
0	29.948000	13.913043	240.000000	320.000000
0	29.980000	13.913043	240.000000	320.000000
<\LEFT-PUPIL-DATA>
<RIGHT-PUPIL-ANALYSIS>
1
0	0	17	902	0	0	0.509000	29.518999	0.510000	15.810344	0.000000	0.000000	0.000000	0	3	3	3	3	0	0	0	0.000000	0.000000	0.000000	0.000000	0.000000	0.000000	0.000000	-1.000000	0.000000	0	1.025623	0.681217	0.826358	0.364503	0.236000	-0.272473	-0.823388	-1.000000	0.032471	1	1.025623	0.681217	0.826358	0.364503	0.236000	-0.271908	-0.823390	-1.000000	0.029583
<\RIGHT-PUPIL-ANALYSIS>
<LEFT-PUPIL-ANALYSIS>
1
0	0	18	902	0	0	0.509000	29.518999	0.510000	15.810344	0.000000	0.000000	0.000000	0	3	3	3	3	0	0	0	0.000000	0.000000	0.000000	0.000000	0.000000	0.000000	0.000000	-1.000000	0.000000	0	-0.034783	-0.034783	0.000950	0.000950	0.018000	0.000000	0.000000	-1.000000	0.000000	1	-0.034783	-0.034783	0.000950	0.000950	0.018000	-1000000.000000	-1000000.000000	-1.000000	0.000000
<\LEFT-PUPIL-ANALYSIS>
%%%%%%%%%
%%%%%%%%%
%%%%%%%%%
%%%	Measurement Tiime is: 2017-10-31 12:40:30
%%%	Subject ID is: C57BL6-28.09.17-DA-1mois-F1-1.2b
%%%	Note: 
%%%	RSS: Default Human Relative Spectral Sensitivity
%%%	Pupil Analysis:
%%%
%%%
%%%
%%%	Pulse Index:	0
%%%	Stimulus Session Index:	0
%%%	Right Pupil Stimulated
%%%	Light Metric is Photopic
%%%	Stimulus Start Time(sec):	0.51
%%%	Stimulus Duration(sec):	29.52
%%%	Stimulus Pulse Duration(sec):	0.51
%%%	Right Pulse:	15.81	(Blue )	-	0.00	(Blue )	[Lux ]
%%%	Left Pulse:	0.00	(Blue )	-	0.00	(Blue )	[Lux ]
%%%
%%%		RIGHT	LEFT	R.Pupil Mean	L.Pupil Mean	R.Stim Mean	R.Stim Mean
%%%	INPUT:	RAW DATA	RAW DATA
%%%	STATE:	ABNORMAL	ABNORMAL	ABNORMAL	ABNORMAL	ABNORMAL	ABNORMAL
%%%	MAX(mm):	0.00	0.00	0.00	0.00	0.00	0.00
%%%	MIN(mm):	0.00	0.00	0.00	0.00	0.00	0.00
%%%	DELTA(mm):						
%%%	CH(%):						
%%%	LAT(sec):	0.00	0.00	0.00	0.00	0.00	0.00
%%%	CV(mm/s):	0.00	0.00	0.00	0.00	0.00	0.00
%%%	MCV(mm/s):	0.00	0.00	0.00	0.00	0.00	0.00
%%%	DV(mm/s):	0.00	0.00	0.00	0.00	0.00	0.00
%%%%%%%%%
%%%%%%%%%
%%%%%%%%%
%%%	Right Pupil Profile (1st row -> 1 == valid tracking, 0 == invalid tracking; 2nd row -> time; 3rd row -> diameter (mm))
%%%	1	1	1	1	1	1	1	1	1	1	1	1	1	1	1	1	1	1	1	1	1	1	1	1	1	1	1	1	0	1	1	1	1	1	1	1	1	1	1	1	1	1	1	1	1	1	1	1	1	1	1	1	1	1	1	1	1	1	1	1	1	1	1	1	1	1	1	1	1	1	1	1	1	1	1	1	1	1	1	1	1	1	1	1	1	1	1	1	1	1	1	1	1	1	1	1	1	1	1	1	1	1	1	1	1	1	1	1	1	1	1	1	1	1	1	1	1	1	1	1	1	1	1	1	1	1	1	1	1	1	1	1	1	1	1	1	1	1	1	1	1	1	1	1	1	1	1	1	1	1	1	1	1	1	1	1	1	1	1	1	1	1	1	1	1	1	1	1	1	1	1	1	1	1	1	1	1	1	1	1	1	1	1	1	1	1	1	1	1	1	1	1	1	1	1	1	1	1	1	1	1	1	1	1	0	1	1	1	1	1	1	0	1	1	1	1	1	1	1	1	1	1	1	1	1	1	1	1	1	1	1	1	1	1	1	1	1	0	1	1	1	1	1	1	1	1	1	1	1	1	1	1	1	1	1	1	1	1	1	1	1	1	1	1	1	1	1	1	0	1	1	1	1	1	1	1	1	1	1	1	1	1	1	1	1	1	1	1	1	1	0	1	1	1	1	1	1	1	1	1	1	1	1	1	1	1	1	1	1	1	1	1	1	0	1	1	1	1	1	1	1	1	1	1	1	1	1	1	1	1	1	1	1	1	1	1	1	1	1	1	1	1	1	1	1	1	1	1	1	1	1	1	1	1	1	1	1	1	1	1	1	1	1	1	1	1	1	1	1	1	1	1	1	1	1	1	1	1	1	1	1	1	1	1	1	1	1	1	1	1	1	1	1	1	1	1	1	1	1	1	1	1	1	1	1	1	1	1	1	1	1	1	1	1	1	1	1	1	1	1	1	1	1	1	1	1	1	1	1	1	1	1	1	1	1	1	1	1	1	1	1	1	1	1	1	1	1	1	1	1	1	1	1	1	1	1	1	1	1	1	1	1	1	1	1	1	1	1	1	1	1	1	1	1	1	1	1	1	1	1	1	1	1	1	1	1	1	1	1	1	1	1	1	1	1	1	1	1	0	1	1	1	1	1	1	1	1	1	1	1	1	1	1	1	1	1	1	1	1	1	1	1	1	1	1	1	1	1	1	1	1	1	1	1	1	1	1	1	1	1	1	1	1	1	1	1	1	1	1	1	1	1	1	1	1	1	1	1	1	1	1	1	0	1	1	1	1	1	1	1	1	1	1	1	1	1	1	1	1	1	1	1	1	1	1	1	1	1	1	1	1	1	1	1	1	1	1	1	1	1	1	1	1	1	1	1	1	1	1	1	1	1	1	1	1	1	1	1	1	1	1	1	1	1	1	1	1	1	1	1	1	1	1	1	1	1	1	1	1	1	1	1	1	1	1	1	1	0	1	1	1	1	1	1	1	1	1	1	1	1	1	1	1	1	1	1	1	1	1	1	1	1	1	1	1	1	1	1	1	1	1	1	1	1	1	0	1	1	1	1	1	1	1	1	1	1	1	1	1	1	1	1	1	1	1	1	1	1	1	1	1	1	1	1	1	1	1	1	1	1	1	1	1	1	1	1	1	1	1	1	1	1	1	1	1	1	1	1	1	1	1	1	0	1	1	1	1	1	1	1	1	1	1	1	1	1	1	1	1	1	1	1	1	1	1	1	1	1	1	1	1	1	1	1	1	1	1	1	1	1	1	1	1	1	1	1	1	1	1	1	1	1	1	1	1	0	1	1	1	1	1	1	0	1	1	1	1	1	1	1	1	1	1	1	1	1	1	1	1	1	1	1	1	1	1	1	1	1	1	1	1	1	1	1	1	1	1	1	1	1	1	1	1	1	1	1	1	1	1	1	1	1	1	1	0	1	1	1	1	1	1	1	1	0	0	0	1	1	0	1	1	1	1	1	1	1	1	1	1	1	1	1	1	1	0	1	1	0	1	1	1	1	1	1	1	0	1	1	1	1	1	1	0
%%%	-0.050000	-0.019000	0.012000	0.043000	0.074000	0.106000	0.152000	0.184000	0.215000	0.246000	0.277000	0.308000	0.340000	0.386000	0.418000	0.449000	0.480000	0.511000	0.542000	0.574000	0.605000	0.652000	0.683000	0.714000	0.745000	0.776000	0.808000	0.839000	0.886000	0.917000	0.948000	0.979000	1.010000	1.042000	1.073000	1.120000	1.151000	1.182000	1.213000	1.244000	1.276000	1.307000	1.338000	1.385000	1.416000	1.447000	1.478000	1.510000	1.541000	1.572000	1.619000	1.650000	1.681000	1.712000	1.744000	1.775000	1.806000	1.853000	1.884000	1.915000	1.946000	1.978000	2.009000	2.040000	2.071000	2.118000	2.149000	2.180000	2.212000	2.243000	2.274000	2.305000	2.336000	2.383000	2.414000	2.446000	2.477000	2.508000	2.539000	2.570000	2.617000	2.648000	2.680000	2.711000	2.742000	2.773000	2.804000	2.851000	2.882000	2.914000	2.945000	2.976000	3.007000	3.038000	3.070000	3.116000	3.148000	3.179000	3.210000	3.241000	3.272000	3.304000	3.350000	3.382000	3.413000	3.444000	3.475000	3.506000	3.538000	3.584000	3.616000	3.647000	3.678000	3.709000	3.740000	3.772000	3.803000	3.850000	3.881000	3.912000	3.943000	3.974000	4.006000	4.037000	4.084000	4.115000	4.146000	4.177000	4.208000	4.240000	4.271000	4.318000	4.349000	4.380000	4.411000	4.442000	4.474000	4.505000	4.536000	4.583000	4.614000	4.645000	4.676000	4.708000	4.739000	4.770000	4.817000	4.848000	4.879000	4.910000	4.942000	4.973000	5.004000	5.051000	5.082000	5.113000	5.144000	5.176000	5.207000	5.238000	5.269000	5.316000	5.347000	5.378000	5.410000	5.441000	5.472000	5.503000	5.550000	5.581000	5.612000	5.644000	5.675000	5.706000	5.737000	5.784000	5.815000	5.846000	5.878000	5.909000	5.940000	5.971000	6.002000	6.049000	6.080000	6.112000	6.143000	6.174000	6.205000	6.236000	6.283000	6.314000	6.346000	6.377000	6.408000	6.439000	6.470000	6.502000	6.548000	6.580000	6.611000	6.642000	6.673000	6.704000	6.736000	6.782000	6.814000	6.845000	6.876000	6.907000	6.938000	6.970000	7.016000	7.048000	7.079000	7.110000	7.141000	7.172000	7.204000	7.235000	7.282000	7.313000	7.344000	7.375000	7.406000	7.438000	7.469000	7.516000	7.547000	7.578000	7.609000	7.640000	7.672000	7.703000	7.750000	7.781000	7.812000	7.843000	7.874000	7.906000	7.937000	7.968000	8.015000	8.046000	8.077000	8.108000	8.140000	8.171000	8.202000	8.249000	8.280000	8.311000	8.342000	8.374000	8.405000	8.436000	8.467000	8.514000	8.545000	8.576000	8.608000	8.639000	8.670000	8.701000	8.748000	8.779000	8.810000	8.842000	8.873000	8.904000	8.935000	8.982000	9.013000	9.044000	9.076000	9.107000	9.138000	9.169000	9.200000	9.247000	9.278000	9.310000	9.341000	9.372000	9.403000	9.434000	9.481000	9.512000	9.544000	9.575000	9.606000	9.637000	9.668000	9.715000	9.746000	9.778000	9.809000	9.840000	9.871000	9.902000	9.934000	9.980000	10.012000	10.043000	10.074000	10.105000	10.136000	10.168000	10.214000	10.246000	10.277000	10.308000	10.339000	10.370000	10.402000	10.433000	10.480000	10.511000	10.542000	10.573000	10.604000	10.636000	10.667000	10.714000	10.745000	10.776000	10.807000	10.838000	10.870000	10.901000	10.948000	10.979000	11.010000	11.041000	11.072000	11.104000	11.135000	11.166000	11.213000	11.244000	11.275000	11.306000	11.338000	11.369000	11.400000	11.447000	11.478000	11.509000	11.540000	11.572000	11.603000	11.634000	11.681000	11.712000	11.743000	11.774000	11.806000	11.837000	11.868000	11.899000	11.946000	11.977000	12.008000	12.040000	12.071000	12.102000	12.133000	12.180000	12.211000	12.242000	12.274000	12.305000	12.336000	12.367000	12.414000	12.445000	12.476000	12.508000	12.539000	12.570000	12.601000	12.632000	12.679000	12.710000	12.742000	12.773000	12.804000	12.835000	12.866000	12.913000	12.944000	12.976000	13.007000	13.038000	13.069000	13.100000	13.147000	13.178000	13.210000	13.241000	13.272000	13.303000	13.334000	13.366000	13.412000	13.444000	13.475000	13.506000	13.537000	13.568000	13.600000	13.646000	13.678000	13.709000	13.740000	13.771000	13.802000	13.834000	13.865000	13.912000	13.943000	13.974000	14.005000	14.036000	14.068000	14.099000	14.146000	14.177000	14.208000	14.239000	14.270000	14.302000	14.333000	14.364000	14.411000	14.442000	14.473000	14.504000	14.536000	14.567000	14.598000	14.645000	14.676000	14.707000	14.738000	14.770000	14.801000	14.832000	14.879000	14.910000	14.941000	14.972000	15.004000	15.035000	15.066000	15.097000	15.144000	15.175000	15.206000	15.238000	15.269000	15.300000	15.331000	15.378000	15.409000	15.440000	15.472000	15.503000	15.534000	15.565000	15.612000	15.643000	15.674000	15.706000	15.737000	15.768000	15.799000	15.830000	15.877000	15.908000	15.940000	15.971000	16.002000	16.033000	16.064000	16.111000	16.142000	16.174000	16.205000	16.236000	16.267000	16.298000	16.345000	16.376000	16.408000	16.439000	16.470000	16.501000	16.532000	16.564000	16.610000	16.642000	16.673000	16.704000	16.735000	16.766000	16.798000	16.844000	16.876000	16.907000	16.938000	16.969000	17.000000	17.032000	17.078000	17.110000	17.141000	17.172000	17.203000	17.234000	17.266000	17.297000	17.344000	17.375000	17.406000	17.437000	17.468000	17.500000	17.531000	17.578000	17.609000	17.640000	17.671000	17.702000	17.734000	17.765000	17.812000	17.843000	17.874000	17.905000	17.936000	17.968000	17.999000	18.030000	18.077000	18.108000	18.139000	18.170000	18.202000	18.233000	18.264000	18.295000	18.342000	18.373000	18.404000	18.436000	18.467000	18.498000	18.529000	18.576000	18.607000	18.638000	18.670000	18.701000	18.732000	18.763000	18.810000	18.841000	18.872000	18.904000	18.935000	18.966000	18.997000	19.028000	19.075000	19.106000	19.138000	19.169000	19.200000	19.231000	19.262000	19.309000	19.340000	19.372000	19.403000	19.434000	19.465000	19.496000	19.543000	19.574000	19.606000	19.637000	19.668000	19.699000	19.730000	19.762000	19.808000	19.840000	19.871000	19.902000	19.933000	19.964000	19.996000	20.042000	20.074000	20.105000	20.136000	20.167000	20.198000	20.230000	20.276000	20.308000	20.339000	20.370000	20.401000	20.432000	20.464000	20.495000	20.542000	20.573000	20.604000	20.635000	20.666000	20.698000	20.729000	20.776000	20.807000	20.838000	20.869000	20.900000	20.932000	20.963000	21.010000	21.041000	21.072000	21.103000	21.134000	21.166000	21.197000	21.228000	21.275000	21.306000	21.337000	21.368000	21.400000	21.431000	21.462000	21.509000	21.540000	21.571000	21.602000	21.634000	21.665000	21.696000	21.743000	21.774000	21.805000	21.836000	21.868000	21.899000	21.930000	21.961000	22.008000	22.039000	22.070000	22.102000	22.133000	22.164000	22.195000	22.226000	22.273000	22.304000	22.336000	22.367000	22.398000	22.429000	22.460000	22.507000	22.538000	22.570000	22.601000	22.632000	22.663000	22.694000	22.741000	22.772000	22.804000	22.835000	22.866000	22.897000	22.928000	22.960000	23.006000	23.038000	23.069000	23.100000	23.131000	23.162000	23.194000	23.240000	23.272000	23.303000	23.334000	23.365000	23.396000	23.428000	23.474000	23.506000	23.537000	23.568000	23.599000	23.630000	23.662000	23.693000	23.740000	23.771000	23.802000	23.833000	23.864000	23.896000	23.927000	23.974000	24.005000	24.036000	24.067000	24.098000	24.130000	24.161000	24.208000	24.239000	24.270000	24.301000	24.332000	24.364000	24.395000	24.426000	24.473000	24.504000	24.535000	24.566000	24.598000	24.629000	24.660000	24.707000	24.738000	24.769000	24.800000	24.832000	24.863000	24.894000	24.941000	24.972000	25.003000	25.034000	25.066000	25.097000	25.128000	25.159000	25.206000	25.237000	25.268000	25.300000	25.331000	25.362000	25.393000	25.440000	25.471000	25.502000	25.534000	25.565000	25.596000	25.627000	25.674000	25.705000	25.736000	25.768000	25.799000	25.830000	25.861000	25.892000	25.939000	25.970000	26.002000	26.033000	26.064000	26.095000	26.126000	26.173000	26.204000	26.236000	26.267000	26.298000	26.329000	26.360000	26.392000	26.438000	26.470000	26.501000	26.532000	26.563000	26.594000	26.626000	26.672000	26.704000	26.735000	26.766000	26.797000	26.828000	26.860000	26.906000	26.938000	26.969000	27.000000	27.031000	27.062000	27.094000	27.125000	27.172000	27.203000	27.234000	27.265000	27.296000	27.328000	27.359000	27.406000	27.437000	27.468000	27.499000	27.530000	27.562000	27.593000	27.624000	27.671000	27.702000	27.733000	27.764000	27.796000	27.827000	27.858000	27.905000	27.936000	27.967000	27.998000	28.030000	28.061000	28.092000	28.139000	28.170000	28.201000	28.232000	28.264000	28.295000	28.326000	28.357000	28.404000	28.435000	28.466000	28.498000	28.529000	28.560000	28.591000	28.638000	28.669000	28.700000	28.732000	28.763000	28.794000	28.825000	28.872000	28.903000	28.934000	28.966000	28.997000	29.028000	29.059000	29.090000	29.137000	29.168000	29.200000	29.231000	29.262000	29.293000	29.324000	29.371000	29.402000	29.434000	29.465000	29.496000	29.527000	29.558000	29.605000	29.636000	29.668000	29.699000	29.730000	29.761000	29.792000	29.824000	29.870000	29.902000	29.933000	29.964000	29.995000
%%%	0.950725	1.019420	1.007102	1.009855	1.016232	0.973913	0.977246	1.009420	1.023188	1.017391	1.026087	1.043478	1.043478	1.027536	1.026667	1.005072	1.048406	1.009420	1.058116	0.974638	1.007536	1.041884	1.038116	0.998841	1.031884	1.017391	0.997101	1.043478	0.857971	0.951159	0.926667	0.901594	0.876812	0.881159	0.814638	0.818985	0.811884	0.791884	0.773188	0.788986	0.765217	0.759420	0.788406	0.732029	0.743623	0.721159	0.725507	0.707101	0.732029	0.713623	0.695652	0.694638	0.689710	0.696232	0.681014	0.730435	0.677246	0.698985	0.696377	0.682899	0.670725	0.677681	0.684637	0.690145	0.695652	0.672319	0.692464	0.702899	0.672464	0.718841	0.696232	0.705942	0.664638	0.679275	0.681884	0.695652	0.697246	0.707101	0.707536	0.692319	0.684058	0.687971	0.690290	0.678261	0.707101	0.707101	0.708116	0.707101	0.705942	0.690145	0.692464	0.707101	0.708116	0.707101	0.672464	0.705942	0.695652	0.713043	0.732029	0.695652	0.672464	0.718551	0.705942	0.698985	0.696377	0.707246	0.744638	0.729855	0.707101	0.712464	0.709420	0.707101	0.765217	0.707681	0.730435	0.707536	0.723043	0.716232	0.733333	0.716812	0.722319	0.695652	0.712029	0.707536	0.714203	0.705942	0.723333	0.765217	0.730435	0.705942	0.765217	0.739710	0.690290	0.703188	0.705942	0.695652	0.705942	0.717391	0.714203	0.708116	0.718986	0.714203	0.703768	0.714203	0.694493	0.707101	0.712319	0.707101	0.765217	0.695652	0.695652	0.703188	0.703188	0.710290	0.696377	0.722319	0.719276	0.718986	0.716812	0.707101	0.711884	0.730435	0.707101	0.705942	0.672464	0.712899	0.704348	0.717246	0.695652	0.709710	0.705942	0.722899	0.731594	0.717971	0.730435	0.765217	0.765217	0.709420	0.765217	0.711884	0.707101	0.722319	0.708261	0.726812	0.731594	0.695652	0.765217	0.709855	0.718406	0.742029	0.707246	0.733768	0.739710	0.765217	0.742029	0.765217	0.738116	0.725507	0.725072	0.765217	0.719275	0.735797	0.707536	0.712899	0.347826	0.717246	0.705942	0.711884	0.718406	0.737536	0.707536	0.672464	0.716667	0.705072	0.718986	0.742898	0.718406	0.722319	0.748406	0.746377	0.722754	0.742898	0.695652	0.722319	0.733188	0.738551	0.716232	0.740145	0.717971	0.718406	0.707101	0.736377	0.743623	0.738986	0.735362	0.736377	0.726232	1.211884	0.714203	0.721594	0.731594	0.717971	0.722319	0.712319	0.729420	0.732029	0.703188	0.708116	0.733623	0.745797	0.695652	0.736377	0.736377	0.713043	0.733188	0.718406	0.726232	0.729710	0.716377	0.740145	0.733623	0.738116	0.731449	0.731594	0.717971	0.733623	0.736377	0.708116	0.370145	0.742898	0.707681	0.735797	0.733623	0.721159	0.718406	0.713623	0.707101	0.695652	0.703333	0.707101	0.698985	0.703188	0.717246	0.695652	0.732029	0.732029	0.748985	0.742464	0.710580	0.695652	1.238551	0.707536	0.729275	0.709420	0.733623	0.735507	0.722319	0.748985	0.738986	0.696232	0.713623	0.725072	0.734058	0.720725	0.703768	0.712899	0.684058	0.714203	0.732029	0.697246	0.672464	0.708116	0.735362	1.468406	0.732029	0.742029	0.695652	0.712029	0.699420	0.718986	0.707101	0.733188	0.737971	0.721015	0.715797	0.708116	0.730435	0.707536	0.707536	0.707536	0.727246	0.703333	0.724493	0.732029	0.708116	0.716812	0.713188	0.738551	0.742464	0.732029	0.737681	0.730435	0.729275	0.745797	0.695652	0.743623	0.733768	0.722319	0.739710	0.733188	0.743623	0.732029	0.742029	0.775072	0.741449	0.736377	0.750580	0.776812	0.751159	0.738551	0.754928	0.742464	0.735797	0.745797	0.754928	0.742898	0.720580	0.711884	0.745072	0.727681	0.751159	0.720145	0.722754	0.765217	0.732029	0.747101	0.742464	0.738406	0.743623	0.721159	0.744638	0.742898	0.722319	0.738406	0.736377	0.745507	0.734058	0.736377	0.728116	0.744638	0.736377	0.743623	0.738116	0.733188	0.718986	0.742464	0.733188	0.741159	0.741594	0.732029	0.715217	0.703333	0.716667	0.737681	0.705942	0.715797	0.730435	0.720580	0.733188	0.707246	0.736957	0.725507	0.744203	0.730435	0.722754	0.722319	0.732899	0.738551	0.730435	0.745362	0.721159	0.738551	0.720580	0.718986	0.705942	0.722754	0.705942	0.719130	0.765217	0.732029	0.707536	0.733623	0.743623	0.736232	0.765217	0.743623	0.738551	0.742754	0.744058	0.736232	0.742754	0.709420	0.742464	0.751015	0.757246	0.727536	0.733768	0.749275	0.751159	0.744638	0.723333	0.717247	0.714203	0.735797	0.738551	0.747971	0.735797	0.721739	0.747536	0.736377	0.732029	0.749855	0.742319	0.753623	0.762319	0.742609	0.733188	0.748551	0.742898	0.750290	0.742754	0.727681	0.721595	0.723333	0.748841	0.720725	0.750580	0.743623	0.759855	0.757246	0.707536	0.723333	0.745797	0.721159	0.736087	0.745797	0.744638	0.720580	0.743623	0.707536	0.720000	0.742754	0.746812	0.743043	0.765217	0.745797	0.735797	0.759275	0.347826	0.748406	0.773188	0.748841	0.788406	0.765217	0.781449	0.743623	0.747246	0.743623	0.760290	0.765217	0.765217	0.776812	0.776812	0.730290	0.722899	0.745072	0.765217	0.765217	0.773188	0.724493	0.777246	0.759855	0.742029	0.748551	0.753623	0.722899	0.740580	0.764638	0.747101	0.740870	0.744638	0.705942	0.755362	0.750580	0.742029	0.748551	0.744638	0.742319	0.731449	0.722319	0.743623	0.734638	0.765217	0.743333	0.733623	0.762464	0.788406	0.728116	0.745072	0.748406	0.765217	0.733768	0.742029	0.745072	0.744203	0.742029	0.748406	0.744493	0.753623	0.764638	0.748551	0.742754	1.296812	0.752029	0.721015	0.764637	0.748406	0.733188	0.746377	0.733188	0.745072	0.743623	0.742319	0.757246	0.788406	0.773188	0.717971	0.743478	0.739710	0.737971	0.746232	0.745072	0.743623	0.737971	0.738406	0.744638	0.738986	0.765217	0.764638	0.727681	0.742319	0.756377	0.762319	0.747101	0.742464	0.761594	0.765217	0.735797	0.765217	0.703188	0.744638	0.734203	0.742464	0.751015	0.742029	0.753333	0.763623	0.761014	0.742754	0.749420	0.731594	0.749420	0.732754	0.732029	0.747101	0.725072	0.751159	0.753623	0.753188	0.754638	0.757246	0.753623	0.765217	0.706812	0.742319	0.742029	0.746232	0.759710	0.695652	0.742029	0.759855	0.746812	0.760290	0.757246	0.747101	0.747971	0.730435	0.745797	0.733188	0.750725	0.739710	0.712464	0.765217	0.751159	0.774637	0.748406	0.725507	1.138986	0.743768	0.722754	0.749420	0.735797	0.743623	0.751015	0.749275	0.755507	0.746232	0.718841	0.707681	0.724203	0.730435	0.765217	0.741884	0.721159	0.751015	0.744058	0.748406	0.740145	0.736377	0.715362	0.733188	0.733333	0.721594	0.717246	0.739130	0.688551	0.742464	0.733188	0.764638	0.746812	0.734783	0.716232	0.749855	0.777681	0.752754	0.627246	0.748406	0.741594	0.748841	0.747101	0.708116	0.747246	0.751594	0.742898	0.746377	0.750580	0.755942	0.742029	0.744493	0.741449	0.766812	0.752754	0.745362	0.779275	0.764058	0.713043	0.730290	0.690290	0.788406	0.707536	0.756667	0.690145	0.776812	0.743333	0.765217	0.738116	0.712464	0.750290	0.721014	0.751159	0.773188	0.751015	0.713043	0.720580	0.722464	0.705362	0.765217	0.735797	0.718551	0.765217	0.733768	0.748841	0.742029	0.723333	0.748406	0.765362	0.745797	0.751159	0.765217	0.690725	0.742029	0.734203	1.078261	0.701449	0.747826	0.672464	0.749420	0.723333	0.735072	0.761014	0.711884	0.747971	0.695652	0.731014	0.755362	0.707101	0.748841	0.743623	0.742029	0.744203	0.755362	0.765217	0.751449	0.746667	0.744638	0.765217	0.759275	0.721739	0.742029	0.731594	0.730435	0.718986	0.721739	0.690145	0.735362	0.727246	0.743333	0.730435	0.717971	0.742319	0.732029	0.742464	0.698986	0.705942	0.738116	0.737971	0.707246	0.734058	0.751159	0.733623	0.730435	0.708116	0.743623	0.720870	0.732029	0.689855	0.689710	0.730435	0.707246	0.713043	0.746232	0.746232	0.672464	0.741884	0.698985	0.727681	0.738551	0.730290	0.711884	0.707681	0.695652	0.724928	0.788406	0.713188	0.707246	0.707536	0.709275	0.731594	0.695652	0.719420	0.731014	0.722754	0.765217	0.690725	0.698406	0.695652	0.765217	0.695652	0.730435	0.739275	0.731594	0.731594	0.690145	0.765217	0.730435	0.711449	0.717246	0.687681	0.689710	0.719565	0.722899	0.718551	0.765217	0.744638	0.735362	0.743333	0.714203	0.765217	0.765217	0.742464	0.730435	0.765217	0.765217	0.751594	0.759710	0.788116	0.765217	0.801159	0.797101	0.818551	0.798551	0.783768	0.835942	0.814058	0.794203	0.857971	0.862464	0.895072	0.811594	0.857681	0.933188	0.856667	0.920580	0.855942	0.835942	0.794638	0.852754	0.861884	0.834783	0.823333	0.860870	0.871884	0.831449	0.776812	0.347826	0.807246	0.822899	0.749420	0.825507	0.800000	0.777681	0.765797	0.835797	0.749275	0.784203	0.765217	0.814493	0.834783	0.866812	0.779275	0.805362	0.748406	0.765217
%%%	Left Pupil Profile (1st row -> 1 == valid tracking, 0 == invalid tracking; 2nd row -> time; 3rd row -> diameter (mm))
%%%	0	0	0	0	0	0	0	0	0	0	0	0	0	0	0	0	0	0	0	0	0	0	0	0	0	0	0	0	0	0	0	0	0	0	0	0	0	0	0	0	0	0	0	0	0	0	0	0	0	0	0	0	0	0	0	0	0	0	0	0	0	0	0	0	0	0	0	0	0	0	0	0	0	0	0	0	0	0	0	0	0	0	0	0	0	0	0	0	0	0	0	0	0	0	0	0	0	0	0	0	0	0	0	0	0	0	0	0	0	0	0	0	0	0	0	0	0	0	0	0	0	0	0	0	0	0	0	0	0	0	0	0	0	0	0	0	0	0	0	0	0	0	0	0	0	0	0	0	0	0	0	0	0	0	0	0	0	0	0	0	0	0	0	0	0	0	0	0	0	0	0	0	0	0	0	0	0	0	0	0	0	0	0	0	0	0	0	0	0	0	0	0	0	0	0	0	0	0	0	0	0	0	0	0	0	0	0	0	0	0	0	0	0	0	0	0	0	0	0	0	0	0	0	0	0	0	0	0	0	0	0	0	0	0	0	0	0	0	0	0	0	0	0	0	0	0	0	0	0	0	0	0	0	0	0	0	0	0	0	0	0	0	0	0	0	0	0	0	0	0	0	0	0	0	0	0	0	0	0	0	0	0	0	0	0	0	0	0	0	0	0	0	0	0	0	0	0	0	0	0	0	0	0	0	0	0	0	0	0	0	0	0	0	0	0	0	0	0	0	0	0	0	0	0	0	0	0	0	0	0	0	0	0	0	0	0	0	0	0	0	0	0	0	0	0	0	0	0	0	0	0	0	0	0	0	0	0	0	0	0	0	0	0	0	0	0	0	0	0	0	0	0	0	0	0	0	0	0	0	0	0	0	0	0	0	0	0	0	0	0	0	0	0	0	0	0	0	0	0	0	0	0	0	0	0	0	0	0	0	0	0	0	0	0	0	0	0	0	0	0	0	0	0	0	0	0	0	0	0	0	0	0	0	0	0	0	0	0	0	0	0	0	0	0	0	0	0	0	0	0	0	0	0	0	0	0	0	0	0	0	0	0	0	0	0	0	0	0	0	0	0	0	0	0	0	0	0	0	0	0	0	0	0	0	0	0	0	0	0	0	0	0	0	0	0	0	0	0	0	0	0	0	0	0	0	0	0	0	0	0	0	0	0	0	0	0	0	0	0	0	0	0	0	0	0	0	0	0	0	0	0	0	0	0	0	0	0	0	0	0	0	0	0	0	0	0	0	0	0	0	0	0	0	0	0	0	0	0	0	0	0	0	0	0	0	0	0	0	0	0	0	0	0	0	0	0	0	0	0	0	0	0	0	0	0	0	0	0	0	0	0	0	0	0	0	0	0	0	0	0	0	0	0	0	0	0	0	0	0	0	0	0	0	0	0	0	0	0	0	0	0	0	0	0	0	0	0	0	0	0	0	0	0	0	0	0	0	0	0	0	0	0	0	0	0	0	0	0	0	0	0	0	0	0	0	0	0	0	0	0	0	0	0	0	0	0	0	0	0	0	0	0	0	0	0	0	0	0	0	0	0	0	0	0	0	0	0	0	0	0	0	0	0	0	0	0	0	0	0	0	0	0	0	0	0	0	0	0	0	0	0	0	0	0	0	0	0	0	0	0	0	0	0	0	0	0	0	0	0	0	0	0	0	0	0	0	0	0	0	0	0	0	0	0	0	0	0	0	0	0	0	0	0	0	0	0	0	0	0	0	0	0	0	0	0	0	0	0	0	0	0	0	0	0	0	0	0	0	0	0	0	0	0	0	0	0	0	0	0	0	0	0	0	0	0	0	0	0	0	0	0	0	0	0	0	0	0	0	0	0	0	0	0	0	0	0	0	0	0	0	0	0	0	0	0	0	0	0	0	0	0	0	0	0	0	0	0	0	0	0	0	0	0	0	0	0	0	0	0	0	0	0	0	0	0	0	0	0	0	0	0	0	0	0	0	0	0	0	0	0	0	0	0	0	0	0	0	0	0	0	0	0	0	0	0	0	0	0	0	0	0	0	0	0	0	0	0	0	0	0	0	0	0
%%%	-0.066000	-0.035000	-0.004000	0.028000	0.074000	0.106000	0.137000	0.168000	0.199000	0.230000	0.262000	0.308000	0.340000	0.371000	0.402000	0.433000	0.464000	0.496000	0.527000	0.574000	0.605000	0.636000	0.667000	0.698000	0.730000	0.761000	0.808000	0.839000	0.870000	0.901000	0.932000	0.964000	0.995000	1.042000	1.073000	1.104000	1.135000	1.166000	1.198000	1.229000	1.260000	1.307000	1.338000	1.369000	1.400000	1.432000	1.463000	1.494000	1.541000	1.572000	1.603000	1.634000	1.666000	1.697000	1.728000	1.775000	1.806000	1.837000	1.868000	1.900000	1.931000	1.962000	1.993000	2.040000	2.071000	2.102000	2.134000	2.165000	2.196000	2.227000	2.274000	2.305000	2.336000	2.368000	2.399000	2.430000	2.461000	2.492000	2.539000	2.570000	2.602000	2.633000	2.664000	2.695000	2.726000	2.773000	2.804000	2.836000	2.867000	2.898000	2.929000	2.960000	2.992000	3.038000	3.070000	3.101000	3.132000	3.163000	3.194000	3.226000	3.272000	3.304000	3.335000	3.366000	3.397000	3.428000	3.460000	3.506000	3.538000	3.569000	3.600000	3.631000	3.662000	3.694000	3.725000	3.772000	3.803000	3.834000	3.865000	3.896000	3.928000	3.959000	4.006000	4.037000	4.068000	4.099000	4.130000	4.162000	4.193000	4.240000	4.271000	4.302000	4.333000	4.364000	4.396000	4.427000	4.458000	4.505000	4.536000	4.567000	4.598000	4.630000	4.661000	4.692000	4.739000	4.770000	4.801000	4.832000	4.864000	4.895000	4.926000	4.973000	5.004000	5.035000	5.066000	5.098000	5.129000	5.160000	5.191000	5.238000	5.269000	5.300000	5.332000	5.363000	5.394000	5.425000	5.472000	5.503000	5.534000	5.566000	5.597000	5.628000	5.659000	5.706000	5.737000	5.768000	5.800000	5.831000	5.862000	5.893000	5.924000	5.971000	6.002000	6.034000	6.065000	6.096000	6.127000	6.158000	6.205000	6.236000	6.268000	6.299000	6.330000	6.361000	6.392000	6.424000	6.470000	6.502000	6.533000	6.564000	6.595000	6.626000	6.658000	6.704000	6.736000	6.767000	6.798000	6.829000	6.860000	6.892000	6.923000	6.970000	7.001000	7.032000	7.063000	7.094000	7.126000	7.157000	7.204000	7.235000	7.266000	7.297000	7.328000	7.360000	7.391000	7.438000	7.469000	7.500000	7.531000	7.562000	7.594000	7.625000	7.656000	7.703000	7.734000	7.765000	7.796000	7.828000	7.859000	7.890000	7.937000	7.968000	7.999000	8.030000	8.062000	8.093000	8.124000	8.171000	8.202000	8.233000	8.264000	8.296000	8.327000	8.358000	8.389000	8.436000	8.467000	8.498000	8.530000	8.561000	8.592000	8.623000	8.670000	8.701000	8.732000	8.764000	8.795000	8.826000	8.857000	8.904000	8.935000	8.966000	8.998000	9.029000	9.060000	9.091000	9.122000	9.169000	9.200000	9.232000	9.263000	9.294000	9.325000	9.356000	9.403000	9.434000	9.466000	9.497000	9.528000	9.559000	9.590000	9.637000	9.668000	9.700000	9.731000	9.762000	9.793000	9.824000	9.856000	9.902000	9.934000	9.965000	9.996000	10.027000	10.058000	10.090000	10.136000	10.168000	10.199000	10.230000	10.261000	10.292000	10.324000	10.355000	10.402000	10.433000	10.464000	10.495000	10.526000	10.558000	10.589000	10.636000	10.667000	10.698000	10.729000	10.760000	10.792000	10.823000	10.870000	10.901000	10.932000	10.963000	10.994000	11.026000	11.057000	11.088000	11.135000	11.166000	11.197000	11.228000	11.260000	11.291000	11.322000	11.369000	11.400000	11.431000	11.462000	11.494000	11.525000	11.556000	11.603000	11.634000	11.665000	11.696000	11.728000	11.759000	11.790000	11.821000	11.868000	11.899000	11.930000	11.962000	11.993000	12.024000	12.055000	12.102000	12.133000	12.164000	12.196000	12.227000	12.258000	12.289000	12.320000	12.367000	12.398000	12.430000	12.461000	12.492000	12.523000	12.554000	12.601000	12.632000	12.664000	12.695000	12.726000	12.757000	12.788000	12.835000	12.866000	12.898000	12.929000	12.960000	12.991000	13.022000	13.054000	13.100000	13.132000	13.163000	13.194000	13.225000	13.256000	13.288000	13.334000	13.366000	13.397000	13.428000	13.459000	13.490000	13.522000	13.568000	13.600000	13.631000	13.662000	13.693000	13.724000	13.756000	13.787000	13.834000	13.865000	13.896000	13.927000	13.958000	13.990000	14.021000	14.068000	14.099000	14.130000	14.161000	14.192000	14.224000	14.255000	14.286000	14.333000	14.364000	14.395000	14.426000	14.458000	14.489000	14.520000	14.567000	14.598000	14.629000	14.660000	14.692000	14.723000	14.754000	14.801000	14.832000	14.863000	14.894000	14.926000	14.957000	14.988000	15.019000	15.066000	15.097000	15.128000	15.160000	15.191000	15.222000	15.253000	15.300000	15.331000	15.362000	15.394000	15.425000	15.456000	15.487000	15.534000	15.565000	15.596000	15.628000	15.659000	15.690000	15.721000	15.752000	15.799000	15.830000	15.862000	15.893000	15.924000	15.955000	15.986000	16.033000	16.064000	16.096000	16.127000	16.158000	16.189000	16.220000	16.267000	16.298000	16.330000	16.361000	16.392000	16.423000	16.454000	16.486000	16.532000	16.564000	16.595000	16.626000	16.657000	16.688000	16.720000	16.766000	16.798000	16.829000	16.860000	16.891000	16.922000	16.954000	17.000000	17.032000	17.063000	17.094000	17.125000	17.156000	17.188000	17.219000	17.266000	17.297000	17.328000	17.359000	17.390000	17.422000	17.453000	17.500000	17.531000	17.562000	17.593000	17.624000	17.656000	17.687000	17.718000	17.765000	17.796000	17.827000	17.858000	17.890000	17.921000	17.952000	17.999000	18.030000	18.061000	18.092000	18.124000	18.155000	18.186000	18.217000	18.264000	18.295000	18.326000	18.358000	18.389000	18.420000	18.451000	18.498000	18.529000	18.560000	18.592000	18.623000	18.654000	18.685000	18.732000	18.763000	18.794000	18.826000	18.857000	18.888000	18.919000	18.950000	18.997000	19.028000	19.060000	19.091000	19.122000	19.153000	19.184000	19.231000	19.262000	19.294000	19.325000	19.356000	19.387000	19.418000	19.465000	19.496000	19.528000	19.559000	19.590000	19.621000	19.652000	19.684000	19.730000	19.762000	19.793000	19.824000	19.855000	19.886000	19.918000	19.964000	19.996000	20.027000	20.058000	20.089000	20.120000	20.152000	20.198000	20.230000	20.261000	20.292000	20.323000	20.354000	20.386000	20.417000	20.464000	20.495000	20.526000	20.557000	20.588000	20.620000	20.651000	20.698000	20.729000	20.760000	20.791000	20.822000	20.854000	20.885000	20.932000	20.963000	20.994000	21.025000	21.056000	21.088000	21.119000	21.150000	21.197000	21.228000	21.259000	21.290000	21.322000	21.353000	21.384000	21.431000	21.462000	21.493000	21.524000	21.556000	21.587000	21.618000	21.665000	21.696000	21.727000	21.758000	21.790000	21.821000	21.852000	21.883000	21.930000	21.961000	21.992000	22.024000	22.055000	22.086000	22.117000	22.148000	22.195000	22.226000	22.258000	22.289000	22.320000	22.351000	22.382000	22.429000	22.460000	22.492000	22.523000	22.554000	22.585000	22.616000	22.663000	22.694000	22.726000	22.757000	22.788000	22.819000	22.850000	22.882000	22.928000	22.960000	22.991000	23.022000	23.053000	23.084000	23.116000	23.162000	23.194000	23.225000	23.256000	23.287000	23.318000	23.350000	23.396000	23.428000	23.459000	23.490000	23.521000	23.552000	23.584000	23.615000	23.662000	23.693000	23.724000	23.755000	23.786000	23.818000	23.849000	23.896000	23.927000	23.958000	23.989000	24.020000	24.052000	24.083000	24.130000	24.161000	24.192000	24.223000	24.254000	24.286000	24.317000	24.348000	24.395000	24.426000	24.457000	24.488000	24.520000	24.551000	24.582000	24.629000	24.660000	24.691000	24.722000	24.754000	24.785000	24.816000	24.863000	24.894000	24.925000	24.956000	24.988000	25.019000	25.050000	25.081000	25.128000	25.159000	25.190000	25.222000	25.253000	25.284000	25.315000	25.362000	25.393000	25.424000	25.456000	25.487000	25.518000	25.549000	25.596000	25.627000	25.658000	25.690000	25.721000	25.752000	25.783000	25.814000	25.861000	25.892000	25.924000	25.955000	25.986000	26.017000	26.048000	26.095000	26.126000	26.158000	26.189000	26.220000	26.251000	26.282000	26.314000	26.360000	26.392000	26.423000	26.454000	26.485000	26.516000	26.548000	26.594000	26.626000	26.657000	26.688000	26.719000	26.750000	26.782000	26.813000	26.860000	26.891000	26.922000	26.953000	26.984000	27.016000	27.047000	27.094000	27.125000	27.156000	27.187000	27.218000	27.250000	27.281000	27.328000	27.359000	27.390000	27.421000	27.452000	27.484000	27.515000	27.546000	27.593000	27.624000	27.655000	27.686000	27.718000	27.749000	27.780000	27.827000	27.858000	27.889000	27.920000	27.952000	27.983000	28.014000	28.061000	28.092000	28.123000	28.154000	28.186000	28.217000	28.248000	28.279000	28.326000	28.357000	28.388000	28.420000	28.451000	28.482000	28.513000	28.560000	28.591000	28.622000	28.654000	28.685000	28.716000	28.747000	28.794000	28.825000	28.856000	28.888000	28.919000	28.950000	28.981000	29.012000	29.059000	29.090000	29.122000	29.153000	29.184000	29.215000	29.246000	29.293000	29.324000	29.356000	29.387000	29.418000	29.449000	29.480000	29.527000	29.558000	29.590000	29.621000	29.652000	29.683000	29.714000	29.746000	29.792000	29.824000	29.855000	29.886000	29.917000	29.948000	29.980000
%%%	13.913043	13.913043	13.913043	13.913043	13.913043	13.913043	13.913043	13.913043	13.913043	13.913043	13.913043	13.913043	13.913043	13.913043	13.913043	13.913043	13.913043	13.913043	13.913043	13.913043	13.913043	13.913043	13.913043	13.913043	13.913043	13.913043	13.913043	13.913043	13.913043	13.913043	13.913043	13.913043	13.913043	13.913043	13.913043	13.913043	13.913043	13.913043	13.913043	13.913043	13.913043	13.913043	13.913043	13.913043	13.913043	13.913043	13.913043	13.913043	13.913043	13.913043	13.913043	13.913043	13.913043	13.913043	13.913043	13.913043	13.913043	13.913043	13.913043	13.913043	13.913043	13.913043	13.913043	13.913043	13.913043	13.913043	13.913043	13.913043	13.913043	13.913043	13.913043	13.913043	13.913043	13.913043	13.913043	13.913043	13.913043	13.913043	13.913043	13.913043	13.913043	13.913043	13.913043	13.913043	13.913043	13.913043	13.913043	13.913043	13.913043	13.913043	13.913043	13.913043	13.913043	13.913043	13.913043	13.913043	13.913043	13.913043	13.913043	13.913043	13.913043	13.913043	13.913043	13.913043	13.913043	13.913043	13.913043	13.913043	13.913043	13.913043	13.913043	13.913043	13.913043	13.913043	13.913043	13.913043	13.913043	13.913043	13.913043	13.913043	13.913043	13.913043	13.913043	13.913043	13.913043	13.913043	13.913043	13.913043	13.913043	13.913043	13.913043	13.913043	13.913043	13.913043	13.913043	13.913043	13.913043	13.913043	13.913043	13.913043	13.913043	13.913043	13.913043	13.913043	13.913043	13.913043	13.913043	13.913043	13.913043	13.913043	13.913043	13.913043	13.913043	13.913043	13.913043	13.913043	13.913043	13.913043	13.913043	13.913043	13.913043	13.913043	13.913043	13.913043	13.913043	13.913043	13.913043	13.913043	13.913043	13.913043	13.913043	13.913043	13.913043	13.913043	13.913043	13.913043	13.913043	13.913043	13.913043	13.913043	13.913043	13.913043	13.913043	13.913043	13.913043	13.913043	13.913043	13.913043	13.913043	13.913043	13.913043	13.913043	13.913043	13.913043	13.913043	13.913043	13.913043	13.913043	13.913043	13.913043	13.913043	13.913043	13.913043	13.913043	13.913043	13.913043	13.913043	13.913043	13.913043	13.913043	13.913043	13.913043	13.913043	13.913043	13.913043	13.913043	13.913043	13.913043	13.913043	13.913043	13.913043	13.913043	13.913043	13.913043	13.913043	13.913043	13.913043	13.913043	13.913043	13.913043	13.913043	13.913043	13.913043	13.913043	13.913043	13.913043	13.913043	13.913043	13.913043	13.913043	13.913043	13.913043	13.913043	13.913043	13.913043	13.913043	13.913043	13.913043	13.913043	13.913043	13.913043	13.913043	13.913043	13.913043	13.913043	13.913043	13.913043	13.913043	13.913043	13.913043	13.913043	13.913043	13.913043	13.913043	13.913043	13.913043	13.913043	13.913043	13.913043	13.913043	13.913043	13.913043	13.913043	13.913043	13.913043	13.913043	13.913043	13.913043	13.913043	13.913043	13.913043	13.913043	13.913043	13.913043	13.913043	13.913043	13.913043	13.913043	13.913043	13.913043	13.913043	13.913043	13.913043	13.913043	13.913043	13.913043	13.913043	13.913043	13.913043	13.913043	13.913043	13.913043	13.913043	13.913043	13.913043	13.913043	13.913043	13.913043	13.913043	13.913043	13.913043	13.913043	13.913043	13.913043	13.913043	13.913043	13.913043	13.913043	13.913043	13.913043	13.913043	13.913043	13.913043	13.913043	13.913043	13.913043	13.913043	13.913043	13.913043	13.913043	13.913043	13.913043	13.913043	13.913043	13.913043	13.913043	13.913043	13.913043	13.913043	13.913043	13.913043	13.913043	13.913043	13.913043	13.913043	13.913043	13.913043	13.913043	13.913043	13.913043	13.913043	13.913043	13.913043	13.913043	13.913043	13.913043	13.913043	13.913043	13.913043	13.913043	13.913043	13.913043	13.913043	13.913043	13.913043	13.913043	13.913043	13.913043	13.913043	13.913043	13.913043	13.913043	13.913043	13.913043	13.913043	13.913043	13.913043	13.913043	13.913043	13.913043	13.913043	13.913043	13.913043	13.913043	13.913043	13.913043	13.913043	13.913043	13.913043	13.913043	13.913043	13.913043	13.913043	13.913043	13.913043	13.913043	13.913043	13.913043	13.913043	13.913043	13.913043	13.913043	13.913043	13.913043	13.913043	13.913043	13.913043	13.913043	13.913043	13.913043	13.913043	13.913043	13.913043	13.913043	13.913043	13.913043	13.913043	13.913043	13.913043	13.913043	13.913043	13.913043	13.913043	13.913043	13.913043	13.913043	13.913043	13.913043	13.913043	13.913043	13.913043	13.913043	13.913043	13.913043	13.913043	13.913043	13.913043	13.913043	13.913043	13.913043	13.913043	13.913043	13.913043	13.913043	13.913043	13.913043	13.913043	13.913043	13.913043	13.913043	13.913043	13.913043	13.913043	13.913043	13.913043	13.913043	13.913043	13.913043	13.913043	13.913043	13.913043	13.913043	13.913043	13.913043	13.913043	13.913043	13.913043	13.913043	13.913043	13.913043	13.913043	13.913043	13.913043	13.913043	13.913043	13.913043	13.913043	13.913043	13.913043	13.913043	13.913043	13.913043	13.913043	13.913043	13.913043	13.913043	13.913043	13.913043	13.913043	13.913043	13.913043	13.913043	13.913043	13.913043	13.913043	13.913043	13.913043	13.913043	13.913043	13.913043	13.913043	13.913043	13.913043	13.913043	13.913043	13.913043	13.913043	13.913043	13.913043	13.913043	13.913043	13.913043	13.913043	13.913043	13.913043	13.913043	13.913043	13.913043	13.913043	13.913043	13.913043	13.913043	13.913043	13.913043	13.913043	13.913043	13.913043	13.913043	13.913043	13.913043	13.913043	13.913043	13.913043	13.913043	13.913043	13.913043	13.913043	13.913043	13.913043	13.913043	13.913043	13.913043	13.913043	13.913043	13.913043	13.913043	13.913043	13.913043	13.913043	13.913043	13.913043	13.913043	13.913043	13.913043	13.913043	13.913043	13.913043	13.913043	13.913043	13.913043	13.913043	13.913043	13.913043	13.913043	13.913043	13.913043	13.913043	13.913043	13.913043	13.913043	13.913043	13.913043	13.913043	13.913043	13.913043	13.913043	13.913043	13.913043	13.913043	13.913043	13.913043	13.913043	13.913043	13.913043	13.913043	13.913043	13.913043	13.913043	13.913043	13.913043	13.913043	13.913043	13.913043	13.913043	13.913043	13.913043	13.913043	13.913043	13.913043	13.913043	13.913043	13.913043	13.913043	13.913043	13.913043	13.913043	13.913043	13.913043	13.913043	13.913043	13.913043	13.913043	13.913043	13.913043	13.913043	13.913043	13.913043	13.913043	13.913043	13.913043	13.913043	13.913043	13.913043	13.913043	13.913043	13.913043	13.913043	13.913043	13.913043	13.913043	13.913043	13.913043	13.913043	13.913043	13.913043	13.913043	13.913043	13.913043	13.913043	13.913043	13.913043	13.913043	13.913043	13.913043	13.913043	13.913043	13.913043	13.913043	13.913043	13.913043	13.913043	13.913043	13.913043	13.913043	13.913043	13.913043	13.913043	13.913043	13.913043	13.913043	13.913043	13.913043	13.913043	13.913043	13.913043	13.913043	13.913043	13.913043	13.913043	13.913043	13.913043	13.913043	13.913043	13.913043	13.913043	13.913043	13.913043	13.913043	13.913043	13.913043	13.913043	13.913043	13.913043	13.913043	13.913043	13.913043	13.913043	13.913043	13.913043	13.913043	13.913043	13.913043	13.913043	13.913043	13.913043	13.913043	13.913043	13.913043	13.913043	13.913043	13.913043	13.913043	13.913043	13.913043	13.913043	13.913043	13.913043	13.913043	13.913043	13.913043	13.913043	13.913043	13.913043	13.913043	13.913043	13.913043	13.913043	13.913043	13.913043	13.913043	13.913043	13.913043	13.913043	13.913043	13.913043	13.913043	13.913043	13.913043	13.913043	13.913043	13.913043	13.913043	13.913043	13.913043	13.913043	13.913043	13.913043	13.913043	13.913043	13.913043	13.913043	13.913043	13.913043	13.913043	13.913043	13.913043	13.913043	13.913043	13.913043	13.913043	13.913043	13.913043	13.913043	13.913043	13.913043	13.913043	13.913043	13.913043	13.913043	13.913043	13.913043	13.913043	13.913043	13.913043	13.913043	13.913043	13.913043	13.913043	13.913043	13.913043	13.913043	13.913043	13.913043	13.913043	13.913043	13.913043	13.913043	13.913043	13.913043	13.913043	13.913043	13.913043	13.913043	13.913043	13.913043	13.913043	13.913043	13.913043	13.913043	13.913043	13.913043	13.913043	13.913043	13.913043	13.913043	13.913043	13.913043	13.913043	13.913043	13.913043	13.913043	13.913043	13.913043	13.913043	13.913043	13.913043	13.913043	13.913043	13.913043	13.913043	13.913043	13.913043	13.913043	13.913043	13.913043	13.913043	13.913043	13.913043	13.913043	13.913043	13.913043	13.913043	13.913043	13.913043	13.913043	13.913043	13.913043	13.913043	13.913043	13.913043	13.913043	13.913043	13.913043	13.913043	13.913043	13.913043	13.913043	13.913043	13.913043	13.913043	13.913043	13.913043	13.913043	13.913043	13.913043	13.913043	13.913043	13.913043	13.913043	13.913043	13.913043	13.913043	13.913043	13.913043	13.913043	13.913043	13.913043	13.913043	13.913043	13.913043	13.913043	13.913043	13.913043	13.913043	13.913043	13.913043	13.913043	13.913043	13.913043	13.913043	13.913043	13.913043	13.913043	13.913043	13.913043	13.913043	13.913043	13.913043	13.913043	13.913043	13.913043	13.913043	13.913043	13.913043	13.913043	13.913043	13.913043	13.913043	13.913043	13.913043	13.913043	13.913043	13.913043	13.913043	13.913043	13.913043	13.913043	13.913043	13.913043	13.913043	13.913043	13.913043	13.913043
%%%	Pulse Index	Stimulus Section Index	Stimulus Section Start Index	Stimulus Section End Index	Pupil Stimulated: 0 = Right, 1 = Left, 2 = Both	Light Metric: 0 = Photopic, 1 = Scopotic, 2 = Radiometric	Stimulus Start Time	Stimulus Duration	Stimulus Pulse Duration	Right Pulse Max Level	Right Pulse Max Color (0123 = WRGB)	Right Pulse Min Level	Right Pulse Min Color (0123 = WRGB)	Left Pulse Max Level	Left Pulse Max Color (0123 = WRGB)	Left Pulse Min Level	Left Pulse Min Color (0123 = WRGB)	Right Data Input Type (0 == RAW DATA, 1 == FITTED DATA, 2 == M. OVERRIDED)	Right ANALYSIS STATE (0 == ABNORMAL, 1 == NORMAL)	Right MAX (mm) (EMPTY if INVALID)	Right MIN (mm) (EMPTY if INVALID)	Right DELTA (mm) (EMPTY if INVALID)	Right CH (%) (EMPTY if INVALID)	Right LAT (sec) (EMPTY if INVALID)	Right CV (mm/s) (EMPTY if INVALID)	Right MCV (mm/s) (EMPTY if INVALID)	Right DV (mm/s) (EMPTY if INVALID)	Left Data Input Type (0 == RAW DATA, 1 == FITTED DATA, 2 == M. OVERRIDED)	Left ANALYSIS STATE (0 == ABNORMAL, 1 == NORMAL)	Left MAX (mm) (EMPTY if INVALID)	Left MIN (mm) (EMPTY if INVALID)	Left DELTA (mm) (EMPTY if INVALID)	Left CH (%) (EMPTY if INVALID)	Left LAT (sec) (EMPTY if INVALID)	Left CV (mm/s) (EMPTY if INVALID)	Left MCV (mm/s) (EMPTY if INVALID)	Left DV (mm/s) (EMPTY if INVALID)
%%%	0	0	17	902	0	0	0.51	29.52	0.51	15.81	3	0.00	3	0.00	3	0.00	3	0	0	0.00	0.00			0.00	0.00	0.00	0.00	0	0	0.00	0.00			0.00	0.00	0.00	0.00
%%%%%%%%%
%%%%%%%%%
%%%%%%%%%
<\SESSION>
