<SESSION>
<VERSION>
2
<\VERSION>
<DATE>
2017-10-31 12:31:01
<\DATE>
<SUBJECT-ID>
C57BL6-28.09.17-DA-1mois-M4-1.2b
<\SUBJECT-ID>
<NOTE>

<\NOTE>
<MIN-MAX-PLOT>
0.100000 51880.761719
<\MIN-MAX-PLOT>
<STIMULUS-DEFINED>
Default
Default Human Relative Spectral Sensitivity
1	0
1	0.500000	0.500000	29.000000	3	3	1.200000	-100.000000	0.100000	-100.000000	0
<\STIMULUS-DEFINED>
<STIMULUS-GENERATED>
4
0	0	0.000000	3	0.000000	0.000000	3	0.000000	0.000000
0	1	0.510000	3	0.299242	15.810344	3	0.000000	0.000000
0	4	1.019000	3	0.000000	0.000000	3	0.000000	0.000000
-1	5	30.028000	0	0.000000	0.000000	0	0.000000	0.000000
<\STIMULUS-GENERATED>
<RIGHT-PUPIL-DATA>
903	1
1	-0.050000	1.151594	299.687500	221.062500
1	-0.019000	1.147246	298.750000	221.375000
1	0.012000	1.113623	299.500000	221.000000
1	0.044000	1.107246	298.112488	220.750000
1	0.075000	1.136232	297.500000	220.000000
1	0.106000	1.099420	299.312500	220.750000
1	0.153000	1.142029	298.575012	221.174988
1	0.184000	1.157971	298.887512	219.674988
1	0.215000	1.131449	298.743744	220.256256
1	0.246000	1.142029	299.500000	221.000000
1	0.278000	1.140290	299.350006	220.199982
0	0.309000	1.054928	300.718750	219.406250
1	0.340000	1.159275	299.593750	218.531250
1	0.387000	1.152464	299.000000	218.000000
1	0.418000	1.133333	299.450012	219.299988
1	0.449000	1.151160	298.943756	218.056244
1	0.480000	1.175073	298.399994	218.537506
0	0.512000	1.043478	300.500000	217.000000
1	0.543000	1.132029	299.318787	218.231262
1	0.574000	1.142899	299.112518	219.774994
1	0.605000	1.173768	299.156219	220.618744
1	0.652000	1.166377	298.850006	219.725006
1	0.683000	1.177246	298.881256	221.681244
1	0.714000	1.146812	299.256256	222.506256
1	0.746000	1.159275	298.906250	221.906250
1	0.777000	1.148986	298.512482	221.475006
1	0.808000	1.055072	297.500000	219.000000
1	0.839000	1.008116	299.000000	220.000000
1	0.886000	0.988406	298.937500	220.312500
1	0.917000	0.981449	298.350006	219.649994
1	0.948000	0.920145	298.218750	219.218750
1	0.980000	0.950725	300.500000	221.000000
1	1.011000	0.865797	298.937500	220.062500
1	1.042000	0.866812	298.218750	219.968750
1	1.073000	0.828841	298.656250	221.343750
1	1.120000	0.857681	298.912506	220.662506
1	1.151000	0.800000	298.500000	220.000000
1	1.182000	0.783768	299.225006	222.149994
1	1.214000	0.765217	300.500000	221.000000
1	1.245000	0.742464	298.731232	222.206268
1	1.276000	0.713043	299.000000	223.000000
1	1.307000	0.709855	299.137512	220.824951
1	1.338000	0.722899	298.649994	221.350006
1	1.385000	0.695652	300.500000	221.000000
1	1.416000	0.690145	300.087494	218.587494
1	1.448000	0.691449	299.956238	220.381226
1	1.479000	0.682029	301.237488	219.512512
1	1.510000	0.662029	300.725006	220.162506
1	1.541000	0.671159	300.706238	220.593750
0	1.572000	0.579710	304.500000	217.000000
1	1.604000	0.649275	301.000000	219.500000
0	1.650000	0.579710	300.500000	217.000000
1	1.682000	0.631449	300.806244	219.306244
0	1.713000	0.579710	300.500000	221.000000
1	1.744000	0.626087	300.750000	218.750000
1	1.775000	0.637101	300.850006	219.149994
1	1.806000	0.672464	300.500000	221.000000
1	1.838000	0.614638	300.593750	220.206238
1	1.884000	0.652754	300.875000	221.875000
1	1.916000	0.625507	301.037476	222.049988
1	1.947000	0.633768	300.881256	220.881256
1	1.978000	0.624493	301.218750	221.656250
1	2.009000	0.625797	301.312500	220.687500
1	2.040000	0.602899	302.500000	219.000000
1	2.072000	0.608986	302.299988	219.575012
1	2.118000	0.618986	302.593750	219.093750
1	2.150000	0.626087	301.500000	218.000000
1	2.181000	0.614203	302.412506	217.587494
1	2.212000	0.635942	302.350006	216.899994
1	2.243000	0.629420	302.181244	218.681244
1	2.274000	0.637681	301.500000	218.000000
1	2.306000	0.644203	302.018738	216.731262
1	2.337000	0.628406	301.725006	217.162506
1	2.384000	0.642319	301.600006	218.024994
1	2.415000	0.655072	302.125000	217.375000
1	2.446000	0.642464	302.118744	218.118744
0	2.477000	0.579710	304.500000	213.000000
1	2.508000	0.661449	302.500000	216.250000
0	2.540000	0.579710	300.500000	217.000000
0	2.571000	0.579710	300.500000	217.000000
1	2.618000	0.647101	301.906250	218.018738
1	2.649000	0.643478	301.375000	217.625000
1	2.680000	0.667246	302.212494	218.699982
1	2.711000	0.661449	302.750000	217.375000
1	2.742000	0.672319	302.656250	217.656250
1	2.774000	0.657246	302.843750	218.581238
1	2.805000	0.641884	302.531250	217.093750
1	2.852000	0.665072	301.756256	217.556244
1	2.883000	0.656522	301.875000	217.500000
1	2.914000	0.660870	302.250000	217.250000
1	2.945000	0.676667	301.718750	216.593750
1	2.976000	0.677101	302.100006	216.524994
1	3.008000	0.655072	302.937500	216.562500
1	3.039000	0.660870	302.500000	215.000000
1	3.070000	0.663623	303.581238	217.218750
1	3.117000	0.663623	302.781250	216.531250
0	3.148000	0.579710	304.500000	213.000000
1	3.179000	0.648985	302.024994	216.649994
1	3.210000	0.645797	301.037506	217.037506
1	3.242000	0.666232	301.606232	217.306244
1	3.273000	0.659855	301.443756	217.443756
1	3.304000	0.635362	301.862488	217.174988
1	3.351000	0.655507	301.606232	216.368744
1	3.382000	0.649275	302.000000	216.500000
1	3.413000	0.672899	301.681244	216.318756
1	3.444000	0.679710	301.799988	216.437500
1	3.476000	0.671159	301.343750	217.656250
1	3.507000	0.695652	302.500000	215.000000
1	3.538000	0.664203	301.806244	216.193756
1	3.585000	0.649275	302.000000	215.500000
1	3.616000	0.678261	302.000000	215.500000
1	3.647000	0.695652	302.000000	215.500000
1	3.678000	0.672899	302.181244	215.318756
1	3.710000	0.684638	302.199982	215.475006
1	3.741000	0.679855	302.468750	216.268738
1	3.772000	0.654928	302.093750	215.093750
1	3.803000	0.672754	302.662506	215.162506
1	3.850000	0.672319	302.843750	215.656250
1	3.881000	0.666812	302.718750	216.218750
1	3.912000	0.672319	303.156250	215.656250
1	3.944000	0.660870	303.500000	215.000000
1	3.975000	0.653188	302.568756	215.381256
1	4.006000	0.670725	302.649994	213.699982
1	4.037000	0.687536	303.000000	215.562500
0	4.084000	0.579710	304.500000	213.000000
1	4.115000	0.662319	303.474976	214.187500
1	4.146000	0.683623	303.131256	216.506256
1	4.178000	0.690290	303.931244	214.568756
1	4.209000	0.690725	302.924988	216.000000
1	4.240000	0.708116	303.187500	216.862488
1	4.271000	0.655072	304.500000	214.000000
1	4.318000	0.664058	304.262482	216.274994
1	4.349000	0.660870	304.750000	214.750000
1	4.380000	0.666377	305.212494	216.449982
1	4.412000	0.666232	306.193756	215.068756
1	4.443000	0.670725	305.524994	214.337494
1	4.474000	0.695652	304.500000	215.000000
1	4.505000	0.666232	305.243744	214.243744
1	4.536000	0.679420	304.725006	214.725006
1	4.583000	0.690290	305.568756	215.568756
1	4.614000	0.648985	304.975006	215.024994
1	4.646000	0.695652	304.500000	215.000000
1	4.677000	0.671159	305.281250	215.343750
1	4.708000	0.682464	303.556244	214.506256
1	4.739000	0.679420	304.574982	215.725006
1	4.770000	0.662029	304.774994	216.350006
1	4.817000	0.695652	304.500000	215.000000
1	4.848000	0.688551	304.018738	214.968750
1	4.880000	0.672464	303.362488	216.312500
1	4.911000	0.670580	303.668732	215.493744
1	4.942000	0.668551	303.743744	214.743744
1	4.973000	0.675072	303.287506	215.337494
1	5.004000	0.648985	303.024994	213.975006
1	5.051000	0.660870	302.250000	213.250000
1	5.082000	0.646377	302.500000	212.250000
0	5.114000	0.579710	300.500000	213.000000
1	5.145000	0.645507	302.762482	213.037506
1	5.176000	0.684203	302.093750	212.531250
0	5.207000	0.579710	300.500000	213.000000
1	5.238000	0.672899	301.681244	212.631256
1	5.270000	0.672899	301.818756	211.681244
1	5.316000	0.649275	302.000000	212.500000
1	5.348000	0.711884	302.100006	213.899994
1	5.379000	0.665797	302.250000	212.762512
1	5.410000	0.695652	302.500000	213.000000
1	5.441000	0.646812	302.568756	213.056244
1	5.472000	0.664058	302.225006	213.274994
1	5.504000	0.682029	301.799988	213.562500
1	5.535000	0.678406	301.568756	212.243744
0	5.582000	0.579710	300.500000	213.000000
1	5.613000	0.695652	302.500000	213.000000
1	5.644000	0.711449	302.718750	210.656250
1	5.675000	0.690290	302.431244	211.931244
1	5.706000	0.672319	303.706238	211.656250
1	5.738000	0.682029	302.562500	209.562500
1	5.769000	0.679710	302.487549	209.487488
0	5.816000	0.579710	300.500000	213.000000
1	5.847000	0.721739	302.062500	209.312500
1	5.878000	0.690290	302.431244	209.931244
1	5.909000	0.737536	303.468750	208.218750
0	5.940000	0.579710	300.500000	209.000000
1	5.972000	0.652029	302.881256	208.881256
1	6.003000	0.687101	305.118744	206.118744
1	6.050000	0.685073	305.468689	207.506165
1	6.081000	0.624493	306.343750	207.668762
1	6.112000	0.684058	306.500000	208.500000
1	6.143000	0.684058	307.250000	208.250000
1	6.174000	0.705362	306.831329	207.818756
1	6.206000	0.655507	306.068756	209.381256
1	6.237000	0.692319	305.943756	208.943756
1	6.268000	0.637681	305.174988	208.174988
1	6.315000	0.681159	305.549988	207.762512
1	6.346000	0.695652	304.000000	208.500000
1	6.377000	0.689710	305.406250	208.593750
1	6.408000	0.683623	305.493744	208.506256
1	6.440000	0.654928	304.843750	208.906250
1	6.471000	0.678261	305.000000	209.500000
1	6.502000	0.682029	304.937500	209.562500
1	6.549000	0.692899	305.043823	209.068726
1	6.580000	0.678261	305.375000	208.625000
1	6.611000	0.689710	304.406250	209.406250
1	6.642000	0.705942	304.881226	207.206238
1	6.674000	0.675507	304.656250	209.656250
1	6.705000	0.697246	304.968750	208.968750
0	6.736000	0.674493	304.362488	206.637512
1	6.783000	0.692319	305.056244	208.006256
1	6.814000	0.668406	305.350006	208.274994
1	6.845000	0.690145	305.037506	207.587494
1	6.876000	0.704348	305.750000	208.750000
1	6.908000	0.695652	306.500000	207.000000
1	6.939000	0.765217	304.500000	209.000000
1	6.970000	0.722319	305.750000	210.000000
1	7.001000	0.672464	305.250000	209.250000
1	7.048000	0.698985	305.306244	211.006256
1	7.079000	0.677681	305.250000	209.625000
1	7.110000	0.714203	304.725006	209.225006
1	7.142000	0.700145	304.931244	209.256256
1	7.173000	0.707101	305.168762	210.206238
1	7.204000	0.732029	305.518738	210.718750
1	7.235000	0.673188	305.706238	209.656250
1	7.282000	0.713043	305.500000	208.000000
1	7.313000	0.706377	305.812378	207.812500
1	7.344000	0.721594	305.681244	206.368744
1	7.376000	0.690290	305.431244	207.568756
1	7.407000	0.722899	305.899994	205.975006
1	7.438000	0.695652	306.000000	205.500000
1	7.469000	0.732029	306.518738	205.518738
1	7.516000	0.721159	305.187500	206.000000
1	7.547000	0.696232	306.000000	207.687500
1	7.579000	0.704927	305.212402	205.850159
1	7.610000	0.670725	305.287506	207.350006
0	7.641000	0.695652	304.250000	206.250000
1	7.672000	0.681449	304.962494	204.912506
1	7.703000	0.722319	304.000000	206.000000
1	7.735000	0.672319	305.318665	205.656250
1	7.781000	0.688841	304.431274	207.431274
1	7.813000	0.648985	305.024994	206.975006
1	7.844000	0.695942	305.024994	205.962494
1	7.875000	0.707101	306.206238	206.843750
1	7.906000	0.698985	307.306244	205.318756
1	7.937000	0.681594	307.231232	205.556244
0	7.969000	0.672464	308.000000	207.500000
1	8.015000	0.672319	307.843750	206.156250
0	8.047000	0.579710	304.500000	209.000000
1	8.078000	0.708696	307.343750	205.156250
1	8.109000	0.701594	307.093750	204.968750
1	8.140000	0.695507	306.506256	204.993744
1	8.171000	0.672319	307.156250	205.331238
0	8.203000	0.620290	306.575012	206.424988
0	8.249000	0.672464	304.500000	205.000000
1	8.281000	0.695652	306.500000	205.000000
1	8.312000	0.673333	305.812500	206.687500
1	8.343000	0.707101	305.156250	206.156250
1	8.374000	0.717971	306.687500	206.062500
0	8.405000	0.649275	305.000000	207.500000
1	8.437000	0.713043	305.500000	208.500000
1	8.468000	0.707101	305.343750	207.156250
1	8.515000	0.695507	306.031250	208.693726
1	8.546000	0.708116	306.375000	209.187500
1	8.577000	0.664058	306.787506	209.225006
1	8.608000	0.695652	306.500000	209.000000
0	8.639000	0.579710	304.500000	209.000000
1	8.671000	0.721884	306.618744	208.943756
1	8.702000	0.672464	305.500000	210.000000
1	8.749000	0.735942	304.912506	208.462494
1	8.780000	0.690290	305.431244	208.431244
1	8.811000	0.742898	305.312500	208.687500
1	8.842000	0.711884	305.225006	207.649994
1	8.873000	0.703188	304.850006	208.850006
1	8.905000	0.725797	304.525177	207.100067
1	8.936000	0.717971	305.812500	206.187500
1	8.983000	0.670725	305.649994	208.350006
1	9.014000	0.724493	304.956299	205.968750
1	9.045000	0.713188	305.743744	208.118744
1	9.076000	0.765217	304.500000	209.000000
1	9.107000	0.720580	304.975006	207.774994
1	9.139000	0.703188	306.100006	208.850006
1	9.170000	0.730435	306.500000	206.000000
1	9.201000	0.688116	305.962494	207.524994
1	9.248000	0.725072	306.931244	208.006256
1	9.279000	0.720580	307.024994	209.024994
1	9.310000	0.724928	307.412506	208.912506
1	9.341000	0.744928	307.437500	208.437500
1	9.373000	0.720580	308.037506	208.337494
1	9.404000	0.755362	307.287506	208.100006
1	9.435000	0.745072	307.706238	209.281250
1	9.482000	0.753623	308.250000	208.750000
1	9.513000	0.765217	309.000000	206.500000
1	9.544000	0.742029	308.250000	206.750000
1	9.575000	0.751449	307.606262	207.531250
1	9.607000	0.753623	307.500000	206.000000
1	9.638000	0.730580	306.493744	210.493744
1	9.669000	0.716232	307.662506	210.962494
1	9.700000	0.781739	307.387512	209.674988
1	9.747000	0.764058	307.475006	209.600006
1	9.778000	0.765797	308.187500	207.000000
1	9.809000	0.753623	307.500000	205.000000
1	9.841000	0.796812	307.712433	200.962494
1	9.872000	0.764203	308.493744	200.156281
1	9.903000	0.765217	308.500000	201.000000
1	9.934000	0.809275	307.750000	201.250000
1	9.981000	0.797101	308.062500	202.062500
1	10.012000	0.761014	308.431244	203.981232
1	10.043000	0.795072	307.987488	204.000000
1	10.075000	0.765217	308.500000	205.000000
1	10.106000	0.761014	309.256256	209.431244
1	10.137000	0.783188	309.250000	207.125000
1	10.168000	0.774203	309.250092	206.875031
1	10.215000	0.764203	308.493744	207.581268
1	10.246000	0.747971	309.618744	206.618744
1	10.277000	0.788406	308.500000	207.000000
1	10.309000	0.784928	309.024994	207.100006
1	10.340000	0.753623	309.500000	206.000000
1	10.371000	0.738551	310.500000	208.750000
1	10.402000	0.777101	309.587494	207.787506
1	10.433000	0.792464	310.024994	207.024994
0	10.480000	1.298986	318.306244	198.681244
1	10.511000	0.765217	310.000000	206.500000
1	10.543000	0.811594	310.000000	205.500000
1	10.574000	0.764638	310.450012	205.987488
1	10.605000	0.720725	310.006256	206.006256
1	10.636000	0.744058	308.937500	205.362488
1	10.667000	0.761594	309.531250	203.456238
1	10.714000	0.728985	309.937500	205.375000
1	10.745000	0.771159	309.543732	204.956207
1	10.777000	0.742029	308.500000	205.000000
1	10.808000	0.760290	310.562500	207.437500
1	10.839000	0.716812	311.750000	206.062500
1	10.870000	0.735942	310.712494	205.287506
1	10.901000	0.743333	309.443756	206.556244
1	10.948000	0.762029	310.449982	204.475006
1	10.979000	0.796667	309.943756	206.068756
1	11.011000	0.755362	309.475006	207.475006
1	11.042000	0.752319	310.443756	207.556244
1	11.073000	0.752029	309.631256	207.631256
1	11.104000	0.774493	310.250000	206.875000
0	11.135000	0.742029	312.500000	205.000000
1	11.167000	0.758406	311.468750	207.156250
1	11.213000	0.738841	312.350006	207.524994
1	11.245000	0.789710	312.031250	206.343750
1	11.276000	0.765217	312.500000	205.000000
1	11.307000	0.742029	311.750000	205.250000
1	11.338000	0.764203	311.493744	203.493744
1	11.369000	0.784638	311.225006	205.899994
1	11.401000	0.798841	310.912506	204.887421
1	11.447000	0.791884	310.375000	205.125000
1	11.479000	0.765507	309.487457	206.500031
1	11.510000	0.788116	309.662506	204.699982
1	11.541000	0.774638	309.393768	205.106232
1	11.572000	0.751015	309.649994	206.537506
1	11.603000	0.761594	310.456238	207.081238
1	11.635000	0.753623	310.500000	208.000000
1	11.666000	0.768406	310.412506	208.587494
1	11.713000	0.765217	308.500000	209.000000
1	11.744000	0.762753	310.156250	209.406250
1	11.775000	0.778841	310.799988	209.187500
1	11.806000	0.748551	311.268738	210.356262
1	11.837000	0.765217	311.500000	210.000000
1	11.869000	0.751159	311.631256	210.681244
1	11.900000	0.759855	311.193756	210.556244
1	11.947000	0.759420	310.875000	211.375000
1	11.978000	0.744928	311.424988	212.687500
1	12.009000	0.759275	310.156250	212.468750
1	12.040000	0.765217	312.500000	213.000000
1	12.071000	0.748841	311.218781	214.606232
1	12.103000	0.758986	311.581360	216.468811
1	12.134000	0.690290	312.431244	221.568756
1	12.181000	0.726232	313.881256	225.618744
1	12.212000	0.751594	313.562500	225.437500
1	12.243000	0.765362	314.043732	226.631256
1	12.274000	0.707101	313.206238	227.156250
1	12.305000	0.711014	314.149994	227.774994
1	12.337000	0.747826	313.687500	226.562500
1	12.368000	0.722754	314.118744	228.368744
1	12.399000	0.769420	314.181244	230.318756
1	12.446000	0.754928	314.906250	231.593750
1	12.477000	0.766377	315.524994	231.475006
1	12.508000	0.765217	316.500000	233.000000
1	12.539000	0.765217	316.500000	233.000000
1	12.571000	0.765217	315.000000	232.500000
1	12.602000	0.760290	315.437500	234.062500
1	12.633000	0.763623	315.468750	234.968750
1	12.680000	0.796812	314.962494	234.962494
1	12.711000	0.765217	313.500000	236.000000
1	12.742000	0.792029	313.687500	236.000000
1	12.773000	0.791884	315.012512	237.137512
1	12.805000	0.796087	314.093750	237.956238
1	12.836000	0.788406	314.500000	237.000000
1	12.867000	0.791159	315.368744	240.368744
1	12.914000	0.772754	315.350006	238.137482
1	12.945000	0.781884	315.231262	238.106262
1	12.976000	0.801159	314.475006	239.899994
1	13.007000	0.742319	314.662506	239.337494
1	13.039000	0.765217	316.500000	241.000000
1	13.070000	0.759275	315.656250	239.468750
1	13.101000	0.742029	314.500000	239.000000
1	13.132000	0.783333	315.768738	237.768738
1	13.179000	0.751594	315.562500	236.375000
1	13.210000	0.805797	314.612488	235.375061
1	13.241000	0.769710	314.931244	237.381256
1	13.273000	0.778841	314.812500	238.187500
1	13.304000	0.817246	313.743744	238.681244
1	13.335000	0.783623	313.993744	239.793732
1	13.366000	0.795072	313.587585	237.987488
1	13.413000	0.776812	314.125000	238.375000
1	13.444000	0.788116	314.212494	237.912506
1	13.475000	0.772754	313.850006	236.850006
1	13.507000	0.783188	314.125000	237.125000
1	13.538000	0.781884	314.106262	236.268738
1	13.569000	0.748551	314.643738	235.643738
1	13.600000	0.765217	316.500000	237.000000
1	13.631000	0.777536	314.168762	236.168762
1	13.678000	0.788406	314.750000	233.750000
1	13.709000	0.783768	315.274994	231.725006
1	13.741000	0.729855	315.937500	228.500000
1	13.772000	0.788986	315.037506	226.975006
1	13.803000	0.780290	314.100006	229.712494
1	13.834000	0.792754	314.012512	227.599976
1	13.865000	0.761884	315.493744	229.506256
1	13.912000	0.795072	314.937500	229.937500
1	13.943000	0.801159	315.512482	229.725006
1	13.975000	0.792898	315.593750	229.031250
1	14.006000	0.801159	315.100006	227.475006
1	14.037000	0.748406	316.375000	228.775024
1	14.068000	0.791884	316.375000	230.000000
1	14.099000	0.796812	315.287506	229.087494
1	14.146000	0.800000	315.750000	229.250000
1	14.177000	0.796232	314.937500	228.937500
1	14.209000	0.768116	315.250000	229.500000
1	14.240000	0.801159	314.512482	230.024994
1	14.271000	0.724492	315.656372	228.606506
1	14.302000	0.788986	314.037506	226.024994
1	14.333000	0.751159	314.681244	227.818756
1	14.365000	0.771014	315.125000	228.875000
1	14.411000	0.759855	315.481232	229.443756
1	14.443000	0.776667	315.593750	231.781250
1	14.474000	0.772754	314.100006	231.850006
1	14.505000	0.781884	314.768738	232.768738
1	14.536000	0.764058	314.524994	234.475006
1	14.567000	0.796812	314.962494	234.574982
1	14.599000	0.813478	315.331238	236.093750
1	14.645000	0.796812	314.962494	236.062469
1	14.677000	0.765217	316.500000	237.000000
1	14.708000	0.800000	315.500000	239.000000
1	14.739000	0.799275	315.081238	239.018738
1	14.770000	0.765217	316.500000	241.000000
1	14.801000	0.788406	317.000000	242.500000
1	14.833000	0.753623	316.500000	243.000000
1	14.879000	0.787536	316.062500	245.062500
1	14.911000	0.771014	316.825012	244.737488
1	14.942000	0.789710	316.968750	245.031250
1	14.973000	0.773768	317.993744	246.743744
1	15.004000	0.813623	317.312500	246.312500
1	15.035000	0.779275	317.756256	245.856232
1	15.067000	0.797246	317.968750	247.581238
1	15.098000	0.765217	316.500000	245.000000
1	15.145000	0.765217	316.500000	245.000000
1	15.176000	0.800000	317.500000	245.000000
1	15.207000	0.808841	318.368744	245.368744
1	15.238000	0.814203	317.712494	244.712494
1	15.269000	0.814638	318.718750	244.331238
1	15.301000	0.811884	317.712494	243.287506
0	15.332000	0.765217	316.500000	241.000000
1	15.379000	0.799420	318.912354	243.062500
1	15.410000	0.800000	317.500000	243.000000
0	15.441000	0.765217	316.500000	241.000000
1	15.472000	0.818551	317.649994	242.162506
1	15.503000	0.765217	316.500000	241.000000
1	15.535000	0.798841	318.475006	242.475006
0	15.566000	0.723333	317.943787	240.006287
1	15.613000	0.784928	318.975006	238.774994
1	15.644000	0.765217	316.500000	241.000000
0	15.675000	0.782609	317.000000	239.000000
1	15.706000	0.747826	318.500000	241.500000
1	15.737000	0.739275	318.368744	241.368744
1	15.769000	0.785072	317.943756	240.793732
1	15.800000	0.765217	316.500000	241.000000
1	15.831000	0.765217	316.500000	241.000000
1	15.878000	0.804638	317.849945	240.862518
1	15.909000	0.808841	317.818756	241.118744
1	15.940000	0.788116	317.287506	242.087494
1	15.971000	0.792029	318.018738	242.968750
1	16.003000	0.801594	317.518738	242.518738
1	16.034000	0.787536	317.562500	242.937500
1	16.065000	0.814203	317.324982	242.712494
1	16.112000	0.815072	316.850006	243.287506
1	16.143000	0.823333	316.593750	244.781250
1	16.174000	0.788406	316.875000	243.875000
1	16.205000	0.800580	317.500000	243.500000
1	16.237000	0.791884	317.875000	245.375000
1	16.268000	0.831594	317.537506	244.462494
1	16.299000	0.822754	317.931244	244.568756
1	16.330000	0.825507	318.125000	245.562500
0	16.377000	0.765217	316.500000	245.000000
1	16.408000	0.857971	319.500000	246.000000
1	16.439000	0.824928	318.537506	247.399994
1	16.471000	0.814638	317.281250	244.781250
1	16.502000	0.804928	317.812500	245.437500
1	16.533000	0.818551	317.725006	243.725006
1	16.564000	0.787971	319.318756	246.018768
1	16.611000	0.843623	318.493744	247.256256
1	16.642000	0.846377	318.500000	246.000000
1	16.673000	0.809710	317.881256	248.243744
1	16.705000	0.837971	318.024994	248.074982
1	16.736000	0.835797	318.118744	248.618744
1	16.767000	0.811594	317.500000	250.000000
1	16.798000	0.843623	317.493744	247.743744
0	16.845000	0.761884	318.393707	247.493805
1	16.876000	0.835362	318.000000	246.000000
1	16.907000	0.800580	319.000000	247.000000
1	16.939000	0.831594	319.037506	248.462494
1	16.970000	0.835362	318.000000	247.000000
1	17.001000	0.841884	318.143738	247.518738
1	17.032000	0.826232	318.918701	246.906189
1	17.063000	0.801594	318.031250	246.518738
1	17.110000	0.820580	317.787506	247.600006
1	17.141000	0.796667	317.993774	245.943604
1	17.173000	0.818406	317.756256	246.806244
1	17.204000	0.796667	318.943756	247.606232
1	17.235000	0.771159	318.843750	246.293762
1	17.266000	0.811884	318.787506	247.287506
1	17.297000	0.833188	318.406250	247.593750
1	17.344000	0.811594	318.750000	247.750000
1	17.375000	0.847681	318.856232	248.181244
1	17.407000	0.826232	319.118744	248.506256
1	17.438000	0.811594	319.000000	250.500000
1	17.469000	0.842898	318.812500	249.500000
1	17.500000	0.835797	318.506256	250.443756
1	17.531000	0.834783	317.968750	248.531250
1	17.563000	0.852754	318.125000	250.125000
1	17.609000	0.837971	317.912506	250.462494
1	17.641000	0.865797	318.250000	249.937500
1	17.672000	0.848841	318.756256	249.806244
1	17.703000	0.827246	317.850006	249.524994
1	17.734000	0.832029	319.031250	250.531250
1	17.765000	0.818406	319.231232	249.806244
1	17.797000	0.815942	318.737488	250.312500
1	17.843000	0.801159	321.024994	250.475006
1	17.875000	0.834783	319.000000	249.500000
1	17.906000	0.850580	320.156250	251.343750
1	17.937000	0.852754	320.250000	249.375000
1	17.968000	0.858116	320.343750	249.343750
1	17.999000	0.800580	320.000000	249.000000
1	18.031000	0.835942	319.524994	249.975006
1	18.077000	0.794203	321.000000	250.500000
1	18.109000	0.799275	320.500000	249.937500
1	18.140000	0.800580	319.500000	249.000000
1	18.171000	0.811594	321.750000	251.250000
1	18.202000	0.838986	321.118744	249.556244
1	18.233000	0.837971	321.537506	249.350006
1	18.265000	0.816377	322.293732	249.693756
1	18.296000	0.831594	320.087494	249.037506
1	18.343000	0.849420	320.418762	250.218750
1	18.374000	0.808696	321.250000	251.000000
1	18.405000	0.835942	319.975006	249.975006
1	18.436000	0.804928	320.812500	250.812500
1	18.467000	0.836377	320.593750	252.468750
1	18.499000	0.829275	320.912506	251.337494
1	18.530000	0.855507	320.368744	252.118744
1	18.577000	0.839710	320.437500	249.687500
1	18.608000	0.799420	321.750000	249.500000
0	18.639000	0.765217	320.500000	249.000000
1	18.670000	0.812319	319.331238	248.706238
1	18.701000	0.847681	320.181244	250.243744
1	18.733000	0.834783	320.500000	251.000000
1	18.764000	0.851159	320.181244	250.631256
1	18.811000	0.815797	319.893738	251.331238
1	18.842000	0.831449	319.993744	250.556244
1	18.873000	0.833768	318.618744	249.431244
1	18.904000	0.856522	319.000000	251.000000
1	18.935000	0.881594	319.693756	250.943756
1	18.967000	0.857681	320.337494	251.912506
1	18.998000	0.833768	320.068756	252.431244
1	19.029000	0.839275	320.556244	251.443756
1	19.076000	0.894638	319.868744	252.868744
1	19.107000	0.866812	319.531250	252.968750
1	19.138000	0.860725	318.631256	252.181244
1	19.169000	0.839855	319.343750	252.418762
1	19.201000	0.865797	319.812500	254.187500
1	19.232000	0.850580	319.156250	253.593750
1	19.263000	0.889710	320.406250	253.356262
1	19.310000	0.857971	320.250000	254.362488
1	19.341000	0.855362	320.462494	254.712494
1	19.372000	0.875507	320.281250	254.843750
1	19.403000	0.859855	320.818756	255.631256
1	19.435000	0.812319	322.143707	254.281281
1	19.466000	0.765362	322.343781	254.956268
1	19.497000	0.871159	320.906250	254.518738
1	19.544000	0.801015	322.443756	254.543732
1	19.575000	0.878406	320.268738	254.293701
1	19.606000	0.870580	320.131256	254.868744
1	19.637000	0.877246	319.881256	254.868744
1	19.669000	0.872464	320.250000	254.750000
1	19.700000	0.853768	320.668732	255.168732
1	19.731000	0.901159	319.837494	255.524994
1	19.762000	0.871159	320.906250	255.906250
1	19.809000	0.797246	321.968750	255.968750
1	19.840000	0.880290	320.037506	255.774994
1	19.871000	0.833188	321.406250	255.406250
1	19.903000	0.852029	320.793732	256.243744
1	19.934000	0.828986	320.500000	256.000000
1	19.965000	0.856377	319.431244	255.818756
1	19.996000	0.839855	320.468750	256.418762
1	20.043000	0.848406	321.625000	254.812500
1	20.074000	0.901594	320.018738	255.518738
1	20.105000	0.817971	322.625000	255.250000
1	20.137000	0.857971	322.250000	255.750000
1	20.168000	0.911594	320.656250	256.406250
1	20.199000	0.857971	321.500000	256.000000
1	20.230000	0.875362	320.500000	256.500000
0	20.277000	0.831015	321.437500	256.437500
1	20.308000	0.807246	321.987488	257.362488
1	20.339000	0.852754	320.750000	256.375000
1	20.371000	0.855072	318.737488	254.125000
1	20.402000	0.902754	319.468750	255.531250
0	20.433000	0.783333	322.156250	253.768738
1	20.464000	0.884058	319.000000	253.687500
1	20.495000	0.881449	319.287506	253.274994
1	20.542000	0.874203	320.112579	254.112335
1	20.573000	0.857971	320.500000	257.000000
1	20.605000	0.913043	321.312500	258.437500
1	20.636000	0.782609	322.500000	257.000000
0	20.667000	0.805507	323.412506	258.162506
0	20.698000	0.765217	324.500000	257.000000
1	20.729000	0.814638	321.718750	256.718750
1	20.776000	0.876812	321.762512	258.862488
1	20.807000	0.791884	322.875000	256.625000
1	20.839000	0.753623	322.687500	258.812500
1	20.870000	0.843478	323.750000	259.750000
0	20.901000	0.814638	323.706238	259.331238
1	20.932000	0.881159	324.500000	263.000000
1	20.963000	0.828551	323.531281	258.881439
0	21.010000	0.847246	324.137512	259.237488
0	21.041000	0.816232	325.225006	261.225006
1	21.073000	0.877681	323.375000	260.812500
0	21.104000	0.753623	324.500000	259.000000
1	21.135000	0.892754	323.125000	260.625000
0	21.166000	0.834783	324.500000	259.000000
1	21.197000	0.852754	323.737488	260.299988
0	21.229000	0.798551	322.087585	259.449890
0	21.275000	0.834783	322.250000	258.250000
1	21.307000	0.796812	323.087494	258.912506
1	21.338000	0.794638	322.068756	259.606232
0	21.369000	0.787536	321.937500	257.312500
1	21.400000	0.825507	322.125000	260.750000
0	21.431000	0.840725	321.343750	256.343750
1	21.463000	0.747681	322.381256	256.743744
1	21.494000	0.781884	321.231262	258.268738
1	21.541000	0.899420	320.125000	254.512512
0	21.572000	0.800000	319.500000	255.000000
0	21.603000	0.742319	320.337494	257.087494
1	21.634000	0.863188	320.212494	254.162506
0	21.665000	0.865942	320.231262	255.031250
0	21.697000	0.814203	317.662506	253.274994
1	21.743000	0.896667	319.918732	252.643768
1	21.775000	0.915072	320.887482	253.287506
0	21.806000	0.578261	315.000000	249.125000
0	21.837000	0.870145	321.875000	252.062500
0	21.868000	0.765217	320.500000	249.000000
1	21.899000	0.907246	321.250000	253.250000
0	21.931000	0.796377	323.718781	253.893768
0	21.962000	0.823188	321.500000	251.000000
0	22.009000	0.765217	320.500000	253.000000
0	22.040000	0.820725	322.806244	252.193756
0	22.071000	0.852899	321.768738	254.843750
1	22.102000	0.834783	319.062500	256.562500
0	22.133000	0.796667	320.931244	257.868744
1	22.165000	0.864203	320.256256	259.243744
0	22.196000	0.817971	321.750000	258.750000
1	22.227000	0.839130	321.781250	259.968750
1	22.274000	0.759710	323.412506	259.537506
0	22.305000	0.801594	322.906250	258.518738
1	22.336000	0.814638	323.281250	259.718750
0	22.367000	0.801159	322.475006	258.024994
0	22.399000	0.831015	322.625000	258.562500
0	22.430000	0.829420	322.943756	259.493744
1	22.461000	0.854928	322.356262	258.281250
0	22.508000	0.775362	322.200012	258.200012
0	22.539000	0.766377	322.274994	258.975006
0	22.570000	0.807536	322.350006	258.350006
1	22.601000	0.829855	323.500000	262.500000
1	22.633000	0.883768	321.587494	260.287506
1	22.664000	0.868550	322.518555	261.180969
1	22.695000	0.833188	322.406250	260.481262
0	22.742000	0.753623	324.500000	261.000000
1	22.773000	0.794203	323.500000	260.000000
0	22.804000	0.844638	322.550018	259.100006
1	22.835000	0.868406	322.912506	259.475006
0	22.867000	0.814638	323.281250	257.718750
1	22.898000	0.839275	322.556244	259.093719
0	22.929000	0.782609	324.000000	259.500000
0	22.960000	0.827101	321.506256	258.743744
0	23.007000	0.833188	322.406250	259.406250
1	23.038000	0.851015	321.412506	259.162506
0	23.069000	0.765217	321.500000	258.000000
1	23.101000	0.898406	321.343750	260.843750
1	23.132000	0.870725	321.225006	259.475006
1	23.163000	0.829420	323.493744	260.881256
1	23.194000	0.874928	323.818756	261.606232
0	23.241000	0.800000	323.500000	259.000000
1	23.272000	0.761594	325.456238	260.281250
0	23.303000	0.801159	324.475006	258.475006
1	23.335000	0.826667	322.925201	258.912506
1	23.366000	0.857681	323.087494	259.287506
1	23.397000	0.846667	324.087494	260.037506
1	23.428000	0.840580	323.437500	258.562500
1	23.475000	0.876667	324.093750	259.593750
0	23.506000	0.773188	325.143738	258.356262
0	23.537000	0.800000	325.500000	259.000000
1	23.569000	0.857971	325.000000	260.500000
1	23.600000	0.848985	324.212494	260.212494
1	23.631000	0.822899	325.087494	260.412506
1	23.662000	0.869565	324.250000	260.250000
1	23.693000	0.875507	324.093750	260.843750
1	23.740000	0.829855	323.500000	261.087402
1	23.771000	0.782609	324.000000	260.000000
1	23.803000	0.839130	321.968750	260.531250
1	23.834000	0.802029	323.587494	259.987518
1	23.865000	0.815362	322.712494	260.337494
1	23.896000	0.865797	323.812500	262.062500
1	23.927000	0.801159	323.524994	260.975006
1	23.974000	0.794058	323.981262	259.031250
1	24.005000	0.788406	325.000000	260.500000
1	24.037000	0.812464	321.812500	259.674988
1	24.068000	0.814638	323.718750	260.281250
1	24.099000	0.801594	323.156250	261.906250
1	24.130000	0.832029	323.068726	259.456238
1	24.161000	0.840145	323.556244	259.506256
1	24.208000	0.825507	324.125000	260.562500
1	24.239000	0.855797	322.206238	261.043762
1	24.271000	0.839710	323.312500	263.312500
1	24.302000	0.814638	323.718750	261.281250
1	24.333000	0.839275	323.443756	261.556244
1	24.364000	0.818551	323.649994	260.725006
0	24.395000	0.788406	322.000000	257.500000
1	24.427000	0.742029	323.750000	258.750000
0	24.473000	0.733623	322.574982	256.787506
0	24.505000	0.736232	322.500000	256.500000
0	24.536000	0.765217	323.500000	258.000000
1	24.567000	0.792319	324.056244	257.881256
0	24.598000	0.783333	324.118744	258.231232
1	24.629000	0.782609	323.000000	258.000000
1	24.661000	0.763623	323.531250	259.218750
0	24.707000	0.732754	323.474884	258.724823
1	24.739000	0.788406	322.000000	259.500000
0	24.770000	0.753768	322.468750	258.406250
1	24.801000	0.797101	323.250000	260.000000
1	24.832000	0.833768	322.993744	261.431244
1	24.863000	0.765217	323.500000	260.000000
1	24.895000	0.804928	324.000000	262.187500
1	24.941000	0.795652	324.125000	263.000000
1	24.973000	0.822754	322.568756	262.856232
1	25.004000	0.857102	323.187500	264.812500
1	25.035000	0.807102	324.781250	263.831238
1	25.066000	0.849420	323.781250	264.218750
1	25.097000	0.799420	324.875000	264.937500
1	25.129000	0.878551	324.312500	264.025085
1	25.160000	0.827681	324.418762	266.656250
1	25.207000	0.801159	325.024994	264.975006
1	25.238000	0.816232	324.274994	264.762482
1	25.269000	0.811884	322.712494	268.037506
1	25.300000	0.846377	324.500000	267.000000
1	25.331000	0.838551	323.562500	266.437500
1	25.363000	0.783623	323.693756	266.693756
1	25.394000	0.847101	322.643738	266.206238
1	25.425000	0.832029	325.468750	264.531250
1	25.472000	0.817391	325.312500	264.187500
1	25.503000	0.823188	325.500000	264.000000
0	25.534000	0.774493	325.125000	264.375000
0	25.565000	0.765217	324.500000	265.000000
1	25.597000	0.832029	324.468750	263.468750
1	25.628000	0.837971	325.537506	263.912506
1	25.675000	0.831015	325.437500	264.437500
1	25.706000	0.800000	325.500000	265.000000
0	25.737000	0.779420	325.824982	264.787506
1	25.768000	0.848985	325.262482	265.787506
1	25.799000	0.808696	327.187500	266.812500
1	25.831000	0.835942	326.975006	265.975006
1	25.862000	0.849275	327.250000	266.000000
1	25.893000	0.797246	326.968750	264.906250
1	25.940000	0.842464	327.468689	266.106262
1	25.971000	0.866232	326.806244	268.056244
1	26.002000	0.831594	327.287506	265.462494
1	26.033000	0.813623	327.875000	266.312500
1	26.065000	0.821014	327.206238	267.081238
1	26.096000	0.831449	325.056244	265.556244
1	26.127000	0.840725	326.343750	265.343750
1	26.158000	0.837971	326.537506	263.462494
1	26.205000	0.833188	326.468750	264.531250
1	26.236000	0.857681	328.337494	265.912506
0	26.267000	0.347826	204.231812	329.268188
1	26.299000	0.846377	327.500000	266.000000
1	26.330000	0.794058	327.906250	264.893738
1	26.361000	0.815942	327.337585	265.262512
1	26.392000	0.816667	327.768738	268.343750
1	26.439000	0.820145	327.168762	268.331238
1	26.470000	0.802899	327.062500	266.937500
1	26.501000	0.825507	326.562500	267.250000
1	26.533000	0.800000	327.500000	266.000000
0	26.564000	0.347826	224.231812	317.268188
1	26.595000	0.817536	325.631256	266.243744
1	26.626000	0.866667	326.250000	267.750000
1	26.673000	0.831594	325.537506	266.462494
0	26.704000	0.759710	326.412506	266.587494
1	26.735000	0.886232	324.768738	267.768738
1	26.767000	0.823188	325.625000	266.875000
0	26.798000	0.800580	326.000000	266.500000
1	26.829000	0.866812	324.968750	266.968750
1	26.860000	0.834928	323.618744	265.993744
1	26.891000	0.852174	324.875000	267.375000
1	26.938000	0.883768	324.712494	267.024994
1	26.969000	0.875362	324.500000	265.500000
1	27.001000	0.837536	324.531250	266.468750
1	27.032000	0.785797	325.324982	264.662506
1	27.063000	0.803768	325.825012	264.137512
1	27.094000	0.868985	324.500000	265.812500
1	27.125000	0.782609	326.000000	265.000000
1	27.172000	0.818985	326.718750	265.168762
1	27.203000	0.866377	324.962494	265.787506
1	27.235000	0.851159	325.181244	265.631256
1	27.266000	0.871159	324.906250	266.156250
1	27.297000	0.808696	325.500000	266.000000
1	27.328000	0.801015	325.006256	265.543732
1	27.359000	0.840290	325.337494	267.037506
1	27.406000	0.837971	324.537506	265.350006
1	27.437000	0.800000	326.750000	265.250000
1	27.469000	0.839275	326.093719	266.093719
1	27.500000	0.831015	325.437500	264.437500
0	27.531000	0.801015	326.006256	264.006256
1	27.562000	0.801015	326.118744	265.543732
1	27.593000	0.814638	325.218750	265.281250
1	27.625000	0.857102	325.312500	264.687500
1	27.671000	0.857971	324.250000	264.250000
1	27.703000	0.840290	324.462494	263.949982
1	27.734000	0.815362	325.212494	263.037506
1	27.765000	0.770145	326.312500	263.062500
1	27.796000	0.833768	326.431244	263.568756
1	27.827000	0.847681	326.618744	263.131256
1	27.859000	0.816377	327.293732	263.693756
1	27.905000	0.800000	326.500000	261.000000
1	27.937000	0.857102	326.674988	263.187500
1	27.968000	0.800000	327.062500	262.937500
1	27.999000	0.753623	327.500000	262.000000
1	28.030000	0.848841	326.193756	262.193756
1	28.061000	0.811594	327.250000	263.250000
1	28.093000	0.828841	326.343750	263.656250
1	28.139000	0.805507	327.162506	263.537506
1	28.171000	0.809710	326.756256	262.243744
1	28.202000	0.744928	326.549988	261.200012
0	28.233000	0.643623	324.006256	258.756256
1	28.264000	0.831015	327.437500	263.437500
1	28.295000	0.823188	327.250000	263.750000
1	28.327000	0.855362	326.662506	263.324982
1	28.358000	0.864058	326.850006	263.975006
1	28.405000	0.771014	327.875000	263.875000
1	28.436000	0.811594	327.500000	264.000000
1	28.467000	0.834203	327.000000	262.437500
0	28.498000	0.752899	327.581238	260.656250
0	28.529000	0.776812	327.500000	261.000000
1	28.561000	0.857102	328.187500	260.687500
0	28.592000	0.755942	330.500000	258.625000
0	28.639000	0.795072	329.062500	259.062500
0	28.670000	0.765217	328.500000	261.000000
1	28.701000	0.765217	328.500000	261.000000
1	28.732000	0.831884	329.000000	262.512512
0	28.763000	0.765217	328.500000	261.000000
0	28.795000	0.765217	328.500000	261.000000
0	28.826000	0.765217	328.500000	261.000000
0	28.873000	0.765217	328.500000	261.000000
0	28.904000	0.781884	330.268738	259.768738
0	28.935000	0.800145	330.493744	260.493744
1	28.966000	0.753623	331.250000	262.250000
1	28.997000	0.805072	330.250000	262.937500
1	29.029000	0.823333	329.406250	262.593750
1	29.060000	0.858116	330.343750	264.656250
1	29.091000	0.809710	328.881256	263.118744
0	29.138000	0.765217	328.500000	261.000000
1	29.169000	0.809275	328.812500	262.750000
0	29.200000	0.760290	329.312500	261.812500
0	29.231000	0.347826	208.231812	325.268188
0	29.263000	0.781594	330.693756	262.193756
1	29.294000	0.815362	330.287506	262.212494
1	29.325000	0.840725	329.531250	262.468750
1	29.372000	0.831449	329.631256	264.556244
0	29.403000	0.690725	328.562500	261.562500
0	29.434000	0.347826	172.231812	341.000000
0	29.465000	0.742319	330.662506	264.662506
1	29.497000	0.857102	329.312500	265.062500
0	29.528000	0.347826	180.231812	341.000000
1	29.559000	0.788406	330.500000	265.000000
1	29.606000	0.834492	330.424927	265.512451
1	29.637000	0.781884	331.231262	265.106262
1	29.668000	0.837681	330.750000	265.000000
1	29.699000	0.764638	330.500000	265.625000
1	29.731000	0.825362	330.718750	265.893738
0	29.762000	0.347826	196.231812	337.268188
1	29.793000	0.796812	330.962494	266.962494
0	29.824000	0.347826	192.231812	337.268188
0	29.871000	0.347826	212.231812	329.268188
0	29.902000	0.347826	188.231812	341.000000
0	29.933000	0.764058	330.524994	264.975006
0	29.965000	0.738406	330.731293	267.268829
1	29.996000	0.809275	330.750000	268.362488
<\RIGHT-PUPIL-DATA>
<LEFT-PUPIL-DATA>
903	0
0	-0.066000	13.913043	240.000000	320.000000
0	-0.034000	13.913043	240.000000	320.000000
0	0.012000	13.913043	240.000000	320.000000
0	0.044000	13.913043	240.000000	320.000000
0	0.075000	13.913043	240.000000	320.000000
0	0.106000	13.913043	240.000000	320.000000
0	0.137000	13.913043	240.000000	320.000000
0	0.168000	13.913043	240.000000	320.000000
0	0.200000	13.913043	240.000000	320.000000
0	0.246000	13.913043	240.000000	320.000000
0	0.278000	13.913043	240.000000	320.000000
0	0.309000	13.913043	240.000000	320.000000
0	0.340000	13.913043	240.000000	320.000000
0	0.371000	13.913043	240.000000	320.000000
0	0.402000	13.913043	240.000000	320.000000
0	0.434000	13.913043	240.000000	320.000000
0	0.480000	13.913043	240.000000	320.000000
0	0.512000	13.913043	240.000000	320.000000
0	0.543000	13.913043	240.000000	320.000000
0	0.574000	13.913043	240.000000	320.000000
0	0.605000	13.913043	240.000000	320.000000
0	0.636000	13.913043	240.000000	320.000000
0	0.668000	13.913043	240.000000	320.000000
0	0.699000	13.913043	240.000000	320.000000
0	0.746000	13.913043	240.000000	320.000000
0	0.777000	13.913043	240.000000	320.000000
0	0.808000	13.913043	240.000000	320.000000
0	0.839000	13.913043	240.000000	320.000000
0	0.870000	13.913043	240.000000	320.000000
0	0.902000	13.913043	240.000000	320.000000
0	0.933000	13.913043	240.000000	320.000000
0	0.980000	13.913043	240.000000	320.000000
0	1.011000	13.913043	240.000000	320.000000
0	1.042000	13.913043	240.000000	320.000000
0	1.073000	13.913043	240.000000	320.000000
0	1.104000	13.913043	240.000000	320.000000
0	1.136000	13.913043	240.000000	320.000000
0	1.167000	13.913043	240.000000	320.000000
0	1.214000	13.913043	240.000000	320.000000
0	1.245000	13.913043	240.000000	320.000000
0	1.276000	13.913043	240.000000	320.000000
0	1.307000	13.913043	240.000000	320.000000
0	1.338000	13.913043	240.000000	320.000000
0	1.370000	13.913043	240.000000	320.000000
0	1.401000	13.913043	240.000000	320.000000
0	1.432000	13.913043	240.000000	320.000000
0	1.479000	13.913043	240.000000	320.000000
0	1.510000	13.913043	240.000000	320.000000
0	1.541000	13.913043	240.000000	320.000000
0	1.572000	13.913043	240.000000	320.000000
0	1.604000	13.913043	240.000000	320.000000
0	1.635000	13.913043	240.000000	320.000000
0	1.666000	13.913043	240.000000	320.000000
0	1.713000	13.913043	240.000000	320.000000
0	1.744000	13.913043	240.000000	320.000000
0	1.775000	13.913043	240.000000	320.000000
0	1.806000	13.913043	240.000000	320.000000
0	1.838000	13.913043	240.000000	320.000000
0	1.869000	13.913043	240.000000	320.000000
0	1.900000	13.913043	240.000000	320.000000
0	1.947000	13.913043	240.000000	320.000000
0	1.978000	13.913043	240.000000	320.000000
0	2.009000	13.913043	240.000000	320.000000
0	2.040000	13.913043	240.000000	320.000000
0	2.072000	13.913043	240.000000	320.000000
0	2.103000	13.913043	240.000000	320.000000
0	2.134000	13.913043	240.000000	320.000000
0	2.165000	13.913043	240.000000	320.000000
0	2.212000	13.913043	240.000000	320.000000
0	2.243000	13.913043	240.000000	320.000000
0	2.274000	13.913043	240.000000	320.000000
0	2.306000	13.913043	240.000000	320.000000
0	2.337000	13.913043	240.000000	320.000000
0	2.368000	13.913043	240.000000	320.000000
0	2.399000	13.913043	240.000000	320.000000
0	2.446000	13.913043	240.000000	320.000000
0	2.477000	13.913043	240.000000	320.000000
0	2.508000	13.913043	240.000000	320.000000
0	2.540000	13.913043	240.000000	320.000000
0	2.571000	13.913043	240.000000	320.000000
0	2.602000	13.913043	240.000000	320.000000
0	2.633000	13.913043	240.000000	320.000000
0	2.680000	13.913043	240.000000	320.000000
0	2.711000	13.913043	240.000000	320.000000
0	2.742000	13.913043	240.000000	320.000000
0	2.774000	13.913043	240.000000	320.000000
0	2.805000	13.913043	240.000000	320.000000
0	2.836000	13.913043	240.000000	320.000000
0	2.867000	13.913043	240.000000	320.000000
0	2.898000	13.913043	240.000000	320.000000
0	2.945000	13.913043	240.000000	320.000000
0	2.976000	13.913043	240.000000	320.000000
0	3.008000	13.913043	240.000000	320.000000
0	3.039000	13.913043	240.000000	320.000000
0	3.070000	13.913043	240.000000	320.000000
0	3.101000	13.913043	240.000000	320.000000
0	3.132000	13.913043	240.000000	320.000000
0	3.179000	13.913043	240.000000	320.000000
0	3.210000	13.913043	240.000000	320.000000
0	3.242000	13.913043	240.000000	320.000000
0	3.273000	13.913043	240.000000	320.000000
0	3.304000	13.913043	240.000000	320.000000
0	3.335000	13.913043	240.000000	320.000000
0	3.366000	13.913043	240.000000	320.000000
0	3.413000	13.913043	240.000000	320.000000
0	3.444000	13.913043	240.000000	320.000000
0	3.476000	13.913043	240.000000	320.000000
0	3.507000	13.913043	240.000000	320.000000
0	3.538000	13.913043	240.000000	320.000000
0	3.569000	13.913043	240.000000	320.000000
0	3.600000	13.913043	240.000000	320.000000
0	3.632000	13.913043	240.000000	320.000000
0	3.678000	13.913043	240.000000	320.000000
0	3.710000	13.913043	240.000000	320.000000
0	3.741000	13.913043	240.000000	320.000000
0	3.772000	13.913043	240.000000	320.000000
0	3.803000	13.913043	240.000000	320.000000
0	3.834000	13.913043	240.000000	320.000000
0	3.866000	13.913043	240.000000	320.000000
0	3.897000	13.913043	240.000000	320.000000
0	3.944000	13.913043	240.000000	320.000000
0	3.975000	13.913043	240.000000	320.000000
0	4.006000	13.913043	240.000000	320.000000
0	4.037000	13.913043	240.000000	320.000000
0	4.068000	13.913043	240.000000	320.000000
0	4.100000	13.913043	240.000000	320.000000
0	4.131000	13.913043	240.000000	320.000000
0	4.178000	13.913043	240.000000	320.000000
0	4.209000	13.913043	240.000000	320.000000
0	4.240000	13.913043	240.000000	320.000000
0	4.271000	13.913043	240.000000	320.000000
0	4.302000	13.913043	240.000000	320.000000
0	4.334000	13.913043	240.000000	320.000000
0	4.365000	13.913043	240.000000	320.000000
0	4.412000	13.913043	240.000000	320.000000
0	4.443000	13.913043	240.000000	320.000000
0	4.474000	13.913043	240.000000	320.000000
0	4.505000	13.913043	240.000000	320.000000
0	4.536000	13.913043	240.000000	320.000000
0	4.568000	13.913043	240.000000	320.000000
0	4.599000	13.913043	240.000000	320.000000
0	4.630000	13.913043	240.000000	320.000000
0	4.677000	13.913043	240.000000	320.000000
0	4.708000	13.913043	240.000000	320.000000
0	4.739000	13.913043	240.000000	320.000000
0	4.770000	13.913043	240.000000	320.000000
0	4.802000	13.913043	240.000000	320.000000
0	4.833000	13.913043	240.000000	320.000000
0	4.864000	13.913043	240.000000	320.000000
0	4.911000	13.913043	240.000000	320.000000
0	4.942000	13.913043	240.000000	320.000000
0	4.973000	13.913043	240.000000	320.000000
0	5.004000	13.913043	240.000000	320.000000
0	5.036000	13.913043	240.000000	320.000000
0	5.067000	13.913043	240.000000	320.000000
0	5.098000	13.913043	240.000000	320.000000
0	5.145000	13.913043	240.000000	320.000000
0	5.176000	13.913043	240.000000	320.000000
0	5.207000	13.913043	240.000000	320.000000
0	5.238000	13.913043	240.000000	320.000000
0	5.270000	13.913043	240.000000	320.000000
0	5.301000	13.913043	240.000000	320.000000
0	5.332000	13.913043	240.000000	320.000000
0	5.363000	13.913043	240.000000	320.000000
0	5.410000	13.913043	240.000000	320.000000
0	5.441000	13.913043	240.000000	320.000000
0	5.472000	13.913043	240.000000	320.000000
0	5.504000	13.913043	240.000000	320.000000
0	5.535000	13.913043	240.000000	320.000000
0	5.566000	13.913043	240.000000	320.000000
0	5.597000	13.913043	240.000000	320.000000
0	5.644000	13.913043	240.000000	320.000000
0	5.675000	13.913043	240.000000	320.000000
0	5.706000	13.913043	240.000000	320.000000
0	5.738000	13.913043	240.000000	320.000000
0	5.769000	13.913043	240.000000	320.000000
0	5.800000	13.913043	240.000000	320.000000
0	5.831000	13.913043	240.000000	320.000000
0	5.878000	13.913043	240.000000	320.000000
0	5.909000	13.913043	240.000000	320.000000
0	5.940000	13.913043	240.000000	320.000000
0	5.972000	13.913043	240.000000	320.000000
0	6.003000	13.913043	240.000000	320.000000
0	6.034000	13.913043	240.000000	320.000000
0	6.065000	13.913043	240.000000	320.000000
0	6.096000	13.913043	240.000000	320.000000
0	6.143000	13.913043	240.000000	320.000000
0	6.174000	13.913043	240.000000	320.000000
0	6.206000	13.913043	240.000000	320.000000
0	6.237000	13.913043	240.000000	320.000000
0	6.268000	13.913043	240.000000	320.000000
0	6.299000	13.913043	240.000000	320.000000
0	6.330000	13.913043	240.000000	320.000000
0	6.377000	13.913043	240.000000	320.000000
0	6.408000	13.913043	240.000000	320.000000
0	6.440000	13.913043	240.000000	320.000000
0	6.471000	13.913043	240.000000	320.000000
0	6.502000	13.913043	240.000000	320.000000
0	6.533000	13.913043	240.000000	320.000000
0	6.564000	13.913043	240.000000	320.000000
0	6.611000	13.913043	240.000000	320.000000
0	6.642000	13.913043	240.000000	320.000000
0	6.674000	13.913043	240.000000	320.000000
0	6.705000	13.913043	240.000000	320.000000
0	6.736000	13.913043	240.000000	320.000000
0	6.767000	13.913043	240.000000	320.000000
0	6.798000	13.913043	240.000000	320.000000
0	6.830000	13.913043	240.000000	320.000000
0	6.876000	13.913043	240.000000	320.000000
0	6.908000	13.913043	240.000000	320.000000
0	6.939000	13.913043	240.000000	320.000000
0	6.970000	13.913043	240.000000	320.000000
0	7.001000	13.913043	240.000000	320.000000
0	7.032000	13.913043	240.000000	320.000000
0	7.064000	13.913043	240.000000	320.000000
0	7.110000	13.913043	240.000000	320.000000
0	7.142000	13.913043	240.000000	320.000000
0	7.173000	13.913043	240.000000	320.000000
0	7.204000	13.913043	240.000000	320.000000
0	7.235000	13.913043	240.000000	320.000000
0	7.266000	13.913043	240.000000	320.000000
0	7.298000	13.913043	240.000000	320.000000
0	7.344000	13.913043	240.000000	320.000000
0	7.376000	13.913043	240.000000	320.000000
0	7.407000	13.913043	240.000000	320.000000
0	7.438000	13.913043	240.000000	320.000000
0	7.469000	13.913043	240.000000	320.000000
0	7.501000	13.913043	240.000000	320.000000
0	7.532000	13.913043	240.000000	320.000000
0	7.563000	13.913043	240.000000	320.000000
0	7.610000	13.913043	240.000000	320.000000
0	7.641000	13.913043	240.000000	320.000000
0	7.672000	13.913043	240.000000	320.000000
0	7.703000	13.913043	240.000000	320.000000
0	7.735000	13.913043	240.000000	320.000000
0	7.766000	13.913043	240.000000	320.000000
0	7.797000	13.913043	240.000000	320.000000
0	7.828000	13.913043	240.000000	320.000000
0	7.875000	13.913043	240.000000	320.000000
0	7.906000	13.913043	240.000000	320.000000
0	7.937000	13.913043	240.000000	320.000000
0	7.969000	13.913043	240.000000	320.000000
0	8.000000	13.913043	240.000000	320.000000
0	8.031000	13.913043	240.000000	320.000000
0	8.062000	13.913043	240.000000	320.000000
0	8.109000	13.913043	240.000000	320.000000
0	8.140000	13.913043	240.000000	320.000000
0	8.171000	13.913043	240.000000	320.000000
0	8.203000	13.913043	240.000000	320.000000
0	8.234000	13.913043	240.000000	320.000000
0	8.265000	13.913043	240.000000	320.000000
0	8.296000	13.913043	240.000000	320.000000
0	8.343000	13.913043	240.000000	320.000000
0	8.374000	13.913043	240.000000	320.000000
0	8.405000	13.913043	240.000000	320.000000
0	8.437000	13.913043	240.000000	320.000000
0	8.468000	13.913043	240.000000	320.000000
0	8.499000	13.913043	240.000000	320.000000
0	8.530000	13.913043	240.000000	320.000000
0	8.561000	13.913043	240.000000	320.000000
0	8.608000	13.913043	240.000000	320.000000
0	8.639000	13.913043	240.000000	320.000000
0	8.671000	13.913043	240.000000	320.000000
0	8.702000	13.913043	240.000000	320.000000
0	8.733000	13.913043	240.000000	320.000000
0	8.764000	13.913043	240.000000	320.000000
0	8.795000	13.913043	240.000000	320.000000
0	8.842000	13.913043	240.000000	320.000000
0	8.873000	13.913043	240.000000	320.000000
0	8.905000	13.913043	240.000000	320.000000
0	8.936000	13.913043	240.000000	320.000000
0	8.967000	13.913043	240.000000	320.000000
0	8.998000	13.913043	240.000000	320.000000
0	9.029000	13.913043	240.000000	320.000000
0	9.076000	13.913043	240.000000	320.000000
0	9.107000	13.913043	240.000000	320.000000
0	9.139000	13.913043	240.000000	320.000000
0	9.170000	13.913043	240.000000	320.000000
0	9.201000	13.913043	240.000000	320.000000
0	9.232000	13.913043	240.000000	320.000000
0	9.263000	13.913043	240.000000	320.000000
0	9.295000	13.913043	240.000000	320.000000
0	9.341000	13.913043	240.000000	320.000000
0	9.373000	13.913043	240.000000	320.000000
0	9.404000	13.913043	240.000000	320.000000
0	9.435000	13.913043	240.000000	320.000000
0	9.466000	13.913043	240.000000	320.000000
0	9.497000	13.913043	240.000000	320.000000
0	9.529000	13.913043	240.000000	320.000000
0	9.575000	13.913043	240.000000	320.000000
0	9.607000	13.913043	240.000000	320.000000
0	9.638000	13.913043	240.000000	320.000000
0	9.669000	13.913043	240.000000	320.000000
0	9.700000	13.913043	240.000000	320.000000
0	9.731000	13.913043	240.000000	320.000000
0	9.763000	13.913043	240.000000	320.000000
0	9.809000	13.913043	240.000000	320.000000
0	9.841000	13.913043	240.000000	320.000000
0	9.872000	13.913043	240.000000	320.000000
0	9.903000	13.913043	240.000000	320.000000
0	9.934000	13.913043	240.000000	320.000000
0	9.965000	13.913043	240.000000	320.000000
0	9.997000	13.913043	240.000000	320.000000
0	10.028000	13.913043	240.000000	320.000000
0	10.075000	13.913043	240.000000	320.000000
0	10.106000	13.913043	240.000000	320.000000
0	10.137000	13.913043	240.000000	320.000000
0	10.168000	13.913043	240.000000	320.000000
0	10.199000	13.913043	240.000000	320.000000
0	10.231000	13.913043	240.000000	320.000000
0	10.262000	13.913043	240.000000	320.000000
0	10.309000	13.913043	240.000000	320.000000
0	10.340000	13.913043	240.000000	320.000000
0	10.371000	13.913043	240.000000	320.000000
0	10.402000	13.913043	240.000000	320.000000
0	10.433000	13.913043	240.000000	320.000000
0	10.465000	13.913043	240.000000	320.000000
0	10.496000	13.913043	240.000000	320.000000
0	10.543000	13.913043	240.000000	320.000000
0	10.574000	13.913043	240.000000	320.000000
0	10.605000	13.913043	240.000000	320.000000
0	10.636000	13.913043	240.000000	320.000000
0	10.667000	13.913043	240.000000	320.000000
0	10.699000	13.913043	240.000000	320.000000
0	10.730000	13.913043	240.000000	320.000000
0	10.761000	13.913043	240.000000	320.000000
0	10.808000	13.913043	240.000000	320.000000
0	10.839000	13.913043	240.000000	320.000000
0	10.870000	13.913043	240.000000	320.000000
0	10.901000	13.913043	240.000000	320.000000
0	10.933000	13.913043	240.000000	320.000000
0	10.964000	13.913043	240.000000	320.000000
0	10.995000	13.913043	240.000000	320.000000
0	11.042000	13.913043	240.000000	320.000000
0	11.073000	13.913043	240.000000	320.000000
0	11.104000	13.913043	240.000000	320.000000
0	11.135000	13.913043	240.000000	320.000000
0	11.167000	13.913043	240.000000	320.000000
0	11.198000	13.913043	240.000000	320.000000
0	11.229000	13.913043	240.000000	320.000000
0	11.276000	13.913043	240.000000	320.000000
0	11.307000	13.913043	240.000000	320.000000
0	11.338000	13.913043	240.000000	320.000000
0	11.369000	13.913043	240.000000	320.000000
0	11.401000	13.913043	240.000000	320.000000
0	11.432000	13.913043	240.000000	320.000000
0	11.463000	13.913043	240.000000	320.000000
0	11.494000	13.913043	240.000000	320.000000
0	11.541000	13.913043	240.000000	320.000000
0	11.572000	13.913043	240.000000	320.000000
0	11.603000	13.913043	240.000000	320.000000
0	11.635000	13.913043	240.000000	320.000000
0	11.666000	13.913043	240.000000	320.000000
0	11.697000	13.913043	240.000000	320.000000
0	11.728000	13.913043	240.000000	320.000000
0	11.775000	13.913043	240.000000	320.000000
0	11.806000	13.913043	240.000000	320.000000
0	11.837000	13.913043	240.000000	320.000000
0	11.869000	13.913043	240.000000	320.000000
0	11.900000	13.913043	240.000000	320.000000
0	11.931000	13.913043	240.000000	320.000000
0	11.962000	13.913043	240.000000	320.000000
0	11.993000	13.913043	240.000000	320.000000
0	12.040000	13.913043	240.000000	320.000000
0	12.071000	13.913043	240.000000	320.000000
0	12.103000	13.913043	240.000000	320.000000
0	12.134000	13.913043	240.000000	320.000000
0	12.165000	13.913043	240.000000	320.000000
0	12.196000	13.913043	240.000000	320.000000
0	12.227000	13.913043	240.000000	320.000000
0	12.274000	13.913043	240.000000	320.000000
0	12.305000	13.913043	240.000000	320.000000
0	12.337000	13.913043	240.000000	320.000000
0	12.368000	13.913043	240.000000	320.000000
0	12.399000	13.913043	240.000000	320.000000
0	12.430000	13.913043	240.000000	320.000000
0	12.461000	13.913043	240.000000	320.000000
0	12.493000	13.913043	240.000000	320.000000
0	12.539000	13.913043	240.000000	320.000000
0	12.571000	13.913043	240.000000	320.000000
0	12.602000	13.913043	240.000000	320.000000
0	12.633000	13.913043	240.000000	320.000000
0	12.664000	13.913043	240.000000	320.000000
0	12.695000	13.913043	240.000000	320.000000
0	12.727000	13.913043	240.000000	320.000000
0	12.773000	13.913043	240.000000	320.000000
0	12.805000	13.913043	240.000000	320.000000
0	12.836000	13.913043	240.000000	320.000000
0	12.867000	13.913043	240.000000	320.000000
0	12.898000	13.913043	240.000000	320.000000
0	12.929000	13.913043	240.000000	320.000000
0	12.961000	13.913043	240.000000	320.000000
0	13.007000	13.913043	240.000000	320.000000
0	13.039000	13.913043	240.000000	320.000000
0	13.070000	13.913043	240.000000	320.000000
0	13.101000	13.913043	240.000000	320.000000
0	13.132000	13.913043	240.000000	320.000000
0	13.163000	13.913043	240.000000	320.000000
0	13.195000	13.913043	240.000000	320.000000
0	13.226000	13.913043	240.000000	320.000000
0	13.273000	13.913043	240.000000	320.000000
0	13.304000	13.913043	240.000000	320.000000
0	13.335000	13.913043	240.000000	320.000000
0	13.366000	13.913043	240.000000	320.000000
0	13.397000	13.913043	240.000000	320.000000
0	13.429000	13.913043	240.000000	320.000000
0	13.460000	13.913043	240.000000	320.000000
0	13.507000	13.913043	240.000000	320.000000
0	13.538000	13.913043	240.000000	320.000000
0	13.569000	13.913043	240.000000	320.000000
0	13.600000	13.913043	240.000000	320.000000
0	13.631000	13.913043	240.000000	320.000000
0	13.663000	13.913043	240.000000	320.000000
0	13.694000	13.913043	240.000000	320.000000
0	13.741000	13.913043	240.000000	320.000000
0	13.772000	13.913043	240.000000	320.000000
0	13.803000	13.913043	240.000000	320.000000
0	13.834000	13.913043	240.000000	320.000000
0	13.865000	13.913043	240.000000	320.000000
0	13.897000	13.913043	240.000000	320.000000
0	13.928000	13.913043	240.000000	320.000000
0	13.959000	13.913043	240.000000	320.000000
0	14.006000	13.913043	240.000000	320.000000
0	14.037000	13.913043	240.000000	320.000000
0	14.068000	13.913043	240.000000	320.000000
0	14.099000	13.913043	240.000000	320.000000
0	14.131000	13.913043	240.000000	320.000000
0	14.162000	13.913043	240.000000	320.000000
0	14.193000	13.913043	240.000000	320.000000
0	14.240000	13.913043	240.000000	320.000000
0	14.271000	13.913043	240.000000	320.000000
0	14.302000	13.913043	240.000000	320.000000
0	14.333000	13.913043	240.000000	320.000000
0	14.365000	13.913043	240.000000	320.000000
0	14.396000	13.913043	240.000000	320.000000
0	14.427000	13.913043	240.000000	320.000000
0	14.474000	13.913043	240.000000	320.000000
0	14.505000	13.913043	240.000000	320.000000
0	14.536000	13.913043	240.000000	320.000000
0	14.567000	13.913043	240.000000	320.000000
0	14.599000	13.913043	240.000000	320.000000
0	14.630000	13.913043	240.000000	320.000000
0	14.661000	13.913043	240.000000	320.000000
0	14.692000	13.913043	240.000000	320.000000
0	14.739000	13.913043	240.000000	320.000000
0	14.770000	13.913043	240.000000	320.000000
0	14.801000	13.913043	240.000000	320.000000
0	14.833000	13.913043	240.000000	320.000000
0	14.864000	13.913043	240.000000	320.000000
0	14.895000	13.913043	240.000000	320.000000
0	14.926000	13.913043	240.000000	320.000000
0	14.973000	13.913043	240.000000	320.000000
0	15.004000	13.913043	240.000000	320.000000
0	15.035000	13.913043	240.000000	320.000000
0	15.067000	13.913043	240.000000	320.000000
0	15.098000	13.913043	240.000000	320.000000
0	15.129000	13.913043	240.000000	320.000000
0	15.160000	13.913043	240.000000	320.000000
0	15.207000	13.913043	240.000000	320.000000
0	15.238000	13.913043	240.000000	320.000000
0	15.269000	13.913043	240.000000	320.000000
0	15.301000	13.913043	240.000000	320.000000
0	15.332000	13.913043	240.000000	320.000000
0	15.363000	13.913043	240.000000	320.000000
0	15.394000	13.913043	240.000000	320.000000
0	15.425000	13.913043	240.000000	320.000000
0	15.472000	13.913043	240.000000	320.000000
0	15.503000	13.913043	240.000000	320.000000
0	15.535000	13.913043	240.000000	320.000000
0	15.566000	13.913043	240.000000	320.000000
0	15.597000	13.913043	240.000000	320.000000
0	15.628000	13.913043	240.000000	320.000000
0	15.659000	13.913043	240.000000	320.000000
0	15.706000	13.913043	240.000000	320.000000
0	15.737000	13.913043	240.000000	320.000000
0	15.769000	13.913043	240.000000	320.000000
0	15.800000	13.913043	240.000000	320.000000
0	15.831000	13.913043	240.000000	320.000000
0	15.862000	13.913043	240.000000	320.000000
0	15.893000	13.913043	240.000000	320.000000
0	15.925000	13.913043	240.000000	320.000000
0	15.971000	13.913043	240.000000	320.000000
0	16.003000	13.913043	240.000000	320.000000
0	16.034000	13.913043	240.000000	320.000000
0	16.065000	13.913043	240.000000	320.000000
0	16.096000	13.913043	240.000000	320.000000
0	16.127000	13.913043	240.000000	320.000000
0	16.159000	13.913043	240.000000	320.000000
0	16.205000	13.913043	240.000000	320.000000
0	16.237000	13.913043	240.000000	320.000000
0	16.268000	13.913043	240.000000	320.000000
0	16.299000	13.913043	240.000000	320.000000
0	16.330000	13.913043	240.000000	320.000000
0	16.361000	13.913043	240.000000	320.000000
0	16.393000	13.913043	240.000000	320.000000
0	16.439000	13.913043	240.000000	320.000000
0	16.471000	13.913043	240.000000	320.000000
0	16.502000	13.913043	240.000000	320.000000
0	16.533000	13.913043	240.000000	320.000000
0	16.564000	13.913043	240.000000	320.000000
0	16.595000	13.913043	240.000000	320.000000
0	16.627000	13.913043	240.000000	320.000000
0	16.658000	13.913043	240.000000	320.000000
0	16.705000	13.913043	240.000000	320.000000
0	16.736000	13.913043	240.000000	320.000000
0	16.767000	13.913043	240.000000	320.000000
0	16.798000	13.913043	240.000000	320.000000
0	16.829000	13.913043	240.000000	320.000000
0	16.861000	13.913043	240.000000	320.000000
0	16.892000	13.913043	240.000000	320.000000
0	16.939000	13.913043	240.000000	320.000000
0	16.970000	13.913043	240.000000	320.000000
0	17.001000	13.913043	240.000000	320.000000
0	17.032000	13.913043	240.000000	320.000000
0	17.063000	13.913043	240.000000	320.000000
0	17.095000	13.913043	240.000000	320.000000
0	17.126000	13.913043	240.000000	320.000000
0	17.157000	13.913043	240.000000	320.000000
0	17.204000	13.913043	240.000000	320.000000
0	17.235000	13.913043	240.000000	320.000000
0	17.266000	13.913043	240.000000	320.000000
0	17.297000	13.913043	240.000000	320.000000
0	17.329000	13.913043	240.000000	320.000000
0	17.360000	13.913043	240.000000	320.000000
0	17.391000	13.913043	240.000000	320.000000
0	17.438000	13.913043	240.000000	320.000000
0	17.469000	13.913043	240.000000	320.000000
0	17.500000	13.913043	240.000000	320.000000
0	17.531000	13.913043	240.000000	320.000000
0	17.563000	13.913043	240.000000	320.000000
0	17.594000	13.913043	240.000000	320.000000
0	17.625000	13.913043	240.000000	320.000000
0	17.672000	13.913043	240.000000	320.000000
0	17.703000	13.913043	240.000000	320.000000
0	17.734000	13.913043	240.000000	320.000000
0	17.765000	13.913043	240.000000	320.000000
0	17.797000	13.913043	240.000000	320.000000
0	17.828000	13.913043	240.000000	320.000000
0	17.859000	13.913043	240.000000	320.000000
0	17.890000	13.913043	240.000000	320.000000
0	17.937000	13.913043	240.000000	320.000000
0	17.968000	13.913043	240.000000	320.000000
0	17.999000	13.913043	240.000000	320.000000
0	18.031000	13.913043	240.000000	320.000000
0	18.062000	13.913043	240.000000	320.000000
0	18.093000	13.913043	240.000000	320.000000
0	18.124000	13.913043	240.000000	320.000000
0	18.171000	13.913043	240.000000	320.000000
0	18.202000	13.913043	240.000000	320.000000
0	18.233000	13.913043	240.000000	320.000000
0	18.265000	13.913043	240.000000	320.000000
0	18.296000	13.913043	240.000000	320.000000
0	18.327000	13.913043	240.000000	320.000000
0	18.358000	13.913043	240.000000	320.000000
0	18.405000	13.913043	240.000000	320.000000
0	18.436000	13.913043	240.000000	320.000000
0	18.467000	13.913043	240.000000	320.000000
0	18.499000	13.913043	240.000000	320.000000
0	18.530000	13.913043	240.000000	320.000000
0	18.561000	13.913043	240.000000	320.000000
0	18.592000	13.913043	240.000000	320.000000
0	18.623000	13.913043	240.000000	320.000000
0	18.670000	13.913043	240.000000	320.000000
0	18.701000	13.913043	240.000000	320.000000
0	18.733000	13.913043	240.000000	320.000000
0	18.764000	13.913043	240.000000	320.000000
0	18.795000	13.913043	240.000000	320.000000
0	18.826000	13.913043	240.000000	320.000000
0	18.857000	13.913043	240.000000	320.000000
0	18.904000	13.913043	240.000000	320.000000
0	18.935000	13.913043	240.000000	320.000000
0	18.967000	13.913043	240.000000	320.000000
0	18.998000	13.913043	240.000000	320.000000
0	19.029000	13.913043	240.000000	320.000000
0	19.060000	13.913043	240.000000	320.000000
0	19.091000	13.913043	240.000000	320.000000
0	19.138000	13.913043	240.000000	320.000000
0	19.169000	13.913043	240.000000	320.000000
0	19.201000	13.913043	240.000000	320.000000
0	19.232000	13.913043	240.000000	320.000000
0	19.263000	13.913043	240.000000	320.000000
0	19.294000	13.913043	240.000000	320.000000
0	19.325000	13.913043	240.000000	320.000000
0	19.357000	13.913043	240.000000	320.000000
0	19.403000	13.913043	240.000000	320.000000
0	19.435000	13.913043	240.000000	320.000000
0	19.466000	13.913043	240.000000	320.000000
0	19.497000	13.913043	240.000000	320.000000
0	19.528000	13.913043	240.000000	320.000000
0	19.559000	13.913043	240.000000	320.000000
0	19.591000	13.913043	240.000000	320.000000
0	19.637000	13.913043	240.000000	320.000000
0	19.669000	13.913043	240.000000	320.000000
0	19.700000	13.913043	240.000000	320.000000
0	19.731000	13.913043	240.000000	320.000000
0	19.762000	13.913043	240.000000	320.000000
0	19.793000	13.913043	240.000000	320.000000
0	19.825000	13.913043	240.000000	320.000000
0	19.856000	13.913043	240.000000	320.000000
0	19.903000	13.913043	240.000000	320.000000
0	19.934000	13.913043	240.000000	320.000000
0	19.965000	13.913043	240.000000	320.000000
0	19.996000	13.913043	240.000000	320.000000
0	20.027000	13.913043	240.000000	320.000000
0	20.059000	13.913043	240.000000	320.000000
0	20.090000	13.913043	240.000000	320.000000
0	20.137000	13.913043	240.000000	320.000000
0	20.168000	13.913043	240.000000	320.000000
0	20.199000	13.913043	240.000000	320.000000
0	20.230000	13.913043	240.000000	320.000000
0	20.261000	13.913043	240.000000	320.000000
0	20.293000	13.913043	240.000000	320.000000
0	20.324000	13.913043	240.000000	320.000000
0	20.371000	13.913043	240.000000	320.000000
0	20.402000	13.913043	240.000000	320.000000
0	20.433000	13.913043	240.000000	320.000000
0	20.464000	13.913043	240.000000	320.000000
0	20.495000	13.913043	240.000000	320.000000
0	20.527000	13.913043	240.000000	320.000000
0	20.558000	13.913043	240.000000	320.000000
0	20.589000	13.913043	240.000000	320.000000
0	20.636000	13.913043	240.000000	320.000000
0	20.667000	13.913043	240.000000	320.000000
0	20.698000	13.913043	240.000000	320.000000
0	20.729000	13.913043	240.000000	320.000000
0	20.761000	13.913043	240.000000	320.000000
0	20.792000	13.913043	240.000000	320.000000
0	20.823000	13.913043	240.000000	320.000000
0	20.870000	13.913043	240.000000	320.000000
0	20.901000	13.913043	240.000000	320.000000
0	20.932000	13.913043	240.000000	320.000000
0	20.963000	13.913043	240.000000	320.000000
0	20.995000	13.913043	240.000000	320.000000
0	21.026000	13.913043	240.000000	320.000000
0	21.057000	13.913043	240.000000	320.000000
0	21.104000	13.913043	240.000000	320.000000
0	21.135000	13.913043	240.000000	320.000000
0	21.166000	13.913043	240.000000	320.000000
0	21.197000	13.913043	240.000000	320.000000
0	21.229000	13.913043	240.000000	320.000000
0	21.260000	13.913043	240.000000	320.000000
0	21.291000	13.913043	240.000000	320.000000
0	21.322000	13.913043	240.000000	320.000000
0	21.369000	13.913043	240.000000	320.000000
0	21.400000	13.913043	240.000000	320.000000
0	21.431000	13.913043	240.000000	320.000000
0	21.463000	13.913043	240.000000	320.000000
0	21.494000	13.913043	240.000000	320.000000
0	21.525000	13.913043	240.000000	320.000000
0	21.556000	13.913043	240.000000	320.000000
0	21.603000	13.913043	240.000000	320.000000
0	21.634000	13.913043	240.000000	320.000000
0	21.665000	13.913043	240.000000	320.000000
0	21.697000	13.913043	240.000000	320.000000
0	21.728000	13.913043	240.000000	320.000000
0	21.759000	13.913043	240.000000	320.000000
0	21.790000	13.913043	240.000000	320.000000
0	21.837000	13.913043	240.000000	320.000000
0	21.868000	13.913043	240.000000	320.000000
0	21.899000	13.913043	240.000000	320.000000
0	21.931000	13.913043	240.000000	320.000000
0	21.962000	13.913043	240.000000	320.000000
0	21.993000	13.913043	240.000000	320.000000
0	22.024000	13.913043	240.000000	320.000000
0	22.055000	13.913043	240.000000	320.000000
0	22.102000	13.913043	240.000000	320.000000
0	22.133000	13.913043	240.000000	320.000000
0	22.165000	13.913043	240.000000	320.000000
0	22.196000	13.913043	240.000000	320.000000
0	22.227000	13.913043	240.000000	320.000000
0	22.258000	13.913043	240.000000	320.000000
0	22.289000	13.913043	240.000000	320.000000
0	22.336000	13.913043	240.000000	320.000000
0	22.367000	13.913043	240.000000	320.000000
0	22.399000	13.913043	240.000000	320.000000
0	22.430000	13.913043	240.000000	320.000000
0	22.461000	13.913043	240.000000	320.000000
0	22.492000	13.913043	240.000000	320.000000
0	22.523000	13.913043	240.000000	320.000000
0	22.555000	13.913043	240.000000	320.000000
0	22.601000	13.913043	240.000000	320.000000
0	22.633000	13.913043	240.000000	320.000000
0	22.664000	13.913043	240.000000	320.000000
0	22.695000	13.913043	240.000000	320.000000
0	22.726000	13.913043	240.000000	320.000000
0	22.757000	13.913043	240.000000	320.000000
0	22.789000	13.913043	240.000000	320.000000
0	22.835000	13.913043	240.000000	320.000000
0	22.867000	13.913043	240.000000	320.000000
0	22.898000	13.913043	240.000000	320.000000
0	22.929000	13.913043	240.000000	320.000000
0	22.960000	13.913043	240.000000	320.000000
0	22.991000	13.913043	240.000000	320.000000
0	23.023000	13.913043	240.000000	320.000000
0	23.069000	13.913043	240.000000	320.000000
0	23.101000	13.913043	240.000000	320.000000
0	23.132000	13.913043	240.000000	320.000000
0	23.163000	13.913043	240.000000	320.000000
0	23.194000	13.913043	240.000000	320.000000
0	23.225000	13.913043	240.000000	320.000000
0	23.257000	13.913043	240.000000	320.000000
0	23.288000	13.913043	240.000000	320.000000
0	23.335000	13.913043	240.000000	320.000000
0	23.366000	13.913043	240.000000	320.000000
0	23.397000	13.913043	240.000000	320.000000
0	23.428000	13.913043	240.000000	320.000000
0	23.459000	13.913043	240.000000	320.000000
0	23.491000	13.913043	240.000000	320.000000
0	23.522000	13.913043	240.000000	320.000000
0	23.569000	13.913043	240.000000	320.000000
0	23.600000	13.913043	240.000000	320.000000
0	23.631000	13.913043	240.000000	320.000000
0	23.662000	13.913043	240.000000	320.000000
0	23.693000	13.913043	240.000000	320.000000
0	23.725000	13.913043	240.000000	320.000000
0	23.756000	13.913043	240.000000	320.000000
0	23.787000	13.913043	240.000000	320.000000
0	23.834000	13.913043	240.000000	320.000000
0	23.865000	13.913043	240.000000	320.000000
0	23.896000	13.913043	240.000000	320.000000
0	23.927000	13.913043	240.000000	320.000000
0	23.959000	13.913043	240.000000	320.000000
0	23.990000	13.913043	240.000000	320.000000
0	24.021000	13.913043	240.000000	320.000000
0	24.068000	13.913043	240.000000	320.000000
0	24.099000	13.913043	240.000000	320.000000
0	24.130000	13.913043	240.000000	320.000000
0	24.161000	13.913043	240.000000	320.000000
0	24.193000	13.913043	240.000000	320.000000
0	24.224000	13.913043	240.000000	320.000000
0	24.255000	13.913043	240.000000	320.000000
0	24.302000	13.913043	240.000000	320.000000
0	24.333000	13.913043	240.000000	320.000000
0	24.364000	13.913043	240.000000	320.000000
0	24.395000	13.913043	240.000000	320.000000
0	24.427000	13.913043	240.000000	320.000000
0	24.458000	13.913043	240.000000	320.000000
0	24.489000	13.913043	240.000000	320.000000
0	24.520000	13.913043	240.000000	320.000000
0	24.567000	13.913043	240.000000	320.000000
0	24.598000	13.913043	240.000000	320.000000
0	24.629000	13.913043	240.000000	320.000000
0	24.661000	13.913043	240.000000	320.000000
0	24.692000	13.913043	240.000000	320.000000
0	24.723000	13.913043	240.000000	320.000000
0	24.754000	13.913043	240.000000	320.000000
0	24.801000	13.913043	240.000000	320.000000
0	24.832000	13.913043	240.000000	320.000000
0	24.863000	13.913043	240.000000	320.000000
0	24.895000	13.913043	240.000000	320.000000
0	24.926000	13.913043	240.000000	320.000000
0	24.957000	13.913043	240.000000	320.000000
0	24.988000	13.913043	240.000000	320.000000
0	25.035000	13.913043	240.000000	320.000000
0	25.066000	13.913043	240.000000	320.000000
0	25.097000	13.913043	240.000000	320.000000
0	25.129000	13.913043	240.000000	320.000000
0	25.160000	13.913043	240.000000	320.000000
0	25.191000	13.913043	240.000000	320.000000
0	25.222000	13.913043	240.000000	320.000000
0	25.253000	13.913043	240.000000	320.000000
0	25.300000	13.913043	240.000000	320.000000
0	25.331000	13.913043	240.000000	320.000000
0	25.363000	13.913043	240.000000	320.000000
0	25.394000	13.913043	240.000000	320.000000
0	25.425000	13.913043	240.000000	320.000000
0	25.456000	13.913043	240.000000	320.000000
0	25.487000	13.913043	240.000000	320.000000
0	25.534000	13.913043	240.000000	320.000000
0	25.565000	13.913043	240.000000	320.000000
0	25.597000	13.913043	240.000000	320.000000
0	25.628000	13.913043	240.000000	320.000000
0	25.659000	13.913043	240.000000	320.000000
0	25.690000	13.913043	240.000000	320.000000
0	25.721000	13.913043	240.000000	320.000000
0	25.768000	13.913043	240.000000	320.000000
0	25.799000	13.913043	240.000000	320.000000
0	25.831000	13.913043	240.000000	320.000000
0	25.862000	13.913043	240.000000	320.000000
0	25.893000	13.913043	240.000000	320.000000
0	25.924000	13.913043	240.000000	320.000000
0	25.955000	13.913043	240.000000	320.000000
0	25.987000	13.913043	240.000000	320.000000
0	26.033000	13.913043	240.000000	320.000000
0	26.065000	13.913043	240.000000	320.000000
0	26.096000	13.913043	240.000000	320.000000
0	26.127000	13.913043	240.000000	320.000000
0	26.158000	13.913043	240.000000	320.000000
0	26.189000	13.913043	240.000000	320.000000
0	26.221000	13.913043	240.000000	320.000000
0	26.267000	13.913043	240.000000	320.000000
0	26.299000	13.913043	240.000000	320.000000
0	26.330000	13.913043	240.000000	320.000000
0	26.361000	13.913043	240.000000	320.000000
0	26.392000	13.913043	240.000000	320.000000
0	26.423000	13.913043	240.000000	320.000000
0	26.455000	13.913043	240.000000	320.000000
0	26.501000	13.913043	240.000000	320.000000
0	26.533000	13.913043	240.000000	320.000000
0	26.564000	13.913043	240.000000	320.000000
0	26.595000	13.913043	240.000000	320.000000
0	26.626000	13.913043	240.000000	320.000000
0	26.657000	13.913043	240.000000	320.000000
0	26.689000	13.913043	240.000000	320.000000
0	26.720000	13.913043	240.000000	320.000000
0	26.767000	13.913043	240.000000	320.000000
0	26.798000	13.913043	240.000000	320.000000
0	26.829000	13.913043	240.000000	320.000000
0	26.860000	13.913043	240.000000	320.000000
0	26.891000	13.913043	240.000000	320.000000
0	26.923000	13.913043	240.000000	320.000000
0	26.954000	13.913043	240.000000	320.000000
0	27.001000	13.913043	240.000000	320.000000
0	27.032000	13.913043	240.000000	320.000000
0	27.063000	13.913043	240.000000	320.000000
0	27.094000	13.913043	240.000000	320.000000
0	27.125000	13.913043	240.000000	320.000000
0	27.157000	13.913043	240.000000	320.000000
0	27.188000	13.913043	240.000000	320.000000
0	27.219000	13.913043	240.000000	320.000000
0	27.266000	13.913043	240.000000	320.000000
0	27.297000	13.913043	240.000000	320.000000
0	27.328000	13.913043	240.000000	320.000000
0	27.359000	13.913043	240.000000	320.000000
0	27.391000	13.913043	240.000000	320.000000
0	27.422000	13.913043	240.000000	320.000000
0	27.453000	13.913043	240.000000	320.000000
0	27.500000	13.913043	240.000000	320.000000
0	27.531000	13.913043	240.000000	320.000000
0	27.562000	13.913043	240.000000	320.000000
0	27.593000	13.913043	240.000000	320.000000
0	27.625000	13.913043	240.000000	320.000000
0	27.656000	13.913043	240.000000	320.000000
0	27.687000	13.913043	240.000000	320.000000
0	27.718000	13.913043	240.000000	320.000000
0	27.765000	13.913043	240.000000	320.000000
0	27.796000	13.913043	240.000000	320.000000
0	27.827000	13.913043	240.000000	320.000000
0	27.859000	13.913043	240.000000	320.000000
0	27.890000	13.913043	240.000000	320.000000
0	27.921000	13.913043	240.000000	320.000000
0	27.952000	13.913043	240.000000	320.000000
0	27.999000	13.913043	240.000000	320.000000
0	28.030000	13.913043	240.000000	320.000000
0	28.061000	13.913043	240.000000	320.000000
0	28.093000	13.913043	240.000000	320.000000
0	28.124000	13.913043	240.000000	320.000000
0	28.155000	13.913043	240.000000	320.000000
0	28.186000	13.913043	240.000000	320.000000
0	28.233000	13.913043	240.000000	320.000000
0	28.264000	13.913043	240.000000	320.000000
0	28.295000	13.913043	240.000000	320.000000
0	28.327000	13.913043	240.000000	320.000000
0	28.358000	13.913043	240.000000	320.000000
0	28.389000	13.913043	240.000000	320.000000
0	28.420000	13.913043	240.000000	320.000000
0	28.451000	13.913043	240.000000	320.000000
0	28.498000	13.913043	240.000000	320.000000
0	28.529000	13.913043	240.000000	320.000000
0	28.561000	13.913043	240.000000	320.000000
0	28.592000	13.913043	240.000000	320.000000
0	28.623000	13.913043	240.000000	320.000000
0	28.654000	13.913043	240.000000	320.000000
0	28.685000	13.913043	240.000000	320.000000
0	28.732000	13.913043	240.000000	320.000000
0	28.763000	13.913043	240.000000	320.000000
0	28.795000	13.913043	240.000000	320.000000
0	28.826000	13.913043	240.000000	320.000000
0	28.857000	13.913043	240.000000	320.000000
0	28.888000	13.913043	240.000000	320.000000
0	28.919000	13.913043	240.000000	320.000000
0	28.966000	13.913043	240.000000	320.000000
0	28.997000	13.913043	240.000000	320.000000
0	29.029000	13.913043	240.000000	320.000000
0	29.060000	13.913043	240.000000	320.000000
0	29.091000	13.913043	240.000000	320.000000
0	29.122000	13.913043	240.000000	320.000000
0	29.153000	13.913043	240.000000	320.000000
0	29.185000	13.913043	240.000000	320.000000
0	29.231000	13.913043	240.000000	320.000000
0	29.263000	13.913043	240.000000	320.000000
0	29.294000	13.913043	240.000000	320.000000
0	29.325000	13.913043	240.000000	320.000000
0	29.356000	13.913043	240.000000	320.000000
0	29.387000	13.913043	240.000000	320.000000
0	29.419000	13.913043	240.000000	320.000000
0	29.465000	13.913043	240.000000	320.000000
0	29.497000	13.913043	240.000000	320.000000
0	29.528000	13.913043	240.000000	320.000000
0	29.559000	13.913043	240.000000	320.000000
0	29.590000	13.913043	240.000000	320.000000
0	29.621000	13.913043	240.000000	320.000000
0	29.653000	13.913043	240.000000	320.000000
0	29.699000	13.913043	240.000000	320.000000
0	29.731000	13.913043	240.000000	320.000000
0	29.762000	13.913043	240.000000	320.000000
0	29.793000	13.913043	240.000000	320.000000
0	29.824000	13.913043	240.000000	320.000000
0	29.855000	13.913043	240.000000	320.000000
0	29.887000	13.913043	240.000000	320.000000
0	29.918000	13.913043	240.000000	320.000000
0	29.965000	13.913043	240.000000	320.000000
0	29.996000	13.913043	240.000000	320.000000
<\LEFT-PUPIL-DATA>
<RIGHT-PUPIL-ANALYSIS>
1
0	0	17	902	0	0	0.510000	29.518000	0.509000	15.810344	0.000000	0.000000	0.000000	0	3	3	3	3	0	0	0	0.000000	0.000000	0.000000	0.000000	0.000000	0.000000	0.000000	-1.000000	0.000000	0	1.164696	0.614232	1.065497	0.296366	0.204000	-0.383599	-1.147268	-1.000000	0.070423	1	1.164696	0.614232	1.065497	0.296366	0.204000	-0.388100	-1.147268	-1.000000	0.054957
<\RIGHT-PUPIL-ANALYSIS>
<LEFT-PUPIL-ANALYSIS>
1
0	0	17	902	0	0	0.510000	29.518000	0.509000	15.810344	0.000000	0.000000	0.000000	0	3	3	3	3	0	0	0	0.000000	0.000000	0.000000	0.000000	0.000000	0.000000	0.000000	-1.000000	0.000000	0	-0.034783	-0.034783	0.000950	0.000950	0.002000	0.000000	0.000000	-1.000000	0.000000	1	-0.034783	-0.034783	0.000950	0.000950	0.002000	-1000000.000000	-1000000.000000	-1.000000	0.000000
<\LEFT-PUPIL-ANALYSIS>
%%%%%%%%%
%%%%%%%%%
%%%%%%%%%
%%%	Measurement Tiime is: 2017-10-31 12:31:01
%%%	Subject ID is: C57BL6-28.09.17-DA-1mois-M4-1.2b
%%%	Note: 
%%%	RSS: Default Human Relative Spectral Sensitivity
%%%	Pupil Analysis:
%%%
%%%
%%%
%%%	Pulse Index:	0
%%%	Stimulus Session Index:	0
%%%	Right Pupil Stimulated
%%%	Light Metric is Photopic
%%%	Stimulus Start Time(sec):	0.51
%%%	Stimulus Duration(sec):	29.52
%%%	Stimulus Pulse Duration(sec):	0.51
%%%	Right Pulse:	15.81	(Blue )	-	0.00	(Blue )	[Lux ]
%%%	Left Pulse:	0.00	(Blue )	-	0.00	(Blue )	[Lux ]
%%%
%%%		RIGHT	LEFT	R.Pupil Mean	L.Pupil Mean	R.Stim Mean	R.Stim Mean
%%%	INPUT:	RAW DATA	RAW DATA
%%%	STATE:	ABNORMAL	ABNORMAL	ABNORMAL	ABNORMAL	ABNORMAL	ABNORMAL
%%%	MAX(mm):	0.00	0.00	0.00	0.00	0.00	0.00
%%%	MIN(mm):	0.00	0.00	0.00	0.00	0.00	0.00
%%%	DELTA(mm):						
%%%	CH(%):						
%%%	LAT(sec):	0.00	0.00	0.00	0.00	0.00	0.00
%%%	CV(mm/s):	0.00	0.00	0.00	0.00	0.00	0.00
%%%	MCV(mm/s):	0.00	0.00	0.00	0.00	0.00	0.00
%%%	DV(mm/s):	0.00	0.00	0.00	0.00	0.00	0.00
%%%%%%%%%
%%%%%%%%%
%%%%%%%%%
%%%	Right Pupil Profile (1st row -> 1 == valid tracking, 0 == invalid tracking; 2nd row -> time; 3rd row -> diameter (mm))
%%%	1	1	1	1	1	1	1	1	1	1	1	0	1	1	1	1	1	0	1	1	1	1	1	1	1	1	1	1	1	1	1	1	1	1	1	1	1	1	1	1	1	1	1	1	1	1	1	1	1	0	1	0	1	0	1	1	1	1	1	1	1	1	1	1	1	1	1	1	1	1	1	1	1	1	1	1	0	1	0	0	1	1	1	1	1	1	1	1	1	1	1	1	1	1	1	1	0	1	1	1	1	1	1	1	1	1	1	1	1	1	1	1	1	1	1	1	1	1	1	1	1	1	1	1	0	1	1	1	1	1	1	1	1	1	1	1	1	1	1	1	1	1	1	1	1	1	1	1	1	1	1	1	1	1	1	0	1	1	0	1	1	1	1	1	1	1	1	1	1	0	1	1	1	1	1	1	0	1	1	1	0	1	1	1	1	1	1	1	1	1	1	1	1	1	1	1	1	1	1	1	1	1	1	1	0	1	1	1	1	1	1	1	1	1	1	1	1	1	1	1	1	1	1	1	1	1	1	1	1	1	1	0	1	1	1	1	1	1	1	1	1	0	1	0	1	1	1	1	0	0	1	1	1	1	0	1	1	1	1	1	1	0	1	1	1	1	1	1	1	1	1	1	1	1	1	1	1	1	1	1	1	1	1	1	1	1	1	1	1	1	1	1	1	1	1	1	1	1	1	1	1	1	1	1	1	1	1	1	1	1	1	1	1	1	1	1	0	1	1	1	1	1	1	1	1	1	1	1	1	1	1	1	1	1	1	1	0	1	1	1	1	1	1	1	1	1	1	1	1	1	1	1	1	1	1	1	1	1	1	1	1	1	1	1	1	1	1	1	1	1	1	1	1	1	1	1	1	1	1	1	1	1	1	1	1	1	1	1	1	1	1	1	1	1	1	1	1	1	1	1	1	1	1	1	1	1	1	1	1	1	1	1	1	1	1	1	1	1	1	1	1	1	1	1	1	1	1	1	1	1	1	1	1	1	1	1	1	1	1	1	1	1	1	1	1	1	1	1	1	1	1	1	1	1	1	1	1	1	1	1	1	1	0	1	1	0	1	1	1	0	1	1	0	1	1	1	1	1	1	1	1	1	1	1	1	1	1	1	1	1	1	1	1	0	1	1	1	1	1	1	1	1	1	1	1	1	1	0	1	1	1	1	1	1	1	1	1	1	1	1	1	1	1	1	1	1	1	1	1	1	1	1	1	1	1	1	1	1	1	1	1	1	1	1	1	1	1	1	1	1	1	1	1	1	1	1	1	1	1	1	1	0	1	1	1	1	1	1	1	1	1	1	1	1	1	1	1	1	1	1	1	1	1	1	1	1	1	1	1	1	1	1	1	1	1	1	1	1	1	1	1	1	1	1	1	1	1	1	1	1	0	1	1	1	1	0	1	1	1	1	1	1	0	0	1	1	1	1	1	0	1	1	0	0	1	0	1	0	1	0	0	1	1	0	1	0	1	1	1	0	0	1	0	0	1	1	0	0	0	1	0	0	0	0	0	1	0	1	0	1	1	0	1	0	0	0	1	0	0	0	1	1	1	1	0	1	0	1	0	1	0	0	0	1	0	1	1	1	1	0	1	0	1	1	1	1	1	0	0	1	1	1	1	1	1	1	1	1	1	1	1	1	1	1	1	1	1	1	1	1	1	1	1	1	0	1	0	0	0	1	0	1	1	0	1	0	1	1	1	1	1	1	1	1	1	1	1	1	1	1	1	1	1	1	1	1	1	1	0	0	1	1	1	1	0	1	1	1	1	1	1	1	1	1	1	1	1	1	1	1	0	1	1	1	1	1	1	1	1	0	1	1	1	0	1	1	0	1	1	1	1	1	1	1	1	1	1	1	1	1	1	1	1	1	1	1	1	1	0	1	1	1	1	1	1	1	1	1	1	1	1	1	1	1	1	1	1	1	1	0	1	1	1	1	1	1	1	0	0	1	0	0	0	1	1	0	0	0	0	0	0	1	1	1	1	1	0	1	0	0	0	1	1	1	0	0	0	1	0	1	1	1	1	1	1	0	1	0	0	0	0	0	1
%%%	-0.050000	-0.019000	0.012000	0.044000	0.075000	0.106000	0.153000	0.184000	0.215000	0.246000	0.278000	0.309000	0.340000	0.387000	0.418000	0.449000	0.480000	0.512000	0.543000	0.574000	0.605000	0.652000	0.683000	0.714000	0.746000	0.777000	0.808000	0.839000	0.886000	0.917000	0.948000	0.980000	1.011000	1.042000	1.073000	1.120000	1.151000	1.182000	1.214000	1.245000	1.276000	1.307000	1.338000	1.385000	1.416000	1.448000	1.479000	1.510000	1.541000	1.572000	1.604000	1.650000	1.682000	1.713000	1.744000	1.775000	1.806000	1.838000	1.884000	1.916000	1.947000	1.978000	2.009000	2.040000	2.072000	2.118000	2.150000	2.181000	2.212000	2.243000	2.274000	2.306000	2.337000	2.384000	2.415000	2.446000	2.477000	2.508000	2.540000	2.571000	2.618000	2.649000	2.680000	2.711000	2.742000	2.774000	2.805000	2.852000	2.883000	2.914000	2.945000	2.976000	3.008000	3.039000	3.070000	3.117000	3.148000	3.179000	3.210000	3.242000	3.273000	3.304000	3.351000	3.382000	3.413000	3.444000	3.476000	3.507000	3.538000	3.585000	3.616000	3.647000	3.678000	3.710000	3.741000	3.772000	3.803000	3.850000	3.881000	3.912000	3.944000	3.975000	4.006000	4.037000	4.084000	4.115000	4.146000	4.178000	4.209000	4.240000	4.271000	4.318000	4.349000	4.380000	4.412000	4.443000	4.474000	4.505000	4.536000	4.583000	4.614000	4.646000	4.677000	4.708000	4.739000	4.770000	4.817000	4.848000	4.880000	4.911000	4.942000	4.973000	5.004000	5.051000	5.082000	5.114000	5.145000	5.176000	5.207000	5.238000	5.270000	5.316000	5.348000	5.379000	5.410000	5.441000	5.472000	5.504000	5.535000	5.582000	5.613000	5.644000	5.675000	5.706000	5.738000	5.769000	5.816000	5.847000	5.878000	5.909000	5.940000	5.972000	6.003000	6.050000	6.081000	6.112000	6.143000	6.174000	6.206000	6.237000	6.268000	6.315000	6.346000	6.377000	6.408000	6.440000	6.471000	6.502000	6.549000	6.580000	6.611000	6.642000	6.674000	6.705000	6.736000	6.783000	6.814000	6.845000	6.876000	6.908000	6.939000	6.970000	7.001000	7.048000	7.079000	7.110000	7.142000	7.173000	7.204000	7.235000	7.282000	7.313000	7.344000	7.376000	7.407000	7.438000	7.469000	7.516000	7.547000	7.579000	7.610000	7.641000	7.672000	7.703000	7.735000	7.781000	7.813000	7.844000	7.875000	7.906000	7.937000	7.969000	8.015000	8.047000	8.078000	8.109000	8.140000	8.171000	8.203000	8.249000	8.281000	8.312000	8.343000	8.374000	8.405000	8.437000	8.468000	8.515000	8.546000	8.577000	8.608000	8.639000	8.671000	8.702000	8.749000	8.780000	8.811000	8.842000	8.873000	8.905000	8.936000	8.983000	9.014000	9.045000	9.076000	9.107000	9.139000	9.170000	9.201000	9.248000	9.279000	9.310000	9.341000	9.373000	9.404000	9.435000	9.482000	9.513000	9.544000	9.575000	9.607000	9.638000	9.669000	9.700000	9.747000	9.778000	9.809000	9.841000	9.872000	9.903000	9.934000	9.981000	10.012000	10.043000	10.075000	10.106000	10.137000	10.168000	10.215000	10.246000	10.277000	10.309000	10.340000	10.371000	10.402000	10.433000	10.480000	10.511000	10.543000	10.574000	10.605000	10.636000	10.667000	10.714000	10.745000	10.777000	10.808000	10.839000	10.870000	10.901000	10.948000	10.979000	11.011000	11.042000	11.073000	11.104000	11.135000	11.167000	11.213000	11.245000	11.276000	11.307000	11.338000	11.369000	11.401000	11.447000	11.479000	11.510000	11.541000	11.572000	11.603000	11.635000	11.666000	11.713000	11.744000	11.775000	11.806000	11.837000	11.869000	11.900000	11.947000	11.978000	12.009000	12.040000	12.071000	12.103000	12.134000	12.181000	12.212000	12.243000	12.274000	12.305000	12.337000	12.368000	12.399000	12.446000	12.477000	12.508000	12.539000	12.571000	12.602000	12.633000	12.680000	12.711000	12.742000	12.773000	12.805000	12.836000	12.867000	12.914000	12.945000	12.976000	13.007000	13.039000	13.070000	13.101000	13.132000	13.179000	13.210000	13.241000	13.273000	13.304000	13.335000	13.366000	13.413000	13.444000	13.475000	13.507000	13.538000	13.569000	13.600000	13.631000	13.678000	13.709000	13.741000	13.772000	13.803000	13.834000	13.865000	13.912000	13.943000	13.975000	14.006000	14.037000	14.068000	14.099000	14.146000	14.177000	14.209000	14.240000	14.271000	14.302000	14.333000	14.365000	14.411000	14.443000	14.474000	14.505000	14.536000	14.567000	14.599000	14.645000	14.677000	14.708000	14.739000	14.770000	14.801000	14.833000	14.879000	14.911000	14.942000	14.973000	15.004000	15.035000	15.067000	15.098000	15.145000	15.176000	15.207000	15.238000	15.269000	15.301000	15.332000	15.379000	15.410000	15.441000	15.472000	15.503000	15.535000	15.566000	15.613000	15.644000	15.675000	15.706000	15.737000	15.769000	15.800000	15.831000	15.878000	15.909000	15.940000	15.971000	16.003000	16.034000	16.065000	16.112000	16.143000	16.174000	16.205000	16.237000	16.268000	16.299000	16.330000	16.377000	16.408000	16.439000	16.471000	16.502000	16.533000	16.564000	16.611000	16.642000	16.673000	16.705000	16.736000	16.767000	16.798000	16.845000	16.876000	16.907000	16.939000	16.970000	17.001000	17.032000	17.063000	17.110000	17.141000	17.173000	17.204000	17.235000	17.266000	17.297000	17.344000	17.375000	17.407000	17.438000	17.469000	17.500000	17.531000	17.563000	17.609000	17.641000	17.672000	17.703000	17.734000	17.765000	17.797000	17.843000	17.875000	17.906000	17.937000	17.968000	17.999000	18.031000	18.077000	18.109000	18.140000	18.171000	18.202000	18.233000	18.265000	18.296000	18.343000	18.374000	18.405000	18.436000	18.467000	18.499000	18.530000	18.577000	18.608000	18.639000	18.670000	18.701000	18.733000	18.764000	18.811000	18.842000	18.873000	18.904000	18.935000	18.967000	18.998000	19.029000	19.076000	19.107000	19.138000	19.169000	19.201000	19.232000	19.263000	19.310000	19.341000	19.372000	19.403000	19.435000	19.466000	19.497000	19.544000	19.575000	19.606000	19.637000	19.669000	19.700000	19.731000	19.762000	19.809000	19.840000	19.871000	19.903000	19.934000	19.965000	19.996000	20.043000	20.074000	20.105000	20.137000	20.168000	20.199000	20.230000	20.277000	20.308000	20.339000	20.371000	20.402000	20.433000	20.464000	20.495000	20.542000	20.573000	20.605000	20.636000	20.667000	20.698000	20.729000	20.776000	20.807000	20.839000	20.870000	20.901000	20.932000	20.963000	21.010000	21.041000	21.073000	21.104000	21.135000	21.166000	21.197000	21.229000	21.275000	21.307000	21.338000	21.369000	21.400000	21.431000	21.463000	21.494000	21.541000	21.572000	21.603000	21.634000	21.665000	21.697000	21.743000	21.775000	21.806000	21.837000	21.868000	21.899000	21.931000	21.962000	22.009000	22.040000	22.071000	22.102000	22.133000	22.165000	22.196000	22.227000	22.274000	22.305000	22.336000	22.367000	22.399000	22.430000	22.461000	22.508000	22.539000	22.570000	22.601000	22.633000	22.664000	22.695000	22.742000	22.773000	22.804000	22.835000	22.867000	22.898000	22.929000	22.960000	23.007000	23.038000	23.069000	23.101000	23.132000	23.163000	23.194000	23.241000	23.272000	23.303000	23.335000	23.366000	23.397000	23.428000	23.475000	23.506000	23.537000	23.569000	23.600000	23.631000	23.662000	23.693000	23.740000	23.771000	23.803000	23.834000	23.865000	23.896000	23.927000	23.974000	24.005000	24.037000	24.068000	24.099000	24.130000	24.161000	24.208000	24.239000	24.271000	24.302000	24.333000	24.364000	24.395000	24.427000	24.473000	24.505000	24.536000	24.567000	24.598000	24.629000	24.661000	24.707000	24.739000	24.770000	24.801000	24.832000	24.863000	24.895000	24.941000	24.973000	25.004000	25.035000	25.066000	25.097000	25.129000	25.160000	25.207000	25.238000	25.269000	25.300000	25.331000	25.363000	25.394000	25.425000	25.472000	25.503000	25.534000	25.565000	25.597000	25.628000	25.675000	25.706000	25.737000	25.768000	25.799000	25.831000	25.862000	25.893000	25.940000	25.971000	26.002000	26.033000	26.065000	26.096000	26.127000	26.158000	26.205000	26.236000	26.267000	26.299000	26.330000	26.361000	26.392000	26.439000	26.470000	26.501000	26.533000	26.564000	26.595000	26.626000	26.673000	26.704000	26.735000	26.767000	26.798000	26.829000	26.860000	26.891000	26.938000	26.969000	27.001000	27.032000	27.063000	27.094000	27.125000	27.172000	27.203000	27.235000	27.266000	27.297000	27.328000	27.359000	27.406000	27.437000	27.469000	27.500000	27.531000	27.562000	27.593000	27.625000	27.671000	27.703000	27.734000	27.765000	27.796000	27.827000	27.859000	27.905000	27.937000	27.968000	27.999000	28.030000	28.061000	28.093000	28.139000	28.171000	28.202000	28.233000	28.264000	28.295000	28.327000	28.358000	28.405000	28.436000	28.467000	28.498000	28.529000	28.561000	28.592000	28.639000	28.670000	28.701000	28.732000	28.763000	28.795000	28.826000	28.873000	28.904000	28.935000	28.966000	28.997000	29.029000	29.060000	29.091000	29.138000	29.169000	29.200000	29.231000	29.263000	29.294000	29.325000	29.372000	29.403000	29.434000	29.465000	29.497000	29.528000	29.559000	29.606000	29.637000	29.668000	29.699000	29.731000	29.762000	29.793000	29.824000	29.871000	29.902000	29.933000	29.965000	29.996000
%%%	1.151594	1.147246	1.113623	1.107246	1.136232	1.099420	1.142029	1.157971	1.131449	1.142029	1.140290	1.054928	1.159275	1.152464	1.133333	1.151160	1.175073	1.043478	1.132029	1.142899	1.173768	1.166377	1.177246	1.146812	1.159275	1.148986	1.055072	1.008116	0.988406	0.981449	0.920145	0.950725	0.865797	0.866812	0.828841	0.857681	0.800000	0.783768	0.765217	0.742464	0.713043	0.709855	0.722899	0.695652	0.690145	0.691449	0.682029	0.662029	0.671159	0.579710	0.649275	0.579710	0.631449	0.579710	0.626087	0.637101	0.672464	0.614638	0.652754	0.625507	0.633768	0.624493	0.625797	0.602899	0.608986	0.618986	0.626087	0.614203	0.635942	0.629420	0.637681	0.644203	0.628406	0.642319	0.655072	0.642464	0.579710	0.661449	0.579710	0.579710	0.647101	0.643478	0.667246	0.661449	0.672319	0.657246	0.641884	0.665072	0.656522	0.660870	0.676667	0.677101	0.655072	0.660870	0.663623	0.663623	0.579710	0.648985	0.645797	0.666232	0.659855	0.635362	0.655507	0.649275	0.672899	0.679710	0.671159	0.695652	0.664203	0.649275	0.678261	0.695652	0.672899	0.684638	0.679855	0.654928	0.672754	0.672319	0.666812	0.672319	0.660870	0.653188	0.670725	0.687536	0.579710	0.662319	0.683623	0.690290	0.690725	0.708116	0.655072	0.664058	0.660870	0.666377	0.666232	0.670725	0.695652	0.666232	0.679420	0.690290	0.648985	0.695652	0.671159	0.682464	0.679420	0.662029	0.695652	0.688551	0.672464	0.670580	0.668551	0.675072	0.648985	0.660870	0.646377	0.579710	0.645507	0.684203	0.579710	0.672899	0.672899	0.649275	0.711884	0.665797	0.695652	0.646812	0.664058	0.682029	0.678406	0.579710	0.695652	0.711449	0.690290	0.672319	0.682029	0.679710	0.579710	0.721739	0.690290	0.737536	0.579710	0.652029	0.687101	0.685073	0.624493	0.684058	0.684058	0.705362	0.655507	0.692319	0.637681	0.681159	0.695652	0.689710	0.683623	0.654928	0.678261	0.682029	0.692899	0.678261	0.689710	0.705942	0.675507	0.697246	0.674493	0.692319	0.668406	0.690145	0.704348	0.695652	0.765217	0.722319	0.672464	0.698985	0.677681	0.714203	0.700145	0.707101	0.732029	0.673188	0.713043	0.706377	0.721594	0.690290	0.722899	0.695652	0.732029	0.721159	0.696232	0.704927	0.670725	0.695652	0.681449	0.722319	0.672319	0.688841	0.648985	0.695942	0.707101	0.698985	0.681594	0.672464	0.672319	0.579710	0.708696	0.701594	0.695507	0.672319	0.620290	0.672464	0.695652	0.673333	0.707101	0.717971	0.649275	0.713043	0.707101	0.695507	0.708116	0.664058	0.695652	0.579710	0.721884	0.672464	0.735942	0.690290	0.742898	0.711884	0.703188	0.725797	0.717971	0.670725	0.724493	0.713188	0.765217	0.720580	0.703188	0.730435	0.688116	0.725072	0.720580	0.724928	0.744928	0.720580	0.755362	0.745072	0.753623	0.765217	0.742029	0.751449	0.753623	0.730580	0.716232	0.781739	0.764058	0.765797	0.753623	0.796812	0.764203	0.765217	0.809275	0.797101	0.761014	0.795072	0.765217	0.761014	0.783188	0.774203	0.764203	0.747971	0.788406	0.784928	0.753623	0.738551	0.777101	0.792464	1.298986	0.765217	0.811594	0.764638	0.720725	0.744058	0.761594	0.728985	0.771159	0.742029	0.760290	0.716812	0.735942	0.743333	0.762029	0.796667	0.755362	0.752319	0.752029	0.774493	0.742029	0.758406	0.738841	0.789710	0.765217	0.742029	0.764203	0.784638	0.798841	0.791884	0.765507	0.788116	0.774638	0.751015	0.761594	0.753623	0.768406	0.765217	0.762753	0.778841	0.748551	0.765217	0.751159	0.759855	0.759420	0.744928	0.759275	0.765217	0.748841	0.758986	0.690290	0.726232	0.751594	0.765362	0.707101	0.711014	0.747826	0.722754	0.769420	0.754928	0.766377	0.765217	0.765217	0.765217	0.760290	0.763623	0.796812	0.765217	0.792029	0.791884	0.796087	0.788406	0.791159	0.772754	0.781884	0.801159	0.742319	0.765217	0.759275	0.742029	0.783333	0.751594	0.805797	0.769710	0.778841	0.817246	0.783623	0.795072	0.776812	0.788116	0.772754	0.783188	0.781884	0.748551	0.765217	0.777536	0.788406	0.783768	0.729855	0.788986	0.780290	0.792754	0.761884	0.795072	0.801159	0.792898	0.801159	0.748406	0.791884	0.796812	0.800000	0.796232	0.768116	0.801159	0.724492	0.788986	0.751159	0.771014	0.759855	0.776667	0.772754	0.781884	0.764058	0.796812	0.813478	0.796812	0.765217	0.800000	0.799275	0.765217	0.788406	0.753623	0.787536	0.771014	0.789710	0.773768	0.813623	0.779275	0.797246	0.765217	0.765217	0.800000	0.808841	0.814203	0.814638	0.811884	0.765217	0.799420	0.800000	0.765217	0.818551	0.765217	0.798841	0.723333	0.784928	0.765217	0.782609	0.747826	0.739275	0.785072	0.765217	0.765217	0.804638	0.808841	0.788116	0.792029	0.801594	0.787536	0.814203	0.815072	0.823333	0.788406	0.800580	0.791884	0.831594	0.822754	0.825507	0.765217	0.857971	0.824928	0.814638	0.804928	0.818551	0.787971	0.843623	0.846377	0.809710	0.837971	0.835797	0.811594	0.843623	0.761884	0.835362	0.800580	0.831594	0.835362	0.841884	0.826232	0.801594	0.820580	0.796667	0.818406	0.796667	0.771159	0.811884	0.833188	0.811594	0.847681	0.826232	0.811594	0.842898	0.835797	0.834783	0.852754	0.837971	0.865797	0.848841	0.827246	0.832029	0.818406	0.815942	0.801159	0.834783	0.850580	0.852754	0.858116	0.800580	0.835942	0.794203	0.799275	0.800580	0.811594	0.838986	0.837971	0.816377	0.831594	0.849420	0.808696	0.835942	0.804928	0.836377	0.829275	0.855507	0.839710	0.799420	0.765217	0.812319	0.847681	0.834783	0.851159	0.815797	0.831449	0.833768	0.856522	0.881594	0.857681	0.833768	0.839275	0.894638	0.866812	0.860725	0.839855	0.865797	0.850580	0.889710	0.857971	0.855362	0.875507	0.859855	0.812319	0.765362	0.871159	0.801015	0.878406	0.870580	0.877246	0.872464	0.853768	0.901159	0.871159	0.797246	0.880290	0.833188	0.852029	0.828986	0.856377	0.839855	0.848406	0.901594	0.817971	0.857971	0.911594	0.857971	0.875362	0.831015	0.807246	0.852754	0.855072	0.902754	0.783333	0.884058	0.881449	0.874203	0.857971	0.913043	0.782609	0.805507	0.765217	0.814638	0.876812	0.791884	0.753623	0.843478	0.814638	0.881159	0.828551	0.847246	0.816232	0.877681	0.753623	0.892754	0.834783	0.852754	0.798551	0.834783	0.796812	0.794638	0.787536	0.825507	0.840725	0.747681	0.781884	0.899420	0.800000	0.742319	0.863188	0.865942	0.814203	0.896667	0.915072	0.578261	0.870145	0.765217	0.907246	0.796377	0.823188	0.765217	0.820725	0.852899	0.834783	0.796667	0.864203	0.817971	0.839130	0.759710	0.801594	0.814638	0.801159	0.831015	0.829420	0.854928	0.775362	0.766377	0.807536	0.829855	0.883768	0.868550	0.833188	0.753623	0.794203	0.844638	0.868406	0.814638	0.839275	0.782609	0.827101	0.833188	0.851015	0.765217	0.898406	0.870725	0.829420	0.874928	0.800000	0.761594	0.801159	0.826667	0.857681	0.846667	0.840580	0.876667	0.773188	0.800000	0.857971	0.848985	0.822899	0.869565	0.875507	0.829855	0.782609	0.839130	0.802029	0.815362	0.865797	0.801159	0.794058	0.788406	0.812464	0.814638	0.801594	0.832029	0.840145	0.825507	0.855797	0.839710	0.814638	0.839275	0.818551	0.788406	0.742029	0.733623	0.736232	0.765217	0.792319	0.783333	0.782609	0.763623	0.732754	0.788406	0.753768	0.797101	0.833768	0.765217	0.804928	0.795652	0.822754	0.857102	0.807102	0.849420	0.799420	0.878551	0.827681	0.801159	0.816232	0.811884	0.846377	0.838551	0.783623	0.847101	0.832029	0.817391	0.823188	0.774493	0.765217	0.832029	0.837971	0.831015	0.800000	0.779420	0.848985	0.808696	0.835942	0.849275	0.797246	0.842464	0.866232	0.831594	0.813623	0.821014	0.831449	0.840725	0.837971	0.833188	0.857681	0.347826	0.846377	0.794058	0.815942	0.816667	0.820145	0.802899	0.825507	0.800000	0.347826	0.817536	0.866667	0.831594	0.759710	0.886232	0.823188	0.800580	0.866812	0.834928	0.852174	0.883768	0.875362	0.837536	0.785797	0.803768	0.868985	0.782609	0.818985	0.866377	0.851159	0.871159	0.808696	0.801015	0.840290	0.837971	0.800000	0.839275	0.831015	0.801015	0.801015	0.814638	0.857102	0.857971	0.840290	0.815362	0.770145	0.833768	0.847681	0.816377	0.800000	0.857102	0.800000	0.753623	0.848841	0.811594	0.828841	0.805507	0.809710	0.744928	0.643623	0.831015	0.823188	0.855362	0.864058	0.771014	0.811594	0.834203	0.752899	0.776812	0.857102	0.755942	0.795072	0.765217	0.765217	0.831884	0.765217	0.765217	0.765217	0.765217	0.781884	0.800145	0.753623	0.805072	0.823333	0.858116	0.809710	0.765217	0.809275	0.760290	0.347826	0.781594	0.815362	0.840725	0.831449	0.690725	0.347826	0.742319	0.857102	0.347826	0.788406	0.834492	0.781884	0.837681	0.764638	0.825362	0.347826	0.796812	0.347826	0.347826	0.347826	0.764058	0.738406	0.809275
%%%	Left Pupil Profile (1st row -> 1 == valid tracking, 0 == invalid tracking; 2nd row -> time; 3rd row -> diameter (mm))
%%%	0	0	0	0	0	0	0	0	0	0	0	0	0	0	0	0	0	0	0	0	0	0	0	0	0	0	0	0	0	0	0	0	0	0	0	0	0	0	0	0	0	0	0	0	0	0	0	0	0	0	0	0	0	0	0	0	0	0	0	0	0	0	0	0	0	0	0	0	0	0	0	0	0	0	0	0	0	0	0	0	0	0	0	0	0	0	0	0	0	0	0	0	0	0	0	0	0	0	0	0	0	0	0	0	0	0	0	0	0	0	0	0	0	0	0	0	0	0	0	0	0	0	0	0	0	0	0	0	0	0	0	0	0	0	0	0	0	0	0	0	0	0	0	0	0	0	0	0	0	0	0	0	0	0	0	0	0	0	0	0	0	0	0	0	0	0	0	0	0	0	0	0	0	0	0	0	0	0	0	0	0	0	0	0	0	0	0	0	0	0	0	0	0	0	0	0	0	0	0	0	0	0	0	0	0	0	0	0	0	0	0	0	0	0	0	0	0	0	0	0	0	0	0	0	0	0	0	0	0	0	0	0	0	0	0	0	0	0	0	0	0	0	0	0	0	0	0	0	0	0	0	0	0	0	0	0	0	0	0	0	0	0	0	0	0	0	0	0	0	0	0	0	0	0	0	0	0	0	0	0	0	0	0	0	0	0	0	0	0	0	0	0	0	0	0	0	0	0	0	0	0	0	0	0	0	0	0	0	0	0	0	0	0	0	0	0	0	0	0	0	0	0	0	0	0	0	0	0	0	0	0	0	0	0	0	0	0	0	0	0	0	0	0	0	0	0	0	0	0	0	0	0	0	0	0	0	0	0	0	0	0	0	0	0	0	0	0	0	0	0	0	0	0	0	0	0	0	0	0	0	0	0	0	0	0	0	0	0	0	0	0	0	0	0	0	0	0	0	0	0	0	0	0	0	0	0	0	0	0	0	0	0	0	0	0	0	0	0	0	0	0	0	0	0	0	0	0	0	0	0	0	0	0	0	0	0	0	0	0	0	0	0	0	0	0	0	0	0	0	0	0	0	0	0	0	0	0	0	0	0	0	0	0	0	0	0	0	0	0	0	0	0	0	0	0	0	0	0	0	0	0	0	0	0	0	0	0	0	0	0	0	0	0	0	0	0	0	0	0	0	0	0	0	0	0	0	0	0	0	0	0	0	0	0	0	0	0	0	0	0	0	0	0	0	0	0	0	0	0	0	0	0	0	0	0	0	0	0	0	0	0	0	0	0	0	0	0	0	0	0	0	0	0	0	0	0	0	0	0	0	0	0	0	0	0	0	0	0	0	0	0	0	0	0	0	0	0	0	0	0	0	0	0	0	0	0	0	0	0	0	0	0	0	0	0	0	0	0	0	0	0	0	0	0	0	0	0	0	0	0	0	0	0	0	0	0	0	0	0	0	0	0	0	0	0	0	0	0	0	0	0	0	0	0	0	0	0	0	0	0	0	0	0	0	0	0	0	0	0	0	0	0	0	0	0	0	0	0	0	0	0	0	0	0	0	0	0	0	0	0	0	0	0	0	0	0	0	0	0	0	0	0	0	0	0	0	0	0	0	0	0	0	0	0	0	0	0	0	0	0	0	0	0	0	0	0	0	0	0	0	0	0	0	0	0	0	0	0	0	0	0	0	0	0	0	0	0	0	0	0	0	0	0	0	0	0	0	0	0	0	0	0	0	0	0	0	0	0	0	0	0	0	0	0	0	0	0	0	0	0	0	0	0	0	0	0	0	0	0	0	0	0	0	0	0	0	0	0	0	0	0	0	0	0	0	0	0	0	0	0	0	0	0	0	0	0	0	0	0	0	0	0	0	0	0	0	0	0	0	0	0	0	0	0	0	0	0	0	0	0	0	0	0	0	0	0	0	0	0	0	0	0	0	0	0	0	0	0	0	0	0	0	0	0	0	0	0	0	0	0	0	0	0	0	0	0	0	0	0	0	0	0	0	0	0	0	0	0	0	0	0	0	0	0	0	0	0	0	0	0	0	0	0	0	0	0	0	0	0	0	0	0	0	0	0	0	0	0	0	0	0	0	0
%%%	-0.066000	-0.034000	0.012000	0.044000	0.075000	0.106000	0.137000	0.168000	0.200000	0.246000	0.278000	0.309000	0.340000	0.371000	0.402000	0.434000	0.480000	0.512000	0.543000	0.574000	0.605000	0.636000	0.668000	0.699000	0.746000	0.777000	0.808000	0.839000	0.870000	0.902000	0.933000	0.980000	1.011000	1.042000	1.073000	1.104000	1.136000	1.167000	1.214000	1.245000	1.276000	1.307000	1.338000	1.370000	1.401000	1.432000	1.479000	1.510000	1.541000	1.572000	1.604000	1.635000	1.666000	1.713000	1.744000	1.775000	1.806000	1.838000	1.869000	1.900000	1.947000	1.978000	2.009000	2.040000	2.072000	2.103000	2.134000	2.165000	2.212000	2.243000	2.274000	2.306000	2.337000	2.368000	2.399000	2.446000	2.477000	2.508000	2.540000	2.571000	2.602000	2.633000	2.680000	2.711000	2.742000	2.774000	2.805000	2.836000	2.867000	2.898000	2.945000	2.976000	3.008000	3.039000	3.070000	3.101000	3.132000	3.179000	3.210000	3.242000	3.273000	3.304000	3.335000	3.366000	3.413000	3.444000	3.476000	3.507000	3.538000	3.569000	3.600000	3.632000	3.678000	3.710000	3.741000	3.772000	3.803000	3.834000	3.866000	3.897000	3.944000	3.975000	4.006000	4.037000	4.068000	4.100000	4.131000	4.178000	4.209000	4.240000	4.271000	4.302000	4.334000	4.365000	4.412000	4.443000	4.474000	4.505000	4.536000	4.568000	4.599000	4.630000	4.677000	4.708000	4.739000	4.770000	4.802000	4.833000	4.864000	4.911000	4.942000	4.973000	5.004000	5.036000	5.067000	5.098000	5.145000	5.176000	5.207000	5.238000	5.270000	5.301000	5.332000	5.363000	5.410000	5.441000	5.472000	5.504000	5.535000	5.566000	5.597000	5.644000	5.675000	5.706000	5.738000	5.769000	5.800000	5.831000	5.878000	5.909000	5.940000	5.972000	6.003000	6.034000	6.065000	6.096000	6.143000	6.174000	6.206000	6.237000	6.268000	6.299000	6.330000	6.377000	6.408000	6.440000	6.471000	6.502000	6.533000	6.564000	6.611000	6.642000	6.674000	6.705000	6.736000	6.767000	6.798000	6.830000	6.876000	6.908000	6.939000	6.970000	7.001000	7.032000	7.064000	7.110000	7.142000	7.173000	7.204000	7.235000	7.266000	7.298000	7.344000	7.376000	7.407000	7.438000	7.469000	7.501000	7.532000	7.563000	7.610000	7.641000	7.672000	7.703000	7.735000	7.766000	7.797000	7.828000	7.875000	7.906000	7.937000	7.969000	8.000000	8.031000	8.062000	8.109000	8.140000	8.171000	8.203000	8.234000	8.265000	8.296000	8.343000	8.374000	8.405000	8.437000	8.468000	8.499000	8.530000	8.561000	8.608000	8.639000	8.671000	8.702000	8.733000	8.764000	8.795000	8.842000	8.873000	8.905000	8.936000	8.967000	8.998000	9.029000	9.076000	9.107000	9.139000	9.170000	9.201000	9.232000	9.263000	9.295000	9.341000	9.373000	9.404000	9.435000	9.466000	9.497000	9.529000	9.575000	9.607000	9.638000	9.669000	9.700000	9.731000	9.763000	9.809000	9.841000	9.872000	9.903000	9.934000	9.965000	9.997000	10.028000	10.075000	10.106000	10.137000	10.168000	10.199000	10.231000	10.262000	10.309000	10.340000	10.371000	10.402000	10.433000	10.465000	10.496000	10.543000	10.574000	10.605000	10.636000	10.667000	10.699000	10.730000	10.761000	10.808000	10.839000	10.870000	10.901000	10.933000	10.964000	10.995000	11.042000	11.073000	11.104000	11.135000	11.167000	11.198000	11.229000	11.276000	11.307000	11.338000	11.369000	11.401000	11.432000	11.463000	11.494000	11.541000	11.572000	11.603000	11.635000	11.666000	11.697000	11.728000	11.775000	11.806000	11.837000	11.869000	11.900000	11.931000	11.962000	11.993000	12.040000	12.071000	12.103000	12.134000	12.165000	12.196000	12.227000	12.274000	12.305000	12.337000	12.368000	12.399000	12.430000	12.461000	12.493000	12.539000	12.571000	12.602000	12.633000	12.664000	12.695000	12.727000	12.773000	12.805000	12.836000	12.867000	12.898000	12.929000	12.961000	13.007000	13.039000	13.070000	13.101000	13.132000	13.163000	13.195000	13.226000	13.273000	13.304000	13.335000	13.366000	13.397000	13.429000	13.460000	13.507000	13.538000	13.569000	13.600000	13.631000	13.663000	13.694000	13.741000	13.772000	13.803000	13.834000	13.865000	13.897000	13.928000	13.959000	14.006000	14.037000	14.068000	14.099000	14.131000	14.162000	14.193000	14.240000	14.271000	14.302000	14.333000	14.365000	14.396000	14.427000	14.474000	14.505000	14.536000	14.567000	14.599000	14.630000	14.661000	14.692000	14.739000	14.770000	14.801000	14.833000	14.864000	14.895000	14.926000	14.973000	15.004000	15.035000	15.067000	15.098000	15.129000	15.160000	15.207000	15.238000	15.269000	15.301000	15.332000	15.363000	15.394000	15.425000	15.472000	15.503000	15.535000	15.566000	15.597000	15.628000	15.659000	15.706000	15.737000	15.769000	15.800000	15.831000	15.862000	15.893000	15.925000	15.971000	16.003000	16.034000	16.065000	16.096000	16.127000	16.159000	16.205000	16.237000	16.268000	16.299000	16.330000	16.361000	16.393000	16.439000	16.471000	16.502000	16.533000	16.564000	16.595000	16.627000	16.658000	16.705000	16.736000	16.767000	16.798000	16.829000	16.861000	16.892000	16.939000	16.970000	17.001000	17.032000	17.063000	17.095000	17.126000	17.157000	17.204000	17.235000	17.266000	17.297000	17.329000	17.360000	17.391000	17.438000	17.469000	17.500000	17.531000	17.563000	17.594000	17.625000	17.672000	17.703000	17.734000	17.765000	17.797000	17.828000	17.859000	17.890000	17.937000	17.968000	17.999000	18.031000	18.062000	18.093000	18.124000	18.171000	18.202000	18.233000	18.265000	18.296000	18.327000	18.358000	18.405000	18.436000	18.467000	18.499000	18.530000	18.561000	18.592000	18.623000	18.670000	18.701000	18.733000	18.764000	18.795000	18.826000	18.857000	18.904000	18.935000	18.967000	18.998000	19.029000	19.060000	19.091000	19.138000	19.169000	19.201000	19.232000	19.263000	19.294000	19.325000	19.357000	19.403000	19.435000	19.466000	19.497000	19.528000	19.559000	19.591000	19.637000	19.669000	19.700000	19.731000	19.762000	19.793000	19.825000	19.856000	19.903000	19.934000	19.965000	19.996000	20.027000	20.059000	20.090000	20.137000	20.168000	20.199000	20.230000	20.261000	20.293000	20.324000	20.371000	20.402000	20.433000	20.464000	20.495000	20.527000	20.558000	20.589000	20.636000	20.667000	20.698000	20.729000	20.761000	20.792000	20.823000	20.870000	20.901000	20.932000	20.963000	20.995000	21.026000	21.057000	21.104000	21.135000	21.166000	21.197000	21.229000	21.260000	21.291000	21.322000	21.369000	21.400000	21.431000	21.463000	21.494000	21.525000	21.556000	21.603000	21.634000	21.665000	21.697000	21.728000	21.759000	21.790000	21.837000	21.868000	21.899000	21.931000	21.962000	21.993000	22.024000	22.055000	22.102000	22.133000	22.165000	22.196000	22.227000	22.258000	22.289000	22.336000	22.367000	22.399000	22.430000	22.461000	22.492000	22.523000	22.555000	22.601000	22.633000	22.664000	22.695000	22.726000	22.757000	22.789000	22.835000	22.867000	22.898000	22.929000	22.960000	22.991000	23.023000	23.069000	23.101000	23.132000	23.163000	23.194000	23.225000	23.257000	23.288000	23.335000	23.366000	23.397000	23.428000	23.459000	23.491000	23.522000	23.569000	23.600000	23.631000	23.662000	23.693000	23.725000	23.756000	23.787000	23.834000	23.865000	23.896000	23.927000	23.959000	23.990000	24.021000	24.068000	24.099000	24.130000	24.161000	24.193000	24.224000	24.255000	24.302000	24.333000	24.364000	24.395000	24.427000	24.458000	24.489000	24.520000	24.567000	24.598000	24.629000	24.661000	24.692000	24.723000	24.754000	24.801000	24.832000	24.863000	24.895000	24.926000	24.957000	24.988000	25.035000	25.066000	25.097000	25.129000	25.160000	25.191000	25.222000	25.253000	25.300000	25.331000	25.363000	25.394000	25.425000	25.456000	25.487000	25.534000	25.565000	25.597000	25.628000	25.659000	25.690000	25.721000	25.768000	25.799000	25.831000	25.862000	25.893000	25.924000	25.955000	25.987000	26.033000	26.065000	26.096000	26.127000	26.158000	26.189000	26.221000	26.267000	26.299000	26.330000	26.361000	26.392000	26.423000	26.455000	26.501000	26.533000	26.564000	26.595000	26.626000	26.657000	26.689000	26.720000	26.767000	26.798000	26.829000	26.860000	26.891000	26.923000	26.954000	27.001000	27.032000	27.063000	27.094000	27.125000	27.157000	27.188000	27.219000	27.266000	27.297000	27.328000	27.359000	27.391000	27.422000	27.453000	27.500000	27.531000	27.562000	27.593000	27.625000	27.656000	27.687000	27.718000	27.765000	27.796000	27.827000	27.859000	27.890000	27.921000	27.952000	27.999000	28.030000	28.061000	28.093000	28.124000	28.155000	28.186000	28.233000	28.264000	28.295000	28.327000	28.358000	28.389000	28.420000	28.451000	28.498000	28.529000	28.561000	28.592000	28.623000	28.654000	28.685000	28.732000	28.763000	28.795000	28.826000	28.857000	28.888000	28.919000	28.966000	28.997000	29.029000	29.060000	29.091000	29.122000	29.153000	29.185000	29.231000	29.263000	29.294000	29.325000	29.356000	29.387000	29.419000	29.465000	29.497000	29.528000	29.559000	29.590000	29.621000	29.653000	29.699000	29.731000	29.762000	29.793000	29.824000	29.855000	29.887000	29.918000	29.965000	29.996000
%%%	13.913043	13.913043	13.913043	13.913043	13.913043	13.913043	13.913043	13.913043	13.913043	13.913043	13.913043	13.913043	13.913043	13.913043	13.913043	13.913043	13.913043	13.913043	13.913043	13.913043	13.913043	13.913043	13.913043	13.913043	13.913043	13.913043	13.913043	13.913043	13.913043	13.913043	13.913043	13.913043	13.913043	13.913043	13.913043	13.913043	13.913043	13.913043	13.913043	13.913043	13.913043	13.913043	13.913043	13.913043	13.913043	13.913043	13.913043	13.913043	13.913043	13.913043	13.913043	13.913043	13.913043	13.913043	13.913043	13.913043	13.913043	13.913043	13.913043	13.913043	13.913043	13.913043	13.913043	13.913043	13.913043	13.913043	13.913043	13.913043	13.913043	13.913043	13.913043	13.913043	13.913043	13.913043	13.913043	13.913043	13.913043	13.913043	13.913043	13.913043	13.913043	13.913043	13.913043	13.913043	13.913043	13.913043	13.913043	13.913043	13.913043	13.913043	13.913043	13.913043	13.913043	13.913043	13.913043	13.913043	13.913043	13.913043	13.913043	13.913043	13.913043	13.913043	13.913043	13.913043	13.913043	13.913043	13.913043	13.913043	13.913043	13.913043	13.913043	13.913043	13.913043	13.913043	13.913043	13.913043	13.913043	13.913043	13.913043	13.913043	13.913043	13.913043	13.913043	13.913043	13.913043	13.913043	13.913043	13.913043	13.913043	13.913043	13.913043	13.913043	13.913043	13.913043	13.913043	13.913043	13.913043	13.913043	13.913043	13.913043	13.913043	13.913043	13.913043	13.913043	13.913043	13.913043	13.913043	13.913043	13.913043	13.913043	13.913043	13.913043	13.913043	13.913043	13.913043	13.913043	13.913043	13.913043	13.913043	13.913043	13.913043	13.913043	13.913043	13.913043	13.913043	13.913043	13.913043	13.913043	13.913043	13.913043	13.913043	13.913043	13.913043	13.913043	13.913043	13.913043	13.913043	13.913043	13.913043	13.913043	13.913043	13.913043	13.913043	13.913043	13.913043	13.913043	13.913043	13.913043	13.913043	13.913043	13.913043	13.913043	13.913043	13.913043	13.913043	13.913043	13.913043	13.913043	13.913043	13.913043	13.913043	13.913043	13.913043	13.913043	13.913043	13.913043	13.913043	13.913043	13.913043	13.913043	13.913043	13.913043	13.913043	13.913043	13.913043	13.913043	13.913043	13.913043	13.913043	13.913043	13.913043	13.913043	13.913043	13.913043	13.913043	13.913043	13.913043	13.913043	13.913043	13.913043	13.913043	13.913043	13.913043	13.913043	13.913043	13.913043	13.913043	13.913043	13.913043	13.913043	13.913043	13.913043	13.913043	13.913043	13.913043	13.913043	13.913043	13.913043	13.913043	13.913043	13.913043	13.913043	13.913043	13.913043	13.913043	13.913043	13.913043	13.913043	13.913043	13.913043	13.913043	13.913043	13.913043	13.913043	13.913043	13.913043	13.913043	13.913043	13.913043	13.913043	13.913043	13.913043	13.913043	13.913043	13.913043	13.913043	13.913043	13.913043	13.913043	13.913043	13.913043	13.913043	13.913043	13.913043	13.913043	13.913043	13.913043	13.913043	13.913043	13.913043	13.913043	13.913043	13.913043	13.913043	13.913043	13.913043	13.913043	13.913043	13.913043	13.913043	13.913043	13.913043	13.913043	13.913043	13.913043	13.913043	13.913043	13.913043	13.913043	13.913043	13.913043	13.913043	13.913043	13.913043	13.913043	13.913043	13.913043	13.913043	13.913043	13.913043	13.913043	13.913043	13.913043	13.913043	13.913043	13.913043	13.913043	13.913043	13.913043	13.913043	13.913043	13.913043	13.913043	13.913043	13.913043	13.913043	13.913043	13.913043	13.913043	13.913043	13.913043	13.913043	13.913043	13.913043	13.913043	13.913043	13.913043	13.913043	13.913043	13.913043	13.913043	13.913043	13.913043	13.913043	13.913043	13.913043	13.913043	13.913043	13.913043	13.913043	13.913043	13.913043	13.913043	13.913043	13.913043	13.913043	13.913043	13.913043	13.913043	13.913043	13.913043	13.913043	13.913043	13.913043	13.913043	13.913043	13.913043	13.913043	13.913043	13.913043	13.913043	13.913043	13.913043	13.913043	13.913043	13.913043	13.913043	13.913043	13.913043	13.913043	13.913043	13.913043	13.913043	13.913043	13.913043	13.913043	13.913043	13.913043	13.913043	13.913043	13.913043	13.913043	13.913043	13.913043	13.913043	13.913043	13.913043	13.913043	13.913043	13.913043	13.913043	13.913043	13.913043	13.913043	13.913043	13.913043	13.913043	13.913043	13.913043	13.913043	13.913043	13.913043	13.913043	13.913043	13.913043	13.913043	13.913043	13.913043	13.913043	13.913043	13.913043	13.913043	13.913043	13.913043	13.913043	13.913043	13.913043	13.913043	13.913043	13.913043	13.913043	13.913043	13.913043	13.913043	13.913043	13.913043	13.913043	13.913043	13.913043	13.913043	13.913043	13.913043	13.913043	13.913043	13.913043	13.913043	13.913043	13.913043	13.913043	13.913043	13.913043	13.913043	13.913043	13.913043	13.913043	13.913043	13.913043	13.913043	13.913043	13.913043	13.913043	13.913043	13.913043	13.913043	13.913043	13.913043	13.913043	13.913043	13.913043	13.913043	13.913043	13.913043	13.913043	13.913043	13.913043	13.913043	13.913043	13.913043	13.913043	13.913043	13.913043	13.913043	13.913043	13.913043	13.913043	13.913043	13.913043	13.913043	13.913043	13.913043	13.913043	13.913043	13.913043	13.913043	13.913043	13.913043	13.913043	13.913043	13.913043	13.913043	13.913043	13.913043	13.913043	13.913043	13.913043	13.913043	13.913043	13.913043	13.913043	13.913043	13.913043	13.913043	13.913043	13.913043	13.913043	13.913043	13.913043	13.913043	13.913043	13.913043	13.913043	13.913043	13.913043	13.913043	13.913043	13.913043	13.913043	13.913043	13.913043	13.913043	13.913043	13.913043	13.913043	13.913043	13.913043	13.913043	13.913043	13.913043	13.913043	13.913043	13.913043	13.913043	13.913043	13.913043	13.913043	13.913043	13.913043	13.913043	13.913043	13.913043	13.913043	13.913043	13.913043	13.913043	13.913043	13.913043	13.913043	13.913043	13.913043	13.913043	13.913043	13.913043	13.913043	13.913043	13.913043	13.913043	13.913043	13.913043	13.913043	13.913043	13.913043	13.913043	13.913043	13.913043	13.913043	13.913043	13.913043	13.913043	13.913043	13.913043	13.913043	13.913043	13.913043	13.913043	13.913043	13.913043	13.913043	13.913043	13.913043	13.913043	13.913043	13.913043	13.913043	13.913043	13.913043	13.913043	13.913043	13.913043	13.913043	13.913043	13.913043	13.913043	13.913043	13.913043	13.913043	13.913043	13.913043	13.913043	13.913043	13.913043	13.913043	13.913043	13.913043	13.913043	13.913043	13.913043	13.913043	13.913043	13.913043	13.913043	13.913043	13.913043	13.913043	13.913043	13.913043	13.913043	13.913043	13.913043	13.913043	13.913043	13.913043	13.913043	13.913043	13.913043	13.913043	13.913043	13.913043	13.913043	13.913043	13.913043	13.913043	13.913043	13.913043	13.913043	13.913043	13.913043	13.913043	13.913043	13.913043	13.913043	13.913043	13.913043	13.913043	13.913043	13.913043	13.913043	13.913043	13.913043	13.913043	13.913043	13.913043	13.913043	13.913043	13.913043	13.913043	13.913043	13.913043	13.913043	13.913043	13.913043	13.913043	13.913043	13.913043	13.913043	13.913043	13.913043	13.913043	13.913043	13.913043	13.913043	13.913043	13.913043	13.913043	13.913043	13.913043	13.913043	13.913043	13.913043	13.913043	13.913043	13.913043	13.913043	13.913043	13.913043	13.913043	13.913043	13.913043	13.913043	13.913043	13.913043	13.913043	13.913043	13.913043	13.913043	13.913043	13.913043	13.913043	13.913043	13.913043	13.913043	13.913043	13.913043	13.913043	13.913043	13.913043	13.913043	13.913043	13.913043	13.913043	13.913043	13.913043	13.913043	13.913043	13.913043	13.913043	13.913043	13.913043	13.913043	13.913043	13.913043	13.913043	13.913043	13.913043	13.913043	13.913043	13.913043	13.913043	13.913043	13.913043	13.913043	13.913043	13.913043	13.913043	13.913043	13.913043	13.913043	13.913043	13.913043	13.913043	13.913043	13.913043	13.913043	13.913043	13.913043	13.913043	13.913043	13.913043	13.913043	13.913043	13.913043	13.913043	13.913043	13.913043	13.913043	13.913043	13.913043	13.913043	13.913043	13.913043	13.913043	13.913043	13.913043	13.913043	13.913043	13.913043	13.913043	13.913043	13.913043	13.913043	13.913043	13.913043	13.913043	13.913043	13.913043	13.913043	13.913043	13.913043	13.913043	13.913043	13.913043	13.913043	13.913043	13.913043	13.913043	13.913043	13.913043	13.913043	13.913043	13.913043	13.913043	13.913043	13.913043	13.913043	13.913043	13.913043	13.913043	13.913043	13.913043	13.913043	13.913043	13.913043	13.913043	13.913043	13.913043	13.913043	13.913043	13.913043	13.913043	13.913043	13.913043	13.913043	13.913043	13.913043	13.913043	13.913043	13.913043	13.913043	13.913043	13.913043	13.913043	13.913043	13.913043	13.913043	13.913043	13.913043	13.913043	13.913043	13.913043	13.913043	13.913043	13.913043	13.913043	13.913043	13.913043	13.913043	13.913043	13.913043	13.913043	13.913043	13.913043	13.913043	13.913043	13.913043	13.913043	13.913043	13.913043	13.913043	13.913043	13.913043	13.913043	13.913043	13.913043	13.913043	13.913043	13.913043	13.913043	13.913043	13.913043	13.913043	13.913043	13.913043	13.913043	13.913043	13.913043	13.913043	13.913043	13.913043	13.913043	13.913043	13.913043	13.913043	13.913043	13.913043	13.913043	13.913043	13.913043	13.913043	13.913043	13.913043	13.913043	13.913043	13.913043	13.913043
%%%	Pulse Index	Stimulus Section Index	Stimulus Section Start Index	Stimulus Section End Index	Pupil Stimulated: 0 = Right, 1 = Left, 2 = Both	Light Metric: 0 = Photopic, 1 = Scopotic, 2 = Radiometric	Stimulus Start Time	Stimulus Duration	Stimulus Pulse Duration	Right Pulse Max Level	Right Pulse Max Color (0123 = WRGB)	Right Pulse Min Level	Right Pulse Min Color (0123 = WRGB)	Left Pulse Max Level	Left Pulse Max Color (0123 = WRGB)	Left Pulse Min Level	Left Pulse Min Color (0123 = WRGB)	Right Data Input Type (0 == RAW DATA, 1 == FITTED DATA, 2 == M. OVERRIDED)	Right ANALYSIS STATE (0 == ABNORMAL, 1 == NORMAL)	Right MAX (mm) (EMPTY if INVALID)	Right MIN (mm) (EMPTY if INVALID)	Right DELTA (mm) (EMPTY if INVALID)	Right CH (%) (EMPTY if INVALID)	Right LAT (sec) (EMPTY if INVALID)	Right CV (mm/s) (EMPTY if INVALID)	Right MCV (mm/s) (EMPTY if INVALID)	Right DV (mm/s) (EMPTY if INVALID)	Left Data Input Type (0 == RAW DATA, 1 == FITTED DATA, 2 == M. OVERRIDED)	Left ANALYSIS STATE (0 == ABNORMAL, 1 == NORMAL)	Left MAX (mm) (EMPTY if INVALID)	Left MIN (mm) (EMPTY if INVALID)	Left DELTA (mm) (EMPTY if INVALID)	Left CH (%) (EMPTY if INVALID)	Left LAT (sec) (EMPTY if INVALID)	Left CV (mm/s) (EMPTY if INVALID)	Left MCV (mm/s) (EMPTY if INVALID)	Left DV (mm/s) (EMPTY if INVALID)
%%%	0	0	17	902	0	0	0.51	29.52	0.51	15.81	3	0.00	3	0.00	3	0.00	3	0	0	0.00	0.00			0.00	0.00	0.00	0.00	0	0	0.00	0.00			0.00	0.00	0.00	0.00
%%%%%%%%%
%%%%%%%%%
%%%%%%%%%
<\SESSION>
