<SESSION>
<VERSION>
2
<\VERSION>
<DATE>
2017-10-31 12:56:06
<\DATE>
<SUBJECT-ID>
C57BL6-28.09.17-DA-1mois-F3-0.6b
<\SUBJECT-ID>
<NOTE>

<\NOTE>
<MIN-MAX-PLOT>
0.100000 51880.761719
<\MIN-MAX-PLOT>
<STIMULUS-DEFINED>
Default
Default Human Relative Spectral Sensitivity
1	0
1	0.500000	0.500000	29.000000	3	3	0.600000	-100.000000	0.100000	-100.000000	0
<\STIMULUS-DEFINED>
<STIMULUS-GENERATED>
4
0	0	0.000000	3	0.000000	0.000000	3	0.000000	0.000000
0	1	0.509000	3	0.075823	4.006067	3	0.000000	0.000000
0	4	1.017000	3	0.000000	0.000000	3	0.000000	0.000000
-1	5	30.027000	0	0.000000	0.000000	0	0.000000	0.000000
<\STIMULUS-GENERATED>
<RIGHT-PUPIL-DATA>
903	1
1	-0.051000	1.391884	214.250000	253.000000
0	-0.020000	1.518841	219.500000	248.500000
1	0.012000	1.407681	213.756256	252.493744
1	0.043000	1.397246	213.793762	253.406250
1	0.074000	1.381159	213.187500	254.862488
1	0.105000	1.407101	213.531250	254.468750
1	0.136000	1.378841	214.187500	256.912476
1	0.168000	1.370725	214.962494	254.412506
1	0.214000	1.367681	214.131256	255.118744
1	0.246000	1.391304	215.500000	255.500000
1	0.277000	1.415072	214.649994	255.649994
1	0.308000	1.381159	214.862488	258.012512
1	0.339000	1.378841	215.187500	255.137512
1	0.370000	1.380145	214.818604	255.156250
1	0.402000	1.414493	215.375031	254.275055
1	0.433000	1.405942	215.281250	252.718750
1	0.480000	1.356522	215.000000	255.000000
1	0.511000	1.379710	216.125000	255.125000
1	0.542000	1.415072	216.350006	255.399994
1	0.573000	1.402899	217.000000	255.000000
1	0.604000	1.407681	215.506256	257.506256
1	0.636000	1.404928	216.487488	258.762512
1	0.667000	1.415072	217.350006	257.350006
1	0.714000	1.379420	216.162506	256.837494
1	0.745000	1.366232	217.006256	256.668732
1	0.776000	1.340145	217.381256	255.618744
1	0.807000	1.283768	217.037506	256.774994
1	0.838000	1.242899	217.375000	255.250000
1	0.870000	1.222319	217.750000	256.575012
1	0.901000	1.152754	217.250000	255.737488
1	0.948000	1.131014	217.500000	254.500000
1	0.979000	1.067971	218.331238	254.668762
1	1.010000	1.044058	218.000000	253.500000
1	1.041000	1.025507	218.250000	253.750000
1	1.072000	1.014493	218.625000	252.625000
0	1.104000	1.055072	223.500000	252.500000
1	1.135000	0.962319	218.500000	253.500000
1	1.166000	0.931884	219.500000	253.500000
1	1.213000	0.914058	218.693756	255.318756
1	1.244000	0.869565	219.500000	252.500000
1	1.275000	0.881449	219.287506	253.187531
1	1.306000	0.916377	218.931244	253.568756
1	1.338000	1.194638	224.318756	247.431244
0	1.369000	0.954928	220.281250	253.268738
1	1.400000	0.878406	219.668732	255.368744
0	1.447000	1.031884	225.500000	252.500000
1	1.478000	0.883623	219.693756	255.256256
1	1.509000	0.870580	219.881256	254.131256
1	1.540000	0.881449	219.287506	254.237518
0	1.572000	1.042754	222.518738	249.518738
1	1.603000	0.869565	219.500000	252.500000
1	1.634000	0.869565	219.500000	252.500000
1	1.681000	0.907246	219.000000	252.250000
1	1.712000	0.869565	219.500000	252.500000
1	1.743000	0.909275	219.687500	253.062500
1	1.774000	0.989710	220.781250	251.218750
1	1.806000	0.965362	220.943756	252.568756
1	1.837000	0.921739	220.500000	252.500000
1	1.868000	0.927536	220.500000	253.500000
1	1.899000	0.913188	219.868744	253.681244
1	1.946000	0.948406	221.200012	253.825012
1	1.977000	0.962319	220.500000	257.500000
1	2.008000	0.992464	220.649994	256.225006
1	2.040000	0.927536	221.500000	257.500000
1	2.071000	0.947246	221.375000	256.875000
1	2.102000	0.931594	220.912506	256.600006
1	2.133000	0.932029	221.468750	256.593750
0	2.180000	1.064203	223.256256	252.743744
1	2.211000	0.962319	223.500000	256.500000
0	2.242000	1.025942	223.756256	254.756256
1	2.274000	0.959275	221.343750	256.656250
1	2.305000	0.939130	221.000000	257.000000
1	2.336000	0.942754	221.581238	255.106262
0	2.367000	1.031594	224.412506	255.162506
1	2.414000	0.972899	221.506256	256.493744
1	2.445000	0.939130	221.500000	258.500000
1	2.476000	1.008696	220.500000	257.500000
1	2.508000	0.965652	221.093750	258.593750
0	2.539000	1.055072	219.500000	252.500000
1	2.570000	0.982609	221.000000	258.000000
1	2.601000	0.972899	221.493744	260.881256
1	2.632000	0.969420	222.818756	257.931244
1	2.679000	0.990725	222.250000	258.250000
1	2.710000	0.987536	222.687500	260.187500
1	2.742000	0.971449	222.031250	260.518738
1	2.773000	0.950580	222.218750	261.331238
1	2.804000	0.954203	221.774994	260.712494
1	2.835000	0.970725	222.050018	260.912506
1	2.866000	1.018551	222.337494	259.350006
1	2.913000	0.957681	221.725006	258.712494
1	2.944000	0.978116	221.818756	260.181244
0	2.976000	1.034203	224.125000	256.875000
0	3.007000	0.962319	223.500000	256.500000
1	3.038000	0.954928	222.718750	260.281250
0	3.069000	0.915942	222.500000	257.500000
0	3.100000	0.869565	223.500000	260.500000
0	3.147000	0.978261	225.968750	257.031250
0	3.178000	1.228985	229.500000	255.500000
1	3.210000	0.967971	223.468750	258.843750
0	3.241000	1.167246	228.212494	254.212494
1	3.272000	0.968406	222.137482	258.537506
1	3.303000	0.966812	221.593750	257.593750
0	3.334000	1.044058	223.987488	257.000000
1	3.366000	0.955362	221.274994	257.725006
1	3.412000	0.955362	221.274994	256.725006
1	3.444000	0.996232	221.937500	256.187500
1	3.475000	0.982029	221.625000	253.112488
1	3.506000	0.970725	221.587494	254.837494
1	3.537000	1.008696	222.000000	253.000000
1	3.568000	1.008551	222.493744	253.443756
1	3.600000	1.008116	222.500000	252.549988
1	3.646000	1.012029	222.506256	253.431244
1	3.678000	1.018985	222.656250	254.656250
1	3.709000	1.006377	222.475006	252.475006
1	3.740000	1.043478	223.125000	253.125000
1	3.771000	0.962319	223.000000	252.000000
1	3.802000	1.031884	221.500000	252.500000
1	3.834000	0.974058	222.993744	253.493744
1	3.880000	0.939130	223.500000	252.500000
1	3.912000	1.024928	224.225006	253.762482
1	3.943000	0.986377	225.174988	253.687500
1	3.974000	0.972754	225.475006	253.475006
1	4.005000	1.005797	226.000000	253.549988
0	4.036000	1.215942	231.906250	247.468750
1	4.068000	0.962319	226.000000	252.000000
0	4.099000	1.133478	228.731537	246.781403
0	4.146000	1.055072	227.500000	252.500000
1	4.177000	0.990145	225.824982	253.212494
0	4.208000	1.117971	227.062500	250.187500
1	4.239000	1.006377	226.462494	252.524994
1	4.270000	1.017391	228.656250	249.343750
1	4.302000	1.007102	227.531250	248.531250
1	4.333000	0.973333	227.500000	248.500000
0	4.364000	1.488116	239.899994	244.600006
1	4.411000	1.012029	228.431244	247.981232
1	4.442000	1.005797	228.500000	249.000000
1	4.473000	0.977681	227.937500	247.937500
1	4.504000	1.015797	228.356232	249.593719
1	4.536000	1.017246	229.318756	246.668732
1	4.567000	1.014493	229.500000	245.000000
1	4.614000	0.962319	229.000000	247.000000
1	4.645000	0.999421	229.375214	246.162140
1	4.676000	1.014058	230.081238	249.918762
0	4.707000	1.406377	236.475006	245.475006
0	4.738000	1.257536	235.431244	244.681244
1	4.770000	1.114058	230.493744	248.506256
1	4.801000	0.994493	229.712494	247.712494
1	4.832000	1.010580	229.718750	248.531250
1	4.879000	1.020725	229.681244	245.368744
0	4.910000	1.149275	232.687500	243.012512
0	4.941000	0.962319	231.500000	244.500000
1	4.972000	1.007536	230.274994	244.574982
1	5.004000	1.101449	230.500000	243.500000
0	5.035000	1.212029	235.306244	242.818756
1	5.066000	1.014058	229.068756	245.306244
1	5.097000	1.114058	231.006256	244.493744
1	5.144000	1.042029	230.049988	245.437500
1	5.175000	1.006957	230.000000	245.237549
1	5.206000	1.033768	230.506256	245.318756
0	5.238000	0.991884	229.799988	244.362488
0	5.269000	1.042029	230.500000	243.375000
1	5.300000	1.026232	230.243744	243.756256
0	5.331000	1.250580	231.018738	234.606262
1	5.378000	1.043333	230.043732	245.993744
0	5.409000	1.104928	233.625000	243.649963
0	5.440000	1.103333	235.168732	243.318756
0	5.472000	1.240580	239.500000	240.500000
0	5.503000	1.534638	243.568756	241.306244
0	5.534000	1.484203	236.606262	234.393738
1	5.565000	0.968985	231.437500	243.062500
1	5.612000	1.016377	231.631256	243.918732
1	5.643000	1.042754	232.018738	242.018738
0	5.674000	1.424493	242.631287	240.731262
0	5.706000	1.424493	235.268738	234.781250
1	5.737000	1.078841	233.000000	243.000000
1	5.768000	1.036667	232.456268	243.918732
1	5.799000	1.044058	233.125000	244.000000
1	5.830000	1.505362	234.318756	234.306244
1	5.877000	1.044058	232.000000	242.500000
0	5.908000	1.640290	244.587494	239.587494
0	5.940000	1.333333	235.500000	236.500000
1	5.971000	1.008551	232.431244	242.006256
1	6.002000	1.046232	231.481262	242.031250
1	6.033000	1.060870	232.000000	241.000000
1	6.064000	1.055072	232.500000	245.500000
0	6.111000	1.518841	247.500000	240.500000
0	6.142000	1.567971	244.468750	239.968750
0	6.174000	1.394493	235.787506	234.712494
1	6.205000	1.099420	233.187500	239.750000
1	6.236000	1.094058	233.218750	243.156250
1	6.267000	1.060870	233.500000	242.000000
1	6.298000	1.049710	232.868774	240.931274
1	6.345000	0.999420	233.437500	243.125000
1	6.376000	1.047246	233.875000	238.000000
0	6.408000	1.704348	239.500000	232.500000
0	6.439000	1.309710	236.818756	237.818756
0	6.470000	1.452029	236.868744	229.168732
0	6.501000	1.459855	238.743744	230.818756
1	6.532000	1.051159	232.918732	237.068756
0	6.564000	1.566377	241.024994	228.524994
0	6.610000	1.272319	233.156250	230.668762
0	6.642000	1.407681	235.743744	225.506256
1	6.673000	1.081594	232.993805	234.556305
1	6.704000	1.078261	231.500000	234.500000
0	6.735000	1.356522	233.500000	226.500000
0	6.766000	1.440725	240.968842	227.668854
0	6.798000	1.221015	233.993713	227.581238
0	6.844000	1.418406	233.318756	223.668732
0	6.876000	1.538840	238.825043	227.637482
0	6.907000	1.547392	236.856537	226.256561
0	6.938000	1.457681	240.212494	228.225006
0	6.969000	1.473333	234.812500	228.437500
0	7.000000	1.585797	239.399994	228.899994
1	7.032000	1.475073	234.524994	225.475006
1	7.078000	1.442899	236.000000	224.250000
0	7.110000	1.173768	233.368744	231.131256
0	7.141000	1.634783	241.500000	226.500000
1	7.172000	1.053188	231.381256	233.618744
0	7.203000	1.240580	231.500000	232.500000
1	7.234000	1.048406	232.687500	239.437500
0	7.266000	1.426087	235.500000	228.500000
0	7.297000	1.240580	235.500000	232.500000
0	7.344000	1.539710	235.625000	230.375000
1	7.375000	1.062029	232.225006	235.774994
0	7.406000	1.542029	238.000000	227.000000
0	7.437000	1.423623	236.118744	227.493744
0	7.468000	1.478985	237.768738	227.468750
1	7.500000	1.061449	232.500000	235.250000
0	7.531000	1.373913	235.000000	231.000000
1	7.578000	1.460870	235.250000	226.250000
0	7.609000	1.478985	234.606262	226.768738
0	7.640000	1.423768	236.274994	225.774994
0	7.671000	1.257536	237.756256	230.693756
0	7.702000	1.769420	244.993744	235.431244
0	7.734000	1.631595	245.562469	232.637726
0	7.765000	1.449275	236.750000	226.750000
1	7.812000	1.451594	234.174988	226.125000
0	7.843000	1.721159	244.250000	235.250000
1	7.874000	1.060870	233.500000	237.000000
0	7.905000	1.252174	239.750000	232.750000
0	7.936000	1.255362	234.912506	232.537506
0	7.968000	1.451160	236.243744	227.131256
0	7.999000	1.217391	235.000000	236.000000
0	8.030000	1.457971	236.000000	229.000000
0	8.077000	1.566377	247.475006	236.475006
0	8.108000	1.460870	235.500000	230.500000
0	8.139000	1.452174	243.750000	231.000000
0	8.170000	1.220580	235.787506	237.037506
1	8.202000	1.078261	235.000000	239.000000
0	8.233000	1.529420	246.993744	235.993744
0	8.264000	1.378841	243.137512	234.187500
0	8.311000	1.270290	239.793762	233.393738
0	8.342000	1.588406	248.000000	236.000000
0	8.373000	1.574493	245.625000	235.875000
0	8.404000	1.416812	235.375000	232.625000
1	8.436000	1.080725	235.468689	241.531250
0	8.467000	1.194203	236.750000	240.750000
1	8.498000	1.101739	235.174988	241.812500
1	8.545000	1.078261	235.500000	240.500000
0	8.576000	1.982609	247.500000	244.500000
0	8.607000	1.098841	235.725006	238.274994
0	8.638000	1.478261	239.500000	229.500000
0	8.670000	1.368116	239.500000	233.500000
0	8.701000	1.290291	242.056091	236.756104
0	8.732000	1.137102	236.762604	239.187408
0	8.763000	1.518841	248.500000	235.500000
0	8.810000	1.547826	247.000000	234.500000
0	8.841000	1.565942	248.531250	237.518738
0	8.872000	1.553768	245.781250	234.843750
1	8.904000	1.107971	235.956238	238.956238
0	8.935000	1.568550	242.056122	231.943756
0	8.966000	1.568986	248.062500	234.750000
1	8.997000	1.583623	240.993744	230.006256
0	9.044000	1.453188	244.881256	230.881256
0	9.075000	1.525942	245.493744	233.006256
0	9.106000	1.553333	239.300018	230.287506
0	9.138000	1.577681	242.312500	229.312500
0	9.169000	1.581884	249.606262	236.106262
0	9.200000	1.711449	247.593750	234.593750
0	9.231000	1.518841	239.500000	228.500000
0	9.262000	1.705362	249.318756	238.243744
0	9.309000	1.601594	248.781250	235.781250
0	9.340000	1.518841	243.500000	240.500000
0	9.372000	1.629420	247.681213	236.681274
0	9.403000	1.518841	247.500000	240.500000
0	9.434000	1.477101	245.725006	237.524994
0	9.465000	1.472464	244.500000	237.500000
0	9.496000	1.250580	235.531250	242.706238
0	9.543000	1.520580	243.149963	241.149963
1	9.574000	1.182609	234.750000	246.250000
1	9.606000	1.152029	233.481232	247.006256
1	9.637000	1.159420	233.500000	249.500000
1	9.668000	1.147826	231.500000	248.500000
1	9.699000	1.137536	232.156250	251.793762
1	9.730000	1.159420	231.750000	250.250000
0	9.762000	1.344058	234.687500	249.312500
1	9.808000	1.150725	230.500000	252.750000
1	9.840000	1.187682	230.956360	251.218750
0	9.871000	1.388551	233.781250	245.281250
0	9.902000	1.336667	233.381256	249.206268
1	9.933000	1.116812	228.112488	252.112488
0	9.964000	1.333333	231.500000	244.500000
1	9.996000	1.137681	227.762512	250.187500
1	10.042000	1.133333	227.700012	251.299988
1	10.074000	1.133188	226.468750	249.731262
0	10.105000	1.162029	230.100006	245.787506
1	10.136000	1.113043	225.500000	248.500000
1	10.167000	1.122754	224.381256	249.006256
1	10.198000	1.117971	225.437500	250.937500
1	10.230000	1.091884	223.187500	252.375000
1	10.276000	1.130725	223.337585	252.662537
1	10.308000	1.120725	223.381256	255.943756
1	10.339000	1.062029	224.274994	253.725006
1	10.370000	1.078261	221.500000	256.500000
0	10.401000	1.153188	222.006378	255.606110
1	10.432000	1.095652	220.937500	259.812500
1	10.464000	1.136232	221.250000	262.250000
1	10.495000	1.122464	218.856262	263.043762
1	10.542000	1.147826	219.000000	262.000000
1	10.573000	1.127246	219.037506	262.037506
1	10.604000	1.179275	218.981232	261.318756
1	10.635000	1.121739	218.000000	261.500000
1	10.666000	1.121159	217.625000	261.075012
0	10.698000	1.110145	220.000000	261.250000
1	10.729000	1.147826	219.500000	260.500000
1	10.776000	1.168116	218.250000	260.500000
1	10.807000	1.147826	219.500000	260.500000
0	10.838000	1.090725	220.812500	256.875000
1	10.869000	1.149855	218.287506	259.962494
1	10.900000	1.135362	219.187500	259.437500
0	10.932000	1.378841	222.975006	253.862274
0	10.963000	1.042898	218.000000	257.000000
1	11.010000	1.147826	218.500000	259.500000
1	11.041000	1.224927	217.975006	259.037506
0	11.072000	1.124638	217.500000	258.500000
1	11.103000	1.133188	217.468750	260.768738
1	11.134000	1.190145	218.475006	256.412506
1	11.166000	1.081449	217.412506	257.462494
0	11.197000	1.194638	218.431244	255.556244
1	11.228000	1.123333	216.981293	254.031281
0	11.275000	1.075362	216.062500	255.312500
1	11.306000	1.146232	216.781250	254.281250
1	11.337000	1.168841	216.731262	254.906250
1	11.368000	1.065797	216.312500	255.687500
1	11.400000	1.146232	216.406250	253.718750
1	11.431000	1.133333	215.700012	254.125000
1	11.462000	1.147826	215.500000	252.500000
1	11.509000	1.155507	216.381256	252.618744
1	11.540000	1.146812	216.256256	255.256256
1	11.571000	1.124638	217.500000	252.500000
1	11.602000	1.150580	216.343750	252.718750
1	11.634000	1.160725	216.681244	253.881256
1	11.665000	1.163188	216.837494	252.475006
1	11.696000	1.159420	216.500000	254.500000
1	11.743000	1.136232	217.250000	255.250000
1	11.774000	1.159420	217.500000	255.500000
0	11.805000	1.043478	217.875000	255.875000
0	11.836000	1.112464	219.000000	253.875000
1	11.868000	1.097246	216.781250	256.218750
1	11.899000	1.147826	215.500000	256.500000
0	11.930000	1.124783	218.956635	254.481171
1	11.961000	1.167971	217.218750	256.218750
1	12.008000	1.081594	216.556244	256.443756
0	12.039000	1.002899	218.125000	256.875000
1	12.070000	1.079855	218.593750	255.968750
1	12.102000	1.136377	217.656250	258.156250
0	12.133000	1.109275	219.187500	259.062500
1	12.164000	1.114203	217.475006	258.524994
1	12.195000	1.117971	217.937500	259.562500
1	12.242000	1.120145	217.406250	260.593750
1	12.273000	1.118551	217.962494	260.037506
0	12.304000	1.062029	220.274994	260.225006
0	12.336000	1.181014	220.031250	258.031250
1	12.367000	1.165362	218.818756	259.493744
1	12.398000	1.089855	219.250000	259.250000
1	12.429000	1.149855	218.962494	260.037506
1	12.476000	1.142464	218.318756	259.806244
1	12.507000	1.142029	219.075012	260.424988
0	12.538000	1.124638	219.500000	258.500000
1	12.570000	1.171159	218.718750	260.406250
1	12.601000	1.157101	218.562500	259.687500
1	12.632000	1.159420	219.500000	260.500000
1	12.663000	1.124638	219.500000	258.500000
1	12.694000	1.100725	218.331238	258.668762
1	12.741000	1.024493	216.781250	258.268738
0	12.772000	1.426087	223.500000	248.500000
1	12.804000	1.133333	217.700012	257.700012
1	12.835000	1.105507	217.350006	257.649994
1	12.866000	1.081594	216.443756	257.443756
1	12.897000	1.089855	217.500000	258.500000
1	12.928000	1.101159	217.162506	257.662506
1	12.975000	1.090725	216.812500	257.187500
1	13.006000	1.123333	216.968750	256.406250
1	13.038000	1.147826	215.500000	256.500000
1	13.069000	1.079855	215.968750	258.468750
1	13.100000	1.083188	216.062500	257.812500
0	13.131000	1.008116	216.549988	258.000000
0	13.162000	1.007536	217.274994	258.975006
1	13.194000	1.137536	216.643738	259.843750
1	13.240000	1.089710	218.093750	259.656250
0	13.272000	1.125073	218.931244	256.318756
0	13.303000	1.048841	217.881256	257.681244
1	13.334000	1.094493	217.225006	257.149994
0	13.365000	1.068116	217.674988	255.737488
1	13.396000	1.094203	217.375000	258.875000
1	13.428000	1.141449	217.850006	257.399994
1	13.474000	1.097246	217.781250	257.656250
1	13.506000	1.084058	217.500000	258.500000
1	13.537000	1.138406	218.206238	259.593750
1	13.568000	1.101449	216.500000	259.500000
0	13.599000	1.031884	217.500000	256.500000
1	13.630000	1.114203	217.975006	255.975006
1	13.662000	1.138116	218.431244	255.868744
0	13.708000	1.043478	221.500000	253.500000
1	13.740000	1.147826	219.500000	252.500000
0	13.771000	1.089855	219.500000	255.500000
1	13.802000	1.118406	218.931244	253.168732
1	13.833000	1.124638	219.500000	252.500000
1	13.864000	1.171015	219.500000	254.500000
1	13.896000	1.109855	217.787506	253.212494
1	13.927000	1.147681	217.493744	253.743744
1	13.974000	1.117971	217.562500	253.062500
1	14.005000	1.120145	217.968750	254.781250
1	14.036000	1.171449	219.618744	251.618744
1	14.067000	1.164493	219.268677	250.668701
1	14.098000	1.137536	218.843750	252.156250
1	14.130000	1.147681	219.493744	250.256256
1	14.161000	1.147826	218.750000	251.750000
1	14.208000	1.173768	220.068756	252.381256
1	14.239000	1.151014	219.712494	251.337494
1	14.270000	1.119420	219.350006	252.087494
1	14.301000	1.164058	218.524994	251.225006
1	14.332000	1.161884	218.806244	250.506256
1	14.364000	1.185797	219.225006	247.537506
0	14.395000	1.519710	221.912506	238.100006
1	14.442000	1.525507	222.062500	238.937439
1	14.473000	1.171015	221.500000	242.500000
0	14.504000	1.444058	224.000000	237.000000
1	14.535000	1.177681	220.562500	243.937500
1	14.566000	1.147826	219.500000	244.500000
1	14.598000	1.124638	219.500000	244.500000
1	14.629000	1.176812	219.437500	244.437500
1	14.660000	1.147826	219.500000	244.500000
1	14.707000	1.168116	218.500000	246.000000
1	14.738000	1.178406	218.968719	243.056244
0	14.769000	1.434058	222.393738	238.293762
1	14.800000	1.173768	218.868744	243.381256
1	14.832000	1.124638	217.500000	244.500000
1	14.863000	1.159420	218.500000	241.500000
1	14.894000	1.147826	217.250000	239.750000
1	14.941000	1.168116	216.812500	242.437500
1	14.972000	1.132754	216.725006	241.712494
1	15.003000	1.146812	216.543732	241.256256
1	15.034000	1.146377	217.125000	244.375000
1	15.066000	1.135362	217.200012	242.762512
1	15.097000	1.113043	216.500000	245.500000
1	15.128000	1.171015	215.500000	244.500000
1	15.159000	1.166377	216.850006	243.837494
1	15.206000	1.138406	216.706238	245.206238
1	15.237000	1.152319	216.431244	241.993744
1	15.268000	1.140725	216.593750	241.156250
1	15.300000	1.173768	216.631256	241.368744
1	15.331000	1.147826	215.500000	236.500000
1	15.362000	1.146232	216.281250	238.468750
1	15.393000	1.108551	215.931244	240.931244
1	15.440000	1.130290	215.693756	241.243744
1	15.471000	1.126812	215.193756	242.931244
1	15.502000	1.113043	214.875000	241.625000
1	15.534000	1.066667	216.500000	239.500000
1	15.565000	1.147826	215.500000	240.500000
1	15.596000	1.078261	215.500000	240.500000
1	15.627000	1.114058	215.493744	239.681244
1	15.674000	1.044058	216.000000	238.000000
1	15.705000	1.083623	214.493744	237.506256
1	15.736000	1.135942	213.787506	238.537506
1	15.768000	1.103623	213.143738	236.768738
1	15.799000	1.118841	213.500000	238.000000
1	15.830000	1.096812	213.225006	239.912506
1	15.861000	1.120145	212.943726	238.831238
1	15.892000	1.114058	212.506256	240.506256
1	15.939000	1.116812	213.112488	240.887512
1	15.970000	0.990290	213.681244	239.756256
1	16.002000	1.120725	211.618744	242.381256
1	16.033000	1.062029	212.762482	239.725006
0	16.064000	1.098406	213.093750	242.331238
1	16.095000	1.105507	211.225006	243.649994
1	16.126000	1.136232	210.674988	242.174988
1	16.173000	1.069421	210.693787	243.331299
1	16.204000	1.119276	210.056274	242.456299
1	16.236000	1.134638	210.731232	243.306244
1	16.267000	1.129420	211.356232	243.806244
1	16.298000	1.120145	211.406250	243.593750
1	16.329000	1.126812	211.418762	244.031250
1	16.360000	1.124058	211.600006	243.600006
1	16.407000	1.122319	211.437500	244.187500
1	16.438000	1.116812	211.687500	244.112488
1	16.470000	1.131594	211.475006	243.324982
1	16.501000	1.143623	211.931244	243.618744
1	16.532000	1.154203	212.024994	243.649994
1	16.563000	1.130290	211.493744	244.306244
1	16.594000	1.155507	212.006256	244.618744
1	16.626000	1.132754	211.725006	245.274994
1	16.672000	1.078261	213.500000	244.500000
1	16.704000	1.140145	212.618744	243.868744
1	16.735000	1.132754	213.274994	243.725006
1	16.766000	1.147826	213.250000	243.250000
1	16.797000	1.144058	212.437500	243.112488
1	16.828000	1.143623	212.556244	243.118744
1	16.860000	1.150580	212.031250	242.968750
1	16.906000	1.114203	211.975006	243.475006
1	16.938000	1.131594	211.725006	243.225006
1	16.969000	1.133333	211.700012	243.075012
1	17.000000	1.105507	211.774994	243.725006
1	17.031000	1.113623	212.500000	244.500000
0	17.062000	0.962319	211.500000	244.500000
1	17.094000	1.128116	214.037506	244.537506
1	17.125000	1.139130	214.187500	242.187500
1	17.172000	1.104348	213.750000	243.000000
1	17.203000	1.118406	213.931244	241.068756
1	17.234000	1.044783	215.868774	240.818970
1	17.265000	1.115072	214.537506	245.137482
1	17.296000	1.114638	215.531250	244.468750
1	17.328000	1.094493	213.850006	245.212494
1	17.359000	1.123333	214.968750	244.806213
1	17.406000	1.078261	215.500000	242.500000
1	17.437000	1.113043	214.500000	245.500000
1	17.468000	1.147826	215.500000	244.500000
1	17.499000	1.120580	214.962494	245.399994
1	17.530000	1.117246	214.056244	245.843658
1	17.562000	1.149275	214.549988	242.987488
1	17.593000	1.095072	213.875000	243.625000
1	17.640000	1.100725	213.668762	242.331238
0	17.671000	1.437971	220.337494	235.337494
1	17.702000	1.078261	211.500000	242.500000
1	17.733000	1.113043	212.875000	241.125000
1	17.764000	1.150580	213.031250	242.031250
1	17.796000	1.102899	211.750000	241.250000
1	17.827000	1.127246	212.962494	242.162506
1	17.858000	1.104928	213.375000	243.625000
1	17.905000	1.113043	213.500000	240.500000
1	17.936000	1.115362	213.475006	240.337494
1	17.967000	1.068116	215.737488	239.674988
1	17.998000	1.113623	214.000000	241.625000
1	18.030000	1.096812	215.774994	243.225006
1	18.061000	1.105362	215.243744	239.793732
1	18.092000	1.078261	215.500000	240.500000
1	18.139000	1.118406	214.056244	242.556244
0	18.170000	1.333333	219.500000	236.500000
1	18.201000	1.147826	215.500000	240.500000
1	18.232000	1.060870	215.000000	241.000000
1	18.264000	1.104928	213.875000	239.875000
1	18.295000	1.111449	213.968750	241.293762
1	18.326000	1.131014	214.924988	240.299988
1	18.373000	1.124638	214.000000	241.000000
1	18.404000	1.147826	215.500000	240.500000
1	18.435000	1.099855	213.431244	239.818756
1	18.466000	1.095652	213.500000	240.500000
1	18.498000	1.043333	214.006256	237.993744
1	18.529000	1.100725	213.668762	241.331238
1	18.560000	1.099275	213.793762	240.831238
1	18.591000	1.078841	214.000000	239.000000
1	18.638000	1.095652	214.000000	238.500000
1	18.669000	1.117971	214.062500	235.062500
1	18.700000	1.109855	214.412506	234.712494
1	18.732000	1.101449	216.500000	233.500000
1	18.763000	1.079420	215.475006	233.975006
1	18.794000	1.078261	215.500000	238.500000
1	18.825000	1.099420	214.687500	237.312500
0	18.872000	1.434928	216.368744	229.606232
1	18.903000	1.078261	213.500000	234.500000
1	18.934000	1.098406	213.093750	231.718750
0	18.966000	1.333333	219.500000	228.500000
1	18.997000	1.120145	212.593750	232.406250
1	19.028000	1.078261	213.500000	230.500000
1	19.059000	1.113623	211.875000	234.500000
1	19.106000	1.159420	212.500000	235.500000
1	19.137000	1.114638	211.843750	234.468750
1	19.168000	1.136232	211.750000	235.750000
1	19.200000	1.148406	212.500000	239.312500
1	19.231000	1.142029	212.575012	238.924988
1	19.262000	1.139130	213.187500	240.812500
1	19.293000	1.149855	212.712494	242.037506
1	19.324000	1.147971	212.493744	240.681244
0	19.371000	1.095798	213.356354	241.656281
1	19.402000	1.136232	213.250000	239.750000
1	19.434000	1.118406	213.068756	241.443756
1	19.465000	1.152464	213.000000	241.474976
1	19.496000	1.150725	212.250000	241.250000
1	19.527000	1.137101	211.649994	244.212494
0	19.558000	1.078261	213.000000	241.000000
1	19.605000	1.084058	211.468750	240.968750
1	19.636000	1.122754	212.993744	244.381256
1	19.668000	1.158985	212.693756	245.693817
1	19.699000	1.068841	213.643738	246.393738
1	19.730000	1.121739	213.500000	246.500000
1	19.761000	1.118986	213.531250	246.468750
1	19.792000	1.147826	215.500000	244.500000
1	19.839000	1.113623	214.125000	244.525024
1	19.870000	1.117971	213.562500	246.937500
0	19.902000	1.078261	215.500000	242.500000
1	19.933000	1.126667	214.062500	244.637512
1	19.964000	1.122319	214.000000	245.000000
1	19.995000	1.131014	213.299988	244.500000
1	20.026000	1.139855	213.206238	244.843750
1	20.058000	1.133333	213.500000	244.100037
1	20.104000	1.136812	213.162506	242.850006
1	20.136000	1.159420	213.500000	242.500000
1	20.167000	1.151884	212.649994	241.024994
1	20.198000	1.165797	212.187500	240.750000
1	20.229000	1.131594	213.274994	242.100006
1	20.260000	1.141594	212.181274	241.431213
1	20.292000	1.171015	213.500000	244.500000
1	20.338000	1.147826	212.750000	241.750000
1	20.370000	1.138551	212.562500	239.825012
1	20.401000	1.133768	213.193756	242.131256
1	20.432000	1.133333	213.500000	239.750000
1	20.463000	1.077101	214.475006	242.024994
1	20.494000	1.113623	213.500000	243.687500
1	20.526000	1.147826	214.500000	243.500000
1	20.557000	1.118551	212.912506	244.462494
1	20.604000	1.147826	212.000000	244.000000
1	20.635000	1.170725	212.462494	244.537506
1	20.666000	1.137681	212.625000	246.250000
0	20.697000	1.484058	223.500000	242.500000
1	20.728000	1.131449	211.743744	246.256256
1	20.760000	1.151160	212.443756	245.306244
1	20.791000	1.116377	212.043732	243.131256
1	20.838000	1.133333	211.737488	245.299988
1	20.869000	1.136232	211.500000	243.500000
1	20.900000	1.113768	211.668762	242.881226
1	20.931000	1.120145	211.406250	242.968750
1	20.962000	1.147826	211.000000	242.000000
1	20.994000	1.117971	211.062500	244.125000
1	21.025000	1.090725	211.312500	243.674988
1	21.056000	1.146812	210.543732	243.893768
1	21.103000	1.138551	211.187500	246.174988
1	21.134000	1.137536	211.593750	245.156250
1	21.165000	1.147826	212.000000	246.000000
1	21.196000	1.147826	211.500000	244.500000
1	21.228000	1.146812	212.256256	241.631256
1	21.259000	1.159275	212.531250	241.593750
1	21.290000	1.132029	213.281250	241.718750
1	21.337000	1.124638	213.500000	240.500000
1	21.368000	1.177681	212.625000	242.062500
1	21.399000	1.161449	211.812500	241.687500
1	21.430000	1.165362	211.856232	240.793793
1	21.462000	1.204348	211.250000	242.375000
1	21.493000	1.153044	210.975006	241.725006
1	21.524000	1.124638	213.500000	240.500000
1	21.571000	1.176667	212.406250	241.343750
1	21.602000	1.160290	212.312500	242.112488
1	21.633000	1.240580	212.500000	241.500000
1	21.664000	1.181014	213.018738	240.031250
1	21.696000	1.202319	213.324982	241.475006
1	21.727000	1.221159	213.937500	241.174988
1	21.758000	1.203333	213.306244	240.943756
1	21.789000	1.194203	213.750000	240.250000
1	21.836000	1.204928	213.187500	239.687500
1	21.867000	1.200580	213.250000	241.687500
1	21.898000	1.185362	213.468750	240.031250
1	21.930000	1.187101	212.931244	240.556244
1	21.961000	1.187681	213.468750	242.043762
1	21.992000	1.155942	213.375000	240.750000
1	22.023000	1.182609	212.500000	242.500000
1	22.070000	1.211884	213.837494	240.337494
1	22.101000	1.212029	212.818756	241.181244
1	22.132000	1.164638	213.500000	242.375000
1	22.164000	1.240580	212.500000	239.500000
1	22.195000	1.181884	213.018738	239.981262
1	22.226000	1.190290	213.506256	238.881256
1	22.257000	1.167971	213.218750	237.781250
1	22.304000	1.211884	213.087494	239.662506
1	22.335000	1.217391	213.500000	238.500000
1	22.366000	1.192319	212.868744	238.131256
1	22.398000	1.169420	213.218689	241.781189
1	22.429000	1.185942	213.943756	238.493744
1	22.460000	1.161884	213.556244	238.806244
1	22.491000	1.194638	213.631226	241.431274
1	22.522000	1.190145	213.850006	240.850006
1	22.569000	1.187971	213.106232	241.556244
1	22.600000	1.221884	213.431244	241.056244
1	22.632000	1.221739	213.375000	240.375000
1	22.663000	1.212029	213.068756	241.318756
1	22.694000	1.188116	214.287506	239.212494
1	22.725000	1.173913	213.500000	241.750000
1	22.756000	1.184203	214.281250	243.718750
1	22.803000	1.205942	214.268738	242.718750
1	22.834000	1.147826	215.500000	244.500000
1	22.866000	1.187971	214.381256	243.443756
1	22.897000	1.163623	213.843750	242.843750
1	22.928000	1.141884	213.906250	244.218750
1	22.959000	1.158116	213.706238	243.706238
1	22.990000	1.146667	213.274994	243.899994
1	23.037000	1.159710	213.462494	243.662506
1	23.068000	1.134928	213.243744	243.193756
1	23.100000	1.165362	212.993744	242.993744
1	23.131000	1.151594	213.312500	242.987488
1	23.162000	1.141449	213.600006	242.449982
1	23.193000	1.152609	212.981262	243.268738
1	23.224000	1.208116	213.374939	241.250000
0	23.256000	1.147826	215.500000	240.500000
1	23.302000	1.145072	212.768738	241.768738
1	23.334000	1.154203	212.524994	240.975006
1	23.365000	1.151014	212.412506	241.712494
1	23.396000	1.141449	212.600006	238.850006
1	23.427000	1.131884	212.237488	239.762512
1	23.458000	1.132754	212.524994	239.725006
1	23.490000	1.139130	212.812500	239.312500
1	23.536000	1.139130	212.250000	240.750000
1	23.568000	1.078261	211.500000	238.500000
1	23.599000	1.155362	212.587494	239.399994
1	23.630000	1.118551	212.837494	238.662506
1	23.661000	1.151594	213.012421	238.687408
1	23.692000	1.096812	212.774994	239.225006
1	23.724000	1.085797	212.074982	237.524994
1	23.770000	1.121159	212.875000	238.375000
1	23.802000	1.109855	211.912506	237.412506
1	23.833000	1.109275	211.812500	237.187500
1	23.864000	1.113623	211.500000	238.500000
1	23.895000	1.132029	211.768738	237.518738
1	23.926000	1.139420	211.649994	238.162506
1	23.958000	1.099275	211.718750	237.831238
1	23.989000	1.061884	212.256256	235.743744
1	24.036000	1.118841	211.937500	237.937500
1	24.067000	1.138116	211.868744	236.768707
1	24.098000	1.122754	211.618744	238.006256
1	24.129000	1.157101	212.312500	239.625000
1	24.160000	1.139130	211.600006	238.225006
1	24.192000	1.116956	211.418884	239.543457
1	24.223000	1.113043	211.500000	239.500000
1	24.270000	1.118551	211.462494	239.537506
1	24.301000	1.101449	212.500000	239.500000
1	24.332000	1.122754	211.618744	238.006256
1	24.363000	1.099566	211.718811	239.218628
1	24.394000	1.114203	211.524994	237.850006
1	24.426000	1.104928	211.750000	237.875000
0	24.457000	1.426087	211.500000	228.500000
1	24.504000	1.121159	211.375000	238.375000
1	24.535000	1.079420	211.512482	238.024994
1	24.566000	1.097246	211.218750	237.656250
1	24.597000	1.081449	211.412506	237.462494
1	24.628000	1.101449	212.500000	237.500000
1	24.660000	1.096667	211.318756	237.243744
1	24.691000	1.044058	211.500000	236.000000
1	24.722000	1.095507	211.806244	236.743744
1	24.769000	1.078261	211.500000	234.500000
1	24.800000	1.083768	211.524994	236.524994
1	24.831000	1.079275	211.993744	237.993744
1	24.862000	1.105507	213.274994	236.350006
1	24.894000	1.062029	212.274994	237.774994
1	24.925000	1.090290	212.068756	239.431244
1	24.956000	1.081159	212.937500	237.562500
1	24.987000	1.097246	211.781250	239.656250
1	25.034000	1.078841	213.000000	239.500000
1	25.065000	1.124638	213.625000	238.625000
1	25.096000	1.080435	213.943756	240.006256
1	25.128000	1.113043	214.500000	239.500000
1	25.159000	1.100725	213.668762	239.718750
1	25.190000	1.078841	214.000000	240.000000
1	25.221000	1.133188	213.718750	238.781250
1	25.268000	1.113043	213.500000	239.500000
1	25.299000	1.113623	212.500000	240.500000
1	25.330000	1.096232	212.250000	240.250000
1	25.362000	1.109275	211.812500	242.562500
1	25.393000	1.114638	212.031250	242.018738
1	25.424000	1.146232	212.281250	241.281250
1	25.455000	1.133623	212.225006	241.225006
1	25.502000	1.118551	212.912506	240.649994
1	25.533000	1.108551	212.806244	240.618744
1	25.564000	1.082754	212.956268	240.056244
1	25.596000	1.070725	212.350006	238.850006
1	25.627000	1.040580	212.750000	239.000000
1	25.658000	1.033623	214.100006	237.899994
1	25.689000	1.062029	213.225006	238.725006
1	25.720000	1.096812	213.225006	238.225006
1	25.767000	1.077681	213.000000	238.000000
1	25.798000	1.057102	212.750000	239.187500
1	25.830000	1.078261	213.500000	238.500000
1	25.861000	1.079855	213.468750	238.031250
1	25.892000	1.070145	213.125000	237.375000
1	25.923000	1.044638	213.475006	237.524994
1	25.954000	1.094927	212.243713	238.231323
1	26.001000	1.066667	212.500000	237.500000
1	26.032000	1.101449	212.500000	237.500000
1	26.064000	1.098985	212.743744	238.181244
1	26.095000	1.080290	211.975006	238.574982
1	26.126000	1.060290	212.625000	240.250000
0	26.157000	1.055072	211.500000	236.500000
1	26.188000	1.057102	212.187500	239.187500
1	26.235000	1.078841	213.000000	238.500000
1	26.266000	1.078841	212.562500	236.000000
1	26.298000	1.088116	213.037506	236.087494
1	26.329000	1.101449	213.274963	235.112488
1	26.360000	1.081594	212.443756	234.556244
1	26.391000	1.078261	213.500000	236.500000
0	26.422000	1.402899	215.500000	228.500000
1	26.454000	1.076667	212.968750	236.031250
1	26.500000	1.082754	212.431244	236.506256
1	26.532000	1.078261	213.500000	236.500000
1	26.563000	1.066667	212.500000	237.500000
1	26.594000	1.088116	214.899994	236.600006
1	26.625000	1.082464	213.556244	235.556244
1	26.656000	1.089710	213.343750	235.843750
1	26.688000	1.079275	213.593719	237.006256
1	26.734000	1.066667	212.500000	236.500000
1	26.766000	1.079420	213.975006	235.975006
0	26.797000	0.962319	215.500000	232.500000
1	26.828000	1.092898	213.156250	235.843750
1	26.859000	1.067536	213.712494	235.850006
1	26.890000	1.077246	212.543732	236.006256
1	26.922000	1.093333	213.100006	235.712494
1	26.968000	1.081594	212.443756	235.606232
1	27.000000	1.111014	212.712494	234.912506
1	27.031000	1.081449	211.975006	234.462494
1	27.062000	1.066812	212.656250	233.343750
1	27.093000	1.078841	212.000000	231.549988
1	27.124000	1.065797	211.625000	231.187500
1	27.156000	1.066232	211.681244	230.318756
1	27.187000	1.066667	210.500000	230.500000
1	27.234000	1.066232	211.193756	232.681244
1	27.265000	1.078261	211.500000	232.500000
1	27.296000	1.087536	212.125000	233.625000
1	27.327000	1.095072	212.200012	233.799988
1	27.358000	1.101449	212.500000	233.500000
1	27.390000	1.042754	212.593750	232.981262
1	27.421000	1.062464	213.281250	233.718750
1	27.468000	1.061449	213.737488	234.250000
1	27.499000	1.020725	213.681244	234.631256
1	27.530000	1.063623	213.706238	235.218750
1	27.561000	1.056377	213.306244	237.068756
1	27.592000	1.007536	213.475006	237.024994
1	27.624000	1.079420	213.475006	235.975006
1	27.655000	1.027246	213.774994	236.225006
1	27.702000	1.044058	213.612488	234.500000
1	27.733000	1.027101	213.743744	233.756256
1	27.764000	1.047101	213.956238	233.081238
1	27.795000	1.038406	213.956238	231.418762
1	27.826000	1.050145	213.899994	232.912506
1	27.858000	1.019855	214.331238	231.368713
0	27.889000	0.962319	215.500000	228.500000
1	27.920000	1.052899	213.606262	233.331238
0	27.967000	1.256667	219.943756	227.556244
1	27.998000	1.062029	213.274994	232.725006
1	28.029000	1.043333	213.756256	232.493744
1	28.060000	1.053768	213.593750	230.406250
1	28.092000	1.060725	213.593689	232.256226
1	28.123000	1.062464	213.281250	231.218750
1	28.154000	1.043333	213.493744	231.506256
1	28.201000	1.062029	213.225006	232.225006
1	28.232000	1.078261	213.500000	232.500000
1	28.263000	1.070725	213.350006	233.850006
0	28.294000	0.962319	215.500000	232.500000
1	28.326000	1.065072	213.256256	233.306244
1	28.357000	1.051159	213.068756	235.431244
1	28.388000	1.070725	213.350006	232.850006
1	28.435000	1.055072	213.750000	233.750000
1	28.466000	1.066667	212.500000	234.500000
1	28.497000	1.045073	212.981262	233.906067
1	28.528000	1.026087	213.625000	234.125000
1	28.560000	1.044058	213.000000	234.500000
1	28.591000	1.044058	213.500000	234.500000
1	28.622000	1.048985	213.162506	235.337494
1	28.653000	1.035942	213.850006	232.850006
1	28.700000	1.043623	213.643677	232.993835
0	28.731000	0.962319	215.500000	232.500000
1	28.762000	1.051015	213.850006	233.850006
1	28.794000	1.043478	213.750000	234.750000
1	28.825000	1.016812	213.875000	234.125000
1	28.856000	1.044058	213.500000	233.500000
1	28.887000	1.059855	213.756256	235.806244
1	28.934000	1.044058	214.000000	235.000000
0	28.965000	1.055072	211.500000	236.500000
1	28.996000	1.043333	213.993744	235.993744
1	29.028000	1.044058	214.500000	233.625000
1	29.059000	1.052754	214.624939	235.125000
1	29.090000	1.078841	214.500000	235.000000
1	29.121000	1.043333	215.043732	234.493744
1	29.152000	1.043478	214.625000	235.875000
1	29.199000	1.040580	214.750000	235.000000
1	29.230000	1.023333	214.281250	236.406250
1	29.262000	1.003188	214.449982	234.537506
0	29.293000	0.962319	215.500000	232.500000
1	29.324000	1.035507	214.143738	236.656250
1	29.355000	1.008116	214.000000	235.250000
1	29.386000	1.038406	213.956238	235.956238
1	29.433000	1.008696	214.000000	235.000000
1	29.464000	1.017391	214.250000	235.750000
1	29.496000	1.044058	214.500000	236.000000
1	29.527000	1.007681	214.493744	234.506256
1	29.558000	1.016377	214.368744	234.368744
1	29.589000	1.008696	215.000000	234.000000
1	29.620000	1.013623	214.924988	233.312500
0	29.652000	1.226087	220.562500	231.937500
1	29.698000	1.044058	215.000000	238.000000
1	29.730000	1.019710	215.337494	236.699982
0	29.761000	0.999420	217.125000	239.125000
1	29.792000	1.079420	216.024994	238.975006
0	29.823000	1.055072	215.500000	232.500000
1	29.854000	1.029855	215.937500	240.187500
1	29.886000	1.044058	216.000000	237.000000
1	29.932000	1.066667	215.562500	238.062500
1	29.964000	1.043333	216.043732	237.993744
1	29.995000	1.043333	216.006256	237.493744
<\RIGHT-PUPIL-DATA>
<LEFT-PUPIL-DATA>
902	0
0	-0.067000	13.913043	240.000000	320.000000
0	-0.036000	13.913043	240.000000	320.000000
0	0.011000	13.913043	240.000000	320.000000
0	0.042000	13.913043	240.000000	320.000000
0	0.074000	13.913043	240.000000	320.000000
0	0.105000	13.913043	240.000000	320.000000
0	0.136000	13.913043	240.000000	320.000000
0	0.167000	13.913043	240.000000	320.000000
0	0.198000	13.913043	240.000000	320.000000
0	0.245000	13.913043	240.000000	320.000000
0	0.276000	13.913043	240.000000	320.000000
0	0.308000	13.913043	240.000000	320.000000
0	0.339000	13.913043	240.000000	320.000000
0	0.370000	13.913043	240.000000	320.000000
0	0.401000	13.913043	240.000000	320.000000
0	0.432000	13.913043	240.000000	320.000000
0	0.464000	13.913043	240.000000	320.000000
0	0.510000	13.913043	240.000000	320.000000
0	0.542000	13.913043	240.000000	320.000000
0	0.573000	13.913043	240.000000	320.000000
0	0.604000	13.913043	240.000000	320.000000
0	0.635000	13.913043	240.000000	320.000000
0	0.666000	13.913043	240.000000	320.000000
0	0.698000	13.913043	240.000000	320.000000
0	0.744000	13.913043	240.000000	320.000000
0	0.776000	13.913043	240.000000	320.000000
0	0.807000	13.913043	240.000000	320.000000
0	0.838000	13.913043	240.000000	320.000000
0	0.869000	13.913043	240.000000	320.000000
0	0.900000	13.913043	240.000000	320.000000
0	0.932000	13.913043	240.000000	320.000000
0	0.978000	13.913043	240.000000	320.000000
0	1.010000	13.913043	240.000000	320.000000
0	1.041000	13.913043	240.000000	320.000000
0	1.072000	13.913043	240.000000	320.000000
0	1.103000	13.913043	240.000000	320.000000
0	1.134000	13.913043	240.000000	320.000000
0	1.166000	13.913043	240.000000	320.000000
0	1.197000	13.913043	240.000000	320.000000
0	1.244000	13.913043	240.000000	320.000000
0	1.275000	13.913043	240.000000	320.000000
0	1.306000	13.913043	240.000000	320.000000
0	1.337000	13.913043	240.000000	320.000000
0	1.368000	13.913043	240.000000	320.000000
0	1.400000	13.913043	240.000000	320.000000
0	1.431000	13.913043	240.000000	320.000000
0	1.462000	13.913043	240.000000	320.000000
0	1.509000	13.913043	240.000000	320.000000
0	1.540000	13.913043	240.000000	320.000000
0	1.571000	13.913043	240.000000	320.000000
0	1.602000	13.913043	240.000000	320.000000
0	1.634000	13.913043	240.000000	320.000000
0	1.665000	13.913043	240.000000	320.000000
0	1.696000	13.913043	240.000000	320.000000
0	1.743000	13.913043	240.000000	320.000000
0	1.774000	13.913043	240.000000	320.000000
0	1.805000	13.913043	240.000000	320.000000
0	1.836000	13.913043	240.000000	320.000000
0	1.868000	13.913043	240.000000	320.000000
0	1.899000	13.913043	240.000000	320.000000
0	1.930000	13.913043	240.000000	320.000000
0	1.977000	13.913043	240.000000	320.000000
0	2.008000	13.913043	240.000000	320.000000
0	2.039000	13.913043	240.000000	320.000000
0	2.070000	13.913043	240.000000	320.000000
0	2.102000	13.913043	240.000000	320.000000
0	2.133000	13.913043	240.000000	320.000000
0	2.164000	13.913043	240.000000	320.000000
0	2.195000	13.913043	240.000000	320.000000
0	2.242000	13.913043	240.000000	320.000000
0	2.273000	13.913043	240.000000	320.000000
0	2.304000	13.913043	240.000000	320.000000
0	2.336000	13.913043	240.000000	320.000000
0	2.367000	13.913043	240.000000	320.000000
0	2.398000	13.913043	240.000000	320.000000
0	2.429000	13.913043	240.000000	320.000000
0	2.476000	13.913043	240.000000	320.000000
0	2.507000	13.913043	240.000000	320.000000
0	2.538000	13.913043	240.000000	320.000000
0	2.570000	13.913043	240.000000	320.000000
0	2.601000	13.913043	240.000000	320.000000
0	2.632000	13.913043	240.000000	320.000000
0	2.663000	13.913043	240.000000	320.000000
0	2.710000	13.913043	240.000000	320.000000
0	2.741000	13.913043	240.000000	320.000000
0	2.772000	13.913043	240.000000	320.000000
0	2.804000	13.913043	240.000000	320.000000
0	2.835000	13.913043	240.000000	320.000000
0	2.866000	13.913043	240.000000	320.000000
0	2.897000	13.913043	240.000000	320.000000
0	2.928000	13.913043	240.000000	320.000000
0	2.975000	13.913043	240.000000	320.000000
0	3.006000	13.913043	240.000000	320.000000
0	3.038000	13.913043	240.000000	320.000000
0	3.069000	13.913043	240.000000	320.000000
0	3.100000	13.913043	240.000000	320.000000
0	3.131000	13.913043	240.000000	320.000000
0	3.162000	13.913043	240.000000	320.000000
0	3.209000	13.913043	240.000000	320.000000
0	3.240000	13.913043	240.000000	320.000000
0	3.272000	13.913043	240.000000	320.000000
0	3.303000	13.913043	240.000000	320.000000
0	3.334000	13.913043	240.000000	320.000000
0	3.365000	13.913043	240.000000	320.000000
0	3.396000	13.913043	240.000000	320.000000
0	3.443000	13.913043	240.000000	320.000000
0	3.474000	13.913043	240.000000	320.000000
0	3.506000	13.913043	240.000000	320.000000
0	3.537000	13.913043	240.000000	320.000000
0	3.568000	13.913043	240.000000	320.000000
0	3.599000	13.913043	240.000000	320.000000
0	3.630000	13.913043	240.000000	320.000000
0	3.662000	13.913043	240.000000	320.000000
0	3.708000	13.913043	240.000000	320.000000
0	3.740000	13.913043	240.000000	320.000000
0	3.771000	13.913043	240.000000	320.000000
0	3.802000	13.913043	240.000000	320.000000
0	3.833000	13.913043	240.000000	320.000000
0	3.864000	13.913043	240.000000	320.000000
0	3.896000	13.913043	240.000000	320.000000
0	3.942000	13.913043	240.000000	320.000000
0	3.974000	13.913043	240.000000	320.000000
0	4.005000	13.913043	240.000000	320.000000
0	4.036000	13.913043	240.000000	320.000000
0	4.067000	13.913043	240.000000	320.000000
0	4.098000	13.913043	240.000000	320.000000
0	4.130000	13.913043	240.000000	320.000000
0	4.176000	13.913043	240.000000	320.000000
0	4.208000	13.913043	240.000000	320.000000
0	4.239000	13.913043	240.000000	320.000000
0	4.270000	13.913043	240.000000	320.000000
0	4.301000	13.913043	240.000000	320.000000
0	4.332000	13.913043	240.000000	320.000000
0	4.364000	13.913043	240.000000	320.000000
0	4.395000	13.913043	240.000000	320.000000
0	4.442000	13.913043	240.000000	320.000000
0	4.473000	13.913043	240.000000	320.000000
0	4.504000	13.913043	240.000000	320.000000
0	4.535000	13.913043	240.000000	320.000000
0	4.566000	13.913043	240.000000	320.000000
0	4.598000	13.913043	240.000000	320.000000
0	4.629000	13.913043	240.000000	320.000000
0	4.676000	13.913043	240.000000	320.000000
0	4.707000	13.913043	240.000000	320.000000
0	4.738000	13.913043	240.000000	320.000000
0	4.769000	13.913043	240.000000	320.000000
0	4.800000	13.913043	240.000000	320.000000
0	4.832000	13.913043	240.000000	320.000000
0	4.863000	13.913043	240.000000	320.000000
0	4.910000	13.913043	240.000000	320.000000
0	4.941000	13.913043	240.000000	320.000000
0	4.972000	13.913043	240.000000	320.000000
0	5.003000	13.913043	240.000000	320.000000
0	5.034000	13.913043	240.000000	320.000000
0	5.066000	13.913043	240.000000	320.000000
0	5.097000	13.913043	240.000000	320.000000
0	5.128000	13.913043	240.000000	320.000000
0	5.175000	13.913043	240.000000	320.000000
0	5.206000	13.913043	240.000000	320.000000
0	5.237000	13.913043	240.000000	320.000000
0	5.268000	13.913043	240.000000	320.000000
0	5.300000	13.913043	240.000000	320.000000
0	5.331000	13.913043	240.000000	320.000000
0	5.362000	13.913043	240.000000	320.000000
0	5.409000	13.913043	240.000000	320.000000
0	5.440000	13.913043	240.000000	320.000000
0	5.471000	13.913043	240.000000	320.000000
0	5.502000	13.913043	240.000000	320.000000
0	5.534000	13.913043	240.000000	320.000000
0	5.565000	13.913043	240.000000	320.000000
0	5.596000	13.913043	240.000000	320.000000
0	5.627000	13.913043	240.000000	320.000000
0	5.674000	13.913043	240.000000	320.000000
0	5.705000	13.913043	240.000000	320.000000
0	5.736000	13.913043	240.000000	320.000000
0	5.768000	13.913043	240.000000	320.000000
0	5.799000	13.913043	240.000000	320.000000
0	5.830000	13.913043	240.000000	320.000000
0	5.861000	13.913043	240.000000	320.000000
0	5.908000	13.913043	240.000000	320.000000
0	5.939000	13.913043	240.000000	320.000000
0	5.970000	13.913043	240.000000	320.000000
0	6.002000	13.913043	240.000000	320.000000
0	6.033000	13.913043	240.000000	320.000000
0	6.064000	13.913043	240.000000	320.000000
0	6.095000	13.913043	240.000000	320.000000
0	6.126000	13.913043	240.000000	320.000000
0	6.173000	13.913043	240.000000	320.000000
0	6.204000	13.913043	240.000000	320.000000
0	6.236000	13.913043	240.000000	320.000000
0	6.267000	13.913043	240.000000	320.000000
0	6.298000	13.913043	240.000000	320.000000
0	6.329000	13.913043	240.000000	320.000000
0	6.360000	13.913043	240.000000	320.000000
0	6.407000	13.913043	240.000000	320.000000
0	6.438000	13.913043	240.000000	320.000000
0	6.470000	13.913043	240.000000	320.000000
0	6.501000	13.913043	240.000000	320.000000
0	6.532000	13.913043	240.000000	320.000000
0	6.563000	13.913043	240.000000	320.000000
0	6.594000	13.913043	240.000000	320.000000
0	6.641000	13.913043	240.000000	320.000000
0	6.672000	13.913043	240.000000	320.000000
0	6.704000	13.913043	240.000000	320.000000
0	6.735000	13.913043	240.000000	320.000000
0	6.766000	13.913043	240.000000	320.000000
0	6.797000	13.913043	240.000000	320.000000
0	6.828000	13.913043	240.000000	320.000000
0	6.860000	13.913043	240.000000	320.000000
0	6.906000	13.913043	240.000000	320.000000
0	6.938000	13.913043	240.000000	320.000000
0	6.969000	13.913043	240.000000	320.000000
0	7.000000	13.913043	240.000000	320.000000
0	7.031000	13.913043	240.000000	320.000000
0	7.062000	13.913043	240.000000	320.000000
0	7.094000	13.913043	240.000000	320.000000
0	7.140000	13.913043	240.000000	320.000000
0	7.172000	13.913043	240.000000	320.000000
0	7.203000	13.913043	240.000000	320.000000
0	7.234000	13.913043	240.000000	320.000000
0	7.265000	13.913043	240.000000	320.000000
0	7.296000	13.913043	240.000000	320.000000
0	7.328000	13.913043	240.000000	320.000000
0	7.374000	13.913043	240.000000	320.000000
0	7.406000	13.913043	240.000000	320.000000
0	7.437000	13.913043	240.000000	320.000000
0	7.468000	13.913043	240.000000	320.000000
0	7.499000	13.913043	240.000000	320.000000
0	7.530000	13.913043	240.000000	320.000000
0	7.562000	13.913043	240.000000	320.000000
0	7.593000	13.913043	240.000000	320.000000
0	7.640000	13.913043	240.000000	320.000000
0	7.671000	13.913043	240.000000	320.000000
0	7.702000	13.913043	240.000000	320.000000
0	7.733000	13.913043	240.000000	320.000000
0	7.764000	13.913043	240.000000	320.000000
0	7.796000	13.913043	240.000000	320.000000
0	7.827000	13.913043	240.000000	320.000000
0	7.874000	13.913043	240.000000	320.000000
0	7.905000	13.913043	240.000000	320.000000
0	7.936000	13.913043	240.000000	320.000000
0	7.967000	13.913043	240.000000	320.000000
0	7.998000	13.913043	240.000000	320.000000
0	8.030000	13.913043	240.000000	320.000000
0	8.061000	13.913043	240.000000	320.000000
0	8.108000	13.913043	240.000000	320.000000
0	8.139000	13.913043	240.000000	320.000000
0	8.170000	13.913043	240.000000	320.000000
0	8.201000	13.913043	240.000000	320.000000
0	8.232000	13.913043	240.000000	320.000000
0	8.264000	13.913043	240.000000	320.000000
0	8.295000	13.913043	240.000000	320.000000
0	8.326000	13.913043	240.000000	320.000000
0	8.373000	13.913043	240.000000	320.000000
0	8.404000	13.913043	240.000000	320.000000
0	8.435000	13.913043	240.000000	320.000000
0	8.466000	13.913043	240.000000	320.000000
0	8.498000	13.913043	240.000000	320.000000
0	8.529000	13.913043	240.000000	320.000000
0	8.560000	13.913043	240.000000	320.000000
0	8.607000	13.913043	240.000000	320.000000
0	8.638000	13.913043	240.000000	320.000000
0	8.669000	13.913043	240.000000	320.000000
0	8.700000	13.913043	240.000000	320.000000
0	8.732000	13.913043	240.000000	320.000000
0	8.763000	13.913043	240.000000	320.000000
0	8.794000	13.913043	240.000000	320.000000
0	8.841000	13.913043	240.000000	320.000000
0	8.872000	13.913043	240.000000	320.000000
0	8.903000	13.913043	240.000000	320.000000
0	8.934000	13.913043	240.000000	320.000000
0	8.966000	13.913043	240.000000	320.000000
0	8.997000	13.913043	240.000000	320.000000
0	9.028000	13.913043	240.000000	320.000000
0	9.059000	13.913043	240.000000	320.000000
0	9.106000	13.913043	240.000000	320.000000
0	9.137000	13.913043	240.000000	320.000000
0	9.168000	13.913043	240.000000	320.000000
0	9.200000	13.913043	240.000000	320.000000
0	9.231000	13.913043	240.000000	320.000000
0	9.262000	13.913043	240.000000	320.000000
0	9.293000	13.913043	240.000000	320.000000
0	9.340000	13.913043	240.000000	320.000000
0	9.371000	13.913043	240.000000	320.000000
0	9.402000	13.913043	240.000000	320.000000
0	9.434000	13.913043	240.000000	320.000000
0	9.465000	13.913043	240.000000	320.000000
0	9.496000	13.913043	240.000000	320.000000
0	9.527000	13.913043	240.000000	320.000000
0	9.558000	13.913043	240.000000	320.000000
0	9.605000	13.913043	240.000000	320.000000
0	9.636000	13.913043	240.000000	320.000000
0	9.668000	13.913043	240.000000	320.000000
0	9.699000	13.913043	240.000000	320.000000
0	9.730000	13.913043	240.000000	320.000000
0	9.761000	13.913043	240.000000	320.000000
0	9.792000	13.913043	240.000000	320.000000
0	9.839000	13.913043	240.000000	320.000000
0	9.870000	13.913043	240.000000	320.000000
0	9.902000	13.913043	240.000000	320.000000
0	9.933000	13.913043	240.000000	320.000000
0	9.964000	13.913043	240.000000	320.000000
0	9.995000	13.913043	240.000000	320.000000
0	10.026000	13.913043	240.000000	320.000000
0	10.073000	13.913043	240.000000	320.000000
0	10.104000	13.913043	240.000000	320.000000
0	10.136000	13.913043	240.000000	320.000000
0	10.167000	13.913043	240.000000	320.000000
0	10.198000	13.913043	240.000000	320.000000
0	10.229000	13.913043	240.000000	320.000000
0	10.260000	13.913043	240.000000	320.000000
0	10.292000	13.913043	240.000000	320.000000
0	10.338000	13.913043	240.000000	320.000000
0	10.370000	13.913043	240.000000	320.000000
0	10.401000	13.913043	240.000000	320.000000
0	10.432000	13.913043	240.000000	320.000000
0	10.463000	13.913043	240.000000	320.000000
0	10.494000	13.913043	240.000000	320.000000
0	10.526000	13.913043	240.000000	320.000000
0	10.572000	13.913043	240.000000	320.000000
0	10.604000	13.913043	240.000000	320.000000
0	10.635000	13.913043	240.000000	320.000000
0	10.666000	13.913043	240.000000	320.000000
0	10.697000	13.913043	240.000000	320.000000
0	10.728000	13.913043	240.000000	320.000000
0	10.760000	13.913043	240.000000	320.000000
0	10.806000	13.913043	240.000000	320.000000
0	10.838000	13.913043	240.000000	320.000000
0	10.869000	13.913043	240.000000	320.000000
0	10.900000	13.913043	240.000000	320.000000
0	10.931000	13.913043	240.000000	320.000000
0	10.962000	13.913043	240.000000	320.000000
0	10.994000	13.913043	240.000000	320.000000
0	11.025000	13.913043	240.000000	320.000000
0	11.072000	13.913043	240.000000	320.000000
0	11.103000	13.913043	240.000000	320.000000
0	11.134000	13.913043	240.000000	320.000000
0	11.165000	13.913043	240.000000	320.000000
0	11.196000	13.913043	240.000000	320.000000
0	11.228000	13.913043	240.000000	320.000000
0	11.259000	13.913043	240.000000	320.000000
0	11.306000	13.913043	240.000000	320.000000
0	11.337000	13.913043	240.000000	320.000000
0	11.368000	13.913043	240.000000	320.000000
0	11.399000	13.913043	240.000000	320.000000
0	11.430000	13.913043	240.000000	320.000000
0	11.462000	13.913043	240.000000	320.000000
0	11.493000	13.913043	240.000000	320.000000
0	11.524000	13.913043	240.000000	320.000000
0	11.571000	13.913043	240.000000	320.000000
0	11.602000	13.913043	240.000000	320.000000
0	11.633000	13.913043	240.000000	320.000000
0	11.664000	13.913043	240.000000	320.000000
0	11.696000	13.913043	240.000000	320.000000
0	11.727000	13.913043	240.000000	320.000000
0	11.758000	13.913043	240.000000	320.000000
0	11.805000	13.913043	240.000000	320.000000
0	11.836000	13.913043	240.000000	320.000000
0	11.867000	13.913043	240.000000	320.000000
0	11.898000	13.913043	240.000000	320.000000
0	11.930000	13.913043	240.000000	320.000000
0	11.961000	13.913043	240.000000	320.000000
0	11.992000	13.913043	240.000000	320.000000
0	12.039000	13.913043	240.000000	320.000000
0	12.070000	13.913043	240.000000	320.000000
0	12.101000	13.913043	240.000000	320.000000
0	12.132000	13.913043	240.000000	320.000000
0	12.164000	13.913043	240.000000	320.000000
0	12.195000	13.913043	240.000000	320.000000
0	12.226000	13.913043	240.000000	320.000000
0	12.257000	13.913043	240.000000	320.000000
0	12.304000	13.913043	240.000000	320.000000
0	12.335000	13.913043	240.000000	320.000000
0	12.366000	13.913043	240.000000	320.000000
0	12.398000	13.913043	240.000000	320.000000
0	12.429000	13.913043	240.000000	320.000000
0	12.460000	13.913043	240.000000	320.000000
0	12.491000	13.913043	240.000000	320.000000
0	12.538000	13.913043	240.000000	320.000000
0	12.569000	13.913043	240.000000	320.000000
0	12.600000	13.913043	240.000000	320.000000
0	12.632000	13.913043	240.000000	320.000000
0	12.663000	13.913043	240.000000	320.000000
0	12.694000	13.913043	240.000000	320.000000
0	12.725000	13.913043	240.000000	320.000000
0	12.772000	13.913043	240.000000	320.000000
0	12.803000	13.913043	240.000000	320.000000
0	12.834000	13.913043	240.000000	320.000000
0	12.866000	13.913043	240.000000	320.000000
0	12.897000	13.913043	240.000000	320.000000
0	12.928000	13.913043	240.000000	320.000000
0	12.959000	13.913043	240.000000	320.000000
0	12.990000	13.913043	240.000000	320.000000
0	13.037000	13.913043	240.000000	320.000000
0	13.068000	13.913043	240.000000	320.000000
0	13.100000	13.913043	240.000000	320.000000
0	13.131000	13.913043	240.000000	320.000000
0	13.162000	13.913043	240.000000	320.000000
0	13.193000	13.913043	240.000000	320.000000
0	13.224000	13.913043	240.000000	320.000000
0	13.271000	13.913043	240.000000	320.000000
0	13.302000	13.913043	240.000000	320.000000
0	13.334000	13.913043	240.000000	320.000000
0	13.365000	13.913043	240.000000	320.000000
0	13.396000	13.913043	240.000000	320.000000
0	13.427000	13.913043	240.000000	320.000000
0	13.458000	13.913043	240.000000	320.000000
0	13.490000	13.913043	240.000000	320.000000
0	13.536000	13.913043	240.000000	320.000000
0	13.568000	13.913043	240.000000	320.000000
0	13.599000	13.913043	240.000000	320.000000
0	13.630000	13.913043	240.000000	320.000000
0	13.661000	13.913043	240.000000	320.000000
0	13.692000	13.913043	240.000000	320.000000
0	13.724000	13.913043	240.000000	320.000000
0	13.770000	13.913043	240.000000	320.000000
0	13.802000	13.913043	240.000000	320.000000
0	13.833000	13.913043	240.000000	320.000000
0	13.864000	13.913043	240.000000	320.000000
0	13.895000	13.913043	240.000000	320.000000
0	13.926000	13.913043	240.000000	320.000000
0	13.958000	13.913043	240.000000	320.000000
0	14.004000	13.913043	240.000000	320.000000
0	14.036000	13.913043	240.000000	320.000000
0	14.067000	13.913043	240.000000	320.000000
0	14.098000	13.913043	240.000000	320.000000
0	14.129000	13.913043	240.000000	320.000000
0	14.160000	13.913043	240.000000	320.000000
0	14.192000	13.913043	240.000000	320.000000
0	14.223000	13.913043	240.000000	320.000000
0	14.270000	13.913043	240.000000	320.000000
0	14.301000	13.913043	240.000000	320.000000
0	14.332000	13.913043	240.000000	320.000000
0	14.363000	13.913043	240.000000	320.000000
0	14.394000	13.913043	240.000000	320.000000
0	14.426000	13.913043	240.000000	320.000000
0	14.457000	13.913043	240.000000	320.000000
0	14.504000	13.913043	240.000000	320.000000
0	14.535000	13.913043	240.000000	320.000000
0	14.566000	13.913043	240.000000	320.000000
0	14.597000	13.913043	240.000000	320.000000
0	14.628000	13.913043	240.000000	320.000000
0	14.660000	13.913043	240.000000	320.000000
0	14.691000	13.913043	240.000000	320.000000
0	14.738000	13.913043	240.000000	320.000000
0	14.769000	13.913043	240.000000	320.000000
0	14.800000	13.913043	240.000000	320.000000
0	14.831000	13.913043	240.000000	320.000000
0	14.862000	13.913043	240.000000	320.000000
0	14.894000	13.913043	240.000000	320.000000
0	14.925000	13.913043	240.000000	320.000000
0	14.956000	13.913043	240.000000	320.000000
0	15.003000	13.913043	240.000000	320.000000
0	15.034000	13.913043	240.000000	320.000000
0	15.065000	13.913043	240.000000	320.000000
0	15.096000	13.913043	240.000000	320.000000
0	15.128000	13.913043	240.000000	320.000000
0	15.159000	13.913043	240.000000	320.000000
0	15.190000	13.913043	240.000000	320.000000
0	15.237000	13.913043	240.000000	320.000000
0	15.268000	13.913043	240.000000	320.000000
0	15.299000	13.913043	240.000000	320.000000
0	15.330000	13.913043	240.000000	320.000000
0	15.362000	13.913043	240.000000	320.000000
0	15.393000	13.913043	240.000000	320.000000
0	15.424000	13.913043	240.000000	320.000000
0	15.471000	13.913043	240.000000	320.000000
0	15.502000	13.913043	240.000000	320.000000
0	15.533000	13.913043	240.000000	320.000000
0	15.564000	13.913043	240.000000	320.000000
0	15.596000	13.913043	240.000000	320.000000
0	15.627000	13.913043	240.000000	320.000000
0	15.658000	13.913043	240.000000	320.000000
0	15.689000	13.913043	240.000000	320.000000
0	15.736000	13.913043	240.000000	320.000000
0	15.767000	13.913043	240.000000	320.000000
0	15.798000	13.913043	240.000000	320.000000
0	15.830000	13.913043	240.000000	320.000000
0	15.861000	13.913043	240.000000	320.000000
0	15.892000	13.913043	240.000000	320.000000
0	15.923000	13.913043	240.000000	320.000000
0	15.970000	13.913043	240.000000	320.000000
0	16.001000	13.913043	240.000000	320.000000
0	16.032000	13.913043	240.000000	320.000000
0	16.064000	13.913043	240.000000	320.000000
0	16.095000	13.913043	240.000000	320.000000
0	16.126000	13.913043	240.000000	320.000000
0	16.157000	13.913043	240.000000	320.000000
0	16.204000	13.913043	240.000000	320.000000
0	16.235000	13.913043	240.000000	320.000000
0	16.266000	13.913043	240.000000	320.000000
0	16.298000	13.913043	240.000000	320.000000
0	16.329000	13.913043	240.000000	320.000000
0	16.360000	13.913043	240.000000	320.000000
0	16.391000	13.913043	240.000000	320.000000
0	16.422000	13.913043	240.000000	320.000000
0	16.469000	13.913043	240.000000	320.000000
0	16.500000	13.913043	240.000000	320.000000
0	16.532000	13.913043	240.000000	320.000000
0	16.563000	13.913043	240.000000	320.000000
0	16.594000	13.913043	240.000000	320.000000
0	16.625000	13.913043	240.000000	320.000000
0	16.656000	13.913043	240.000000	320.000000
0	16.703000	13.913043	240.000000	320.000000
0	16.734000	13.913043	240.000000	320.000000
0	16.766000	13.913043	240.000000	320.000000
0	16.797000	13.913043	240.000000	320.000000
0	16.828000	13.913043	240.000000	320.000000
0	16.859000	13.913043	240.000000	320.000000
0	16.890000	13.913043	240.000000	320.000000
0	16.922000	13.913043	240.000000	320.000000
0	16.968000	13.913043	240.000000	320.000000
0	17.000000	13.913043	240.000000	320.000000
0	17.031000	13.913043	240.000000	320.000000
0	17.062000	13.913043	240.000000	320.000000
0	17.093000	13.913043	240.000000	320.000000
0	17.124000	13.913043	240.000000	320.000000
0	17.156000	13.913043	240.000000	320.000000
0	17.202000	13.913043	240.000000	320.000000
0	17.234000	13.913043	240.000000	320.000000
0	17.265000	13.913043	240.000000	320.000000
0	17.296000	13.913043	240.000000	320.000000
0	17.327000	13.913043	240.000000	320.000000
0	17.358000	13.913043	240.000000	320.000000
0	17.390000	13.913043	240.000000	320.000000
0	17.421000	13.913043	240.000000	320.000000
0	17.468000	13.913043	240.000000	320.000000
0	17.499000	13.913043	240.000000	320.000000
0	17.530000	13.913043	240.000000	320.000000
0	17.561000	13.913043	240.000000	320.000000
0	17.592000	13.913043	240.000000	320.000000
0	17.624000	13.913043	240.000000	320.000000
0	17.655000	13.913043	240.000000	320.000000
0	17.702000	13.913043	240.000000	320.000000
0	17.733000	13.913043	240.000000	320.000000
0	17.764000	13.913043	240.000000	320.000000
0	17.795000	13.913043	240.000000	320.000000
0	17.826000	13.913043	240.000000	320.000000
0	17.858000	13.913043	240.000000	320.000000
0	17.889000	13.913043	240.000000	320.000000
0	17.936000	13.913043	240.000000	320.000000
0	17.967000	13.913043	240.000000	320.000000
0	17.998000	13.913043	240.000000	320.000000
0	18.029000	13.913043	240.000000	320.000000
0	18.060000	13.913043	240.000000	320.000000
0	18.092000	13.913043	240.000000	320.000000
0	18.123000	13.913043	240.000000	320.000000
0	18.154000	13.913043	240.000000	320.000000
0	18.201000	13.913043	240.000000	320.000000
0	18.232000	13.913043	240.000000	320.000000
0	18.263000	13.913043	240.000000	320.000000
0	18.294000	13.913043	240.000000	320.000000
0	18.326000	13.913043	240.000000	320.000000
0	18.357000	13.913043	240.000000	320.000000
0	18.388000	13.913043	240.000000	320.000000
0	18.435000	13.913043	240.000000	320.000000
0	18.466000	13.913043	240.000000	320.000000
0	18.497000	13.913043	240.000000	320.000000
0	18.528000	13.913043	240.000000	320.000000
0	18.560000	13.913043	240.000000	320.000000
0	18.591000	13.913043	240.000000	320.000000
0	18.622000	13.913043	240.000000	320.000000
0	18.669000	13.913043	240.000000	320.000000
0	18.700000	13.913043	240.000000	320.000000
0	18.731000	13.913043	240.000000	320.000000
0	18.762000	13.913043	240.000000	320.000000
0	18.794000	13.913043	240.000000	320.000000
0	18.825000	13.913043	240.000000	320.000000
0	18.856000	13.913043	240.000000	320.000000
0	18.887000	13.913043	240.000000	320.000000
0	18.934000	13.913043	240.000000	320.000000
0	18.965000	13.913043	240.000000	320.000000
0	18.996000	13.913043	240.000000	320.000000
0	19.028000	13.913043	240.000000	320.000000
0	19.059000	13.913043	240.000000	320.000000
0	19.090000	13.913043	240.000000	320.000000
0	19.121000	13.913043	240.000000	320.000000
0	19.168000	13.913043	240.000000	320.000000
0	19.199000	13.913043	240.000000	320.000000
0	19.230000	13.913043	240.000000	320.000000
0	19.262000	13.913043	240.000000	320.000000
0	19.293000	13.913043	240.000000	320.000000
0	19.324000	13.913043	240.000000	320.000000
0	19.355000	13.913043	240.000000	320.000000
0	19.402000	13.913043	240.000000	320.000000
0	19.433000	13.913043	240.000000	320.000000
0	19.464000	13.913043	240.000000	320.000000
0	19.496000	13.913043	240.000000	320.000000
0	19.527000	13.913043	240.000000	320.000000
0	19.558000	13.913043	240.000000	320.000000
0	19.589000	13.913043	240.000000	320.000000
0	19.620000	13.913043	240.000000	320.000000
0	19.667000	13.913043	240.000000	320.000000
0	19.698000	13.913043	240.000000	320.000000
0	19.730000	13.913043	240.000000	320.000000
0	19.761000	13.913043	240.000000	320.000000
0	19.792000	13.913043	240.000000	320.000000
0	19.823000	13.913043	240.000000	320.000000
0	19.854000	13.913043	240.000000	320.000000
0	19.901000	13.913043	240.000000	320.000000
0	19.932000	13.913043	240.000000	320.000000
0	19.964000	13.913043	240.000000	320.000000
0	19.995000	13.913043	240.000000	320.000000
0	20.026000	13.913043	240.000000	320.000000
0	20.057000	13.913043	240.000000	320.000000
0	20.088000	13.913043	240.000000	320.000000
0	20.135000	13.913043	240.000000	320.000000
0	20.166000	13.913043	240.000000	320.000000
0	20.198000	13.913043	240.000000	320.000000
0	20.229000	13.913043	240.000000	320.000000
0	20.260000	13.913043	240.000000	320.000000
0	20.291000	13.913043	240.000000	320.000000
0	20.322000	13.913043	240.000000	320.000000
0	20.354000	13.913043	240.000000	320.000000
0	20.400000	13.913043	240.000000	320.000000
0	20.432000	13.913043	240.000000	320.000000
0	20.463000	13.913043	240.000000	320.000000
0	20.494000	13.913043	240.000000	320.000000
0	20.525000	13.913043	240.000000	320.000000
0	20.556000	13.913043	240.000000	320.000000
0	20.588000	13.913043	240.000000	320.000000
0	20.634000	13.913043	240.000000	320.000000
0	20.666000	13.913043	240.000000	320.000000
0	20.697000	13.913043	240.000000	320.000000
0	20.728000	13.913043	240.000000	320.000000
0	20.759000	13.913043	240.000000	320.000000
0	20.790000	13.913043	240.000000	320.000000
0	20.822000	13.913043	240.000000	320.000000
0	20.868000	13.913043	240.000000	320.000000
0	20.900000	13.913043	240.000000	320.000000
0	20.931000	13.913043	240.000000	320.000000
0	20.962000	13.913043	240.000000	320.000000
0	20.993000	13.913043	240.000000	320.000000
0	21.024000	13.913043	240.000000	320.000000
0	21.056000	13.913043	240.000000	320.000000
0	21.087000	13.913043	240.000000	320.000000
0	21.134000	13.913043	240.000000	320.000000
0	21.165000	13.913043	240.000000	320.000000
0	21.196000	13.913043	240.000000	320.000000
0	21.227000	13.913043	240.000000	320.000000
0	21.258000	13.913043	240.000000	320.000000
0	21.290000	13.913043	240.000000	320.000000
0	21.321000	13.913043	240.000000	320.000000
0	21.352000	13.913043	240.000000	320.000000
0	21.399000	13.913043	240.000000	320.000000
0	21.430000	13.913043	240.000000	320.000000
0	21.461000	13.913043	240.000000	320.000000
0	21.492000	13.913043	240.000000	320.000000
0	21.524000	13.913043	240.000000	320.000000
0	21.555000	13.913043	240.000000	320.000000
0	21.586000	13.913043	240.000000	320.000000
0	21.633000	13.913043	240.000000	320.000000
0	21.664000	13.913043	240.000000	320.000000
0	21.695000	13.913043	240.000000	320.000000
0	21.726000	13.913043	240.000000	320.000000
0	21.758000	13.913043	240.000000	320.000000
0	21.789000	13.913043	240.000000	320.000000
0	21.820000	13.913043	240.000000	320.000000
0	21.867000	13.913043	240.000000	320.000000
0	21.898000	13.913043	240.000000	320.000000
0	21.929000	13.913043	240.000000	320.000000
0	21.960000	13.913043	240.000000	320.000000
0	21.992000	13.913043	240.000000	320.000000
0	22.023000	13.913043	240.000000	320.000000
0	22.054000	13.913043	240.000000	320.000000
0	22.085000	13.913043	240.000000	320.000000
0	22.132000	13.913043	240.000000	320.000000
0	22.163000	13.913043	240.000000	320.000000
0	22.194000	13.913043	240.000000	320.000000
0	22.226000	13.913043	240.000000	320.000000
0	22.257000	13.913043	240.000000	320.000000
0	22.288000	13.913043	240.000000	320.000000
0	22.319000	13.913043	240.000000	320.000000
0	22.366000	13.913043	240.000000	320.000000
0	22.397000	13.913043	240.000000	320.000000
0	22.428000	13.913043	240.000000	320.000000
0	22.460000	13.913043	240.000000	320.000000
0	22.491000	13.913043	240.000000	320.000000
0	22.522000	13.913043	240.000000	320.000000
0	22.553000	13.913043	240.000000	320.000000
0	22.600000	13.913043	240.000000	320.000000
0	22.631000	13.913043	240.000000	320.000000
0	22.662000	13.913043	240.000000	320.000000
0	22.694000	13.913043	240.000000	320.000000
0	22.725000	13.913043	240.000000	320.000000
0	22.756000	13.913043	240.000000	320.000000
0	22.787000	13.913043	240.000000	320.000000
0	22.818000	13.913043	240.000000	320.000000
0	22.865000	13.913043	240.000000	320.000000
0	22.896000	13.913043	240.000000	320.000000
0	22.928000	13.913043	240.000000	320.000000
0	22.959000	13.913043	240.000000	320.000000
0	22.990000	13.913043	240.000000	320.000000
0	23.021000	13.913043	240.000000	320.000000
0	23.052000	13.913043	240.000000	320.000000
0	23.099000	13.913043	240.000000	320.000000
0	23.130000	13.913043	240.000000	320.000000
0	23.162000	13.913043	240.000000	320.000000
0	23.193000	13.913043	240.000000	320.000000
0	23.224000	13.913043	240.000000	320.000000
0	23.255000	13.913043	240.000000	320.000000
0	23.286000	13.913043	240.000000	320.000000
0	23.333000	13.913043	240.000000	320.000000
0	23.364000	13.913043	240.000000	320.000000
0	23.396000	13.913043	240.000000	320.000000
0	23.427000	13.913043	240.000000	320.000000
0	23.458000	13.913043	240.000000	320.000000
0	23.489000	13.913043	240.000000	320.000000
0	23.520000	13.913043	240.000000	320.000000
0	23.552000	13.913043	240.000000	320.000000
0	23.598000	13.913043	240.000000	320.000000
0	23.630000	13.913043	240.000000	320.000000
0	23.661000	13.913043	240.000000	320.000000
0	23.692000	13.913043	240.000000	320.000000
0	23.723000	13.913043	240.000000	320.000000
0	23.754000	13.913043	240.000000	320.000000
0	23.786000	13.913043	240.000000	320.000000
0	23.832000	13.913043	240.000000	320.000000
0	23.864000	13.913043	240.000000	320.000000
0	23.895000	13.913043	240.000000	320.000000
0	23.926000	13.913043	240.000000	320.000000
0	23.957000	13.913043	240.000000	320.000000
0	23.988000	13.913043	240.000000	320.000000
0	24.020000	13.913043	240.000000	320.000000
0	24.066000	13.913043	240.000000	320.000000
0	24.098000	13.913043	240.000000	320.000000
0	24.129000	13.913043	240.000000	320.000000
0	24.160000	13.913043	240.000000	320.000000
0	24.191000	13.913043	240.000000	320.000000
0	24.222000	13.913043	240.000000	320.000000
0	24.254000	13.913043	240.000000	320.000000
0	24.285000	13.913043	240.000000	320.000000
0	24.332000	13.913043	240.000000	320.000000
0	24.363000	13.913043	240.000000	320.000000
0	24.394000	13.913043	240.000000	320.000000
0	24.425000	13.913043	240.000000	320.000000
0	24.456000	13.913043	240.000000	320.000000
0	24.488000	13.913043	240.000000	320.000000
0	24.519000	13.913043	240.000000	320.000000
0	24.566000	13.913043	240.000000	320.000000
0	24.597000	13.913043	240.000000	320.000000
0	24.628000	13.913043	240.000000	320.000000
0	24.659000	13.913043	240.000000	320.000000
0	24.690000	13.913043	240.000000	320.000000
0	24.722000	13.913043	240.000000	320.000000
0	24.753000	13.913043	240.000000	320.000000
0	24.800000	13.913043	240.000000	320.000000
0	24.831000	13.913043	240.000000	320.000000
0	24.862000	13.913043	240.000000	320.000000
0	24.893000	13.913043	240.000000	320.000000
0	24.924000	13.913043	240.000000	320.000000
0	24.956000	13.913043	240.000000	320.000000
0	24.987000	13.913043	240.000000	320.000000
0	25.018000	13.913043	240.000000	320.000000
0	25.065000	13.913043	240.000000	320.000000
0	25.096000	13.913043	240.000000	320.000000
0	25.127000	13.913043	240.000000	320.000000
0	25.158000	13.913043	240.000000	320.000000
0	25.190000	13.913043	240.000000	320.000000
0	25.221000	13.913043	240.000000	320.000000
0	25.252000	13.913043	240.000000	320.000000
0	25.283000	13.913043	240.000000	320.000000
0	25.330000	13.913043	240.000000	320.000000
0	25.361000	13.913043	240.000000	320.000000
0	25.392000	13.913043	240.000000	320.000000
0	25.424000	13.913043	240.000000	320.000000
0	25.455000	13.913043	240.000000	320.000000
0	25.486000	13.913043	240.000000	320.000000
0	25.517000	13.913043	240.000000	320.000000
0	25.564000	13.913043	240.000000	320.000000
0	25.595000	13.913043	240.000000	320.000000
0	25.626000	13.913043	240.000000	320.000000
0	25.658000	13.913043	240.000000	320.000000
0	25.689000	13.913043	240.000000	320.000000
0	25.720000	13.913043	240.000000	320.000000
0	25.751000	13.913043	240.000000	320.000000
0	25.798000	13.913043	240.000000	320.000000
0	25.829000	13.913043	240.000000	320.000000
0	25.860000	13.913043	240.000000	320.000000
0	25.892000	13.913043	240.000000	320.000000
0	25.923000	13.913043	240.000000	320.000000
0	25.954000	13.913043	240.000000	320.000000
0	25.985000	13.913043	240.000000	320.000000
0	26.016000	13.913043	240.000000	320.000000
0	26.063000	13.913043	240.000000	320.000000
0	26.094000	13.913043	240.000000	320.000000
0	26.126000	13.913043	240.000000	320.000000
0	26.157000	13.913043	240.000000	320.000000
0	26.188000	13.913043	240.000000	320.000000
0	26.219000	13.913043	240.000000	320.000000
0	26.250000	13.913043	240.000000	320.000000
0	26.297000	13.913043	240.000000	320.000000
0	26.328000	13.913043	240.000000	320.000000
0	26.360000	13.913043	240.000000	320.000000
0	26.391000	13.913043	240.000000	320.000000
0	26.422000	13.913043	240.000000	320.000000
0	26.453000	13.913043	240.000000	320.000000
0	26.484000	13.913043	240.000000	320.000000
0	26.531000	13.913043	240.000000	320.000000
0	26.562000	13.913043	240.000000	320.000000
0	26.594000	13.913043	240.000000	320.000000
0	26.625000	13.913043	240.000000	320.000000
0	26.656000	13.913043	240.000000	320.000000
0	26.687000	13.913043	240.000000	320.000000
0	26.718000	13.913043	240.000000	320.000000
0	26.750000	13.913043	240.000000	320.000000
0	26.796000	13.913043	240.000000	320.000000
0	26.828000	13.913043	240.000000	320.000000
0	26.859000	13.913043	240.000000	320.000000
0	26.890000	13.913043	240.000000	320.000000
0	26.921000	13.913043	240.000000	320.000000
0	26.952000	13.913043	240.000000	320.000000
0	26.984000	13.913043	240.000000	320.000000
0	27.030000	13.913043	240.000000	320.000000
0	27.062000	13.913043	240.000000	320.000000
0	27.093000	13.913043	240.000000	320.000000
0	27.124000	13.913043	240.000000	320.000000
0	27.155000	13.913043	240.000000	320.000000
0	27.186000	13.913043	240.000000	320.000000
0	27.218000	13.913043	240.000000	320.000000
0	27.264000	13.913043	240.000000	320.000000
0	27.296000	13.913043	240.000000	320.000000
0	27.327000	13.913043	240.000000	320.000000
0	27.358000	13.913043	240.000000	320.000000
0	27.389000	13.913043	240.000000	320.000000
0	27.420000	13.913043	240.000000	320.000000
0	27.452000	13.913043	240.000000	320.000000
0	27.483000	13.913043	240.000000	320.000000
0	27.530000	13.913043	240.000000	320.000000
0	27.561000	13.913043	240.000000	320.000000
0	27.592000	13.913043	240.000000	320.000000
0	27.623000	13.913043	240.000000	320.000000
0	27.654000	13.913043	240.000000	320.000000
0	27.686000	13.913043	240.000000	320.000000
0	27.717000	13.913043	240.000000	320.000000
0	27.764000	13.913043	240.000000	320.000000
0	27.795000	13.913043	240.000000	320.000000
0	27.826000	13.913043	240.000000	320.000000
0	27.857000	13.913043	240.000000	320.000000
0	27.888000	13.913043	240.000000	320.000000
0	27.920000	13.913043	240.000000	320.000000
0	27.951000	13.913043	240.000000	320.000000
0	27.998000	13.913043	240.000000	320.000000
0	28.029000	13.913043	240.000000	320.000000
0	28.060000	13.913043	240.000000	320.000000
0	28.091000	13.913043	240.000000	320.000000
0	28.122000	13.913043	240.000000	320.000000
0	28.154000	13.913043	240.000000	320.000000
0	28.185000	13.913043	240.000000	320.000000
0	28.216000	13.913043	240.000000	320.000000
0	28.263000	13.913043	240.000000	320.000000
0	28.294000	13.913043	240.000000	320.000000
0	28.325000	13.913043	240.000000	320.000000
0	28.356000	13.913043	240.000000	320.000000
0	28.388000	13.913043	240.000000	320.000000
0	28.419000	13.913043	240.000000	320.000000
0	28.450000	13.913043	240.000000	320.000000
0	28.497000	13.913043	240.000000	320.000000
0	28.528000	13.913043	240.000000	320.000000
0	28.559000	13.913043	240.000000	320.000000
0	28.590000	13.913043	240.000000	320.000000
0	28.622000	13.913043	240.000000	320.000000
0	28.653000	13.913043	240.000000	320.000000
0	28.684000	13.913043	240.000000	320.000000
0	28.731000	13.913043	240.000000	320.000000
0	28.762000	13.913043	240.000000	320.000000
0	28.793000	13.913043	240.000000	320.000000
0	28.824000	13.913043	240.000000	320.000000
0	28.856000	13.913043	240.000000	320.000000
0	28.887000	13.913043	240.000000	320.000000
0	28.918000	13.913043	240.000000	320.000000
0	28.949000	13.913043	240.000000	320.000000
0	28.996000	13.913043	240.000000	320.000000
0	29.027000	13.913043	240.000000	320.000000
0	29.058000	13.913043	240.000000	320.000000
0	29.090000	13.913043	240.000000	320.000000
0	29.121000	13.913043	240.000000	320.000000
0	29.152000	13.913043	240.000000	320.000000
0	29.183000	13.913043	240.000000	320.000000
0	29.230000	13.913043	240.000000	320.000000
0	29.261000	13.913043	240.000000	320.000000
0	29.292000	13.913043	240.000000	320.000000
0	29.324000	13.913043	240.000000	320.000000
0	29.355000	13.913043	240.000000	320.000000
0	29.386000	13.913043	240.000000	320.000000
0	29.417000	13.913043	240.000000	320.000000
0	29.448000	13.913043	240.000000	320.000000
0	29.495000	13.913043	240.000000	320.000000
0	29.526000	13.913043	240.000000	320.000000
0	29.558000	13.913043	240.000000	320.000000
0	29.589000	13.913043	240.000000	320.000000
0	29.620000	13.913043	240.000000	320.000000
0	29.651000	13.913043	240.000000	320.000000
0	29.682000	13.913043	240.000000	320.000000
0	29.729000	13.913043	240.000000	320.000000
0	29.760000	13.913043	240.000000	320.000000
0	29.792000	13.913043	240.000000	320.000000
0	29.823000	13.913043	240.000000	320.000000
0	29.854000	13.913043	240.000000	320.000000
0	29.885000	13.913043	240.000000	320.000000
0	29.916000	13.913043	240.000000	320.000000
0	29.948000	13.913043	240.000000	320.000000
<\LEFT-PUPIL-DATA>
<RIGHT-PUPIL-ANALYSIS>
1
0	0	17	902	0	0	0.509000	29.518000	0.508000	4.006067	0.000000	0.000000	0.000000	0	3	3	3	3	0	0	0	0.000000	0.000000	0.000000	0.000000	0.000000	0.000000	0.000000	-1.000000	0.000000	1	1.409130	0.870072	1.559544	0.594565	0.205000	-0.556879	-1.392238	-1.000000	0.123097	1	1.409130	0.870072	1.559544	0.594565	0.205000	-0.595239	-1.392237	-1.000000	0.098717
<\RIGHT-PUPIL-ANALYSIS>
<LEFT-PUPIL-ANALYSIS>
1
0	0	17	901	0	0	0.509000	29.518000	0.508000	4.006067	0.000000	0.000000	0.000000	0	3	3	3	3	0	0	0	0.000000	0.000000	0.000000	0.000000	0.000000	0.000000	0.000000	-1.000000	0.000000	0	-0.034783	-0.034783	0.000950	0.000950	0.001000	0.000000	0.000000	-1.000000	0.000000	1	-0.034783	-0.034783	0.000950	0.000950	0.001000	-1000000.000000	-1000000.000000	-1.000000	0.000000
<\LEFT-PUPIL-ANALYSIS>
%%%%%%%%%
%%%%%%%%%
%%%%%%%%%
%%%	Measurement Tiime is: 2017-10-31 12:56:06
%%%	Subject ID is: C57BL6-28.09.17-DA-1mois-F3-0.6b
%%%	Note: 
%%%	RSS: Default Human Relative Spectral Sensitivity
%%%	Pupil Analysis:
%%%
%%%
%%%
%%%	Pulse Index:	0
%%%	Stimulus Session Index:	0
%%%	Right Pupil Stimulated
%%%	Light Metric is Photopic
%%%	Stimulus Start Time(sec):	0.51
%%%	Stimulus Duration(sec):	29.52
%%%	Stimulus Pulse Duration(sec):	0.51
%%%	Right Pulse:	4.01	(Blue )	-	0.00	(Blue )	[Lux ]
%%%	Left Pulse:	0.00	(Blue )	-	0.00	(Blue )	[Lux ]
%%%
%%%		RIGHT	LEFT	R.Pupil Mean	L.Pupil Mean	R.Stim Mean	R.Stim Mean
%%%	INPUT:	RAW DATA	RAW DATA
%%%	STATE:	ABNORMAL	ABNORMAL	ABNORMAL	ABNORMAL	ABNORMAL	ABNORMAL
%%%	MAX(mm):	0.00	0.00	0.00	0.00	0.00	0.00
%%%	MIN(mm):	0.00	0.00	0.00	0.00	0.00	0.00
%%%	DELTA(mm):						
%%%	CH(%):						
%%%	LAT(sec):	0.00	0.00	0.00	0.00	0.00	0.00
%%%	CV(mm/s):	0.00	0.00	0.00	0.00	0.00	0.00
%%%	MCV(mm/s):	0.00	0.00	0.00	0.00	0.00	0.00
%%%	DV(mm/s):	0.00	0.00	0.00	0.00	0.00	0.00
%%%%%%%%%
%%%%%%%%%
%%%%%%%%%
%%%	Right Pupil Profile (1st row -> 1 == valid tracking, 0 == invalid tracking; 2nd row -> time; 3rd row -> diameter (mm))
%%%	1	0	1	1	1	1	1	1	1	1	1	1	1	1	1	1	1	1	1	1	1	1	1	1	1	1	1	1	1	1	1	1	1	1	1	0	1	1	1	1	1	1	1	0	1	0	1	1	1	0	1	1	1	1	1	1	1	1	1	1	1	1	1	1	1	1	1	0	1	0	1	1	1	0	1	1	1	1	0	1	1	1	1	1	1	1	1	1	1	1	1	0	0	1	0	0	0	0	1	0	1	1	0	1	1	1	1	1	1	1	1	1	1	1	1	1	1	1	1	1	1	1	1	0	1	0	0	1	0	1	1	1	1	0	1	1	1	1	1	1	1	1	1	0	0	1	1	1	1	0	0	1	1	0	1	1	1	1	1	0	0	1	0	1	0	0	0	0	0	1	1	1	0	0	1	1	1	1	1	0	0	1	1	1	1	0	0	0	1	1	1	1	1	1	0	0	0	0	1	0	0	0	1	1	0	0	0	0	0	0	0	0	0	1	1	0	0	1	0	1	0	0	0	1	0	0	0	1	0	1	0	0	0	0	0	0	1	0	1	0	0	0	0	0	0	0	0	0	1	0	0	0	0	0	0	1	0	1	1	0	0	0	0	0	0	0	0	0	0	1	0	0	1	0	0	0	0	0	0	0	0	0	0	0	0	0	0	0	0	1	1	1	1	1	1	0	1	1	0	0	1	0	1	1	1	0	1	1	1	1	1	1	1	1	0	1	1	1	1	1	1	1	1	0	1	1	1	0	1	1	0	0	1	1	0	1	1	1	0	1	0	1	1	1	1	1	1	1	1	1	1	1	1	1	1	1	0	0	1	1	0	1	1	0	1	1	0	1	1	1	1	0	0	1	1	1	1	1	0	1	1	1	1	1	1	0	1	1	1	1	1	1	1	1	1	1	0	0	1	1	0	0	1	0	1	1	1	1	1	1	0	1	1	0	1	0	1	1	1	1	1	1	1	1	1	1	1	1	1	1	1	1	1	1	0	1	1	0	1	1	1	1	1	1	1	0	1	1	1	1	1	1	1	1	1	1	1	1	1	1	1	1	1	1	1	1	1	1	1	1	1	1	1	1	1	1	1	1	1	1	1	1	1	1	0	1	1	1	1	1	1	1	1	1	1	1	1	1	1	1	1	1	1	1	1	1	1	1	1	1	1	1	1	1	0	1	1	1	1	1	1	1	1	1	1	1	1	1	1	1	1	1	0	1	1	1	1	1	1	1	1	1	1	1	1	1	1	0	1	1	1	1	1	1	1	1	1	1	1	1	1	1	1	1	1	1	1	1	0	1	1	0	1	1	1	1	1	1	1	1	1	1	1	0	1	1	1	1	1	0	1	1	1	1	1	1	1	1	1	0	1	1	1	1	1	1	1	1	1	1	1	1	1	1	1	1	1	1	1	1	1	1	1	0	1	1	1	1	1	1	1	1	1	1	1	1	1	1	1	1	1	1	1	1	1	1	1	1	1	1	1	1	1	1	1	1	1	1	1	1	1	1	1	1	1	1	1	1	1	1	1	1	1	1	1	1	1	1	1	1	1	1	1	1	1	1	1	1	1	1	1	1	1	1	1	1	1	1	1	1	0	1	1	1	1	1	1	1	1	1	1	1	1	1	1	1	1	1	1	1	1	1	1	1	1	1	1	1	1	1	1	1	1	1	1	1	0	1	1	1	1	1	1	1	1	1	1	1	1	1	1	1	1	1	1	1	1	1	1	1	1	1	1	1	1	1	1	1	1	1	1	1	1	1	1	1	1	1	1	1	1	1	1	1	1	1	1	0	1	1	1	1	1	1	1	0	1	1	1	1	1	1	1	1	1	1	0	1	1	1	1	1	1	1	1	1	1	1	1	1	1	1	1	1	1	1	1	1	1	1	1	1	1	1	1	1	1	1	1	0	1	0	1	1	1	1	1	1	1	1	1	0	1	1	1	1	1	1	1	1	1	1	1	1	0	1	1	1	1	1	1	0	1	1	1	1	1	1	1	1	1	0	1	1	1	1	1	1	1	1	1	1	0	1	1	0	1	0	1	1	1	1	1
%%%	-0.051000	-0.020000	0.012000	0.043000	0.074000	0.105000	0.136000	0.168000	0.214000	0.246000	0.277000	0.308000	0.339000	0.370000	0.402000	0.433000	0.480000	0.511000	0.542000	0.573000	0.604000	0.636000	0.667000	0.714000	0.745000	0.776000	0.807000	0.838000	0.870000	0.901000	0.948000	0.979000	1.010000	1.041000	1.072000	1.104000	1.135000	1.166000	1.213000	1.244000	1.275000	1.306000	1.338000	1.369000	1.400000	1.447000	1.478000	1.509000	1.540000	1.572000	1.603000	1.634000	1.681000	1.712000	1.743000	1.774000	1.806000	1.837000	1.868000	1.899000	1.946000	1.977000	2.008000	2.040000	2.071000	2.102000	2.133000	2.180000	2.211000	2.242000	2.274000	2.305000	2.336000	2.367000	2.414000	2.445000	2.476000	2.508000	2.539000	2.570000	2.601000	2.632000	2.679000	2.710000	2.742000	2.773000	2.804000	2.835000	2.866000	2.913000	2.944000	2.976000	3.007000	3.038000	3.069000	3.100000	3.147000	3.178000	3.210000	3.241000	3.272000	3.303000	3.334000	3.366000	3.412000	3.444000	3.475000	3.506000	3.537000	3.568000	3.600000	3.646000	3.678000	3.709000	3.740000	3.771000	3.802000	3.834000	3.880000	3.912000	3.943000	3.974000	4.005000	4.036000	4.068000	4.099000	4.146000	4.177000	4.208000	4.239000	4.270000	4.302000	4.333000	4.364000	4.411000	4.442000	4.473000	4.504000	4.536000	4.567000	4.614000	4.645000	4.676000	4.707000	4.738000	4.770000	4.801000	4.832000	4.879000	4.910000	4.941000	4.972000	5.004000	5.035000	5.066000	5.097000	5.144000	5.175000	5.206000	5.238000	5.269000	5.300000	5.331000	5.378000	5.409000	5.440000	5.472000	5.503000	5.534000	5.565000	5.612000	5.643000	5.674000	5.706000	5.737000	5.768000	5.799000	5.830000	5.877000	5.908000	5.940000	5.971000	6.002000	6.033000	6.064000	6.111000	6.142000	6.174000	6.205000	6.236000	6.267000	6.298000	6.345000	6.376000	6.408000	6.439000	6.470000	6.501000	6.532000	6.564000	6.610000	6.642000	6.673000	6.704000	6.735000	6.766000	6.798000	6.844000	6.876000	6.907000	6.938000	6.969000	7.000000	7.032000	7.078000	7.110000	7.141000	7.172000	7.203000	7.234000	7.266000	7.297000	7.344000	7.375000	7.406000	7.437000	7.468000	7.500000	7.531000	7.578000	7.609000	7.640000	7.671000	7.702000	7.734000	7.765000	7.812000	7.843000	7.874000	7.905000	7.936000	7.968000	7.999000	8.030000	8.077000	8.108000	8.139000	8.170000	8.202000	8.233000	8.264000	8.311000	8.342000	8.373000	8.404000	8.436000	8.467000	8.498000	8.545000	8.576000	8.607000	8.638000	8.670000	8.701000	8.732000	8.763000	8.810000	8.841000	8.872000	8.904000	8.935000	8.966000	8.997000	9.044000	9.075000	9.106000	9.138000	9.169000	9.200000	9.231000	9.262000	9.309000	9.340000	9.372000	9.403000	9.434000	9.465000	9.496000	9.543000	9.574000	9.606000	9.637000	9.668000	9.699000	9.730000	9.762000	9.808000	9.840000	9.871000	9.902000	9.933000	9.964000	9.996000	10.042000	10.074000	10.105000	10.136000	10.167000	10.198000	10.230000	10.276000	10.308000	10.339000	10.370000	10.401000	10.432000	10.464000	10.495000	10.542000	10.573000	10.604000	10.635000	10.666000	10.698000	10.729000	10.776000	10.807000	10.838000	10.869000	10.900000	10.932000	10.963000	11.010000	11.041000	11.072000	11.103000	11.134000	11.166000	11.197000	11.228000	11.275000	11.306000	11.337000	11.368000	11.400000	11.431000	11.462000	11.509000	11.540000	11.571000	11.602000	11.634000	11.665000	11.696000	11.743000	11.774000	11.805000	11.836000	11.868000	11.899000	11.930000	11.961000	12.008000	12.039000	12.070000	12.102000	12.133000	12.164000	12.195000	12.242000	12.273000	12.304000	12.336000	12.367000	12.398000	12.429000	12.476000	12.507000	12.538000	12.570000	12.601000	12.632000	12.663000	12.694000	12.741000	12.772000	12.804000	12.835000	12.866000	12.897000	12.928000	12.975000	13.006000	13.038000	13.069000	13.100000	13.131000	13.162000	13.194000	13.240000	13.272000	13.303000	13.334000	13.365000	13.396000	13.428000	13.474000	13.506000	13.537000	13.568000	13.599000	13.630000	13.662000	13.708000	13.740000	13.771000	13.802000	13.833000	13.864000	13.896000	13.927000	13.974000	14.005000	14.036000	14.067000	14.098000	14.130000	14.161000	14.208000	14.239000	14.270000	14.301000	14.332000	14.364000	14.395000	14.442000	14.473000	14.504000	14.535000	14.566000	14.598000	14.629000	14.660000	14.707000	14.738000	14.769000	14.800000	14.832000	14.863000	14.894000	14.941000	14.972000	15.003000	15.034000	15.066000	15.097000	15.128000	15.159000	15.206000	15.237000	15.268000	15.300000	15.331000	15.362000	15.393000	15.440000	15.471000	15.502000	15.534000	15.565000	15.596000	15.627000	15.674000	15.705000	15.736000	15.768000	15.799000	15.830000	15.861000	15.892000	15.939000	15.970000	16.002000	16.033000	16.064000	16.095000	16.126000	16.173000	16.204000	16.236000	16.267000	16.298000	16.329000	16.360000	16.407000	16.438000	16.470000	16.501000	16.532000	16.563000	16.594000	16.626000	16.672000	16.704000	16.735000	16.766000	16.797000	16.828000	16.860000	16.906000	16.938000	16.969000	17.000000	17.031000	17.062000	17.094000	17.125000	17.172000	17.203000	17.234000	17.265000	17.296000	17.328000	17.359000	17.406000	17.437000	17.468000	17.499000	17.530000	17.562000	17.593000	17.640000	17.671000	17.702000	17.733000	17.764000	17.796000	17.827000	17.858000	17.905000	17.936000	17.967000	17.998000	18.030000	18.061000	18.092000	18.139000	18.170000	18.201000	18.232000	18.264000	18.295000	18.326000	18.373000	18.404000	18.435000	18.466000	18.498000	18.529000	18.560000	18.591000	18.638000	18.669000	18.700000	18.732000	18.763000	18.794000	18.825000	18.872000	18.903000	18.934000	18.966000	18.997000	19.028000	19.059000	19.106000	19.137000	19.168000	19.200000	19.231000	19.262000	19.293000	19.324000	19.371000	19.402000	19.434000	19.465000	19.496000	19.527000	19.558000	19.605000	19.636000	19.668000	19.699000	19.730000	19.761000	19.792000	19.839000	19.870000	19.902000	19.933000	19.964000	19.995000	20.026000	20.058000	20.104000	20.136000	20.167000	20.198000	20.229000	20.260000	20.292000	20.338000	20.370000	20.401000	20.432000	20.463000	20.494000	20.526000	20.557000	20.604000	20.635000	20.666000	20.697000	20.728000	20.760000	20.791000	20.838000	20.869000	20.900000	20.931000	20.962000	20.994000	21.025000	21.056000	21.103000	21.134000	21.165000	21.196000	21.228000	21.259000	21.290000	21.337000	21.368000	21.399000	21.430000	21.462000	21.493000	21.524000	21.571000	21.602000	21.633000	21.664000	21.696000	21.727000	21.758000	21.789000	21.836000	21.867000	21.898000	21.930000	21.961000	21.992000	22.023000	22.070000	22.101000	22.132000	22.164000	22.195000	22.226000	22.257000	22.304000	22.335000	22.366000	22.398000	22.429000	22.460000	22.491000	22.522000	22.569000	22.600000	22.632000	22.663000	22.694000	22.725000	22.756000	22.803000	22.834000	22.866000	22.897000	22.928000	22.959000	22.990000	23.037000	23.068000	23.100000	23.131000	23.162000	23.193000	23.224000	23.256000	23.302000	23.334000	23.365000	23.396000	23.427000	23.458000	23.490000	23.536000	23.568000	23.599000	23.630000	23.661000	23.692000	23.724000	23.770000	23.802000	23.833000	23.864000	23.895000	23.926000	23.958000	23.989000	24.036000	24.067000	24.098000	24.129000	24.160000	24.192000	24.223000	24.270000	24.301000	24.332000	24.363000	24.394000	24.426000	24.457000	24.504000	24.535000	24.566000	24.597000	24.628000	24.660000	24.691000	24.722000	24.769000	24.800000	24.831000	24.862000	24.894000	24.925000	24.956000	24.987000	25.034000	25.065000	25.096000	25.128000	25.159000	25.190000	25.221000	25.268000	25.299000	25.330000	25.362000	25.393000	25.424000	25.455000	25.502000	25.533000	25.564000	25.596000	25.627000	25.658000	25.689000	25.720000	25.767000	25.798000	25.830000	25.861000	25.892000	25.923000	25.954000	26.001000	26.032000	26.064000	26.095000	26.126000	26.157000	26.188000	26.235000	26.266000	26.298000	26.329000	26.360000	26.391000	26.422000	26.454000	26.500000	26.532000	26.563000	26.594000	26.625000	26.656000	26.688000	26.734000	26.766000	26.797000	26.828000	26.859000	26.890000	26.922000	26.968000	27.000000	27.031000	27.062000	27.093000	27.124000	27.156000	27.187000	27.234000	27.265000	27.296000	27.327000	27.358000	27.390000	27.421000	27.468000	27.499000	27.530000	27.561000	27.592000	27.624000	27.655000	27.702000	27.733000	27.764000	27.795000	27.826000	27.858000	27.889000	27.920000	27.967000	27.998000	28.029000	28.060000	28.092000	28.123000	28.154000	28.201000	28.232000	28.263000	28.294000	28.326000	28.357000	28.388000	28.435000	28.466000	28.497000	28.528000	28.560000	28.591000	28.622000	28.653000	28.700000	28.731000	28.762000	28.794000	28.825000	28.856000	28.887000	28.934000	28.965000	28.996000	29.028000	29.059000	29.090000	29.121000	29.152000	29.199000	29.230000	29.262000	29.293000	29.324000	29.355000	29.386000	29.433000	29.464000	29.496000	29.527000	29.558000	29.589000	29.620000	29.652000	29.698000	29.730000	29.761000	29.792000	29.823000	29.854000	29.886000	29.932000	29.964000	29.995000
%%%	1.391884	1.518841	1.407681	1.397246	1.381159	1.407101	1.378841	1.370725	1.367681	1.391304	1.415072	1.381159	1.378841	1.380145	1.414493	1.405942	1.356522	1.379710	1.415072	1.402899	1.407681	1.404928	1.415072	1.379420	1.366232	1.340145	1.283768	1.242899	1.222319	1.152754	1.131014	1.067971	1.044058	1.025507	1.014493	1.055072	0.962319	0.931884	0.914058	0.869565	0.881449	0.916377	1.194638	0.954928	0.878406	1.031884	0.883623	0.870580	0.881449	1.042754	0.869565	0.869565	0.907246	0.869565	0.909275	0.989710	0.965362	0.921739	0.927536	0.913188	0.948406	0.962319	0.992464	0.927536	0.947246	0.931594	0.932029	1.064203	0.962319	1.025942	0.959275	0.939130	0.942754	1.031594	0.972899	0.939130	1.008696	0.965652	1.055072	0.982609	0.972899	0.969420	0.990725	0.987536	0.971449	0.950580	0.954203	0.970725	1.018551	0.957681	0.978116	1.034203	0.962319	0.954928	0.915942	0.869565	0.978261	1.228985	0.967971	1.167246	0.968406	0.966812	1.044058	0.955362	0.955362	0.996232	0.982029	0.970725	1.008696	1.008551	1.008116	1.012029	1.018985	1.006377	1.043478	0.962319	1.031884	0.974058	0.939130	1.024928	0.986377	0.972754	1.005797	1.215942	0.962319	1.133478	1.055072	0.990145	1.117971	1.006377	1.017391	1.007102	0.973333	1.488116	1.012029	1.005797	0.977681	1.015797	1.017246	1.014493	0.962319	0.999421	1.014058	1.406377	1.257536	1.114058	0.994493	1.010580	1.020725	1.149275	0.962319	1.007536	1.101449	1.212029	1.014058	1.114058	1.042029	1.006957	1.033768	0.991884	1.042029	1.026232	1.250580	1.043333	1.104928	1.103333	1.240580	1.534638	1.484203	0.968985	1.016377	1.042754	1.424493	1.424493	1.078841	1.036667	1.044058	1.505362	1.044058	1.640290	1.333333	1.008551	1.046232	1.060870	1.055072	1.518841	1.567971	1.394493	1.099420	1.094058	1.060870	1.049710	0.999420	1.047246	1.704348	1.309710	1.452029	1.459855	1.051159	1.566377	1.272319	1.407681	1.081594	1.078261	1.356522	1.440725	1.221015	1.418406	1.538840	1.547392	1.457681	1.473333	1.585797	1.475073	1.442899	1.173768	1.634783	1.053188	1.240580	1.048406	1.426087	1.240580	1.539710	1.062029	1.542029	1.423623	1.478985	1.061449	1.373913	1.460870	1.478985	1.423768	1.257536	1.769420	1.631595	1.449275	1.451594	1.721159	1.060870	1.252174	1.255362	1.451160	1.217391	1.457971	1.566377	1.460870	1.452174	1.220580	1.078261	1.529420	1.378841	1.270290	1.588406	1.574493	1.416812	1.080725	1.194203	1.101739	1.078261	1.982609	1.098841	1.478261	1.368116	1.290291	1.137102	1.518841	1.547826	1.565942	1.553768	1.107971	1.568550	1.568986	1.583623	1.453188	1.525942	1.553333	1.577681	1.581884	1.711449	1.518841	1.705362	1.601594	1.518841	1.629420	1.518841	1.477101	1.472464	1.250580	1.520580	1.182609	1.152029	1.159420	1.147826	1.137536	1.159420	1.344058	1.150725	1.187682	1.388551	1.336667	1.116812	1.333333	1.137681	1.133333	1.133188	1.162029	1.113043	1.122754	1.117971	1.091884	1.130725	1.120725	1.062029	1.078261	1.153188	1.095652	1.136232	1.122464	1.147826	1.127246	1.179275	1.121739	1.121159	1.110145	1.147826	1.168116	1.147826	1.090725	1.149855	1.135362	1.378841	1.042898	1.147826	1.224927	1.124638	1.133188	1.190145	1.081449	1.194638	1.123333	1.075362	1.146232	1.168841	1.065797	1.146232	1.133333	1.147826	1.155507	1.146812	1.124638	1.150580	1.160725	1.163188	1.159420	1.136232	1.159420	1.043478	1.112464	1.097246	1.147826	1.124783	1.167971	1.081594	1.002899	1.079855	1.136377	1.109275	1.114203	1.117971	1.120145	1.118551	1.062029	1.181014	1.165362	1.089855	1.149855	1.142464	1.142029	1.124638	1.171159	1.157101	1.159420	1.124638	1.100725	1.024493	1.426087	1.133333	1.105507	1.081594	1.089855	1.101159	1.090725	1.123333	1.147826	1.079855	1.083188	1.008116	1.007536	1.137536	1.089710	1.125073	1.048841	1.094493	1.068116	1.094203	1.141449	1.097246	1.084058	1.138406	1.101449	1.031884	1.114203	1.138116	1.043478	1.147826	1.089855	1.118406	1.124638	1.171015	1.109855	1.147681	1.117971	1.120145	1.171449	1.164493	1.137536	1.147681	1.147826	1.173768	1.151014	1.119420	1.164058	1.161884	1.185797	1.519710	1.525507	1.171015	1.444058	1.177681	1.147826	1.124638	1.176812	1.147826	1.168116	1.178406	1.434058	1.173768	1.124638	1.159420	1.147826	1.168116	1.132754	1.146812	1.146377	1.135362	1.113043	1.171015	1.166377	1.138406	1.152319	1.140725	1.173768	1.147826	1.146232	1.108551	1.130290	1.126812	1.113043	1.066667	1.147826	1.078261	1.114058	1.044058	1.083623	1.135942	1.103623	1.118841	1.096812	1.120145	1.114058	1.116812	0.990290	1.120725	1.062029	1.098406	1.105507	1.136232	1.069421	1.119276	1.134638	1.129420	1.120145	1.126812	1.124058	1.122319	1.116812	1.131594	1.143623	1.154203	1.130290	1.155507	1.132754	1.078261	1.140145	1.132754	1.147826	1.144058	1.143623	1.150580	1.114203	1.131594	1.133333	1.105507	1.113623	0.962319	1.128116	1.139130	1.104348	1.118406	1.044783	1.115072	1.114638	1.094493	1.123333	1.078261	1.113043	1.147826	1.120580	1.117246	1.149275	1.095072	1.100725	1.437971	1.078261	1.113043	1.150580	1.102899	1.127246	1.104928	1.113043	1.115362	1.068116	1.113623	1.096812	1.105362	1.078261	1.118406	1.333333	1.147826	1.060870	1.104928	1.111449	1.131014	1.124638	1.147826	1.099855	1.095652	1.043333	1.100725	1.099275	1.078841	1.095652	1.117971	1.109855	1.101449	1.079420	1.078261	1.099420	1.434928	1.078261	1.098406	1.333333	1.120145	1.078261	1.113623	1.159420	1.114638	1.136232	1.148406	1.142029	1.139130	1.149855	1.147971	1.095798	1.136232	1.118406	1.152464	1.150725	1.137101	1.078261	1.084058	1.122754	1.158985	1.068841	1.121739	1.118986	1.147826	1.113623	1.117971	1.078261	1.126667	1.122319	1.131014	1.139855	1.133333	1.136812	1.159420	1.151884	1.165797	1.131594	1.141594	1.171015	1.147826	1.138551	1.133768	1.133333	1.077101	1.113623	1.147826	1.118551	1.147826	1.170725	1.137681	1.484058	1.131449	1.151160	1.116377	1.133333	1.136232	1.113768	1.120145	1.147826	1.117971	1.090725	1.146812	1.138551	1.137536	1.147826	1.147826	1.146812	1.159275	1.132029	1.124638	1.177681	1.161449	1.165362	1.204348	1.153044	1.124638	1.176667	1.160290	1.240580	1.181014	1.202319	1.221159	1.203333	1.194203	1.204928	1.200580	1.185362	1.187101	1.187681	1.155942	1.182609	1.211884	1.212029	1.164638	1.240580	1.181884	1.190290	1.167971	1.211884	1.217391	1.192319	1.169420	1.185942	1.161884	1.194638	1.190145	1.187971	1.221884	1.221739	1.212029	1.188116	1.173913	1.184203	1.205942	1.147826	1.187971	1.163623	1.141884	1.158116	1.146667	1.159710	1.134928	1.165362	1.151594	1.141449	1.152609	1.208116	1.147826	1.145072	1.154203	1.151014	1.141449	1.131884	1.132754	1.139130	1.139130	1.078261	1.155362	1.118551	1.151594	1.096812	1.085797	1.121159	1.109855	1.109275	1.113623	1.132029	1.139420	1.099275	1.061884	1.118841	1.138116	1.122754	1.157101	1.139130	1.116956	1.113043	1.118551	1.101449	1.122754	1.099566	1.114203	1.104928	1.426087	1.121159	1.079420	1.097246	1.081449	1.101449	1.096667	1.044058	1.095507	1.078261	1.083768	1.079275	1.105507	1.062029	1.090290	1.081159	1.097246	1.078841	1.124638	1.080435	1.113043	1.100725	1.078841	1.133188	1.113043	1.113623	1.096232	1.109275	1.114638	1.146232	1.133623	1.118551	1.108551	1.082754	1.070725	1.040580	1.033623	1.062029	1.096812	1.077681	1.057102	1.078261	1.079855	1.070145	1.044638	1.094927	1.066667	1.101449	1.098985	1.080290	1.060290	1.055072	1.057102	1.078841	1.078841	1.088116	1.101449	1.081594	1.078261	1.402899	1.076667	1.082754	1.078261	1.066667	1.088116	1.082464	1.089710	1.079275	1.066667	1.079420	0.962319	1.092898	1.067536	1.077246	1.093333	1.081594	1.111014	1.081449	1.066812	1.078841	1.065797	1.066232	1.066667	1.066232	1.078261	1.087536	1.095072	1.101449	1.042754	1.062464	1.061449	1.020725	1.063623	1.056377	1.007536	1.079420	1.027246	1.044058	1.027101	1.047101	1.038406	1.050145	1.019855	0.962319	1.052899	1.256667	1.062029	1.043333	1.053768	1.060725	1.062464	1.043333	1.062029	1.078261	1.070725	0.962319	1.065072	1.051159	1.070725	1.055072	1.066667	1.045073	1.026087	1.044058	1.044058	1.048985	1.035942	1.043623	0.962319	1.051015	1.043478	1.016812	1.044058	1.059855	1.044058	1.055072	1.043333	1.044058	1.052754	1.078841	1.043333	1.043478	1.040580	1.023333	1.003188	0.962319	1.035507	1.008116	1.038406	1.008696	1.017391	1.044058	1.007681	1.016377	1.008696	1.013623	1.226087	1.044058	1.019710	0.999420	1.079420	1.055072	1.029855	1.044058	1.066667	1.043333	1.043333
%%%	Left Pupil Profile (1st row -> 1 == valid tracking, 0 == invalid tracking; 2nd row -> time; 3rd row -> diameter (mm))
%%%	0	0	0	0	0	0	0	0	0	0	0	0	0	0	0	0	0	0	0	0	0	0	0	0	0	0	0	0	0	0	0	0	0	0	0	0	0	0	0	0	0	0	0	0	0	0	0	0	0	0	0	0	0	0	0	0	0	0	0	0	0	0	0	0	0	0	0	0	0	0	0	0	0	0	0	0	0	0	0	0	0	0	0	0	0	0	0	0	0	0	0	0	0	0	0	0	0	0	0	0	0	0	0	0	0	0	0	0	0	0	0	0	0	0	0	0	0	0	0	0	0	0	0	0	0	0	0	0	0	0	0	0	0	0	0	0	0	0	0	0	0	0	0	0	0	0	0	0	0	0	0	0	0	0	0	0	0	0	0	0	0	0	0	0	0	0	0	0	0	0	0	0	0	0	0	0	0	0	0	0	0	0	0	0	0	0	0	0	0	0	0	0	0	0	0	0	0	0	0	0	0	0	0	0	0	0	0	0	0	0	0	0	0	0	0	0	0	0	0	0	0	0	0	0	0	0	0	0	0	0	0	0	0	0	0	0	0	0	0	0	0	0	0	0	0	0	0	0	0	0	0	0	0	0	0	0	0	0	0	0	0	0	0	0	0	0	0	0	0	0	0	0	0	0	0	0	0	0	0	0	0	0	0	0	0	0	0	0	0	0	0	0	0	0	0	0	0	0	0	0	0	0	0	0	0	0	0	0	0	0	0	0	0	0	0	0	0	0	0	0	0	0	0	0	0	0	0	0	0	0	0	0	0	0	0	0	0	0	0	0	0	0	0	0	0	0	0	0	0	0	0	0	0	0	0	0	0	0	0	0	0	0	0	0	0	0	0	0	0	0	0	0	0	0	0	0	0	0	0	0	0	0	0	0	0	0	0	0	0	0	0	0	0	0	0	0	0	0	0	0	0	0	0	0	0	0	0	0	0	0	0	0	0	0	0	0	0	0	0	0	0	0	0	0	0	0	0	0	0	0	0	0	0	0	0	0	0	0	0	0	0	0	0	0	0	0	0	0	0	0	0	0	0	0	0	0	0	0	0	0	0	0	0	0	0	0	0	0	0	0	0	0	0	0	0	0	0	0	0	0	0	0	0	0	0	0	0	0	0	0	0	0	0	0	0	0	0	0	0	0	0	0	0	0	0	0	0	0	0	0	0	0	0	0	0	0	0	0	0	0	0	0	0	0	0	0	0	0	0	0	0	0	0	0	0	0	0	0	0	0	0	0	0	0	0	0	0	0	0	0	0	0	0	0	0	0	0	0	0	0	0	0	0	0	0	0	0	0	0	0	0	0	0	0	0	0	0	0	0	0	0	0	0	0	0	0	0	0	0	0	0	0	0	0	0	0	0	0	0	0	0	0	0	0	0	0	0	0	0	0	0	0	0	0	0	0	0	0	0	0	0	0	0	0	0	0	0	0	0	0	0	0	0	0	0	0	0	0	0	0	0	0	0	0	0	0	0	0	0	0	0	0	0	0	0	0	0	0	0	0	0	0	0	0	0	0	0	0	0	0	0	0	0	0	0	0	0	0	0	0	0	0	0	0	0	0	0	0	0	0	0	0	0	0	0	0	0	0	0	0	0	0	0	0	0	0	0	0	0	0	0	0	0	0	0	0	0	0	0	0	0	0	0	0	0	0	0	0	0	0	0	0	0	0	0	0	0	0	0	0	0	0	0	0	0	0	0	0	0	0	0	0	0	0	0	0	0	0	0	0	0	0	0	0	0	0	0	0	0	0	0	0	0	0	0	0	0	0	0	0	0	0	0	0	0	0	0	0	0	0	0	0	0	0	0	0	0	0	0	0	0	0	0	0	0	0	0	0	0	0	0	0	0	0	0	0	0	0	0	0	0	0	0	0	0	0	0	0	0	0	0	0	0	0	0	0	0	0	0	0	0	0	0	0	0	0	0	0	0	0	0	0	0	0	0	0	0	0	0	0	0	0	0	0	0	0	0	0	0	0	0	0	0	0	0	0	0	0	0	0	0	0	0	0	0	0	0	0	0	0	0	0	0	0	0	0	0	0	0	0	0	0
%%%	-0.067000	-0.036000	0.011000	0.042000	0.074000	0.105000	0.136000	0.167000	0.198000	0.245000	0.276000	0.308000	0.339000	0.370000	0.401000	0.432000	0.464000	0.510000	0.542000	0.573000	0.604000	0.635000	0.666000	0.698000	0.744000	0.776000	0.807000	0.838000	0.869000	0.900000	0.932000	0.978000	1.010000	1.041000	1.072000	1.103000	1.134000	1.166000	1.197000	1.244000	1.275000	1.306000	1.337000	1.368000	1.400000	1.431000	1.462000	1.509000	1.540000	1.571000	1.602000	1.634000	1.665000	1.696000	1.743000	1.774000	1.805000	1.836000	1.868000	1.899000	1.930000	1.977000	2.008000	2.039000	2.070000	2.102000	2.133000	2.164000	2.195000	2.242000	2.273000	2.304000	2.336000	2.367000	2.398000	2.429000	2.476000	2.507000	2.538000	2.570000	2.601000	2.632000	2.663000	2.710000	2.741000	2.772000	2.804000	2.835000	2.866000	2.897000	2.928000	2.975000	3.006000	3.038000	3.069000	3.100000	3.131000	3.162000	3.209000	3.240000	3.272000	3.303000	3.334000	3.365000	3.396000	3.443000	3.474000	3.506000	3.537000	3.568000	3.599000	3.630000	3.662000	3.708000	3.740000	3.771000	3.802000	3.833000	3.864000	3.896000	3.942000	3.974000	4.005000	4.036000	4.067000	4.098000	4.130000	4.176000	4.208000	4.239000	4.270000	4.301000	4.332000	4.364000	4.395000	4.442000	4.473000	4.504000	4.535000	4.566000	4.598000	4.629000	4.676000	4.707000	4.738000	4.769000	4.800000	4.832000	4.863000	4.910000	4.941000	4.972000	5.003000	5.034000	5.066000	5.097000	5.128000	5.175000	5.206000	5.237000	5.268000	5.300000	5.331000	5.362000	5.409000	5.440000	5.471000	5.502000	5.534000	5.565000	5.596000	5.627000	5.674000	5.705000	5.736000	5.768000	5.799000	5.830000	5.861000	5.908000	5.939000	5.970000	6.002000	6.033000	6.064000	6.095000	6.126000	6.173000	6.204000	6.236000	6.267000	6.298000	6.329000	6.360000	6.407000	6.438000	6.470000	6.501000	6.532000	6.563000	6.594000	6.641000	6.672000	6.704000	6.735000	6.766000	6.797000	6.828000	6.860000	6.906000	6.938000	6.969000	7.000000	7.031000	7.062000	7.094000	7.140000	7.172000	7.203000	7.234000	7.265000	7.296000	7.328000	7.374000	7.406000	7.437000	7.468000	7.499000	7.530000	7.562000	7.593000	7.640000	7.671000	7.702000	7.733000	7.764000	7.796000	7.827000	7.874000	7.905000	7.936000	7.967000	7.998000	8.030000	8.061000	8.108000	8.139000	8.170000	8.201000	8.232000	8.264000	8.295000	8.326000	8.373000	8.404000	8.435000	8.466000	8.498000	8.529000	8.560000	8.607000	8.638000	8.669000	8.700000	8.732000	8.763000	8.794000	8.841000	8.872000	8.903000	8.934000	8.966000	8.997000	9.028000	9.059000	9.106000	9.137000	9.168000	9.200000	9.231000	9.262000	9.293000	9.340000	9.371000	9.402000	9.434000	9.465000	9.496000	9.527000	9.558000	9.605000	9.636000	9.668000	9.699000	9.730000	9.761000	9.792000	9.839000	9.870000	9.902000	9.933000	9.964000	9.995000	10.026000	10.073000	10.104000	10.136000	10.167000	10.198000	10.229000	10.260000	10.292000	10.338000	10.370000	10.401000	10.432000	10.463000	10.494000	10.526000	10.572000	10.604000	10.635000	10.666000	10.697000	10.728000	10.760000	10.806000	10.838000	10.869000	10.900000	10.931000	10.962000	10.994000	11.025000	11.072000	11.103000	11.134000	11.165000	11.196000	11.228000	11.259000	11.306000	11.337000	11.368000	11.399000	11.430000	11.462000	11.493000	11.524000	11.571000	11.602000	11.633000	11.664000	11.696000	11.727000	11.758000	11.805000	11.836000	11.867000	11.898000	11.930000	11.961000	11.992000	12.039000	12.070000	12.101000	12.132000	12.164000	12.195000	12.226000	12.257000	12.304000	12.335000	12.366000	12.398000	12.429000	12.460000	12.491000	12.538000	12.569000	12.600000	12.632000	12.663000	12.694000	12.725000	12.772000	12.803000	12.834000	12.866000	12.897000	12.928000	12.959000	12.990000	13.037000	13.068000	13.100000	13.131000	13.162000	13.193000	13.224000	13.271000	13.302000	13.334000	13.365000	13.396000	13.427000	13.458000	13.490000	13.536000	13.568000	13.599000	13.630000	13.661000	13.692000	13.724000	13.770000	13.802000	13.833000	13.864000	13.895000	13.926000	13.958000	14.004000	14.036000	14.067000	14.098000	14.129000	14.160000	14.192000	14.223000	14.270000	14.301000	14.332000	14.363000	14.394000	14.426000	14.457000	14.504000	14.535000	14.566000	14.597000	14.628000	14.660000	14.691000	14.738000	14.769000	14.800000	14.831000	14.862000	14.894000	14.925000	14.956000	15.003000	15.034000	15.065000	15.096000	15.128000	15.159000	15.190000	15.237000	15.268000	15.299000	15.330000	15.362000	15.393000	15.424000	15.471000	15.502000	15.533000	15.564000	15.596000	15.627000	15.658000	15.689000	15.736000	15.767000	15.798000	15.830000	15.861000	15.892000	15.923000	15.970000	16.001000	16.032000	16.064000	16.095000	16.126000	16.157000	16.204000	16.235000	16.266000	16.298000	16.329000	16.360000	16.391000	16.422000	16.469000	16.500000	16.532000	16.563000	16.594000	16.625000	16.656000	16.703000	16.734000	16.766000	16.797000	16.828000	16.859000	16.890000	16.922000	16.968000	17.000000	17.031000	17.062000	17.093000	17.124000	17.156000	17.202000	17.234000	17.265000	17.296000	17.327000	17.358000	17.390000	17.421000	17.468000	17.499000	17.530000	17.561000	17.592000	17.624000	17.655000	17.702000	17.733000	17.764000	17.795000	17.826000	17.858000	17.889000	17.936000	17.967000	17.998000	18.029000	18.060000	18.092000	18.123000	18.154000	18.201000	18.232000	18.263000	18.294000	18.326000	18.357000	18.388000	18.435000	18.466000	18.497000	18.528000	18.560000	18.591000	18.622000	18.669000	18.700000	18.731000	18.762000	18.794000	18.825000	18.856000	18.887000	18.934000	18.965000	18.996000	19.028000	19.059000	19.090000	19.121000	19.168000	19.199000	19.230000	19.262000	19.293000	19.324000	19.355000	19.402000	19.433000	19.464000	19.496000	19.527000	19.558000	19.589000	19.620000	19.667000	19.698000	19.730000	19.761000	19.792000	19.823000	19.854000	19.901000	19.932000	19.964000	19.995000	20.026000	20.057000	20.088000	20.135000	20.166000	20.198000	20.229000	20.260000	20.291000	20.322000	20.354000	20.400000	20.432000	20.463000	20.494000	20.525000	20.556000	20.588000	20.634000	20.666000	20.697000	20.728000	20.759000	20.790000	20.822000	20.868000	20.900000	20.931000	20.962000	20.993000	21.024000	21.056000	21.087000	21.134000	21.165000	21.196000	21.227000	21.258000	21.290000	21.321000	21.352000	21.399000	21.430000	21.461000	21.492000	21.524000	21.555000	21.586000	21.633000	21.664000	21.695000	21.726000	21.758000	21.789000	21.820000	21.867000	21.898000	21.929000	21.960000	21.992000	22.023000	22.054000	22.085000	22.132000	22.163000	22.194000	22.226000	22.257000	22.288000	22.319000	22.366000	22.397000	22.428000	22.460000	22.491000	22.522000	22.553000	22.600000	22.631000	22.662000	22.694000	22.725000	22.756000	22.787000	22.818000	22.865000	22.896000	22.928000	22.959000	22.990000	23.021000	23.052000	23.099000	23.130000	23.162000	23.193000	23.224000	23.255000	23.286000	23.333000	23.364000	23.396000	23.427000	23.458000	23.489000	23.520000	23.552000	23.598000	23.630000	23.661000	23.692000	23.723000	23.754000	23.786000	23.832000	23.864000	23.895000	23.926000	23.957000	23.988000	24.020000	24.066000	24.098000	24.129000	24.160000	24.191000	24.222000	24.254000	24.285000	24.332000	24.363000	24.394000	24.425000	24.456000	24.488000	24.519000	24.566000	24.597000	24.628000	24.659000	24.690000	24.722000	24.753000	24.800000	24.831000	24.862000	24.893000	24.924000	24.956000	24.987000	25.018000	25.065000	25.096000	25.127000	25.158000	25.190000	25.221000	25.252000	25.283000	25.330000	25.361000	25.392000	25.424000	25.455000	25.486000	25.517000	25.564000	25.595000	25.626000	25.658000	25.689000	25.720000	25.751000	25.798000	25.829000	25.860000	25.892000	25.923000	25.954000	25.985000	26.016000	26.063000	26.094000	26.126000	26.157000	26.188000	26.219000	26.250000	26.297000	26.328000	26.360000	26.391000	26.422000	26.453000	26.484000	26.531000	26.562000	26.594000	26.625000	26.656000	26.687000	26.718000	26.750000	26.796000	26.828000	26.859000	26.890000	26.921000	26.952000	26.984000	27.030000	27.062000	27.093000	27.124000	27.155000	27.186000	27.218000	27.264000	27.296000	27.327000	27.358000	27.389000	27.420000	27.452000	27.483000	27.530000	27.561000	27.592000	27.623000	27.654000	27.686000	27.717000	27.764000	27.795000	27.826000	27.857000	27.888000	27.920000	27.951000	27.998000	28.029000	28.060000	28.091000	28.122000	28.154000	28.185000	28.216000	28.263000	28.294000	28.325000	28.356000	28.388000	28.419000	28.450000	28.497000	28.528000	28.559000	28.590000	28.622000	28.653000	28.684000	28.731000	28.762000	28.793000	28.824000	28.856000	28.887000	28.918000	28.949000	28.996000	29.027000	29.058000	29.090000	29.121000	29.152000	29.183000	29.230000	29.261000	29.292000	29.324000	29.355000	29.386000	29.417000	29.448000	29.495000	29.526000	29.558000	29.589000	29.620000	29.651000	29.682000	29.729000	29.760000	29.792000	29.823000	29.854000	29.885000	29.916000	29.948000
%%%	13.913043	13.913043	13.913043	13.913043	13.913043	13.913043	13.913043	13.913043	13.913043	13.913043	13.913043	13.913043	13.913043	13.913043	13.913043	13.913043	13.913043	13.913043	13.913043	13.913043	13.913043	13.913043	13.913043	13.913043	13.913043	13.913043	13.913043	13.913043	13.913043	13.913043	13.913043	13.913043	13.913043	13.913043	13.913043	13.913043	13.913043	13.913043	13.913043	13.913043	13.913043	13.913043	13.913043	13.913043	13.913043	13.913043	13.913043	13.913043	13.913043	13.913043	13.913043	13.913043	13.913043	13.913043	13.913043	13.913043	13.913043	13.913043	13.913043	13.913043	13.913043	13.913043	13.913043	13.913043	13.913043	13.913043	13.913043	13.913043	13.913043	13.913043	13.913043	13.913043	13.913043	13.913043	13.913043	13.913043	13.913043	13.913043	13.913043	13.913043	13.913043	13.913043	13.913043	13.913043	13.913043	13.913043	13.913043	13.913043	13.913043	13.913043	13.913043	13.913043	13.913043	13.913043	13.913043	13.913043	13.913043	13.913043	13.913043	13.913043	13.913043	13.913043	13.913043	13.913043	13.913043	13.913043	13.913043	13.913043	13.913043	13.913043	13.913043	13.913043	13.913043	13.913043	13.913043	13.913043	13.913043	13.913043	13.913043	13.913043	13.913043	13.913043	13.913043	13.913043	13.913043	13.913043	13.913043	13.913043	13.913043	13.913043	13.913043	13.913043	13.913043	13.913043	13.913043	13.913043	13.913043	13.913043	13.913043	13.913043	13.913043	13.913043	13.913043	13.913043	13.913043	13.913043	13.913043	13.913043	13.913043	13.913043	13.913043	13.913043	13.913043	13.913043	13.913043	13.913043	13.913043	13.913043	13.913043	13.913043	13.913043	13.913043	13.913043	13.913043	13.913043	13.913043	13.913043	13.913043	13.913043	13.913043	13.913043	13.913043	13.913043	13.913043	13.913043	13.913043	13.913043	13.913043	13.913043	13.913043	13.913043	13.913043	13.913043	13.913043	13.913043	13.913043	13.913043	13.913043	13.913043	13.913043	13.913043	13.913043	13.913043	13.913043	13.913043	13.913043	13.913043	13.913043	13.913043	13.913043	13.913043	13.913043	13.913043	13.913043	13.913043	13.913043	13.913043	13.913043	13.913043	13.913043	13.913043	13.913043	13.913043	13.913043	13.913043	13.913043	13.913043	13.913043	13.913043	13.913043	13.913043	13.913043	13.913043	13.913043	13.913043	13.913043	13.913043	13.913043	13.913043	13.913043	13.913043	13.913043	13.913043	13.913043	13.913043	13.913043	13.913043	13.913043	13.913043	13.913043	13.913043	13.913043	13.913043	13.913043	13.913043	13.913043	13.913043	13.913043	13.913043	13.913043	13.913043	13.913043	13.913043	13.913043	13.913043	13.913043	13.913043	13.913043	13.913043	13.913043	13.913043	13.913043	13.913043	13.913043	13.913043	13.913043	13.913043	13.913043	13.913043	13.913043	13.913043	13.913043	13.913043	13.913043	13.913043	13.913043	13.913043	13.913043	13.913043	13.913043	13.913043	13.913043	13.913043	13.913043	13.913043	13.913043	13.913043	13.913043	13.913043	13.913043	13.913043	13.913043	13.913043	13.913043	13.913043	13.913043	13.913043	13.913043	13.913043	13.913043	13.913043	13.913043	13.913043	13.913043	13.913043	13.913043	13.913043	13.913043	13.913043	13.913043	13.913043	13.913043	13.913043	13.913043	13.913043	13.913043	13.913043	13.913043	13.913043	13.913043	13.913043	13.913043	13.913043	13.913043	13.913043	13.913043	13.913043	13.913043	13.913043	13.913043	13.913043	13.913043	13.913043	13.913043	13.913043	13.913043	13.913043	13.913043	13.913043	13.913043	13.913043	13.913043	13.913043	13.913043	13.913043	13.913043	13.913043	13.913043	13.913043	13.913043	13.913043	13.913043	13.913043	13.913043	13.913043	13.913043	13.913043	13.913043	13.913043	13.913043	13.913043	13.913043	13.913043	13.913043	13.913043	13.913043	13.913043	13.913043	13.913043	13.913043	13.913043	13.913043	13.913043	13.913043	13.913043	13.913043	13.913043	13.913043	13.913043	13.913043	13.913043	13.913043	13.913043	13.913043	13.913043	13.913043	13.913043	13.913043	13.913043	13.913043	13.913043	13.913043	13.913043	13.913043	13.913043	13.913043	13.913043	13.913043	13.913043	13.913043	13.913043	13.913043	13.913043	13.913043	13.913043	13.913043	13.913043	13.913043	13.913043	13.913043	13.913043	13.913043	13.913043	13.913043	13.913043	13.913043	13.913043	13.913043	13.913043	13.913043	13.913043	13.913043	13.913043	13.913043	13.913043	13.913043	13.913043	13.913043	13.913043	13.913043	13.913043	13.913043	13.913043	13.913043	13.913043	13.913043	13.913043	13.913043	13.913043	13.913043	13.913043	13.913043	13.913043	13.913043	13.913043	13.913043	13.913043	13.913043	13.913043	13.913043	13.913043	13.913043	13.913043	13.913043	13.913043	13.913043	13.913043	13.913043	13.913043	13.913043	13.913043	13.913043	13.913043	13.913043	13.913043	13.913043	13.913043	13.913043	13.913043	13.913043	13.913043	13.913043	13.913043	13.913043	13.913043	13.913043	13.913043	13.913043	13.913043	13.913043	13.913043	13.913043	13.913043	13.913043	13.913043	13.913043	13.913043	13.913043	13.913043	13.913043	13.913043	13.913043	13.913043	13.913043	13.913043	13.913043	13.913043	13.913043	13.913043	13.913043	13.913043	13.913043	13.913043	13.913043	13.913043	13.913043	13.913043	13.913043	13.913043	13.913043	13.913043	13.913043	13.913043	13.913043	13.913043	13.913043	13.913043	13.913043	13.913043	13.913043	13.913043	13.913043	13.913043	13.913043	13.913043	13.913043	13.913043	13.913043	13.913043	13.913043	13.913043	13.913043	13.913043	13.913043	13.913043	13.913043	13.913043	13.913043	13.913043	13.913043	13.913043	13.913043	13.913043	13.913043	13.913043	13.913043	13.913043	13.913043	13.913043	13.913043	13.913043	13.913043	13.913043	13.913043	13.913043	13.913043	13.913043	13.913043	13.913043	13.913043	13.913043	13.913043	13.913043	13.913043	13.913043	13.913043	13.913043	13.913043	13.913043	13.913043	13.913043	13.913043	13.913043	13.913043	13.913043	13.913043	13.913043	13.913043	13.913043	13.913043	13.913043	13.913043	13.913043	13.913043	13.913043	13.913043	13.913043	13.913043	13.913043	13.913043	13.913043	13.913043	13.913043	13.913043	13.913043	13.913043	13.913043	13.913043	13.913043	13.913043	13.913043	13.913043	13.913043	13.913043	13.913043	13.913043	13.913043	13.913043	13.913043	13.913043	13.913043	13.913043	13.913043	13.913043	13.913043	13.913043	13.913043	13.913043	13.913043	13.913043	13.913043	13.913043	13.913043	13.913043	13.913043	13.913043	13.913043	13.913043	13.913043	13.913043	13.913043	13.913043	13.913043	13.913043	13.913043	13.913043	13.913043	13.913043	13.913043	13.913043	13.913043	13.913043	13.913043	13.913043	13.913043	13.913043	13.913043	13.913043	13.913043	13.913043	13.913043	13.913043	13.913043	13.913043	13.913043	13.913043	13.913043	13.913043	13.913043	13.913043	13.913043	13.913043	13.913043	13.913043	13.913043	13.913043	13.913043	13.913043	13.913043	13.913043	13.913043	13.913043	13.913043	13.913043	13.913043	13.913043	13.913043	13.913043	13.913043	13.913043	13.913043	13.913043	13.913043	13.913043	13.913043	13.913043	13.913043	13.913043	13.913043	13.913043	13.913043	13.913043	13.913043	13.913043	13.913043	13.913043	13.913043	13.913043	13.913043	13.913043	13.913043	13.913043	13.913043	13.913043	13.913043	13.913043	13.913043	13.913043	13.913043	13.913043	13.913043	13.913043	13.913043	13.913043	13.913043	13.913043	13.913043	13.913043	13.913043	13.913043	13.913043	13.913043	13.913043	13.913043	13.913043	13.913043	13.913043	13.913043	13.913043	13.913043	13.913043	13.913043	13.913043	13.913043	13.913043	13.913043	13.913043	13.913043	13.913043	13.913043	13.913043	13.913043	13.913043	13.913043	13.913043	13.913043	13.913043	13.913043	13.913043	13.913043	13.913043	13.913043	13.913043	13.913043	13.913043	13.913043	13.913043	13.913043	13.913043	13.913043	13.913043	13.913043	13.913043	13.913043	13.913043	13.913043	13.913043	13.913043	13.913043	13.913043	13.913043	13.913043	13.913043	13.913043	13.913043	13.913043	13.913043	13.913043	13.913043	13.913043	13.913043	13.913043	13.913043	13.913043	13.913043	13.913043	13.913043	13.913043	13.913043	13.913043	13.913043	13.913043	13.913043	13.913043	13.913043	13.913043	13.913043	13.913043	13.913043	13.913043	13.913043	13.913043	13.913043	13.913043	13.913043	13.913043	13.913043	13.913043	13.913043	13.913043	13.913043	13.913043	13.913043	13.913043	13.913043	13.913043	13.913043	13.913043	13.913043	13.913043	13.913043	13.913043	13.913043	13.913043	13.913043	13.913043	13.913043	13.913043	13.913043	13.913043	13.913043	13.913043	13.913043	13.913043	13.913043	13.913043	13.913043	13.913043	13.913043	13.913043	13.913043	13.913043	13.913043	13.913043	13.913043	13.913043	13.913043	13.913043	13.913043	13.913043	13.913043	13.913043	13.913043	13.913043	13.913043	13.913043	13.913043	13.913043	13.913043	13.913043	13.913043	13.913043	13.913043	13.913043	13.913043	13.913043	13.913043	13.913043	13.913043	13.913043	13.913043	13.913043	13.913043	13.913043	13.913043	13.913043	13.913043	13.913043	13.913043	13.913043	13.913043	13.913043	13.913043	13.913043	13.913043	13.913043	13.913043	13.913043	13.913043	13.913043	13.913043	13.913043	13.913043	13.913043	13.913043	13.913043	13.913043	13.913043	13.913043	13.913043	13.913043	13.913043
%%%	Pulse Index	Stimulus Section Index	Stimulus Section Start Index	Stimulus Section End Index	Pupil Stimulated: 0 = Right, 1 = Left, 2 = Both	Light Metric: 0 = Photopic, 1 = Scopotic, 2 = Radiometric	Stimulus Start Time	Stimulus Duration	Stimulus Pulse Duration	Right Pulse Max Level	Right Pulse Max Color (0123 = WRGB)	Right Pulse Min Level	Right Pulse Min Color (0123 = WRGB)	Left Pulse Max Level	Left Pulse Max Color (0123 = WRGB)	Left Pulse Min Level	Left Pulse Min Color (0123 = WRGB)	Right Data Input Type (0 == RAW DATA, 1 == FITTED DATA, 2 == M. OVERRIDED)	Right ANALYSIS STATE (0 == ABNORMAL, 1 == NORMAL)	Right MAX (mm) (EMPTY if INVALID)	Right MIN (mm) (EMPTY if INVALID)	Right DELTA (mm) (EMPTY if INVALID)	Right CH (%) (EMPTY if INVALID)	Right LAT (sec) (EMPTY if INVALID)	Right CV (mm/s) (EMPTY if INVALID)	Right MCV (mm/s) (EMPTY if INVALID)	Right DV (mm/s) (EMPTY if INVALID)	Left Data Input Type (0 == RAW DATA, 1 == FITTED DATA, 2 == M. OVERRIDED)	Left ANALYSIS STATE (0 == ABNORMAL, 1 == NORMAL)	Left MAX (mm) (EMPTY if INVALID)	Left MIN (mm) (EMPTY if INVALID)	Left DELTA (mm) (EMPTY if INVALID)	Left CH (%) (EMPTY if INVALID)	Left LAT (sec) (EMPTY if INVALID)	Left CV (mm/s) (EMPTY if INVALID)	Left MCV (mm/s) (EMPTY if INVALID)	Left DV (mm/s) (EMPTY if INVALID)
%%%	0	0	17	902	0	0	0.51	29.52	0.51	4.01	3	0.00	3	0.00	3	0.00	3	0	0	0.00	0.00			0.00	0.00	0.00	0.00	0	0	0.00	0.00			0.00	0.00	0.00	0.00
%%%%%%%%%
%%%%%%%%%
%%%%%%%%%
<\SESSION>
