<SESSION>
<VERSION>
2
<\VERSION>
<DATE>
2017-10-31 12:43:33
<\DATE>
<SUBJECT-ID>
C57BL6-28.09.17-DA-1mois-F1-2b
<\SUBJECT-ID>
<NOTE>

<\NOTE>
<MIN-MAX-PLOT>
0.100000 51880.761719
<\MIN-MAX-PLOT>
<STIMULUS-DEFINED>
Default
Default Human Relative Spectral Sensitivity
1	0
1	0.500000	0.500000	29.000000	3	3	2.000000	-100.000000	0.100000	-100.000000	0
<\STIMULUS-DEFINED>
<STIMULUS-GENERATED>
4
0	0	0.000000	3	0.000000	0.000000	3	0.000000	0.000000
0	1	0.510000	3	1.893833	100.059952	3	0.000000	0.000000
0	4	1.019000	3	0.000000	0.000000	3	0.000000	0.000000
-1	5	30.028000	0	0.000000	0.000000	0	0.000000	0.000000
<\STIMULUS-GENERATED>
<RIGHT-PUPIL-DATA>
903	1
1	-0.065000	1.061884	234.743744	185.293732
0	-0.034000	1.511741	245.631317	185.394196
1	-0.003000	1.081594	233.443756	184.556244
1	0.029000	1.089855	233.000000	184.500000
1	0.060000	1.060290	232.750000	184.750000
0	0.107000	0.916812	235.174988	180.812500
0	0.138000	1.028841	235.843750	180.218750
1	0.169000	1.064638	232.937500	183.750000
1	0.200000	1.000580	233.775024	183.187500
1	0.231000	1.084058	233.062500	185.049988
0	0.263000	0.954928	235.268738	184.281250
1	0.294000	1.087246	232.812592	184.912506
1	0.341000	1.061884	232.743744	185.806244
0	0.372000	0.950725	233.500000	184.000000
1	0.403000	1.074493	234.062500	186.375000
1	0.434000	1.061449	233.812500	185.250000
0	0.465000	0.937536	234.968750	184.593750
1	0.497000	1.092898	233.781250	186.843750
1	0.528000	1.020290	234.500000	187.000000
1	0.575000	1.051159	233.931244	187.068756
0	0.606000	0.985507	234.687500	185.937500
1	0.637000	1.035507	234.143738	187.343750
1	0.668000	1.070725	233.149994	187.899994
0	0.699000	0.984348	233.937500	187.025024
1	0.731000	1.060870	232.937500	187.812500
1	0.762000	1.050580	233.143738	188.093750
1	0.793000	1.044058	233.000000	186.500000
1	0.840000	0.998406	234.218750	187.843750
1	0.871000	1.000725	234.143738	186.843750
1	0.902000	0.979710	233.974915	186.100037
1	0.933000	0.969710	233.381256	187.068756
1	0.965000	0.951015	233.787506	186.699982
1	0.996000	0.951594	234.187500	186.187500
1	1.027000	0.881159	234.500000	187.000000
1	1.074000	0.926087	233.625000	186.625000
1	1.105000	0.885942	233.006256	186.993744
1	1.136000	0.855362	233.037506	187.712494
1	1.167000	0.840290	233.337494	187.462494
1	1.199000	0.820145	233.218750	186.781250
1	1.230000	0.840290	232.962494	186.962494
1	1.261000	0.829420	233.068756	186.318756
1	1.308000	0.742029	232.500000	187.000000
0	1.339000	0.811594	236.500000	187.000000
1	1.370000	0.796667	232.931244	187.118744
1	1.401000	0.792898	232.031250	187.156250
0	1.433000	1.467971	246.593750	189.093750
1	1.464000	0.744203	232.706238	187.231262
1	1.495000	0.756667	232.506256	186.506256
1	1.526000	0.742898	231.937500	187.687500
1	1.573000	0.759855	232.306244	186.556244
1	1.604000	0.731014	232.250000	187.500000
1	1.635000	0.742029	232.000000	186.500000
1	1.667000	0.712319	232.268738	187.268738
1	1.698000	0.708841	232.856232	186.881256
1	1.729000	0.690145	232.037506	186.924957
1	1.760000	0.690290	232.618744	186.931244
0	1.807000	0.626087	232.500000	187.000000
1	1.838000	0.690145	232.587494	186.949982
1	1.869000	0.672319	232.656250	187.468750
1	1.901000	0.673333	232.625000	187.625000
1	1.932000	0.659275	232.843750	188.156250
1	1.963000	0.652029	232.906219	188.118744
1	1.994000	0.672319	232.843750	189.331238
1	2.041000	0.650580	232.968750	188.343750
1	2.072000	0.626087	232.500000	187.000000
1	2.103000	0.670580	232.631256	189.368744
1	2.135000	0.673333	232.187500	188.687500
1	2.166000	0.626087	232.250000	188.750000
1	2.197000	0.640145	232.568756	189.618744
1	2.228000	0.602899	234.500000	189.000000
1	2.259000	0.633768	233.118744	189.556244
1	2.306000	0.618406	232.693756	190.631256
1	2.337000	0.648406	232.750000	189.687500
1	2.369000	0.626087	232.500000	191.000000
1	2.400000	0.647536	232.400085	190.012512
1	2.431000	0.643478	232.375000	190.125000
1	2.462000	0.643478	232.500000	190.500000
1	2.493000	0.632029	232.593750	189.968750
1	2.540000	0.643623	232.556244	189.993744
1	2.571000	0.642319	232.975006	188.262482
1	2.603000	0.643623	232.506256	188.006256
1	2.634000	0.637681	232.450012	189.174988
1	2.665000	0.637101	232.149994	189.149994
1	2.696000	0.628985	232.299988	189.299988
1	2.727000	0.625072	232.243744	188.756256
1	2.774000	0.645362	231.968750	189.031250
1	2.805000	0.644203	231.981262	189.531250
1	2.837000	0.636377	232.156250	189.156250
1	2.868000	0.632029	232.406250	190.081238
1	2.899000	0.648551	232.518799	188.981262
1	2.930000	0.661449	232.500000	188.500000
1	2.961000	0.647246	232.812500	189.362488
1	2.993000	0.642464	232.381256	190.493744
1	3.039000	0.626087	232.500000	191.000000
1	3.071000	0.650000	231.318756	190.368744
1	3.102000	0.626087	232.500000	191.000000
1	3.133000	0.661449	231.549988	190.750000
1	3.164000	0.662464	230.468750	191.531250
1	3.195000	0.660145	229.793762	191.718750
1	3.227000	0.642899	230.500000	191.500000
1	3.258000	0.664058	230.225006	191.774994
1	3.305000	0.648406	230.437500	191.187500
1	3.336000	0.655072	230.000000	191.000000
1	3.367000	0.675507	230.593750	191.406250
1	3.398000	0.660870	230.750000	190.750000
1	3.429000	0.642319	230.725006	191.100006
1	3.461000	0.663043	230.750000	192.250000
1	3.492000	0.664058	230.774994	190.787506
1	3.539000	0.644928	230.937500	192.012512
1	3.570000	0.641884	230.531250	191.906250
1	3.601000	0.650725	230.912476	191.674988
1	3.632000	0.626087	232.500000	191.000000
1	3.664000	0.651594	230.674988	191.362488
1	3.695000	0.626087	232.500000	191.000000
1	3.726000	0.654928	230.843750	190.906250
1	3.773000	0.672899	230.318756	190.681244
1	3.804000	0.661449	230.750000	190.500000
1	3.835000	0.666812	230.218750	190.218750
1	3.866000	0.692754	229.962494	190.937531
1	3.898000	0.684203	229.656250	190.906250
1	3.929000	0.681449	230.037506	189.824982
1	3.960000	0.692029	231.081238	190.406250
1	3.991000	0.674493	231.687500	190.362488
1	4.038000	0.666377	231.449982	190.712494
1	4.069000	0.695072	231.000000	191.375000
1	4.100000	0.666812	231.781250	192.581238
1	4.132000	0.685073	230.918762	192.068726
1	4.163000	0.707536	231.162506	191.212494
1	4.194000	0.721594	230.881256	190.318756
1	4.225000	0.681014	232.056213	190.481262
1	4.272000	0.690290	231.568756	189.068756
1	4.303000	0.705942	231.218750	188.781250
1	4.334000	0.673333	231.625000	190.312500
1	4.366000	0.690725	231.437500	188.437500
1	4.397000	0.690145	230.912506	188.587494
0	4.428000	0.718841	232.500000	187.000000
1	4.459000	0.705362	229.806244	188.193756
1	4.506000	0.689710	229.968750	187.906250
1	4.537000	0.692899	230.031250	187.943726
1	4.568000	0.707536	230.787506	187.649994
1	4.600000	0.703768	229.750000	188.250000
1	4.631000	0.700145	230.381256	187.931244
0	4.662000	1.424492	247.181335	190.231323
1	4.693000	0.690290	230.431244	186.568756
1	4.724000	0.722899	229.850006	187.024994
0	4.771000	0.718841	232.500000	187.000000
1	4.802000	0.690290	230.431244	188.068756
1	4.834000	0.681594	230.556244	189.556244
1	4.865000	0.707101	231.156250	189.843750
1	4.896000	0.707246	230.500000	189.000000
1	4.927000	0.702754	230.043762	189.843750
1	4.958000	0.707246	230.500000	190.000000
1	5.005000	0.690145	230.412506	190.949982
1	5.036000	0.707681	229.806244	190.818756
1	5.068000	0.698406	229.906250	190.718750
1	5.099000	0.688116	230.462494	190.024994
1	5.130000	0.708841	229.818756	189.818756
1	5.161000	0.690580	229.968719	189.968719
1	5.192000	0.696232	229.950012	189.000000
1	5.239000	0.718841	229.500000	188.000000
1	5.270000	0.705942	229.218750	191.156250
1	5.302000	0.716377	230.056244	190.943756
1	5.333000	0.713623	229.250000	191.875000
1	5.364000	0.716232	229.725006	191.037506
1	5.395000	0.734203	229.437500	190.549988
1	5.426000	0.713623	229.250000	192.937500
1	5.458000	0.720290	229.750000	192.375000
1	5.504000	0.695652	230.000000	191.500000
1	5.536000	0.707101	230.156250	192.218750
1	5.567000	0.718986	230.706238	191.281250
1	5.598000	0.718551	230.087494	192.912506
1	5.629000	0.709275	230.875000	193.187500
1	5.660000	0.730435	230.562500	192.687500
1	5.692000	0.707681	231.206207	192.818695
1	5.738000	0.721449	230.949951	193.650024
1	5.770000	0.708116	230.812500	194.862488
1	5.801000	0.729855	230.500000	193.500000
1	5.832000	0.695652	230.000000	194.500000
0	5.863000	0.626087	232.500000	195.000000
1	5.894000	0.710145	231.000000	194.000000
1	5.926000	0.695652	230.500000	193.000000
1	5.972000	0.690290	230.431244	194.568756
1	6.004000	0.683623	231.131256	194.506256
1	6.035000	0.690145	231.037506	194.587494
1	6.066000	0.684058	231.500000	193.000000
1	6.097000	0.682029	231.062500	194.437500
1	6.128000	0.718841	231.500000	194.000000
1	6.160000	0.718841	230.250000	194.250000
1	6.191000	0.689710	231.406250	193.906250
1	6.238000	0.718841	230.750000	193.750000
1	6.269000	0.693188	231.081238	193.643738
1	6.300000	0.704348	231.000000	193.750000
1	6.331000	0.705362	231.931244	193.181244
1	6.362000	0.699420	230.987488	192.687500
1	6.394000	0.681449	231.462494	193.824982
1	6.425000	0.714638	230.731262	193.718750
1	6.472000	0.692319	231.043732	193.943756
1	6.503000	0.722899	230.962494	193.649994
1	6.534000	0.681594	230.868683	192.568756
1	6.565000	0.687536	231.012512	192.549988
1	6.596000	0.666812	231.218750	193.781250
1	6.628000	0.677681	231.387512	193.112488
1	6.659000	0.695652	231.000000	192.500000
1	6.706000	0.690290	230.431244	192.568756
1	6.737000	0.689710	230.406250	192.406250
1	6.768000	0.689710	230.406250	191.593750
1	6.799000	0.672464	229.500000	192.000000
0	6.830000	0.626087	232.500000	191.000000
1	6.862000	0.684058	230.500000	191.000000
0	6.893000	0.626087	232.500000	191.000000
1	6.924000	0.720580	229.975006	191.024994
1	6.971000	0.707536	230.162506	190.162506
1	7.002000	0.724493	229.906250	190.906250
1	7.033000	0.712464	230.000000	190.875000
1	7.064000	0.704493	229.868744	191.381256
1	7.096000	0.707246	230.250000	191.750000
1	7.127000	0.715217	230.000000	191.125000
1	7.158000	0.672319	230.156250	192.343750
1	7.189000	0.713043	229.875000	191.875000
1	7.236000	0.707246	229.875000	192.125000
1	7.267000	0.713043	229.875000	191.375000
1	7.298000	0.704348	229.812500	192.062500
1	7.330000	0.707246	230.250000	191.750000
1	7.361000	0.705362	230.181244	191.181244
1	7.392000	0.699420	230.312500	191.687500
1	7.423000	0.707681	229.818756	190.818756
1	7.470000	0.695652	230.000000	190.500000
1	7.501000	0.696667	229.993744	191.306244
1	7.532000	0.715942	230.000000	190.000000
1	7.564000	0.713623	229.250000	189.875000
1	7.595000	0.698406	229.281250	188.093750
1	7.626000	0.701594	229.268738	188.043762
1	7.657000	0.703333	229.243744	188.868744
1	7.704000	0.691884	229.049988	188.375000
1	7.735000	0.712464	229.125000	188.125000
1	7.766000	0.718841	228.750000	188.250000
1	7.798000	0.689710	228.593750	187.956238
1	7.829000	0.690290	228.931244	188.993744
1	7.860000	0.672464	229.500000	188.000000
1	7.891000	0.710580	228.156250	188.781250
1	7.922000	0.690290	228.431244	188.431244
1	7.969000	0.711159	228.718750	186.218750
1	8.000000	0.686377	228.549988	186.562500
1	8.032000	0.699420	228.187500	187.687500
1	8.063000	0.713188	228.743744	188.743744
1	8.094000	0.702899	229.262512	189.112488
1	8.125000	0.747826	229.593750	188.468750
1	8.156000	0.716812	229.062500	190.687500
1	8.203000	0.676812	229.593750	189.468750
1	8.234000	0.722899	228.975006	189.350006
1	8.266000	0.713623	229.250000	188.062500
1	8.297000	0.690145	228.412506	187.975006
1	8.328000	0.742029	228.000000	190.500000
0	8.359000	0.626087	228.500000	191.000000
1	8.390000	0.707101	228.718750	192.218750
1	8.437000	0.698406	228.218750	193.281250
1	8.468000	0.707681	228.181244	191.818756
1	8.500000	0.716377	228.068756	192.056244
1	8.531000	0.702899	228.262512	191.887512
1	8.562000	0.690290	228.431244	190.881256
1	8.593000	0.712464	229.125000	193.125000
1	8.624000	0.709275	228.825012	194.125000
1	8.656000	0.672464	229.500000	194.000000
1	8.702000	0.709855	228.149994	193.837494
1	8.734000	0.712464	228.875000	194.125000
1	8.765000	0.708116	229.312500	193.812500
1	8.796000	0.699420	229.049988	193.687500
1	8.827000	0.707971	229.143799	194.818787
1	8.858000	0.699420	228.687500	196.437500
1	8.890000	0.695072	229.000000	196.000000
1	8.936000	0.694638	228.943756	196.368744
1	8.968000	0.697681	228.937500	195.974976
0	8.999000	0.626087	228.500000	195.000000
1	9.030000	0.707536	229.187439	195.162537
1	9.061000	0.712464	228.750000	194.875000
1	9.092000	0.626087	228.500000	195.000000
1	9.124000	0.670000	229.468750	195.643738
1	9.170000	0.721159	228.625000	195.312500
1	9.202000	0.691884	228.937500	195.987488
1	9.233000	0.712319	228.106262	193.268738
1	9.264000	0.690290	228.431244	193.568756
1	9.295000	0.690290	228.431244	194.106232
1	9.326000	0.694493	227.975006	193.524994
1	9.358000	0.707536	228.837494	193.787506
1	9.389000	0.695652	228.250000	192.750000
1	9.436000	0.720580	227.975006	192.899994
1	9.467000	0.708841	228.181366	192.231232
1	9.498000	0.695652	229.000000	192.500000
1	9.529000	0.733768	228.506256	193.443756
1	9.560000	0.718841	227.500000	192.000000
1	9.592000	0.711594	228.750000	193.750000
1	9.623000	0.672464	229.500000	192.000000
1	9.670000	0.724493	228.906250	192.906250
1	9.701000	0.711884	229.725006	194.850006
1	9.732000	0.735362	229.487488	193.062500
1	9.763000	0.696812	229.337494	192.975006
1	9.794000	0.713623	229.250000	194.937500
1	9.826000	0.718551	229.287506	194.212494
1	9.857000	0.729855	229.500000	194.937500
1	9.904000	0.707681	229.193756	195.818756
1	9.935000	0.707102	229.181305	194.206207
1	9.966000	0.672319	229.843750	195.406250
1	9.997000	0.672464	231.500000	194.000000
1	10.028000	0.718841	229.750000	193.750000
1	10.060000	0.713043	229.875000	193.875000
1	10.091000	0.718841	229.500000	192.000000
1	10.122000	0.727681	230.031250	191.531250
1	10.169000	0.707681	229.818756	192.806244
1	10.200000	0.718406	229.693756	192.681244
1	10.231000	0.729275	230.037506	191.912506
1	10.262000	0.733768	229.743744	191.256256
1	10.294000	0.703188	229.850006	192.774994
1	10.325000	0.722319	229.250000	193.000000
1	10.356000	0.711159	229.806274	192.818726
1	10.403000	0.720725	229.006256	191.993744
1	10.434000	0.718551	229.912506	192.712494
1	10.465000	0.718841	230.000000	192.500000
1	10.496000	0.718551	229.712494	192.912506
1	10.528000	0.712319	229.756256	192.868744
1	10.559000	0.652319	230.868744	193.368744
1	10.590000	0.718841	229.187500	192.062500
1	10.637000	0.713623	229.750000	192.125000
1	10.668000	0.734203	229.750000	192.187500
1	10.699000	0.707536	229.162506	192.162506
1	10.730000	0.707101	229.831238	192.206238
0	10.762000	0.692464	229.962494	192.600006
1	10.793000	0.715942	229.000000	191.750000
1	10.824000	0.718841	229.000000	192.500000
0	10.855000	1.407972	241.456421	192.768799
1	10.902000	0.672464	227.500000	192.000000
1	10.933000	0.752029	228.393768	193.631256
1	10.964000	0.742319	228.662506	193.587494
1	10.996000	0.682898	230.537567	194.799957
1	11.027000	0.707536	229.787506	195.162506
1	11.058000	0.733188	229.531250	194.468750
1	11.089000	0.720580	230.037506	195.024994
1	11.136000	0.729855	230.062500	195.125000
1	11.167000	0.716377	230.056244	195.056244
1	11.198000	0.730435	229.500000	196.000000
0	11.230000	0.672464	231.500000	194.000000
1	11.261000	0.722319	230.012512	196.000000
1	11.292000	0.744203	230.706238	196.231262
1	11.323000	0.718841	231.500000	198.000000
1	11.354000	0.757536	230.881287	196.456238
1	11.401000	0.689710	231.406250	196.593750
1	11.432000	0.736377	231.156250	197.781250
1	11.464000	0.721594	231.306335	197.018738
1	11.495000	0.707971	231.156250	197.206238
1	11.526000	0.720145	231.968750	196.968750
1	11.557000	0.716377	231.131256	197.056244
1	11.588000	0.672464	231.500000	198.000000
1	11.635000	0.718551	231.837494	197.287506
1	11.666000	0.735797	232.506256	196.243744
1	11.698000	0.733768	231.443756	196.443756
1	11.729000	0.718841	231.750000	197.750000
1	11.760000	0.712464	231.875000	198.000000
1	11.791000	0.734928	231.493744	197.431244
1	11.822000	0.749420	231.406250	198.656250
1	11.869000	0.737971	231.787506	198.524994
1	11.900000	0.722899	232.100006	197.975006
1	11.932000	0.737971	231.350006	200.350006
1	11.963000	0.734928	232.431244	199.506256
1	11.994000	0.672464	231.500000	200.000000
1	12.025000	0.745072	231.656250	200.331238
1	12.056000	0.737971	232.274994	200.475006
1	12.088000	0.744058	232.312500	200.562500
1	12.134000	0.729855	231.500000	199.875000
1	12.166000	0.731014	231.875000	200.812500
1	12.197000	0.713623	233.062500	201.875000
1	12.228000	0.744058	232.299988	200.637512
1	12.259000	0.722319	232.424988	202.000000
1	12.290000	0.741884	232.706238	200.706238
1	12.322000	0.712899	233.243744	201.093842
1	12.368000	0.708841	233.806244	203.868744
1	12.400000	0.747681	233.043701	203.343750
1	12.431000	0.737971	233.524994	203.350006
1	12.462000	0.672464	235.500000	202.000000
1	12.493000	0.765942	234.018738	200.606262
1	12.524000	0.716232	234.037506	201.662506
1	12.556000	0.734638	233.556244	200.556244
1	12.587000	0.710580	234.043701	201.781250
1	12.634000	0.719710	233.649994	200.975006
1	12.665000	0.707681	233.881256	199.181244
0	12.696000	0.718841	236.500000	199.000000
1	12.727000	0.663623	234.468750	200.781250
1	12.758000	0.717971	234.000000	200.937500
1	12.790000	0.756667	233.493744	201.493744
1	12.821000	0.685362	234.093750	200.531250
1	12.868000	0.718841	234.000000	202.500000
1	12.899000	0.752899	233.418762	201.581238
1	12.930000	0.672319	234.843750	202.156250
1	12.961000	0.727681	233.968750	202.968750
1	12.992000	0.707681	233.818756	199.818756
1	13.024000	0.705942	234.243713	200.218750
1	13.055000	0.744203	234.706238	200.706238
1	13.102000	0.731449	234.481232	200.443756
1	13.133000	0.747681	233.743744	199.743744
1	13.164000	0.744203	234.231262	199.293762
1	13.195000	0.746377	234.299988	199.262512
1	13.226000	0.733333	234.487488	199.549988
1	13.258000	0.724493	234.906250	198.093750
1	13.289000	0.758985	234.431244	198.493744
1	13.320000	0.785073	234.093750	198.906250
0	13.367000	0.718841	235.000000	199.500000
1	13.398000	0.762753	234.031250	199.468750
1	13.429000	0.761594	233.956238	198.543762
1	13.460000	0.784492	233.718811	199.268799
1	13.492000	0.753188	234.506256	200.318756
1	13.523000	0.811594	236.500000	199.000000
1	13.554000	0.747246	234.250000	199.562500
1	13.601000	0.756522	234.500000	200.500000
1	13.632000	0.753623	234.500000	199.000000
1	13.663000	0.747826	234.000000	198.500000
1	13.694000	0.765217	235.500000	198.000000
1	13.726000	0.742029	235.262512	199.512512
1	13.757000	0.774928	234.868744	198.756256
1	13.788000	0.761449	234.575012	199.500000
1	13.835000	0.787536	234.674988	200.312500
1	13.866000	0.801159	234.975006	199.975006
1	13.897000	0.774058	234.256256	198.631256
1	13.928000	0.739130	234.250000	199.250000
1	13.960000	0.805797	234.500000	200.000000
1	13.991000	0.800725	234.106262	199.731262
1	14.022000	0.777536	233.831238	199.206238
1	14.053000	0.805362	233.818756	200.606232
1	14.100000	0.779420	233.787506	200.824982
1	14.131000	0.796667	233.243744	200.118744
1	14.162000	0.829855	233.487549	202.512451
1	14.194000	0.744638	234.037506	202.337494
1	14.225000	0.787536	233.687500	203.687500
1	14.256000	0.712319	235.093750	203.268738
1	14.287000	0.812464	234.362488	204.737488
0	14.334000	0.811594	236.500000	207.000000
1	14.365000	0.814203	234.100006	204.287506
1	14.396000	0.727101	235.068756	204.056244
1	14.428000	0.796232	234.062500	205.062500
1	14.459000	0.767101	233.968750	204.668701
1	14.490000	0.792464	233.649994	205.149994
1	14.521000	0.801594	233.906250	205.968750
1	14.568000	0.773333	233.624969	205.124969
1	14.599000	0.794638	233.606232	205.068756
1	14.630000	0.759855	233.806244	204.556244
1	14.662000	0.754928	233.468750	204.593750
1	14.693000	0.786812	233.306244	203.931244
1	14.724000	0.805942	233.381195	203.806244
1	14.755000	0.792898	233.156250	203.593750
1	14.786000	0.800580	233.000000	202.487488
1	14.833000	0.800580	233.125000	202.000000
1	14.864000	0.751594	233.812500	200.437500
0	14.896000	0.695652	234.500000	201.000000
1	14.927000	0.788406	234.500000	201.000000
1	14.958000	0.735797	233.818756	200.756256
0	14.989000	0.695652	234.500000	201.000000
1	15.020000	0.820580	233.224976	202.412476
1	15.067000	0.743333	234.356232	201.681244
1	15.098000	0.831015	233.437500	202.437500
1	15.130000	0.801159	233.024994	203.225067
1	15.161000	0.813623	233.312500	204.312500
1	15.192000	0.814058	233.693756	204.306244
1	15.223000	0.805942	233.218750	204.906250
1	15.254000	0.787536	233.437500	204.687500
1	15.286000	0.788406	234.500000	205.000000
1	15.332000	0.823333	233.593750	204.593750
1	15.364000	0.814203	232.712494	203.287506
1	15.395000	0.822899	233.462494	204.037506
1	15.426000	0.811594	233.125000	204.375000
0	15.457000	0.761594	233.081238	203.543762
1	15.488000	0.718841	234.000000	203.500000
1	15.520000	0.718841	233.500000	204.000000
1	15.566000	0.695652	234.500000	203.000000
1	15.598000	0.800580	232.375000	203.000000
1	15.629000	0.814203	232.287506	201.287506
1	15.660000	0.794928	232.918762	202.031250
1	15.691000	0.841884	232.856262	201.481262
1	15.722000	0.794493	232.537506	201.912506
1	15.754000	0.718841	232.500000	203.000000
1	15.800000	0.742319	233.662506	201.337494
1	15.832000	0.791159	233.818726	203.168701
1	15.863000	0.755507	233.618744	203.618744
1	15.894000	0.695652	234.000000	202.500000
1	15.925000	0.773188	235.106262	203.143738
1	15.956000	0.766377	234.524994	202.975006
1	15.988000	0.800580	234.487488	204.000000
1	16.019000	0.783188	233.737488	203.750000
1	16.066000	0.781015	234.906250	204.843750
1	16.097000	0.795072	234.125000	205.062500
1	16.128000	0.811449	234.331238	205.843750
1	16.159000	0.829275	234.475006	205.524994
1	16.190000	0.811884	234.287506	206.237518
1	16.222000	0.742898	235.687500	203.687500
1	16.253000	0.765217	235.500000	204.000000
1	16.300000	0.782609	235.500000	207.500000
1	16.331000	0.799420	235.875000	207.062500
1	16.362000	0.790869	235.881226	206.981262
1	16.393000	0.794493	235.850006	207.100006
1	16.424000	0.765217	235.500000	206.000000
1	16.456000	0.746812	236.243744	206.256256
1	16.487000	0.756377	235.656250	207.518738
1	16.534000	0.746377	236.262512	209.262512
1	16.565000	0.789130	235.631256	210.818756
1	16.596000	0.760290	235.562500	210.437500
1	16.627000	0.747971	236.568756	210.381256
1	16.658000	0.781015	235.968750	210.718750
1	16.690000	0.799420	235.125000	209.487488
1	16.721000	0.743333	236.693756	209.556244
1	16.752000	0.794638	236.068756	209.943756
1	16.799000	0.800000	236.500000	209.000000
1	16.830000	0.764493	236.156250	208.518738
1	16.861000	0.807246	236.987488	209.812500
1	16.892000	0.724493	236.906250	208.906250
1	16.924000	0.814058	236.168732	209.706146
1	16.955000	0.744493	235.693756	208.306244
1	16.986000	0.721159	236.312500	209.000000
1	17.033000	0.792898	236.031250	208.593750
1	17.064000	0.788116	236.087494	208.699982
1	17.095000	0.814203	236.899994	209.287506
1	17.126000	0.777246	236.868744	208.868744
1	17.158000	0.742029	238.000000	207.500000
1	17.189000	0.805797	236.625000	208.875000
1	17.220000	0.707681	237.806244	208.181244
1	17.267000	0.751594	237.562500	207.437500
1	17.298000	0.733768	236.806244	207.506256
1	17.329000	0.794638	236.381256	207.693756
1	17.360000	0.810290	236.093750	209.218750
1	17.392000	0.811594	237.000000	208.500000
1	17.423000	0.744203	236.706238	207.293762
1	17.454000	0.745797	237.162506	208.287506
1	17.485000	0.813623	236.312500	208.737488
1	17.532000	0.788551	235.218750	208.656250
0	17.563000	0.718841	236.500000	211.000000
1	17.594000	0.774638	236.393738	208.356262
1	17.626000	0.742029	236.500000	207.000000
1	17.657000	0.746812	236.243744	207.693756
1	17.688000	0.811594	235.000000	207.500000
1	17.719000	0.755362	235.600006	208.712494
1	17.766000	0.812464	235.312500	209.737488
1	17.797000	0.716377	235.718719	208.056244
1	17.828000	0.801015	234.993744	208.543732
1	17.860000	0.801159	234.524994	208.975006
1	17.891000	0.788406	235.049988	209.049988
1	17.922000	0.801015	234.993744	208.543732
1	17.953000	0.814058	234.306244	208.256256
1	18.000000	0.765942	235.393738	208.531250
1	18.031000	0.799420	234.525024	209.125000
1	18.062000	0.822319	234.237488	209.424988
1	18.094000	0.813623	234.687500	209.737488
1	18.125000	0.829420	234.681244	209.068756
1	18.156000	0.810290	235.093750	209.643738
1	18.187000	0.825362	234.893738	208.893738
1	18.218000	0.747971	236.118744	208.618744
1	18.265000	0.796666	235.943634	210.106171
1	18.296000	0.800725	235.518738	209.106262
1	18.328000	0.801015	235.006256	209.993744
1	18.359000	0.811594	236.500000	207.000000
1	18.390000	0.817391	235.000000	208.000000
1	18.421000	0.724493	236.093750	206.906250
1	18.452000	0.835797	234.493744	207.618744
1	18.499000	0.792464	234.962494	208.100006
1	18.530000	0.817391	234.000000	209.000000
1	18.562000	0.826667	234.125000	209.500000
1	18.593000	0.827681	234.531250	208.718750
1	18.624000	0.809275	234.075012	207.750000
1	18.655000	0.811594	235.000000	207.500000
1	18.686000	0.814638	234.031250	207.718750
1	18.718000	0.801594	234.968750	207.981262
1	18.764000	0.839275	234.556244	208.443756
1	18.796000	0.815942	234.262512	208.312500
1	18.827000	0.797101	235.237488	207.112488
1	18.858000	0.802029	235.149994	207.975006
1	18.889000	0.747971	235.243744	205.381256
1	18.920000	0.755072	235.549988	205.674988
1	18.952000	0.816377	234.306244	208.306244
1	18.998000	0.718841	236.500000	207.000000
1	19.030000	0.812464	233.875000	208.262512
1	19.061000	0.792898	234.843750	208.643738
1	19.092000	0.787536	235.062500	207.937500
1	19.123000	0.815507	234.718750	208.843750
1	19.154000	0.811594	236.000000	208.500000
1	19.186000	0.718406	235.993744	208.006256
1	19.217000	0.765217	235.500000	208.000000
1	19.264000	0.764638	235.750000	209.500000
1	19.295000	0.734058	236.581238	209.218750
1	19.326000	0.801015	235.506256	211.006256
1	19.357000	0.745507	236.749969	211.350006
1	19.388000	0.796667	236.068756	211.068756
1	19.420000	0.768551	235.806244	210.493744
1	19.451000	0.779275	235.756256	210.931244
1	19.498000	0.786812	236.093719	210.931244
1	19.529000	0.805942	236.156250	210.156250
1	19.560000	0.814058	235.693756	210.306244
1	19.591000	0.792464	235.850006	209.975006
1	19.622000	0.804928	235.812500	210.437500
1	19.654000	0.759275	235.468750	209.906250
1	19.685000	0.764058	235.975006	210.524994
1	19.732000	0.768985	235.812500	211.437500
1	19.763000	0.733188	236.468750	209.781250
1	19.794000	0.801015	235.993744	210.993744
1	19.825000	0.787971	235.306244	211.193756
1	19.856000	0.794638	235.881256	211.068756
1	19.888000	0.771739	235.625000	208.875000
1	19.919000	0.797246	235.968750	209.031250
1	19.950000	0.761449	236.737488	207.612488
0	19.997000	0.729855	235.937500	205.875000
1	20.028000	0.787536	235.674988	207.637512
1	20.059000	0.788116	235.699982	207.787506
1	20.090000	0.816377	235.306244	208.306244
1	20.122000	0.752899	236.343750	207.418762
1	20.153000	0.718406	236.993744	207.006256
1	20.184000	0.761594	236.281250	207.543762
1	20.231000	0.796667	235.943756	208.081268
1	20.262000	0.765362	235.893738	207.656250
1	20.293000	0.744203	236.331238	207.293762
1	20.324000	0.777246	235.431244	207.568756
1	20.356000	0.769710	235.593872	207.843628
1	20.387000	0.758986	236.468750	207.118713
1	20.418000	0.781449	235.762482	205.274994
1	20.465000	0.761014	236.431244	204.556244
1	20.496000	0.776232	235.899994	205.637421
1	20.527000	0.756667	236.493744	204.493744
1	20.558000	0.804928	235.812500	206.812500
1	20.590000	0.814203	235.287506	207.287506
1	20.621000	0.765217	236.000000	207.500000
1	20.652000	0.811594	236.250000	206.750000
1	20.683000	0.778116	237.193756	207.806244
1	20.730000	0.831449	236.443756	207.556244
1	20.761000	0.797246	236.906250	206.968750
1	20.792000	0.787971	236.068756	207.181244
1	20.824000	0.805507	236.162506	208.162506
1	20.855000	0.741884	236.218750	206.343750
1	20.886000	0.835942	236.524994	207.587494
1	20.917000	0.809420	235.793762	207.143738
1	20.964000	0.765217	236.250000	206.250000
1	20.995000	0.796232	235.937500	207.750000
1	21.026000	0.791884	236.000000	207.875000
1	21.058000	0.805942	235.781250	207.843750
1	21.089000	0.747246	236.250000	207.562500
1	21.120000	0.788116	235.712494	207.912506
1	21.151000	0.777246	235.868744	207.818756
1	21.198000	0.805942	235.843750	208.581238
1	21.229000	0.773188	236.231262	208.106262
1	21.260000	0.809275	234.924988	208.899963
1	21.292000	0.742898	236.187500	208.312500
1	21.323000	0.788116	235.787506	208.287506
1	21.354000	0.751449	236.193756	208.431244
1	21.385000	0.800580	235.000000	209.487488
1	21.416000	0.707101	236.831177	208.143738
1	21.463000	0.765217	235.500000	208.000000
1	21.494000	0.781449	235.762482	209.725006
1	21.526000	0.799420	235.937500	209.062500
1	21.557000	0.761014	236.431244	210.431244
1	21.588000	0.811594	237.000000	210.500000
1	21.619000	0.805797	236.000000	210.000000
1	21.650000	0.718551	236.087494	209.287506
1	21.697000	0.781884	236.031250	210.268738
1	21.728000	0.776667	235.793793	210.893707
1	21.760000	0.771014	235.500000	211.500000
1	21.791000	0.801159	236.024994	211.024994
1	21.822000	0.751594	236.562500	210.437500
1	21.853000	0.733768	236.556244	210.443756
1	21.884000	0.796232	236.549988	211.062500
1	21.931000	0.792029	235.968750	210.968750
1	21.962000	0.796232	236.937500	211.474976
1	21.994000	0.779420	236.212494	210.287506
1	22.025000	0.822754	236.631256	211.931244
1	22.056000	0.779420	236.212494	210.787506
1	22.087000	0.763623	236.468750	211.468750
1	22.118000	0.801159	236.024994	211.475006
1	22.150000	0.765217	236.000000	211.500000
1	22.196000	0.744203	237.293762	211.293762
1	22.228000	0.805507	236.162506	211.837494
1	22.259000	0.707101	238.206238	210.206238
1	22.290000	0.755942	236.500000	211.625000
1	22.321000	0.765362	237.993744	210.631256
1	22.352000	0.796667	237.506256	212.056244
1	22.384000	0.796232	237.937500	213.437500
1	22.430000	0.792464	237.837494	213.024994
1	22.462000	0.813623	237.312500	213.712524
1	22.493000	0.820145	237.406250	212.781250
1	22.524000	0.814203	237.274994	212.287506
1	22.555000	0.783333	238.118744	212.243744
1	22.586000	0.811449	237.843750	212.331238
1	22.618000	0.803332	238.006287	212.193542
1	22.664000	0.800000	237.500000	212.000000
1	22.696000	0.724493	237.906250	210.906250
1	22.727000	0.809855	237.774994	212.287506
1	22.758000	0.783768	237.899994	211.037506
1	22.789000	0.794638	237.068756	210.881256
1	22.820000	0.792464	237.850006	211.350006
1	22.852000	0.774638	237.606262	210.856262
1	22.883000	0.768985	238.500000	210.937500
0	22.930000	0.718841	236.500000	211.000000
1	22.961000	0.747681	238.156250	211.343750
0	22.992000	0.708841	237.806244	210.868744
1	23.023000	0.755362	238.100006	211.600006
1	23.054000	0.814203	239.712494	214.287506
1	23.086000	0.774493	239.375000	213.125000
1	23.117000	0.797246	239.031250	212.906250
1	23.148000	0.743623	239.818756	212.318756
1	23.195000	0.822319	239.237488	211.687500
1	23.226000	0.761594	239.081238	209.543762
1	23.257000	0.742898	238.187500	211.312500
1	23.288000	0.809855	238.350006	211.774994
1	23.320000	0.786232	238.043762	212.181274
1	23.351000	0.799710	238.762482	213.899994
1	23.382000	0.751159	238.318756	213.681244
1	23.429000	0.787536	239.062500	214.937500
1	23.460000	0.755362	239.100006	213.887482
1	23.491000	0.708116	239.862488	213.187500
1	23.522000	0.788406	240.500000	215.000000
0	23.554000	0.725072	239.931244	213.931244
1	23.585000	0.761014	239.431244	214.381256
0	23.616000	0.712899	239.193756	214.118744
1	23.663000	0.760290	239.437500	214.437500
1	23.694000	0.748841	238.356232	214.193756
1	23.725000	0.805797	239.000000	214.500000
1	23.756000	0.718841	240.000000	213.500000
1	23.788000	0.721159	239.000000	214.000000
1	23.819000	0.753188	238.193756	214.681244
1	23.850000	0.790724	239.824951	214.024963
1	23.881000	0.727101	239.443756	214.056244
1	23.928000	0.757971	239.475006	213.300018
1	23.959000	0.805797	239.187500	214.062500
1	23.990000	0.744203	238.706238	213.293762
1	24.022000	0.815362	238.712494	213.787506
1	24.053000	0.801594	237.968750	213.218750
1	24.084000	0.840145	238.443756	214.318756
1	24.115000	0.838551	238.437500	212.937500
1	24.162000	0.788406	238.549988	212.950012
1	24.193000	0.840580	238.000000	213.500000
1	24.224000	0.809275	238.250000	212.875000
1	24.256000	0.744203	238.656250	211.293762
1	24.287000	0.746812	238.243744	211.568756
1	24.318000	0.814058	237.693756	212.831268
1	24.349000	0.799420	237.937500	213.062500
1	24.396000	0.794638	237.993744	213.068756
1	24.427000	0.790579	237.631439	212.393524
1	24.458000	0.748551	237.356262	212.393738
1	24.490000	0.788406	238.500000	213.000000
1	24.521000	0.833188	237.031250	214.406250
1	24.552000	0.794058	236.906250	212.968750
1	24.583000	0.794493	236.962494	212.899994
1	24.614000	0.765217	237.187500	211.937500
1	24.661000	0.789855	236.125000	212.875000
1	24.692000	0.768985	236.812500	212.674988
1	24.724000	0.801594	237.031250	213.468750
0	24.755000	0.718841	236.500000	215.000000
1	24.786000	0.811884	236.287506	213.712494
1	24.817000	0.794058	236.993622	213.056244
1	24.848000	0.795072	237.562500	214.062500
1	24.895000	0.792898	236.031250	215.156250
1	24.926000	0.744638	236.537506	214.337494
1	24.958000	0.741014	237.343750	214.718750
1	24.989000	0.722754	237.631256	214.943756
1	25.020000	0.727101	237.068756	215.056244
1	25.051000	0.720145	236.981262	214.968750
1	25.082000	0.737971	238.350006	215.725006
0	25.129000	0.722319	238.612488	216.000000
1	25.160000	0.781449	237.725006	215.962494
1	25.192000	0.708841	237.681244	215.818756
1	25.223000	0.742319	237.462494	216.662506
1	25.254000	0.831594	237.462494	218.462494
1	25.285000	0.786232	236.981262	217.781250
0	25.316000	0.718841	236.500000	219.000000
1	25.348000	0.764058	236.774994	218.524994
1	25.394000	0.742029	236.500000	219.000000
0	25.426000	0.718841	236.500000	219.000000
1	25.457000	0.723768	237.637451	218.037537
1	25.488000	0.786812	237.068756	218.993744
1	25.519000	0.771014	237.125000	218.875000
1	25.550000	0.770145	236.687500	218.687500
1	25.582000	0.782609	237.000000	218.000000
1	25.628000	0.731014	237.424988	217.174988
1	25.660000	0.738551	237.750000	215.750000
1	25.691000	0.795072	237.062500	217.062500
1	25.722000	0.747971	238.243744	217.381256
1	25.753000	0.765217	237.500000	216.000000
1	25.784000	0.738551	238.250000	217.250000
1	25.816000	0.742029	238.000000	217.500000
1	25.862000	0.747971	237.256256	217.381256
1	25.894000	0.765217	238.000000	218.500000
1	25.925000	0.734203	236.812500	217.812500
1	25.956000	0.718551	237.662506	217.024994
1	25.987000	0.759710	237.037506	218.462494
1	26.018000	0.788406	236.950012	218.987488
1	26.050000	0.735507	237.518738	218.456238
1	26.081000	0.764058	237.774994	220.475006
1	26.128000	0.718841	237.500000	218.000000
1	26.159000	0.781884	237.768738	218.981262
1	26.190000	0.765217	238.000000	219.500000
0	26.221000	0.718841	236.500000	219.000000
1	26.252000	0.742029	238.000000	217.500000
0	26.284000	0.722754	236.993744	218.006256
1	26.315000	0.791304	236.975006	218.162506
1	26.362000	0.746812	237.443756	217.431244
1	26.393000	0.800000	237.125000	218.375000
1	26.424000	0.725507	238.062500	217.062500
1	26.455000	0.748985	237.399994	216.600006
1	26.486000	0.814058	237.306244	218.306244
1	26.518000	0.774493	237.125000	216.750000
1	26.549000	0.725072	237.381256	215.931244
1	26.596000	0.796232	236.937500	218.562500
1	26.627000	0.785073	236.756226	217.868774
1	26.658000	0.778116	236.193756	218.306244
1	26.689000	0.764638	237.000000	218.500000
1	26.720000	0.742029	236.500000	219.000000
1	26.752000	0.763623	237.468750	219.031250
1	26.783000	0.721014	237.631287	217.956299
1	26.814000	0.777681	237.875000	219.812500
1	26.861000	0.733768	239.193756	219.443756
1	26.892000	0.722754	238.381256	219.118744
1	26.923000	0.734203	238.437500	221.062500
1	26.954000	0.786667	237.975006	220.962494
1	26.986000	0.753623	238.500000	221.000000
1	27.017000	0.761014	238.056244	222.568756
0	27.048000	0.742319	238.337494	220.662506
1	27.095000	0.726812	237.643738	220.906250
1	27.126000	0.795072	237.312500	220.875000
1	27.157000	0.748551	237.750000	220.375000
0	27.188000	0.718841	236.500000	223.000000
1	27.220000	0.765797	237.500000	220.000000
1	27.251000	0.794493	237.087494	221.024994
1	27.282000	0.742898	237.687500	220.437500
1	27.313000	0.770580	237.868744	219.131256
1	27.360000	0.744638	237.487518	219.762482
1	27.391000	0.748551	237.562500	221.375000
1	27.422000	0.773768	237.256256	220.131256
1	27.454000	0.794493	238.087494	220.087494
1	27.485000	0.737971	237.212494	219.524994
1	27.516000	0.765217	237.500000	220.000000
1	27.547000	0.733768	237.556244	219.506256
1	27.594000	0.718841	236.500000	219.000000
1	27.625000	0.770580	237.868744	219.731232
1	27.656000	0.742029	237.000000	219.500000
1	27.688000	0.721015	237.956146	219.968842
1	27.719000	0.785507	237.687500	219.937500
1	27.750000	0.752754	237.562500	221.312500
1	27.781000	0.761449	237.512512	219.612488
1	27.812000	0.757971	238.737488	219.387512
1	27.859000	0.742898	237.750000	220.625000
1	27.890000	0.741884	237.706238	219.706238
1	27.922000	0.742319	238.462494	220.337494
0	27.953000	0.718841	237.500000	218.000000
1	27.984000	0.773913	237.750000	219.250000
1	28.015000	0.792029	238.062500	219.000000
1	28.046000	0.718406	238.018768	219.993744
1	28.093000	0.765217	238.000000	219.500000
0	28.124000	0.718841	236.500000	219.000000
1	28.156000	0.779855	238.093750	219.831238
1	28.187000	0.794203	237.500000	219.000000
1	28.218000	0.759275	238.031250	218.468750
1	28.249000	0.814203	238.162506	218.287506
1	28.280000	0.772754	237.887482	217.100006
0	28.327000	0.718841	236.500000	219.000000
1	28.358000	0.797246	237.406250	219.093750
1	28.390000	0.742319	238.287506	217.337494
1	28.421000	0.818551	238.162506	218.725006
0	28.452000	0.747536	238.237488	218.312500
0	28.483000	0.695652	238.500000	217.000000
1	28.514000	0.752754	237.562500	218.625000
0	28.546000	0.709710	237.881287	218.206238
1	28.592000	0.785942	237.243744	218.243744
1	28.624000	0.840145	237.893707	219.506256
0	28.655000	0.811594	240.500000	219.000000
1	28.686000	0.765942	237.781250	217.606262
1	28.717000	0.794203	237.062500	218.937500
1	28.748000	0.783333	237.768738	218.843750
0	28.780000	0.751159	236.631256	219.318756
1	28.826000	0.800000	237.187500	218.062500
1	28.858000	0.783188	237.750000	217.250000
1	28.889000	0.839275	237.443756	218.556244
1	28.920000	0.822899	238.087494	218.087494
1	28.951000	0.815942	237.262512	218.312500
1	28.982000	0.820725	237.306244	218.193756
1	29.014000	0.835797	237.993744	218.493744
1	29.060000	0.765217	237.250000	218.250000
0	29.092000	0.767681	237.993744	216.443756
1	29.123000	0.814638	237.718750	218.718750
0	29.154000	0.718841	240.500000	215.000000
1	29.185000	0.813623	237.262512	218.312500
1	29.216000	0.774493	236.362488	218.750000
1	29.248000	0.742029	237.750000	217.250000
0	29.279000	0.718841	236.500000	219.000000
1	29.326000	0.783188	237.250000	218.750000
1	29.357000	0.796667	236.931244	218.181244
1	29.388000	0.769565	236.875000	218.500000
1	29.419000	0.738551	237.500000	218.250000
1	29.450000	0.800580	237.000000	218.500000
1	29.482000	0.815942	237.262512	220.299988
1	29.513000	0.814058	237.306244	219.356232
1	29.560000	0.814058	236.693756	219.306244
1	29.591000	0.778116	237.693756	219.806244
1	29.622000	0.779420	236.824982	218.787506
1	29.653000	0.788116	236.287506	218.787506
1	29.684000	0.765217	237.750000	219.250000
0	29.716000	0.718841	236.500000	219.000000
1	29.747000	0.794058	237.343750	218.093750
1	29.794000	0.782464	237.243744	217.256256
1	29.825000	0.791739	236.993713	218.143738
1	29.856000	0.801015	236.993744	218.543732
1	29.887000	0.795072	236.562500	218.424988
1	29.918000	0.761449	237.737488	217.612488
1	29.950000	0.800000	236.750000	218.750000
1	29.981000	0.760145	237.543823	218.593872
<\RIGHT-PUPIL-DATA>
<LEFT-PUPIL-DATA>
903	0
0	-0.066000	13.913043	240.000000	320.000000
0	-0.034000	13.913043	240.000000	320.000000
0	-0.003000	13.913043	240.000000	320.000000
0	0.044000	13.913043	240.000000	320.000000
0	0.075000	13.913043	240.000000	320.000000
0	0.106000	13.913043	240.000000	320.000000
0	0.137000	13.913043	240.000000	320.000000
0	0.168000	13.913043	240.000000	320.000000
0	0.200000	13.913043	240.000000	320.000000
0	0.231000	13.913043	240.000000	320.000000
0	0.262000	13.913043	240.000000	320.000000
0	0.309000	13.913043	240.000000	320.000000
0	0.340000	13.913043	240.000000	320.000000
0	0.371000	13.913043	240.000000	320.000000
0	0.402000	13.913043	240.000000	320.000000
0	0.434000	13.913043	240.000000	320.000000
0	0.465000	13.913043	240.000000	320.000000
0	0.496000	13.913043	240.000000	320.000000
0	0.543000	13.913043	240.000000	320.000000
0	0.574000	13.913043	240.000000	320.000000
0	0.605000	13.913043	240.000000	320.000000
0	0.636000	13.913043	240.000000	320.000000
0	0.668000	13.913043	240.000000	320.000000
0	0.699000	13.913043	240.000000	320.000000
0	0.730000	13.913043	240.000000	320.000000
0	0.761000	13.913043	240.000000	320.000000
0	0.808000	13.913043	240.000000	320.000000
0	0.839000	13.913043	240.000000	320.000000
0	0.870000	13.913043	240.000000	320.000000
0	0.902000	13.913043	240.000000	320.000000
0	0.933000	13.913043	240.000000	320.000000
0	0.964000	13.913043	240.000000	320.000000
0	0.995000	13.913043	240.000000	320.000000
0	1.042000	13.913043	240.000000	320.000000
0	1.073000	13.913043	240.000000	320.000000
0	1.104000	13.913043	240.000000	320.000000
0	1.136000	13.913043	240.000000	320.000000
0	1.167000	13.913043	240.000000	320.000000
0	1.198000	13.913043	240.000000	320.000000
0	1.229000	13.913043	240.000000	320.000000
0	1.276000	13.913043	240.000000	320.000000
0	1.307000	13.913043	240.000000	320.000000
0	1.338000	13.913043	240.000000	320.000000
0	1.370000	13.913043	240.000000	320.000000
0	1.401000	13.913043	240.000000	320.000000
0	1.432000	13.913043	240.000000	320.000000
0	1.463000	13.913043	240.000000	320.000000
0	1.494000	13.913043	240.000000	320.000000
0	1.541000	13.913043	240.000000	320.000000
0	1.572000	13.913043	240.000000	320.000000
0	1.604000	13.913043	240.000000	320.000000
0	1.635000	13.913043	240.000000	320.000000
0	1.666000	13.913043	240.000000	320.000000
0	1.697000	13.913043	240.000000	320.000000
0	1.728000	13.913043	240.000000	320.000000
0	1.775000	13.913043	240.000000	320.000000
0	1.806000	13.913043	240.000000	320.000000
0	1.838000	13.913043	240.000000	320.000000
0	1.869000	13.913043	240.000000	320.000000
0	1.900000	13.913043	240.000000	320.000000
0	1.931000	13.913043	240.000000	320.000000
0	1.962000	13.913043	240.000000	320.000000
0	2.009000	13.913043	240.000000	320.000000
0	2.040000	13.913043	240.000000	320.000000
0	2.072000	13.913043	240.000000	320.000000
0	2.103000	13.913043	240.000000	320.000000
0	2.134000	13.913043	240.000000	320.000000
0	2.165000	13.913043	240.000000	320.000000
0	2.196000	13.913043	240.000000	320.000000
0	2.228000	13.913043	240.000000	320.000000
0	2.274000	13.913043	240.000000	320.000000
0	2.306000	13.913043	240.000000	320.000000
0	2.337000	13.913043	240.000000	320.000000
0	2.368000	13.913043	240.000000	320.000000
0	2.399000	13.913043	240.000000	320.000000
0	2.430000	13.913043	240.000000	320.000000
0	2.462000	13.913043	240.000000	320.000000
0	2.508000	13.913043	240.000000	320.000000
0	2.540000	13.913043	240.000000	320.000000
0	2.571000	13.913043	240.000000	320.000000
0	2.602000	13.913043	240.000000	320.000000
0	2.633000	13.913043	240.000000	320.000000
0	2.664000	13.913043	240.000000	320.000000
0	2.696000	13.913043	240.000000	320.000000
0	2.727000	13.913043	240.000000	320.000000
0	2.774000	13.913043	240.000000	320.000000
0	2.805000	13.913043	240.000000	320.000000
0	2.836000	13.913043	240.000000	320.000000
0	2.867000	13.913043	240.000000	320.000000
0	2.898000	13.913043	240.000000	320.000000
0	2.930000	13.913043	240.000000	320.000000
0	2.961000	13.913043	240.000000	320.000000
0	3.008000	13.913043	240.000000	320.000000
0	3.039000	13.913043	240.000000	320.000000
0	3.070000	13.913043	240.000000	320.000000
0	3.101000	13.913043	240.000000	320.000000
0	3.132000	13.913043	240.000000	320.000000
0	3.164000	13.913043	240.000000	320.000000
0	3.195000	13.913043	240.000000	320.000000
0	3.242000	13.913043	240.000000	320.000000
0	3.273000	13.913043	240.000000	320.000000
0	3.304000	13.913043	240.000000	320.000000
0	3.335000	13.913043	240.000000	320.000000
0	3.366000	13.913043	240.000000	320.000000
0	3.398000	13.913043	240.000000	320.000000
0	3.429000	13.913043	240.000000	320.000000
0	3.460000	13.913043	240.000000	320.000000
0	3.507000	13.913043	240.000000	320.000000
0	3.538000	13.913043	240.000000	320.000000
0	3.569000	13.913043	240.000000	320.000000
0	3.601000	13.913043	240.000000	320.000000
0	3.632000	13.913043	240.000000	320.000000
0	3.663000	13.913043	240.000000	320.000000
0	3.694000	13.913043	240.000000	320.000000
0	3.741000	13.913043	240.000000	320.000000
0	3.772000	13.913043	240.000000	320.000000
0	3.803000	13.913043	240.000000	320.000000
0	3.835000	13.913043	240.000000	320.000000
0	3.866000	13.913043	240.000000	320.000000
0	3.897000	13.913043	240.000000	320.000000
0	3.928000	13.913043	240.000000	320.000000
0	3.975000	13.913043	240.000000	320.000000
0	4.006000	13.913043	240.000000	320.000000
0	4.037000	13.913043	240.000000	320.000000
0	4.069000	13.913043	240.000000	320.000000
0	4.100000	13.913043	240.000000	320.000000
0	4.131000	13.913043	240.000000	320.000000
0	4.162000	13.913043	240.000000	320.000000
0	4.193000	13.913043	240.000000	320.000000
0	4.240000	13.913043	240.000000	320.000000
0	4.271000	13.913043	240.000000	320.000000
0	4.303000	13.913043	240.000000	320.000000
0	4.334000	13.913043	240.000000	320.000000
0	4.365000	13.913043	240.000000	320.000000
0	4.396000	13.913043	240.000000	320.000000
0	4.427000	13.913043	240.000000	320.000000
0	4.474000	13.913043	240.000000	320.000000
0	4.505000	13.913043	240.000000	320.000000
0	4.537000	13.913043	240.000000	320.000000
0	4.568000	13.913043	240.000000	320.000000
0	4.599000	13.913043	240.000000	320.000000
0	4.630000	13.913043	240.000000	320.000000
0	4.661000	13.913043	240.000000	320.000000
0	4.708000	13.913043	240.000000	320.000000
0	4.739000	13.913043	240.000000	320.000000
0	4.771000	13.913043	240.000000	320.000000
0	4.802000	13.913043	240.000000	320.000000
0	4.833000	13.913043	240.000000	320.000000
0	4.864000	13.913043	240.000000	320.000000
0	4.895000	13.913043	240.000000	320.000000
0	4.927000	13.913043	240.000000	320.000000
0	4.973000	13.913043	240.000000	320.000000
0	5.005000	13.913043	240.000000	320.000000
0	5.036000	13.913043	240.000000	320.000000
0	5.067000	13.913043	240.000000	320.000000
0	5.098000	13.913043	240.000000	320.000000
0	5.129000	13.913043	240.000000	320.000000
0	5.161000	13.913043	240.000000	320.000000
0	5.207000	13.913043	240.000000	320.000000
0	5.239000	13.913043	240.000000	320.000000
0	5.270000	13.913043	240.000000	320.000000
0	5.301000	13.913043	240.000000	320.000000
0	5.332000	13.913043	240.000000	320.000000
0	5.363000	13.913043	240.000000	320.000000
0	5.395000	13.913043	240.000000	320.000000
0	5.426000	13.913043	240.000000	320.000000
0	5.473000	13.913043	240.000000	320.000000
0	5.504000	13.913043	240.000000	320.000000
0	5.535000	13.913043	240.000000	320.000000
0	5.566000	13.913043	240.000000	320.000000
0	5.597000	13.913043	240.000000	320.000000
0	5.629000	13.913043	240.000000	320.000000
0	5.660000	13.913043	240.000000	320.000000
0	5.707000	13.913043	240.000000	320.000000
0	5.738000	13.913043	240.000000	320.000000
0	5.769000	13.913043	240.000000	320.000000
0	5.800000	13.913043	240.000000	320.000000
0	5.831000	13.913043	240.000000	320.000000
0	5.863000	13.913043	240.000000	320.000000
0	5.894000	13.913043	240.000000	320.000000
0	5.941000	13.913043	240.000000	320.000000
0	5.972000	13.913043	240.000000	320.000000
0	6.003000	13.913043	240.000000	320.000000
0	6.034000	13.913043	240.000000	320.000000
0	6.065000	13.913043	240.000000	320.000000
0	6.097000	13.913043	240.000000	320.000000
0	6.128000	13.913043	240.000000	320.000000
0	6.159000	13.913043	240.000000	320.000000
0	6.206000	13.913043	240.000000	320.000000
0	6.237000	13.913043	240.000000	320.000000
0	6.268000	13.913043	240.000000	320.000000
0	6.299000	13.913043	240.000000	320.000000
0	6.331000	13.913043	240.000000	320.000000
0	6.362000	13.913043	240.000000	320.000000
0	6.393000	13.913043	240.000000	320.000000
0	6.440000	13.913043	240.000000	320.000000
0	6.471000	13.913043	240.000000	320.000000
0	6.502000	13.913043	240.000000	320.000000
0	6.533000	13.913043	240.000000	320.000000
0	6.565000	13.913043	240.000000	320.000000
0	6.596000	13.913043	240.000000	320.000000
0	6.627000	13.913043	240.000000	320.000000
0	6.658000	13.913043	240.000000	320.000000
0	6.705000	13.913043	240.000000	320.000000
0	6.736000	13.913043	240.000000	320.000000
0	6.767000	13.913043	240.000000	320.000000
0	6.799000	13.913043	240.000000	320.000000
0	6.830000	13.913043	240.000000	320.000000
0	6.861000	13.913043	240.000000	320.000000
0	6.892000	13.913043	240.000000	320.000000
0	6.939000	13.913043	240.000000	320.000000
0	6.970000	13.913043	240.000000	320.000000
0	7.001000	13.913043	240.000000	320.000000
0	7.033000	13.913043	240.000000	320.000000
0	7.064000	13.913043	240.000000	320.000000
0	7.095000	13.913043	240.000000	320.000000
0	7.126000	13.913043	240.000000	320.000000
0	7.173000	13.913043	240.000000	320.000000
0	7.204000	13.913043	240.000000	320.000000
0	7.235000	13.913043	240.000000	320.000000
0	7.267000	13.913043	240.000000	320.000000
0	7.298000	13.913043	240.000000	320.000000
0	7.329000	13.913043	240.000000	320.000000
0	7.360000	13.913043	240.000000	320.000000
0	7.391000	13.913043	240.000000	320.000000
0	7.438000	13.913043	240.000000	320.000000
0	7.469000	13.913043	240.000000	320.000000
0	7.501000	13.913043	240.000000	320.000000
0	7.532000	13.913043	240.000000	320.000000
0	7.563000	13.913043	240.000000	320.000000
0	7.594000	13.913043	240.000000	320.000000
0	7.625000	13.913043	240.000000	320.000000
0	7.672000	13.913043	240.000000	320.000000
0	7.703000	13.913043	240.000000	320.000000
0	7.735000	13.913043	240.000000	320.000000
0	7.766000	13.913043	240.000000	320.000000
0	7.797000	13.913043	240.000000	320.000000
0	7.828000	13.913043	240.000000	320.000000
0	7.859000	13.913043	240.000000	320.000000
0	7.906000	13.913043	240.000000	320.000000
0	7.937000	13.913043	240.000000	320.000000
0	7.969000	13.913043	240.000000	320.000000
0	8.000000	13.913043	240.000000	320.000000
0	8.031000	13.913043	240.000000	320.000000
0	8.062000	13.913043	240.000000	320.000000
0	8.093000	13.913043	240.000000	320.000000
0	8.125000	13.913043	240.000000	320.000000
0	8.171000	13.913043	240.000000	320.000000
0	8.203000	13.913043	240.000000	320.000000
0	8.234000	13.913043	240.000000	320.000000
0	8.265000	13.913043	240.000000	320.000000
0	8.296000	13.913043	240.000000	320.000000
0	8.327000	13.913043	240.000000	320.000000
0	8.359000	13.913043	240.000000	320.000000
0	8.405000	13.913043	240.000000	320.000000
0	8.437000	13.913043	240.000000	320.000000
0	8.468000	13.913043	240.000000	320.000000
0	8.499000	13.913043	240.000000	320.000000
0	8.530000	13.913043	240.000000	320.000000
0	8.561000	13.913043	240.000000	320.000000
0	8.593000	13.913043	240.000000	320.000000
0	8.639000	13.913043	240.000000	320.000000
0	8.671000	13.913043	240.000000	320.000000
0	8.702000	13.913043	240.000000	320.000000
0	8.733000	13.913043	240.000000	320.000000
0	8.764000	13.913043	240.000000	320.000000
0	8.795000	13.913043	240.000000	320.000000
0	8.827000	13.913043	240.000000	320.000000
0	8.858000	13.913043	240.000000	320.000000
0	8.905000	13.913043	240.000000	320.000000
0	8.936000	13.913043	240.000000	320.000000
0	8.967000	13.913043	240.000000	320.000000
0	8.998000	13.913043	240.000000	320.000000
0	9.029000	13.913043	240.000000	320.000000
0	9.061000	13.913043	240.000000	320.000000
0	9.092000	13.913043	240.000000	320.000000
0	9.139000	13.913043	240.000000	320.000000
0	9.170000	13.913043	240.000000	320.000000
0	9.201000	13.913043	240.000000	320.000000
0	9.232000	13.913043	240.000000	320.000000
0	9.263000	13.913043	240.000000	320.000000
0	9.295000	13.913043	240.000000	320.000000
0	9.326000	13.913043	240.000000	320.000000
0	9.373000	13.913043	240.000000	320.000000
0	9.404000	13.913043	240.000000	320.000000
0	9.435000	13.913043	240.000000	320.000000
0	9.466000	13.913043	240.000000	320.000000
0	9.497000	13.913043	240.000000	320.000000
0	9.529000	13.913043	240.000000	320.000000
0	9.560000	13.913043	240.000000	320.000000
0	9.591000	13.913043	240.000000	320.000000
0	9.638000	13.913043	240.000000	320.000000
0	9.669000	13.913043	240.000000	320.000000
0	9.700000	13.913043	240.000000	320.000000
0	9.731000	13.913043	240.000000	320.000000
0	9.763000	13.913043	240.000000	320.000000
0	9.794000	13.913043	240.000000	320.000000
0	9.825000	13.913043	240.000000	320.000000
0	9.872000	13.913043	240.000000	320.000000
0	9.903000	13.913043	240.000000	320.000000
0	9.934000	13.913043	240.000000	320.000000
0	9.965000	13.913043	240.000000	320.000000
0	9.997000	13.913043	240.000000	320.000000
0	10.028000	13.913043	240.000000	320.000000
0	10.059000	13.913043	240.000000	320.000000
0	10.106000	13.913043	240.000000	320.000000
0	10.137000	13.913043	240.000000	320.000000
0	10.168000	13.913043	240.000000	320.000000
0	10.199000	13.913043	240.000000	320.000000
0	10.231000	13.913043	240.000000	320.000000
0	10.262000	13.913043	240.000000	320.000000
0	10.293000	13.913043	240.000000	320.000000
0	10.324000	13.913043	240.000000	320.000000
0	10.371000	13.913043	240.000000	320.000000
0	10.402000	13.913043	240.000000	320.000000
0	10.433000	13.913043	240.000000	320.000000
0	10.465000	13.913043	240.000000	320.000000
0	10.496000	13.913043	240.000000	320.000000
0	10.527000	13.913043	240.000000	320.000000
0	10.558000	13.913043	240.000000	320.000000
0	10.589000	13.913043	240.000000	320.000000
0	10.636000	13.913043	240.000000	320.000000
0	10.667000	13.913043	240.000000	320.000000
0	10.699000	13.913043	240.000000	320.000000
0	10.730000	13.913043	240.000000	320.000000
0	10.761000	13.913043	240.000000	320.000000
0	10.792000	13.913043	240.000000	320.000000
0	10.823000	13.913043	240.000000	320.000000
0	10.870000	13.913043	240.000000	320.000000
0	10.901000	13.913043	240.000000	320.000000
0	10.933000	13.913043	240.000000	320.000000
0	10.964000	13.913043	240.000000	320.000000
0	10.995000	13.913043	240.000000	320.000000
0	11.026000	13.913043	240.000000	320.000000
0	11.057000	13.913043	240.000000	320.000000
0	11.104000	13.913043	240.000000	320.000000
0	11.135000	13.913043	240.000000	320.000000
0	11.167000	13.913043	240.000000	320.000000
0	11.198000	13.913043	240.000000	320.000000
0	11.229000	13.913043	240.000000	320.000000
0	11.260000	13.913043	240.000000	320.000000
0	11.291000	13.913043	240.000000	320.000000
0	11.323000	13.913043	240.000000	320.000000
0	11.369000	13.913043	240.000000	320.000000
0	11.401000	13.913043	240.000000	320.000000
0	11.432000	13.913043	240.000000	320.000000
0	11.463000	13.913043	240.000000	320.000000
0	11.494000	13.913043	240.000000	320.000000
0	11.525000	13.913043	240.000000	320.000000
0	11.557000	13.913043	240.000000	320.000000
0	11.603000	13.913043	240.000000	320.000000
0	11.635000	13.913043	240.000000	320.000000
0	11.666000	13.913043	240.000000	320.000000
0	11.697000	13.913043	240.000000	320.000000
0	11.728000	13.913043	240.000000	320.000000
0	11.759000	13.913043	240.000000	320.000000
0	11.791000	13.913043	240.000000	320.000000
0	11.837000	13.913043	240.000000	320.000000
0	11.869000	13.913043	240.000000	320.000000
0	11.900000	13.913043	240.000000	320.000000
0	11.931000	13.913043	240.000000	320.000000
0	11.962000	13.913043	240.000000	320.000000
0	11.993000	13.913043	240.000000	320.000000
0	12.025000	13.913043	240.000000	320.000000
0	12.056000	13.913043	240.000000	320.000000
0	12.103000	13.913043	240.000000	320.000000
0	12.134000	13.913043	240.000000	320.000000
0	12.165000	13.913043	240.000000	320.000000
0	12.196000	13.913043	240.000000	320.000000
0	12.227000	13.913043	240.000000	320.000000
0	12.259000	13.913043	240.000000	320.000000
0	12.290000	13.913043	240.000000	320.000000
0	12.337000	13.913043	240.000000	320.000000
0	12.368000	13.913043	240.000000	320.000000
0	12.399000	13.913043	240.000000	320.000000
0	12.430000	13.913043	240.000000	320.000000
0	12.461000	13.913043	240.000000	320.000000
0	12.493000	13.913043	240.000000	320.000000
0	12.524000	13.913043	240.000000	320.000000
0	12.571000	13.913043	240.000000	320.000000
0	12.602000	13.913043	240.000000	320.000000
0	12.633000	13.913043	240.000000	320.000000
0	12.664000	13.913043	240.000000	320.000000
0	12.695000	13.913043	240.000000	320.000000
0	12.727000	13.913043	240.000000	320.000000
0	12.758000	13.913043	240.000000	320.000000
0	12.789000	13.913043	240.000000	320.000000
0	12.836000	13.913043	240.000000	320.000000
0	12.867000	13.913043	240.000000	320.000000
0	12.898000	13.913043	240.000000	320.000000
0	12.929000	13.913043	240.000000	320.000000
0	12.961000	13.913043	240.000000	320.000000
0	12.992000	13.913043	240.000000	320.000000
0	13.023000	13.913043	240.000000	320.000000
0	13.070000	13.913043	240.000000	320.000000
0	13.101000	13.913043	240.000000	320.000000
0	13.132000	13.913043	240.000000	320.000000
0	13.163000	13.913043	240.000000	320.000000
0	13.195000	13.913043	240.000000	320.000000
0	13.226000	13.913043	240.000000	320.000000
0	13.257000	13.913043	240.000000	320.000000
0	13.304000	13.913043	240.000000	320.000000
0	13.335000	13.913043	240.000000	320.000000
0	13.366000	13.913043	240.000000	320.000000
0	13.397000	13.913043	240.000000	320.000000
0	13.429000	13.913043	240.000000	320.000000
0	13.460000	13.913043	240.000000	320.000000
0	13.491000	13.913043	240.000000	320.000000
0	13.522000	13.913043	240.000000	320.000000
0	13.569000	13.913043	240.000000	320.000000
0	13.600000	13.913043	240.000000	320.000000
0	13.631000	13.913043	240.000000	320.000000
0	13.663000	13.913043	240.000000	320.000000
0	13.694000	13.913043	240.000000	320.000000
0	13.725000	13.913043	240.000000	320.000000
0	13.756000	13.913043	240.000000	320.000000
0	13.803000	13.913043	240.000000	320.000000
0	13.834000	13.913043	240.000000	320.000000
0	13.865000	13.913043	240.000000	320.000000
0	13.897000	13.913043	240.000000	320.000000
0	13.928000	13.913043	240.000000	320.000000
0	13.959000	13.913043	240.000000	320.000000
0	13.990000	13.913043	240.000000	320.000000
0	14.037000	13.913043	240.000000	320.000000
0	14.068000	13.913043	240.000000	320.000000
0	14.099000	13.913043	240.000000	320.000000
0	14.131000	13.913043	240.000000	320.000000
0	14.162000	13.913043	240.000000	320.000000
0	14.193000	13.913043	240.000000	320.000000
0	14.224000	13.913043	240.000000	320.000000
0	14.255000	13.913043	240.000000	320.000000
0	14.302000	13.913043	240.000000	320.000000
0	14.333000	13.913043	240.000000	320.000000
0	14.365000	13.913043	240.000000	320.000000
0	14.396000	13.913043	240.000000	320.000000
0	14.427000	13.913043	240.000000	320.000000
0	14.458000	13.913043	240.000000	320.000000
0	14.489000	13.913043	240.000000	320.000000
0	14.521000	13.913043	240.000000	320.000000
0	14.567000	13.913043	240.000000	320.000000
0	14.599000	13.913043	240.000000	320.000000
0	14.630000	13.913043	240.000000	320.000000
0	14.661000	13.913043	240.000000	320.000000
0	14.692000	13.913043	240.000000	320.000000
0	14.723000	13.913043	240.000000	320.000000
0	14.755000	13.913043	240.000000	320.000000
0	14.801000	13.913043	240.000000	320.000000
0	14.833000	13.913043	240.000000	320.000000
0	14.864000	13.913043	240.000000	320.000000
0	14.895000	13.913043	240.000000	320.000000
0	14.926000	13.913043	240.000000	320.000000
0	14.957000	13.913043	240.000000	320.000000
0	14.989000	13.913043	240.000000	320.000000
0	15.035000	13.913043	240.000000	320.000000
0	15.067000	13.913043	240.000000	320.000000
0	15.098000	13.913043	240.000000	320.000000
0	15.129000	13.913043	240.000000	320.000000
0	15.160000	13.913043	240.000000	320.000000
0	15.191000	13.913043	240.000000	320.000000
0	15.223000	13.913043	240.000000	320.000000
0	15.254000	13.913043	240.000000	320.000000
0	15.301000	13.913043	240.000000	320.000000
0	15.332000	13.913043	240.000000	320.000000
0	15.363000	13.913043	240.000000	320.000000
0	15.394000	13.913043	240.000000	320.000000
0	15.425000	13.913043	240.000000	320.000000
0	15.457000	13.913043	240.000000	320.000000
0	15.488000	13.913043	240.000000	320.000000
0	15.535000	13.913043	240.000000	320.000000
0	15.566000	13.913043	240.000000	320.000000
0	15.597000	13.913043	240.000000	320.000000
0	15.628000	13.913043	240.000000	320.000000
0	15.659000	13.913043	240.000000	320.000000
0	15.691000	13.913043	240.000000	320.000000
0	15.722000	13.913043	240.000000	320.000000
0	15.769000	13.913043	240.000000	320.000000
0	15.800000	13.913043	240.000000	320.000000
0	15.831000	13.913043	240.000000	320.000000
0	15.862000	13.913043	240.000000	320.000000
0	15.893000	13.913043	240.000000	320.000000
0	15.925000	13.913043	240.000000	320.000000
0	15.956000	13.913043	240.000000	320.000000
0	15.987000	13.913043	240.000000	320.000000
0	16.034000	13.913043	240.000000	320.000000
0	16.065000	13.913043	240.000000	320.000000
0	16.096000	13.913043	240.000000	320.000000
0	16.127000	13.913043	240.000000	320.000000
0	16.159000	13.913043	240.000000	320.000000
0	16.190000	13.913043	240.000000	320.000000
0	16.221000	13.913043	240.000000	320.000000
0	16.268000	13.913043	240.000000	320.000000
0	16.299000	13.913043	240.000000	320.000000
0	16.330000	13.913043	240.000000	320.000000
0	16.361000	13.913043	240.000000	320.000000
0	16.393000	13.913043	240.000000	320.000000
0	16.424000	13.913043	240.000000	320.000000
0	16.455000	13.913043	240.000000	320.000000
0	16.502000	13.913043	240.000000	320.000000
0	16.533000	13.913043	240.000000	320.000000
0	16.564000	13.913043	240.000000	320.000000
0	16.595000	13.913043	240.000000	320.000000
0	16.627000	13.913043	240.000000	320.000000
0	16.658000	13.913043	240.000000	320.000000
0	16.689000	13.913043	240.000000	320.000000
0	16.720000	13.913043	240.000000	320.000000
0	16.767000	13.913043	240.000000	320.000000
0	16.798000	13.913043	240.000000	320.000000
0	16.829000	13.913043	240.000000	320.000000
0	16.861000	13.913043	240.000000	320.000000
0	16.892000	13.913043	240.000000	320.000000
0	16.923000	13.913043	240.000000	320.000000
0	16.954000	13.913043	240.000000	320.000000
0	17.001000	13.913043	240.000000	320.000000
0	17.032000	13.913043	240.000000	320.000000
0	17.063000	13.913043	240.000000	320.000000
0	17.095000	13.913043	240.000000	320.000000
0	17.126000	13.913043	240.000000	320.000000
0	17.157000	13.913043	240.000000	320.000000
0	17.188000	13.913043	240.000000	320.000000
0	17.235000	13.913043	240.000000	320.000000
0	17.266000	13.913043	240.000000	320.000000
0	17.297000	13.913043	240.000000	320.000000
0	17.329000	13.913043	240.000000	320.000000
0	17.360000	13.913043	240.000000	320.000000
0	17.391000	13.913043	240.000000	320.000000
0	17.422000	13.913043	240.000000	320.000000
0	17.453000	13.913043	240.000000	320.000000
0	17.500000	13.913043	240.000000	320.000000
0	17.531000	13.913043	240.000000	320.000000
0	17.563000	13.913043	240.000000	320.000000
0	17.594000	13.913043	240.000000	320.000000
0	17.625000	13.913043	240.000000	320.000000
0	17.656000	13.913043	240.000000	320.000000
0	17.687000	13.913043	240.000000	320.000000
0	17.734000	13.913043	240.000000	320.000000
0	17.765000	13.913043	240.000000	320.000000
0	17.797000	13.913043	240.000000	320.000000
0	17.828000	13.913043	240.000000	320.000000
0	17.859000	13.913043	240.000000	320.000000
0	17.890000	13.913043	240.000000	320.000000
0	17.921000	13.913043	240.000000	320.000000
0	17.968000	13.913043	240.000000	320.000000
0	17.999000	13.913043	240.000000	320.000000
0	18.031000	13.913043	240.000000	320.000000
0	18.062000	13.913043	240.000000	320.000000
0	18.093000	13.913043	240.000000	320.000000
0	18.124000	13.913043	240.000000	320.000000
0	18.155000	13.913043	240.000000	320.000000
0	18.187000	13.913043	240.000000	320.000000
0	18.233000	13.913043	240.000000	320.000000
0	18.265000	13.913043	240.000000	320.000000
0	18.296000	13.913043	240.000000	320.000000
0	18.327000	13.913043	240.000000	320.000000
0	18.358000	13.913043	240.000000	320.000000
0	18.389000	13.913043	240.000000	320.000000
0	18.421000	13.913043	240.000000	320.000000
0	18.467000	13.913043	240.000000	320.000000
0	18.499000	13.913043	240.000000	320.000000
0	18.530000	13.913043	240.000000	320.000000
0	18.561000	13.913043	240.000000	320.000000
0	18.592000	13.913043	240.000000	320.000000
0	18.623000	13.913043	240.000000	320.000000
0	18.655000	13.913043	240.000000	320.000000
0	18.686000	13.913043	240.000000	320.000000
0	18.733000	13.913043	240.000000	320.000000
0	18.764000	13.913043	240.000000	320.000000
0	18.795000	13.913043	240.000000	320.000000
0	18.826000	13.913043	240.000000	320.000000
0	18.857000	13.913043	240.000000	320.000000
0	18.889000	13.913043	240.000000	320.000000
0	18.920000	13.913043	240.000000	320.000000
0	18.967000	13.913043	240.000000	320.000000
0	18.998000	13.913043	240.000000	320.000000
0	19.029000	13.913043	240.000000	320.000000
0	19.060000	13.913043	240.000000	320.000000
0	19.091000	13.913043	240.000000	320.000000
0	19.123000	13.913043	240.000000	320.000000
0	19.154000	13.913043	240.000000	320.000000
0	19.185000	13.913043	240.000000	320.000000
0	19.232000	13.913043	240.000000	320.000000
0	19.263000	13.913043	240.000000	320.000000
0	19.294000	13.913043	240.000000	320.000000
0	19.325000	13.913043	240.000000	320.000000
0	19.357000	13.913043	240.000000	320.000000
0	19.388000	13.913043	240.000000	320.000000
0	19.419000	13.913043	240.000000	320.000000
0	19.466000	13.913043	240.000000	320.000000
0	19.497000	13.913043	240.000000	320.000000
0	19.528000	13.913043	240.000000	320.000000
0	19.559000	13.913043	240.000000	320.000000
0	19.591000	13.913043	240.000000	320.000000
0	19.622000	13.913043	240.000000	320.000000
0	19.653000	13.913043	240.000000	320.000000
0	19.700000	13.913043	240.000000	320.000000
0	19.731000	13.913043	240.000000	320.000000
0	19.762000	13.913043	240.000000	320.000000
0	19.793000	13.913043	240.000000	320.000000
0	19.825000	13.913043	240.000000	320.000000
0	19.856000	13.913043	240.000000	320.000000
0	19.887000	13.913043	240.000000	320.000000
0	19.918000	13.913043	240.000000	320.000000
0	19.965000	13.913043	240.000000	320.000000
0	19.996000	13.913043	240.000000	320.000000
0	20.027000	13.913043	240.000000	320.000000
0	20.059000	13.913043	240.000000	320.000000
0	20.090000	13.913043	240.000000	320.000000
0	20.121000	13.913043	240.000000	320.000000
0	20.152000	13.913043	240.000000	320.000000
0	20.199000	13.913043	240.000000	320.000000
0	20.230000	13.913043	240.000000	320.000000
0	20.261000	13.913043	240.000000	320.000000
0	20.293000	13.913043	240.000000	320.000000
0	20.324000	13.913043	240.000000	320.000000
0	20.355000	13.913043	240.000000	320.000000
0	20.386000	13.913043	240.000000	320.000000
0	20.433000	13.913043	240.000000	320.000000
0	20.464000	13.913043	240.000000	320.000000
0	20.495000	13.913043	240.000000	320.000000
0	20.527000	13.913043	240.000000	320.000000
0	20.558000	13.913043	240.000000	320.000000
0	20.589000	13.913043	240.000000	320.000000
0	20.620000	13.913043	240.000000	320.000000
0	20.651000	13.913043	240.000000	320.000000
0	20.698000	13.913043	240.000000	320.000000
0	20.729000	13.913043	240.000000	320.000000
0	20.761000	13.913043	240.000000	320.000000
0	20.792000	13.913043	240.000000	320.000000
0	20.823000	13.913043	240.000000	320.000000
0	20.854000	13.913043	240.000000	320.000000
0	20.885000	13.913043	240.000000	320.000000
0	20.932000	13.913043	240.000000	320.000000
0	20.963000	13.913043	240.000000	320.000000
0	20.995000	13.913043	240.000000	320.000000
0	21.026000	13.913043	240.000000	320.000000
0	21.057000	13.913043	240.000000	320.000000
0	21.088000	13.913043	240.000000	320.000000
0	21.119000	13.913043	240.000000	320.000000
0	21.166000	13.913043	240.000000	320.000000
0	21.197000	13.913043	240.000000	320.000000
0	21.229000	13.913043	240.000000	320.000000
0	21.260000	13.913043	240.000000	320.000000
0	21.291000	13.913043	240.000000	320.000000
0	21.322000	13.913043	240.000000	320.000000
0	21.353000	13.913043	240.000000	320.000000
0	21.385000	13.913043	240.000000	320.000000
0	21.431000	13.913043	240.000000	320.000000
0	21.463000	13.913043	240.000000	320.000000
0	21.494000	13.913043	240.000000	320.000000
0	21.525000	13.913043	240.000000	320.000000
0	21.556000	13.913043	240.000000	320.000000
0	21.587000	13.913043	240.000000	320.000000
0	21.619000	13.913043	240.000000	320.000000
0	21.665000	13.913043	240.000000	320.000000
0	21.697000	13.913043	240.000000	320.000000
0	21.728000	13.913043	240.000000	320.000000
0	21.759000	13.913043	240.000000	320.000000
0	21.790000	13.913043	240.000000	320.000000
0	21.821000	13.913043	240.000000	320.000000
0	21.853000	13.913043	240.000000	320.000000
0	21.899000	13.913043	240.000000	320.000000
0	21.931000	13.913043	240.000000	320.000000
0	21.962000	13.913043	240.000000	320.000000
0	21.993000	13.913043	240.000000	320.000000
0	22.024000	13.913043	240.000000	320.000000
0	22.055000	13.913043	240.000000	320.000000
0	22.087000	13.913043	240.000000	320.000000
0	22.118000	13.913043	240.000000	320.000000
0	22.165000	13.913043	240.000000	320.000000
0	22.196000	13.913043	240.000000	320.000000
0	22.227000	13.913043	240.000000	320.000000
0	22.258000	13.913043	240.000000	320.000000
0	22.289000	13.913043	240.000000	320.000000
0	22.321000	13.913043	240.000000	320.000000
0	22.352000	13.913043	240.000000	320.000000
0	22.399000	13.913043	240.000000	320.000000
0	22.430000	13.913043	240.000000	320.000000
0	22.461000	13.913043	240.000000	320.000000
0	22.492000	13.913043	240.000000	320.000000
0	22.523000	13.913043	240.000000	320.000000
0	22.555000	13.913043	240.000000	320.000000
0	22.586000	13.913043	240.000000	320.000000
0	22.617000	13.913043	240.000000	320.000000
0	22.664000	13.913043	240.000000	320.000000
0	22.695000	13.913043	240.000000	320.000000
0	22.726000	13.913043	240.000000	320.000000
0	22.757000	13.913043	240.000000	320.000000
0	22.789000	13.913043	240.000000	320.000000
0	22.820000	13.913043	240.000000	320.000000
0	22.851000	13.913043	240.000000	320.000000
0	22.898000	13.913043	240.000000	320.000000
0	22.929000	13.913043	240.000000	320.000000
0	22.960000	13.913043	240.000000	320.000000
0	22.991000	13.913043	240.000000	320.000000
0	23.023000	13.913043	240.000000	320.000000
0	23.054000	13.913043	240.000000	320.000000
0	23.085000	13.913043	240.000000	320.000000
0	23.132000	13.913043	240.000000	320.000000
0	23.163000	13.913043	240.000000	320.000000
0	23.194000	13.913043	240.000000	320.000000
0	23.225000	13.913043	240.000000	320.000000
0	23.257000	13.913043	240.000000	320.000000
0	23.288000	13.913043	240.000000	320.000000
0	23.319000	13.913043	240.000000	320.000000
0	23.350000	13.913043	240.000000	320.000000
0	23.397000	13.913043	240.000000	320.000000
0	23.428000	13.913043	240.000000	320.000000
0	23.459000	13.913043	240.000000	320.000000
0	23.491000	13.913043	240.000000	320.000000
0	23.522000	13.913043	240.000000	320.000000
0	23.553000	13.913043	240.000000	320.000000
0	23.584000	13.913043	240.000000	320.000000
0	23.631000	13.913043	240.000000	320.000000
0	23.662000	13.913043	240.000000	320.000000
0	23.693000	13.913043	240.000000	320.000000
0	23.725000	13.913043	240.000000	320.000000
0	23.756000	13.913043	240.000000	320.000000
0	23.787000	13.913043	240.000000	320.000000
0	23.818000	13.913043	240.000000	320.000000
0	23.865000	13.913043	240.000000	320.000000
0	23.896000	13.913043	240.000000	320.000000
0	23.927000	13.913043	240.000000	320.000000
0	23.959000	13.913043	240.000000	320.000000
0	23.990000	13.913043	240.000000	320.000000
0	24.021000	13.913043	240.000000	320.000000
0	24.052000	13.913043	240.000000	320.000000
0	24.083000	13.913043	240.000000	320.000000
0	24.130000	13.913043	240.000000	320.000000
0	24.161000	13.913043	240.000000	320.000000
0	24.193000	13.913043	240.000000	320.000000
0	24.224000	13.913043	240.000000	320.000000
0	24.255000	13.913043	240.000000	320.000000
0	24.286000	13.913043	240.000000	320.000000
0	24.317000	13.913043	240.000000	320.000000
0	24.364000	13.913043	240.000000	320.000000
0	24.395000	13.913043	240.000000	320.000000
0	24.427000	13.913043	240.000000	320.000000
0	24.458000	13.913043	240.000000	320.000000
0	24.489000	13.913043	240.000000	320.000000
0	24.520000	13.913043	240.000000	320.000000
0	24.551000	13.913043	240.000000	320.000000
0	24.583000	13.913043	240.000000	320.000000
0	24.629000	13.913043	240.000000	320.000000
0	24.661000	13.913043	240.000000	320.000000
0	24.692000	13.913043	240.000000	320.000000
0	24.723000	13.913043	240.000000	320.000000
0	24.754000	13.913043	240.000000	320.000000
0	24.785000	13.913043	240.000000	320.000000
0	24.817000	13.913043	240.000000	320.000000
0	24.863000	13.913043	240.000000	320.000000
0	24.895000	13.913043	240.000000	320.000000
0	24.926000	13.913043	240.000000	320.000000
0	24.957000	13.913043	240.000000	320.000000
0	24.988000	13.913043	240.000000	320.000000
0	25.019000	13.913043	240.000000	320.000000
0	25.051000	13.913043	240.000000	320.000000
0	25.097000	13.913043	240.000000	320.000000
0	25.129000	13.913043	240.000000	320.000000
0	25.160000	13.913043	240.000000	320.000000
0	25.191000	13.913043	240.000000	320.000000
0	25.222000	13.913043	240.000000	320.000000
0	25.253000	13.913043	240.000000	320.000000
0	25.285000	13.913043	240.000000	320.000000
0	25.316000	13.913043	240.000000	320.000000
0	25.363000	13.913043	240.000000	320.000000
0	25.394000	13.913043	240.000000	320.000000
0	25.425000	13.913043	240.000000	320.000000
0	25.456000	13.913043	240.000000	320.000000
0	25.487000	13.913043	240.000000	320.000000
0	25.519000	13.913043	240.000000	320.000000
0	25.550000	13.913043	240.000000	320.000000
0	25.597000	13.913043	240.000000	320.000000
0	25.628000	13.913043	240.000000	320.000000
0	25.659000	13.913043	240.000000	320.000000
0	25.690000	13.913043	240.000000	320.000000
0	25.721000	13.913043	240.000000	320.000000
0	25.753000	13.913043	240.000000	320.000000
0	25.784000	13.913043	240.000000	320.000000
0	25.831000	13.913043	240.000000	320.000000
0	25.862000	13.913043	240.000000	320.000000
0	25.893000	13.913043	240.000000	320.000000
0	25.924000	13.913043	240.000000	320.000000
0	25.955000	13.913043	240.000000	320.000000
0	25.987000	13.913043	240.000000	320.000000
0	26.018000	13.913043	240.000000	320.000000
0	26.049000	13.913043	240.000000	320.000000
0	26.096000	13.913043	240.000000	320.000000
0	26.127000	13.913043	240.000000	320.000000
0	26.158000	13.913043	240.000000	320.000000
0	26.189000	13.913043	240.000000	320.000000
0	26.221000	13.913043	240.000000	320.000000
0	26.252000	13.913043	240.000000	320.000000
0	26.283000	13.913043	240.000000	320.000000
0	26.330000	13.913043	240.000000	320.000000
0	26.361000	13.913043	240.000000	320.000000
0	26.392000	13.913043	240.000000	320.000000
0	26.423000	13.913043	240.000000	320.000000
0	26.455000	13.913043	240.000000	320.000000
0	26.486000	13.913043	240.000000	320.000000
0	26.517000	13.913043	240.000000	320.000000
0	26.548000	13.913043	240.000000	320.000000
0	26.595000	13.913043	240.000000	320.000000
0	26.626000	13.913043	240.000000	320.000000
0	26.657000	13.913043	240.000000	320.000000
0	26.689000	13.913043	240.000000	320.000000
0	26.720000	13.913043	240.000000	320.000000
0	26.751000	13.913043	240.000000	320.000000
0	26.782000	13.913043	240.000000	320.000000
0	26.829000	13.913043	240.000000	320.000000
0	26.860000	13.913043	240.000000	320.000000
0	26.891000	13.913043	240.000000	320.000000
0	26.923000	13.913043	240.000000	320.000000
0	26.954000	13.913043	240.000000	320.000000
0	26.985000	13.913043	240.000000	320.000000
0	27.016000	13.913043	240.000000	320.000000
0	27.063000	13.913043	240.000000	320.000000
0	27.094000	13.913043	240.000000	320.000000
0	27.125000	13.913043	240.000000	320.000000
0	27.157000	13.913043	240.000000	320.000000
0	27.188000	13.913043	240.000000	320.000000
0	27.219000	13.913043	240.000000	320.000000
0	27.250000	13.913043	240.000000	320.000000
0	27.281000	13.913043	240.000000	320.000000
0	27.328000	13.913043	240.000000	320.000000
0	27.359000	13.913043	240.000000	320.000000
0	27.391000	13.913043	240.000000	320.000000
0	27.422000	13.913043	240.000000	320.000000
0	27.453000	13.913043	240.000000	320.000000
0	27.484000	13.913043	240.000000	320.000000
0	27.515000	13.913043	240.000000	320.000000
0	27.562000	13.913043	240.000000	320.000000
0	27.593000	13.913043	240.000000	320.000000
0	27.625000	13.913043	240.000000	320.000000
0	27.656000	13.913043	240.000000	320.000000
0	27.687000	13.913043	240.000000	320.000000
0	27.718000	13.913043	240.000000	320.000000
0	27.749000	13.913043	240.000000	320.000000
0	27.796000	13.913043	240.000000	320.000000
0	27.827000	13.913043	240.000000	320.000000
0	27.859000	13.913043	240.000000	320.000000
0	27.890000	13.913043	240.000000	320.000000
0	27.921000	13.913043	240.000000	320.000000
0	27.952000	13.913043	240.000000	320.000000
0	27.983000	13.913043	240.000000	320.000000
0	28.015000	13.913043	240.000000	320.000000
0	28.061000	13.913043	240.000000	320.000000
0	28.093000	13.913043	240.000000	320.000000
0	28.124000	13.913043	240.000000	320.000000
0	28.155000	13.913043	240.000000	320.000000
0	28.186000	13.913043	240.000000	320.000000
0	28.217000	13.913043	240.000000	320.000000
0	28.249000	13.913043	240.000000	320.000000
0	28.295000	13.913043	240.000000	320.000000
0	28.327000	13.913043	240.000000	320.000000
0	28.358000	13.913043	240.000000	320.000000
0	28.389000	13.913043	240.000000	320.000000
0	28.420000	13.913043	240.000000	320.000000
0	28.451000	13.913043	240.000000	320.000000
0	28.483000	13.913043	240.000000	320.000000
0	28.529000	13.913043	240.000000	320.000000
0	28.561000	13.913043	240.000000	320.000000
0	28.592000	13.913043	240.000000	320.000000
0	28.623000	13.913043	240.000000	320.000000
0	28.654000	13.913043	240.000000	320.000000
0	28.685000	13.913043	240.000000	320.000000
0	28.717000	13.913043	240.000000	320.000000
0	28.748000	13.913043	240.000000	320.000000
0	28.795000	13.913043	240.000000	320.000000
0	28.826000	13.913043	240.000000	320.000000
0	28.857000	13.913043	240.000000	320.000000
0	28.888000	13.913043	240.000000	320.000000
0	28.919000	13.913043	240.000000	320.000000
0	28.951000	13.913043	240.000000	320.000000
0	28.982000	13.913043	240.000000	320.000000
0	29.029000	13.913043	240.000000	320.000000
0	29.060000	13.913043	240.000000	320.000000
0	29.091000	13.913043	240.000000	320.000000
0	29.122000	13.913043	240.000000	320.000000
0	29.153000	13.913043	240.000000	320.000000
0	29.185000	13.913043	240.000000	320.000000
0	29.216000	13.913043	240.000000	320.000000
0	29.263000	13.913043	240.000000	320.000000
0	29.294000	13.913043	240.000000	320.000000
0	29.325000	13.913043	240.000000	320.000000
0	29.356000	13.913043	240.000000	320.000000
0	29.387000	13.913043	240.000000	320.000000
0	29.419000	13.913043	240.000000	320.000000
0	29.450000	13.913043	240.000000	320.000000
0	29.481000	13.913043	240.000000	320.000000
0	29.528000	13.913043	240.000000	320.000000
0	29.559000	13.913043	240.000000	320.000000
0	29.590000	13.913043	240.000000	320.000000
0	29.621000	13.913043	240.000000	320.000000
0	29.653000	13.913043	240.000000	320.000000
0	29.684000	13.913043	240.000000	320.000000
0	29.715000	13.913043	240.000000	320.000000
0	29.762000	13.913043	240.000000	320.000000
0	29.793000	13.913043	240.000000	320.000000
0	29.824000	13.913043	240.000000	320.000000
0	29.855000	13.913043	240.000000	320.000000
0	29.887000	13.913043	240.000000	320.000000
0	29.918000	13.913043	240.000000	320.000000
0	29.949000	13.913043	240.000000	320.000000
0	29.980000	13.913043	240.000000	320.000000
<\LEFT-PUPIL-DATA>
<RIGHT-PUPIL-ANALYSIS>
1
0	0	18	902	0	0	0.510000	29.518000	0.509000	100.059952	0.000000	0.000000	0.000000	0	3	3	3	3	0	0	0	0.000000	0.000000	0.000000	0.000000	0.000000	0.000000	0.000000	-1.000000	0.000000	0	1.044408	0.624261	0.856716	0.306202	0.252000	-0.280660	-0.747284	-1.000000	0.033528	1	1.044408	0.624261	0.856716	0.306202	0.252000	-0.281287	-0.747285	-1.000000	0.034748
<\RIGHT-PUPIL-ANALYSIS>
<LEFT-PUPIL-ANALYSIS>
1
0	0	18	902	0	0	0.510000	29.518000	0.509000	100.059952	0.000000	0.000000	0.000000	0	3	3	3	3	0	0	0	0.000000	0.000000	0.000000	0.000000	0.000000	0.000000	0.000000	-1.000000	0.000000	0	-0.034783	-0.034783	0.000950	0.000950	0.033000	0.000000	0.000000	-1.000000	0.000000	1	-0.034783	-0.034783	0.000950	0.000950	0.033000	-1000000.000000	-1000000.000000	-1.000000	0.000000
<\LEFT-PUPIL-ANALYSIS>
%%%%%%%%%
%%%%%%%%%
%%%%%%%%%
%%%	Measurement Tiime is: 2017-10-31 12:43:33
%%%	Subject ID is: C57BL6-28.09.17-DA-1mois-F1-2b
%%%	Note: 
%%%	RSS: Default Human Relative Spectral Sensitivity
%%%	Pupil Analysis:
%%%
%%%
%%%
%%%	Pulse Index:	0
%%%	Stimulus Session Index:	0
%%%	Right Pupil Stimulated
%%%	Light Metric is Photopic
%%%	Stimulus Start Time(sec):	0.51
%%%	Stimulus Duration(sec):	29.52
%%%	Stimulus Pulse Duration(sec):	0.51
%%%	Right Pulse:	100.06	(Blue )	-	0.00	(Blue )	[Lux ]
%%%	Left Pulse:	0.00	(Blue )	-	0.00	(Blue )	[Lux ]
%%%
%%%		RIGHT	LEFT	R.Pupil Mean	L.Pupil Mean	R.Stim Mean	R.Stim Mean
%%%	INPUT:	RAW DATA	RAW DATA
%%%	STATE:	ABNORMAL	ABNORMAL	ABNORMAL	ABNORMAL	ABNORMAL	ABNORMAL
%%%	MAX(mm):	0.00	0.00	0.00	0.00	0.00	0.00
%%%	MIN(mm):	0.00	0.00	0.00	0.00	0.00	0.00
%%%	DELTA(mm):						
%%%	CH(%):						
%%%	LAT(sec):	0.00	0.00	0.00	0.00	0.00	0.00
%%%	CV(mm/s):	0.00	0.00	0.00	0.00	0.00	0.00
%%%	MCV(mm/s):	0.00	0.00	0.00	0.00	0.00	0.00
%%%	DV(mm/s):	0.00	0.00	0.00	0.00	0.00	0.00
%%%%%%%%%
%%%%%%%%%
%%%%%%%%%
%%%	Right Pupil Profile (1st row -> 1 == valid tracking, 0 == invalid tracking; 2nd row -> time; 3rd row -> diameter (mm))
%%%	1	0	1	1	1	0	0	1	1	1	0	1	1	0	1	1	0	1	1	1	0	1	1	0	1	1	1	1	1	1	1	1	1	1	1	1	1	1	1	1	1	1	0	1	1	0	1	1	1	1	1	1	1	1	1	1	0	1	1	1	1	1	1	1	1	1	1	1	1	1	1	1	1	1	1	1	1	1	1	1	1	1	1	1	1	1	1	1	1	1	1	1	1	1	1	1	1	1	1	1	1	1	1	1	1	1	1	1	1	1	1	1	1	1	1	1	1	1	1	1	1	1	1	1	1	1	1	1	1	1	1	1	1	1	1	0	1	1	1	1	1	1	0	1	1	0	1	1	1	1	1	1	1	1	1	1	1	1	1	1	1	1	1	1	1	1	1	1	1	1	1	1	1	1	1	1	1	1	0	1	1	1	1	1	1	1	1	1	1	1	1	1	1	1	1	1	1	1	1	1	1	1	1	1	1	1	1	0	1	0	1	1	1	1	1	1	1	1	1	1	1	1	1	1	1	1	1	1	1	1	1	1	1	1	1	1	1	1	1	1	1	1	1	1	1	1	1	1	1	1	1	1	1	0	1	1	1	1	1	1	1	1	1	1	1	1	1	1	1	1	1	1	0	1	1	1	1	1	1	1	1	1	1	1	1	1	1	1	1	1	1	1	1	1	1	1	1	1	1	1	1	1	1	1	1	1	1	1	1	1	1	1	1	1	1	1	1	1	1	1	1	1	1	1	1	0	1	1	0	1	1	1	1	1	1	1	1	1	1	0	1	1	1	1	1	1	1	1	1	1	1	1	1	1	1	1	1	1	1	1	1	1	1	1	1	1	1	1	1	1	1	1	1	1	1	1	1	1	1	1	1	1	1	0	1	1	1	1	1	1	1	1	1	1	1	1	1	1	1	1	1	1	1	0	1	1	1	1	1	1	1	1	1	1	1	1	1	1	1	1	1	1	1	1	1	1	1	1	1	1	1	1	0	1	1	1	1	1	1	1	1	1	1	1	1	1	1	1	1	0	1	1	0	1	1	1	1	1	1	1	1	1	1	1	1	1	0	1	1	1	1	1	1	1	1	1	1	1	1	1	1	1	1	1	1	1	1	1	1	1	1	1	1	1	1	1	1	1	1	1	1	1	1	1	1	1	1	1	1	1	1	1	1	1	1	1	1	1	1	1	1	1	1	1	1	1	1	1	1	0	1	1	1	1	1	1	1	1	1	1	1	1	1	1	1	1	1	1	1	1	1	1	1	1	1	1	1	1	1	1	1	1	1	1	1	1	1	1	1	1	1	1	1	1	1	1	1	1	1	1	1	1	1	1	1	1	1	1	1	1	1	1	1	1	1	1	1	1	1	1	1	1	0	1	1	1	1	1	1	1	1	1	1	1	1	1	1	1	1	1	1	1	1	1	1	1	1	1	1	1	1	1	1	1	1	1	1	1	1	1	1	1	1	1	1	1	1	1	1	1	1	1	1	1	1	1	1	1	1	1	1	1	1	1	1	1	1	1	1	1	1	1	1	1	1	1	1	1	1	1	1	1	1	1	1	1	1	1	1	1	0	1	0	1	1	1	1	1	1	1	1	1	1	1	1	1	1	1	1	0	1	0	1	1	1	1	1	1	1	1	1	1	1	1	1	1	1	1	1	1	1	1	1	1	1	1	1	1	1	1	1	1	1	1	1	0	1	1	1	1	1	1	1	1	1	1	0	1	1	1	1	1	0	1	1	0	1	1	1	1	1	1	1	1	1	1	1	1	1	1	1	1	1	1	1	1	1	1	1	0	1	0	1	1	1	1	1	1	1	1	1	1	1	1	1	1	1	1	1	1	1	1	1	1	0	1	1	1	0	1	1	1	1	1	1	1	1	1	1	1	1	1	1	1	1	1	1	1	1	1	1	0	1	1	1	1	0	1	1	1	1	1	0	1	1	1	0	0	1	0	1	1	0	1	1	1	0	1	1	1	1	1	1	1	1	0	1	0	1	1	1	0	1	1	1	1	1	1	1	1	1	1	1	1	0	1	1	1	1	1	1	1	1
%%%	-0.065000	-0.034000	-0.003000	0.029000	0.060000	0.107000	0.138000	0.169000	0.200000	0.231000	0.263000	0.294000	0.341000	0.372000	0.403000	0.434000	0.465000	0.497000	0.528000	0.575000	0.606000	0.637000	0.668000	0.699000	0.731000	0.762000	0.793000	0.840000	0.871000	0.902000	0.933000	0.965000	0.996000	1.027000	1.074000	1.105000	1.136000	1.167000	1.199000	1.230000	1.261000	1.308000	1.339000	1.370000	1.401000	1.433000	1.464000	1.495000	1.526000	1.573000	1.604000	1.635000	1.667000	1.698000	1.729000	1.760000	1.807000	1.838000	1.869000	1.901000	1.932000	1.963000	1.994000	2.041000	2.072000	2.103000	2.135000	2.166000	2.197000	2.228000	2.259000	2.306000	2.337000	2.369000	2.400000	2.431000	2.462000	2.493000	2.540000	2.571000	2.603000	2.634000	2.665000	2.696000	2.727000	2.774000	2.805000	2.837000	2.868000	2.899000	2.930000	2.961000	2.993000	3.039000	3.071000	3.102000	3.133000	3.164000	3.195000	3.227000	3.258000	3.305000	3.336000	3.367000	3.398000	3.429000	3.461000	3.492000	3.539000	3.570000	3.601000	3.632000	3.664000	3.695000	3.726000	3.773000	3.804000	3.835000	3.866000	3.898000	3.929000	3.960000	3.991000	4.038000	4.069000	4.100000	4.132000	4.163000	4.194000	4.225000	4.272000	4.303000	4.334000	4.366000	4.397000	4.428000	4.459000	4.506000	4.537000	4.568000	4.600000	4.631000	4.662000	4.693000	4.724000	4.771000	4.802000	4.834000	4.865000	4.896000	4.927000	4.958000	5.005000	5.036000	5.068000	5.099000	5.130000	5.161000	5.192000	5.239000	5.270000	5.302000	5.333000	5.364000	5.395000	5.426000	5.458000	5.504000	5.536000	5.567000	5.598000	5.629000	5.660000	5.692000	5.738000	5.770000	5.801000	5.832000	5.863000	5.894000	5.926000	5.972000	6.004000	6.035000	6.066000	6.097000	6.128000	6.160000	6.191000	6.238000	6.269000	6.300000	6.331000	6.362000	6.394000	6.425000	6.472000	6.503000	6.534000	6.565000	6.596000	6.628000	6.659000	6.706000	6.737000	6.768000	6.799000	6.830000	6.862000	6.893000	6.924000	6.971000	7.002000	7.033000	7.064000	7.096000	7.127000	7.158000	7.189000	7.236000	7.267000	7.298000	7.330000	7.361000	7.392000	7.423000	7.470000	7.501000	7.532000	7.564000	7.595000	7.626000	7.657000	7.704000	7.735000	7.766000	7.798000	7.829000	7.860000	7.891000	7.922000	7.969000	8.000000	8.032000	8.063000	8.094000	8.125000	8.156000	8.203000	8.234000	8.266000	8.297000	8.328000	8.359000	8.390000	8.437000	8.468000	8.500000	8.531000	8.562000	8.593000	8.624000	8.656000	8.702000	8.734000	8.765000	8.796000	8.827000	8.858000	8.890000	8.936000	8.968000	8.999000	9.030000	9.061000	9.092000	9.124000	9.170000	9.202000	9.233000	9.264000	9.295000	9.326000	9.358000	9.389000	9.436000	9.467000	9.498000	9.529000	9.560000	9.592000	9.623000	9.670000	9.701000	9.732000	9.763000	9.794000	9.826000	9.857000	9.904000	9.935000	9.966000	9.997000	10.028000	10.060000	10.091000	10.122000	10.169000	10.200000	10.231000	10.262000	10.294000	10.325000	10.356000	10.403000	10.434000	10.465000	10.496000	10.528000	10.559000	10.590000	10.637000	10.668000	10.699000	10.730000	10.762000	10.793000	10.824000	10.855000	10.902000	10.933000	10.964000	10.996000	11.027000	11.058000	11.089000	11.136000	11.167000	11.198000	11.230000	11.261000	11.292000	11.323000	11.354000	11.401000	11.432000	11.464000	11.495000	11.526000	11.557000	11.588000	11.635000	11.666000	11.698000	11.729000	11.760000	11.791000	11.822000	11.869000	11.900000	11.932000	11.963000	11.994000	12.025000	12.056000	12.088000	12.134000	12.166000	12.197000	12.228000	12.259000	12.290000	12.322000	12.368000	12.400000	12.431000	12.462000	12.493000	12.524000	12.556000	12.587000	12.634000	12.665000	12.696000	12.727000	12.758000	12.790000	12.821000	12.868000	12.899000	12.930000	12.961000	12.992000	13.024000	13.055000	13.102000	13.133000	13.164000	13.195000	13.226000	13.258000	13.289000	13.320000	13.367000	13.398000	13.429000	13.460000	13.492000	13.523000	13.554000	13.601000	13.632000	13.663000	13.694000	13.726000	13.757000	13.788000	13.835000	13.866000	13.897000	13.928000	13.960000	13.991000	14.022000	14.053000	14.100000	14.131000	14.162000	14.194000	14.225000	14.256000	14.287000	14.334000	14.365000	14.396000	14.428000	14.459000	14.490000	14.521000	14.568000	14.599000	14.630000	14.662000	14.693000	14.724000	14.755000	14.786000	14.833000	14.864000	14.896000	14.927000	14.958000	14.989000	15.020000	15.067000	15.098000	15.130000	15.161000	15.192000	15.223000	15.254000	15.286000	15.332000	15.364000	15.395000	15.426000	15.457000	15.488000	15.520000	15.566000	15.598000	15.629000	15.660000	15.691000	15.722000	15.754000	15.800000	15.832000	15.863000	15.894000	15.925000	15.956000	15.988000	16.019000	16.066000	16.097000	16.128000	16.159000	16.190000	16.222000	16.253000	16.300000	16.331000	16.362000	16.393000	16.424000	16.456000	16.487000	16.534000	16.565000	16.596000	16.627000	16.658000	16.690000	16.721000	16.752000	16.799000	16.830000	16.861000	16.892000	16.924000	16.955000	16.986000	17.033000	17.064000	17.095000	17.126000	17.158000	17.189000	17.220000	17.267000	17.298000	17.329000	17.360000	17.392000	17.423000	17.454000	17.485000	17.532000	17.563000	17.594000	17.626000	17.657000	17.688000	17.719000	17.766000	17.797000	17.828000	17.860000	17.891000	17.922000	17.953000	18.000000	18.031000	18.062000	18.094000	18.125000	18.156000	18.187000	18.218000	18.265000	18.296000	18.328000	18.359000	18.390000	18.421000	18.452000	18.499000	18.530000	18.562000	18.593000	18.624000	18.655000	18.686000	18.718000	18.764000	18.796000	18.827000	18.858000	18.889000	18.920000	18.952000	18.998000	19.030000	19.061000	19.092000	19.123000	19.154000	19.186000	19.217000	19.264000	19.295000	19.326000	19.357000	19.388000	19.420000	19.451000	19.498000	19.529000	19.560000	19.591000	19.622000	19.654000	19.685000	19.732000	19.763000	19.794000	19.825000	19.856000	19.888000	19.919000	19.950000	19.997000	20.028000	20.059000	20.090000	20.122000	20.153000	20.184000	20.231000	20.262000	20.293000	20.324000	20.356000	20.387000	20.418000	20.465000	20.496000	20.527000	20.558000	20.590000	20.621000	20.652000	20.683000	20.730000	20.761000	20.792000	20.824000	20.855000	20.886000	20.917000	20.964000	20.995000	21.026000	21.058000	21.089000	21.120000	21.151000	21.198000	21.229000	21.260000	21.292000	21.323000	21.354000	21.385000	21.416000	21.463000	21.494000	21.526000	21.557000	21.588000	21.619000	21.650000	21.697000	21.728000	21.760000	21.791000	21.822000	21.853000	21.884000	21.931000	21.962000	21.994000	22.025000	22.056000	22.087000	22.118000	22.150000	22.196000	22.228000	22.259000	22.290000	22.321000	22.352000	22.384000	22.430000	22.462000	22.493000	22.524000	22.555000	22.586000	22.618000	22.664000	22.696000	22.727000	22.758000	22.789000	22.820000	22.852000	22.883000	22.930000	22.961000	22.992000	23.023000	23.054000	23.086000	23.117000	23.148000	23.195000	23.226000	23.257000	23.288000	23.320000	23.351000	23.382000	23.429000	23.460000	23.491000	23.522000	23.554000	23.585000	23.616000	23.663000	23.694000	23.725000	23.756000	23.788000	23.819000	23.850000	23.881000	23.928000	23.959000	23.990000	24.022000	24.053000	24.084000	24.115000	24.162000	24.193000	24.224000	24.256000	24.287000	24.318000	24.349000	24.396000	24.427000	24.458000	24.490000	24.521000	24.552000	24.583000	24.614000	24.661000	24.692000	24.724000	24.755000	24.786000	24.817000	24.848000	24.895000	24.926000	24.958000	24.989000	25.020000	25.051000	25.082000	25.129000	25.160000	25.192000	25.223000	25.254000	25.285000	25.316000	25.348000	25.394000	25.426000	25.457000	25.488000	25.519000	25.550000	25.582000	25.628000	25.660000	25.691000	25.722000	25.753000	25.784000	25.816000	25.862000	25.894000	25.925000	25.956000	25.987000	26.018000	26.050000	26.081000	26.128000	26.159000	26.190000	26.221000	26.252000	26.284000	26.315000	26.362000	26.393000	26.424000	26.455000	26.486000	26.518000	26.549000	26.596000	26.627000	26.658000	26.689000	26.720000	26.752000	26.783000	26.814000	26.861000	26.892000	26.923000	26.954000	26.986000	27.017000	27.048000	27.095000	27.126000	27.157000	27.188000	27.220000	27.251000	27.282000	27.313000	27.360000	27.391000	27.422000	27.454000	27.485000	27.516000	27.547000	27.594000	27.625000	27.656000	27.688000	27.719000	27.750000	27.781000	27.812000	27.859000	27.890000	27.922000	27.953000	27.984000	28.015000	28.046000	28.093000	28.124000	28.156000	28.187000	28.218000	28.249000	28.280000	28.327000	28.358000	28.390000	28.421000	28.452000	28.483000	28.514000	28.546000	28.592000	28.624000	28.655000	28.686000	28.717000	28.748000	28.780000	28.826000	28.858000	28.889000	28.920000	28.951000	28.982000	29.014000	29.060000	29.092000	29.123000	29.154000	29.185000	29.216000	29.248000	29.279000	29.326000	29.357000	29.388000	29.419000	29.450000	29.482000	29.513000	29.560000	29.591000	29.622000	29.653000	29.684000	29.716000	29.747000	29.794000	29.825000	29.856000	29.887000	29.918000	29.950000	29.981000
%%%	1.061884	1.511741	1.081594	1.089855	1.060290	0.916812	1.028841	1.064638	1.000580	1.084058	0.954928	1.087246	1.061884	0.950725	1.074493	1.061449	0.937536	1.092898	1.020290	1.051159	0.985507	1.035507	1.070725	0.984348	1.060870	1.050580	1.044058	0.998406	1.000725	0.979710	0.969710	0.951015	0.951594	0.881159	0.926087	0.885942	0.855362	0.840290	0.820145	0.840290	0.829420	0.742029	0.811594	0.796667	0.792898	1.467971	0.744203	0.756667	0.742898	0.759855	0.731014	0.742029	0.712319	0.708841	0.690145	0.690290	0.626087	0.690145	0.672319	0.673333	0.659275	0.652029	0.672319	0.650580	0.626087	0.670580	0.673333	0.626087	0.640145	0.602899	0.633768	0.618406	0.648406	0.626087	0.647536	0.643478	0.643478	0.632029	0.643623	0.642319	0.643623	0.637681	0.637101	0.628985	0.625072	0.645362	0.644203	0.636377	0.632029	0.648551	0.661449	0.647246	0.642464	0.626087	0.650000	0.626087	0.661449	0.662464	0.660145	0.642899	0.664058	0.648406	0.655072	0.675507	0.660870	0.642319	0.663043	0.664058	0.644928	0.641884	0.650725	0.626087	0.651594	0.626087	0.654928	0.672899	0.661449	0.666812	0.692754	0.684203	0.681449	0.692029	0.674493	0.666377	0.695072	0.666812	0.685073	0.707536	0.721594	0.681014	0.690290	0.705942	0.673333	0.690725	0.690145	0.718841	0.705362	0.689710	0.692899	0.707536	0.703768	0.700145	1.424492	0.690290	0.722899	0.718841	0.690290	0.681594	0.707101	0.707246	0.702754	0.707246	0.690145	0.707681	0.698406	0.688116	0.708841	0.690580	0.696232	0.718841	0.705942	0.716377	0.713623	0.716232	0.734203	0.713623	0.720290	0.695652	0.707101	0.718986	0.718551	0.709275	0.730435	0.707681	0.721449	0.708116	0.729855	0.695652	0.626087	0.710145	0.695652	0.690290	0.683623	0.690145	0.684058	0.682029	0.718841	0.718841	0.689710	0.718841	0.693188	0.704348	0.705362	0.699420	0.681449	0.714638	0.692319	0.722899	0.681594	0.687536	0.666812	0.677681	0.695652	0.690290	0.689710	0.689710	0.672464	0.626087	0.684058	0.626087	0.720580	0.707536	0.724493	0.712464	0.704493	0.707246	0.715217	0.672319	0.713043	0.707246	0.713043	0.704348	0.707246	0.705362	0.699420	0.707681	0.695652	0.696667	0.715942	0.713623	0.698406	0.701594	0.703333	0.691884	0.712464	0.718841	0.689710	0.690290	0.672464	0.710580	0.690290	0.711159	0.686377	0.699420	0.713188	0.702899	0.747826	0.716812	0.676812	0.722899	0.713623	0.690145	0.742029	0.626087	0.707101	0.698406	0.707681	0.716377	0.702899	0.690290	0.712464	0.709275	0.672464	0.709855	0.712464	0.708116	0.699420	0.707971	0.699420	0.695072	0.694638	0.697681	0.626087	0.707536	0.712464	0.626087	0.670000	0.721159	0.691884	0.712319	0.690290	0.690290	0.694493	0.707536	0.695652	0.720580	0.708841	0.695652	0.733768	0.718841	0.711594	0.672464	0.724493	0.711884	0.735362	0.696812	0.713623	0.718551	0.729855	0.707681	0.707102	0.672319	0.672464	0.718841	0.713043	0.718841	0.727681	0.707681	0.718406	0.729275	0.733768	0.703188	0.722319	0.711159	0.720725	0.718551	0.718841	0.718551	0.712319	0.652319	0.718841	0.713623	0.734203	0.707536	0.707101	0.692464	0.715942	0.718841	1.407972	0.672464	0.752029	0.742319	0.682898	0.707536	0.733188	0.720580	0.729855	0.716377	0.730435	0.672464	0.722319	0.744203	0.718841	0.757536	0.689710	0.736377	0.721594	0.707971	0.720145	0.716377	0.672464	0.718551	0.735797	0.733768	0.718841	0.712464	0.734928	0.749420	0.737971	0.722899	0.737971	0.734928	0.672464	0.745072	0.737971	0.744058	0.729855	0.731014	0.713623	0.744058	0.722319	0.741884	0.712899	0.708841	0.747681	0.737971	0.672464	0.765942	0.716232	0.734638	0.710580	0.719710	0.707681	0.718841	0.663623	0.717971	0.756667	0.685362	0.718841	0.752899	0.672319	0.727681	0.707681	0.705942	0.744203	0.731449	0.747681	0.744203	0.746377	0.733333	0.724493	0.758985	0.785073	0.718841	0.762753	0.761594	0.784492	0.753188	0.811594	0.747246	0.756522	0.753623	0.747826	0.765217	0.742029	0.774928	0.761449	0.787536	0.801159	0.774058	0.739130	0.805797	0.800725	0.777536	0.805362	0.779420	0.796667	0.829855	0.744638	0.787536	0.712319	0.812464	0.811594	0.814203	0.727101	0.796232	0.767101	0.792464	0.801594	0.773333	0.794638	0.759855	0.754928	0.786812	0.805942	0.792898	0.800580	0.800580	0.751594	0.695652	0.788406	0.735797	0.695652	0.820580	0.743333	0.831015	0.801159	0.813623	0.814058	0.805942	0.787536	0.788406	0.823333	0.814203	0.822899	0.811594	0.761594	0.718841	0.718841	0.695652	0.800580	0.814203	0.794928	0.841884	0.794493	0.718841	0.742319	0.791159	0.755507	0.695652	0.773188	0.766377	0.800580	0.783188	0.781015	0.795072	0.811449	0.829275	0.811884	0.742898	0.765217	0.782609	0.799420	0.790869	0.794493	0.765217	0.746812	0.756377	0.746377	0.789130	0.760290	0.747971	0.781015	0.799420	0.743333	0.794638	0.800000	0.764493	0.807246	0.724493	0.814058	0.744493	0.721159	0.792898	0.788116	0.814203	0.777246	0.742029	0.805797	0.707681	0.751594	0.733768	0.794638	0.810290	0.811594	0.744203	0.745797	0.813623	0.788551	0.718841	0.774638	0.742029	0.746812	0.811594	0.755362	0.812464	0.716377	0.801015	0.801159	0.788406	0.801015	0.814058	0.765942	0.799420	0.822319	0.813623	0.829420	0.810290	0.825362	0.747971	0.796666	0.800725	0.801015	0.811594	0.817391	0.724493	0.835797	0.792464	0.817391	0.826667	0.827681	0.809275	0.811594	0.814638	0.801594	0.839275	0.815942	0.797101	0.802029	0.747971	0.755072	0.816377	0.718841	0.812464	0.792898	0.787536	0.815507	0.811594	0.718406	0.765217	0.764638	0.734058	0.801015	0.745507	0.796667	0.768551	0.779275	0.786812	0.805942	0.814058	0.792464	0.804928	0.759275	0.764058	0.768985	0.733188	0.801015	0.787971	0.794638	0.771739	0.797246	0.761449	0.729855	0.787536	0.788116	0.816377	0.752899	0.718406	0.761594	0.796667	0.765362	0.744203	0.777246	0.769710	0.758986	0.781449	0.761014	0.776232	0.756667	0.804928	0.814203	0.765217	0.811594	0.778116	0.831449	0.797246	0.787971	0.805507	0.741884	0.835942	0.809420	0.765217	0.796232	0.791884	0.805942	0.747246	0.788116	0.777246	0.805942	0.773188	0.809275	0.742898	0.788116	0.751449	0.800580	0.707101	0.765217	0.781449	0.799420	0.761014	0.811594	0.805797	0.718551	0.781884	0.776667	0.771014	0.801159	0.751594	0.733768	0.796232	0.792029	0.796232	0.779420	0.822754	0.779420	0.763623	0.801159	0.765217	0.744203	0.805507	0.707101	0.755942	0.765362	0.796667	0.796232	0.792464	0.813623	0.820145	0.814203	0.783333	0.811449	0.803332	0.800000	0.724493	0.809855	0.783768	0.794638	0.792464	0.774638	0.768985	0.718841	0.747681	0.708841	0.755362	0.814203	0.774493	0.797246	0.743623	0.822319	0.761594	0.742898	0.809855	0.786232	0.799710	0.751159	0.787536	0.755362	0.708116	0.788406	0.725072	0.761014	0.712899	0.760290	0.748841	0.805797	0.718841	0.721159	0.753188	0.790724	0.727101	0.757971	0.805797	0.744203	0.815362	0.801594	0.840145	0.838551	0.788406	0.840580	0.809275	0.744203	0.746812	0.814058	0.799420	0.794638	0.790579	0.748551	0.788406	0.833188	0.794058	0.794493	0.765217	0.789855	0.768985	0.801594	0.718841	0.811884	0.794058	0.795072	0.792898	0.744638	0.741014	0.722754	0.727101	0.720145	0.737971	0.722319	0.781449	0.708841	0.742319	0.831594	0.786232	0.718841	0.764058	0.742029	0.718841	0.723768	0.786812	0.771014	0.770145	0.782609	0.731014	0.738551	0.795072	0.747971	0.765217	0.738551	0.742029	0.747971	0.765217	0.734203	0.718551	0.759710	0.788406	0.735507	0.764058	0.718841	0.781884	0.765217	0.718841	0.742029	0.722754	0.791304	0.746812	0.800000	0.725507	0.748985	0.814058	0.774493	0.725072	0.796232	0.785073	0.778116	0.764638	0.742029	0.763623	0.721014	0.777681	0.733768	0.722754	0.734203	0.786667	0.753623	0.761014	0.742319	0.726812	0.795072	0.748551	0.718841	0.765797	0.794493	0.742898	0.770580	0.744638	0.748551	0.773768	0.794493	0.737971	0.765217	0.733768	0.718841	0.770580	0.742029	0.721015	0.785507	0.752754	0.761449	0.757971	0.742898	0.741884	0.742319	0.718841	0.773913	0.792029	0.718406	0.765217	0.718841	0.779855	0.794203	0.759275	0.814203	0.772754	0.718841	0.797246	0.742319	0.818551	0.747536	0.695652	0.752754	0.709710	0.785942	0.840145	0.811594	0.765942	0.794203	0.783333	0.751159	0.800000	0.783188	0.839275	0.822899	0.815942	0.820725	0.835797	0.765217	0.767681	0.814638	0.718841	0.813623	0.774493	0.742029	0.718841	0.783188	0.796667	0.769565	0.738551	0.800580	0.815942	0.814058	0.814058	0.778116	0.779420	0.788116	0.765217	0.718841	0.794058	0.782464	0.791739	0.801015	0.795072	0.761449	0.800000	0.760145
%%%	Left Pupil Profile (1st row -> 1 == valid tracking, 0 == invalid tracking; 2nd row -> time; 3rd row -> diameter (mm))
%%%	0	0	0	0	0	0	0	0	0	0	0	0	0	0	0	0	0	0	0	0	0	0	0	0	0	0	0	0	0	0	0	0	0	0	0	0	0	0	0	0	0	0	0	0	0	0	0	0	0	0	0	0	0	0	0	0	0	0	0	0	0	0	0	0	0	0	0	0	0	0	0	0	0	0	0	0	0	0	0	0	0	0	0	0	0	0	0	0	0	0	0	0	0	0	0	0	0	0	0	0	0	0	0	0	0	0	0	0	0	0	0	0	0	0	0	0	0	0	0	0	0	0	0	0	0	0	0	0	0	0	0	0	0	0	0	0	0	0	0	0	0	0	0	0	0	0	0	0	0	0	0	0	0	0	0	0	0	0	0	0	0	0	0	0	0	0	0	0	0	0	0	0	0	0	0	0	0	0	0	0	0	0	0	0	0	0	0	0	0	0	0	0	0	0	0	0	0	0	0	0	0	0	0	0	0	0	0	0	0	0	0	0	0	0	0	0	0	0	0	0	0	0	0	0	0	0	0	0	0	0	0	0	0	0	0	0	0	0	0	0	0	0	0	0	0	0	0	0	0	0	0	0	0	0	0	0	0	0	0	0	0	0	0	0	0	0	0	0	0	0	0	0	0	0	0	0	0	0	0	0	0	0	0	0	0	0	0	0	0	0	0	0	0	0	0	0	0	0	0	0	0	0	0	0	0	0	0	0	0	0	0	0	0	0	0	0	0	0	0	0	0	0	0	0	0	0	0	0	0	0	0	0	0	0	0	0	0	0	0	0	0	0	0	0	0	0	0	0	0	0	0	0	0	0	0	0	0	0	0	0	0	0	0	0	0	0	0	0	0	0	0	0	0	0	0	0	0	0	0	0	0	0	0	0	0	0	0	0	0	0	0	0	0	0	0	0	0	0	0	0	0	0	0	0	0	0	0	0	0	0	0	0	0	0	0	0	0	0	0	0	0	0	0	0	0	0	0	0	0	0	0	0	0	0	0	0	0	0	0	0	0	0	0	0	0	0	0	0	0	0	0	0	0	0	0	0	0	0	0	0	0	0	0	0	0	0	0	0	0	0	0	0	0	0	0	0	0	0	0	0	0	0	0	0	0	0	0	0	0	0	0	0	0	0	0	0	0	0	0	0	0	0	0	0	0	0	0	0	0	0	0	0	0	0	0	0	0	0	0	0	0	0	0	0	0	0	0	0	0	0	0	0	0	0	0	0	0	0	0	0	0	0	0	0	0	0	0	0	0	0	0	0	0	0	0	0	0	0	0	0	0	0	0	0	0	0	0	0	0	0	0	0	0	0	0	0	0	0	0	0	0	0	0	0	0	0	0	0	0	0	0	0	0	0	0	0	0	0	0	0	0	0	0	0	0	0	0	0	0	0	0	0	0	0	0	0	0	0	0	0	0	0	0	0	0	0	0	0	0	0	0	0	0	0	0	0	0	0	0	0	0	0	0	0	0	0	0	0	0	0	0	0	0	0	0	0	0	0	0	0	0	0	0	0	0	0	0	0	0	0	0	0	0	0	0	0	0	0	0	0	0	0	0	0	0	0	0	0	0	0	0	0	0	0	0	0	0	0	0	0	0	0	0	0	0	0	0	0	0	0	0	0	0	0	0	0	0	0	0	0	0	0	0	0	0	0	0	0	0	0	0	0	0	0	0	0	0	0	0	0	0	0	0	0	0	0	0	0	0	0	0	0	0	0	0	0	0	0	0	0	0	0	0	0	0	0	0	0	0	0	0	0	0	0	0	0	0	0	0	0	0	0	0	0	0	0	0	0	0	0	0	0	0	0	0	0	0	0	0	0	0	0	0	0	0	0	0	0	0	0	0	0	0	0	0	0	0	0	0	0	0	0	0	0	0	0	0	0	0	0	0	0	0	0	0	0	0	0	0	0	0	0	0	0	0	0	0	0	0	0	0	0	0	0	0	0	0	0	0	0	0	0	0	0	0	0	0	0	0	0	0	0	0	0	0	0	0	0	0	0	0	0	0	0	0	0	0	0	0	0	0	0	0	0	0	0	0	0	0	0	0	0	0
%%%	-0.066000	-0.034000	-0.003000	0.044000	0.075000	0.106000	0.137000	0.168000	0.200000	0.231000	0.262000	0.309000	0.340000	0.371000	0.402000	0.434000	0.465000	0.496000	0.543000	0.574000	0.605000	0.636000	0.668000	0.699000	0.730000	0.761000	0.808000	0.839000	0.870000	0.902000	0.933000	0.964000	0.995000	1.042000	1.073000	1.104000	1.136000	1.167000	1.198000	1.229000	1.276000	1.307000	1.338000	1.370000	1.401000	1.432000	1.463000	1.494000	1.541000	1.572000	1.604000	1.635000	1.666000	1.697000	1.728000	1.775000	1.806000	1.838000	1.869000	1.900000	1.931000	1.962000	2.009000	2.040000	2.072000	2.103000	2.134000	2.165000	2.196000	2.228000	2.274000	2.306000	2.337000	2.368000	2.399000	2.430000	2.462000	2.508000	2.540000	2.571000	2.602000	2.633000	2.664000	2.696000	2.727000	2.774000	2.805000	2.836000	2.867000	2.898000	2.930000	2.961000	3.008000	3.039000	3.070000	3.101000	3.132000	3.164000	3.195000	3.242000	3.273000	3.304000	3.335000	3.366000	3.398000	3.429000	3.460000	3.507000	3.538000	3.569000	3.601000	3.632000	3.663000	3.694000	3.741000	3.772000	3.803000	3.835000	3.866000	3.897000	3.928000	3.975000	4.006000	4.037000	4.069000	4.100000	4.131000	4.162000	4.193000	4.240000	4.271000	4.303000	4.334000	4.365000	4.396000	4.427000	4.474000	4.505000	4.537000	4.568000	4.599000	4.630000	4.661000	4.708000	4.739000	4.771000	4.802000	4.833000	4.864000	4.895000	4.927000	4.973000	5.005000	5.036000	5.067000	5.098000	5.129000	5.161000	5.207000	5.239000	5.270000	5.301000	5.332000	5.363000	5.395000	5.426000	5.473000	5.504000	5.535000	5.566000	5.597000	5.629000	5.660000	5.707000	5.738000	5.769000	5.800000	5.831000	5.863000	5.894000	5.941000	5.972000	6.003000	6.034000	6.065000	6.097000	6.128000	6.159000	6.206000	6.237000	6.268000	6.299000	6.331000	6.362000	6.393000	6.440000	6.471000	6.502000	6.533000	6.565000	6.596000	6.627000	6.658000	6.705000	6.736000	6.767000	6.799000	6.830000	6.861000	6.892000	6.939000	6.970000	7.001000	7.033000	7.064000	7.095000	7.126000	7.173000	7.204000	7.235000	7.267000	7.298000	7.329000	7.360000	7.391000	7.438000	7.469000	7.501000	7.532000	7.563000	7.594000	7.625000	7.672000	7.703000	7.735000	7.766000	7.797000	7.828000	7.859000	7.906000	7.937000	7.969000	8.000000	8.031000	8.062000	8.093000	8.125000	8.171000	8.203000	8.234000	8.265000	8.296000	8.327000	8.359000	8.405000	8.437000	8.468000	8.499000	8.530000	8.561000	8.593000	8.639000	8.671000	8.702000	8.733000	8.764000	8.795000	8.827000	8.858000	8.905000	8.936000	8.967000	8.998000	9.029000	9.061000	9.092000	9.139000	9.170000	9.201000	9.232000	9.263000	9.295000	9.326000	9.373000	9.404000	9.435000	9.466000	9.497000	9.529000	9.560000	9.591000	9.638000	9.669000	9.700000	9.731000	9.763000	9.794000	9.825000	9.872000	9.903000	9.934000	9.965000	9.997000	10.028000	10.059000	10.106000	10.137000	10.168000	10.199000	10.231000	10.262000	10.293000	10.324000	10.371000	10.402000	10.433000	10.465000	10.496000	10.527000	10.558000	10.589000	10.636000	10.667000	10.699000	10.730000	10.761000	10.792000	10.823000	10.870000	10.901000	10.933000	10.964000	10.995000	11.026000	11.057000	11.104000	11.135000	11.167000	11.198000	11.229000	11.260000	11.291000	11.323000	11.369000	11.401000	11.432000	11.463000	11.494000	11.525000	11.557000	11.603000	11.635000	11.666000	11.697000	11.728000	11.759000	11.791000	11.837000	11.869000	11.900000	11.931000	11.962000	11.993000	12.025000	12.056000	12.103000	12.134000	12.165000	12.196000	12.227000	12.259000	12.290000	12.337000	12.368000	12.399000	12.430000	12.461000	12.493000	12.524000	12.571000	12.602000	12.633000	12.664000	12.695000	12.727000	12.758000	12.789000	12.836000	12.867000	12.898000	12.929000	12.961000	12.992000	13.023000	13.070000	13.101000	13.132000	13.163000	13.195000	13.226000	13.257000	13.304000	13.335000	13.366000	13.397000	13.429000	13.460000	13.491000	13.522000	13.569000	13.600000	13.631000	13.663000	13.694000	13.725000	13.756000	13.803000	13.834000	13.865000	13.897000	13.928000	13.959000	13.990000	14.037000	14.068000	14.099000	14.131000	14.162000	14.193000	14.224000	14.255000	14.302000	14.333000	14.365000	14.396000	14.427000	14.458000	14.489000	14.521000	14.567000	14.599000	14.630000	14.661000	14.692000	14.723000	14.755000	14.801000	14.833000	14.864000	14.895000	14.926000	14.957000	14.989000	15.035000	15.067000	15.098000	15.129000	15.160000	15.191000	15.223000	15.254000	15.301000	15.332000	15.363000	15.394000	15.425000	15.457000	15.488000	15.535000	15.566000	15.597000	15.628000	15.659000	15.691000	15.722000	15.769000	15.800000	15.831000	15.862000	15.893000	15.925000	15.956000	15.987000	16.034000	16.065000	16.096000	16.127000	16.159000	16.190000	16.221000	16.268000	16.299000	16.330000	16.361000	16.393000	16.424000	16.455000	16.502000	16.533000	16.564000	16.595000	16.627000	16.658000	16.689000	16.720000	16.767000	16.798000	16.829000	16.861000	16.892000	16.923000	16.954000	17.001000	17.032000	17.063000	17.095000	17.126000	17.157000	17.188000	17.235000	17.266000	17.297000	17.329000	17.360000	17.391000	17.422000	17.453000	17.500000	17.531000	17.563000	17.594000	17.625000	17.656000	17.687000	17.734000	17.765000	17.797000	17.828000	17.859000	17.890000	17.921000	17.968000	17.999000	18.031000	18.062000	18.093000	18.124000	18.155000	18.187000	18.233000	18.265000	18.296000	18.327000	18.358000	18.389000	18.421000	18.467000	18.499000	18.530000	18.561000	18.592000	18.623000	18.655000	18.686000	18.733000	18.764000	18.795000	18.826000	18.857000	18.889000	18.920000	18.967000	18.998000	19.029000	19.060000	19.091000	19.123000	19.154000	19.185000	19.232000	19.263000	19.294000	19.325000	19.357000	19.388000	19.419000	19.466000	19.497000	19.528000	19.559000	19.591000	19.622000	19.653000	19.700000	19.731000	19.762000	19.793000	19.825000	19.856000	19.887000	19.918000	19.965000	19.996000	20.027000	20.059000	20.090000	20.121000	20.152000	20.199000	20.230000	20.261000	20.293000	20.324000	20.355000	20.386000	20.433000	20.464000	20.495000	20.527000	20.558000	20.589000	20.620000	20.651000	20.698000	20.729000	20.761000	20.792000	20.823000	20.854000	20.885000	20.932000	20.963000	20.995000	21.026000	21.057000	21.088000	21.119000	21.166000	21.197000	21.229000	21.260000	21.291000	21.322000	21.353000	21.385000	21.431000	21.463000	21.494000	21.525000	21.556000	21.587000	21.619000	21.665000	21.697000	21.728000	21.759000	21.790000	21.821000	21.853000	21.899000	21.931000	21.962000	21.993000	22.024000	22.055000	22.087000	22.118000	22.165000	22.196000	22.227000	22.258000	22.289000	22.321000	22.352000	22.399000	22.430000	22.461000	22.492000	22.523000	22.555000	22.586000	22.617000	22.664000	22.695000	22.726000	22.757000	22.789000	22.820000	22.851000	22.898000	22.929000	22.960000	22.991000	23.023000	23.054000	23.085000	23.132000	23.163000	23.194000	23.225000	23.257000	23.288000	23.319000	23.350000	23.397000	23.428000	23.459000	23.491000	23.522000	23.553000	23.584000	23.631000	23.662000	23.693000	23.725000	23.756000	23.787000	23.818000	23.865000	23.896000	23.927000	23.959000	23.990000	24.021000	24.052000	24.083000	24.130000	24.161000	24.193000	24.224000	24.255000	24.286000	24.317000	24.364000	24.395000	24.427000	24.458000	24.489000	24.520000	24.551000	24.583000	24.629000	24.661000	24.692000	24.723000	24.754000	24.785000	24.817000	24.863000	24.895000	24.926000	24.957000	24.988000	25.019000	25.051000	25.097000	25.129000	25.160000	25.191000	25.222000	25.253000	25.285000	25.316000	25.363000	25.394000	25.425000	25.456000	25.487000	25.519000	25.550000	25.597000	25.628000	25.659000	25.690000	25.721000	25.753000	25.784000	25.831000	25.862000	25.893000	25.924000	25.955000	25.987000	26.018000	26.049000	26.096000	26.127000	26.158000	26.189000	26.221000	26.252000	26.283000	26.330000	26.361000	26.392000	26.423000	26.455000	26.486000	26.517000	26.548000	26.595000	26.626000	26.657000	26.689000	26.720000	26.751000	26.782000	26.829000	26.860000	26.891000	26.923000	26.954000	26.985000	27.016000	27.063000	27.094000	27.125000	27.157000	27.188000	27.219000	27.250000	27.281000	27.328000	27.359000	27.391000	27.422000	27.453000	27.484000	27.515000	27.562000	27.593000	27.625000	27.656000	27.687000	27.718000	27.749000	27.796000	27.827000	27.859000	27.890000	27.921000	27.952000	27.983000	28.015000	28.061000	28.093000	28.124000	28.155000	28.186000	28.217000	28.249000	28.295000	28.327000	28.358000	28.389000	28.420000	28.451000	28.483000	28.529000	28.561000	28.592000	28.623000	28.654000	28.685000	28.717000	28.748000	28.795000	28.826000	28.857000	28.888000	28.919000	28.951000	28.982000	29.029000	29.060000	29.091000	29.122000	29.153000	29.185000	29.216000	29.263000	29.294000	29.325000	29.356000	29.387000	29.419000	29.450000	29.481000	29.528000	29.559000	29.590000	29.621000	29.653000	29.684000	29.715000	29.762000	29.793000	29.824000	29.855000	29.887000	29.918000	29.949000	29.980000
%%%	13.913043	13.913043	13.913043	13.913043	13.913043	13.913043	13.913043	13.913043	13.913043	13.913043	13.913043	13.913043	13.913043	13.913043	13.913043	13.913043	13.913043	13.913043	13.913043	13.913043	13.913043	13.913043	13.913043	13.913043	13.913043	13.913043	13.913043	13.913043	13.913043	13.913043	13.913043	13.913043	13.913043	13.913043	13.913043	13.913043	13.913043	13.913043	13.913043	13.913043	13.913043	13.913043	13.913043	13.913043	13.913043	13.913043	13.913043	13.913043	13.913043	13.913043	13.913043	13.913043	13.913043	13.913043	13.913043	13.913043	13.913043	13.913043	13.913043	13.913043	13.913043	13.913043	13.913043	13.913043	13.913043	13.913043	13.913043	13.913043	13.913043	13.913043	13.913043	13.913043	13.913043	13.913043	13.913043	13.913043	13.913043	13.913043	13.913043	13.913043	13.913043	13.913043	13.913043	13.913043	13.913043	13.913043	13.913043	13.913043	13.913043	13.913043	13.913043	13.913043	13.913043	13.913043	13.913043	13.913043	13.913043	13.913043	13.913043	13.913043	13.913043	13.913043	13.913043	13.913043	13.913043	13.913043	13.913043	13.913043	13.913043	13.913043	13.913043	13.913043	13.913043	13.913043	13.913043	13.913043	13.913043	13.913043	13.913043	13.913043	13.913043	13.913043	13.913043	13.913043	13.913043	13.913043	13.913043	13.913043	13.913043	13.913043	13.913043	13.913043	13.913043	13.913043	13.913043	13.913043	13.913043	13.913043	13.913043	13.913043	13.913043	13.913043	13.913043	13.913043	13.913043	13.913043	13.913043	13.913043	13.913043	13.913043	13.913043	13.913043	13.913043	13.913043	13.913043	13.913043	13.913043	13.913043	13.913043	13.913043	13.913043	13.913043	13.913043	13.913043	13.913043	13.913043	13.913043	13.913043	13.913043	13.913043	13.913043	13.913043	13.913043	13.913043	13.913043	13.913043	13.913043	13.913043	13.913043	13.913043	13.913043	13.913043	13.913043	13.913043	13.913043	13.913043	13.913043	13.913043	13.913043	13.913043	13.913043	13.913043	13.913043	13.913043	13.913043	13.913043	13.913043	13.913043	13.913043	13.913043	13.913043	13.913043	13.913043	13.913043	13.913043	13.913043	13.913043	13.913043	13.913043	13.913043	13.913043	13.913043	13.913043	13.913043	13.913043	13.913043	13.913043	13.913043	13.913043	13.913043	13.913043	13.913043	13.913043	13.913043	13.913043	13.913043	13.913043	13.913043	13.913043	13.913043	13.913043	13.913043	13.913043	13.913043	13.913043	13.913043	13.913043	13.913043	13.913043	13.913043	13.913043	13.913043	13.913043	13.913043	13.913043	13.913043	13.913043	13.913043	13.913043	13.913043	13.913043	13.913043	13.913043	13.913043	13.913043	13.913043	13.913043	13.913043	13.913043	13.913043	13.913043	13.913043	13.913043	13.913043	13.913043	13.913043	13.913043	13.913043	13.913043	13.913043	13.913043	13.913043	13.913043	13.913043	13.913043	13.913043	13.913043	13.913043	13.913043	13.913043	13.913043	13.913043	13.913043	13.913043	13.913043	13.913043	13.913043	13.913043	13.913043	13.913043	13.913043	13.913043	13.913043	13.913043	13.913043	13.913043	13.913043	13.913043	13.913043	13.913043	13.913043	13.913043	13.913043	13.913043	13.913043	13.913043	13.913043	13.913043	13.913043	13.913043	13.913043	13.913043	13.913043	13.913043	13.913043	13.913043	13.913043	13.913043	13.913043	13.913043	13.913043	13.913043	13.913043	13.913043	13.913043	13.913043	13.913043	13.913043	13.913043	13.913043	13.913043	13.913043	13.913043	13.913043	13.913043	13.913043	13.913043	13.913043	13.913043	13.913043	13.913043	13.913043	13.913043	13.913043	13.913043	13.913043	13.913043	13.913043	13.913043	13.913043	13.913043	13.913043	13.913043	13.913043	13.913043	13.913043	13.913043	13.913043	13.913043	13.913043	13.913043	13.913043	13.913043	13.913043	13.913043	13.913043	13.913043	13.913043	13.913043	13.913043	13.913043	13.913043	13.913043	13.913043	13.913043	13.913043	13.913043	13.913043	13.913043	13.913043	13.913043	13.913043	13.913043	13.913043	13.913043	13.913043	13.913043	13.913043	13.913043	13.913043	13.913043	13.913043	13.913043	13.913043	13.913043	13.913043	13.913043	13.913043	13.913043	13.913043	13.913043	13.913043	13.913043	13.913043	13.913043	13.913043	13.913043	13.913043	13.913043	13.913043	13.913043	13.913043	13.913043	13.913043	13.913043	13.913043	13.913043	13.913043	13.913043	13.913043	13.913043	13.913043	13.913043	13.913043	13.913043	13.913043	13.913043	13.913043	13.913043	13.913043	13.913043	13.913043	13.913043	13.913043	13.913043	13.913043	13.913043	13.913043	13.913043	13.913043	13.913043	13.913043	13.913043	13.913043	13.913043	13.913043	13.913043	13.913043	13.913043	13.913043	13.913043	13.913043	13.913043	13.913043	13.913043	13.913043	13.913043	13.913043	13.913043	13.913043	13.913043	13.913043	13.913043	13.913043	13.913043	13.913043	13.913043	13.913043	13.913043	13.913043	13.913043	13.913043	13.913043	13.913043	13.913043	13.913043	13.913043	13.913043	13.913043	13.913043	13.913043	13.913043	13.913043	13.913043	13.913043	13.913043	13.913043	13.913043	13.913043	13.913043	13.913043	13.913043	13.913043	13.913043	13.913043	13.913043	13.913043	13.913043	13.913043	13.913043	13.913043	13.913043	13.913043	13.913043	13.913043	13.913043	13.913043	13.913043	13.913043	13.913043	13.913043	13.913043	13.913043	13.913043	13.913043	13.913043	13.913043	13.913043	13.913043	13.913043	13.913043	13.913043	13.913043	13.913043	13.913043	13.913043	13.913043	13.913043	13.913043	13.913043	13.913043	13.913043	13.913043	13.913043	13.913043	13.913043	13.913043	13.913043	13.913043	13.913043	13.913043	13.913043	13.913043	13.913043	13.913043	13.913043	13.913043	13.913043	13.913043	13.913043	13.913043	13.913043	13.913043	13.913043	13.913043	13.913043	13.913043	13.913043	13.913043	13.913043	13.913043	13.913043	13.913043	13.913043	13.913043	13.913043	13.913043	13.913043	13.913043	13.913043	13.913043	13.913043	13.913043	13.913043	13.913043	13.913043	13.913043	13.913043	13.913043	13.913043	13.913043	13.913043	13.913043	13.913043	13.913043	13.913043	13.913043	13.913043	13.913043	13.913043	13.913043	13.913043	13.913043	13.913043	13.913043	13.913043	13.913043	13.913043	13.913043	13.913043	13.913043	13.913043	13.913043	13.913043	13.913043	13.913043	13.913043	13.913043	13.913043	13.913043	13.913043	13.913043	13.913043	13.913043	13.913043	13.913043	13.913043	13.913043	13.913043	13.913043	13.913043	13.913043	13.913043	13.913043	13.913043	13.913043	13.913043	13.913043	13.913043	13.913043	13.913043	13.913043	13.913043	13.913043	13.913043	13.913043	13.913043	13.913043	13.913043	13.913043	13.913043	13.913043	13.913043	13.913043	13.913043	13.913043	13.913043	13.913043	13.913043	13.913043	13.913043	13.913043	13.913043	13.913043	13.913043	13.913043	13.913043	13.913043	13.913043	13.913043	13.913043	13.913043	13.913043	13.913043	13.913043	13.913043	13.913043	13.913043	13.913043	13.913043	13.913043	13.913043	13.913043	13.913043	13.913043	13.913043	13.913043	13.913043	13.913043	13.913043	13.913043	13.913043	13.913043	13.913043	13.913043	13.913043	13.913043	13.913043	13.913043	13.913043	13.913043	13.913043	13.913043	13.913043	13.913043	13.913043	13.913043	13.913043	13.913043	13.913043	13.913043	13.913043	13.913043	13.913043	13.913043	13.913043	13.913043	13.913043	13.913043	13.913043	13.913043	13.913043	13.913043	13.913043	13.913043	13.913043	13.913043	13.913043	13.913043	13.913043	13.913043	13.913043	13.913043	13.913043	13.913043	13.913043	13.913043	13.913043	13.913043	13.913043	13.913043	13.913043	13.913043	13.913043	13.913043	13.913043	13.913043	13.913043	13.913043	13.913043	13.913043	13.913043	13.913043	13.913043	13.913043	13.913043	13.913043	13.913043	13.913043	13.913043	13.913043	13.913043	13.913043	13.913043	13.913043	13.913043	13.913043	13.913043	13.913043	13.913043	13.913043	13.913043	13.913043	13.913043	13.913043	13.913043	13.913043	13.913043	13.913043	13.913043	13.913043	13.913043	13.913043	13.913043	13.913043	13.913043	13.913043	13.913043	13.913043	13.913043	13.913043	13.913043	13.913043	13.913043	13.913043	13.913043	13.913043	13.913043	13.913043	13.913043	13.913043	13.913043	13.913043	13.913043	13.913043	13.913043	13.913043	13.913043	13.913043	13.913043	13.913043	13.913043	13.913043	13.913043	13.913043	13.913043	13.913043	13.913043	13.913043	13.913043	13.913043	13.913043	13.913043	13.913043	13.913043	13.913043	13.913043	13.913043	13.913043	13.913043	13.913043	13.913043	13.913043	13.913043	13.913043	13.913043	13.913043	13.913043	13.913043	13.913043	13.913043	13.913043	13.913043	13.913043	13.913043	13.913043	13.913043	13.913043	13.913043	13.913043	13.913043	13.913043	13.913043	13.913043	13.913043	13.913043	13.913043	13.913043	13.913043	13.913043	13.913043	13.913043	13.913043	13.913043	13.913043	13.913043	13.913043	13.913043	13.913043	13.913043	13.913043	13.913043	13.913043	13.913043	13.913043	13.913043	13.913043	13.913043	13.913043	13.913043	13.913043	13.913043	13.913043	13.913043	13.913043	13.913043	13.913043	13.913043	13.913043	13.913043	13.913043	13.913043	13.913043	13.913043	13.913043	13.913043	13.913043	13.913043	13.913043	13.913043	13.913043	13.913043	13.913043	13.913043	13.913043	13.913043	13.913043	13.913043	13.913043	13.913043	13.913043	13.913043	13.913043
%%%	Pulse Index	Stimulus Section Index	Stimulus Section Start Index	Stimulus Section End Index	Pupil Stimulated: 0 = Right, 1 = Left, 2 = Both	Light Metric: 0 = Photopic, 1 = Scopotic, 2 = Radiometric	Stimulus Start Time	Stimulus Duration	Stimulus Pulse Duration	Right Pulse Max Level	Right Pulse Max Color (0123 = WRGB)	Right Pulse Min Level	Right Pulse Min Color (0123 = WRGB)	Left Pulse Max Level	Left Pulse Max Color (0123 = WRGB)	Left Pulse Min Level	Left Pulse Min Color (0123 = WRGB)	Right Data Input Type (0 == RAW DATA, 1 == FITTED DATA, 2 == M. OVERRIDED)	Right ANALYSIS STATE (0 == ABNORMAL, 1 == NORMAL)	Right MAX (mm) (EMPTY if INVALID)	Right MIN (mm) (EMPTY if INVALID)	Right DELTA (mm) (EMPTY if INVALID)	Right CH (%) (EMPTY if INVALID)	Right LAT (sec) (EMPTY if INVALID)	Right CV (mm/s) (EMPTY if INVALID)	Right MCV (mm/s) (EMPTY if INVALID)	Right DV (mm/s) (EMPTY if INVALID)	Left Data Input Type (0 == RAW DATA, 1 == FITTED DATA, 2 == M. OVERRIDED)	Left ANALYSIS STATE (0 == ABNORMAL, 1 == NORMAL)	Left MAX (mm) (EMPTY if INVALID)	Left MIN (mm) (EMPTY if INVALID)	Left DELTA (mm) (EMPTY if INVALID)	Left CH (%) (EMPTY if INVALID)	Left LAT (sec) (EMPTY if INVALID)	Left CV (mm/s) (EMPTY if INVALID)	Left MCV (mm/s) (EMPTY if INVALID)	Left DV (mm/s) (EMPTY if INVALID)
%%%	0	0	18	902	0	0	0.51	29.52	0.51	100.06	3	0.00	3	0.00	3	0.00	3	0	0	0.00	0.00			0.00	0.00	0.00	0.00	0	0	0.00	0.00			0.00	0.00	0.00	0.00
%%%%%%%%%
%%%%%%%%%
%%%%%%%%%
<\SESSION>
