<SESSION>
<VERSION>
2
<\VERSION>
<DATE>
2017-12-05 10:57:19
<\DATE>
<SUBJECT-ID>
c57bl6-4.11.17-1mois-DAOG-F1-2b
<\SUBJECT-ID>
<NOTE>

<\NOTE>
<MIN-MAX-PLOT>
0.100000 51880.761719
<\MIN-MAX-PLOT>
<STIMULUS-DEFINED>
Default
Default Human Relative Spectral Sensitivity
1	0
1	0.500000	0.500000	29.000000	3	3	2.000000	-100.000000	0.100000	-100.000000	0
<\STIMULUS-DEFINED>
<STIMULUS-GENERATED>
4
0	0	0.000000	3	0.000000	0.000000	3	0.000000	0.000000
0	1	0.509000	3	1.893833	100.059952	3	0.000000	0.000000
0	4	1.018000	3	0.000000	0.000000	3	0.000000	0.000000
-1	5	30.027000	0	0.000000	0.000000	0	0.000000	0.000000
<\STIMULUS-GENERATED>
<RIGHT-PUPIL-DATA>
903	1
1	-0.051000	1.258116	330.843750	401.656250
1	-0.020000	1.281014	331.968750	402.218750
1	0.012000	1.285942	332.006256	402.543732
1	0.043000	1.283768	331.975006	402.912506
1	0.074000	1.288406	331.924988	402.875000
1	0.105000	1.269710	331.806244	401.743744
1	0.136000	1.289710	331.906250	402.093750
1	0.183000	1.274638	331.668762	402.668762
1	0.214000	1.298406	331.781250	402.343750
1	0.246000	1.286957	330.000000	402.000000
1	0.277000	1.558698	327.381012	406.619232
1	0.308000	1.290580	332.043762	403.043762
1	0.339000	1.281159	331.500000	403.000000
1	0.370000	1.277246	332.306244	403.118744
1	0.417000	1.272464	332.187500	403.187500
1	0.448000	1.274638	332.668762	403.706238
1	0.480000	1.285942	332.943756	404.006256
1	0.511000	1.298551	332.312500	403.562500
1	0.542000	1.288551	332.518738	403.468750
1	0.573000	1.292754	333.000000	403.000000
1	0.604000	1.298116	332.806244	403.181244
1	0.651000	1.281014	332.168762	403.218750
1	0.682000	1.274638	331.943726	403.668762
1	0.714000	1.296377	332.393738	403.968750
0	0.745000	1.808696	327.625000	414.125000
1	0.776000	1.288406	332.924988	403.125000
1	0.807000	1.296812	332.149994	403.837494
1	0.838000	1.269565	332.000000	403.500000
1	0.870000	1.271015	332.174988	402.250000
1	0.916000	1.231159	331.706238	402.293762
1	0.948000	1.222899	331.787506	402.399994
1	0.979000	1.194203	332.000000	403.000000
0	1.010000	1.700580	322.437500	410.312500
0	1.041000	1.240580	316.500000	407.500000
1	1.072000	1.133333	331.500000	402.700012
0	1.104000	1.634783	321.500000	410.500000
1	1.150000	1.078261	331.750000	403.250000
1	1.182000	0.892754	328.500000	401.500000
1	1.213000	1.037681	330.512512	403.625000
1	1.244000	0.995072	331.875000	402.875000
1	1.275000	0.970290	331.043762	403.468750
1	1.306000	0.931015	330.500000	403.387512
1	1.338000	0.905507	330.024994	403.012482
1	1.384000	0.932754	330.774994	403.475006
1	1.416000	0.894493	331.087494	402.850006
1	1.447000	0.927101	331.056244	403.443756
0	1.478000	1.385942	319.068756	415.756256
1	1.509000	0.881449	331.662506	404.287506
1	1.540000	0.892319	331.431244	404.856232
1	1.572000	0.866812	331.968750	404.218750
1	1.603000	0.859710	331.899994	404.037506
1	1.650000	0.849420	331.418762	403.218750
1	1.681000	0.854638	331.331238	403.843750
1	1.712000	0.811014	331.100006	402.899994
1	1.743000	0.808696	330.500000	403.750000
0	1.774000	1.008116	313.000000	408.000000
1	1.806000	0.805797	331.612488	403.937500
0	1.837000	0.707246	330.000000	405.000000
0	1.884000	0.718406	331.306244	405.018768
1	1.915000	0.796232	332.062500	404.937500
0	1.946000	0.685942	331.506073	406.956329
0	1.977000	0.626087	330.500000	406.500000
1	2.008000	0.753187	331.643463	404.606476
1	2.040000	0.754203	331.837494	404.649994
0	2.071000	0.614493	332.500000	405.500000
1	2.102000	0.742898	331.312500	404.312500
1	2.149000	0.735507	331.568787	404.531250
1	2.180000	0.733623	331.725006	404.412506
0	2.211000	0.592464	330.774994	406.524994
1	2.242000	0.694058	330.981262	404.343750
0	2.274000	0.595797	330.693756	407.431244
0	2.305000	0.672754	330.662506	406.600006
0	2.336000	1.008696	310.500000	411.500000
0	2.383000	1.043333	316.506256	412.043732
0	2.414000	0.642899	331.000000	405.000000
0	2.445000	0.660870	329.500000	404.500000
0	2.476000	0.538116	331.543610	406.456146
1	2.508000	0.600000	331.500000	405.250000
1	2.539000	0.654348	331.562500	403.500000
1	2.570000	0.672899	331.318756	403.368744
1	2.617000	0.670580	331.368744	403.693756
0	2.648000	0.363188	306.725006	416.037506
1	2.679000	0.672319	331.156250	404.843750
1	2.710000	0.643478	331.875000	403.625000
0	2.742000	0.607536	331.475006	404.600006
0	2.773000	0.382609	324.500000	437.500000
1	2.804000	0.623333	331.531250	404.231262
1	2.835000	0.625507	331.049988	404.500000
0	2.882000	0.600580	331.375000	404.625000
0	2.913000	0.551159	331.431244	405.568756
0	2.944000	0.610290	331.818726	404.831238
0	2.976000	0.605362	331.431244	405.181244
1	3.007000	0.550725	331.625000	406.375000
0	3.038000	0.540290	332.475006	407.274994
1	3.069000	0.548841	332.381256	407.381256
0	3.116000	0.348985	304.850006	407.350006
0	3.147000	1.007536	324.024994	419.024994
0	3.178000	0.585507	332.000000	406.500000
1	3.210000	0.610290	331.593750	406.531250
0	3.241000	0.619710	332.399994	407.399994
0	3.272000	0.561884	332.193756	407.806244
1	3.303000	0.645942	332.993744	405.931244
0	3.350000	1.318986	319.031250	415.906250
0	3.381000	1.097246	315.781250	413.781250
1	3.412000	0.596667	332.381256	409.693756
0	3.444000	0.347826	313.468750	422.018738
0	3.475000	0.506812	332.006256	407.006256
0	3.506000	0.781884	321.768738	408.231262
1	3.537000	0.512319	333.318726	409.093811
0	3.568000	1.060290	318.687500	412.750000
0	3.615000	0.540145	331.493744	407.506256
0	3.646000	0.531594	332.399994	409.399994
1	3.678000	0.635942	333.100006	407.837494
0	3.709000	0.614493	331.500000	408.500000
0	3.740000	0.619710	332.087494	409.399994
0	3.771000	0.590145	332.975006	409.475006
1	3.802000	0.608406	332.725006	410.787506
0	3.849000	0.347826	324.493988	441.680939
0	3.880000	0.953623	316.849915	413.749939
0	3.912000	1.445072	323.968750	425.218750
1	3.943000	0.586232	331.331238	411.031250
0	3.974000	0.348985	304.975006	409.850006
1	4.005000	0.591304	332.500000	411.500000
1	4.036000	0.607246	332.250000	410.500000
0	4.068000	1.127246	317.037506	416.962494
1	4.114000	0.589710	331.781250	410.656250
1	4.146000	0.614058	331.856232	409.681244
0	4.177000	1.171015	315.000000	414.000000
0	4.208000	1.184203	316.068726	414.431274
0	4.239000	1.089855	316.500000	412.500000
1	4.270000	0.586377	333.062500	410.812500
1	4.302000	0.585797	332.324982	411.037506
0	4.349000	0.972319	319.531250	412.781250
0	4.380000	0.579855	331.168762	409.956238
0	4.411000	0.596812	331.587494	409.412506
1	4.442000	0.617246	331.568756	410.693756
1	4.473000	0.601594	331.656250	411.093750
1	4.505000	0.633188	331.906250	408.906250
0	4.536000	0.622464	332.293762	408.456238
0	4.583000	0.362319	307.493439	425.293671
0	4.614000	0.968985	318.062500	410.562500
0	4.645000	0.568116	331.500000	408.500000
0	4.676000	1.159420	315.500000	414.500000
1	4.707000	0.611449	331.781250	410.781250
1	4.739000	0.646232	332.531250	409.031250
0	4.770000	0.565797	332.125000	410.125000
0	4.801000	0.651449	332.143738	409.143738
0	4.848000	0.636377	332.343750	409.843750
1	4.879000	0.619710	331.600006	410.600006
1	4.910000	0.643623	330.956268	410.006256
0	4.941000	1.085072	317.793732	411.943512
0	4.973000	0.660870	331.500000	410.500000
0	5.004000	0.611884	331.399994	410.475006
1	5.035000	0.652899	332.375000	410.312500
1	5.082000	0.707536	332.837494	408.337494
0	5.113000	1.475072	322.987488	423.962524
0	5.144000	1.449275	321.500000	424.500000
1	5.175000	0.628986	332.750000	411.000000
1	5.207000	0.596232	332.437500	411.562500
0	5.238000	1.389710	322.906250	423.843750
1	5.269000	0.652754	332.125000	410.625000
1	5.316000	0.622464	331.793762	410.706238
0	5.347000	0.655507	332.631256	410.368744
0	5.378000	0.637101	332.600006	411.149994
0	5.409000	0.621159	332.437500	411.687500
0	5.441000	0.978406	318.943756	412.181244
1	5.472000	0.611884	331.600006	412.475006
1	5.503000	0.666667	332.625000	411.125000
1	5.534000	0.664203	332.743744	411.256256
1	5.581000	0.659710	332.512482	411.274994
0	5.612000	0.972899	317.756317	413.493744
0	5.643000	1.211884	318.662506	418.162506
0	5.675000	1.357536	323.056244	423.443756
0	5.706000	1.334203	319.562500	420.437500
1	5.737000	0.611594	332.000000	411.250000
1	5.768000	0.654203	332.087494	411.087494
0	5.815000	1.234783	318.937500	417.312500
1	5.846000	0.670725	332.212494	411.649994
1	5.877000	0.664638	332.250000	410.775024
0	5.909000	1.277246	319.931244	417.881256
1	5.940000	0.654203	332.399994	410.850006
0	5.971000	1.194058	317.593750	417.593750
0	6.002000	0.347826	319.531494	424.318787
0	6.049000	0.662464	332.518738	411.218750
1	6.080000	0.721449	333.662445	410.587555
0	6.111000	1.074928	317.068756	418.068756
1	6.143000	0.674493	332.362488	411.575012
0	6.174000	0.974493	319.049988	412.950012
1	6.205000	0.655507	332.318756	412.693756
0	6.236000	0.375362	322.674988	439.762451
1	6.267000	0.631014	332.562500	412.687500
0	6.314000	0.620290	332.500000	413.500000
0	6.345000	1.371160	321.906403	423.981293
0	6.377000	0.434783	321.562500	441.187500
0	6.408000	0.848985	321.787506	412.212494
0	6.439000	1.356522	320.500000	425.500000
1	6.470000	0.664203	332.256256	413.756256
0	6.501000	0.996377	317.081299	415.868835
1	6.548000	0.678261	333.000000	413.000000
0	6.579000	1.212029	324.181244	425.931244
0	6.611000	1.427246	320.475006	423.524994
1	6.642000	0.662029	333.274994	413.774994
0	6.673000	1.449275	322.000000	425.000000
0	6.704000	1.133333	318.700012	418.700012
0	6.735000	1.252465	319.574982	421.574799
0	6.767000	1.370580	331.056244	427.931244
0	6.813000	0.653623	333.112488	412.887512
0	6.845000	1.286957	319.000000	420.000000
1	6.876000	0.660870	333.000000	414.000000
0	6.907000	0.653188	332.618744	413.831268
0	6.938000	1.112319	316.993744	417.006256
0	6.969000	1.254348	318.750000	424.312500
0	7.001000	1.100580	315.075012	418.299988
0	7.047000	0.925072	323.618744	423.818756
0	7.079000	1.267246	321.225006	420.850006
0	7.110000	0.916812	321.562500	414.312500
0	7.141000	0.962319	320.500000	415.500000
0	7.172000	1.263768	321.000000	421.000000
1	7.203000	0.711885	332.924957	411.724884
0	7.235000	0.671884	333.350067	413.112518
0	7.281000	0.614493	336.500000	413.500000
1	7.313000	0.462029	323.412506	438.600006
0	7.344000	1.325507	319.562561	420.500000
0	7.375000	0.623913	325.125000	412.562500
1	7.406000	0.625942	332.331207	412.956329
1	7.437000	0.722754	333.381256	412.418732
1	7.469000	0.672319	332.331238	412.168762
0	7.500000	1.322899	320.975006	418.475006
0	7.547000	0.629420	332.818756	412.318756
1	7.578000	0.665942	332.256195	413.181183
0	7.609000	1.218551	319.975006	425.649994
0	7.640000	0.642319	332.725006	412.725006
1	7.671000	0.637681	332.862488	413.174988
0	7.703000	1.267971	324.781250	429.093750
0	7.734000	1.344638	323.337494	423.725006
0	7.781000	1.212029	320.818756	419.818756
0	7.812000	1.265362	319.131256	419.806244
0	7.843000	1.379710	320.500000	421.500000
1	7.874000	0.659855	332.506256	412.556244
0	7.905000	1.360436	320.668884	420.769226
0	7.937000	1.221015	319.806213	418.406250
0	7.968000	0.660870	333.000000	412.000000
0	7.999000	1.194203	320.500000	419.500000
0	8.046000	0.716812	333.000000	411.750000
0	8.077000	1.146232	317.031250	418.718750
0	8.108000	1.089710	319.343750	417.406250
1	8.139000	1.323768	319.899994	419.487518
0	8.171000	1.136812	318.149994	415.850006
0	8.202000	1.356522	324.500000	425.500000
0	8.233000	0.664638	332.437500	410.750000
0	8.280000	1.118986	315.293762	418.043762
0	8.311000	1.078261	324.500000	421.500000
0	8.342000	0.606667	332.462402	412.437500
0	8.373000	0.655507	331.068756	411.068756
0	8.405000	1.104348	317.000000	419.250000
0	8.436000	1.472319	321.656250	422.531250
0	8.467000	1.268406	319.899994	420.725006
0	8.514000	1.325942	319.931244	421.931244
0	8.545000	1.261449	320.062500	424.299988
1	8.576000	0.735797	333.381256	412.181244
0	8.607000	1.299565	319.968750	421.168762
0	8.639000	1.420290	321.500000	423.500000
0	8.670000	0.660870	332.000000	414.000000
1	8.701000	0.725507	333.424988	412.062500
0	8.732000	0.716232	332.912476	412.962463
0	8.779000	1.211884	321.162506	418.337494
0	8.810000	1.298840	319.787506	420.712494
0	8.841000	0.673333	333.312500	413.625000
0	8.873000	1.230580	326.318756	423.681244
0	8.904000	1.342754	319.706238	421.331238
0	8.935000	1.237536	321.106262	420.418762
1	8.966000	0.627101	332.743744	414.193756
0	9.013000	1.252174	319.750000	419.250000
0	9.044000	1.304928	321.375000	421.299988
0	9.075000	0.646232	332.968750	413.656250
0	9.107000	1.059275	319.281250	417.218750
1	9.138000	0.630435	333.625000	414.250000
0	9.169000	1.449275	321.500000	424.500000
0	9.200000	1.450580	321.843750	423.156250
1	9.247000	0.667971	333.343750	413.718750
0	9.278000	0.521739	324.500000	437.500000
0	9.309000	1.419855	322.193726	423.718750
0	9.341000	1.426087	322.500000	423.500000
0	9.372000	1.326667	318.937500	423.937500
1	9.403000	0.673333	333.312500	413.687500
0	9.434000	1.446667	322.212494	424.712494
1	9.465000	0.664058	333.449982	413.725006
0	9.512000	1.166667	322.762512	427.762512
0	9.543000	1.378841	320.849976	423.862488
0	9.575000	1.234783	326.637421	425.100067
0	9.606000	1.416232	321.649994	422.600006
0	9.637000	1.344638	321.662506	423.662506
0	9.668000	1.373913	320.125000	422.875000
0	9.699000	1.330145	321.412506	423.412506
0	9.746000	1.415797	323.593750	423.343750
0	9.777000	1.442899	322.000000	424.625000
1	9.809000	0.670145	334.187500	414.625000
1	9.840000	0.692319	333.056244	414.993744
0	9.871000	0.660870	333.000000	415.000000
1	9.902000	0.670725	333.287506	414.712494
1	9.933000	0.704928	333.825012	413.862488
0	9.980000	1.285942	320.368744	421.243744
1	10.011000	0.690725	334.062500	415.062500
0	10.043000	1.368406	322.149994	424.975006
0	10.074000	1.298551	320.500000	424.500000
0	10.105000	1.371159	321.031250	425.968750
0	10.136000	1.356522	320.500000	425.500000
1	10.167000	0.686957	333.750000	415.500000
0	10.199000	1.457681	322.225006	426.212494
0	10.245000	1.059275	322.218750	419.781250
0	10.277000	1.298406	319.156250	424.968750
0	10.308000	1.331159	320.437500	424.500000
0	10.339000	1.194203	318.500000	421.500000
0	10.370000	1.425507	321.750000	424.762512
0	10.401000	1.370725	320.037506	424.037506
0	10.433000	1.356522	320.500000	421.500000
0	10.479000	1.094638	321.131256	418.131256
0	10.511000	0.673333	333.375000	413.187500
0	10.542000	1.423768	320.524963	423.225037
0	10.573000	1.236666	320.431061	421.418793
1	10.604000	0.703768	333.875000	411.750000
0	10.635000	1.414493	320.824921	423.325043
0	10.667000	1.220725	321.056244	418.056244
1	10.713000	0.728841	334.156250	411.906250
0	10.745000	0.663043	333.250000	413.437500
1	10.776000	0.749855	334.337494	412.412506
0	10.807000	0.907971	321.243713	414.356262
0	10.838000	0.708115	333.812378	412.837646
0	10.869000	1.124927	317.962494	419.037506
0	10.901000	1.012611	330.306152	423.069153
0	10.932000	1.425362	321.481262	422.731262
0	10.979000	1.365362	320.118744	422.381256
0	11.010000	1.113043	319.500000	418.500000
1	11.041000	0.690580	333.062500	414.062500
0	11.072000	1.229275	320.087494	418.087494
0	11.103000	0.662464	333.218750	413.781250
0	11.135000	1.171015	317.700012	418.437500
0	11.166000	1.299420	319.862488	419.687500
0	11.213000	0.670725	333.287506	413.212494
0	11.244000	0.642464	332.881256	414.493744
0	11.275000	1.495072	328.750000	429.750000
0	11.306000	1.275362	321.500000	418.500000
0	11.337000	1.233188	320.468750	419.093750
0	11.369000	0.759275	333.468750	412.531250
1	11.400000	0.651449	333.143738	413.918762
0	11.447000	1.268986	320.799988	419.625000
0	11.478000	1.327536	320.375000	420.625000
1	11.509000	0.786667	335.074951	411.937561
0	11.540000	1.078261	321.000000	418.000000
0	11.571000	0.591304	330.312500	413.937500
0	11.603000	0.660870	331.500000	414.500000
0	11.634000	1.466812	321.906250	423.343750
0	11.665000	1.274638	320.693726	420.331238
0	11.712000	1.192899	317.843750	417.093750
1	11.743000	0.788406	334.012512	412.987488
0	11.774000	0.695652	333.500000	414.500000
0	11.805000	1.426087	322.000000	425.000000
0	11.837000	1.212029	320.318756	420.818756
0	11.868000	1.235797	320.556244	418.818756
0	11.899000	1.477681	322.500000	424.500000
1	11.930000	1.367246	319.087494	423.162506
0	11.977000	1.078261	324.500000	413.500000
0	12.008000	1.360290	321.062500	423.887512
1	12.039000	0.673333	334.187500	415.187500
0	12.071000	0.710870	333.125000	414.125000
1	12.102000	0.793768	334.043732	413.006256
0	12.133000	1.426087	322.000000	424.000000
1	12.164000	0.805507	333.837494	413.212494
0	12.211000	1.171015	320.500000	421.500000
0	12.242000	1.436377	321.718750	423.406250
0	12.273000	1.426087	320.500000	425.500000
0	12.305000	1.381013	320.043793	423.794098
0	12.336000	1.378841	320.137512	423.812500
0	12.367000	1.449275	323.500000	426.500000
1	12.398000	0.761449	333.487488	413.737488
1	12.445000	0.759710	334.537506	413.412506
0	12.476000	1.202754	320.718750	422.718750
0	12.507000	0.677101	333.399994	414.600006
0	12.539000	0.692754	333.750000	415.500000
0	12.570000	0.689710	332.593750	414.593750
0	12.601000	1.258116	325.156250	421.343750
0	12.632000	0.742029	333.375000	415.375000
1	12.663000	0.761594	333.543762	413.543762
0	12.710000	1.287101	318.493744	425.868744
1	12.741000	0.713043	334.000000	415.000000
0	12.773000	1.155507	317.381256	420.618744
0	12.804000	0.724638	333.875000	414.875000
0	12.835000	1.217391	320.000000	420.000000
0	12.866000	0.751594	333.562500	414.187500
0	12.897000	1.449275	321.250000	423.250000
0	12.944000	1.262319	319.875000	419.875000
0	12.975000	1.444058	322.000000	425.062500
0	13.007000	1.240580	321.250000	420.250000
0	13.038000	1.356522	321.500000	424.500000
0	13.069000	0.695652	333.375000	416.375000
0	13.100000	1.405942	321.843750	424.468750
0	13.131000	1.305942	323.781250	424.781250
0	13.178000	1.356522	321.500000	424.500000
1	13.209000	0.742029	333.500000	415.500000
0	13.241000	1.268116	319.262512	424.737488
0	13.272000	0.739855	334.268707	416.393768
1	13.303000	0.729420	334.131256	416.931244
1	13.334000	1.402899	321.500000	426.500000
0	13.365000	1.449275	323.500000	422.500000
0	13.397000	1.321884	321.993744	424.493744
0	13.443000	1.201160	318.662506	420.662506
0	13.475000	1.217391	319.000000	421.000000
0	13.506000	1.498986	323.318756	426.818756
0	13.537000	1.357681	321.475006	425.162506
0	13.568000	1.356522	324.500000	425.500000
0	13.599000	1.292754	320.125000	424.174988
0	13.631000	1.286957	320.500000	421.500000
0	13.677000	1.275362	319.500000	424.500000
0	13.709000	1.245362	320.656250	423.243713
0	13.740000	1.268551	321.756256	418.793732
0	13.771000	1.201160	319.662506	418.175018
0	13.802000	1.291449	320.931244	418.868744
0	13.833000	0.661014	332.543732	410.493744
0	13.865000	0.721739	328.937500	410.812500
0	13.911000	0.702754	330.781250	407.156250
0	13.943000	1.292754	321.000000	416.000000
0	13.974000	1.286957	320.500000	417.500000
0	14.005000	1.187536	317.812500	414.437500
0	14.036000	0.671594	331.649994	409.712494
0	14.067000	1.252029	318.381348	415.644043
0	14.099000	0.742029	331.500000	407.500000
0	14.130000	0.695072	332.062500	408.375000
1	14.177000	0.833188	332.468750	405.406250
0	14.208000	1.387971	318.306244	414.006256
0	14.239000	1.388551	318.281250	416.718750
0	14.270000	0.682029	330.487488	407.962463
1	14.301000	0.834638	332.993744	405.006256
0	14.333000	1.097246	318.781250	411.781250
0	14.364000	1.356522	320.500000	417.500000
1	14.411000	0.853188	333.681244	405.131256
1	14.442000	0.823188	333.250000	405.250000
1	14.473000	0.840290	333.037506	405.337494
0	14.504000	1.029710	323.156281	408.781219
0	14.535000	1.384203	321.081238	416.793579
1	14.567000	0.843623	332.931244	406.131256
1	14.598000	0.836377	333.468750	406.406250
1	14.645000	0.823188	333.375000	406.625000
0	14.676000	0.664638	330.812439	409.187561
0	14.707000	1.199275	316.656250	411.268738
0	14.738000	1.264638	317.937500	415.437500
0	14.769000	0.705943	332.143555	409.206116
0	14.801000	1.310145	319.500000	416.500000
0	14.832000	1.217391	319.500000	416.500000
0	14.863000	1.165217	318.625000	413.375000
0	14.910000	0.699420	331.812500	409.312500
0	14.941000	1.356522	321.500000	416.500000
1	14.972000	0.837971	333.462494	406.537506
0	15.003000	1.217391	320.000000	417.000000
0	15.035000	1.052899	322.668762	410.106262
0	15.066000	1.263623	324.906250	418.156250
1	15.097000	0.857681	334.337494	407.087494
0	15.144000	1.171015	320.500000	413.500000
0	15.175000	0.707536	332.837494	409.162506
0	15.206000	1.205797	318.125000	414.125000
0	15.237000	1.228841	318.593750	416.293762
0	15.269000	0.733768	331.443756	410.556244
0	15.300000	0.707246	331.000000	410.000000
0	15.331000	1.286957	326.500000	421.500000
0	15.378000	1.275073	317.412506	415.837494
0	15.409000	0.708116	332.187500	410.187500
0	15.440000	0.709420	331.831238	409.906311
0	15.471000	1.356522	320.500000	417.500000
0	15.503000	1.105507	317.725006	413.225006
0	15.534000	0.678261	331.500000	410.500000
0	15.565000	1.061884	317.743744	412.743744
0	15.596000	1.205797	322.500000	417.500000
0	15.643000	1.282464	318.806244	415.806244
0	15.674000	0.699420	331.687500	410.687500
0	15.705000	1.278841	319.875000	417.000000
0	15.737000	1.229855	318.062500	417.062500
0	15.768000	1.252174	320.500000	415.500000
0	15.799000	1.228985	318.500000	415.500000
0	15.830000	1.365072	327.943756	424.006256
1	15.861000	0.815217	334.168732	409.218658
1	15.908000	0.837971	334.462494	409.462494
0	15.939000	0.876232	323.162506	413.399994
0	15.971000	1.296812	320.975006	415.774994
0	16.002000	0.742898	332.362488	411.687500
0	16.033000	1.361014	326.931244	423.568756
0	16.064000	1.565797	323.500000	423.937500
0	16.095000	1.237971	316.787506	416.712494
0	16.142000	1.391304	323.500000	422.500000
0	16.173000	1.453768	319.843750	420.893738
0	16.205000	1.542029	320.500000	425.500000
0	16.236000	1.306667	320.212494	417.850006
0	16.267000	1.330435	320.500000	419.000000
0	16.298000	1.356522	320.500000	417.500000
0	16.329000	0.779420	331.162506	411.087494
0	16.376000	1.145072	325.643738	418.218750
0	16.407000	1.310290	319.593750	418.156250
0	16.439000	0.614493	332.500000	409.500000
0	16.470000	1.147826	316.000000	414.000000
1	16.501000	0.842898	330.687500	403.500000
0	16.532000	0.765217	330.500000	401.500000
0	16.563000	0.764058	331.524994	397.475006
0	16.595000	0.718986	330.331238	393.843750
1	16.641000	0.748551	330.356262	387.643738
0	16.673000	0.760290	332.562500	385.737488
0	16.704000	0.684058	332.549988	388.450012
0	16.735000	0.668551	332.681244	388.256256
1	16.766000	0.678261	333.000000	386.500000
0	16.797000	0.639710	333.125000	384.500000
1	16.829000	0.676812	332.612488	381.987488
0	16.875000	0.630435	331.406250	381.906250
0	16.907000	0.672319	332.656250	380.156250
0	16.938000	0.573913	330.062500	380.187500
0	16.969000	0.660870	333.000000	382.000000
1	17.000000	0.671449	333.643616	382.343872
1	17.031000	0.624203	333.743744	384.318756
0	17.063000	0.638986	334.181244	384.431244
1	17.109000	0.753623	335.500000	384.500000
0	17.141000	0.670580	333.631256	384.631256
1	17.172000	0.671739	334.631256	384.318756
0	17.203000	0.708116	333.812500	383.937500
0	17.234000	0.673333	333.674988	385.174988
1	17.265000	0.703912	334.793640	385.168945
0	17.297000	0.672899	335.306244	387.681244
0	17.328000	0.707246	332.500000	385.500000
1	17.375000	0.672754	335.162506	387.162506
1	17.406000	0.756667	335.506256	385.493744
1	17.437000	0.730435	335.000000	387.000000
0	17.468000	0.690145	334.587494	387.912506
1	17.499000	0.800580	337.000000	385.500000
0	17.531000	1.344058	323.687500	397.674988
1	17.562000	0.741449	336.287506	389.225006
0	17.609000	1.270725	322.225006	400.612518
1	17.640000	0.788551	334.956238	390.656250
0	17.671000	1.229855	322.312500	399.937500
1	17.702000	0.836377	335.518738	393.531250
0	17.733000	1.127246	319.612518	400.962494
0	17.765000	1.099420	323.812500	401.312500
0	17.796000	1.027246	325.225006	402.774994
1	17.843000	0.852174	336.000000	398.000000
0	17.874000	0.788116	334.975006	399.337494
0	17.905000	1.217391	319.500000	406.500000
1	17.936000	0.785362	334.906250	400.906250
1	17.967000	0.805362	335.181244	399.318756
0	17.999000	1.167971	321.218750	409.218750
0	18.030000	0.749420	334.593750	400.593750
1	18.061000	0.786812	334.931244	399.993744
0	18.108000	1.264203	321.868744	409.181244
0	18.139000	1.188406	322.000000	411.500000
0	18.170000	1.188406	321.312469	409.450043
1	18.201000	0.855942	335.687500	402.625000
0	18.233000	1.217391	321.500000	410.500000
0	18.264000	1.171015	320.500000	413.500000
0	18.295000	1.286957	320.750000	410.750000
0	18.342000	1.101449	322.500000	415.500000
0	18.373000	1.007102	324.456116	405.506470
0	18.404000	1.199275	321.268738	410.031189
0	18.435000	1.095507	322.743744	416.731171
0	18.467000	1.028841	325.156250	411.843750
0	18.498000	1.138986	320.856232	413.156219
0	18.529000	1.063623	326.781250	414.156250
0	18.576000	0.776812	334.500000	405.500000
0	18.607000	1.240580	324.500000	419.500000
0	18.638000	1.133768	322.806244	412.806244
0	18.669000	0.884058	329.468750	412.656250
0	18.701000	1.179275	324.631256	418.443756
0	18.732000	1.415797	322.406250	416.343750
0	18.763000	1.240580	320.000000	418.000000
0	18.794000	1.194203	324.500000	421.500000
0	18.841000	1.201594	320.668762	416.331238
0	18.872000	0.660870	333.000000	410.000000
0	18.903000	1.344928	321.500000	417.500000
0	18.935000	1.404928	326.500000	423.312500
1	18.966000	0.805362	334.943756	409.181244
0	18.997000	1.008116	327.962524	415.487488
0	19.028000	1.120145	325.406250	416.406250
1	19.075000	0.806522	335.000000	408.812500
0	19.106000	1.029855	323.825012	413.737488
1	19.137000	0.722899	334.024994	409.637482
0	19.169000	1.321739	321.500000	418.500000
0	19.200000	1.190725	319.525024	416.875000
0	19.231000	1.263768	319.812500	417.937500
0	19.262000	1.084058	318.125000	412.875000
0	19.309000	1.328261	325.443756	426.593781
1	19.340000	0.648985	332.975006	411.975006
0	19.371000	0.759710	334.137482	411.462494
0	19.403000	1.329710	322.881226	420.468750
0	19.434000	1.220580	320.212494	417.212494
0	19.465000	1.314203	320.649994	417.850006
0	19.496000	1.443478	323.000000	423.000000
0	19.527000	1.281449	326.024994	425.175018
0	19.574000	1.378841	322.812500	424.062500
0	19.605000	1.412029	321.568756	422.431244
0	19.637000	1.472319	323.656250	424.343750
0	19.668000	1.194203	322.500000	419.500000
0	19.699000	1.402899	321.500000	420.500000
0	19.730000	1.320145	326.356262	423.968750
0	19.761000	1.321739	321.500000	421.500000
1	19.808000	1.542029	324.500000	425.500000
1	19.839000	0.684058	333.000000	413.000000
0	19.871000	1.449275	324.500000	425.500000
0	19.902000	1.028841	326.468750	419.781250
0	19.933000	1.194203	324.500000	419.500000
0	19.964000	1.427246	323.475006	422.524994
0	19.995000	0.711884	332.024994	412.899994
0	20.027000	1.078261	326.000000	419.000000
0	20.073000	1.528116	324.024994	425.412506
0	20.105000	0.690290	333.568756	412.568756
0	20.136000	1.489711	323.056427	422.444061
0	20.167000	1.228985	319.500000	417.500000
0	20.198000	1.084058	324.049988	415.500000
0	20.229000	0.783188	333.875000	411.125000
0	20.261000	1.356522	321.500000	420.500000
0	20.307000	1.043333	316.431244	414.506256
0	20.339000	1.323333	321.918762	419.343750
0	20.370000	1.298840	320.699982	419.287506
0	20.401000	1.263768	321.500000	422.500000
0	20.432000	1.298406	326.343750	426.281250
0	20.463000	1.347826	322.250000	419.000000
0	20.495000	1.327536	320.625000	418.375000
1	20.541000	0.707246	332.000000	411.000000
0	20.573000	0.754928	333.406250	410.481262
0	20.604000	1.292754	321.500000	418.000000
0	20.635000	1.326232	319.931244	418.493744
0	20.666000	0.985797	329.087494	416.887482
1	20.697000	0.720290	331.875000	412.375000
0	20.729000	1.375073	323.024994	419.100006
0	20.760000	1.491158	324.293518	423.543762
0	20.807000	1.365217	321.000000	417.000000
0	20.838000	1.113623	324.500000	416.500000
0	20.869000	0.645362	333.956238	412.968750
0	20.900000	0.774638	334.606262	410.606262
0	20.931000	1.182609	319.375000	418.625000
0	20.963000	1.476232	323.962494	424.424957
1	20.994000	0.690725	332.562500	412.062500
0	21.041000	1.268406	319.649994	416.824982
0	21.072000	1.266667	319.000000	416.250000
0	21.103000	1.301884	319.193756	418.743744
0	21.134000	1.194203	324.500000	419.500000
0	21.165000	1.440145	320.631256	420.381256
1	21.197000	0.690290	332.431183	414.031281
1	21.228000	1.625073	322.693756	424.681244
0	21.259000	1.460870	322.500000	423.500000
0	21.306000	1.252319	326.006256	420.006256
0	21.337000	1.321739	321.500000	418.500000
0	21.368000	1.391304	322.500000	422.500000
0	21.399000	1.202754	322.718750	417.968750
0	21.431000	1.305942	320.781250	418.281250
0	21.462000	1.286377	321.000000	419.000000
0	21.493000	1.416812	320.674988	421.674988
0	21.540000	1.449275	324.500000	425.500000
0	21.571000	1.428841	319.481262	424.518738
0	21.602000	1.055072	324.875000	421.625000
0	21.633000	1.561449	321.437500	429.687500
0	21.665000	1.310145	319.500000	426.500000
0	21.696000	1.356522	320.500000	425.500000
0	21.727000	1.492464	320.837494	427.274994
0	21.774000	1.647246	322.812500	426.687500
0	21.805000	1.436377	318.906250	427.406250
1	21.836000	0.955507	331.256256	418.743744
0	21.867000	1.356522	320.500000	429.500000
0	21.899000	1.511884	320.024994	430.024994
1	21.930000	0.986377	332.062500	420.812500
0	21.961000	1.451160	319.868744	430.568756
0	21.992000	1.617971	324.000000	431.500000
0	22.039000	1.434203	319.875000	429.875000
0	22.070000	1.356522	324.500000	433.500000
0	22.101000	1.435797	323.381256	434.618744
0	22.133000	1.416377	319.631256	432.631256
0	22.164000	1.553623	321.500000	429.500000
0	22.195000	1.435942	319.149994	430.600006
0	22.226000	1.542029	320.500000	429.500000
0	22.273000	1.533623	321.324982	435.587494
0	22.304000	1.468986	320.625000	428.875000
0	22.335000	1.370725	323.899994	438.087494
0	22.367000	1.356522	320.500000	429.500000
0	22.398000	1.531739	320.993744	437.243683
0	22.429000	1.426087	319.000000	434.000000
0	22.460000	1.435942	319.850006	431.600006
0	22.507000	1.634058	321.518738	434.356262
0	22.538000	1.599855	322.993744	438.506256
0	22.569000	1.571015	326.000000	441.000000
0	22.601000	1.669420	321.806244	436.818756
1	22.632000	1.788986	324.725006	437.725006
0	22.663000	1.634783	324.500000	437.500000
0	22.694000	1.534203	322.000000	436.250000
0	22.725000	1.407101	327.268738	440.531250
0	22.772000	1.602754	321.968750	438.468750
0	22.803000	1.292753	324.125031	435.875031
0	22.835000	1.573913	321.250000	433.000000
1	22.866000	1.008696	330.500000	425.500000
0	22.897000	1.542319	325.687531	441.787506
0	22.928000	1.634783	324.500000	437.500000
0	22.959000	1.472464	324.500000	433.500000
0	23.006000	1.507246	320.500000	432.500000
0	23.037000	1.704348	324.500000	437.500000
0	23.069000	1.472464	322.500000	439.500000
0	23.100000	1.489710	323.281250	439.406250
0	23.131000	1.356522	325.500000	440.500000
0	23.162000	1.542029	320.500000	433.500000
0	23.193000	1.455942	320.612488	434.187500
0	23.240000	1.667971	324.781250	436.281250
0	23.271000	1.212029	324.806244	436.306244
0	23.303000	1.522029	320.912506	435.899994
0	23.334000	1.656667	322.131317	435.868744
0	23.365000	1.645072	322.281250	436.156250
0	23.396000	1.565217	320.375000	435.375000
0	23.427000	1.622464	320.831238	437.831238
0	23.459000	1.542029	320.500000	437.500000
0	23.505000	1.733188	323.593750	436.531250
0	23.537000	1.471015	325.012512	440.687500
0	23.568000	1.677101	323.899994	436.100006
0	23.599000	1.449275	320.500000	433.500000
0	23.630000	1.466812	323.906250	440.843750
0	23.661000	1.437681	319.500000	435.500000
0	23.693000	1.464203	324.806244	442.306244
0	23.739000	1.438116	321.318756	440.681244
0	23.771000	1.449275	324.500000	433.500000
0	23.802000	1.574493	320.362488	435.625000
0	23.833000	1.611594	320.500000	439.500000
0	23.864000	1.664203	322.681244	437.056244
0	23.895000	1.402899	325.500000	440.500000
1	23.927000	1.752899	324.206238	439.206238
0	23.958000	1.495652	323.500000	442.500000
0	24.005000	1.438116	324.318756	443.418732
0	24.036000	1.547971	320.493683	435.693817
0	24.067000	1.581449	320.774994	439.725006
0	24.098000	1.449275	324.500000	445.500000
0	24.129000	1.671159	323.018738	438.018738
1	24.161000	1.000725	331.418762	427.856262
0	24.192000	1.670145	322.000000	437.000000
0	24.239000	1.433768	324.568756	441.118744
0	24.270000	1.530435	320.500000	435.500000
0	24.301000	1.522464	320.918762	437.893738
1	24.332000	1.698551	323.125000	438.625000
0	24.363000	1.479420	324.587494	442.737518
0	24.395000	1.356522	320.500000	433.500000
0	24.426000	1.426087	323.000000	443.000000
0	24.473000	1.508116	320.937500	440.312500
0	24.504000	1.512464	321.000000	437.625000
0	24.535000	1.472899	325.056244	443.443756
1	24.566000	1.777681	322.549988	438.687500
0	24.597000	1.424203	318.306244	435.556244
0	24.629000	1.477246	324.506256	442.506256
0	24.660000	1.611594	322.500000	437.500000
0	24.691000	1.579275	321.056244	437.681244
0	24.738000	1.334203	322.562500	438.562500
0	24.769000	1.476377	319.481262	435.731262
0	24.800000	1.478405	320.406067	435.493958
0	24.831000	1.529420	320.006256	434.993744
0	24.863000	1.426667	322.000000	431.500000
0	24.894000	1.565797	319.500000	438.500000
0	24.925000	1.384638	317.787445	434.037506
0	24.972000	1.507246	319.750000	434.250000
0	25.003000	1.484058	318.750000	436.250000
0	25.034000	1.246667	315.337494	430.524994
0	25.065000	1.507681	321.068756	437.818756
0	25.097000	1.344638	320.662506	434.699982
0	25.128000	1.620580	319.787506	434.287506
1	25.159000	0.915942	331.000000	424.000000
0	25.206000	1.575507	320.593750	434.156250
1	25.237000	1.820290	324.500000	437.500000
1	25.268000	0.937971	330.024994	425.024994
0	25.299000	1.468406	318.725006	434.399994
0	25.331000	1.634783	321.500000	436.500000
1	25.362000	0.931015	330.500000	424.937500
0	25.393000	1.540290	322.100006	437.649994
0	25.424000	1.542899	319.575012	433.812500
0	25.471000	1.356522	321.500000	434.500000
0	25.502000	1.495652	318.000000	434.000000
0	25.533000	1.531014	320.000000	438.000000
0	25.565000	1.566232	320.493744	435.506256
0	25.596000	1.576812	319.125000	433.875000
0	25.627000	1.518551	319.912506	437.050018
0	25.658000	1.446812	323.006256	440.068756
0	25.705000	1.356522	320.500000	433.500000
0	25.736000	1.449275	316.500000	437.500000
0	25.767000	1.472464	318.000000	434.000000
0	25.799000	1.481014	318.468750	435.781250
0	25.830000	1.511884	320.774994	440.024994
0	25.861000	1.542029	320.500000	437.500000
0	25.892000	1.485942	319.368744	436.368744
0	25.939000	1.692754	323.500000	438.500000
0	25.970000	1.565217	320.500000	437.500000
1	26.001000	1.547826	319.500000	436.000000
0	26.033000	1.548550	319.481140	435.268677
0	26.064000	1.557101	321.625000	441.375000
0	26.095000	1.640725	320.406250	440.343750
0	26.126000	1.449275	320.500000	437.500000
0	26.157000	1.472464	324.000000	442.000000
1	26.204000	1.542464	319.618744	434.806244
0	26.235000	1.321739	322.500000	430.500000
0	26.267000	1.559855	321.193756	440.931244
0	26.298000	1.559420	322.125000	441.375000
0	26.329000	1.555507	322.568756	441.118744
0	26.360000	1.583623	320.743744	437.006256
0	26.391000	1.575507	321.843750	439.643738
1	26.438000	1.602174	321.937500	436.500000
0	26.469000	1.618841	321.299988	437.512512
0	26.501000	1.614058	322.593781	437.606232
0	26.532000	1.458841	320.837494	438.837494
0	26.563000	1.356522	325.500000	444.500000
0	26.594000	1.555362	322.162506	440.600006
0	26.625000	1.286957	320.500000	435.500000
0	26.672000	1.611594	320.500000	439.500000
0	26.703000	1.441884	324.031250	443.031250
0	26.735000	1.673333	322.174988	436.987488
0	26.766000	1.426087	322.000000	441.000000
0	26.797000	1.494203	325.375000	443.625000
0	26.828000	1.630725	321.649994	436.562592
0	26.859000	1.424927	320.512482	436.774994
0	26.891000	1.443478	324.000000	440.000000
0	26.937000	1.590725	320.924988	439.424988
0	26.969000	1.612464	320.812500	435.937500
0	27.000000	1.635797	321.543732	435.256256
0	27.031000	1.526667	321.000000	433.500000
0	27.062000	1.482320	320.100159	434.687256
1	27.093000	0.939130	330.000000	426.000000
0	27.125000	1.379710	324.500000	441.500000
1	27.171000	1.542029	320.000000	430.000000
0	27.203000	1.501160	319.662506	433.149994
1	27.234000	1.681159	321.500000	436.500000
0	27.265000	1.472319	321.656250	440.406250
0	27.296000	1.527971	321.106232	439.993744
0	27.327000	1.584203	319.968750	435.981262
1	27.359000	1.773913	323.500000	438.500000
0	27.405000	1.588406	321.500000	440.500000
0	27.437000	1.645072	321.781250	438.531250
0	27.468000	1.380870	323.925354	441.175354
0	27.499000	1.415072	321.350006	434.350006
1	27.530000	0.985507	332.500000	425.500000
0	27.561000	1.514203	323.850006	443.149994
0	27.593000	1.495652	321.500000	438.500000
0	27.624000	1.542029	324.500000	441.500000
0	27.671000	1.779275	322.743744	437.818756
0	27.702000	1.634783	325.500000	438.500000
0	27.733000	1.482029	319.437500	433.687500
0	27.764000	1.538116	319.681244	434.131256
0	27.795000	1.562319	320.000000	435.500000
0	27.827000	1.484203	319.706238	435.406250
0	27.858000	1.532030	319.968994	434.231567
0	27.889000	1.520580	321.100006	436.850006
0	27.936000	1.538986	319.368744	435.631256
0	27.967000	1.476667	320.468750	439.406250
0	27.998000	1.565217	321.500000	445.500000
0	28.029000	1.670145	323.000000	444.187500
0	28.061000	1.733623	323.087494	444.087494
0	28.092000	1.582609	320.500000	445.000000
0	28.123000	1.335217	322.631561	447.493500
0	28.170000	1.551014	325.212494	450.762482
0	28.201000	1.528841	322.968750	449.031250
0	28.232000	1.509855	323.212494	447.712494
0	28.263000	1.646377	325.825012	451.825012
0	28.295000	1.607101	320.968750	447.468750
0	28.326000	1.751594	323.312500	446.187500
0	28.357000	1.704348	322.500000	445.500000
0	28.404000	1.657971	321.325012	448.325012
0	28.435000	1.742899	321.687500	447.187500
0	28.466000	1.542029	324.500000	453.500000
1	28.497000	1.805507	324.037506	451.350006
0	28.529000	1.729855	322.500000	449.125000
0	28.560000	1.848551	322.668762	450.018738
0	28.591000	1.639855	320.343750	448.456238
0	28.622000	1.605072	322.068726	455.018738
0	28.669000	1.574058	323.618805	456.006134
0	28.700000	1.657536	320.943756	456.181244
0	28.731000	1.716377	322.368744	455.193756
0	28.763000	1.622899	334.662506	456.662506
0	28.794000	1.565797	320.549988	457.500000
0	28.825000	1.875507	343.968750	453.031250
0	28.856000	2.155362	344.024994	449.024994
0	28.903000	1.542029	319.500000	457.500000
0	28.934000	1.842899	341.500000	453.500000
0	28.965000	1.623333	320.706238	456.656250
0	28.997000	1.634783	320.500000	458.500000
0	29.028000	1.603188	321.962494	456.962494
1	29.059000	1.031884	331.000000	451.000000
0	29.090000	1.426087	326.500000	455.500000
0	29.137000	1.375507	334.856262	456.893738
1	29.168000	1.100145	332.306244	452.693756
1	29.199000	1.104928	333.250000	454.250000
1	29.231000	1.113043	332.500000	455.500000
0	29.262000	1.435797	329.356232	459.368744
0	29.293000	1.072754	332.712494	456.537506
0	29.324000	1.495652	321.500000	459.500000
0	29.355000	1.583768	319.975006	457.225006
0	29.402000	1.122319	330.424988	462.000000
0	29.433000	1.113623	331.500061	461.499939
0	29.465000	1.574493	319.974976	457.375000
1	29.496000	1.037536	328.406250	454.531250
0	29.527000	1.875507	339.031250	453.031250
0	29.558000	1.183188	317.750000	439.000000
0	29.589000	0.347826	268.000000	475.000000
0	29.636000	0.968406	386.087494	466.087494
0	29.667000	5.669565	344.500000	393.568756
0	29.699000	1.437681	283.674988	327.674988
0	29.730000	2.050724	387.475342	450.512512
0	29.761000	5.669565	344.500000	388.500000
0	29.792000	5.669565	344.500000	388.500000
0	29.823000	5.669565	344.500000	388.500000
0	29.870000	5.669565	344.500000	388.500000
0	29.901000	5.669565	344.500000	388.500000
0	29.933000	5.669565	344.500000	388.500000
0	29.964000	5.669565	344.500000	388.500000
0	29.995000	5.669565	344.500000	388.500000
<\RIGHT-PUPIL-DATA>
<LEFT-PUPIL-DATA>
903	0
0	-0.051000	0.000000	327.000000	301.000000
0	-0.020000	0.000000	327.000000	301.000000
0	0.011000	0.000000	327.000000	301.000000
0	0.042000	0.000000	327.000000	301.000000
0	0.074000	0.000000	327.000000	301.000000
0	0.120000	0.000000	327.000000	301.000000
0	0.152000	0.000000	327.000000	301.000000
0	0.183000	0.000000	327.000000	301.000000
0	0.214000	0.000000	327.000000	301.000000
0	0.245000	0.000000	327.000000	301.000000
0	0.276000	0.000000	327.000000	301.000000
0	0.308000	0.000000	327.000000	301.000000
0	0.354000	0.000000	327.000000	301.000000
0	0.386000	0.000000	327.000000	301.000000
0	0.417000	0.000000	327.000000	301.000000
0	0.448000	0.000000	327.000000	301.000000
0	0.479000	0.000000	327.000000	301.000000
0	0.510000	0.000000	327.000000	301.000000
0	0.542000	0.000000	327.000000	301.000000
0	0.573000	0.000000	327.000000	301.000000
0	0.620000	0.000000	327.000000	301.000000
0	0.651000	0.000000	327.000000	301.000000
0	0.682000	0.000000	327.000000	301.000000
0	0.713000	0.000000	327.000000	301.000000
0	0.744000	0.000000	327.000000	301.000000
0	0.776000	0.000000	327.000000	301.000000
0	0.807000	0.000000	327.000000	301.000000
0	0.854000	0.000000	327.000000	301.000000
0	0.885000	0.000000	327.000000	301.000000
0	0.916000	0.000000	327.000000	301.000000
0	0.947000	0.000000	327.000000	301.000000
0	0.978000	0.000000	327.000000	301.000000
0	1.010000	0.000000	327.000000	301.000000
0	1.041000	0.000000	327.000000	301.000000
0	1.088000	0.000000	327.000000	301.000000
0	1.119000	0.000000	327.000000	301.000000
0	1.150000	0.000000	327.000000	301.000000
0	1.181000	0.000000	327.000000	301.000000
0	1.212000	0.000000	327.000000	301.000000
0	1.244000	0.000000	327.000000	301.000000
0	1.275000	0.000000	327.000000	301.000000
0	1.306000	0.000000	327.000000	301.000000
0	1.353000	0.000000	327.000000	301.000000
0	1.384000	0.000000	327.000000	301.000000
0	1.415000	0.000000	327.000000	301.000000
0	1.446000	0.000000	327.000000	301.000000
0	1.478000	0.000000	327.000000	301.000000
0	1.509000	0.000000	327.000000	301.000000
0	1.540000	0.000000	327.000000	301.000000
0	1.587000	0.000000	327.000000	301.000000
0	1.618000	0.000000	327.000000	301.000000
0	1.649000	0.000000	327.000000	301.000000
0	1.680000	0.000000	327.000000	301.000000
0	1.712000	0.000000	327.000000	301.000000
0	1.743000	0.000000	327.000000	301.000000
0	1.774000	0.000000	327.000000	301.000000
0	1.821000	0.000000	327.000000	301.000000
0	1.852000	0.000000	327.000000	301.000000
0	1.883000	0.000000	327.000000	301.000000
0	1.914000	0.000000	327.000000	301.000000
0	1.946000	0.000000	327.000000	301.000000
0	1.977000	0.000000	327.000000	301.000000
0	2.008000	0.000000	327.000000	301.000000
0	2.039000	0.000000	327.000000	301.000000
0	2.086000	0.000000	327.000000	301.000000
0	2.117000	0.000000	327.000000	301.000000
0	2.148000	0.000000	327.000000	301.000000
0	2.180000	0.000000	327.000000	301.000000
0	2.211000	0.000000	327.000000	301.000000
0	2.242000	0.000000	327.000000	301.000000
0	2.273000	0.000000	327.000000	301.000000
0	2.320000	0.000000	327.000000	301.000000
0	2.351000	0.000000	327.000000	301.000000
0	2.382000	0.000000	327.000000	301.000000
0	2.414000	0.000000	327.000000	301.000000
0	2.445000	0.000000	327.000000	301.000000
0	2.476000	0.000000	327.000000	301.000000
0	2.507000	0.000000	327.000000	301.000000
0	2.554000	0.000000	327.000000	301.000000
0	2.585000	0.000000	327.000000	301.000000
0	2.616000	0.000000	327.000000	301.000000
0	2.648000	0.000000	327.000000	301.000000
0	2.679000	0.000000	327.000000	301.000000
0	2.710000	0.000000	327.000000	301.000000
0	2.741000	0.000000	327.000000	301.000000
0	2.772000	0.000000	327.000000	301.000000
0	2.819000	0.000000	327.000000	301.000000
0	2.850000	0.000000	327.000000	301.000000
0	2.882000	0.000000	327.000000	301.000000
0	2.913000	0.000000	327.000000	301.000000
0	2.944000	0.000000	327.000000	301.000000
0	2.975000	0.000000	327.000000	301.000000
0	3.006000	0.000000	327.000000	301.000000
0	3.038000	0.000000	327.000000	301.000000
0	3.084000	0.000000	327.000000	301.000000
0	3.116000	0.000000	327.000000	301.000000
0	3.147000	0.000000	327.000000	301.000000
0	3.178000	0.000000	327.000000	301.000000
0	3.209000	0.000000	327.000000	301.000000
0	3.240000	0.000000	327.000000	301.000000
0	3.272000	0.000000	327.000000	301.000000
0	3.318000	0.000000	327.000000	301.000000
0	3.350000	0.000000	327.000000	301.000000
0	3.381000	0.000000	327.000000	301.000000
0	3.412000	0.000000	327.000000	301.000000
0	3.443000	0.000000	327.000000	301.000000
0	3.474000	0.000000	327.000000	301.000000
0	3.506000	0.000000	327.000000	301.000000
0	3.552000	0.000000	327.000000	301.000000
0	3.584000	0.000000	327.000000	301.000000
0	3.615000	0.000000	327.000000	301.000000
0	3.646000	0.000000	327.000000	301.000000
0	3.677000	0.000000	327.000000	301.000000
0	3.708000	0.000000	327.000000	301.000000
0	3.740000	0.000000	327.000000	301.000000
0	3.771000	0.000000	327.000000	301.000000
0	3.818000	0.000000	327.000000	301.000000
0	3.849000	0.000000	327.000000	301.000000
0	3.880000	0.000000	327.000000	301.000000
0	3.911000	0.000000	327.000000	301.000000
0	3.942000	0.000000	327.000000	301.000000
0	3.974000	0.000000	327.000000	301.000000
0	4.005000	0.000000	327.000000	301.000000
0	4.052000	0.000000	327.000000	301.000000
0	4.083000	0.000000	327.000000	301.000000
0	4.114000	0.000000	327.000000	301.000000
0	4.145000	0.000000	327.000000	301.000000
0	4.176000	0.000000	327.000000	301.000000
0	4.208000	0.000000	327.000000	301.000000
0	4.239000	0.000000	327.000000	301.000000
0	4.286000	0.000000	327.000000	301.000000
0	4.317000	0.000000	327.000000	301.000000
0	4.348000	0.000000	327.000000	301.000000
0	4.379000	0.000000	327.000000	301.000000
0	4.411000	0.000000	327.000000	301.000000
0	4.442000	0.000000	327.000000	301.000000
0	4.473000	0.000000	327.000000	301.000000
0	4.504000	0.000000	327.000000	301.000000
0	4.551000	0.000000	327.000000	301.000000
0	4.582000	0.000000	327.000000	301.000000
0	4.613000	0.000000	327.000000	301.000000
0	4.645000	0.000000	327.000000	301.000000
0	4.676000	0.000000	327.000000	301.000000
0	4.707000	0.000000	327.000000	301.000000
0	4.738000	0.000000	327.000000	301.000000
0	4.785000	0.000000	327.000000	301.000000
0	4.816000	0.000000	327.000000	301.000000
0	4.847000	0.000000	327.000000	301.000000
0	4.879000	0.000000	327.000000	301.000000
0	4.910000	0.000000	327.000000	301.000000
0	4.941000	0.000000	327.000000	301.000000
0	4.972000	0.000000	327.000000	301.000000
0	5.019000	0.000000	327.000000	301.000000
0	5.050000	0.000000	327.000000	301.000000
0	5.081000	0.000000	327.000000	301.000000
0	5.113000	0.000000	327.000000	301.000000
0	5.144000	0.000000	327.000000	301.000000
0	5.175000	0.000000	327.000000	301.000000
0	5.206000	0.000000	327.000000	301.000000
0	5.237000	0.000000	327.000000	301.000000
0	5.284000	0.000000	327.000000	301.000000
0	5.315000	0.000000	327.000000	301.000000
0	5.347000	0.000000	327.000000	301.000000
0	5.378000	0.000000	327.000000	301.000000
0	5.409000	0.000000	327.000000	301.000000
0	5.440000	0.000000	327.000000	301.000000
0	5.471000	0.000000	327.000000	301.000000
0	5.518000	0.000000	327.000000	301.000000
0	5.549000	0.000000	327.000000	301.000000
0	5.581000	0.000000	327.000000	301.000000
0	5.612000	0.000000	327.000000	301.000000
0	5.643000	0.000000	327.000000	301.000000
0	5.674000	0.000000	327.000000	301.000000
0	5.705000	0.000000	327.000000	301.000000
0	5.752000	0.000000	327.000000	301.000000
0	5.783000	0.000000	327.000000	301.000000
0	5.815000	0.000000	327.000000	301.000000
0	5.846000	0.000000	327.000000	301.000000
0	5.877000	0.000000	327.000000	301.000000
0	5.908000	0.000000	327.000000	301.000000
0	5.939000	0.000000	327.000000	301.000000
0	5.971000	0.000000	327.000000	301.000000
0	6.017000	0.000000	327.000000	301.000000
0	6.049000	0.000000	327.000000	301.000000
0	6.080000	0.000000	327.000000	301.000000
0	6.111000	0.000000	327.000000	301.000000
0	6.142000	0.000000	327.000000	301.000000
0	6.173000	0.000000	327.000000	301.000000
0	6.205000	0.000000	327.000000	301.000000
0	6.251000	0.000000	327.000000	301.000000
0	6.283000	0.000000	327.000000	301.000000
0	6.314000	0.000000	327.000000	301.000000
0	6.345000	0.000000	327.000000	301.000000
0	6.376000	0.000000	327.000000	301.000000
0	6.407000	0.000000	327.000000	301.000000
0	6.439000	0.000000	327.000000	301.000000
0	6.485000	0.000000	327.000000	301.000000
0	6.517000	0.000000	327.000000	301.000000
0	6.548000	0.000000	327.000000	301.000000
0	6.579000	0.000000	327.000000	301.000000
0	6.610000	0.000000	327.000000	301.000000
0	6.641000	0.000000	327.000000	301.000000
0	6.673000	0.000000	327.000000	301.000000
0	6.704000	0.000000	327.000000	301.000000
0	6.751000	0.000000	327.000000	301.000000
0	6.782000	0.000000	327.000000	301.000000
0	6.813000	0.000000	327.000000	301.000000
0	6.844000	0.000000	327.000000	301.000000
0	6.875000	0.000000	327.000000	301.000000
0	6.907000	0.000000	327.000000	301.000000
0	6.938000	0.000000	327.000000	301.000000
0	6.969000	0.000000	327.000000	301.000000
0	7.016000	0.000000	327.000000	301.000000
0	7.047000	0.000000	327.000000	301.000000
0	7.078000	0.000000	327.000000	301.000000
0	7.109000	0.000000	327.000000	301.000000
0	7.141000	0.000000	327.000000	301.000000
0	7.172000	0.000000	327.000000	301.000000
0	7.203000	0.000000	327.000000	301.000000
0	7.250000	0.000000	327.000000	301.000000
0	7.281000	0.000000	327.000000	301.000000
0	7.312000	0.000000	327.000000	301.000000
0	7.343000	0.000000	327.000000	301.000000
0	7.375000	0.000000	327.000000	301.000000
0	7.406000	0.000000	327.000000	301.000000
0	7.437000	0.000000	327.000000	301.000000
0	7.484000	0.000000	327.000000	301.000000
0	7.515000	0.000000	327.000000	301.000000
0	7.546000	0.000000	327.000000	301.000000
0	7.577000	0.000000	327.000000	301.000000
0	7.609000	0.000000	327.000000	301.000000
0	7.640000	0.000000	327.000000	301.000000
0	7.671000	0.000000	327.000000	301.000000
0	7.702000	0.000000	327.000000	301.000000
0	7.749000	0.000000	327.000000	301.000000
0	7.780000	0.000000	327.000000	301.000000
0	7.811000	0.000000	327.000000	301.000000
0	7.843000	0.000000	327.000000	301.000000
0	7.874000	0.000000	327.000000	301.000000
0	7.905000	0.000000	327.000000	301.000000
0	7.936000	0.000000	327.000000	301.000000
0	7.983000	0.000000	327.000000	301.000000
0	8.014000	0.000000	327.000000	301.000000
0	8.045000	0.000000	327.000000	301.000000
0	8.077000	0.000000	327.000000	301.000000
0	8.108000	0.000000	327.000000	301.000000
0	8.139000	0.000000	327.000000	301.000000
0	8.170000	0.000000	327.000000	301.000000
0	8.217000	0.000000	327.000000	301.000000
0	8.248000	0.000000	327.000000	301.000000
0	8.279000	0.000000	327.000000	301.000000
0	8.311000	0.000000	327.000000	301.000000
0	8.342000	0.000000	327.000000	301.000000
0	8.373000	0.000000	327.000000	301.000000
0	8.404000	0.000000	327.000000	301.000000
0	8.435000	0.000000	327.000000	301.000000
0	8.482000	0.000000	327.000000	301.000000
0	8.513000	0.000000	327.000000	301.000000
0	8.545000	0.000000	327.000000	301.000000
0	8.576000	0.000000	327.000000	301.000000
0	8.607000	0.000000	327.000000	301.000000
0	8.638000	0.000000	327.000000	301.000000
0	8.669000	0.000000	327.000000	301.000000
0	8.716000	0.000000	327.000000	301.000000
0	8.747000	0.000000	327.000000	301.000000
0	8.779000	0.000000	327.000000	301.000000
0	8.810000	0.000000	327.000000	301.000000
0	8.841000	0.000000	327.000000	301.000000
0	8.872000	0.000000	327.000000	301.000000
0	8.903000	0.000000	327.000000	301.000000
0	8.950000	0.000000	327.000000	301.000000
0	8.981000	0.000000	327.000000	301.000000
0	9.013000	0.000000	327.000000	301.000000
0	9.044000	0.000000	327.000000	301.000000
0	9.075000	0.000000	327.000000	301.000000
0	9.106000	0.000000	327.000000	301.000000
0	9.137000	0.000000	327.000000	301.000000
0	9.169000	0.000000	327.000000	301.000000
0	9.215000	0.000000	327.000000	301.000000
0	9.247000	0.000000	327.000000	301.000000
0	9.278000	0.000000	327.000000	301.000000
0	9.309000	0.000000	327.000000	301.000000
0	9.340000	0.000000	327.000000	301.000000
0	9.371000	0.000000	327.000000	301.000000
0	9.403000	0.000000	327.000000	301.000000
0	9.449000	0.000000	327.000000	301.000000
0	9.481000	0.000000	327.000000	301.000000
0	9.512000	0.000000	327.000000	301.000000
0	9.543000	0.000000	327.000000	301.000000
0	9.574000	0.000000	327.000000	301.000000
0	9.605000	0.000000	327.000000	301.000000
0	9.637000	0.000000	327.000000	301.000000
0	9.683000	0.000000	327.000000	301.000000
0	9.715000	0.000000	327.000000	301.000000
0	9.746000	0.000000	327.000000	301.000000
0	9.777000	0.000000	327.000000	301.000000
0	9.808000	0.000000	327.000000	301.000000
0	9.839000	0.000000	327.000000	301.000000
0	9.871000	0.000000	327.000000	301.000000
0	9.902000	0.000000	327.000000	301.000000
0	9.949000	0.000000	327.000000	301.000000
0	9.980000	0.000000	327.000000	301.000000
0	10.011000	0.000000	327.000000	301.000000
0	10.042000	0.000000	327.000000	301.000000
0	10.073000	0.000000	327.000000	301.000000
0	10.105000	0.000000	327.000000	301.000000
0	10.136000	0.000000	327.000000	301.000000
0	10.183000	0.000000	327.000000	301.000000
0	10.214000	0.000000	327.000000	301.000000
0	10.245000	0.000000	327.000000	301.000000
0	10.276000	0.000000	327.000000	301.000000
0	10.307000	0.000000	327.000000	301.000000
0	10.339000	0.000000	327.000000	301.000000
0	10.370000	0.000000	327.000000	301.000000
0	10.417000	0.000000	327.000000	301.000000
0	10.448000	0.000000	327.000000	301.000000
0	10.479000	0.000000	327.000000	301.000000
0	10.510000	0.000000	327.000000	301.000000
0	10.541000	0.000000	327.000000	301.000000
0	10.573000	0.000000	327.000000	301.000000
0	10.604000	0.000000	327.000000	301.000000
0	10.635000	0.000000	327.000000	301.000000
0	10.682000	0.000000	327.000000	301.000000
0	10.713000	0.000000	327.000000	301.000000
0	10.744000	0.000000	327.000000	301.000000
0	10.775000	0.000000	327.000000	301.000000
0	10.807000	0.000000	327.000000	301.000000
0	10.838000	0.000000	327.000000	301.000000
0	10.869000	0.000000	327.000000	301.000000
0	10.916000	0.000000	327.000000	301.000000
0	10.947000	0.000000	327.000000	301.000000
0	10.978000	0.000000	327.000000	301.000000
0	11.009000	0.000000	327.000000	301.000000
0	11.041000	0.000000	327.000000	301.000000
0	11.072000	0.000000	327.000000	301.000000
0	11.103000	0.000000	327.000000	301.000000
0	11.134000	0.000000	327.000000	301.000000
0	11.181000	0.000000	327.000000	301.000000
0	11.212000	0.000000	327.000000	301.000000
0	11.243000	0.000000	327.000000	301.000000
0	11.275000	0.000000	327.000000	301.000000
0	11.306000	0.000000	327.000000	301.000000
0	11.337000	0.000000	327.000000	301.000000
0	11.368000	0.000000	327.000000	301.000000
0	11.415000	0.000000	327.000000	301.000000
0	11.446000	0.000000	327.000000	301.000000
0	11.477000	0.000000	327.000000	301.000000
0	11.509000	0.000000	327.000000	301.000000
0	11.540000	0.000000	327.000000	301.000000
0	11.571000	0.000000	327.000000	301.000000
0	11.602000	0.000000	327.000000	301.000000
0	11.649000	0.000000	327.000000	301.000000
0	11.680000	0.000000	327.000000	301.000000
0	11.711000	0.000000	327.000000	301.000000
0	11.743000	0.000000	327.000000	301.000000
0	11.774000	0.000000	327.000000	301.000000
0	11.805000	0.000000	327.000000	301.000000
0	11.836000	0.000000	327.000000	301.000000
0	11.867000	0.000000	327.000000	301.000000
0	11.914000	0.000000	327.000000	301.000000
0	11.945000	0.000000	327.000000	301.000000
0	11.977000	0.000000	327.000000	301.000000
0	12.008000	0.000000	327.000000	301.000000
0	12.039000	0.000000	327.000000	301.000000
0	12.070000	0.000000	327.000000	301.000000
0	12.101000	0.000000	327.000000	301.000000
0	12.148000	0.000000	327.000000	301.000000
0	12.179000	0.000000	327.000000	301.000000
0	12.211000	0.000000	327.000000	301.000000
0	12.242000	0.000000	327.000000	301.000000
0	12.273000	0.000000	327.000000	301.000000
0	12.304000	0.000000	327.000000	301.000000
0	12.335000	0.000000	327.000000	301.000000
0	12.367000	0.000000	327.000000	301.000000
0	12.413000	0.000000	327.000000	301.000000
0	12.445000	0.000000	327.000000	301.000000
0	12.476000	0.000000	327.000000	301.000000
0	12.507000	0.000000	327.000000	301.000000
0	12.538000	0.000000	327.000000	301.000000
0	12.569000	0.000000	327.000000	301.000000
0	12.601000	0.000000	327.000000	301.000000
0	12.647000	0.000000	327.000000	301.000000
0	12.679000	0.000000	327.000000	301.000000
0	12.710000	0.000000	327.000000	301.000000
0	12.741000	0.000000	327.000000	301.000000
0	12.772000	0.000000	327.000000	301.000000
0	12.803000	0.000000	327.000000	301.000000
0	12.835000	0.000000	327.000000	301.000000
0	12.881000	0.000000	327.000000	301.000000
0	12.913000	0.000000	327.000000	301.000000
0	12.944000	0.000000	327.000000	301.000000
0	12.975000	0.000000	327.000000	301.000000
0	13.006000	0.000000	327.000000	301.000000
0	13.037000	0.000000	327.000000	301.000000
0	13.069000	0.000000	327.000000	301.000000
0	13.100000	0.000000	327.000000	301.000000
0	13.147000	0.000000	327.000000	301.000000
0	13.178000	0.000000	327.000000	301.000000
0	13.209000	0.000000	327.000000	301.000000
0	13.240000	0.000000	327.000000	301.000000
0	13.271000	0.000000	327.000000	301.000000
0	13.303000	0.000000	327.000000	301.000000
0	13.334000	0.000000	327.000000	301.000000
0	13.381000	0.000000	327.000000	301.000000
0	13.412000	0.000000	327.000000	301.000000
0	13.443000	0.000000	327.000000	301.000000
0	13.474000	0.000000	327.000000	301.000000
0	13.505000	0.000000	327.000000	301.000000
0	13.537000	0.000000	327.000000	301.000000
0	13.568000	0.000000	327.000000	301.000000
0	13.615000	0.000000	327.000000	301.000000
0	13.646000	0.000000	327.000000	301.000000
0	13.677000	0.000000	327.000000	301.000000
0	13.708000	0.000000	327.000000	301.000000
0	13.739000	0.000000	327.000000	301.000000
0	13.771000	0.000000	327.000000	301.000000
0	13.802000	0.000000	327.000000	301.000000
0	13.833000	0.000000	327.000000	301.000000
0	13.880000	0.000000	327.000000	301.000000
0	13.911000	0.000000	327.000000	301.000000
0	13.942000	0.000000	327.000000	301.000000
0	13.973000	0.000000	327.000000	301.000000
0	14.005000	0.000000	327.000000	301.000000
0	14.036000	0.000000	327.000000	301.000000
0	14.067000	0.000000	327.000000	301.000000
0	14.114000	0.000000	327.000000	301.000000
0	14.145000	0.000000	327.000000	301.000000
0	14.176000	0.000000	327.000000	301.000000
0	14.207000	0.000000	327.000000	301.000000
0	14.239000	0.000000	327.000000	301.000000
0	14.270000	0.000000	327.000000	301.000000
0	14.301000	0.000000	327.000000	301.000000
0	14.348000	0.000000	327.000000	301.000000
0	14.379000	0.000000	327.000000	301.000000
0	14.410000	0.000000	327.000000	301.000000
0	14.441000	0.000000	327.000000	301.000000
0	14.473000	0.000000	327.000000	301.000000
0	14.504000	0.000000	327.000000	301.000000
0	14.535000	0.000000	327.000000	301.000000
0	14.566000	0.000000	327.000000	301.000000
0	14.613000	0.000000	327.000000	301.000000
0	14.644000	0.000000	327.000000	301.000000
0	14.675000	0.000000	327.000000	301.000000
0	14.707000	0.000000	327.000000	301.000000
0	14.738000	0.000000	327.000000	301.000000
0	14.769000	0.000000	327.000000	301.000000
0	14.800000	0.000000	327.000000	301.000000
0	14.847000	0.000000	327.000000	301.000000
0	14.878000	0.000000	327.000000	301.000000
0	14.909000	0.000000	327.000000	301.000000
0	14.941000	0.000000	327.000000	301.000000
0	14.972000	0.000000	327.000000	301.000000
0	15.003000	0.000000	327.000000	301.000000
0	15.034000	0.000000	327.000000	301.000000
0	15.065000	0.000000	327.000000	301.000000
0	15.112000	0.000000	327.000000	301.000000
0	15.143000	0.000000	327.000000	301.000000
0	15.175000	0.000000	327.000000	301.000000
0	15.206000	0.000000	327.000000	301.000000
0	15.237000	0.000000	327.000000	301.000000
0	15.268000	0.000000	327.000000	301.000000
0	15.299000	0.000000	327.000000	301.000000
0	15.346000	0.000000	327.000000	301.000000
0	15.377000	0.000000	327.000000	301.000000
0	15.409000	0.000000	327.000000	301.000000
0	15.440000	0.000000	327.000000	301.000000
0	15.471000	0.000000	327.000000	301.000000
0	15.502000	0.000000	327.000000	301.000000
0	15.533000	0.000000	327.000000	301.000000
0	15.580000	0.000000	327.000000	301.000000
0	15.611000	0.000000	327.000000	301.000000
0	15.643000	0.000000	327.000000	301.000000
0	15.674000	0.000000	327.000000	301.000000
0	15.705000	0.000000	327.000000	301.000000
0	15.736000	0.000000	327.000000	301.000000
0	15.767000	0.000000	327.000000	301.000000
0	15.799000	0.000000	327.000000	301.000000
0	15.845000	0.000000	327.000000	301.000000
0	15.877000	0.000000	327.000000	301.000000
0	15.908000	0.000000	327.000000	301.000000
0	15.939000	0.000000	327.000000	301.000000
0	15.970000	0.000000	327.000000	301.000000
0	16.001000	0.000000	327.000000	301.000000
0	16.033000	0.000000	327.000000	301.000000
0	16.079000	0.000000	327.000000	301.000000
0	16.111000	0.000000	327.000000	301.000000
0	16.142000	0.000000	327.000000	301.000000
0	16.173000	0.000000	327.000000	301.000000
0	16.204000	0.000000	327.000000	301.000000
0	16.235000	0.000000	327.000000	301.000000
0	16.267000	0.000000	327.000000	301.000000
0	16.313000	0.000000	327.000000	301.000000
0	16.345000	0.000000	327.000000	301.000000
0	16.376000	0.000000	327.000000	301.000000
0	16.407000	0.000000	327.000000	301.000000
0	16.438000	0.000000	327.000000	301.000000
0	16.469000	0.000000	327.000000	301.000000
0	16.501000	0.000000	327.000000	301.000000
0	16.532000	0.000000	327.000000	301.000000
0	16.579000	0.000000	327.000000	301.000000
0	16.610000	0.000000	327.000000	301.000000
0	16.641000	0.000000	327.000000	301.000000
0	16.672000	0.000000	327.000000	301.000000
0	16.703000	0.000000	327.000000	301.000000
0	16.735000	0.000000	327.000000	301.000000
0	16.766000	0.000000	327.000000	301.000000
0	16.813000	0.000000	327.000000	301.000000
0	16.844000	0.000000	327.000000	301.000000
0	16.875000	0.000000	327.000000	301.000000
0	16.906000	0.000000	327.000000	301.000000
0	16.937000	0.000000	327.000000	301.000000
0	16.969000	0.000000	327.000000	301.000000
0	17.000000	0.000000	327.000000	301.000000
0	17.047000	0.000000	327.000000	301.000000
0	17.078000	0.000000	327.000000	301.000000
0	17.109000	0.000000	327.000000	301.000000
0	17.140000	0.000000	327.000000	301.000000
0	17.171000	0.000000	327.000000	301.000000
0	17.203000	0.000000	327.000000	301.000000
0	17.234000	0.000000	327.000000	301.000000
0	17.265000	0.000000	327.000000	301.000000
0	17.312000	0.000000	327.000000	301.000000
0	17.343000	0.000000	327.000000	301.000000
0	17.374000	0.000000	327.000000	301.000000
0	17.405000	0.000000	327.000000	301.000000
0	17.437000	0.000000	327.000000	301.000000
0	17.468000	0.000000	327.000000	301.000000
0	17.499000	0.000000	327.000000	301.000000
0	17.546000	0.000000	327.000000	301.000000
0	17.577000	0.000000	327.000000	301.000000
0	17.608000	0.000000	327.000000	301.000000
0	17.639000	0.000000	327.000000	301.000000
0	17.671000	0.000000	327.000000	301.000000
0	17.702000	0.000000	327.000000	301.000000
0	17.733000	0.000000	327.000000	301.000000
0	17.764000	0.000000	327.000000	301.000000
0	17.811000	0.000000	327.000000	301.000000
0	17.842000	0.000000	327.000000	301.000000
0	17.873000	0.000000	327.000000	301.000000
0	17.905000	0.000000	327.000000	301.000000
0	17.936000	0.000000	327.000000	301.000000
0	17.967000	0.000000	327.000000	301.000000
0	17.998000	0.000000	327.000000	301.000000
0	18.045000	0.000000	327.000000	301.000000
0	18.076000	0.000000	327.000000	301.000000
0	18.107000	0.000000	327.000000	301.000000
0	18.139000	0.000000	327.000000	301.000000
0	18.170000	0.000000	327.000000	301.000000
0	18.201000	0.000000	327.000000	301.000000
0	18.232000	0.000000	327.000000	301.000000
0	18.279000	0.000000	327.000000	301.000000
0	18.310000	0.000000	327.000000	301.000000
0	18.341000	0.000000	327.000000	301.000000
0	18.373000	0.000000	327.000000	301.000000
0	18.404000	0.000000	327.000000	301.000000
0	18.435000	0.000000	327.000000	301.000000
0	18.466000	0.000000	327.000000	301.000000
0	18.497000	0.000000	327.000000	301.000000
0	18.544000	0.000000	327.000000	301.000000
0	18.575000	0.000000	327.000000	301.000000
0	18.607000	0.000000	327.000000	301.000000
0	18.638000	0.000000	327.000000	301.000000
0	18.669000	0.000000	327.000000	301.000000
0	18.700000	0.000000	327.000000	301.000000
0	18.731000	0.000000	327.000000	301.000000
0	18.778000	0.000000	327.000000	301.000000
0	18.809000	0.000000	327.000000	301.000000
0	18.841000	0.000000	327.000000	301.000000
0	18.872000	0.000000	327.000000	301.000000
0	18.903000	0.000000	327.000000	301.000000
0	18.934000	0.000000	327.000000	301.000000
0	18.965000	0.000000	327.000000	301.000000
0	18.997000	0.000000	327.000000	301.000000
0	19.043000	0.000000	327.000000	301.000000
0	19.075000	0.000000	327.000000	301.000000
0	19.106000	0.000000	327.000000	301.000000
0	19.137000	0.000000	327.000000	301.000000
0	19.168000	0.000000	327.000000	301.000000
0	19.199000	0.000000	327.000000	301.000000
0	19.231000	0.000000	327.000000	301.000000
0	19.277000	0.000000	327.000000	301.000000
0	19.309000	0.000000	327.000000	301.000000
0	19.340000	0.000000	327.000000	301.000000
0	19.371000	0.000000	327.000000	301.000000
0	19.402000	0.000000	327.000000	301.000000
0	19.433000	0.000000	327.000000	301.000000
0	19.465000	0.000000	327.000000	301.000000
0	19.511000	0.000000	327.000000	301.000000
0	19.543000	0.000000	327.000000	301.000000
0	19.574000	0.000000	327.000000	301.000000
0	19.605000	0.000000	327.000000	301.000000
0	19.636000	0.000000	327.000000	301.000000
0	19.667000	0.000000	327.000000	301.000000
0	19.699000	0.000000	327.000000	301.000000
0	19.730000	0.000000	327.000000	301.000000
0	19.777000	0.000000	327.000000	301.000000
0	19.808000	0.000000	327.000000	301.000000
0	19.839000	0.000000	327.000000	301.000000
0	19.870000	0.000000	327.000000	301.000000
0	19.901000	0.000000	327.000000	301.000000
0	19.933000	0.000000	327.000000	301.000000
0	19.964000	0.000000	327.000000	301.000000
0	20.011000	0.000000	327.000000	301.000000
0	20.042000	0.000000	327.000000	301.000000
0	20.073000	0.000000	327.000000	301.000000
0	20.104000	0.000000	327.000000	301.000000
0	20.135000	0.000000	327.000000	301.000000
0	20.167000	0.000000	327.000000	301.000000
0	20.198000	0.000000	327.000000	301.000000
0	20.245000	0.000000	327.000000	301.000000
0	20.276000	0.000000	327.000000	301.000000
0	20.307000	0.000000	327.000000	301.000000
0	20.338000	0.000000	327.000000	301.000000
0	20.369000	0.000000	327.000000	301.000000
0	20.401000	0.000000	327.000000	301.000000
0	20.432000	0.000000	327.000000	301.000000
0	20.463000	0.000000	327.000000	301.000000
0	20.510000	0.000000	327.000000	301.000000
0	20.541000	0.000000	327.000000	301.000000
0	20.572000	0.000000	327.000000	301.000000
0	20.603000	0.000000	327.000000	301.000000
0	20.635000	0.000000	327.000000	301.000000
0	20.666000	0.000000	327.000000	301.000000
0	20.697000	0.000000	327.000000	301.000000
0	20.744000	0.000000	327.000000	301.000000
0	20.775000	0.000000	327.000000	301.000000
0	20.806000	0.000000	327.000000	301.000000
0	20.837000	0.000000	327.000000	301.000000
0	20.869000	0.000000	327.000000	301.000000
0	20.900000	0.000000	327.000000	301.000000
0	20.931000	0.000000	327.000000	301.000000
0	20.978000	0.000000	327.000000	301.000000
0	21.009000	0.000000	327.000000	301.000000
0	21.040000	0.000000	327.000000	301.000000
0	21.071000	0.000000	327.000000	301.000000
0	21.103000	0.000000	327.000000	301.000000
0	21.134000	0.000000	327.000000	301.000000
0	21.165000	0.000000	327.000000	301.000000
0	21.196000	0.000000	327.000000	301.000000
0	21.243000	0.000000	327.000000	301.000000
0	21.274000	0.000000	327.000000	301.000000
0	21.305000	0.000000	327.000000	301.000000
0	21.337000	0.000000	327.000000	301.000000
0	21.368000	0.000000	327.000000	301.000000
0	21.399000	0.000000	327.000000	301.000000
0	21.430000	0.000000	327.000000	301.000000
0	21.477000	0.000000	327.000000	301.000000
0	21.508000	0.000000	327.000000	301.000000
0	21.539000	0.000000	327.000000	301.000000
0	21.571000	0.000000	327.000000	301.000000
0	21.602000	0.000000	327.000000	301.000000
0	21.633000	0.000000	327.000000	301.000000
0	21.664000	0.000000	327.000000	301.000000
0	21.711000	0.000000	327.000000	301.000000
0	21.742000	0.000000	327.000000	301.000000
0	21.773000	0.000000	327.000000	301.000000
0	21.805000	0.000000	327.000000	301.000000
0	21.836000	0.000000	327.000000	301.000000
0	21.867000	0.000000	327.000000	301.000000
0	21.898000	0.000000	327.000000	301.000000
0	21.929000	0.000000	327.000000	301.000000
0	21.976000	0.000000	327.000000	301.000000
0	22.007000	0.000000	327.000000	301.000000
0	22.039000	0.000000	327.000000	301.000000
0	22.070000	0.000000	327.000000	301.000000
0	22.101000	0.000000	327.000000	301.000000
0	22.132000	0.000000	327.000000	301.000000
0	22.163000	0.000000	327.000000	301.000000
0	22.210000	0.000000	327.000000	301.000000
0	22.241000	0.000000	327.000000	301.000000
0	22.273000	0.000000	327.000000	301.000000
0	22.304000	0.000000	327.000000	301.000000
0	22.335000	0.000000	327.000000	301.000000
0	22.366000	0.000000	327.000000	301.000000
0	22.397000	0.000000	327.000000	301.000000
0	22.444000	0.000000	327.000000	301.000000
0	22.475000	0.000000	327.000000	301.000000
0	22.507000	0.000000	327.000000	301.000000
0	22.538000	0.000000	327.000000	301.000000
0	22.569000	0.000000	327.000000	301.000000
0	22.600000	0.000000	327.000000	301.000000
0	22.631000	0.000000	327.000000	301.000000
0	22.663000	0.000000	327.000000	301.000000
0	22.709000	0.000000	327.000000	301.000000
0	22.741000	0.000000	327.000000	301.000000
0	22.772000	0.000000	327.000000	301.000000
0	22.803000	0.000000	327.000000	301.000000
0	22.834000	0.000000	327.000000	301.000000
0	22.865000	0.000000	327.000000	301.000000
0	22.897000	0.000000	327.000000	301.000000
0	22.928000	0.000000	327.000000	301.000000
0	22.975000	0.000000	327.000000	301.000000
0	23.006000	0.000000	327.000000	301.000000
0	23.037000	0.000000	327.000000	301.000000
0	23.068000	0.000000	327.000000	301.000000
0	23.099000	0.000000	327.000000	301.000000
0	23.131000	0.000000	327.000000	301.000000
0	23.162000	0.000000	327.000000	301.000000
0	23.209000	0.000000	327.000000	301.000000
0	23.240000	0.000000	327.000000	301.000000
0	23.271000	0.000000	327.000000	301.000000
0	23.302000	0.000000	327.000000	301.000000
0	23.333000	0.000000	327.000000	301.000000
0	23.365000	0.000000	327.000000	301.000000
0	23.396000	0.000000	327.000000	301.000000
0	23.443000	0.000000	327.000000	301.000000
0	23.474000	0.000000	327.000000	301.000000
0	23.505000	0.000000	327.000000	301.000000
0	23.536000	0.000000	327.000000	301.000000
0	23.567000	0.000000	327.000000	301.000000
0	23.599000	0.000000	327.000000	301.000000
0	23.630000	0.000000	327.000000	301.000000
0	23.661000	0.000000	327.000000	301.000000
0	23.708000	0.000000	327.000000	301.000000
0	23.739000	0.000000	327.000000	301.000000
0	23.770000	0.000000	327.000000	301.000000
0	23.801000	0.000000	327.000000	301.000000
0	23.833000	0.000000	327.000000	301.000000
0	23.864000	0.000000	327.000000	301.000000
0	23.895000	0.000000	327.000000	301.000000
0	23.942000	0.000000	327.000000	301.000000
0	23.973000	0.000000	327.000000	301.000000
0	24.004000	0.000000	327.000000	301.000000
0	24.035000	0.000000	327.000000	301.000000
0	24.067000	0.000000	327.000000	301.000000
0	24.098000	0.000000	327.000000	301.000000
0	24.129000	0.000000	327.000000	301.000000
0	24.176000	0.000000	327.000000	301.000000
0	24.207000	0.000000	327.000000	301.000000
0	24.238000	0.000000	327.000000	301.000000
0	24.269000	0.000000	327.000000	301.000000
0	24.301000	0.000000	327.000000	301.000000
0	24.332000	0.000000	327.000000	301.000000
0	24.363000	0.000000	327.000000	301.000000
0	24.394000	0.000000	327.000000	301.000000
0	24.441000	0.000000	327.000000	301.000000
0	24.472000	0.000000	327.000000	301.000000
0	24.503000	0.000000	327.000000	301.000000
0	24.535000	0.000000	327.000000	301.000000
0	24.566000	0.000000	327.000000	301.000000
0	24.597000	0.000000	327.000000	301.000000
0	24.628000	0.000000	327.000000	301.000000
0	24.675000	0.000000	327.000000	301.000000
0	24.706000	0.000000	327.000000	301.000000
0	24.737000	0.000000	327.000000	301.000000
0	24.769000	0.000000	327.000000	301.000000
0	24.800000	0.000000	327.000000	301.000000
0	24.831000	0.000000	327.000000	301.000000
0	24.862000	0.000000	327.000000	301.000000
0	24.909000	0.000000	327.000000	301.000000
0	24.940000	0.000000	327.000000	301.000000
0	24.971000	0.000000	327.000000	301.000000
0	25.003000	0.000000	327.000000	301.000000
0	25.034000	0.000000	327.000000	301.000000
0	25.065000	0.000000	327.000000	301.000000
0	25.096000	0.000000	327.000000	301.000000
0	25.127000	0.000000	327.000000	301.000000
0	25.174000	0.000000	327.000000	301.000000
0	25.205000	0.000000	327.000000	301.000000
0	25.237000	0.000000	327.000000	301.000000
0	25.268000	0.000000	327.000000	301.000000
0	25.299000	0.000000	327.000000	301.000000
0	25.330000	0.000000	327.000000	301.000000
0	25.361000	0.000000	327.000000	301.000000
0	25.408000	0.000000	327.000000	301.000000
0	25.439000	0.000000	327.000000	301.000000
0	25.471000	0.000000	327.000000	301.000000
0	25.502000	0.000000	327.000000	301.000000
0	25.533000	0.000000	327.000000	301.000000
0	25.564000	0.000000	327.000000	301.000000
0	25.595000	0.000000	327.000000	301.000000
0	25.642000	0.000000	327.000000	301.000000
0	25.673000	0.000000	327.000000	301.000000
0	25.705000	0.000000	327.000000	301.000000
0	25.736000	0.000000	327.000000	301.000000
0	25.767000	0.000000	327.000000	301.000000
0	25.798000	0.000000	327.000000	301.000000
0	25.829000	0.000000	327.000000	301.000000
0	25.861000	0.000000	327.000000	301.000000
0	25.907000	0.000000	327.000000	301.000000
0	25.939000	0.000000	327.000000	301.000000
0	25.970000	0.000000	327.000000	301.000000
0	26.001000	0.000000	327.000000	301.000000
0	26.032000	0.000000	327.000000	301.000000
0	26.063000	0.000000	327.000000	301.000000
0	26.095000	0.000000	327.000000	301.000000
0	26.141000	0.000000	327.000000	301.000000
0	26.173000	0.000000	327.000000	301.000000
0	26.204000	0.000000	327.000000	301.000000
0	26.235000	0.000000	327.000000	301.000000
0	26.266000	0.000000	327.000000	301.000000
0	26.297000	0.000000	327.000000	301.000000
0	26.329000	0.000000	327.000000	301.000000
0	26.375000	0.000000	327.000000	301.000000
0	26.407000	0.000000	327.000000	301.000000
0	26.438000	0.000000	327.000000	301.000000
0	26.469000	0.000000	327.000000	301.000000
0	26.500000	0.000000	327.000000	301.000000
0	26.531000	0.000000	327.000000	301.000000
0	26.563000	0.000000	327.000000	301.000000
0	26.594000	0.000000	327.000000	301.000000
0	26.641000	0.000000	327.000000	301.000000
0	26.672000	0.000000	327.000000	301.000000
0	26.703000	0.000000	327.000000	301.000000
0	26.734000	0.000000	327.000000	301.000000
0	26.765000	0.000000	327.000000	301.000000
0	26.797000	0.000000	327.000000	301.000000
0	26.828000	0.000000	327.000000	301.000000
0	26.859000	0.000000	327.000000	301.000000
0	26.906000	0.000000	327.000000	301.000000
0	26.937000	0.000000	327.000000	301.000000
0	26.968000	0.000000	327.000000	301.000000
0	26.999000	0.000000	327.000000	301.000000
0	27.031000	0.000000	327.000000	301.000000
0	27.062000	0.000000	327.000000	301.000000
0	27.093000	0.000000	327.000000	301.000000
0	27.140000	0.000000	327.000000	301.000000
0	27.171000	0.000000	327.000000	301.000000
0	27.202000	0.000000	327.000000	301.000000
0	27.233000	0.000000	327.000000	301.000000
0	27.265000	0.000000	327.000000	301.000000
0	27.296000	0.000000	327.000000	301.000000
0	27.327000	0.000000	327.000000	301.000000
0	27.374000	0.000000	327.000000	301.000000
0	27.405000	0.000000	327.000000	301.000000
0	27.436000	0.000000	327.000000	301.000000
0	27.467000	0.000000	327.000000	301.000000
0	27.499000	0.000000	327.000000	301.000000
0	27.530000	0.000000	327.000000	301.000000
0	27.561000	0.000000	327.000000	301.000000
0	27.592000	0.000000	327.000000	301.000000
0	27.639000	0.000000	327.000000	301.000000
0	27.670000	0.000000	327.000000	301.000000
0	27.701000	0.000000	327.000000	301.000000
0	27.733000	0.000000	327.000000	301.000000
0	27.764000	0.000000	327.000000	301.000000
0	27.795000	0.000000	327.000000	301.000000
0	27.826000	0.000000	327.000000	301.000000
0	27.873000	0.000000	327.000000	301.000000
0	27.904000	0.000000	327.000000	301.000000
0	27.935000	0.000000	327.000000	301.000000
0	27.967000	0.000000	327.000000	301.000000
0	27.998000	0.000000	327.000000	301.000000
0	28.029000	0.000000	327.000000	301.000000
0	28.060000	0.000000	327.000000	301.000000
0	28.107000	0.000000	327.000000	301.000000
0	28.138000	0.000000	327.000000	301.000000
0	28.169000	0.000000	327.000000	301.000000
0	28.201000	0.000000	327.000000	301.000000
0	28.232000	0.000000	327.000000	301.000000
0	28.263000	0.000000	327.000000	301.000000
0	28.294000	0.000000	327.000000	301.000000
0	28.325000	0.000000	327.000000	301.000000
0	28.372000	0.000000	327.000000	301.000000
0	28.403000	0.000000	327.000000	301.000000
0	28.435000	0.000000	327.000000	301.000000
0	28.466000	0.000000	327.000000	301.000000
0	28.497000	0.000000	327.000000	301.000000
0	28.528000	0.000000	327.000000	301.000000
0	28.559000	0.000000	327.000000	301.000000
0	28.606000	0.000000	327.000000	301.000000
0	28.637000	0.000000	327.000000	301.000000
0	28.669000	0.000000	327.000000	301.000000
0	28.700000	0.000000	327.000000	301.000000
0	28.731000	0.000000	327.000000	301.000000
0	28.762000	0.000000	327.000000	301.000000
0	28.793000	0.000000	327.000000	301.000000
0	28.840000	0.000000	327.000000	301.000000
0	28.871000	0.000000	327.000000	301.000000
0	28.903000	0.000000	327.000000	301.000000
0	28.934000	0.000000	327.000000	301.000000
0	28.965000	0.000000	327.000000	301.000000
0	28.996000	0.000000	327.000000	301.000000
0	29.027000	0.000000	327.000000	301.000000
0	29.059000	0.000000	327.000000	301.000000
0	29.105000	0.000000	327.000000	301.000000
0	29.137000	0.000000	327.000000	301.000000
0	29.168000	0.000000	327.000000	301.000000
0	29.199000	0.000000	327.000000	301.000000
0	29.230000	0.000000	327.000000	301.000000
0	29.261000	0.000000	327.000000	301.000000
0	29.293000	0.000000	327.000000	301.000000
0	29.339000	0.000000	327.000000	301.000000
0	29.371000	0.000000	327.000000	301.000000
0	29.402000	0.000000	327.000000	301.000000
0	29.433000	0.000000	327.000000	301.000000
0	29.464000	0.000000	327.000000	301.000000
0	29.495000	0.000000	327.000000	301.000000
0	29.527000	0.000000	327.000000	301.000000
0	29.573000	0.000000	327.000000	301.000000
0	29.605000	0.000000	327.000000	301.000000
0	29.636000	0.000000	327.000000	301.000000
0	29.667000	0.000000	327.000000	301.000000
0	29.698000	0.000000	327.000000	301.000000
0	29.729000	0.000000	327.000000	301.000000
0	29.761000	0.000000	327.000000	301.000000
0	29.792000	0.000000	327.000000	301.000000
0	29.839000	0.000000	327.000000	301.000000
0	29.870000	0.000000	327.000000	301.000000
0	29.901000	0.000000	327.000000	301.000000
0	29.932000	0.000000	327.000000	301.000000
0	29.963000	0.000000	327.000000	301.000000
0	29.995000	0.000000	327.000000	301.000000
<\LEFT-PUPIL-DATA>
<RIGHT-PUPIL-ANALYSIS>
1
0	0	17	902	0	0	0.509000	29.518000	0.509000	100.059952	0.000000	0.000000	0.000000	0	3	3	3	3	0	0	0	0.000000	0.000000	0.000000	0.000000	0.000000	0.000000	0.000000	-1.000000	0.000000	0	1.295391	0.603392	1.317941	0.285950	0.407000	-0.176036	-1.556513	-1.000000	0.040245	1	1.295391	0.603392	1.317941	0.285950	0.407000	-0.178687	-1.556515	-1.000000	0.040148
<\RIGHT-PUPIL-ANALYSIS>
<LEFT-PUPIL-ANALYSIS>
1
0	0	17	902	0	0	0.509000	29.518000	0.509000	100.059952	0.000000	0.000000	0.000000	0	3	3	3	3	0	0	0	0.000000	0.000000	0.000000	0.000000	0.000000	0.000000	0.000000	-1.000000	0.000000	0	-0.034783	-0.034783	0.000950	0.000950	0.001000	0.000000	0.000000	-1.000000	0.000000	1	-0.034783	-0.034783	0.000950	0.000950	0.001000	-1000000.000000	-1000000.000000	-1.000000	0.000000
<\LEFT-PUPIL-ANALYSIS>
%%%%%%%%%
%%%%%%%%%
%%%%%%%%%
%%%	Measurement Tiime is: 2017-12-05 10:57:19
%%%	Subject ID is: c57bl6-4.11.17-1mois-DAOG-F1-2b
%%%	Note: 
%%%	RSS: Default Human Relative Spectral Sensitivity
%%%	Pupil Analysis:
%%%
%%%
%%%
%%%	Pulse Index:	0
%%%	Stimulus Session Index:	0
%%%	Right Pupil Stimulated
%%%	Light Metric is Photopic
%%%	Stimulus Start Time(sec):	0.51
%%%	Stimulus Duration(sec):	29.52
%%%	Stimulus Pulse Duration(sec):	0.51
%%%	Right Pulse:	100.06	(Blue )	-	0.00	(Blue )	[Lux ]
%%%	Left Pulse:	0.00	(Blue )	-	0.00	(Blue )	[Lux ]
%%%
%%%		RIGHT	LEFT	R.Pupil Mean	L.Pupil Mean	R.Stim Mean	R.Stim Mean
%%%	INPUT:	RAW DATA	RAW DATA
%%%	STATE:	ABNORMAL	ABNORMAL	ABNORMAL	ABNORMAL	ABNORMAL	ABNORMAL
%%%	MAX(mm):	0.00	0.00	0.00	0.00	0.00	0.00
%%%	MIN(mm):	0.00	0.00	0.00	0.00	0.00	0.00
%%%	DELTA(mm):						
%%%	CH(%):						
%%%	LAT(sec):	0.00	0.00	0.00	0.00	0.00	0.00
%%%	CV(mm/s):	0.00	0.00	0.00	0.00	0.00	0.00
%%%	MCV(mm/s):	0.00	0.00	0.00	0.00	0.00	0.00
%%%	DV(mm/s):	0.00	0.00	0.00	0.00	0.00	0.00
%%%%%%%%%
%%%%%%%%%
%%%%%%%%%
%%%	Right Pupil Profile (1st row -> 1 == valid tracking, 0 == invalid tracking; 2nd row -> time; 3rd row -> diameter (mm))
%%%	1	1	1	1	1	1	1	1	1	1	1	1	1	1	1	1	1	1	1	1	1	1	1	1	0	1	1	1	1	1	1	1	0	0	1	0	1	1	1	1	1	1	1	1	1	1	0	1	1	1	1	1	1	1	1	0	1	0	0	1	0	0	1	1	0	1	1	1	0	1	0	0	0	0	0	0	0	1	1	1	1	0	1	1	0	0	1	1	0	0	0	0	1	0	1	0	0	0	1	0	0	1	0	0	1	0	0	0	1	0	0	0	1	0	0	0	1	0	0	0	1	0	1	1	0	1	1	0	0	0	1	1	0	0	0	1	1	1	0	0	0	0	0	1	1	0	0	0	1	1	0	0	0	1	1	0	0	1	1	0	1	1	0	0	0	0	1	1	1	1	0	0	0	0	1	1	0	1	1	0	1	0	0	0	1	0	1	0	1	0	1	0	0	0	0	0	1	0	1	0	0	1	0	0	0	0	0	0	1	0	0	0	0	0	0	0	0	0	1	0	0	1	0	0	1	1	1	0	0	1	0	0	1	0	0	0	0	0	1	0	0	0	0	0	0	0	1	0	0	0	0	0	0	0	0	0	0	0	0	1	0	0	0	1	0	0	0	0	0	0	0	1	0	0	0	0	1	0	0	1	0	0	0	0	1	0	1	0	0	0	0	0	0	0	0	0	1	1	0	1	1	0	1	0	0	0	0	1	0	0	0	0	0	0	0	0	0	0	0	0	1	0	0	1	0	1	0	0	0	0	0	0	0	1	0	0	0	0	0	0	0	0	0	0	1	0	0	1	0	0	0	0	0	0	1	0	0	0	0	0	1	0	0	1	0	1	0	1	0	0	0	0	0	0	1	1	0	0	0	0	0	0	1	0	1	0	0	0	0	0	0	0	0	0	0	0	0	0	1	0	0	1	1	0	0	0	0	0	0	0	0	0	0	0	0	0	0	0	0	0	0	0	0	0	0	0	0	1	0	0	0	1	0	0	1	1	1	0	0	1	1	1	0	0	0	0	0	0	0	0	0	1	0	0	0	1	0	0	0	0	0	0	0	0	0	0	0	0	0	0	0	0	0	0	0	0	0	0	1	1	0	0	0	0	0	0	0	0	0	0	0	0	0	0	0	0	0	1	0	0	0	1	0	0	0	1	0	1	0	0	0	0	1	1	0	1	0	1	0	0	1	0	0	1	1	1	0	1	0	1	0	1	0	1	0	0	0	1	0	0	1	1	0	0	1	0	0	0	1	0	0	0	0	0	0	0	0	0	0	0	0	0	0	0	0	0	0	0	0	0	0	1	0	0	1	0	1	0	0	0	0	0	1	0	0	0	0	0	0	0	0	0	0	0	0	0	1	1	0	0	0	0	0	0	0	0	0	0	0	0	0	0	0	0	0	0	0	0	1	0	0	0	0	1	0	0	0	0	0	0	0	0	1	0	0	0	0	0	1	1	0	0	0	0	0	0	0	0	0	0	0	0	0	0	0	0	0	1	0	0	1	0	0	0	0	0	0	0	0	0	0	0	0	0	0	0	0	0	0	0	0	1	0	0	0	0	0	0	1	0	0	0	0	0	0	0	0	0	0	0	0	0	0	0	0	0	0	0	0	0	0	0	0	0	0	0	0	0	0	0	1	0	0	0	0	0	0	1	0	0	0	0	1	0	0	0	0	0	0	1	0	0	0	0	0	0	0	0	0	0	0	0	0	0	0	0	0	1	0	1	1	0	0	1	0	0	0	0	0	0	0	0	0	0	0	0	0	0	0	0	0	0	1	0	0	0	0	0	1	0	0	0	0	0	0	1	0	0	0	0	0	0	0	0	0	0	0	0	0	0	0	0	0	0	0	1	0	1	0	1	0	0	0	1	0	0	0	0	1	0	0	0	0	0	0	0	0	0	0	0	0	0	0	0	0	0	0	0	0	0	0	0	0	0	0	0	0	1	0	0	0	0	0	0	0	0	0	0	0	0	0	0	0	0	1	0	0	1	1	1	0	0	0	0	0	0	0	1	0	0	0	0	0	0	0	0	0	0	0	0	0	0	0
%%%	-0.051000	-0.020000	0.012000	0.043000	0.074000	0.105000	0.136000	0.183000	0.214000	0.246000	0.277000	0.308000	0.339000	0.370000	0.417000	0.448000	0.480000	0.511000	0.542000	0.573000	0.604000	0.651000	0.682000	0.714000	0.745000	0.776000	0.807000	0.838000	0.870000	0.916000	0.948000	0.979000	1.010000	1.041000	1.072000	1.104000	1.150000	1.182000	1.213000	1.244000	1.275000	1.306000	1.338000	1.384000	1.416000	1.447000	1.478000	1.509000	1.540000	1.572000	1.603000	1.650000	1.681000	1.712000	1.743000	1.774000	1.806000	1.837000	1.884000	1.915000	1.946000	1.977000	2.008000	2.040000	2.071000	2.102000	2.149000	2.180000	2.211000	2.242000	2.274000	2.305000	2.336000	2.383000	2.414000	2.445000	2.476000	2.508000	2.539000	2.570000	2.617000	2.648000	2.679000	2.710000	2.742000	2.773000	2.804000	2.835000	2.882000	2.913000	2.944000	2.976000	3.007000	3.038000	3.069000	3.116000	3.147000	3.178000	3.210000	3.241000	3.272000	3.303000	3.350000	3.381000	3.412000	3.444000	3.475000	3.506000	3.537000	3.568000	3.615000	3.646000	3.678000	3.709000	3.740000	3.771000	3.802000	3.849000	3.880000	3.912000	3.943000	3.974000	4.005000	4.036000	4.068000	4.114000	4.146000	4.177000	4.208000	4.239000	4.270000	4.302000	4.349000	4.380000	4.411000	4.442000	4.473000	4.505000	4.536000	4.583000	4.614000	4.645000	4.676000	4.707000	4.739000	4.770000	4.801000	4.848000	4.879000	4.910000	4.941000	4.973000	5.004000	5.035000	5.082000	5.113000	5.144000	5.175000	5.207000	5.238000	5.269000	5.316000	5.347000	5.378000	5.409000	5.441000	5.472000	5.503000	5.534000	5.581000	5.612000	5.643000	5.675000	5.706000	5.737000	5.768000	5.815000	5.846000	5.877000	5.909000	5.940000	5.971000	6.002000	6.049000	6.080000	6.111000	6.143000	6.174000	6.205000	6.236000	6.267000	6.314000	6.345000	6.377000	6.408000	6.439000	6.470000	6.501000	6.548000	6.579000	6.611000	6.642000	6.673000	6.704000	6.735000	6.767000	6.813000	6.845000	6.876000	6.907000	6.938000	6.969000	7.001000	7.047000	7.079000	7.110000	7.141000	7.172000	7.203000	7.235000	7.281000	7.313000	7.344000	7.375000	7.406000	7.437000	7.469000	7.500000	7.547000	7.578000	7.609000	7.640000	7.671000	7.703000	7.734000	7.781000	7.812000	7.843000	7.874000	7.905000	7.937000	7.968000	7.999000	8.046000	8.077000	8.108000	8.139000	8.171000	8.202000	8.233000	8.280000	8.311000	8.342000	8.373000	8.405000	8.436000	8.467000	8.514000	8.545000	8.576000	8.607000	8.639000	8.670000	8.701000	8.732000	8.779000	8.810000	8.841000	8.873000	8.904000	8.935000	8.966000	9.013000	9.044000	9.075000	9.107000	9.138000	9.169000	9.200000	9.247000	9.278000	9.309000	9.341000	9.372000	9.403000	9.434000	9.465000	9.512000	9.543000	9.575000	9.606000	9.637000	9.668000	9.699000	9.746000	9.777000	9.809000	9.840000	9.871000	9.902000	9.933000	9.980000	10.011000	10.043000	10.074000	10.105000	10.136000	10.167000	10.199000	10.245000	10.277000	10.308000	10.339000	10.370000	10.401000	10.433000	10.479000	10.511000	10.542000	10.573000	10.604000	10.635000	10.667000	10.713000	10.745000	10.776000	10.807000	10.838000	10.869000	10.901000	10.932000	10.979000	11.010000	11.041000	11.072000	11.103000	11.135000	11.166000	11.213000	11.244000	11.275000	11.306000	11.337000	11.369000	11.400000	11.447000	11.478000	11.509000	11.540000	11.571000	11.603000	11.634000	11.665000	11.712000	11.743000	11.774000	11.805000	11.837000	11.868000	11.899000	11.930000	11.977000	12.008000	12.039000	12.071000	12.102000	12.133000	12.164000	12.211000	12.242000	12.273000	12.305000	12.336000	12.367000	12.398000	12.445000	12.476000	12.507000	12.539000	12.570000	12.601000	12.632000	12.663000	12.710000	12.741000	12.773000	12.804000	12.835000	12.866000	12.897000	12.944000	12.975000	13.007000	13.038000	13.069000	13.100000	13.131000	13.178000	13.209000	13.241000	13.272000	13.303000	13.334000	13.365000	13.397000	13.443000	13.475000	13.506000	13.537000	13.568000	13.599000	13.631000	13.677000	13.709000	13.740000	13.771000	13.802000	13.833000	13.865000	13.911000	13.943000	13.974000	14.005000	14.036000	14.067000	14.099000	14.130000	14.177000	14.208000	14.239000	14.270000	14.301000	14.333000	14.364000	14.411000	14.442000	14.473000	14.504000	14.535000	14.567000	14.598000	14.645000	14.676000	14.707000	14.738000	14.769000	14.801000	14.832000	14.863000	14.910000	14.941000	14.972000	15.003000	15.035000	15.066000	15.097000	15.144000	15.175000	15.206000	15.237000	15.269000	15.300000	15.331000	15.378000	15.409000	15.440000	15.471000	15.503000	15.534000	15.565000	15.596000	15.643000	15.674000	15.705000	15.737000	15.768000	15.799000	15.830000	15.861000	15.908000	15.939000	15.971000	16.002000	16.033000	16.064000	16.095000	16.142000	16.173000	16.205000	16.236000	16.267000	16.298000	16.329000	16.376000	16.407000	16.439000	16.470000	16.501000	16.532000	16.563000	16.595000	16.641000	16.673000	16.704000	16.735000	16.766000	16.797000	16.829000	16.875000	16.907000	16.938000	16.969000	17.000000	17.031000	17.063000	17.109000	17.141000	17.172000	17.203000	17.234000	17.265000	17.297000	17.328000	17.375000	17.406000	17.437000	17.468000	17.499000	17.531000	17.562000	17.609000	17.640000	17.671000	17.702000	17.733000	17.765000	17.796000	17.843000	17.874000	17.905000	17.936000	17.967000	17.999000	18.030000	18.061000	18.108000	18.139000	18.170000	18.201000	18.233000	18.264000	18.295000	18.342000	18.373000	18.404000	18.435000	18.467000	18.498000	18.529000	18.576000	18.607000	18.638000	18.669000	18.701000	18.732000	18.763000	18.794000	18.841000	18.872000	18.903000	18.935000	18.966000	18.997000	19.028000	19.075000	19.106000	19.137000	19.169000	19.200000	19.231000	19.262000	19.309000	19.340000	19.371000	19.403000	19.434000	19.465000	19.496000	19.527000	19.574000	19.605000	19.637000	19.668000	19.699000	19.730000	19.761000	19.808000	19.839000	19.871000	19.902000	19.933000	19.964000	19.995000	20.027000	20.073000	20.105000	20.136000	20.167000	20.198000	20.229000	20.261000	20.307000	20.339000	20.370000	20.401000	20.432000	20.463000	20.495000	20.541000	20.573000	20.604000	20.635000	20.666000	20.697000	20.729000	20.760000	20.807000	20.838000	20.869000	20.900000	20.931000	20.963000	20.994000	21.041000	21.072000	21.103000	21.134000	21.165000	21.197000	21.228000	21.259000	21.306000	21.337000	21.368000	21.399000	21.431000	21.462000	21.493000	21.540000	21.571000	21.602000	21.633000	21.665000	21.696000	21.727000	21.774000	21.805000	21.836000	21.867000	21.899000	21.930000	21.961000	21.992000	22.039000	22.070000	22.101000	22.133000	22.164000	22.195000	22.226000	22.273000	22.304000	22.335000	22.367000	22.398000	22.429000	22.460000	22.507000	22.538000	22.569000	22.601000	22.632000	22.663000	22.694000	22.725000	22.772000	22.803000	22.835000	22.866000	22.897000	22.928000	22.959000	23.006000	23.037000	23.069000	23.100000	23.131000	23.162000	23.193000	23.240000	23.271000	23.303000	23.334000	23.365000	23.396000	23.427000	23.459000	23.505000	23.537000	23.568000	23.599000	23.630000	23.661000	23.693000	23.739000	23.771000	23.802000	23.833000	23.864000	23.895000	23.927000	23.958000	24.005000	24.036000	24.067000	24.098000	24.129000	24.161000	24.192000	24.239000	24.270000	24.301000	24.332000	24.363000	24.395000	24.426000	24.473000	24.504000	24.535000	24.566000	24.597000	24.629000	24.660000	24.691000	24.738000	24.769000	24.800000	24.831000	24.863000	24.894000	24.925000	24.972000	25.003000	25.034000	25.065000	25.097000	25.128000	25.159000	25.206000	25.237000	25.268000	25.299000	25.331000	25.362000	25.393000	25.424000	25.471000	25.502000	25.533000	25.565000	25.596000	25.627000	25.658000	25.705000	25.736000	25.767000	25.799000	25.830000	25.861000	25.892000	25.939000	25.970000	26.001000	26.033000	26.064000	26.095000	26.126000	26.157000	26.204000	26.235000	26.267000	26.298000	26.329000	26.360000	26.391000	26.438000	26.469000	26.501000	26.532000	26.563000	26.594000	26.625000	26.672000	26.703000	26.735000	26.766000	26.797000	26.828000	26.859000	26.891000	26.937000	26.969000	27.000000	27.031000	27.062000	27.093000	27.125000	27.171000	27.203000	27.234000	27.265000	27.296000	27.327000	27.359000	27.405000	27.437000	27.468000	27.499000	27.530000	27.561000	27.593000	27.624000	27.671000	27.702000	27.733000	27.764000	27.795000	27.827000	27.858000	27.889000	27.936000	27.967000	27.998000	28.029000	28.061000	28.092000	28.123000	28.170000	28.201000	28.232000	28.263000	28.295000	28.326000	28.357000	28.404000	28.435000	28.466000	28.497000	28.529000	28.560000	28.591000	28.622000	28.669000	28.700000	28.731000	28.763000	28.794000	28.825000	28.856000	28.903000	28.934000	28.965000	28.997000	29.028000	29.059000	29.090000	29.137000	29.168000	29.199000	29.231000	29.262000	29.293000	29.324000	29.355000	29.402000	29.433000	29.465000	29.496000	29.527000	29.558000	29.589000	29.636000	29.667000	29.699000	29.730000	29.761000	29.792000	29.823000	29.870000	29.901000	29.933000	29.964000	29.995000
%%%	1.258116	1.281014	1.285942	1.283768	1.288406	1.269710	1.289710	1.274638	1.298406	1.286957	1.558698	1.290580	1.281159	1.277246	1.272464	1.274638	1.285942	1.298551	1.288551	1.292754	1.298116	1.281014	1.274638	1.296377	1.808696	1.288406	1.296812	1.269565	1.271015	1.231159	1.222899	1.194203	1.700580	1.240580	1.133333	1.634783	1.078261	0.892754	1.037681	0.995072	0.970290	0.931015	0.905507	0.932754	0.894493	0.927101	1.385942	0.881449	0.892319	0.866812	0.859710	0.849420	0.854638	0.811014	0.808696	1.008116	0.805797	0.707246	0.718406	0.796232	0.685942	0.626087	0.753187	0.754203	0.614493	0.742898	0.735507	0.733623	0.592464	0.694058	0.595797	0.672754	1.008696	1.043333	0.642899	0.660870	0.538116	0.600000	0.654348	0.672899	0.670580	0.363188	0.672319	0.643478	0.607536	0.382609	0.623333	0.625507	0.600580	0.551159	0.610290	0.605362	0.550725	0.540290	0.548841	0.348985	1.007536	0.585507	0.610290	0.619710	0.561884	0.645942	1.318986	1.097246	0.596667	0.347826	0.506812	0.781884	0.512319	1.060290	0.540145	0.531594	0.635942	0.614493	0.619710	0.590145	0.608406	0.347826	0.953623	1.445072	0.586232	0.348985	0.591304	0.607246	1.127246	0.589710	0.614058	1.171015	1.184203	1.089855	0.586377	0.585797	0.972319	0.579855	0.596812	0.617246	0.601594	0.633188	0.622464	0.362319	0.968985	0.568116	1.159420	0.611449	0.646232	0.565797	0.651449	0.636377	0.619710	0.643623	1.085072	0.660870	0.611884	0.652899	0.707536	1.475072	1.449275	0.628986	0.596232	1.389710	0.652754	0.622464	0.655507	0.637101	0.621159	0.978406	0.611884	0.666667	0.664203	0.659710	0.972899	1.211884	1.357536	1.334203	0.611594	0.654203	1.234783	0.670725	0.664638	1.277246	0.654203	1.194058	0.347826	0.662464	0.721449	1.074928	0.674493	0.974493	0.655507	0.375362	0.631014	0.620290	1.371160	0.434783	0.848985	1.356522	0.664203	0.996377	0.678261	1.212029	1.427246	0.662029	1.449275	1.133333	1.252465	1.370580	0.653623	1.286957	0.660870	0.653188	1.112319	1.254348	1.100580	0.925072	1.267246	0.916812	0.962319	1.263768	0.711885	0.671884	0.614493	0.462029	1.325507	0.623913	0.625942	0.722754	0.672319	1.322899	0.629420	0.665942	1.218551	0.642319	0.637681	1.267971	1.344638	1.212029	1.265362	1.379710	0.659855	1.360436	1.221015	0.660870	1.194203	0.716812	1.146232	1.089710	1.323768	1.136812	1.356522	0.664638	1.118986	1.078261	0.606667	0.655507	1.104348	1.472319	1.268406	1.325942	1.261449	0.735797	1.299565	1.420290	0.660870	0.725507	0.716232	1.211884	1.298840	0.673333	1.230580	1.342754	1.237536	0.627101	1.252174	1.304928	0.646232	1.059275	0.630435	1.449275	1.450580	0.667971	0.521739	1.419855	1.426087	1.326667	0.673333	1.446667	0.664058	1.166667	1.378841	1.234783	1.416232	1.344638	1.373913	1.330145	1.415797	1.442899	0.670145	0.692319	0.660870	0.670725	0.704928	1.285942	0.690725	1.368406	1.298551	1.371159	1.356522	0.686957	1.457681	1.059275	1.298406	1.331159	1.194203	1.425507	1.370725	1.356522	1.094638	0.673333	1.423768	1.236666	0.703768	1.414493	1.220725	0.728841	0.663043	0.749855	0.907971	0.708115	1.124927	1.012611	1.425362	1.365362	1.113043	0.690580	1.229275	0.662464	1.171015	1.299420	0.670725	0.642464	1.495072	1.275362	1.233188	0.759275	0.651449	1.268986	1.327536	0.786667	1.078261	0.591304	0.660870	1.466812	1.274638	1.192899	0.788406	0.695652	1.426087	1.212029	1.235797	1.477681	1.367246	1.078261	1.360290	0.673333	0.710870	0.793768	1.426087	0.805507	1.171015	1.436377	1.426087	1.381013	1.378841	1.449275	0.761449	0.759710	1.202754	0.677101	0.692754	0.689710	1.258116	0.742029	0.761594	1.287101	0.713043	1.155507	0.724638	1.217391	0.751594	1.449275	1.262319	1.444058	1.240580	1.356522	0.695652	1.405942	1.305942	1.356522	0.742029	1.268116	0.739855	0.729420	1.402899	1.449275	1.321884	1.201160	1.217391	1.498986	1.357681	1.356522	1.292754	1.286957	1.275362	1.245362	1.268551	1.201160	1.291449	0.661014	0.721739	0.702754	1.292754	1.286957	1.187536	0.671594	1.252029	0.742029	0.695072	0.833188	1.387971	1.388551	0.682029	0.834638	1.097246	1.356522	0.853188	0.823188	0.840290	1.029710	1.384203	0.843623	0.836377	0.823188	0.664638	1.199275	1.264638	0.705943	1.310145	1.217391	1.165217	0.699420	1.356522	0.837971	1.217391	1.052899	1.263623	0.857681	1.171015	0.707536	1.205797	1.228841	0.733768	0.707246	1.286957	1.275073	0.708116	0.709420	1.356522	1.105507	0.678261	1.061884	1.205797	1.282464	0.699420	1.278841	1.229855	1.252174	1.228985	1.365072	0.815217	0.837971	0.876232	1.296812	0.742898	1.361014	1.565797	1.237971	1.391304	1.453768	1.542029	1.306667	1.330435	1.356522	0.779420	1.145072	1.310290	0.614493	1.147826	0.842898	0.765217	0.764058	0.718986	0.748551	0.760290	0.684058	0.668551	0.678261	0.639710	0.676812	0.630435	0.672319	0.573913	0.660870	0.671449	0.624203	0.638986	0.753623	0.670580	0.671739	0.708116	0.673333	0.703912	0.672899	0.707246	0.672754	0.756667	0.730435	0.690145	0.800580	1.344058	0.741449	1.270725	0.788551	1.229855	0.836377	1.127246	1.099420	1.027246	0.852174	0.788116	1.217391	0.785362	0.805362	1.167971	0.749420	0.786812	1.264203	1.188406	1.188406	0.855942	1.217391	1.171015	1.286957	1.101449	1.007102	1.199275	1.095507	1.028841	1.138986	1.063623	0.776812	1.240580	1.133768	0.884058	1.179275	1.415797	1.240580	1.194203	1.201594	0.660870	1.344928	1.404928	0.805362	1.008116	1.120145	0.806522	1.029855	0.722899	1.321739	1.190725	1.263768	1.084058	1.328261	0.648985	0.759710	1.329710	1.220580	1.314203	1.443478	1.281449	1.378841	1.412029	1.472319	1.194203	1.402899	1.320145	1.321739	1.542029	0.684058	1.449275	1.028841	1.194203	1.427246	0.711884	1.078261	1.528116	0.690290	1.489711	1.228985	1.084058	0.783188	1.356522	1.043333	1.323333	1.298840	1.263768	1.298406	1.347826	1.327536	0.707246	0.754928	1.292754	1.326232	0.985797	0.720290	1.375073	1.491158	1.365217	1.113623	0.645362	0.774638	1.182609	1.476232	0.690725	1.268406	1.266667	1.301884	1.194203	1.440145	0.690290	1.625073	1.460870	1.252319	1.321739	1.391304	1.202754	1.305942	1.286377	1.416812	1.449275	1.428841	1.055072	1.561449	1.310145	1.356522	1.492464	1.647246	1.436377	0.955507	1.356522	1.511884	0.986377	1.451160	1.617971	1.434203	1.356522	1.435797	1.416377	1.553623	1.435942	1.542029	1.533623	1.468986	1.370725	1.356522	1.531739	1.426087	1.435942	1.634058	1.599855	1.571015	1.669420	1.788986	1.634783	1.534203	1.407101	1.602754	1.292753	1.573913	1.008696	1.542319	1.634783	1.472464	1.507246	1.704348	1.472464	1.489710	1.356522	1.542029	1.455942	1.667971	1.212029	1.522029	1.656667	1.645072	1.565217	1.622464	1.542029	1.733188	1.471015	1.677101	1.449275	1.466812	1.437681	1.464203	1.438116	1.449275	1.574493	1.611594	1.664203	1.402899	1.752899	1.495652	1.438116	1.547971	1.581449	1.449275	1.671159	1.000725	1.670145	1.433768	1.530435	1.522464	1.698551	1.479420	1.356522	1.426087	1.508116	1.512464	1.472899	1.777681	1.424203	1.477246	1.611594	1.579275	1.334203	1.476377	1.478405	1.529420	1.426667	1.565797	1.384638	1.507246	1.484058	1.246667	1.507681	1.344638	1.620580	0.915942	1.575507	1.820290	0.937971	1.468406	1.634783	0.931015	1.540290	1.542899	1.356522	1.495652	1.531014	1.566232	1.576812	1.518551	1.446812	1.356522	1.449275	1.472464	1.481014	1.511884	1.542029	1.485942	1.692754	1.565217	1.547826	1.548550	1.557101	1.640725	1.449275	1.472464	1.542464	1.321739	1.559855	1.559420	1.555507	1.583623	1.575507	1.602174	1.618841	1.614058	1.458841	1.356522	1.555362	1.286957	1.611594	1.441884	1.673333	1.426087	1.494203	1.630725	1.424927	1.443478	1.590725	1.612464	1.635797	1.526667	1.482320	0.939130	1.379710	1.542029	1.501160	1.681159	1.472319	1.527971	1.584203	1.773913	1.588406	1.645072	1.380870	1.415072	0.985507	1.514203	1.495652	1.542029	1.779275	1.634783	1.482029	1.538116	1.562319	1.484203	1.532030	1.520580	1.538986	1.476667	1.565217	1.670145	1.733623	1.582609	1.335217	1.551014	1.528841	1.509855	1.646377	1.607101	1.751594	1.704348	1.657971	1.742899	1.542029	1.805507	1.729855	1.848551	1.639855	1.605072	1.574058	1.657536	1.716377	1.622899	1.565797	1.875507	2.155362	1.542029	1.842899	1.623333	1.634783	1.603188	1.031884	1.426087	1.375507	1.100145	1.104928	1.113043	1.435797	1.072754	1.495652	1.583768	1.122319	1.113623	1.574493	1.037536	1.875507	1.183188	0.347826	0.968406	5.669565	1.437681	2.050724	5.669565	5.669565	5.669565	5.669565	5.669565	5.669565	5.669565	5.669565
%%%	Left Pupil Profile (1st row -> 1 == valid tracking, 0 == invalid tracking; 2nd row -> time; 3rd row -> diameter (mm))
%%%	0	0	0	0	0	0	0	0	0	0	0	0	0	0	0	0	0	0	0	0	0	0	0	0	0	0	0	0	0	0	0	0	0	0	0	0	0	0	0	0	0	0	0	0	0	0	0	0	0	0	0	0	0	0	0	0	0	0	0	0	0	0	0	0	0	0	0	0	0	0	0	0	0	0	0	0	0	0	0	0	0	0	0	0	0	0	0	0	0	0	0	0	0	0	0	0	0	0	0	0	0	0	0	0	0	0	0	0	0	0	0	0	0	0	0	0	0	0	0	0	0	0	0	0	0	0	0	0	0	0	0	0	0	0	0	0	0	0	0	0	0	0	0	0	0	0	0	0	0	0	0	0	0	0	0	0	0	0	0	0	0	0	0	0	0	0	0	0	0	0	0	0	0	0	0	0	0	0	0	0	0	0	0	0	0	0	0	0	0	0	0	0	0	0	0	0	0	0	0	0	0	0	0	0	0	0	0	0	0	0	0	0	0	0	0	0	0	0	0	0	0	0	0	0	0	0	0	0	0	0	0	0	0	0	0	0	0	0	0	0	0	0	0	0	0	0	0	0	0	0	0	0	0	0	0	0	0	0	0	0	0	0	0	0	0	0	0	0	0	0	0	0	0	0	0	0	0	0	0	0	0	0	0	0	0	0	0	0	0	0	0	0	0	0	0	0	0	0	0	0	0	0	0	0	0	0	0	0	0	0	0	0	0	0	0	0	0	0	0	0	0	0	0	0	0	0	0	0	0	0	0	0	0	0	0	0	0	0	0	0	0	0	0	0	0	0	0	0	0	0	0	0	0	0	0	0	0	0	0	0	0	0	0	0	0	0	0	0	0	0	0	0	0	0	0	0	0	0	0	0	0	0	0	0	0	0	0	0	0	0	0	0	0	0	0	0	0	0	0	0	0	0	0	0	0	0	0	0	0	0	0	0	0	0	0	0	0	0	0	0	0	0	0	0	0	0	0	0	0	0	0	0	0	0	0	0	0	0	0	0	0	0	0	0	0	0	0	0	0	0	0	0	0	0	0	0	0	0	0	0	0	0	0	0	0	0	0	0	0	0	0	0	0	0	0	0	0	0	0	0	0	0	0	0	0	0	0	0	0	0	0	0	0	0	0	0	0	0	0	0	0	0	0	0	0	0	0	0	0	0	0	0	0	0	0	0	0	0	0	0	0	0	0	0	0	0	0	0	0	0	0	0	0	0	0	0	0	0	0	0	0	0	0	0	0	0	0	0	0	0	0	0	0	0	0	0	0	0	0	0	0	0	0	0	0	0	0	0	0	0	0	0	0	0	0	0	0	0	0	0	0	0	0	0	0	0	0	0	0	0	0	0	0	0	0	0	0	0	0	0	0	0	0	0	0	0	0	0	0	0	0	0	0	0	0	0	0	0	0	0	0	0	0	0	0	0	0	0	0	0	0	0	0	0	0	0	0	0	0	0	0	0	0	0	0	0	0	0	0	0	0	0	0	0	0	0	0	0	0	0	0	0	0	0	0	0	0	0	0	0	0	0	0	0	0	0	0	0	0	0	0	0	0	0	0	0	0	0	0	0	0	0	0	0	0	0	0	0	0	0	0	0	0	0	0	0	0	0	0	0	0	0	0	0	0	0	0	0	0	0	0	0	0	0	0	0	0	0	0	0	0	0	0	0	0	0	0	0	0	0	0	0	0	0	0	0	0	0	0	0	0	0	0	0	0	0	0	0	0	0	0	0	0	0	0	0	0	0	0	0	0	0	0	0	0	0	0	0	0	0	0	0	0	0	0	0	0	0	0	0	0	0	0	0	0	0	0	0	0	0	0	0	0	0	0	0	0	0	0	0	0	0	0	0	0	0	0	0	0	0	0	0	0	0	0	0	0	0	0	0	0	0	0	0	0	0	0	0	0	0	0	0	0	0	0	0	0	0	0	0	0	0	0	0	0	0	0	0	0	0	0	0	0	0	0	0	0	0	0	0	0	0	0	0	0	0	0	0	0	0	0	0	0	0	0	0	0	0	0	0	0	0	0	0	0	0	0	0	0	0	0	0	0
%%%	-0.051000	-0.020000	0.011000	0.042000	0.074000	0.120000	0.152000	0.183000	0.214000	0.245000	0.276000	0.308000	0.354000	0.386000	0.417000	0.448000	0.479000	0.510000	0.542000	0.573000	0.620000	0.651000	0.682000	0.713000	0.744000	0.776000	0.807000	0.854000	0.885000	0.916000	0.947000	0.978000	1.010000	1.041000	1.088000	1.119000	1.150000	1.181000	1.212000	1.244000	1.275000	1.306000	1.353000	1.384000	1.415000	1.446000	1.478000	1.509000	1.540000	1.587000	1.618000	1.649000	1.680000	1.712000	1.743000	1.774000	1.821000	1.852000	1.883000	1.914000	1.946000	1.977000	2.008000	2.039000	2.086000	2.117000	2.148000	2.180000	2.211000	2.242000	2.273000	2.320000	2.351000	2.382000	2.414000	2.445000	2.476000	2.507000	2.554000	2.585000	2.616000	2.648000	2.679000	2.710000	2.741000	2.772000	2.819000	2.850000	2.882000	2.913000	2.944000	2.975000	3.006000	3.038000	3.084000	3.116000	3.147000	3.178000	3.209000	3.240000	3.272000	3.318000	3.350000	3.381000	3.412000	3.443000	3.474000	3.506000	3.552000	3.584000	3.615000	3.646000	3.677000	3.708000	3.740000	3.771000	3.818000	3.849000	3.880000	3.911000	3.942000	3.974000	4.005000	4.052000	4.083000	4.114000	4.145000	4.176000	4.208000	4.239000	4.286000	4.317000	4.348000	4.379000	4.411000	4.442000	4.473000	4.504000	4.551000	4.582000	4.613000	4.645000	4.676000	4.707000	4.738000	4.785000	4.816000	4.847000	4.879000	4.910000	4.941000	4.972000	5.019000	5.050000	5.081000	5.113000	5.144000	5.175000	5.206000	5.237000	5.284000	5.315000	5.347000	5.378000	5.409000	5.440000	5.471000	5.518000	5.549000	5.581000	5.612000	5.643000	5.674000	5.705000	5.752000	5.783000	5.815000	5.846000	5.877000	5.908000	5.939000	5.971000	6.017000	6.049000	6.080000	6.111000	6.142000	6.173000	6.205000	6.251000	6.283000	6.314000	6.345000	6.376000	6.407000	6.439000	6.485000	6.517000	6.548000	6.579000	6.610000	6.641000	6.673000	6.704000	6.751000	6.782000	6.813000	6.844000	6.875000	6.907000	6.938000	6.969000	7.016000	7.047000	7.078000	7.109000	7.141000	7.172000	7.203000	7.250000	7.281000	7.312000	7.343000	7.375000	7.406000	7.437000	7.484000	7.515000	7.546000	7.577000	7.609000	7.640000	7.671000	7.702000	7.749000	7.780000	7.811000	7.843000	7.874000	7.905000	7.936000	7.983000	8.014000	8.045000	8.077000	8.108000	8.139000	8.170000	8.217000	8.248000	8.279000	8.311000	8.342000	8.373000	8.404000	8.435000	8.482000	8.513000	8.545000	8.576000	8.607000	8.638000	8.669000	8.716000	8.747000	8.779000	8.810000	8.841000	8.872000	8.903000	8.950000	8.981000	9.013000	9.044000	9.075000	9.106000	9.137000	9.169000	9.215000	9.247000	9.278000	9.309000	9.340000	9.371000	9.403000	9.449000	9.481000	9.512000	9.543000	9.574000	9.605000	9.637000	9.683000	9.715000	9.746000	9.777000	9.808000	9.839000	9.871000	9.902000	9.949000	9.980000	10.011000	10.042000	10.073000	10.105000	10.136000	10.183000	10.214000	10.245000	10.276000	10.307000	10.339000	10.370000	10.417000	10.448000	10.479000	10.510000	10.541000	10.573000	10.604000	10.635000	10.682000	10.713000	10.744000	10.775000	10.807000	10.838000	10.869000	10.916000	10.947000	10.978000	11.009000	11.041000	11.072000	11.103000	11.134000	11.181000	11.212000	11.243000	11.275000	11.306000	11.337000	11.368000	11.415000	11.446000	11.477000	11.509000	11.540000	11.571000	11.602000	11.649000	11.680000	11.711000	11.743000	11.774000	11.805000	11.836000	11.867000	11.914000	11.945000	11.977000	12.008000	12.039000	12.070000	12.101000	12.148000	12.179000	12.211000	12.242000	12.273000	12.304000	12.335000	12.367000	12.413000	12.445000	12.476000	12.507000	12.538000	12.569000	12.601000	12.647000	12.679000	12.710000	12.741000	12.772000	12.803000	12.835000	12.881000	12.913000	12.944000	12.975000	13.006000	13.037000	13.069000	13.100000	13.147000	13.178000	13.209000	13.240000	13.271000	13.303000	13.334000	13.381000	13.412000	13.443000	13.474000	13.505000	13.537000	13.568000	13.615000	13.646000	13.677000	13.708000	13.739000	13.771000	13.802000	13.833000	13.880000	13.911000	13.942000	13.973000	14.005000	14.036000	14.067000	14.114000	14.145000	14.176000	14.207000	14.239000	14.270000	14.301000	14.348000	14.379000	14.410000	14.441000	14.473000	14.504000	14.535000	14.566000	14.613000	14.644000	14.675000	14.707000	14.738000	14.769000	14.800000	14.847000	14.878000	14.909000	14.941000	14.972000	15.003000	15.034000	15.065000	15.112000	15.143000	15.175000	15.206000	15.237000	15.268000	15.299000	15.346000	15.377000	15.409000	15.440000	15.471000	15.502000	15.533000	15.580000	15.611000	15.643000	15.674000	15.705000	15.736000	15.767000	15.799000	15.845000	15.877000	15.908000	15.939000	15.970000	16.001000	16.033000	16.079000	16.111000	16.142000	16.173000	16.204000	16.235000	16.267000	16.313000	16.345000	16.376000	16.407000	16.438000	16.469000	16.501000	16.532000	16.579000	16.610000	16.641000	16.672000	16.703000	16.735000	16.766000	16.813000	16.844000	16.875000	16.906000	16.937000	16.969000	17.000000	17.047000	17.078000	17.109000	17.140000	17.171000	17.203000	17.234000	17.265000	17.312000	17.343000	17.374000	17.405000	17.437000	17.468000	17.499000	17.546000	17.577000	17.608000	17.639000	17.671000	17.702000	17.733000	17.764000	17.811000	17.842000	17.873000	17.905000	17.936000	17.967000	17.998000	18.045000	18.076000	18.107000	18.139000	18.170000	18.201000	18.232000	18.279000	18.310000	18.341000	18.373000	18.404000	18.435000	18.466000	18.497000	18.544000	18.575000	18.607000	18.638000	18.669000	18.700000	18.731000	18.778000	18.809000	18.841000	18.872000	18.903000	18.934000	18.965000	18.997000	19.043000	19.075000	19.106000	19.137000	19.168000	19.199000	19.231000	19.277000	19.309000	19.340000	19.371000	19.402000	19.433000	19.465000	19.511000	19.543000	19.574000	19.605000	19.636000	19.667000	19.699000	19.730000	19.777000	19.808000	19.839000	19.870000	19.901000	19.933000	19.964000	20.011000	20.042000	20.073000	20.104000	20.135000	20.167000	20.198000	20.245000	20.276000	20.307000	20.338000	20.369000	20.401000	20.432000	20.463000	20.510000	20.541000	20.572000	20.603000	20.635000	20.666000	20.697000	20.744000	20.775000	20.806000	20.837000	20.869000	20.900000	20.931000	20.978000	21.009000	21.040000	21.071000	21.103000	21.134000	21.165000	21.196000	21.243000	21.274000	21.305000	21.337000	21.368000	21.399000	21.430000	21.477000	21.508000	21.539000	21.571000	21.602000	21.633000	21.664000	21.711000	21.742000	21.773000	21.805000	21.836000	21.867000	21.898000	21.929000	21.976000	22.007000	22.039000	22.070000	22.101000	22.132000	22.163000	22.210000	22.241000	22.273000	22.304000	22.335000	22.366000	22.397000	22.444000	22.475000	22.507000	22.538000	22.569000	22.600000	22.631000	22.663000	22.709000	22.741000	22.772000	22.803000	22.834000	22.865000	22.897000	22.928000	22.975000	23.006000	23.037000	23.068000	23.099000	23.131000	23.162000	23.209000	23.240000	23.271000	23.302000	23.333000	23.365000	23.396000	23.443000	23.474000	23.505000	23.536000	23.567000	23.599000	23.630000	23.661000	23.708000	23.739000	23.770000	23.801000	23.833000	23.864000	23.895000	23.942000	23.973000	24.004000	24.035000	24.067000	24.098000	24.129000	24.176000	24.207000	24.238000	24.269000	24.301000	24.332000	24.363000	24.394000	24.441000	24.472000	24.503000	24.535000	24.566000	24.597000	24.628000	24.675000	24.706000	24.737000	24.769000	24.800000	24.831000	24.862000	24.909000	24.940000	24.971000	25.003000	25.034000	25.065000	25.096000	25.127000	25.174000	25.205000	25.237000	25.268000	25.299000	25.330000	25.361000	25.408000	25.439000	25.471000	25.502000	25.533000	25.564000	25.595000	25.642000	25.673000	25.705000	25.736000	25.767000	25.798000	25.829000	25.861000	25.907000	25.939000	25.970000	26.001000	26.032000	26.063000	26.095000	26.141000	26.173000	26.204000	26.235000	26.266000	26.297000	26.329000	26.375000	26.407000	26.438000	26.469000	26.500000	26.531000	26.563000	26.594000	26.641000	26.672000	26.703000	26.734000	26.765000	26.797000	26.828000	26.859000	26.906000	26.937000	26.968000	26.999000	27.031000	27.062000	27.093000	27.140000	27.171000	27.202000	27.233000	27.265000	27.296000	27.327000	27.374000	27.405000	27.436000	27.467000	27.499000	27.530000	27.561000	27.592000	27.639000	27.670000	27.701000	27.733000	27.764000	27.795000	27.826000	27.873000	27.904000	27.935000	27.967000	27.998000	28.029000	28.060000	28.107000	28.138000	28.169000	28.201000	28.232000	28.263000	28.294000	28.325000	28.372000	28.403000	28.435000	28.466000	28.497000	28.528000	28.559000	28.606000	28.637000	28.669000	28.700000	28.731000	28.762000	28.793000	28.840000	28.871000	28.903000	28.934000	28.965000	28.996000	29.027000	29.059000	29.105000	29.137000	29.168000	29.199000	29.230000	29.261000	29.293000	29.339000	29.371000	29.402000	29.433000	29.464000	29.495000	29.527000	29.573000	29.605000	29.636000	29.667000	29.698000	29.729000	29.761000	29.792000	29.839000	29.870000	29.901000	29.932000	29.963000	29.995000
%%%	0.000000	0.000000	0.000000	0.000000	0.000000	0.000000	0.000000	0.000000	0.000000	0.000000	0.000000	0.000000	0.000000	0.000000	0.000000	0.000000	0.000000	0.000000	0.000000	0.000000	0.000000	0.000000	0.000000	0.000000	0.000000	0.000000	0.000000	0.000000	0.000000	0.000000	0.000000	0.000000	0.000000	0.000000	0.000000	0.000000	0.000000	0.000000	0.000000	0.000000	0.000000	0.000000	0.000000	0.000000	0.000000	0.000000	0.000000	0.000000	0.000000	0.000000	0.000000	0.000000	0.000000	0.000000	0.000000	0.000000	0.000000	0.000000	0.000000	0.000000	0.000000	0.000000	0.000000	0.000000	0.000000	0.000000	0.000000	0.000000	0.000000	0.000000	0.000000	0.000000	0.000000	0.000000	0.000000	0.000000	0.000000	0.000000	0.000000	0.000000	0.000000	0.000000	0.000000	0.000000	0.000000	0.000000	0.000000	0.000000	0.000000	0.000000	0.000000	0.000000	0.000000	0.000000	0.000000	0.000000	0.000000	0.000000	0.000000	0.000000	0.000000	0.000000	0.000000	0.000000	0.000000	0.000000	0.000000	0.000000	0.000000	0.000000	0.000000	0.000000	0.000000	0.000000	0.000000	0.000000	0.000000	0.000000	0.000000	0.000000	0.000000	0.000000	0.000000	0.000000	0.000000	0.000000	0.000000	0.000000	0.000000	0.000000	0.000000	0.000000	0.000000	0.000000	0.000000	0.000000	0.000000	0.000000	0.000000	0.000000	0.000000	0.000000	0.000000	0.000000	0.000000	0.000000	0.000000	0.000000	0.000000	0.000000	0.000000	0.000000	0.000000	0.000000	0.000000	0.000000	0.000000	0.000000	0.000000	0.000000	0.000000	0.000000	0.000000	0.000000	0.000000	0.000000	0.000000	0.000000	0.000000	0.000000	0.000000	0.000000	0.000000	0.000000	0.000000	0.000000	0.000000	0.000000	0.000000	0.000000	0.000000	0.000000	0.000000	0.000000	0.000000	0.000000	0.000000	0.000000	0.000000	0.000000	0.000000	0.000000	0.000000	0.000000	0.000000	0.000000	0.000000	0.000000	0.000000	0.000000	0.000000	0.000000	0.000000	0.000000	0.000000	0.000000	0.000000	0.000000	0.000000	0.000000	0.000000	0.000000	0.000000	0.000000	0.000000	0.000000	0.000000	0.000000	0.000000	0.000000	0.000000	0.000000	0.000000	0.000000	0.000000	0.000000	0.000000	0.000000	0.000000	0.000000	0.000000	0.000000	0.000000	0.000000	0.000000	0.000000	0.000000	0.000000	0.000000	0.000000	0.000000	0.000000	0.000000	0.000000	0.000000	0.000000	0.000000	0.000000	0.000000	0.000000	0.000000	0.000000	0.000000	0.000000	0.000000	0.000000	0.000000	0.000000	0.000000	0.000000	0.000000	0.000000	0.000000	0.000000	0.000000	0.000000	0.000000	0.000000	0.000000	0.000000	0.000000	0.000000	0.000000	0.000000	0.000000	0.000000	0.000000	0.000000	0.000000	0.000000	0.000000	0.000000	0.000000	0.000000	0.000000	0.000000	0.000000	0.000000	0.000000	0.000000	0.000000	0.000000	0.000000	0.000000	0.000000	0.000000	0.000000	0.000000	0.000000	0.000000	0.000000	0.000000	0.000000	0.000000	0.000000	0.000000	0.000000	0.000000	0.000000	0.000000	0.000000	0.000000	0.000000	0.000000	0.000000	0.000000	0.000000	0.000000	0.000000	0.000000	0.000000	0.000000	0.000000	0.000000	0.000000	0.000000	0.000000	0.000000	0.000000	0.000000	0.000000	0.000000	0.000000	0.000000	0.000000	0.000000	0.000000	0.000000	0.000000	0.000000	0.000000	0.000000	0.000000	0.000000	0.000000	0.000000	0.000000	0.000000	0.000000	0.000000	0.000000	0.000000	0.000000	0.000000	0.000000	0.000000	0.000000	0.000000	0.000000	0.000000	0.000000	0.000000	0.000000	0.000000	0.000000	0.000000	0.000000	0.000000	0.000000	0.000000	0.000000	0.000000	0.000000	0.000000	0.000000	0.000000	0.000000	0.000000	0.000000	0.000000	0.000000	0.000000	0.000000	0.000000	0.000000	0.000000	0.000000	0.000000	0.000000	0.000000	0.000000	0.000000	0.000000	0.000000	0.000000	0.000000	0.000000	0.000000	0.000000	0.000000	0.000000	0.000000	0.000000	0.000000	0.000000	0.000000	0.000000	0.000000	0.000000	0.000000	0.000000	0.000000	0.000000	0.000000	0.000000	0.000000	0.000000	0.000000	0.000000	0.000000	0.000000	0.000000	0.000000	0.000000	0.000000	0.000000	0.000000	0.000000	0.000000	0.000000	0.000000	0.000000	0.000000	0.000000	0.000000	0.000000	0.000000	0.000000	0.000000	0.000000	0.000000	0.000000	0.000000	0.000000	0.000000	0.000000	0.000000	0.000000	0.000000	0.000000	0.000000	0.000000	0.000000	0.000000	0.000000	0.000000	0.000000	0.000000	0.000000	0.000000	0.000000	0.000000	0.000000	0.000000	0.000000	0.000000	0.000000	0.000000	0.000000	0.000000	0.000000	0.000000	0.000000	0.000000	0.000000	0.000000	0.000000	0.000000	0.000000	0.000000	0.000000	0.000000	0.000000	0.000000	0.000000	0.000000	0.000000	0.000000	0.000000	0.000000	0.000000	0.000000	0.000000	0.000000	0.000000	0.000000	0.000000	0.000000	0.000000	0.000000	0.000000	0.000000	0.000000	0.000000	0.000000	0.000000	0.000000	0.000000	0.000000	0.000000	0.000000	0.000000	0.000000	0.000000	0.000000	0.000000	0.000000	0.000000	0.000000	0.000000	0.000000	0.000000	0.000000	0.000000	0.000000	0.000000	0.000000	0.000000	0.000000	0.000000	0.000000	0.000000	0.000000	0.000000	0.000000	0.000000	0.000000	0.000000	0.000000	0.000000	0.000000	0.000000	0.000000	0.000000	0.000000	0.000000	0.000000	0.000000	0.000000	0.000000	0.000000	0.000000	0.000000	0.000000	0.000000	0.000000	0.000000	0.000000	0.000000	0.000000	0.000000	0.000000	0.000000	0.000000	0.000000	0.000000	0.000000	0.000000	0.000000	0.000000	0.000000	0.000000	0.000000	0.000000	0.000000	0.000000	0.000000	0.000000	0.000000	0.000000	0.000000	0.000000	0.000000	0.000000	0.000000	0.000000	0.000000	0.000000	0.000000	0.000000	0.000000	0.000000	0.000000	0.000000	0.000000	0.000000	0.000000	0.000000	0.000000	0.000000	0.000000	0.000000	0.000000	0.000000	0.000000	0.000000	0.000000	0.000000	0.000000	0.000000	0.000000	0.000000	0.000000	0.000000	0.000000	0.000000	0.000000	0.000000	0.000000	0.000000	0.000000	0.000000	0.000000	0.000000	0.000000	0.000000	0.000000	0.000000	0.000000	0.000000	0.000000	0.000000	0.000000	0.000000	0.000000	0.000000	0.000000	0.000000	0.000000	0.000000	0.000000	0.000000	0.000000	0.000000	0.000000	0.000000	0.000000	0.000000	0.000000	0.000000	0.000000	0.000000	0.000000	0.000000	0.000000	0.000000	0.000000	0.000000	0.000000	0.000000	0.000000	0.000000	0.000000	0.000000	0.000000	0.000000	0.000000	0.000000	0.000000	0.000000	0.000000	0.000000	0.000000	0.000000	0.000000	0.000000	0.000000	0.000000	0.000000	0.000000	0.000000	0.000000	0.000000	0.000000	0.000000	0.000000	0.000000	0.000000	0.000000	0.000000	0.000000	0.000000	0.000000	0.000000	0.000000	0.000000	0.000000	0.000000	0.000000	0.000000	0.000000	0.000000	0.000000	0.000000	0.000000	0.000000	0.000000	0.000000	0.000000	0.000000	0.000000	0.000000	0.000000	0.000000	0.000000	0.000000	0.000000	0.000000	0.000000	0.000000	0.000000	0.000000	0.000000	0.000000	0.000000	0.000000	0.000000	0.000000	0.000000	0.000000	0.000000	0.000000	0.000000	0.000000	0.000000	0.000000	0.000000	0.000000	0.000000	0.000000	0.000000	0.000000	0.000000	0.000000	0.000000	0.000000	0.000000	0.000000	0.000000	0.000000	0.000000	0.000000	0.000000	0.000000	0.000000	0.000000	0.000000	0.000000	0.000000	0.000000	0.000000	0.000000	0.000000	0.000000	0.000000	0.000000	0.000000	0.000000	0.000000	0.000000	0.000000	0.000000	0.000000	0.000000	0.000000	0.000000	0.000000	0.000000	0.000000	0.000000	0.000000	0.000000	0.000000	0.000000	0.000000	0.000000	0.000000	0.000000	0.000000	0.000000	0.000000	0.000000	0.000000	0.000000	0.000000	0.000000	0.000000	0.000000	0.000000	0.000000	0.000000	0.000000	0.000000	0.000000	0.000000	0.000000	0.000000	0.000000	0.000000	0.000000	0.000000	0.000000	0.000000	0.000000	0.000000	0.000000	0.000000	0.000000	0.000000	0.000000	0.000000	0.000000	0.000000	0.000000	0.000000	0.000000	0.000000	0.000000	0.000000	0.000000	0.000000	0.000000	0.000000	0.000000	0.000000	0.000000	0.000000	0.000000	0.000000	0.000000	0.000000	0.000000	0.000000	0.000000	0.000000	0.000000	0.000000	0.000000	0.000000	0.000000	0.000000	0.000000	0.000000	0.000000	0.000000	0.000000	0.000000	0.000000	0.000000	0.000000	0.000000	0.000000	0.000000	0.000000	0.000000	0.000000	0.000000	0.000000	0.000000	0.000000	0.000000	0.000000	0.000000	0.000000	0.000000	0.000000	0.000000	0.000000	0.000000	0.000000	0.000000	0.000000	0.000000	0.000000	0.000000	0.000000	0.000000	0.000000	0.000000	0.000000	0.000000	0.000000	0.000000	0.000000	0.000000	0.000000	0.000000	0.000000	0.000000	0.000000	0.000000	0.000000	0.000000
%%%	Pulse Index	Stimulus Section Index	Stimulus Section Start Index	Stimulus Section End Index	Pupil Stimulated: 0 = Right, 1 = Left, 2 = Both	Light Metric: 0 = Photopic, 1 = Scopotic, 2 = Radiometric	Stimulus Start Time	Stimulus Duration	Stimulus Pulse Duration	Right Pulse Max Level	Right Pulse Max Color (0123 = WRGB)	Right Pulse Min Level	Right Pulse Min Color (0123 = WRGB)	Left Pulse Max Level	Left Pulse Max Color (0123 = WRGB)	Left Pulse Min Level	Left Pulse Min Color (0123 = WRGB)	Right Data Input Type (0 == RAW DATA, 1 == FITTED DATA, 2 == M. OVERRIDED)	Right ANALYSIS STATE (0 == ABNORMAL, 1 == NORMAL)	Right MAX (mm) (EMPTY if INVALID)	Right MIN (mm) (EMPTY if INVALID)	Right DELTA (mm) (EMPTY if INVALID)	Right CH (%) (EMPTY if INVALID)	Right LAT (sec) (EMPTY if INVALID)	Right CV (mm/s) (EMPTY if INVALID)	Right MCV (mm/s) (EMPTY if INVALID)	Right DV (mm/s) (EMPTY if INVALID)	Left Data Input Type (0 == RAW DATA, 1 == FITTED DATA, 2 == M. OVERRIDED)	Left ANALYSIS STATE (0 == ABNORMAL, 1 == NORMAL)	Left MAX (mm) (EMPTY if INVALID)	Left MIN (mm) (EMPTY if INVALID)	Left DELTA (mm) (EMPTY if INVALID)	Left CH (%) (EMPTY if INVALID)	Left LAT (sec) (EMPTY if INVALID)	Left CV (mm/s) (EMPTY if INVALID)	Left MCV (mm/s) (EMPTY if INVALID)	Left DV (mm/s) (EMPTY if INVALID)
%%%	0	0	17	902	0	0	0.51	29.52	0.51	100.06	3	0.00	3	0.00	3	0.00	3	0	0	0.00	0.00			0.00	0.00	0.00	0.00	0	0	0.00	0.00			0.00	0.00	0.00	0.00
%%%%%%%%%
%%%%%%%%%
%%%%%%%%%
<\SESSION>
