<SESSION>
<VERSION>
2
<\VERSION>
<DATE>
2017-12-05 10:46:01
<\DATE>
<SUBJECT-ID>
c57bl6-4.11.17-1mois-DAOG-M2-1.2b
<\SUBJECT-ID>
<NOTE>

<\NOTE>
<MIN-MAX-PLOT>
0.100000 51880.761719
<\MIN-MAX-PLOT>
<STIMULUS-DEFINED>
Default
Default Human Relative Spectral Sensitivity
1	0
1	0.500000	0.500000	29.000000	3	3	1.200000	-100.000000	0.100000	-100.000000	0
<\STIMULUS-DEFINED>
<STIMULUS-GENERATED>
4
0	0	0.000000	3	0.000000	0.000000	3	0.000000	0.000000
0	1	0.509000	3	0.299242	15.810344	3	0.000000	0.000000
0	4	1.019000	3	0.000000	0.000000	3	0.000000	0.000000
-1	5	30.028000	0	0.000000	0.000000	0	0.000000	0.000000
<\STIMULUS-GENERATED>
<RIGHT-PUPIL-DATA>
903	1
1	-0.067000	1.275362	300.000000	329.500000
1	-0.035000	1.248406	299.437500	330.437500
1	-0.004000	1.275362	299.000000	332.500000
1	0.027000	1.242899	299.625000	330.875000
1	0.074000	1.249420	299.968750	330.981262
1	0.105000	1.244203	300.143738	330.506226
1	0.136000	1.253333	299.725006	331.074982
1	0.167000	1.257246	299.581238	330.418762
1	0.199000	1.240580	299.375000	329.875000
1	0.230000	1.227101	299.931274	329.506226
1	0.261000	1.275362	298.000000	329.500000
1	0.308000	1.264203	299.856232	329.818756
1	0.339000	1.265362	300.431244	329.806244
1	0.370000	1.247101	299.656250	330.293762
1	0.401000	1.257536	300.506256	330.243744
1	0.433000	1.255507	299.731232	330.993744
1	0.464000	1.266667	300.187500	331.312500
1	0.495000	1.266667	299.687500	330.937500
1	0.542000	1.257101	299.437500	330.687500
1	0.573000	1.268551	298.881256	330.756256
1	0.604000	1.278841	300.250000	330.625000
1	0.635000	1.267246	299.774994	331.225006
1	0.667000	1.249420	299.531250	331.468750
1	0.698000	1.228985	298.000000	331.500000
1	0.729000	1.242319	299.649994	332.774994
1	0.760000	1.221159	299.937500	332.937500
1	0.807000	1.182609	299.000000	332.500000
1	0.838000	1.182609	299.000000	332.500000
1	0.869000	1.139130	300.250000	332.750000
1	0.901000	1.117536	299.931244	332.931244
1	0.932000	1.065217	300.375000	333.250000
1	0.963000	1.072464	299.875000	332.625000
1	0.994000	1.043478	300.000000	333.500000
1	1.041000	1.002754	301.156250	333.206238
1	1.072000	0.972319	300.906250	333.531250
1	1.103000	0.957102	300.687500	333.750000
1	1.135000	0.940290	300.725006	333.512482
1	1.166000	0.954928	300.768738	334.093750
1	1.197000	0.885942	301.006256	334.006256
1	1.228000	0.910725	301.350006	333.350006
1	1.259000	0.866812	301.218750	333.218750
0	1.306000	0.904348	303.000000	332.500000
1	1.337000	0.915797	301.468750	332.718750
1	1.369000	0.901015	301.506256	332.143707
1	1.400000	0.855942	301.687500	332.299988
1	1.431000	0.883623	301.631195	331.993744
1	1.462000	0.870145	301.750000	332.875000
1	1.493000	0.845942	300.868744	333.631256
1	1.540000	0.840290	300.662506	333.537506
1	1.571000	0.846377	301.000000	334.500000
1	1.603000	0.839275	301.056244	333.556244
1	1.634000	0.834783	301.250000	334.250000
1	1.665000	0.814203	300.850006	333.712494
1	1.696000	0.804928	300.812500	333.812500
1	1.727000	0.857971	300.000000	333.500000
1	1.774000	0.834783	301.000000	334.500000
1	1.805000	0.818406	300.193756	335.631256
1	1.837000	0.834783	300.500000	336.000000
1	1.868000	0.833188	300.018738	336.593750
1	1.899000	0.826667	300.437500	336.500000
1	1.930000	0.835362	300.500000	337.000000
1	1.961000	0.839275	300.556244	336.556244
1	1.993000	0.855797	300.706329	335.881378
1	2.039000	0.837971	300.537506	336.462494
1	2.071000	0.834783	301.000000	334.500000
1	2.102000	0.814638	300.718750	335.718750
1	2.133000	0.852319	300.743744	335.131256
1	2.164000	0.857102	300.812500	335.062500
1	2.195000	0.869565	300.750000	333.750000
1	2.227000	0.833333	300.000000	335.000000
1	2.273000	0.876812	300.862488	334.137512
1	2.305000	0.866377	300.537506	333.787506
1	2.336000	0.871304	300.250000	333.875000
1	2.367000	0.866812	300.781250	334.031250
1	2.398000	0.869565	301.187500	334.937500
1	2.429000	0.831449	300.556244	335.443756
1	2.461000	0.866377	300.787506	336.037506
1	2.507000	0.863913	301.206238	335.993774
1	2.539000	0.899275	300.518768	335.456207
1	2.570000	0.882754	300.693726	336.006226
1	2.601000	0.885362	300.706238	335.031250
1	2.632000	0.874928	300.443695	334.906219
1	2.663000	0.866377	300.462494	335.212494
1	2.695000	0.890580	300.593750	334.893738
1	2.726000	0.896232	300.437500	335.174988
1	2.773000	0.890725	300.625000	335.062500
1	2.804000	0.903333	301.506256	335.493744
1	2.835000	0.892754	300.250000	335.750000
1	2.866000	0.904348	300.750000	335.250000
1	2.897000	0.884348	301.000000	335.262512
1	2.929000	0.904348	299.000000	336.500000
1	2.960000	0.909275	300.312500	335.937500
1	3.007000	0.885942	300.993744	335.993744
1	3.038000	0.923333	300.531250	335.656250
1	3.069000	0.903333	300.506256	335.506256
1	3.100000	0.904348	300.000000	335.500000
1	3.131000	0.903333	300.493744	336.506256
1	3.163000	0.904348	300.875000	336.625000
1	3.194000	0.904348	300.437500	336.437500
1	3.241000	0.871884	300.899994	336.100006
1	3.272000	0.916232	300.762482	335.337494
1	3.303000	0.904348	303.000000	336.500000
1	3.334000	0.921014	300.468750	336.268738
1	3.365000	0.920725	301.243744	335.793732
1	3.397000	0.915942	301.250000	335.250000
1	3.428000	0.918985	300.656250	336.656250
1	3.459000	0.914203	301.337494	336.649994
1	3.506000	0.904348	303.000000	336.500000
1	3.537000	0.898551	300.500000	336.500000
1	3.568000	0.915942	301.000000	335.500000
1	3.599000	0.931594	300.524994	335.524994
1	3.631000	0.915797	301.593750	335.406250
1	3.662000	0.931594	300.912506	335.600006
1	3.693000	0.921159	301.250000	335.437500
1	3.740000	0.918406	301.293762	335.556274
1	3.771000	0.936377	300.518738	335.981262
1	3.802000	0.901884	301.506287	335.931213
1	3.833000	0.915942	301.000000	335.500000
1	3.865000	0.921159	301.250000	335.250000
1	3.896000	0.931449	300.618744	334.618744
1	3.927000	0.927101	300.556244	335.131256
1	3.958000	0.931015	300.625000	334.875000
1	4.005000	0.931449	300.506256	335.381256
1	4.036000	0.940580	300.762512	335.262512
1	4.067000	0.912319	300.706238	335.143738
1	4.099000	0.948406	300.325012	335.200012
1	4.130000	0.947246	300.625000	335.875000
1	4.161000	0.962319	300.000000	335.500000
1	4.192000	0.939130	300.000000	335.500000
1	4.239000	0.948841	301.181244	335.318756
1	4.270000	0.951594	300.312500	335.812500
1	4.301000	0.948406	300.325043	335.825043
1	4.333000	0.936377	301.493774	335.393677
1	4.364000	0.962319	302.000000	335.500000
1	4.395000	0.937536	300.468750	336.031250
1	4.426000	0.941014	300.468750	336.081238
1	4.473000	0.949275	300.412476	335.812500
1	4.504000	0.947826	300.437500	335.812500
1	4.535000	0.979710	300.075012	335.012512
1	4.567000	0.945942	300.431335	336.093628
1	4.598000	0.939710	300.500000	335.500000
1	4.629000	0.950725	300.750000	335.250000
1	4.660000	0.933333	301.424988	335.450012
1	4.691000	0.937536	301.031250	334.968750
1	4.738000	0.939130	301.562500	334.937500
1	4.769000	0.941014	301.518738	334.668823
1	4.801000	0.939130	300.718750	334.718750
1	4.832000	0.965507	301.012451	334.112549
1	4.863000	0.920580	301.350006	334.225006
1	4.894000	0.921884	301.368744	334.756256
1	4.925000	0.926667	301.562500	335.125000
1	4.972000	0.964638	301.437500	335.000000
1	5.003000	0.939130	301.000000	336.500000
1	5.035000	0.914203	301.350006	336.350006
1	5.066000	0.933623	301.287506	336.524994
1	5.097000	0.920725	301.243744	336.743744
1	5.128000	0.947971	301.368744	336.618744
1	5.159000	0.938551	301.500000	335.750000
1	5.206000	0.938696	301.468750	335.481262
1	5.237000	0.927536	301.625000	335.375000
1	5.269000	0.936957	301.250000	335.500000
1	5.300000	0.952754	301.562500	335.687500
1	5.331000	0.954928	301.281250	335.268738
1	5.362000	0.927101	302.131256	335.556244
1	5.393000	0.939130	301.750000	335.750000
1	5.425000	0.937246	301.493744	335.681244
1	5.471000	0.932899	301.518738	335.331177
1	5.503000	0.939130	301.750000	334.750000
1	5.534000	0.933188	301.518738	335.031250
1	5.565000	0.934783	301.500000	334.000000
1	5.596000	0.941159	301.712494	334.699982
1	5.627000	0.955942	301.750000	333.750000
1	5.659000	0.968985	301.437500	334.437500
1	5.705000	0.928841	301.593750	334.093750
1	5.737000	0.947826	301.750000	333.750000
1	5.768000	0.939130	302.000000	334.500000
1	5.799000	0.974493	300.875000	334.049988
1	5.830000	0.938551	301.500000	333.000000
1	5.861000	0.936957	301.500000	333.500000
1	5.893000	0.951159	301.806244	332.818756
1	5.939000	0.952754	301.312500	333.250000
1	5.971000	0.937536	301.518738	333.531250
1	6.002000	0.972899	300.993744	333.943756
1	6.033000	0.974493	301.125000	334.937500
1	6.064000	0.985507	301.000000	334.500000
1	6.095000	0.939130	301.000000	335.500000
1	6.127000	0.955507	302.118744	334.256256
1	6.158000	0.955797	301.256256	334.818756
1	6.205000	0.944928	300.875000	334.625000
1	6.236000	0.937536	300.968750	335.018738
1	6.267000	0.968406	300.962494	334.850006
1	6.298000	0.937536	301.018738	334.968750
1	6.329000	0.989130	301.312500	334.750000
1	6.361000	0.950580	301.156250	334.843750
1	6.392000	0.963623	301.593750	334.593750
1	6.439000	0.950725	302.000000	333.500000
1	6.470000	0.976377	301.006256	334.443756
1	6.501000	0.972899	301.493744	333.881256
1	6.532000	0.991884	301.625000	333.625000
1	6.563000	0.977536	301.406250	333.793762
1	6.595000	0.988551	301.468750	333.718750
1	6.626000	0.977246	302.006256	333.931244
1	6.657000	1.020580	301.587494	333.287506
1	6.704000	0.988116	301.712494	333.712494
1	6.735000	1.016812	301.375000	333.424988
1	6.766000	0.950580	303.168762	333.293762
1	6.797000	0.977246	303.868744	333.006256
1	6.829000	0.997246	302.806335	332.843750
1	6.860000	0.985362	302.031250	333.281250
1	6.891000	0.987971	301.943756	333.231232
1	6.938000	0.997101	302.000000	333.500000
1	6.969000	0.969710	301.868744	333.068756
1	7.000000	0.904348	302.000000	333.500000
1	7.031000	0.981449	301.212494	333.350006
1	7.063000	0.939130	302.000000	333.500000
1	7.094000	0.968406	301.462494	333.912506
1	7.125000	0.981594	300.818756	333.631256
1	7.172000	0.976667	300.843750	334.406250
1	7.203000	1.008116	300.750000	334.250000
1	7.234000	0.962319	301.000000	333.500000
1	7.265000	0.950725	302.000000	333.500000
1	7.297000	0.974637	301.118835	333.731323
1	7.328000	0.981159	301.062500	333.950012
1	7.359000	0.968985	301.937500	333.937500
1	7.390000	0.950725	302.000000	333.500000
1	7.437000	1.000725	300.581238	334.143738
1	7.468000	1.026087	301.500000	334.000000
1	7.499000	1.022319	301.187500	333.937500
1	7.531000	1.007681	301.506256	334.006256
1	7.562000	1.004638	301.274994	333.475006
1	7.593000	1.028261	301.187500	333.687500
1	7.624000	0.970725	301.975006	333.524994
1	7.671000	0.989710	301.218750	333.781250
1	7.702000	0.991304	300.375000	333.625000
1	7.733000	0.994058	300.856262	334.268738
1	7.765000	0.973913	300.500000	334.000000
1	7.796000	1.089855	299.000000	332.500000
1	7.827000	0.955507	301.743744	334.256256
1	7.858000	0.950725	302.000000	333.500000
1	7.889000	0.985507	302.000000	335.500000
1	7.936000	0.998841	301.149994	335.100006
1	7.967000	0.993768	301.206268	334.793671
1	7.999000	1.008116	300.750000	335.000000
1	8.030000	0.950725	302.000000	333.500000
1	8.061000	0.970290	301.081238	335.043762
1	8.092000	0.991884	301.625000	335.250000
1	8.123000	0.954928	301.893738	334.718750
0	8.170000	0.950725	302.000000	333.500000
1	8.201000	0.974638	301.731262	335.018738
1	8.233000	0.989710	300.781250	334.781250
1	8.264000	0.992464	300.899994	334.774994
1	8.295000	1.001594	301.531250	335.393738
1	8.326000	0.988551	302.093750	335.718750
1	8.357000	0.988986	301.949982	336.274994
1	8.404000	0.990145	301.225006	335.774994
1	8.435000	0.990145	301.774994	335.225006
1	8.467000	0.966377	301.600006	335.412506
1	8.498000	0.955507	300.743744	335.693756
1	8.529000	0.957246	301.718750	336.268738
1	8.560000	0.988551	301.281250	335.831238
1	8.591000	0.996667	301.131256	334.856232
0	8.623000	1.089855	299.000000	332.500000
1	8.669000	0.982029	301.187500	335.375000
1	8.701000	0.997101	300.000000	335.500000
1	8.732000	0.974928	300.931244	335.993744
1	8.763000	0.972464	301.125000	335.500000
1	8.794000	0.973913	301.500000	336.000000
1	8.825000	0.972899	301.493744	335.118744
1	8.857000	0.989420	300.943787	335.293701
1	8.903000	0.985797	300.712494	334.725006
1	8.935000	0.969710	300.068756	334.506256
1	8.966000	0.950725	302.000000	335.500000
1	8.997000	0.974638	301.018738	334.106262
1	9.028000	0.966522	301.431213	333.968750
1	9.059000	0.950725	302.000000	333.500000
1	9.091000	0.972319	301.018738	333.468750
1	9.137000	0.939130	302.000000	333.500000
1	9.169000	0.959855	300.681244	334.056244
1	9.200000	0.968406	300.912506	333.087494
1	9.231000	0.968116	300.500000	333.500000
1	9.262000	0.981449	300.850006	333.350006
1	9.293000	1.019855	300.156250	332.643738
1	9.325000	0.950580	300.343750	333.156250
1	9.356000	0.995362	300.950012	333.174988
1	9.403000	0.962319	301.000000	333.500000
1	9.434000	0.971014	300.937500	334.062500
1	9.465000	0.981449	301.212494	333.350006
1	9.496000	1.008841	300.256256	333.256256
1	9.527000	0.968985	300.937500	333.937500
1	9.559000	0.950725	302.000000	333.500000
1	9.590000	0.973913	300.750000	333.750000
1	9.637000	0.966667	301.862488	333.362488
1	9.668000	0.997101	302.000000	333.500000
1	9.699000	0.964058	299.600006	333.887482
1	9.730000	0.973913	300.750000	333.750000
1	9.761000	0.969710	300.068756	334.068756
1	9.793000	0.980725	300.943756	333.943756
1	9.824000	1.089855	299.000000	336.500000
1	9.871000	0.981015	300.093842	335.006256
1	9.902000	0.964058	300.600006	334.600006
1	9.933000	0.944203	300.281250	334.456238
1	9.964000	0.998406	300.843750	334.281250
1	9.995000	0.978841	300.924988	334.625000
1	10.027000	0.978841	300.062500	334.687500
1	10.058000	0.974058	299.993744	334.931244
1	10.089000	0.951159	300.806244	334.806244
1	10.136000	0.963623	300.968750	334.968750
1	10.167000	0.970145	300.500000	334.937500
1	10.198000	0.968985	301.112488	335.437500
1	10.229000	0.990290	301.243744	334.793732
1	10.261000	1.089855	299.000000	332.500000
1	10.292000	0.996667	300.181244	334.181244
1	10.323000	0.997101	300.000000	333.500000
1	10.370000	1.002899	300.450012	335.075012
1	10.401000	0.964203	300.618744	335.006256
1	10.432000	1.089855	303.000000	336.500000
1	10.463000	0.965072	300.981232	335.931244
1	10.495000	1.014493	300.687500	336.187500
1	10.526000	0.973913	301.000000	336.500000
1	10.557000	0.997101	299.000000	336.500000
1	10.604000	0.973913	301.000000	336.500000
1	10.635000	0.964058	300.600006	335.850006
1	10.666000	0.984783	300.875000	335.000000
1	10.697000	0.974058	300.993744	335.443756
1	10.729000	1.025072	299.756256	334.293732
1	10.760000	0.990725	300.250000	334.750000
1	10.791000	0.988116	300.462494	335.962494
1	10.822000	0.997101	300.187500	335.937500
1	10.869000	1.044638	299.524994	336.524994
1	10.900000	1.011594	300.750000	337.500000
1	10.931000	1.020290	300.500000	337.000000
0	10.963000	1.089855	299.000000	332.500000
1	10.994000	1.089855	303.000000	336.500000
1	11.025000	0.998406	301.156250	335.656250
1	11.056000	1.022464	300.331238	336.281250
1	11.103000	0.985507	301.250000	335.250000
0	11.134000	1.089855	299.000000	332.500000
1	11.165000	1.008116	301.000000	336.500000
1	11.197000	0.997101	299.000000	336.500000
1	11.228000	0.989710	301.218750	336.781250
1	11.259000	1.017391	300.500000	337.250000
1	11.290000	1.000725	301.156250	337.143738
1	11.337000	1.089855	303.000000	336.500000
1	11.368000	1.016232	301.287506	336.149994
1	11.399000	1.008116	301.250000	336.000000
1	11.431000	0.978406	301.818756	335.931244
1	11.462000	0.972754	300.899994	335.475006
1	11.493000	1.000725	300.581238	335.856262
1	11.524000	0.950725	302.000000	335.500000
1	11.555000	1.000290	301.162506	336.149994
1	11.602000	1.089855	303.000000	336.500000
1	11.633000	0.968406	300.912506	336.087494
1	11.665000	0.989710	301.218750	335.781250
1	11.696000	0.974058	300.993744	335.931244
1	11.727000	1.006377	301.475006	336.475006
1	11.758000	0.999420	301.562500	336.125000
1	11.789000	0.997101	303.000000	332.500000
1	11.821000	1.007681	300.543732	334.956268
1	11.867000	0.950725	302.000000	333.500000
1	11.899000	0.997101	303.000000	332.500000
1	11.930000	0.987536	301.312500	334.750000
1	11.961000	1.005942	300.193787	333.968811
1	11.992000	0.981594	300.368744	333.368744
1	12.023000	1.006377	300.475006	333.475006
1	12.055000	0.995507	301.131226	333.368774
1	12.101000	0.997101	300.625000	332.875000
1	12.133000	0.987536	300.799988	332.250000
1	12.164000	1.008841	300.543732	331.993744
1	12.195000	1.007681	300.743744	332.543732
1	12.226000	0.982464	300.968750	332.968750
1	12.257000	1.003333	301.193756	333.068756
1	12.289000	1.008841	300.243805	333.493744
1	12.335000	1.007536	300.274994	332.975006
1	12.367000	0.998841	300.100006	332.899994
1	12.398000	0.994638	299.868744	332.181244
1	12.429000	1.007971	300.481262	332.506226
1	12.460000	1.025362	300.543762	332.731262
1	12.491000	0.997101	303.000000	332.500000
1	12.523000	0.976377	300.993744	332.443756
1	12.554000	1.007536	300.574982	332.574982
1	12.601000	1.089855	299.000000	332.500000
1	12.632000	1.008841	300.443756	333.256256
1	12.663000	0.984203	301.018738	332.881226
1	12.694000	1.020290	299.000000	332.500000
1	12.725000	1.028841	300.531250	332.156250
1	12.757000	0.997101	300.000000	331.500000
1	12.788000	1.028841	299.781250	332.531250
1	12.835000	0.997101	301.500000	333.000000
1	12.866000	1.025507	300.250000	333.737488
1	12.897000	1.007536	300.274994	334.024994
1	12.928000	1.043478	300.625000	333.875000
1	12.959000	1.033188	300.493713	334.131226
1	12.991000	1.000145	300.556244	334.118744
1	13.022000	1.025072	299.756256	333.806244
1	13.069000	1.017536	300.693756	333.868744
1	13.100000	1.043478	300.000000	333.500000
1	13.131000	0.977246	301.006256	333.931244
1	13.162000	1.044638	299.524994	333.524994
1	13.193000	1.017391	300.312500	333.312500
1	13.225000	1.044638	300.024994	333.524994
1	13.256000	1.008696	300.000000	333.500000
1	13.287000	1.029710	299.500000	333.812500
1	13.334000	1.034058	299.606262	333.606262
1	13.365000	1.024493	299.781250	333.781250
1	13.396000	1.043478	300.000000	333.500000
1	13.427000	1.035942	299.149994	333.850006
1	13.459000	1.042754	299.406250	333.518738
1	13.490000	1.048551	299.956238	333.956238
1	13.521000	1.050580	300.093750	333.593750
1	13.568000	1.063768	299.749969	333.762543
1	13.599000	1.079275	299.243744	334.006256
1	13.630000	1.061449	299.750000	334.250000
1	13.661000	1.031884	300.000000	333.500000
1	13.693000	1.043623	299.493744	334.056244
1	13.724000	1.044058	300.500000	333.500000
0	13.755000	0.997101	303.000000	332.500000
1	13.802000	1.055942	299.737488	333.375000
1	13.833000	1.053768	299.406250	333.656250
1	13.864000	1.040725	299.918762	333.543762
1	13.895000	1.018116	299.656250	332.343750
1	13.927000	1.066667	300.250000	333.250000
1	13.958000	1.028841	300.531250	333.206238
1	13.989000	1.043478	300.000000	333.500000
1	14.020000	1.014493	300.000000	334.000000
1	14.067000	1.053333	299.600006	334.100006
1	14.098000	1.007536	300.475006	333.975006
1	14.129000	1.043478	300.000000	333.500000
1	14.161000	1.039855	299.593719	333.556244
1	14.192000	1.061449	299.737488	333.750000
1	14.223000	1.070725	300.149994	333.449982
1	14.254000	1.053188	300.306244	333.618744
1	14.301000	1.044058	299.500000	334.000000
1	14.332000	1.043478	300.000000	333.500000
1	14.363000	1.048841	300.443756	334.443756
1	14.395000	1.061884	299.256256	335.243744
1	14.426000	1.087536	299.562500	335.125000
1	14.457000	1.043333	299.506256	334.993744
1	14.488000	1.095652	299.500000	335.000000
1	14.535000	1.076667	299.031250	334.906250
1	14.566000	1.078841	299.000000	335.000000
0	14.597000	0.997101	303.000000	332.500000
1	14.629000	1.086232	299.893768	334.906158
1	14.660000	1.078841	299.562500	335.000000
1	14.691000	1.088116	299.462494	335.100006
0	14.722000	0.997101	303.000000	332.500000
1	14.753000	1.101449	300.000000	334.500000
1	14.800000	1.081594	299.556244	335.443756
1	14.831000	1.081594	299.556244	335.443756
1	14.863000	1.072319	299.343750	335.656250
0	14.894000	1.089855	299.000000	332.500000
1	14.925000	1.078841	300.000000	335.500000
1	14.956000	1.066667	301.000000	336.500000
1	14.987000	1.042898	300.875000	335.487488
1	15.034000	1.089710	300.593750	335.593750
1	15.065000	1.081015	299.981262	336.018738
1	15.097000	1.095652	300.000000	336.000000
1	15.128000	1.100580	299.937500	335.187500
1	15.159000	1.089855	299.000000	332.500000
1	15.190000	1.086812	299.918732	335.193756
1	15.221000	1.089855	300.125000	334.875000
1	15.268000	1.082029	299.562500	335.437500
1	15.299000	1.094493	299.725006	335.149994
1	15.331000	1.079275	299.456268	334.993744
1	15.362000	1.065797	300.187500	334.812500
1	15.393000	1.051594	300.312500	334.625000
1	15.424000	1.089855	300.000000	335.500000
1	15.455000	1.109855	299.787506	335.087494
1	15.487000	1.113623	299.500000	335.500000
1	15.533000	1.089855	299.000000	332.500000
1	15.565000	1.092319	299.868744	335.118744
1	15.596000	1.089710	299.843750	335.156250
1	15.627000	1.092319	299.868744	335.243744
1	15.658000	1.079275	300.006256	334.993744
1	15.689000	1.095652	299.500000	336.000000
1	15.721000	1.081015	299.468750	335.531250
1	15.767000	1.078841	299.500000	336.000000
1	15.799000	1.095652	300.000000	336.000000
1	15.830000	1.079275	299.568756	336.431244
1	15.861000	1.084058	300.000000	336.000000
1	15.892000	1.084058	300.000000	336.000000
1	15.923000	1.083768	299.212494	335.962494
1	15.955000	1.096667	299.756256	335.756256
1	15.986000	1.095652	299.500000	336.000000
1	16.033000	1.048841	300.306244	335.431244
1	16.064000	1.096812	299.225006	336.225006
1	16.095000	1.095072	300.125000	335.187500
1	16.126000	1.048841	300.068756	334.981232
1	16.157000	1.089855	303.000000	336.500000
1	16.189000	1.096667	300.243744	335.243744
1	16.220000	1.077681	299.950012	335.375000
1	16.267000	1.071159	300.593750	335.156250
1	16.298000	1.105942	300.343750	335.131226
1	16.329000	1.090290	299.431244	334.818756
1	16.360000	1.089855	299.000000	332.500000
1	16.391000	1.082029	299.375000	334.000000
1	16.423000	1.113043	299.500000	334.000000
1	16.454000	1.090725	300.062500	334.187500
1	16.485000	1.089855	299.000000	332.500000
1	16.532000	1.094058	300.218750	334.343750
1	16.563000	1.081015	300.031250	334.406250
1	16.594000	1.065362	300.743744	333.743744
1	16.625000	1.078841	300.000000	334.000000
1	16.657000	1.088551	298.906250	333.593750
1	16.688000	1.078841	300.500000	334.000000
1	16.719000	1.061449	299.812500	334.750000
0	16.766000	1.089855	303.000000	336.500000
1	16.797000	1.034203	299.637512	335.125000
1	16.828000	1.070145	300.125000	334.750000
1	16.859000	1.043478	300.000000	335.500000
1	16.891000	0.997101	299.000000	336.500000
1	16.922000	1.039855	299.556244	335.556244
1	16.953000	1.066667	299.000000	334.500000
1	17.000000	1.079420	298.975006	336.475006
1	17.031000	1.044638	299.524994	336.024994
1	17.062000	1.043333	299.493744	336.493744
1	17.093000	1.025072	299.368744	336.193756
1	17.125000	1.048841	299.506256	336.431244
0	17.156000	1.089855	299.000000	332.500000
1	17.187000	1.042029	299.937500	336.049988
1	17.218000	1.066667	299.000000	334.500000
1	17.265000	1.035797	299.131256	336.418732
1	17.296000	0.997101	299.000000	336.500000
1	17.327000	1.066667	299.000000	334.500000
1	17.359000	1.044638	298.975006	335.975006
1	17.390000	1.089855	298.500000	336.000000
1	17.421000	1.052754	299.625000	335.625000
1	17.452000	1.055507	299.693756	335.631256
1	17.499000	1.084058	299.500000	335.500000
1	17.530000	1.066232	299.693756	335.693756
1	17.561000	1.099275	299.831238	335.143738
1	17.593000	1.088116	299.149994	335.899994
1	17.624000	1.098551	299.750000	335.500000
1	17.655000	1.092319	299.818756	336.131256
1	17.686000	1.065797	299.312500	336.687500
1	17.733000	1.113043	299.000000	336.500000
1	17.764000	1.113043	299.500000	336.000000
1	17.795000	1.113043	299.000000	334.500000
1	17.827000	1.106667	299.087494	336.037506
1	17.858000	1.100725	299.331238	336.093750
1	17.889000	1.113043	299.500000	336.000000
1	17.920000	1.099420	299.312500	336.687500
1	17.951000	1.079275	299.568756	335.993744
1	17.998000	1.131449	299.693756	336.256256
1	18.029000	1.094203	299.250000	336.250000
1	18.061000	1.084203	299.468750	337.031250
1	18.092000	1.068551	299.756256	336.681244
1	18.123000	1.088116	299.387482	335.899994
1	18.154000	1.078841	299.500000	336.000000
1	18.185000	1.066667	299.875000	335.625000
1	18.232000	1.059710	299.725006	335.725006
0	18.263000	1.089855	299.000000	332.500000
1	18.295000	1.052754	299.875000	335.625000
1	18.326000	1.100725	299.668762	335.893738
1	18.357000	1.079855	299.593750	336.468750
1	18.388000	1.081015	299.968750	335.968750
0	18.419000	1.089855	299.000000	332.500000
1	18.466000	1.046377	300.000000	335.500000
1	18.497000	1.078841	300.000000	336.000000
1	18.529000	1.079420	299.024994	335.412506
1	18.560000	1.089855	299.000000	332.500000
1	18.591000	1.096812	299.774994	335.225006
1	18.622000	1.042754	299.593750	335.518738
1	18.653000	1.057536	300.193756	335.818756
1	18.685000	1.067971	299.293762	335.843750
1	18.731000	1.066377	299.787506	335.787506
1	18.763000	1.042898	299.875000	336.250000
1	18.794000	1.048841	300.931244	336.556244
1	18.825000	1.047246	300.112488	336.112488
1	18.856000	1.061449	299.250000	336.250000
1	18.887000	1.068985	299.312500	336.375000
1	18.919000	1.061449	299.250000	336.250000
1	18.965000	1.043478	300.000000	335.500000
1	18.997000	1.082754	299.493744	335.943756
1	19.028000	1.034638	299.631256	335.631256
1	19.059000	1.066667	299.500000	336.000000
1	19.090000	1.066667	298.500000	336.000000
1	19.121000	1.104493	299.118744	336.118744
1	19.153000	1.097246	299.268738	335.781250
1	19.199000	1.066377	299.212494	336.237518
1	19.231000	1.061884	299.256317	336.256256
1	19.262000	1.091304	299.125000	335.750000
1	19.293000	1.113043	299.000000	334.500000
1	19.324000	1.092319	299.181244	334.868744
1	19.355000	1.070725	299.350006	335.149994
1	19.387000	1.077101	298.975006	335.475006
1	19.418000	1.060290	300.250000	335.500000
1	19.465000	1.043478	300.250000	334.750000
1	19.496000	1.062319	299.362488	335.262512
1	19.527000	1.063623	299.343750	336.031250
0	19.558000	0.997101	303.000000	332.500000
1	19.589000	1.070725	299.337494	335.024994
1	19.621000	1.066667	299.625000	333.875000
1	19.652000	1.044638	299.475006	334.475006
1	19.699000	1.044638	300.524994	333.524994
1	19.730000	1.007536	300.475006	334.024994
1	19.761000	1.048841	299.943756	334.056244
0	19.792000	0.904348	299.000000	332.500000
1	19.823000	1.053333	299.462494	334.149994
1	19.855000	1.044638	299.524994	334.475006
1	19.886000	1.057971	299.500000	335.000000
1	19.917000	1.044638	299.524994	334.975006
1	19.964000	1.043333	299.506256	334.043732
1	19.995000	1.029275	299.787506	334.162506
1	20.026000	1.059710	299.725006	333.787506
1	20.057000	1.044638	300.225006	333.475006
1	20.089000	1.042754	298.981262	333.518738
1	20.120000	1.043333	300.006256	334.006256
1	20.151000	1.089855	299.000000	332.500000
1	20.198000	0.997101	299.000000	336.500000
1	20.229000	1.052754	299.625000	334.875000
1	20.260000	1.064058	299.774994	334.662506
1	20.291000	1.048406	299.924988	335.562500
1	20.323000	1.020290	301.000000	334.500000
1	20.354000	1.043478	299.500000	335.000000
1	20.385000	1.081015	299.968750	334.531250
1	20.432000	0.997101	299.000000	336.500000
1	20.463000	0.968116	300.500000	334.000000
1	20.494000	1.043478	300.000000	335.500000
1	20.525000	1.084058	300.125000	335.125000
1	20.557000	1.054348	299.625000	335.687500
0	20.588000	1.089855	299.000000	332.500000
1	20.619000	1.066667	299.000000	334.500000
1	20.650000	1.059710	299.774994	335.725006
1	20.697000	1.020580	300.287506	336.162506
1	20.728000	1.053768	299.093750	334.843750
1	20.759000	1.044638	299.024994	334.975006
1	20.791000	1.089855	299.000000	332.500000
1	20.822000	1.041304	299.562500	335.562500
1	20.853000	1.043478	300.000000	335.500000
1	20.884000	1.019855	299.681244	335.331268
1	20.931000	1.066667	299.000000	334.500000
1	20.962000	1.029420	300.181244	335.193756
1	20.993000	1.022754	299.431244	335.231232
1	21.025000	1.061449	299.250000	335.375000
1	21.056000	1.089855	299.000000	332.500000
1	21.087000	0.997101	299.000000	336.500000
1	21.118000	0.997101	300.250000	335.250000
1	21.149000	1.026087	299.875000	335.875000
0	21.196000	1.089855	299.000000	332.500000
0	21.227000	1.089855	299.000000	332.500000
1	21.259000	1.008116	299.500000	335.000000
1	21.290000	1.050580	299.843750	335.406250
1	21.321000	1.089855	299.000000	332.500000
1	21.352000	1.040290	299.662506	335.537506
1	21.383000	1.025507	299.187500	335.187500
1	21.430000	1.066667	299.000000	334.500000
1	21.461000	1.008841	299.493744	334.493744
1	21.493000	1.044638	299.024994	334.475006
1	21.524000	1.007536	299.475006	334.774994
1	21.555000	1.044058	299.000000	334.500000
1	21.586000	1.008696	300.000000	334.500000
1	21.617000	1.044638	298.975006	333.975006
1	21.664000	1.029710	299.668762	334.468750
1	21.695000	1.029420	300.306244	334.181244
1	21.727000	1.039710	299.500000	334.562500
0	21.758000	1.089855	299.000000	332.500000
0	21.789000	1.089855	299.000000	332.500000
1	21.820000	1.066812	299.656250	335.281250
1	21.851000	1.044638	299.524994	335.524994
1	21.883000	1.061449	299.250000	335.750000
1	21.929000	1.062464	299.218750	336.218750
1	21.961000	1.084058	299.000000	336.500000
1	21.992000	1.061449	299.250000	336.750000
1	22.023000	1.086377	299.375000	336.375000
1	22.054000	1.066232	299.193756	336.806244
1	22.085000	1.081015	299.531250	336.968750
1	22.117000	1.081594	299.556244	336.506256
1	22.163000	1.070145	299.375000	336.875000
1	22.195000	1.044638	299.524994	336.975006
1	22.226000	1.079855	299.468750	337.031250
1	22.257000	1.079275	299.493744	336.993744
1	22.288000	1.066812	299.343750	336.718750
1	22.319000	1.066667	299.500000	336.000000
1	22.351000	1.066377	299.337494	336.287506
1	22.397000	1.062029	299.225006	336.725006
1	22.429000	1.049420	299.531250	337.281250
1	22.460000	1.063768	298.937500	338.187500
1	22.491000	1.060870	299.337494	337.725006
1	22.522000	1.044058	299.500000	337.500000
1	22.553000	1.018551	299.712494	337.712494
1	22.585000	1.044638	299.475006	337.524994
1	22.616000	1.043478	300.000000	337.500000
1	22.663000	1.044638	299.524994	337.475006
1	22.694000	1.044928	299.125000	337.500000
1	22.725000	1.060290	299.875000	337.750000
1	22.756000	1.044638	299.524994	337.524994
0	22.787000	0.997101	303.000000	336.500000
1	22.819000	1.007536	299.425018	338.024994
1	22.850000	1.039275	299.568756	338.081268
1	22.897000	1.053188	299.381256	338.618744
1	22.928000	1.022319	299.812500	338.387512
1	22.959000	1.074638	298.893738	338.443726
1	22.990000	1.081594	299.493744	337.006256
1	23.021000	1.057971	300.000000	337.000000
1	23.053000	1.043478	300.000000	337.500000
1	23.084000	1.018406	300.318756	337.318756
1	23.131000	1.011449	300.406250	337.406250
1	23.162000	1.044638	299.524994	336.524994
1	23.193000	1.048841	298.943756	337.431244
1	23.224000	0.997101	299.500000	338.000000
1	23.255000	1.044638	299.524994	337.587494
1	23.287000	1.044638	299.524994	337.524994
1	23.318000	1.060290	299.799988	337.750000
1	23.349000	1.060290	299.799988	337.687500
1	23.396000	1.057246	299.831238	337.156250
1	23.427000	0.997101	299.000000	336.500000
0	23.458000	0.997101	303.000000	336.500000
1	23.489000	1.052174	299.750000	338.000000
1	23.521000	1.068116	299.737488	338.262512
1	23.552000	1.059420	300.093750	337.781250
1	23.583000	1.038841	299.537506	337.537506
1	23.630000	1.078841	300.000000	337.375000
1	23.661000	1.028841	300.718750	338.156250
1	23.692000	1.037681	301.000000	338.000000
1	23.723000	1.089855	299.000000	336.500000
1	23.755000	1.081594	299.993744	337.506256
1	23.786000	1.089855	299.500000	338.000000
1	23.817000	1.066667	299.500000	338.000000
1	23.848000	1.035362	300.112488	336.625000
1	23.895000	1.066377	299.787506	337.287506
1	23.926000	1.089855	299.500000	338.000000
1	23.957000	1.083623	300.056244	337.818756
1	23.989000	1.053333	300.687469	336.100006
1	24.020000	1.078261	300.750000	337.250000
1	24.051000	1.081159	300.062500	337.062500
1	24.082000	1.070580	300.668732	336.868744
1	24.129000	1.059710	300.212494	336.274994
1	24.160000	1.061449	299.737488	336.250000
0	24.191000	1.089855	303.000000	336.500000
1	24.223000	1.044058	300.500000	335.500000
1	24.254000	1.061884	300.256256	335.243744
1	24.285000	1.043478	300.500000	335.000000
1	24.316000	1.034058	300.606262	335.906250
1	24.363000	1.043478	300.000000	335.500000
1	24.394000	1.024928	300.387543	335.225006
1	24.425000	1.044203	300.018738	335.518738
1	24.457000	1.024493	300.756165	335.218689
1	24.488000	1.038116	300.068756	335.431244
1	24.519000	1.057536	300.318756	334.818756
1	24.550000	1.008116	300.450012	335.000000
1	24.581000	1.043478	300.125000	334.625000
1	24.628000	1.043478	300.000000	335.500000
1	24.659000	0.997101	299.000000	336.500000
1	24.691000	1.070725	300.149994	335.449982
1	24.722000	1.047826	300.000000	336.000000
1	24.753000	1.063623	299.706238	336.281250
1	24.784000	1.066667	299.750000	336.250000
1	24.815000	1.016812	299.875000	336.125000
1	24.862000	1.044058	299.500000	335.500000
1	24.893000	1.024928	299.774994	336.600006
1	24.925000	1.049275	299.500000	336.000000
1	24.956000	1.060725	300.293732	336.018768
1	24.987000	1.020290	298.500000	336.000000
1	25.018000	1.041594	299.531250	335.531250
1	25.049000	0.997101	299.000000	336.500000
1	25.096000	1.049275	299.875000	335.875000
1	25.127000	1.037681	300.000000	336.000000
0	25.159000	1.089855	299.000000	332.500000
1	25.190000	1.007536	300.024994	337.024994
1	25.221000	1.043478	300.000000	337.500000
1	25.252000	1.008841	299.006256	337.006256
1	25.283000	1.020290	301.000000	336.500000
1	25.315000	1.024928	300.225006	337.225006
1	25.361000	0.992029	300.218750	337.768738
1	25.393000	1.043333	299.431244	337.506256
1	25.424000	1.002899	300.125000	337.625000
1	25.455000	1.043333	300.006256	338.543732
1	25.486000	1.017536	299.368744	338.343781
1	25.517000	1.035942	299.649994	338.649994
1	25.549000	1.053188	299.881256	339.381256
1	25.595000	1.041594	299.468750	339.531250
1	25.627000	1.046377	299.656250	339.468750
1	25.658000	1.008696	300.000000	339.500000
1	25.689000	1.005797	299.812500	340.062500
1	25.720000	1.036377	299.906281	339.606232
1	25.751000	1.034928	300.118744	339.368744
1	25.783000	1.008696	300.250000	339.250000
1	25.829000	1.019710	300.325012	338.837585
1	25.861000	1.078261	300.000000	339.500000
1	25.892000	0.997101	300.000000	339.500000
1	25.923000	1.041594	300.531250	339.781250
1	25.954000	1.028841	299.843750	339.843750
0	25.985000	0.997101	303.000000	340.500000
1	26.017000	1.025362	300.268738	341.268738
1	26.048000	1.066667	301.000000	340.500000
1	26.095000	1.025362	299.781250	340.268738
1	26.126000	0.998841	300.899994	339.899994
1	26.157000	1.043478	299.500000	341.000000
1	26.188000	1.078841	300.000000	340.562500
1	26.219000	1.053623	300.012512	340.737488
1	26.251000	0.973913	300.500000	341.000000
1	26.282000	1.043478	300.500000	342.000000
1	26.329000	1.021884	300.818756	341.268768
1	26.360000	1.014493	299.625000	342.375000
1	26.391000	1.035507	300.143738	342.418762
1	26.422000	1.066667	301.000000	342.500000
1	26.453000	1.072319	299.443726	341.981262
1	26.485000	1.061449	299.750000	341.750000
1	26.516000	1.047681	299.993683	342.056244
1	26.563000	1.055072	299.750000	342.250000
1	26.594000	1.079275	299.568756	342.006256
1	26.625000	1.020290	299.750000	342.750000
0	26.656000	0.997101	303.000000	340.500000
1	26.687000	1.078841	300.000000	343.000000
1	26.719000	1.062029	299.274994	343.600006
0	26.750000	0.997101	303.000000	340.500000
1	26.781000	1.061594	299.768738	343.781250
1	26.828000	1.031884	299.000000	342.500000
1	26.859000	1.048406	299.887573	343.549988
1	26.890000	1.079275	299.506256	343.993744
0	26.922000	0.707536	294.337494	338.162506
1	26.953000	1.079275	299.993744	342.993744
1	26.984000	1.044638	299.475006	342.524994
1	27.015000	1.020290	299.750000	342.750000
1	27.062000	1.036377	299.843750	342.843750
1	27.093000	1.044638	299.475006	342.524994
1	27.124000	0.997101	299.000000	344.500000
1	27.156000	1.034203	300.125000	343.637512
0	27.187000	1.089855	303.000000	344.500000
0	27.218000	1.089855	299.000000	340.500000
1	27.249000	1.043333	299.506256	343.506256
1	27.280000	1.038986	299.068756	343.931244
0	27.327000	1.089855	299.000000	340.500000
1	27.358000	1.048985	299.037506	343.949982
1	27.390000	1.053768	299.906250	343.843750
1	27.421000	1.005797	300.000000	343.450012
1	27.452000	1.062319	299.656250	343.718750
1	27.483000	1.044638	299.475006	343.524994
1	27.514000	1.066667	299.000000	342.500000
1	27.561000	1.044638	298.975006	343.975006
1	27.592000	1.044638	299.524994	344.524994
1	27.624000	1.064638	300.062500	344.250000
1	27.655000	1.078261	298.875000	344.125000
1	27.686000	1.060145	299.318787	343.806213
1	27.717000	1.062464	299.218750	343.768738
1	27.748000	1.069565	299.250000	343.750000
1	27.780000	1.049420	299.456238	343.543762
0	27.826000	1.089855	299.000000	340.500000
1	27.858000	1.043478	300.000000	343.500000
1	27.889000	1.038406	299.418762	343.581238
1	27.920000	1.044058	299.500000	343.500000
1	27.951000	1.044058	299.000000	343.500000
0	27.982000	1.089855	303.000000	340.500000
1	28.014000	1.078841	299.500000	343.000000
1	28.060000	1.043478	300.000000	343.500000
1	28.092000	1.043478	298.000000	343.500000
1	28.123000	0.997101	299.500000	343.000000
1	28.154000	1.061449	299.375000	343.250000
1	28.185000	1.044058	299.125000	342.625000
1	28.216000	1.042319	298.975006	342.074982
1	28.248000	1.044058	299.875000	342.625000
1	28.294000	1.037247	299.593750	343.406250
1	28.326000	1.005797	300.000000	343.250000
1	28.357000	1.089855	299.000000	340.500000
1	28.388000	1.089855	299.000000	340.500000
1	28.419000	1.044058	299.500000	343.500000
1	28.450000	1.052319	298.868744	343.381256
1	28.482000	1.027102	300.193695	343.293793
1	28.513000	1.008696	300.000000	343.500000
1	28.560000	0.997101	299.000000	344.500000
1	28.591000	0.968985	299.937500	343.437500
1	28.622000	0.997101	299.000000	344.500000
1	28.653000	1.026087	299.000000	344.000000
1	28.684000	1.008696	299.750000	343.750000
1	28.716000	1.038406	299.418762	344.531250
1	28.747000	1.011159	299.493744	345.006256
1	28.794000	1.089855	299.000000	344.500000
1	28.825000	1.043478	300.000000	345.500000
1	28.856000	1.042754	299.506226	344.718811
1	28.887000	1.060870	300.000000	344.500000
1	28.918000	1.043478	299.500000	345.000000
1	28.950000	1.061015	299.768738	345.231262
1	28.981000	1.040725	299.081238	345.043762
1	29.028000	1.057536	299.756256	344.818756
1	29.059000	1.066812	300.656250	344.718750
1	29.090000	1.057536	300.318756	345.756256
1	29.121000	1.077246	299.543732	345.993744
1	29.152000	1.043478	300.000000	345.500000
1	29.184000	1.042754	299.981262	345.481262
1	29.215000	1.078841	300.000000	346.000000
1	29.246000	1.042754	299.981262	345.518738
1	29.293000	1.035362	299.875000	345.375000
1	29.324000	1.089855	303.000000	344.500000
1	29.355000	1.089855	299.000000	344.500000
1	29.386000	1.008841	300.493744	345.493744
1	29.418000	1.053188	300.143768	346.118744
1	29.449000	1.027102	299.743805	345.256317
1	29.480000	1.051159	299.568756	345.881256
1	29.527000	1.008841	299.993744	345.543732
1	29.558000	1.043478	300.000000	345.500000
1	29.589000	0.992029	300.218750	345.768738
1	29.620000	1.024928	300.250031	345.262482
0	29.652000	0.997101	303.000000	344.500000
1	29.683000	1.022319	299.812500	344.387512
1	29.714000	1.089855	303.000000	344.500000
1	29.761000	0.990725	300.125000	343.312500
1	29.792000	1.061014	300.743744	343.743744
1	29.823000	1.031884	300.000000	344.500000
1	29.854000	1.027101	300.293732	343.806244
1	29.886000	1.042754	299.981262	345.518738
1	29.917000	1.018406	300.368744	344.993744
1	29.948000	1.023188	299.800049	344.762512
1	29.979000	1.089855	303.000000	344.500000
<\RIGHT-PUPIL-DATA>
<LEFT-PUPIL-DATA>
903	0
0	-0.051000	0.000000	250.000000	362.000000
0	-0.019000	0.000000	250.000000	362.000000
0	0.012000	0.000000	250.000000	362.000000
0	0.043000	0.000000	250.000000	362.000000
0	0.074000	0.000000	250.000000	362.000000
0	0.105000	0.000000	250.000000	362.000000
0	0.137000	0.000000	250.000000	362.000000
0	0.183000	0.000000	250.000000	362.000000
0	0.215000	0.000000	250.000000	362.000000
0	0.246000	0.000000	250.000000	362.000000
0	0.277000	0.000000	250.000000	362.000000
0	0.308000	0.000000	250.000000	362.000000
0	0.339000	0.000000	250.000000	362.000000
0	0.371000	0.000000	250.000000	362.000000
0	0.417000	0.000000	250.000000	362.000000
0	0.449000	0.000000	250.000000	362.000000
0	0.480000	0.000000	250.000000	362.000000
0	0.511000	0.000000	250.000000	362.000000
0	0.542000	0.000000	250.000000	362.000000
0	0.573000	0.000000	250.000000	362.000000
0	0.605000	0.000000	250.000000	362.000000
0	0.651000	0.000000	250.000000	362.000000
0	0.683000	0.000000	250.000000	362.000000
0	0.714000	0.000000	250.000000	362.000000
0	0.745000	0.000000	250.000000	362.000000
0	0.776000	0.000000	250.000000	362.000000
0	0.807000	0.000000	250.000000	362.000000
0	0.839000	0.000000	250.000000	362.000000
0	0.870000	0.000000	250.000000	362.000000
0	0.917000	0.000000	250.000000	362.000000
0	0.948000	0.000000	250.000000	362.000000
0	0.979000	0.000000	250.000000	362.000000
0	1.010000	0.000000	250.000000	362.000000
0	1.041000	0.000000	250.000000	362.000000
0	1.073000	0.000000	250.000000	362.000000
0	1.104000	0.000000	250.000000	362.000000
0	1.135000	0.000000	250.000000	362.000000
0	1.182000	0.000000	250.000000	362.000000
0	1.213000	0.000000	250.000000	362.000000
0	1.244000	0.000000	250.000000	362.000000
0	1.275000	0.000000	250.000000	362.000000
0	1.307000	0.000000	250.000000	362.000000
0	1.338000	0.000000	250.000000	362.000000
0	1.369000	0.000000	250.000000	362.000000
0	1.416000	0.000000	250.000000	362.000000
0	1.447000	0.000000	250.000000	362.000000
0	1.478000	0.000000	250.000000	362.000000
0	1.509000	0.000000	250.000000	362.000000
0	1.541000	0.000000	250.000000	362.000000
0	1.572000	0.000000	250.000000	362.000000
0	1.603000	0.000000	250.000000	362.000000
0	1.650000	0.000000	250.000000	362.000000
0	1.681000	0.000000	250.000000	362.000000
0	1.712000	0.000000	250.000000	362.000000
0	1.743000	0.000000	250.000000	362.000000
0	1.775000	0.000000	250.000000	362.000000
0	1.806000	0.000000	250.000000	362.000000
0	1.837000	0.000000	250.000000	362.000000
0	1.868000	0.000000	250.000000	362.000000
0	1.915000	0.000000	250.000000	362.000000
0	1.946000	0.000000	250.000000	362.000000
0	1.977000	0.000000	250.000000	362.000000
0	2.009000	0.000000	250.000000	362.000000
0	2.040000	0.000000	250.000000	362.000000
0	2.071000	0.000000	250.000000	362.000000
0	2.102000	0.000000	250.000000	362.000000
0	2.149000	0.000000	250.000000	362.000000
0	2.180000	0.000000	250.000000	362.000000
0	2.211000	0.000000	250.000000	362.000000
0	2.243000	0.000000	250.000000	362.000000
0	2.274000	0.000000	250.000000	362.000000
0	2.305000	0.000000	250.000000	362.000000
0	2.336000	0.000000	250.000000	362.000000
0	2.383000	0.000000	250.000000	362.000000
0	2.414000	0.000000	250.000000	362.000000
0	2.445000	0.000000	250.000000	362.000000
0	2.477000	0.000000	250.000000	362.000000
0	2.508000	0.000000	250.000000	362.000000
0	2.539000	0.000000	250.000000	362.000000
0	2.570000	0.000000	250.000000	362.000000
0	2.601000	0.000000	250.000000	362.000000
0	2.648000	0.000000	250.000000	362.000000
0	2.679000	0.000000	250.000000	362.000000
0	2.711000	0.000000	250.000000	362.000000
0	2.742000	0.000000	250.000000	362.000000
0	2.773000	0.000000	250.000000	362.000000
0	2.804000	0.000000	250.000000	362.000000
0	2.835000	0.000000	250.000000	362.000000
0	2.882000	0.000000	250.000000	362.000000
0	2.913000	0.000000	250.000000	362.000000
0	2.945000	0.000000	250.000000	362.000000
0	2.976000	0.000000	250.000000	362.000000
0	3.007000	0.000000	250.000000	362.000000
0	3.038000	0.000000	250.000000	362.000000
0	3.069000	0.000000	250.000000	362.000000
0	3.116000	0.000000	250.000000	362.000000
0	3.147000	0.000000	250.000000	362.000000
0	3.179000	0.000000	250.000000	362.000000
0	3.210000	0.000000	250.000000	362.000000
0	3.241000	0.000000	250.000000	362.000000
0	3.272000	0.000000	250.000000	362.000000
0	3.303000	0.000000	250.000000	362.000000
0	3.335000	0.000000	250.000000	362.000000
0	3.381000	0.000000	250.000000	362.000000
0	3.413000	0.000000	250.000000	362.000000
0	3.444000	0.000000	250.000000	362.000000
0	3.475000	0.000000	250.000000	362.000000
0	3.506000	0.000000	250.000000	362.000000
0	3.537000	0.000000	250.000000	362.000000
0	3.569000	0.000000	250.000000	362.000000
0	3.615000	0.000000	250.000000	362.000000
0	3.647000	0.000000	250.000000	362.000000
0	3.678000	0.000000	250.000000	362.000000
0	3.709000	0.000000	250.000000	362.000000
0	3.740000	0.000000	250.000000	362.000000
0	3.771000	0.000000	250.000000	362.000000
0	3.803000	0.000000	250.000000	362.000000
0	3.849000	0.000000	250.000000	362.000000
0	3.881000	0.000000	250.000000	362.000000
0	3.912000	0.000000	250.000000	362.000000
0	3.943000	0.000000	250.000000	362.000000
0	3.974000	0.000000	250.000000	362.000000
0	4.005000	0.000000	250.000000	362.000000
0	4.037000	0.000000	250.000000	362.000000
0	4.068000	0.000000	250.000000	362.000000
0	4.115000	0.000000	250.000000	362.000000
0	4.146000	0.000000	250.000000	362.000000
0	4.177000	0.000000	250.000000	362.000000
0	4.208000	0.000000	250.000000	362.000000
0	4.239000	0.000000	250.000000	362.000000
0	4.271000	0.000000	250.000000	362.000000
0	4.302000	0.000000	250.000000	362.000000
0	4.349000	0.000000	250.000000	362.000000
0	4.380000	0.000000	250.000000	362.000000
0	4.411000	0.000000	250.000000	362.000000
0	4.442000	0.000000	250.000000	362.000000
0	4.473000	0.000000	250.000000	362.000000
0	4.505000	0.000000	250.000000	362.000000
0	4.536000	0.000000	250.000000	362.000000
0	4.583000	0.000000	250.000000	362.000000
0	4.614000	0.000000	250.000000	362.000000
0	4.645000	0.000000	250.000000	362.000000
0	4.676000	0.000000	250.000000	362.000000
0	4.707000	0.000000	250.000000	362.000000
0	4.739000	0.000000	250.000000	362.000000
0	4.770000	0.000000	250.000000	362.000000
0	4.801000	0.000000	250.000000	362.000000
0	4.848000	0.000000	250.000000	362.000000
0	4.879000	0.000000	250.000000	362.000000
0	4.910000	0.000000	250.000000	362.000000
0	4.941000	0.000000	250.000000	362.000000
0	4.973000	0.000000	250.000000	362.000000
0	5.004000	0.000000	250.000000	362.000000
0	5.035000	0.000000	250.000000	362.000000
0	5.066000	0.000000	250.000000	362.000000
0	5.113000	0.000000	250.000000	362.000000
0	5.144000	0.000000	250.000000	362.000000
0	5.175000	0.000000	250.000000	362.000000
0	5.207000	0.000000	250.000000	362.000000
0	5.238000	0.000000	250.000000	362.000000
0	5.269000	0.000000	250.000000	362.000000
0	5.300000	0.000000	250.000000	362.000000
0	5.347000	0.000000	250.000000	362.000000
0	5.378000	0.000000	250.000000	362.000000
0	5.409000	0.000000	250.000000	362.000000
0	5.441000	0.000000	250.000000	362.000000
0	5.472000	0.000000	250.000000	362.000000
0	5.503000	0.000000	250.000000	362.000000
0	5.534000	0.000000	250.000000	362.000000
0	5.581000	0.000000	250.000000	362.000000
0	5.612000	0.000000	250.000000	362.000000
0	5.643000	0.000000	250.000000	362.000000
0	5.675000	0.000000	250.000000	362.000000
0	5.706000	0.000000	250.000000	362.000000
0	5.737000	0.000000	250.000000	362.000000
0	5.768000	0.000000	250.000000	362.000000
0	5.799000	0.000000	250.000000	362.000000
0	5.846000	0.000000	250.000000	362.000000
0	5.877000	0.000000	250.000000	362.000000
0	5.909000	0.000000	250.000000	362.000000
0	5.940000	0.000000	250.000000	362.000000
0	5.971000	0.000000	250.000000	362.000000
0	6.002000	0.000000	250.000000	362.000000
0	6.033000	0.000000	250.000000	362.000000
0	6.080000	0.000000	250.000000	362.000000
0	6.111000	0.000000	250.000000	362.000000
0	6.143000	0.000000	250.000000	362.000000
0	6.174000	0.000000	250.000000	362.000000
0	6.205000	0.000000	250.000000	362.000000
0	6.236000	0.000000	250.000000	362.000000
0	6.267000	0.000000	250.000000	362.000000
0	6.314000	0.000000	250.000000	362.000000
0	6.345000	0.000000	250.000000	362.000000
0	6.377000	0.000000	250.000000	362.000000
0	6.408000	0.000000	250.000000	362.000000
0	6.439000	0.000000	250.000000	362.000000
0	6.470000	0.000000	250.000000	362.000000
0	6.501000	0.000000	250.000000	362.000000
0	6.533000	0.000000	250.000000	362.000000
0	6.579000	0.000000	250.000000	362.000000
0	6.611000	0.000000	250.000000	362.000000
0	6.642000	0.000000	250.000000	362.000000
0	6.673000	0.000000	250.000000	362.000000
0	6.704000	0.000000	250.000000	362.000000
0	6.735000	0.000000	250.000000	362.000000
0	6.767000	0.000000	250.000000	362.000000
0	6.813000	0.000000	250.000000	362.000000
0	6.845000	0.000000	250.000000	362.000000
0	6.876000	0.000000	250.000000	362.000000
0	6.907000	0.000000	250.000000	362.000000
0	6.938000	0.000000	250.000000	362.000000
0	6.969000	0.000000	250.000000	362.000000
0	7.001000	0.000000	250.000000	362.000000
0	7.047000	0.000000	250.000000	362.000000
0	7.079000	0.000000	250.000000	362.000000
0	7.110000	0.000000	250.000000	362.000000
0	7.141000	0.000000	250.000000	362.000000
0	7.172000	0.000000	250.000000	362.000000
0	7.203000	0.000000	250.000000	362.000000
0	7.235000	0.000000	250.000000	362.000000
0	7.266000	0.000000	250.000000	362.000000
0	7.313000	0.000000	250.000000	362.000000
0	7.344000	0.000000	250.000000	362.000000
0	7.375000	0.000000	250.000000	362.000000
0	7.406000	0.000000	250.000000	362.000000
0	7.437000	0.000000	250.000000	362.000000
0	7.469000	0.000000	250.000000	362.000000
0	7.500000	0.000000	250.000000	362.000000
0	7.547000	0.000000	250.000000	362.000000
0	7.578000	0.000000	250.000000	362.000000
0	7.609000	0.000000	250.000000	362.000000
0	7.640000	0.000000	250.000000	362.000000
0	7.671000	0.000000	250.000000	362.000000
0	7.703000	0.000000	250.000000	362.000000
0	7.734000	0.000000	250.000000	362.000000
0	7.781000	0.000000	250.000000	362.000000
0	7.812000	0.000000	250.000000	362.000000
0	7.843000	0.000000	250.000000	362.000000
0	7.874000	0.000000	250.000000	362.000000
0	7.905000	0.000000	250.000000	362.000000
0	7.937000	0.000000	250.000000	362.000000
0	7.968000	0.000000	250.000000	362.000000
0	7.999000	0.000000	250.000000	362.000000
0	8.046000	0.000000	250.000000	362.000000
0	8.077000	0.000000	250.000000	362.000000
0	8.108000	0.000000	250.000000	362.000000
0	8.139000	0.000000	250.000000	362.000000
0	8.171000	0.000000	250.000000	362.000000
0	8.202000	0.000000	250.000000	362.000000
0	8.233000	0.000000	250.000000	362.000000
0	8.280000	0.000000	250.000000	362.000000
0	8.311000	0.000000	250.000000	362.000000
0	8.342000	0.000000	250.000000	362.000000
0	8.373000	0.000000	250.000000	362.000000
0	8.405000	0.000000	250.000000	362.000000
0	8.436000	0.000000	250.000000	362.000000
0	8.467000	0.000000	250.000000	362.000000
0	8.514000	0.000000	250.000000	362.000000
0	8.545000	0.000000	250.000000	362.000000
0	8.576000	0.000000	250.000000	362.000000
0	8.607000	0.000000	250.000000	362.000000
0	8.639000	0.000000	250.000000	362.000000
0	8.670000	0.000000	250.000000	362.000000
0	8.701000	0.000000	250.000000	362.000000
0	8.732000	0.000000	250.000000	362.000000
0	8.779000	0.000000	250.000000	362.000000
0	8.810000	0.000000	250.000000	362.000000
0	8.841000	0.000000	250.000000	362.000000
0	8.873000	0.000000	250.000000	362.000000
0	8.904000	0.000000	250.000000	362.000000
0	8.935000	0.000000	250.000000	362.000000
0	8.966000	0.000000	250.000000	362.000000
0	8.997000	0.000000	250.000000	362.000000
0	9.044000	0.000000	250.000000	362.000000
0	9.075000	0.000000	250.000000	362.000000
0	9.107000	0.000000	250.000000	362.000000
0	9.138000	0.000000	250.000000	362.000000
0	9.169000	0.000000	250.000000	362.000000
0	9.200000	0.000000	250.000000	362.000000
0	9.231000	0.000000	250.000000	362.000000
0	9.278000	0.000000	250.000000	362.000000
0	9.309000	0.000000	250.000000	362.000000
0	9.341000	0.000000	250.000000	362.000000
0	9.372000	0.000000	250.000000	362.000000
0	9.403000	0.000000	250.000000	362.000000
0	9.434000	0.000000	250.000000	362.000000
0	9.465000	0.000000	250.000000	362.000000
0	9.512000	0.000000	250.000000	362.000000
0	9.543000	0.000000	250.000000	362.000000
0	9.575000	0.000000	250.000000	362.000000
0	9.606000	0.000000	250.000000	362.000000
0	9.637000	0.000000	250.000000	362.000000
0	9.668000	0.000000	250.000000	362.000000
0	9.699000	0.000000	250.000000	362.000000
0	9.731000	0.000000	250.000000	362.000000
0	9.777000	0.000000	250.000000	362.000000
0	9.809000	0.000000	250.000000	362.000000
0	9.840000	0.000000	250.000000	362.000000
0	9.871000	0.000000	250.000000	362.000000
0	9.902000	0.000000	250.000000	362.000000
0	9.933000	0.000000	250.000000	362.000000
0	9.965000	0.000000	250.000000	362.000000
0	10.011000	0.000000	250.000000	362.000000
0	10.043000	0.000000	250.000000	362.000000
0	10.074000	0.000000	250.000000	362.000000
0	10.105000	0.000000	250.000000	362.000000
0	10.136000	0.000000	250.000000	362.000000
0	10.167000	0.000000	250.000000	362.000000
0	10.199000	0.000000	250.000000	362.000000
0	10.245000	0.000000	250.000000	362.000000
0	10.277000	0.000000	250.000000	362.000000
0	10.308000	0.000000	250.000000	362.000000
0	10.339000	0.000000	250.000000	362.000000
0	10.370000	0.000000	250.000000	362.000000
0	10.401000	0.000000	250.000000	362.000000
0	10.433000	0.000000	250.000000	362.000000
0	10.464000	0.000000	250.000000	362.000000
0	10.511000	0.000000	250.000000	362.000000
0	10.542000	0.000000	250.000000	362.000000
0	10.573000	0.000000	250.000000	362.000000
0	10.604000	0.000000	250.000000	362.000000
0	10.635000	0.000000	250.000000	362.000000
0	10.667000	0.000000	250.000000	362.000000
0	10.698000	0.000000	250.000000	362.000000
0	10.745000	0.000000	250.000000	362.000000
0	10.776000	0.000000	250.000000	362.000000
0	10.807000	0.000000	250.000000	362.000000
0	10.838000	0.000000	250.000000	362.000000
0	10.869000	0.000000	250.000000	362.000000
0	10.901000	0.000000	250.000000	362.000000
0	10.932000	0.000000	250.000000	362.000000
0	10.979000	0.000000	250.000000	362.000000
0	11.010000	0.000000	250.000000	362.000000
0	11.041000	0.000000	250.000000	362.000000
0	11.072000	0.000000	250.000000	362.000000
0	11.103000	0.000000	250.000000	362.000000
0	11.135000	0.000000	250.000000	362.000000
0	11.166000	0.000000	250.000000	362.000000
0	11.197000	0.000000	250.000000	362.000000
0	11.244000	0.000000	250.000000	362.000000
0	11.275000	0.000000	250.000000	362.000000
0	11.306000	0.000000	250.000000	362.000000
0	11.337000	0.000000	250.000000	362.000000
0	11.369000	0.000000	250.000000	362.000000
0	11.400000	0.000000	250.000000	362.000000
0	11.431000	0.000000	250.000000	362.000000
0	11.478000	0.000000	250.000000	362.000000
0	11.509000	0.000000	250.000000	362.000000
0	11.540000	0.000000	250.000000	362.000000
0	11.571000	0.000000	250.000000	362.000000
0	11.603000	0.000000	250.000000	362.000000
0	11.634000	0.000000	250.000000	362.000000
0	11.665000	0.000000	250.000000	362.000000
0	11.712000	0.000000	250.000000	362.000000
0	11.743000	0.000000	250.000000	362.000000
0	11.774000	0.000000	250.000000	362.000000
0	11.805000	0.000000	250.000000	362.000000
0	11.837000	0.000000	250.000000	362.000000
0	11.868000	0.000000	250.000000	362.000000
0	11.899000	0.000000	250.000000	362.000000
0	11.930000	0.000000	250.000000	362.000000
0	11.977000	0.000000	250.000000	362.000000
0	12.008000	0.000000	250.000000	362.000000
0	12.039000	0.000000	250.000000	362.000000
0	12.071000	0.000000	250.000000	362.000000
0	12.102000	0.000000	250.000000	362.000000
0	12.133000	0.000000	250.000000	362.000000
0	12.164000	0.000000	250.000000	362.000000
0	12.211000	0.000000	250.000000	362.000000
0	12.242000	0.000000	250.000000	362.000000
0	12.273000	0.000000	250.000000	362.000000
0	12.305000	0.000000	250.000000	362.000000
0	12.336000	0.000000	250.000000	362.000000
0	12.367000	0.000000	250.000000	362.000000
0	12.398000	0.000000	250.000000	362.000000
0	12.445000	0.000000	250.000000	362.000000
0	12.476000	0.000000	250.000000	362.000000
0	12.507000	0.000000	250.000000	362.000000
0	12.539000	0.000000	250.000000	362.000000
0	12.570000	0.000000	250.000000	362.000000
0	12.601000	0.000000	250.000000	362.000000
0	12.632000	0.000000	250.000000	362.000000
0	12.663000	0.000000	250.000000	362.000000
0	12.710000	0.000000	250.000000	362.000000
0	12.741000	0.000000	250.000000	362.000000
0	12.773000	0.000000	250.000000	362.000000
0	12.804000	0.000000	250.000000	362.000000
0	12.835000	0.000000	250.000000	362.000000
0	12.866000	0.000000	250.000000	362.000000
0	12.897000	0.000000	250.000000	362.000000
0	12.944000	0.000000	250.000000	362.000000
0	12.975000	0.000000	250.000000	362.000000
0	13.007000	0.000000	250.000000	362.000000
0	13.038000	0.000000	250.000000	362.000000
0	13.069000	0.000000	250.000000	362.000000
0	13.100000	0.000000	250.000000	362.000000
0	13.131000	0.000000	250.000000	362.000000
0	13.163000	0.000000	250.000000	362.000000
0	13.209000	0.000000	250.000000	362.000000
0	13.241000	0.000000	250.000000	362.000000
0	13.272000	0.000000	250.000000	362.000000
0	13.303000	0.000000	250.000000	362.000000
0	13.334000	0.000000	250.000000	362.000000
0	13.365000	0.000000	250.000000	362.000000
0	13.397000	0.000000	250.000000	362.000000
0	13.443000	0.000000	250.000000	362.000000
0	13.475000	0.000000	250.000000	362.000000
0	13.506000	0.000000	250.000000	362.000000
0	13.537000	0.000000	250.000000	362.000000
0	13.568000	0.000000	250.000000	362.000000
0	13.599000	0.000000	250.000000	362.000000
0	13.631000	0.000000	250.000000	362.000000
0	13.677000	0.000000	250.000000	362.000000
0	13.709000	0.000000	250.000000	362.000000
0	13.740000	0.000000	250.000000	362.000000
0	13.771000	0.000000	250.000000	362.000000
0	13.802000	0.000000	250.000000	362.000000
0	13.833000	0.000000	250.000000	362.000000
0	13.865000	0.000000	250.000000	362.000000
0	13.896000	0.000000	250.000000	362.000000
0	13.943000	0.000000	250.000000	362.000000
0	13.974000	0.000000	250.000000	362.000000
0	14.005000	0.000000	250.000000	362.000000
0	14.036000	0.000000	250.000000	362.000000
0	14.067000	0.000000	250.000000	362.000000
0	14.099000	0.000000	250.000000	362.000000
0	14.130000	0.000000	250.000000	362.000000
0	14.177000	0.000000	250.000000	362.000000
0	14.208000	0.000000	250.000000	362.000000
0	14.239000	0.000000	250.000000	362.000000
0	14.270000	0.000000	250.000000	362.000000
0	14.301000	0.000000	250.000000	362.000000
0	14.333000	0.000000	250.000000	362.000000
0	14.364000	0.000000	250.000000	362.000000
0	14.395000	0.000000	250.000000	362.000000
0	14.442000	0.000000	250.000000	362.000000
0	14.473000	0.000000	250.000000	362.000000
0	14.504000	0.000000	250.000000	362.000000
0	14.535000	0.000000	250.000000	362.000000
0	14.567000	0.000000	250.000000	362.000000
0	14.598000	0.000000	250.000000	362.000000
0	14.629000	0.000000	250.000000	362.000000
0	14.676000	0.000000	250.000000	362.000000
0	14.707000	0.000000	250.000000	362.000000
0	14.738000	0.000000	250.000000	362.000000
0	14.769000	0.000000	250.000000	362.000000
0	14.801000	0.000000	250.000000	362.000000
0	14.832000	0.000000	250.000000	362.000000
0	14.863000	0.000000	250.000000	362.000000
0	14.910000	0.000000	250.000000	362.000000
0	14.941000	0.000000	250.000000	362.000000
0	14.972000	0.000000	250.000000	362.000000
0	15.003000	0.000000	250.000000	362.000000
0	15.035000	0.000000	250.000000	362.000000
0	15.066000	0.000000	250.000000	362.000000
0	15.097000	0.000000	250.000000	362.000000
0	15.128000	0.000000	250.000000	362.000000
0	15.175000	0.000000	250.000000	362.000000
0	15.206000	0.000000	250.000000	362.000000
0	15.237000	0.000000	250.000000	362.000000
0	15.269000	0.000000	250.000000	362.000000
0	15.300000	0.000000	250.000000	362.000000
0	15.331000	0.000000	250.000000	362.000000
0	15.362000	0.000000	250.000000	362.000000
0	15.409000	0.000000	250.000000	362.000000
0	15.440000	0.000000	250.000000	362.000000
0	15.471000	0.000000	250.000000	362.000000
0	15.503000	0.000000	250.000000	362.000000
0	15.534000	0.000000	250.000000	362.000000
0	15.565000	0.000000	250.000000	362.000000
0	15.596000	0.000000	250.000000	362.000000
0	15.643000	0.000000	250.000000	362.000000
0	15.674000	0.000000	250.000000	362.000000
0	15.705000	0.000000	250.000000	362.000000
0	15.737000	0.000000	250.000000	362.000000
0	15.768000	0.000000	250.000000	362.000000
0	15.799000	0.000000	250.000000	362.000000
0	15.830000	0.000000	250.000000	362.000000
0	15.861000	0.000000	250.000000	362.000000
0	15.908000	0.000000	250.000000	362.000000
0	15.939000	0.000000	250.000000	362.000000
0	15.971000	0.000000	250.000000	362.000000
0	16.002000	0.000000	250.000000	362.000000
0	16.033000	0.000000	250.000000	362.000000
0	16.064000	0.000000	250.000000	362.000000
0	16.095000	0.000000	250.000000	362.000000
0	16.142000	0.000000	250.000000	362.000000
0	16.173000	0.000000	250.000000	362.000000
0	16.205000	0.000000	250.000000	362.000000
0	16.236000	0.000000	250.000000	362.000000
0	16.267000	0.000000	250.000000	362.000000
0	16.298000	0.000000	250.000000	362.000000
0	16.329000	0.000000	250.000000	362.000000
0	16.376000	0.000000	250.000000	362.000000
0	16.407000	0.000000	250.000000	362.000000
0	16.439000	0.000000	250.000000	362.000000
0	16.470000	0.000000	250.000000	362.000000
0	16.501000	0.000000	250.000000	362.000000
0	16.532000	0.000000	250.000000	362.000000
0	16.563000	0.000000	250.000000	362.000000
0	16.595000	0.000000	250.000000	362.000000
0	16.641000	0.000000	250.000000	362.000000
0	16.673000	0.000000	250.000000	362.000000
0	16.704000	0.000000	250.000000	362.000000
0	16.735000	0.000000	250.000000	362.000000
0	16.766000	0.000000	250.000000	362.000000
0	16.797000	0.000000	250.000000	362.000000
0	16.829000	0.000000	250.000000	362.000000
0	16.875000	0.000000	250.000000	362.000000
0	16.907000	0.000000	250.000000	362.000000
0	16.938000	0.000000	250.000000	362.000000
0	16.969000	0.000000	250.000000	362.000000
0	17.000000	0.000000	250.000000	362.000000
0	17.031000	0.000000	250.000000	362.000000
0	17.063000	0.000000	250.000000	362.000000
0	17.094000	0.000000	250.000000	362.000000
0	17.141000	0.000000	250.000000	362.000000
0	17.172000	0.000000	250.000000	362.000000
0	17.203000	0.000000	250.000000	362.000000
0	17.234000	0.000000	250.000000	362.000000
0	17.265000	0.000000	250.000000	362.000000
0	17.297000	0.000000	250.000000	362.000000
0	17.328000	0.000000	250.000000	362.000000
0	17.375000	0.000000	250.000000	362.000000
0	17.406000	0.000000	250.000000	362.000000
0	17.437000	0.000000	250.000000	362.000000
0	17.468000	0.000000	250.000000	362.000000
0	17.499000	0.000000	250.000000	362.000000
0	17.531000	0.000000	250.000000	362.000000
0	17.562000	0.000000	250.000000	362.000000
0	17.609000	0.000000	250.000000	362.000000
0	17.640000	0.000000	250.000000	362.000000
0	17.671000	0.000000	250.000000	362.000000
0	17.702000	0.000000	250.000000	362.000000
0	17.733000	0.000000	250.000000	362.000000
0	17.765000	0.000000	250.000000	362.000000
0	17.796000	0.000000	250.000000	362.000000
0	17.827000	0.000000	250.000000	362.000000
0	17.874000	0.000000	250.000000	362.000000
0	17.905000	0.000000	250.000000	362.000000
0	17.936000	0.000000	250.000000	362.000000
0	17.967000	0.000000	250.000000	362.000000
0	17.999000	0.000000	250.000000	362.000000
0	18.030000	0.000000	250.000000	362.000000
0	18.061000	0.000000	250.000000	362.000000
0	18.108000	0.000000	250.000000	362.000000
0	18.139000	0.000000	250.000000	362.000000
0	18.170000	0.000000	250.000000	362.000000
0	18.201000	0.000000	250.000000	362.000000
0	18.233000	0.000000	250.000000	362.000000
0	18.264000	0.000000	250.000000	362.000000
0	18.295000	0.000000	250.000000	362.000000
0	18.342000	0.000000	250.000000	362.000000
0	18.373000	0.000000	250.000000	362.000000
0	18.404000	0.000000	250.000000	362.000000
0	18.435000	0.000000	250.000000	362.000000
0	18.467000	0.000000	250.000000	362.000000
0	18.498000	0.000000	250.000000	362.000000
0	18.529000	0.000000	250.000000	362.000000
0	18.560000	0.000000	250.000000	362.000000
0	18.607000	0.000000	250.000000	362.000000
0	18.638000	0.000000	250.000000	362.000000
0	18.669000	0.000000	250.000000	362.000000
0	18.701000	0.000000	250.000000	362.000000
0	18.732000	0.000000	250.000000	362.000000
0	18.763000	0.000000	250.000000	362.000000
0	18.794000	0.000000	250.000000	362.000000
0	18.841000	0.000000	250.000000	362.000000
0	18.872000	0.000000	250.000000	362.000000
0	18.903000	0.000000	250.000000	362.000000
0	18.935000	0.000000	250.000000	362.000000
0	18.966000	0.000000	250.000000	362.000000
0	18.997000	0.000000	250.000000	362.000000
0	19.028000	0.000000	250.000000	362.000000
0	19.075000	0.000000	250.000000	362.000000
0	19.106000	0.000000	250.000000	362.000000
0	19.137000	0.000000	250.000000	362.000000
0	19.169000	0.000000	250.000000	362.000000
0	19.200000	0.000000	250.000000	362.000000
0	19.231000	0.000000	250.000000	362.000000
0	19.262000	0.000000	250.000000	362.000000
0	19.293000	0.000000	250.000000	362.000000
0	19.340000	0.000000	250.000000	362.000000
0	19.371000	0.000000	250.000000	362.000000
0	19.403000	0.000000	250.000000	362.000000
0	19.434000	0.000000	250.000000	362.000000
0	19.465000	0.000000	250.000000	362.000000
0	19.496000	0.000000	250.000000	362.000000
0	19.527000	0.000000	250.000000	362.000000
0	19.574000	0.000000	250.000000	362.000000
0	19.605000	0.000000	250.000000	362.000000
0	19.637000	0.000000	250.000000	362.000000
0	19.668000	0.000000	250.000000	362.000000
0	19.699000	0.000000	250.000000	362.000000
0	19.730000	0.000000	250.000000	362.000000
0	19.761000	0.000000	250.000000	362.000000
0	19.793000	0.000000	250.000000	362.000000
0	19.839000	0.000000	250.000000	362.000000
0	19.871000	0.000000	250.000000	362.000000
0	19.902000	0.000000	250.000000	362.000000
0	19.933000	0.000000	250.000000	362.000000
0	19.964000	0.000000	250.000000	362.000000
0	19.995000	0.000000	250.000000	362.000000
0	20.027000	0.000000	250.000000	362.000000
0	20.073000	0.000000	250.000000	362.000000
0	20.105000	0.000000	250.000000	362.000000
0	20.136000	0.000000	250.000000	362.000000
0	20.167000	0.000000	250.000000	362.000000
0	20.198000	0.000000	250.000000	362.000000
0	20.229000	0.000000	250.000000	362.000000
0	20.261000	0.000000	250.000000	362.000000
0	20.307000	0.000000	250.000000	362.000000
0	20.339000	0.000000	250.000000	362.000000
0	20.370000	0.000000	250.000000	362.000000
0	20.401000	0.000000	250.000000	362.000000
0	20.432000	0.000000	250.000000	362.000000
0	20.463000	0.000000	250.000000	362.000000
0	20.495000	0.000000	250.000000	362.000000
0	20.526000	0.000000	250.000000	362.000000
0	20.573000	0.000000	250.000000	362.000000
0	20.604000	0.000000	250.000000	362.000000
0	20.635000	0.000000	250.000000	362.000000
0	20.666000	0.000000	250.000000	362.000000
0	20.697000	0.000000	250.000000	362.000000
0	20.729000	0.000000	250.000000	362.000000
0	20.760000	0.000000	250.000000	362.000000
0	20.807000	0.000000	250.000000	362.000000
0	20.838000	0.000000	250.000000	362.000000
0	20.869000	0.000000	250.000000	362.000000
0	20.900000	0.000000	250.000000	362.000000
0	20.931000	0.000000	250.000000	362.000000
0	20.963000	0.000000	250.000000	362.000000
0	20.994000	0.000000	250.000000	362.000000
0	21.025000	0.000000	250.000000	362.000000
0	21.072000	0.000000	250.000000	362.000000
0	21.103000	0.000000	250.000000	362.000000
0	21.134000	0.000000	250.000000	362.000000
0	21.165000	0.000000	250.000000	362.000000
0	21.197000	0.000000	250.000000	362.000000
0	21.228000	0.000000	250.000000	362.000000
0	21.259000	0.000000	250.000000	362.000000
0	21.306000	0.000000	250.000000	362.000000
0	21.337000	0.000000	250.000000	362.000000
0	21.368000	0.000000	250.000000	362.000000
0	21.399000	0.000000	250.000000	362.000000
0	21.431000	0.000000	250.000000	362.000000
0	21.462000	0.000000	250.000000	362.000000
0	21.493000	0.000000	250.000000	362.000000
0	21.540000	0.000000	250.000000	362.000000
0	21.571000	0.000000	250.000000	362.000000
0	21.602000	0.000000	250.000000	362.000000
0	21.633000	0.000000	250.000000	362.000000
0	21.665000	0.000000	250.000000	362.000000
0	21.696000	0.000000	250.000000	362.000000
0	21.727000	0.000000	250.000000	362.000000
0	21.758000	0.000000	250.000000	362.000000
0	21.805000	0.000000	250.000000	362.000000
0	21.836000	0.000000	250.000000	362.000000
0	21.867000	0.000000	250.000000	362.000000
0	21.899000	0.000000	250.000000	362.000000
0	21.930000	0.000000	250.000000	362.000000
0	21.961000	0.000000	250.000000	362.000000
0	21.992000	0.000000	250.000000	362.000000
0	22.039000	0.000000	250.000000	362.000000
0	22.070000	0.000000	250.000000	362.000000
0	22.101000	0.000000	250.000000	362.000000
0	22.133000	0.000000	250.000000	362.000000
0	22.164000	0.000000	250.000000	362.000000
0	22.195000	0.000000	250.000000	362.000000
0	22.226000	0.000000	250.000000	362.000000
0	22.273000	0.000000	250.000000	362.000000
0	22.304000	0.000000	250.000000	362.000000
0	22.335000	0.000000	250.000000	362.000000
0	22.367000	0.000000	250.000000	362.000000
0	22.398000	0.000000	250.000000	362.000000
0	22.429000	0.000000	250.000000	362.000000
0	22.460000	0.000000	250.000000	362.000000
0	22.491000	0.000000	250.000000	362.000000
0	22.538000	0.000000	250.000000	362.000000
0	22.569000	0.000000	250.000000	362.000000
0	22.601000	0.000000	250.000000	362.000000
0	22.632000	0.000000	250.000000	362.000000
0	22.663000	0.000000	250.000000	362.000000
0	22.694000	0.000000	250.000000	362.000000
0	22.725000	0.000000	250.000000	362.000000
0	22.772000	0.000000	250.000000	362.000000
0	22.803000	0.000000	250.000000	362.000000
0	22.835000	0.000000	250.000000	362.000000
0	22.866000	0.000000	250.000000	362.000000
0	22.897000	0.000000	250.000000	362.000000
0	22.928000	0.000000	250.000000	362.000000
0	22.959000	0.000000	250.000000	362.000000
0	23.006000	0.000000	250.000000	362.000000
0	23.037000	0.000000	250.000000	362.000000
0	23.069000	0.000000	250.000000	362.000000
0	23.100000	0.000000	250.000000	362.000000
0	23.131000	0.000000	250.000000	362.000000
0	23.162000	0.000000	250.000000	362.000000
0	23.193000	0.000000	250.000000	362.000000
0	23.225000	0.000000	250.000000	362.000000
0	23.271000	0.000000	250.000000	362.000000
0	23.303000	0.000000	250.000000	362.000000
0	23.334000	0.000000	250.000000	362.000000
0	23.365000	0.000000	250.000000	362.000000
0	23.396000	0.000000	250.000000	362.000000
0	23.427000	0.000000	250.000000	362.000000
0	23.459000	0.000000	250.000000	362.000000
0	23.505000	0.000000	250.000000	362.000000
0	23.537000	0.000000	250.000000	362.000000
0	23.568000	0.000000	250.000000	362.000000
0	23.599000	0.000000	250.000000	362.000000
0	23.630000	0.000000	250.000000	362.000000
0	23.661000	0.000000	250.000000	362.000000
0	23.693000	0.000000	250.000000	362.000000
0	23.739000	0.000000	250.000000	362.000000
0	23.771000	0.000000	250.000000	362.000000
0	23.802000	0.000000	250.000000	362.000000
0	23.833000	0.000000	250.000000	362.000000
0	23.864000	0.000000	250.000000	362.000000
0	23.895000	0.000000	250.000000	362.000000
0	23.927000	0.000000	250.000000	362.000000
0	23.958000	0.000000	250.000000	362.000000
0	24.005000	0.000000	250.000000	362.000000
0	24.036000	0.000000	250.000000	362.000000
0	24.067000	0.000000	250.000000	362.000000
0	24.098000	0.000000	250.000000	362.000000
0	24.129000	0.000000	250.000000	362.000000
0	24.161000	0.000000	250.000000	362.000000
0	24.192000	0.000000	250.000000	362.000000
0	24.239000	0.000000	250.000000	362.000000
0	24.270000	0.000000	250.000000	362.000000
0	24.301000	0.000000	250.000000	362.000000
0	24.332000	0.000000	250.000000	362.000000
0	24.363000	0.000000	250.000000	362.000000
0	24.395000	0.000000	250.000000	362.000000
0	24.426000	0.000000	250.000000	362.000000
0	24.473000	0.000000	250.000000	362.000000
0	24.504000	0.000000	250.000000	362.000000
0	24.535000	0.000000	250.000000	362.000000
0	24.566000	0.000000	250.000000	362.000000
0	24.597000	0.000000	250.000000	362.000000
0	24.629000	0.000000	250.000000	362.000000
0	24.660000	0.000000	250.000000	362.000000
0	24.691000	0.000000	250.000000	362.000000
0	24.738000	0.000000	250.000000	362.000000
0	24.769000	0.000000	250.000000	362.000000
0	24.800000	0.000000	250.000000	362.000000
0	24.831000	0.000000	250.000000	362.000000
0	24.863000	0.000000	250.000000	362.000000
0	24.894000	0.000000	250.000000	362.000000
0	24.925000	0.000000	250.000000	362.000000
0	24.956000	0.000000	250.000000	362.000000
0	25.003000	0.000000	250.000000	362.000000
0	25.034000	0.000000	250.000000	362.000000
0	25.065000	0.000000	250.000000	362.000000
0	25.097000	0.000000	250.000000	362.000000
0	25.128000	0.000000	250.000000	362.000000
0	25.159000	0.000000	250.000000	362.000000
0	25.190000	0.000000	250.000000	362.000000
0	25.237000	0.000000	250.000000	362.000000
0	25.268000	0.000000	250.000000	362.000000
0	25.299000	0.000000	250.000000	362.000000
0	25.331000	0.000000	250.000000	362.000000
0	25.362000	0.000000	250.000000	362.000000
0	25.393000	0.000000	250.000000	362.000000
0	25.424000	0.000000	250.000000	362.000000
0	25.471000	0.000000	250.000000	362.000000
0	25.502000	0.000000	250.000000	362.000000
0	25.533000	0.000000	250.000000	362.000000
0	25.565000	0.000000	250.000000	362.000000
0	25.596000	0.000000	250.000000	362.000000
0	25.627000	0.000000	250.000000	362.000000
0	25.658000	0.000000	250.000000	362.000000
0	25.689000	0.000000	250.000000	362.000000
0	25.736000	0.000000	250.000000	362.000000
0	25.767000	0.000000	250.000000	362.000000
0	25.799000	0.000000	250.000000	362.000000
0	25.830000	0.000000	250.000000	362.000000
0	25.861000	0.000000	250.000000	362.000000
0	25.892000	0.000000	250.000000	362.000000
0	25.923000	0.000000	250.000000	362.000000
0	25.970000	0.000000	250.000000	362.000000
0	26.001000	0.000000	250.000000	362.000000
0	26.033000	0.000000	250.000000	362.000000
0	26.064000	0.000000	250.000000	362.000000
0	26.095000	0.000000	250.000000	362.000000
0	26.126000	0.000000	250.000000	362.000000
0	26.157000	0.000000	250.000000	362.000000
0	26.204000	0.000000	250.000000	362.000000
0	26.235000	0.000000	250.000000	362.000000
0	26.267000	0.000000	250.000000	362.000000
0	26.298000	0.000000	250.000000	362.000000
0	26.329000	0.000000	250.000000	362.000000
0	26.360000	0.000000	250.000000	362.000000
0	26.391000	0.000000	250.000000	362.000000
0	26.423000	0.000000	250.000000	362.000000
0	26.469000	0.000000	250.000000	362.000000
0	26.501000	0.000000	250.000000	362.000000
0	26.532000	0.000000	250.000000	362.000000
0	26.563000	0.000000	250.000000	362.000000
0	26.594000	0.000000	250.000000	362.000000
0	26.625000	0.000000	250.000000	362.000000
0	26.657000	0.000000	250.000000	362.000000
0	26.703000	0.000000	250.000000	362.000000
0	26.735000	0.000000	250.000000	362.000000
0	26.766000	0.000000	250.000000	362.000000
0	26.797000	0.000000	250.000000	362.000000
0	26.828000	0.000000	250.000000	362.000000
0	26.860000	0.000000	250.000000	362.000000
0	26.891000	0.000000	250.000000	362.000000
0	26.938000	0.000000	250.000000	362.000000
0	26.969000	0.000000	250.000000	362.000000
0	27.000000	0.000000	250.000000	362.000000
0	27.031000	0.000000	250.000000	362.000000
0	27.062000	0.000000	250.000000	362.000000
0	27.094000	0.000000	250.000000	362.000000
0	27.125000	0.000000	250.000000	362.000000
0	27.156000	0.000000	250.000000	362.000000
0	27.203000	0.000000	250.000000	362.000000
0	27.234000	0.000000	250.000000	362.000000
0	27.265000	0.000000	250.000000	362.000000
0	27.296000	0.000000	250.000000	362.000000
0	27.328000	0.000000	250.000000	362.000000
0	27.359000	0.000000	250.000000	362.000000
0	27.390000	0.000000	250.000000	362.000000
0	27.437000	0.000000	250.000000	362.000000
0	27.468000	0.000000	250.000000	362.000000
0	27.499000	0.000000	250.000000	362.000000
0	27.530000	0.000000	250.000000	362.000000
0	27.562000	0.000000	250.000000	362.000000
0	27.593000	0.000000	250.000000	362.000000
0	27.624000	0.000000	250.000000	362.000000
0	27.671000	0.000000	250.000000	362.000000
0	27.702000	0.000000	250.000000	362.000000
0	27.733000	0.000000	250.000000	362.000000
0	27.764000	0.000000	250.000000	362.000000
0	27.796000	0.000000	250.000000	362.000000
0	27.827000	0.000000	250.000000	362.000000
0	27.858000	0.000000	250.000000	362.000000
0	27.889000	0.000000	250.000000	362.000000
0	27.936000	0.000000	250.000000	362.000000
0	27.967000	0.000000	250.000000	362.000000
0	27.998000	0.000000	250.000000	362.000000
0	28.030000	0.000000	250.000000	362.000000
0	28.061000	0.000000	250.000000	362.000000
0	28.092000	0.000000	250.000000	362.000000
0	28.123000	0.000000	250.000000	362.000000
0	28.170000	0.000000	250.000000	362.000000
0	28.201000	0.000000	250.000000	362.000000
0	28.232000	0.000000	250.000000	362.000000
0	28.264000	0.000000	250.000000	362.000000
0	28.295000	0.000000	250.000000	362.000000
0	28.326000	0.000000	250.000000	362.000000
0	28.357000	0.000000	250.000000	362.000000
0	28.404000	0.000000	250.000000	362.000000
0	28.435000	0.000000	250.000000	362.000000
0	28.466000	0.000000	250.000000	362.000000
0	28.498000	0.000000	250.000000	362.000000
0	28.529000	0.000000	250.000000	362.000000
0	28.560000	0.000000	250.000000	362.000000
0	28.591000	0.000000	250.000000	362.000000
0	28.622000	0.000000	250.000000	362.000000
0	28.669000	0.000000	250.000000	362.000000
0	28.700000	0.000000	250.000000	362.000000
0	28.732000	0.000000	250.000000	362.000000
0	28.763000	0.000000	250.000000	362.000000
0	28.794000	0.000000	250.000000	362.000000
0	28.825000	0.000000	250.000000	362.000000
0	28.856000	0.000000	250.000000	362.000000
0	28.888000	0.000000	250.000000	362.000000
0	28.934000	0.000000	250.000000	362.000000
0	28.966000	0.000000	250.000000	362.000000
0	28.997000	0.000000	250.000000	362.000000
0	29.028000	0.000000	250.000000	362.000000
0	29.059000	0.000000	250.000000	362.000000
0	29.090000	0.000000	250.000000	362.000000
0	29.122000	0.000000	250.000000	362.000000
0	29.168000	0.000000	250.000000	362.000000
0	29.200000	0.000000	250.000000	362.000000
0	29.231000	0.000000	250.000000	362.000000
0	29.262000	0.000000	250.000000	362.000000
0	29.293000	0.000000	250.000000	362.000000
0	29.324000	0.000000	250.000000	362.000000
0	29.356000	0.000000	250.000000	362.000000
0	29.402000	0.000000	250.000000	362.000000
0	29.434000	0.000000	250.000000	362.000000
0	29.465000	0.000000	250.000000	362.000000
0	29.496000	0.000000	250.000000	362.000000
0	29.527000	0.000000	250.000000	362.000000
0	29.558000	0.000000	250.000000	362.000000
0	29.590000	0.000000	250.000000	362.000000
0	29.621000	0.000000	250.000000	362.000000
0	29.668000	0.000000	250.000000	362.000000
0	29.699000	0.000000	250.000000	362.000000
0	29.730000	0.000000	250.000000	362.000000
0	29.761000	0.000000	250.000000	362.000000
0	29.792000	0.000000	250.000000	362.000000
0	29.824000	0.000000	250.000000	362.000000
0	29.855000	0.000000	250.000000	362.000000
0	29.902000	0.000000	250.000000	362.000000
0	29.933000	0.000000	250.000000	362.000000
0	29.964000	0.000000	250.000000	362.000000
0	29.995000	0.000000	250.000000	362.000000
<\LEFT-PUPIL-DATA>
<RIGHT-PUPIL-ANALYSIS>
1
0	0	18	902	0	0	0.509000	29.518999	0.510000	15.810344	0.000000	0.000000	0.000000	0	3	3	3	3	0	0	0	0.000000	0.000000	0.000000	0.000000	0.000000	0.000000	0.000000	-1.000000	0.000000	1	1.265768	0.826058	1.258392	0.536206	0.189000	-0.381031	-1.006078	-1.000000	0.046480	1	1.265768	0.826058	1.258392	0.536206	0.189000	-0.399577	-1.006080	-1.000000	0.046701
<\RIGHT-PUPIL-ANALYSIS>
<LEFT-PUPIL-ANALYSIS>
1
0	0	17	902	0	0	0.509000	29.518999	0.510000	15.810344	0.000000	0.000000	0.000000	0	3	3	3	3	0	0	0	0.000000	0.000000	0.000000	0.000000	0.000000	0.000000	0.000000	-1.000000	0.000000	0	-0.034783	-0.034783	0.000950	0.000950	0.002000	0.000000	0.000000	-1.000000	0.000000	1	-0.034783	-0.034783	0.000950	0.000950	0.002000	-1000000.000000	-1000000.000000	-1.000000	0.000000
<\LEFT-PUPIL-ANALYSIS>
%%%%%%%%%
%%%%%%%%%
%%%%%%%%%
%%%	Measurement Tiime is: 2017-12-05 10:46:01
%%%	Subject ID is: c57bl6-4.11.17-1mois-DAOG-M2-1.2b
%%%	Note: 
%%%	RSS: Default Human Relative Spectral Sensitivity
%%%	Pupil Analysis:
%%%
%%%
%%%
%%%	Pulse Index:	0
%%%	Stimulus Session Index:	0
%%%	Right Pupil Stimulated
%%%	Light Metric is Photopic
%%%	Stimulus Start Time(sec):	0.51
%%%	Stimulus Duration(sec):	29.52
%%%	Stimulus Pulse Duration(sec):	0.51
%%%	Right Pulse:	15.81	(Blue )	-	0.00	(Blue )	[Lux ]
%%%	Left Pulse:	0.00	(Blue )	-	0.00	(Blue )	[Lux ]
%%%
%%%		RIGHT	LEFT	R.Pupil Mean	L.Pupil Mean	R.Stim Mean	R.Stim Mean
%%%	INPUT:	RAW DATA	RAW DATA
%%%	STATE:	ABNORMAL	ABNORMAL	ABNORMAL	ABNORMAL	ABNORMAL	ABNORMAL
%%%	MAX(mm):	0.00	0.00	0.00	0.00	0.00	0.00
%%%	MIN(mm):	0.00	0.00	0.00	0.00	0.00	0.00
%%%	DELTA(mm):						
%%%	CH(%):						
%%%	LAT(sec):	0.00	0.00	0.00	0.00	0.00	0.00
%%%	CV(mm/s):	0.00	0.00	0.00	0.00	0.00	0.00
%%%	MCV(mm/s):	0.00	0.00	0.00	0.00	0.00	0.00
%%%	DV(mm/s):	0.00	0.00	0.00	0.00	0.00	0.00
%%%%%%%%%
%%%%%%%%%
%%%%%%%%%
%%%	Right Pupil Profile (1st row -> 1 == valid tracking, 0 == invalid tracking; 2nd row -> time; 3rd row -> diameter (mm))
%%%	1	1	1	1	1	1	1	1	1	1	1	1	1	1	1	1	1	1	1	1	1	1	1	1	1	1	1	1	1	1	1	1	1	1	1	1	1	1	1	1	1	0	1	1	1	1	1	1	1	1	1	1	1	1	1	1	1	1	1	1	1	1	1	1	1	1	1	1	1	1	1	1	1	1	1	1	1	1	1	1	1	1	1	1	1	1	1	1	1	1	1	1	1	1	1	1	1	1	1	1	1	1	1	1	1	1	1	1	1	1	1	1	1	1	1	1	1	1	1	1	1	1	1	1	1	1	1	1	1	1	1	1	1	1	1	1	1	1	1	1	1	1	1	1	1	1	1	1	1	1	1	1	1	1	1	1	1	1	1	1	1	1	1	1	1	1	1	1	1	1	1	1	1	1	1	1	1	1	1	1	1	1	1	1	1	1	1	1	1	1	1	1	1	1	1	1	1	1	1	1	1	1	1	1	1	1	1	1	1	1	1	1	1	1	1	1	1	1	1	1	1	1	1	1	1	1	1	1	1	1	1	1	1	1	1	1	1	1	1	1	1	1	1	1	1	1	1	0	1	1	1	1	1	1	1	1	1	1	1	1	1	0	1	1	1	1	1	1	1	1	1	1	1	1	1	1	1	1	1	1	1	1	1	1	1	1	1	1	1	1	1	1	1	1	1	1	1	1	1	1	1	1	1	1	1	1	1	1	1	1	1	1	1	1	1	1	1	1	1	1	1	1	1	1	1	1	1	1	1	1	1	0	1	1	1	1	0	1	1	1	1	1	1	1	1	1	1	1	1	1	1	1	1	1	1	1	1	1	1	1	1	1	1	1	1	1	1	1	1	1	1	1	1	1	1	1	1	1	1	1	1	1	1	1	1	1	1	1	1	1	1	1	1	1	1	1	1	1	1	1	1	1	1	1	1	1	1	1	1	1	1	1	1	1	1	0	1	1	1	1	1	1	1	1	1	1	1	1	1	1	1	1	1	1	1	1	1	1	1	1	0	1	1	1	0	1	1	1	1	0	1	1	1	1	1	1	1	1	1	1	1	1	1	1	1	1	1	1	1	1	1	1	1	1	1	1	1	1	1	1	1	1	1	1	1	1	1	1	1	1	1	1	1	1	1	1	1	1	1	1	1	1	1	1	1	0	1	1	1	1	1	1	1	1	1	1	1	0	1	1	1	1	1	1	1	1	1	1	1	1	1	1	1	1	1	1	1	1	1	1	1	1	1	1	1	1	1	1	1	1	0	1	1	1	1	0	1	1	1	1	1	1	1	1	1	1	1	1	1	1	1	1	1	1	1	1	1	1	1	1	1	1	1	1	1	1	1	1	1	0	1	1	1	1	1	1	0	1	1	1	1	1	1	1	1	1	1	1	1	1	1	1	1	1	1	1	1	1	1	1	0	1	1	1	1	1	1	1	1	1	1	1	1	1	1	1	1	1	0	0	1	1	1	1	1	1	1	1	1	1	1	1	1	1	1	0	0	1	1	1	1	1	1	1	1	1	1	1	1	1	1	1	1	1	1	1	1	1	1	1	1	1	1	1	1	1	0	1	1	1	1	1	1	1	1	1	1	1	1	1	1	1	1	1	1	1	0	1	1	1	1	1	1	1	1	1	1	1	1	1	1	1	1	1	1	1	1	1	0	1	1	1	1	1	1	1	1	1	1	1	1	1	1	1	1	1	1	1	1	1	1	1	1	1	1	1	1	0	1	1	1	1	1	1	1	1	1	1	1	1	1	1	1	1	1	1	1	1	1	1	1	1	0	1	1	1	1	1	1	1	1	1	1	1	1	1	1	1	1	1	1	1	0	1	1	0	1	1	1	1	0	1	1	1	1	1	1	1	0	0	1	1	0	1	1	1	1	1	1	1	1	1	1	1	1	1	1	0	1	1	1	1	0	1	1	1	1	1	1	1	1	1	1	1	1	1	1	1	1	1	1	1	1	1	1	1	1	1	1	1	1	1	1	1	1	1	1	1	1	1	1	1	1	1	1	1	1	1	1	1	1	1	0	1	1	1	1	1	1	1	1	1	1
%%%	-0.067000	-0.035000	-0.004000	0.027000	0.074000	0.105000	0.136000	0.167000	0.199000	0.230000	0.261000	0.308000	0.339000	0.370000	0.401000	0.433000	0.464000	0.495000	0.542000	0.573000	0.604000	0.635000	0.667000	0.698000	0.729000	0.760000	0.807000	0.838000	0.869000	0.901000	0.932000	0.963000	0.994000	1.041000	1.072000	1.103000	1.135000	1.166000	1.197000	1.228000	1.259000	1.306000	1.337000	1.369000	1.400000	1.431000	1.462000	1.493000	1.540000	1.571000	1.603000	1.634000	1.665000	1.696000	1.727000	1.774000	1.805000	1.837000	1.868000	1.899000	1.930000	1.961000	1.993000	2.039000	2.071000	2.102000	2.133000	2.164000	2.195000	2.227000	2.273000	2.305000	2.336000	2.367000	2.398000	2.429000	2.461000	2.507000	2.539000	2.570000	2.601000	2.632000	2.663000	2.695000	2.726000	2.773000	2.804000	2.835000	2.866000	2.897000	2.929000	2.960000	3.007000	3.038000	3.069000	3.100000	3.131000	3.163000	3.194000	3.241000	3.272000	3.303000	3.334000	3.365000	3.397000	3.428000	3.459000	3.506000	3.537000	3.568000	3.599000	3.631000	3.662000	3.693000	3.740000	3.771000	3.802000	3.833000	3.865000	3.896000	3.927000	3.958000	4.005000	4.036000	4.067000	4.099000	4.130000	4.161000	4.192000	4.239000	4.270000	4.301000	4.333000	4.364000	4.395000	4.426000	4.473000	4.504000	4.535000	4.567000	4.598000	4.629000	4.660000	4.691000	4.738000	4.769000	4.801000	4.832000	4.863000	4.894000	4.925000	4.972000	5.003000	5.035000	5.066000	5.097000	5.128000	5.159000	5.206000	5.237000	5.269000	5.300000	5.331000	5.362000	5.393000	5.425000	5.471000	5.503000	5.534000	5.565000	5.596000	5.627000	5.659000	5.705000	5.737000	5.768000	5.799000	5.830000	5.861000	5.893000	5.939000	5.971000	6.002000	6.033000	6.064000	6.095000	6.127000	6.158000	6.205000	6.236000	6.267000	6.298000	6.329000	6.361000	6.392000	6.439000	6.470000	6.501000	6.532000	6.563000	6.595000	6.626000	6.657000	6.704000	6.735000	6.766000	6.797000	6.829000	6.860000	6.891000	6.938000	6.969000	7.000000	7.031000	7.063000	7.094000	7.125000	7.172000	7.203000	7.234000	7.265000	7.297000	7.328000	7.359000	7.390000	7.437000	7.468000	7.499000	7.531000	7.562000	7.593000	7.624000	7.671000	7.702000	7.733000	7.765000	7.796000	7.827000	7.858000	7.889000	7.936000	7.967000	7.999000	8.030000	8.061000	8.092000	8.123000	8.170000	8.201000	8.233000	8.264000	8.295000	8.326000	8.357000	8.404000	8.435000	8.467000	8.498000	8.529000	8.560000	8.591000	8.623000	8.669000	8.701000	8.732000	8.763000	8.794000	8.825000	8.857000	8.903000	8.935000	8.966000	8.997000	9.028000	9.059000	9.091000	9.137000	9.169000	9.200000	9.231000	9.262000	9.293000	9.325000	9.356000	9.403000	9.434000	9.465000	9.496000	9.527000	9.559000	9.590000	9.637000	9.668000	9.699000	9.730000	9.761000	9.793000	9.824000	9.871000	9.902000	9.933000	9.964000	9.995000	10.027000	10.058000	10.089000	10.136000	10.167000	10.198000	10.229000	10.261000	10.292000	10.323000	10.370000	10.401000	10.432000	10.463000	10.495000	10.526000	10.557000	10.604000	10.635000	10.666000	10.697000	10.729000	10.760000	10.791000	10.822000	10.869000	10.900000	10.931000	10.963000	10.994000	11.025000	11.056000	11.103000	11.134000	11.165000	11.197000	11.228000	11.259000	11.290000	11.337000	11.368000	11.399000	11.431000	11.462000	11.493000	11.524000	11.555000	11.602000	11.633000	11.665000	11.696000	11.727000	11.758000	11.789000	11.821000	11.867000	11.899000	11.930000	11.961000	11.992000	12.023000	12.055000	12.101000	12.133000	12.164000	12.195000	12.226000	12.257000	12.289000	12.335000	12.367000	12.398000	12.429000	12.460000	12.491000	12.523000	12.554000	12.601000	12.632000	12.663000	12.694000	12.725000	12.757000	12.788000	12.835000	12.866000	12.897000	12.928000	12.959000	12.991000	13.022000	13.069000	13.100000	13.131000	13.162000	13.193000	13.225000	13.256000	13.287000	13.334000	13.365000	13.396000	13.427000	13.459000	13.490000	13.521000	13.568000	13.599000	13.630000	13.661000	13.693000	13.724000	13.755000	13.802000	13.833000	13.864000	13.895000	13.927000	13.958000	13.989000	14.020000	14.067000	14.098000	14.129000	14.161000	14.192000	14.223000	14.254000	14.301000	14.332000	14.363000	14.395000	14.426000	14.457000	14.488000	14.535000	14.566000	14.597000	14.629000	14.660000	14.691000	14.722000	14.753000	14.800000	14.831000	14.863000	14.894000	14.925000	14.956000	14.987000	15.034000	15.065000	15.097000	15.128000	15.159000	15.190000	15.221000	15.268000	15.299000	15.331000	15.362000	15.393000	15.424000	15.455000	15.487000	15.533000	15.565000	15.596000	15.627000	15.658000	15.689000	15.721000	15.767000	15.799000	15.830000	15.861000	15.892000	15.923000	15.955000	15.986000	16.033000	16.064000	16.095000	16.126000	16.157000	16.189000	16.220000	16.267000	16.298000	16.329000	16.360000	16.391000	16.423000	16.454000	16.485000	16.532000	16.563000	16.594000	16.625000	16.657000	16.688000	16.719000	16.766000	16.797000	16.828000	16.859000	16.891000	16.922000	16.953000	17.000000	17.031000	17.062000	17.093000	17.125000	17.156000	17.187000	17.218000	17.265000	17.296000	17.327000	17.359000	17.390000	17.421000	17.452000	17.499000	17.530000	17.561000	17.593000	17.624000	17.655000	17.686000	17.733000	17.764000	17.795000	17.827000	17.858000	17.889000	17.920000	17.951000	17.998000	18.029000	18.061000	18.092000	18.123000	18.154000	18.185000	18.232000	18.263000	18.295000	18.326000	18.357000	18.388000	18.419000	18.466000	18.497000	18.529000	18.560000	18.591000	18.622000	18.653000	18.685000	18.731000	18.763000	18.794000	18.825000	18.856000	18.887000	18.919000	18.965000	18.997000	19.028000	19.059000	19.090000	19.121000	19.153000	19.199000	19.231000	19.262000	19.293000	19.324000	19.355000	19.387000	19.418000	19.465000	19.496000	19.527000	19.558000	19.589000	19.621000	19.652000	19.699000	19.730000	19.761000	19.792000	19.823000	19.855000	19.886000	19.917000	19.964000	19.995000	20.026000	20.057000	20.089000	20.120000	20.151000	20.198000	20.229000	20.260000	20.291000	20.323000	20.354000	20.385000	20.432000	20.463000	20.494000	20.525000	20.557000	20.588000	20.619000	20.650000	20.697000	20.728000	20.759000	20.791000	20.822000	20.853000	20.884000	20.931000	20.962000	20.993000	21.025000	21.056000	21.087000	21.118000	21.149000	21.196000	21.227000	21.259000	21.290000	21.321000	21.352000	21.383000	21.430000	21.461000	21.493000	21.524000	21.555000	21.586000	21.617000	21.664000	21.695000	21.727000	21.758000	21.789000	21.820000	21.851000	21.883000	21.929000	21.961000	21.992000	22.023000	22.054000	22.085000	22.117000	22.163000	22.195000	22.226000	22.257000	22.288000	22.319000	22.351000	22.397000	22.429000	22.460000	22.491000	22.522000	22.553000	22.585000	22.616000	22.663000	22.694000	22.725000	22.756000	22.787000	22.819000	22.850000	22.897000	22.928000	22.959000	22.990000	23.021000	23.053000	23.084000	23.131000	23.162000	23.193000	23.224000	23.255000	23.287000	23.318000	23.349000	23.396000	23.427000	23.458000	23.489000	23.521000	23.552000	23.583000	23.630000	23.661000	23.692000	23.723000	23.755000	23.786000	23.817000	23.848000	23.895000	23.926000	23.957000	23.989000	24.020000	24.051000	24.082000	24.129000	24.160000	24.191000	24.223000	24.254000	24.285000	24.316000	24.363000	24.394000	24.425000	24.457000	24.488000	24.519000	24.550000	24.581000	24.628000	24.659000	24.691000	24.722000	24.753000	24.784000	24.815000	24.862000	24.893000	24.925000	24.956000	24.987000	25.018000	25.049000	25.096000	25.127000	25.159000	25.190000	25.221000	25.252000	25.283000	25.315000	25.361000	25.393000	25.424000	25.455000	25.486000	25.517000	25.549000	25.595000	25.627000	25.658000	25.689000	25.720000	25.751000	25.783000	25.829000	25.861000	25.892000	25.923000	25.954000	25.985000	26.017000	26.048000	26.095000	26.126000	26.157000	26.188000	26.219000	26.251000	26.282000	26.329000	26.360000	26.391000	26.422000	26.453000	26.485000	26.516000	26.563000	26.594000	26.625000	26.656000	26.687000	26.719000	26.750000	26.781000	26.828000	26.859000	26.890000	26.922000	26.953000	26.984000	27.015000	27.062000	27.093000	27.124000	27.156000	27.187000	27.218000	27.249000	27.280000	27.327000	27.358000	27.390000	27.421000	27.452000	27.483000	27.514000	27.561000	27.592000	27.624000	27.655000	27.686000	27.717000	27.748000	27.780000	27.826000	27.858000	27.889000	27.920000	27.951000	27.982000	28.014000	28.060000	28.092000	28.123000	28.154000	28.185000	28.216000	28.248000	28.294000	28.326000	28.357000	28.388000	28.419000	28.450000	28.482000	28.513000	28.560000	28.591000	28.622000	28.653000	28.684000	28.716000	28.747000	28.794000	28.825000	28.856000	28.887000	28.918000	28.950000	28.981000	29.028000	29.059000	29.090000	29.121000	29.152000	29.184000	29.215000	29.246000	29.293000	29.324000	29.355000	29.386000	29.418000	29.449000	29.480000	29.527000	29.558000	29.589000	29.620000	29.652000	29.683000	29.714000	29.761000	29.792000	29.823000	29.854000	29.886000	29.917000	29.948000	29.979000
%%%	1.275362	1.248406	1.275362	1.242899	1.249420	1.244203	1.253333	1.257246	1.240580	1.227101	1.275362	1.264203	1.265362	1.247101	1.257536	1.255507	1.266667	1.266667	1.257101	1.268551	1.278841	1.267246	1.249420	1.228985	1.242319	1.221159	1.182609	1.182609	1.139130	1.117536	1.065217	1.072464	1.043478	1.002754	0.972319	0.957102	0.940290	0.954928	0.885942	0.910725	0.866812	0.904348	0.915797	0.901015	0.855942	0.883623	0.870145	0.845942	0.840290	0.846377	0.839275	0.834783	0.814203	0.804928	0.857971	0.834783	0.818406	0.834783	0.833188	0.826667	0.835362	0.839275	0.855797	0.837971	0.834783	0.814638	0.852319	0.857102	0.869565	0.833333	0.876812	0.866377	0.871304	0.866812	0.869565	0.831449	0.866377	0.863913	0.899275	0.882754	0.885362	0.874928	0.866377	0.890580	0.896232	0.890725	0.903333	0.892754	0.904348	0.884348	0.904348	0.909275	0.885942	0.923333	0.903333	0.904348	0.903333	0.904348	0.904348	0.871884	0.916232	0.904348	0.921014	0.920725	0.915942	0.918985	0.914203	0.904348	0.898551	0.915942	0.931594	0.915797	0.931594	0.921159	0.918406	0.936377	0.901884	0.915942	0.921159	0.931449	0.927101	0.931015	0.931449	0.940580	0.912319	0.948406	0.947246	0.962319	0.939130	0.948841	0.951594	0.948406	0.936377	0.962319	0.937536	0.941014	0.949275	0.947826	0.979710	0.945942	0.939710	0.950725	0.933333	0.937536	0.939130	0.941014	0.939130	0.965507	0.920580	0.921884	0.926667	0.964638	0.939130	0.914203	0.933623	0.920725	0.947971	0.938551	0.938696	0.927536	0.936957	0.952754	0.954928	0.927101	0.939130	0.937246	0.932899	0.939130	0.933188	0.934783	0.941159	0.955942	0.968985	0.928841	0.947826	0.939130	0.974493	0.938551	0.936957	0.951159	0.952754	0.937536	0.972899	0.974493	0.985507	0.939130	0.955507	0.955797	0.944928	0.937536	0.968406	0.937536	0.989130	0.950580	0.963623	0.950725	0.976377	0.972899	0.991884	0.977536	0.988551	0.977246	1.020580	0.988116	1.016812	0.950580	0.977246	0.997246	0.985362	0.987971	0.997101	0.969710	0.904348	0.981449	0.939130	0.968406	0.981594	0.976667	1.008116	0.962319	0.950725	0.974637	0.981159	0.968985	0.950725	1.000725	1.026087	1.022319	1.007681	1.004638	1.028261	0.970725	0.989710	0.991304	0.994058	0.973913	1.089855	0.955507	0.950725	0.985507	0.998841	0.993768	1.008116	0.950725	0.970290	0.991884	0.954928	0.950725	0.974638	0.989710	0.992464	1.001594	0.988551	0.988986	0.990145	0.990145	0.966377	0.955507	0.957246	0.988551	0.996667	1.089855	0.982029	0.997101	0.974928	0.972464	0.973913	0.972899	0.989420	0.985797	0.969710	0.950725	0.974638	0.966522	0.950725	0.972319	0.939130	0.959855	0.968406	0.968116	0.981449	1.019855	0.950580	0.995362	0.962319	0.971014	0.981449	1.008841	0.968985	0.950725	0.973913	0.966667	0.997101	0.964058	0.973913	0.969710	0.980725	1.089855	0.981015	0.964058	0.944203	0.998406	0.978841	0.978841	0.974058	0.951159	0.963623	0.970145	0.968985	0.990290	1.089855	0.996667	0.997101	1.002899	0.964203	1.089855	0.965072	1.014493	0.973913	0.997101	0.973913	0.964058	0.984783	0.974058	1.025072	0.990725	0.988116	0.997101	1.044638	1.011594	1.020290	1.089855	1.089855	0.998406	1.022464	0.985507	1.089855	1.008116	0.997101	0.989710	1.017391	1.000725	1.089855	1.016232	1.008116	0.978406	0.972754	1.000725	0.950725	1.000290	1.089855	0.968406	0.989710	0.974058	1.006377	0.999420	0.997101	1.007681	0.950725	0.997101	0.987536	1.005942	0.981594	1.006377	0.995507	0.997101	0.987536	1.008841	1.007681	0.982464	1.003333	1.008841	1.007536	0.998841	0.994638	1.007971	1.025362	0.997101	0.976377	1.007536	1.089855	1.008841	0.984203	1.020290	1.028841	0.997101	1.028841	0.997101	1.025507	1.007536	1.043478	1.033188	1.000145	1.025072	1.017536	1.043478	0.977246	1.044638	1.017391	1.044638	1.008696	1.029710	1.034058	1.024493	1.043478	1.035942	1.042754	1.048551	1.050580	1.063768	1.079275	1.061449	1.031884	1.043623	1.044058	0.997101	1.055942	1.053768	1.040725	1.018116	1.066667	1.028841	1.043478	1.014493	1.053333	1.007536	1.043478	1.039855	1.061449	1.070725	1.053188	1.044058	1.043478	1.048841	1.061884	1.087536	1.043333	1.095652	1.076667	1.078841	0.997101	1.086232	1.078841	1.088116	0.997101	1.101449	1.081594	1.081594	1.072319	1.089855	1.078841	1.066667	1.042898	1.089710	1.081015	1.095652	1.100580	1.089855	1.086812	1.089855	1.082029	1.094493	1.079275	1.065797	1.051594	1.089855	1.109855	1.113623	1.089855	1.092319	1.089710	1.092319	1.079275	1.095652	1.081015	1.078841	1.095652	1.079275	1.084058	1.084058	1.083768	1.096667	1.095652	1.048841	1.096812	1.095072	1.048841	1.089855	1.096667	1.077681	1.071159	1.105942	1.090290	1.089855	1.082029	1.113043	1.090725	1.089855	1.094058	1.081015	1.065362	1.078841	1.088551	1.078841	1.061449	1.089855	1.034203	1.070145	1.043478	0.997101	1.039855	1.066667	1.079420	1.044638	1.043333	1.025072	1.048841	1.089855	1.042029	1.066667	1.035797	0.997101	1.066667	1.044638	1.089855	1.052754	1.055507	1.084058	1.066232	1.099275	1.088116	1.098551	1.092319	1.065797	1.113043	1.113043	1.113043	1.106667	1.100725	1.113043	1.099420	1.079275	1.131449	1.094203	1.084203	1.068551	1.088116	1.078841	1.066667	1.059710	1.089855	1.052754	1.100725	1.079855	1.081015	1.089855	1.046377	1.078841	1.079420	1.089855	1.096812	1.042754	1.057536	1.067971	1.066377	1.042898	1.048841	1.047246	1.061449	1.068985	1.061449	1.043478	1.082754	1.034638	1.066667	1.066667	1.104493	1.097246	1.066377	1.061884	1.091304	1.113043	1.092319	1.070725	1.077101	1.060290	1.043478	1.062319	1.063623	0.997101	1.070725	1.066667	1.044638	1.044638	1.007536	1.048841	0.904348	1.053333	1.044638	1.057971	1.044638	1.043333	1.029275	1.059710	1.044638	1.042754	1.043333	1.089855	0.997101	1.052754	1.064058	1.048406	1.020290	1.043478	1.081015	0.997101	0.968116	1.043478	1.084058	1.054348	1.089855	1.066667	1.059710	1.020580	1.053768	1.044638	1.089855	1.041304	1.043478	1.019855	1.066667	1.029420	1.022754	1.061449	1.089855	0.997101	0.997101	1.026087	1.089855	1.089855	1.008116	1.050580	1.089855	1.040290	1.025507	1.066667	1.008841	1.044638	1.007536	1.044058	1.008696	1.044638	1.029710	1.029420	1.039710	1.089855	1.089855	1.066812	1.044638	1.061449	1.062464	1.084058	1.061449	1.086377	1.066232	1.081015	1.081594	1.070145	1.044638	1.079855	1.079275	1.066812	1.066667	1.066377	1.062029	1.049420	1.063768	1.060870	1.044058	1.018551	1.044638	1.043478	1.044638	1.044928	1.060290	1.044638	0.997101	1.007536	1.039275	1.053188	1.022319	1.074638	1.081594	1.057971	1.043478	1.018406	1.011449	1.044638	1.048841	0.997101	1.044638	1.044638	1.060290	1.060290	1.057246	0.997101	0.997101	1.052174	1.068116	1.059420	1.038841	1.078841	1.028841	1.037681	1.089855	1.081594	1.089855	1.066667	1.035362	1.066377	1.089855	1.083623	1.053333	1.078261	1.081159	1.070580	1.059710	1.061449	1.089855	1.044058	1.061884	1.043478	1.034058	1.043478	1.024928	1.044203	1.024493	1.038116	1.057536	1.008116	1.043478	1.043478	0.997101	1.070725	1.047826	1.063623	1.066667	1.016812	1.044058	1.024928	1.049275	1.060725	1.020290	1.041594	0.997101	1.049275	1.037681	1.089855	1.007536	1.043478	1.008841	1.020290	1.024928	0.992029	1.043333	1.002899	1.043333	1.017536	1.035942	1.053188	1.041594	1.046377	1.008696	1.005797	1.036377	1.034928	1.008696	1.019710	1.078261	0.997101	1.041594	1.028841	0.997101	1.025362	1.066667	1.025362	0.998841	1.043478	1.078841	1.053623	0.973913	1.043478	1.021884	1.014493	1.035507	1.066667	1.072319	1.061449	1.047681	1.055072	1.079275	1.020290	0.997101	1.078841	1.062029	0.997101	1.061594	1.031884	1.048406	1.079275	0.707536	1.079275	1.044638	1.020290	1.036377	1.044638	0.997101	1.034203	1.089855	1.089855	1.043333	1.038986	1.089855	1.048985	1.053768	1.005797	1.062319	1.044638	1.066667	1.044638	1.044638	1.064638	1.078261	1.060145	1.062464	1.069565	1.049420	1.089855	1.043478	1.038406	1.044058	1.044058	1.089855	1.078841	1.043478	1.043478	0.997101	1.061449	1.044058	1.042319	1.044058	1.037247	1.005797	1.089855	1.089855	1.044058	1.052319	1.027102	1.008696	0.997101	0.968985	0.997101	1.026087	1.008696	1.038406	1.011159	1.089855	1.043478	1.042754	1.060870	1.043478	1.061015	1.040725	1.057536	1.066812	1.057536	1.077246	1.043478	1.042754	1.078841	1.042754	1.035362	1.089855	1.089855	1.008841	1.053188	1.027102	1.051159	1.008841	1.043478	0.992029	1.024928	0.997101	1.022319	1.089855	0.990725	1.061014	1.031884	1.027101	1.042754	1.018406	1.023188	1.089855
%%%	Left Pupil Profile (1st row -> 1 == valid tracking, 0 == invalid tracking; 2nd row -> time; 3rd row -> diameter (mm))
%%%	0	0	0	0	0	0	0	0	0	0	0	0	0	0	0	0	0	0	0	0	0	0	0	0	0	0	0	0	0	0	0	0	0	0	0	0	0	0	0	0	0	0	0	0	0	0	0	0	0	0	0	0	0	0	0	0	0	0	0	0	0	0	0	0	0	0	0	0	0	0	0	0	0	0	0	0	0	0	0	0	0	0	0	0	0	0	0	0	0	0	0	0	0	0	0	0	0	0	0	0	0	0	0	0	0	0	0	0	0	0	0	0	0	0	0	0	0	0	0	0	0	0	0	0	0	0	0	0	0	0	0	0	0	0	0	0	0	0	0	0	0	0	0	0	0	0	0	0	0	0	0	0	0	0	0	0	0	0	0	0	0	0	0	0	0	0	0	0	0	0	0	0	0	0	0	0	0	0	0	0	0	0	0	0	0	0	0	0	0	0	0	0	0	0	0	0	0	0	0	0	0	0	0	0	0	0	0	0	0	0	0	0	0	0	0	0	0	0	0	0	0	0	0	0	0	0	0	0	0	0	0	0	0	0	0	0	0	0	0	0	0	0	0	0	0	0	0	0	0	0	0	0	0	0	0	0	0	0	0	0	0	0	0	0	0	0	0	0	0	0	0	0	0	0	0	0	0	0	0	0	0	0	0	0	0	0	0	0	0	0	0	0	0	0	0	0	0	0	0	0	0	0	0	0	0	0	0	0	0	0	0	0	0	0	0	0	0	0	0	0	0	0	0	0	0	0	0	0	0	0	0	0	0	0	0	0	0	0	0	0	0	0	0	0	0	0	0	0	0	0	0	0	0	0	0	0	0	0	0	0	0	0	0	0	0	0	0	0	0	0	0	0	0	0	0	0	0	0	0	0	0	0	0	0	0	0	0	0	0	0	0	0	0	0	0	0	0	0	0	0	0	0	0	0	0	0	0	0	0	0	0	0	0	0	0	0	0	0	0	0	0	0	0	0	0	0	0	0	0	0	0	0	0	0	0	0	0	0	0	0	0	0	0	0	0	0	0	0	0	0	0	0	0	0	0	0	0	0	0	0	0	0	0	0	0	0	0	0	0	0	0	0	0	0	0	0	0	0	0	0	0	0	0	0	0	0	0	0	0	0	0	0	0	0	0	0	0	0	0	0	0	0	0	0	0	0	0	0	0	0	0	0	0	0	0	0	0	0	0	0	0	0	0	0	0	0	0	0	0	0	0	0	0	0	0	0	0	0	0	0	0	0	0	0	0	0	0	0	0	0	0	0	0	0	0	0	0	0	0	0	0	0	0	0	0	0	0	0	0	0	0	0	0	0	0	0	0	0	0	0	0	0	0	0	0	0	0	0	0	0	0	0	0	0	0	0	0	0	0	0	0	0	0	0	0	0	0	0	0	0	0	0	0	0	0	0	0	0	0	0	0	0	0	0	0	0	0	0	0	0	0	0	0	0	0	0	0	0	0	0	0	0	0	0	0	0	0	0	0	0	0	0	0	0	0	0	0	0	0	0	0	0	0	0	0	0	0	0	0	0	0	0	0	0	0	0	0	0	0	0	0	0	0	0	0	0	0	0	0	0	0	0	0	0	0	0	0	0	0	0	0	0	0	0	0	0	0	0	0	0	0	0	0	0	0	0	0	0	0	0	0	0	0	0	0	0	0	0	0	0	0	0	0	0	0	0	0	0	0	0	0	0	0	0	0	0	0	0	0	0	0	0	0	0	0	0	0	0	0	0	0	0	0	0	0	0	0	0	0	0	0	0	0	0	0	0	0	0	0	0	0	0	0	0	0	0	0	0	0	0	0	0	0	0	0	0	0	0	0	0	0	0	0	0	0	0	0	0	0	0	0	0	0	0	0	0	0	0	0	0	0	0	0	0	0	0	0	0	0	0	0	0	0	0	0	0	0	0	0	0	0	0	0	0	0	0	0	0	0	0	0	0	0	0	0	0	0	0	0	0	0	0	0	0	0	0	0	0	0	0	0	0	0	0	0	0	0	0	0	0	0	0	0	0	0	0	0	0	0	0	0	0	0	0	0	0	0	0	0	0	0	0	0
%%%	-0.051000	-0.019000	0.012000	0.043000	0.074000	0.105000	0.137000	0.183000	0.215000	0.246000	0.277000	0.308000	0.339000	0.371000	0.417000	0.449000	0.480000	0.511000	0.542000	0.573000	0.605000	0.651000	0.683000	0.714000	0.745000	0.776000	0.807000	0.839000	0.870000	0.917000	0.948000	0.979000	1.010000	1.041000	1.073000	1.104000	1.135000	1.182000	1.213000	1.244000	1.275000	1.307000	1.338000	1.369000	1.416000	1.447000	1.478000	1.509000	1.541000	1.572000	1.603000	1.650000	1.681000	1.712000	1.743000	1.775000	1.806000	1.837000	1.868000	1.915000	1.946000	1.977000	2.009000	2.040000	2.071000	2.102000	2.149000	2.180000	2.211000	2.243000	2.274000	2.305000	2.336000	2.383000	2.414000	2.445000	2.477000	2.508000	2.539000	2.570000	2.601000	2.648000	2.679000	2.711000	2.742000	2.773000	2.804000	2.835000	2.882000	2.913000	2.945000	2.976000	3.007000	3.038000	3.069000	3.116000	3.147000	3.179000	3.210000	3.241000	3.272000	3.303000	3.335000	3.381000	3.413000	3.444000	3.475000	3.506000	3.537000	3.569000	3.615000	3.647000	3.678000	3.709000	3.740000	3.771000	3.803000	3.849000	3.881000	3.912000	3.943000	3.974000	4.005000	4.037000	4.068000	4.115000	4.146000	4.177000	4.208000	4.239000	4.271000	4.302000	4.349000	4.380000	4.411000	4.442000	4.473000	4.505000	4.536000	4.583000	4.614000	4.645000	4.676000	4.707000	4.739000	4.770000	4.801000	4.848000	4.879000	4.910000	4.941000	4.973000	5.004000	5.035000	5.066000	5.113000	5.144000	5.175000	5.207000	5.238000	5.269000	5.300000	5.347000	5.378000	5.409000	5.441000	5.472000	5.503000	5.534000	5.581000	5.612000	5.643000	5.675000	5.706000	5.737000	5.768000	5.799000	5.846000	5.877000	5.909000	5.940000	5.971000	6.002000	6.033000	6.080000	6.111000	6.143000	6.174000	6.205000	6.236000	6.267000	6.314000	6.345000	6.377000	6.408000	6.439000	6.470000	6.501000	6.533000	6.579000	6.611000	6.642000	6.673000	6.704000	6.735000	6.767000	6.813000	6.845000	6.876000	6.907000	6.938000	6.969000	7.001000	7.047000	7.079000	7.110000	7.141000	7.172000	7.203000	7.235000	7.266000	7.313000	7.344000	7.375000	7.406000	7.437000	7.469000	7.500000	7.547000	7.578000	7.609000	7.640000	7.671000	7.703000	7.734000	7.781000	7.812000	7.843000	7.874000	7.905000	7.937000	7.968000	7.999000	8.046000	8.077000	8.108000	8.139000	8.171000	8.202000	8.233000	8.280000	8.311000	8.342000	8.373000	8.405000	8.436000	8.467000	8.514000	8.545000	8.576000	8.607000	8.639000	8.670000	8.701000	8.732000	8.779000	8.810000	8.841000	8.873000	8.904000	8.935000	8.966000	8.997000	9.044000	9.075000	9.107000	9.138000	9.169000	9.200000	9.231000	9.278000	9.309000	9.341000	9.372000	9.403000	9.434000	9.465000	9.512000	9.543000	9.575000	9.606000	9.637000	9.668000	9.699000	9.731000	9.777000	9.809000	9.840000	9.871000	9.902000	9.933000	9.965000	10.011000	10.043000	10.074000	10.105000	10.136000	10.167000	10.199000	10.245000	10.277000	10.308000	10.339000	10.370000	10.401000	10.433000	10.464000	10.511000	10.542000	10.573000	10.604000	10.635000	10.667000	10.698000	10.745000	10.776000	10.807000	10.838000	10.869000	10.901000	10.932000	10.979000	11.010000	11.041000	11.072000	11.103000	11.135000	11.166000	11.197000	11.244000	11.275000	11.306000	11.337000	11.369000	11.400000	11.431000	11.478000	11.509000	11.540000	11.571000	11.603000	11.634000	11.665000	11.712000	11.743000	11.774000	11.805000	11.837000	11.868000	11.899000	11.930000	11.977000	12.008000	12.039000	12.071000	12.102000	12.133000	12.164000	12.211000	12.242000	12.273000	12.305000	12.336000	12.367000	12.398000	12.445000	12.476000	12.507000	12.539000	12.570000	12.601000	12.632000	12.663000	12.710000	12.741000	12.773000	12.804000	12.835000	12.866000	12.897000	12.944000	12.975000	13.007000	13.038000	13.069000	13.100000	13.131000	13.163000	13.209000	13.241000	13.272000	13.303000	13.334000	13.365000	13.397000	13.443000	13.475000	13.506000	13.537000	13.568000	13.599000	13.631000	13.677000	13.709000	13.740000	13.771000	13.802000	13.833000	13.865000	13.896000	13.943000	13.974000	14.005000	14.036000	14.067000	14.099000	14.130000	14.177000	14.208000	14.239000	14.270000	14.301000	14.333000	14.364000	14.395000	14.442000	14.473000	14.504000	14.535000	14.567000	14.598000	14.629000	14.676000	14.707000	14.738000	14.769000	14.801000	14.832000	14.863000	14.910000	14.941000	14.972000	15.003000	15.035000	15.066000	15.097000	15.128000	15.175000	15.206000	15.237000	15.269000	15.300000	15.331000	15.362000	15.409000	15.440000	15.471000	15.503000	15.534000	15.565000	15.596000	15.643000	15.674000	15.705000	15.737000	15.768000	15.799000	15.830000	15.861000	15.908000	15.939000	15.971000	16.002000	16.033000	16.064000	16.095000	16.142000	16.173000	16.205000	16.236000	16.267000	16.298000	16.329000	16.376000	16.407000	16.439000	16.470000	16.501000	16.532000	16.563000	16.595000	16.641000	16.673000	16.704000	16.735000	16.766000	16.797000	16.829000	16.875000	16.907000	16.938000	16.969000	17.000000	17.031000	17.063000	17.094000	17.141000	17.172000	17.203000	17.234000	17.265000	17.297000	17.328000	17.375000	17.406000	17.437000	17.468000	17.499000	17.531000	17.562000	17.609000	17.640000	17.671000	17.702000	17.733000	17.765000	17.796000	17.827000	17.874000	17.905000	17.936000	17.967000	17.999000	18.030000	18.061000	18.108000	18.139000	18.170000	18.201000	18.233000	18.264000	18.295000	18.342000	18.373000	18.404000	18.435000	18.467000	18.498000	18.529000	18.560000	18.607000	18.638000	18.669000	18.701000	18.732000	18.763000	18.794000	18.841000	18.872000	18.903000	18.935000	18.966000	18.997000	19.028000	19.075000	19.106000	19.137000	19.169000	19.200000	19.231000	19.262000	19.293000	19.340000	19.371000	19.403000	19.434000	19.465000	19.496000	19.527000	19.574000	19.605000	19.637000	19.668000	19.699000	19.730000	19.761000	19.793000	19.839000	19.871000	19.902000	19.933000	19.964000	19.995000	20.027000	20.073000	20.105000	20.136000	20.167000	20.198000	20.229000	20.261000	20.307000	20.339000	20.370000	20.401000	20.432000	20.463000	20.495000	20.526000	20.573000	20.604000	20.635000	20.666000	20.697000	20.729000	20.760000	20.807000	20.838000	20.869000	20.900000	20.931000	20.963000	20.994000	21.025000	21.072000	21.103000	21.134000	21.165000	21.197000	21.228000	21.259000	21.306000	21.337000	21.368000	21.399000	21.431000	21.462000	21.493000	21.540000	21.571000	21.602000	21.633000	21.665000	21.696000	21.727000	21.758000	21.805000	21.836000	21.867000	21.899000	21.930000	21.961000	21.992000	22.039000	22.070000	22.101000	22.133000	22.164000	22.195000	22.226000	22.273000	22.304000	22.335000	22.367000	22.398000	22.429000	22.460000	22.491000	22.538000	22.569000	22.601000	22.632000	22.663000	22.694000	22.725000	22.772000	22.803000	22.835000	22.866000	22.897000	22.928000	22.959000	23.006000	23.037000	23.069000	23.100000	23.131000	23.162000	23.193000	23.225000	23.271000	23.303000	23.334000	23.365000	23.396000	23.427000	23.459000	23.505000	23.537000	23.568000	23.599000	23.630000	23.661000	23.693000	23.739000	23.771000	23.802000	23.833000	23.864000	23.895000	23.927000	23.958000	24.005000	24.036000	24.067000	24.098000	24.129000	24.161000	24.192000	24.239000	24.270000	24.301000	24.332000	24.363000	24.395000	24.426000	24.473000	24.504000	24.535000	24.566000	24.597000	24.629000	24.660000	24.691000	24.738000	24.769000	24.800000	24.831000	24.863000	24.894000	24.925000	24.956000	25.003000	25.034000	25.065000	25.097000	25.128000	25.159000	25.190000	25.237000	25.268000	25.299000	25.331000	25.362000	25.393000	25.424000	25.471000	25.502000	25.533000	25.565000	25.596000	25.627000	25.658000	25.689000	25.736000	25.767000	25.799000	25.830000	25.861000	25.892000	25.923000	25.970000	26.001000	26.033000	26.064000	26.095000	26.126000	26.157000	26.204000	26.235000	26.267000	26.298000	26.329000	26.360000	26.391000	26.423000	26.469000	26.501000	26.532000	26.563000	26.594000	26.625000	26.657000	26.703000	26.735000	26.766000	26.797000	26.828000	26.860000	26.891000	26.938000	26.969000	27.000000	27.031000	27.062000	27.094000	27.125000	27.156000	27.203000	27.234000	27.265000	27.296000	27.328000	27.359000	27.390000	27.437000	27.468000	27.499000	27.530000	27.562000	27.593000	27.624000	27.671000	27.702000	27.733000	27.764000	27.796000	27.827000	27.858000	27.889000	27.936000	27.967000	27.998000	28.030000	28.061000	28.092000	28.123000	28.170000	28.201000	28.232000	28.264000	28.295000	28.326000	28.357000	28.404000	28.435000	28.466000	28.498000	28.529000	28.560000	28.591000	28.622000	28.669000	28.700000	28.732000	28.763000	28.794000	28.825000	28.856000	28.888000	28.934000	28.966000	28.997000	29.028000	29.059000	29.090000	29.122000	29.168000	29.200000	29.231000	29.262000	29.293000	29.324000	29.356000	29.402000	29.434000	29.465000	29.496000	29.527000	29.558000	29.590000	29.621000	29.668000	29.699000	29.730000	29.761000	29.792000	29.824000	29.855000	29.902000	29.933000	29.964000	29.995000
%%%	0.000000	0.000000	0.000000	0.000000	0.000000	0.000000	0.000000	0.000000	0.000000	0.000000	0.000000	0.000000	0.000000	0.000000	0.000000	0.000000	0.000000	0.000000	0.000000	0.000000	0.000000	0.000000	0.000000	0.000000	0.000000	0.000000	0.000000	0.000000	0.000000	0.000000	0.000000	0.000000	0.000000	0.000000	0.000000	0.000000	0.000000	0.000000	0.000000	0.000000	0.000000	0.000000	0.000000	0.000000	0.000000	0.000000	0.000000	0.000000	0.000000	0.000000	0.000000	0.000000	0.000000	0.000000	0.000000	0.000000	0.000000	0.000000	0.000000	0.000000	0.000000	0.000000	0.000000	0.000000	0.000000	0.000000	0.000000	0.000000	0.000000	0.000000	0.000000	0.000000	0.000000	0.000000	0.000000	0.000000	0.000000	0.000000	0.000000	0.000000	0.000000	0.000000	0.000000	0.000000	0.000000	0.000000	0.000000	0.000000	0.000000	0.000000	0.000000	0.000000	0.000000	0.000000	0.000000	0.000000	0.000000	0.000000	0.000000	0.000000	0.000000	0.000000	0.000000	0.000000	0.000000	0.000000	0.000000	0.000000	0.000000	0.000000	0.000000	0.000000	0.000000	0.000000	0.000000	0.000000	0.000000	0.000000	0.000000	0.000000	0.000000	0.000000	0.000000	0.000000	0.000000	0.000000	0.000000	0.000000	0.000000	0.000000	0.000000	0.000000	0.000000	0.000000	0.000000	0.000000	0.000000	0.000000	0.000000	0.000000	0.000000	0.000000	0.000000	0.000000	0.000000	0.000000	0.000000	0.000000	0.000000	0.000000	0.000000	0.000000	0.000000	0.000000	0.000000	0.000000	0.000000	0.000000	0.000000	0.000000	0.000000	0.000000	0.000000	0.000000	0.000000	0.000000	0.000000	0.000000	0.000000	0.000000	0.000000	0.000000	0.000000	0.000000	0.000000	0.000000	0.000000	0.000000	0.000000	0.000000	0.000000	0.000000	0.000000	0.000000	0.000000	0.000000	0.000000	0.000000	0.000000	0.000000	0.000000	0.000000	0.000000	0.000000	0.000000	0.000000	0.000000	0.000000	0.000000	0.000000	0.000000	0.000000	0.000000	0.000000	0.000000	0.000000	0.000000	0.000000	0.000000	0.000000	0.000000	0.000000	0.000000	0.000000	0.000000	0.000000	0.000000	0.000000	0.000000	0.000000	0.000000	0.000000	0.000000	0.000000	0.000000	0.000000	0.000000	0.000000	0.000000	0.000000	0.000000	0.000000	0.000000	0.000000	0.000000	0.000000	0.000000	0.000000	0.000000	0.000000	0.000000	0.000000	0.000000	0.000000	0.000000	0.000000	0.000000	0.000000	0.000000	0.000000	0.000000	0.000000	0.000000	0.000000	0.000000	0.000000	0.000000	0.000000	0.000000	0.000000	0.000000	0.000000	0.000000	0.000000	0.000000	0.000000	0.000000	0.000000	0.000000	0.000000	0.000000	0.000000	0.000000	0.000000	0.000000	0.000000	0.000000	0.000000	0.000000	0.000000	0.000000	0.000000	0.000000	0.000000	0.000000	0.000000	0.000000	0.000000	0.000000	0.000000	0.000000	0.000000	0.000000	0.000000	0.000000	0.000000	0.000000	0.000000	0.000000	0.000000	0.000000	0.000000	0.000000	0.000000	0.000000	0.000000	0.000000	0.000000	0.000000	0.000000	0.000000	0.000000	0.000000	0.000000	0.000000	0.000000	0.000000	0.000000	0.000000	0.000000	0.000000	0.000000	0.000000	0.000000	0.000000	0.000000	0.000000	0.000000	0.000000	0.000000	0.000000	0.000000	0.000000	0.000000	0.000000	0.000000	0.000000	0.000000	0.000000	0.000000	0.000000	0.000000	0.000000	0.000000	0.000000	0.000000	0.000000	0.000000	0.000000	0.000000	0.000000	0.000000	0.000000	0.000000	0.000000	0.000000	0.000000	0.000000	0.000000	0.000000	0.000000	0.000000	0.000000	0.000000	0.000000	0.000000	0.000000	0.000000	0.000000	0.000000	0.000000	0.000000	0.000000	0.000000	0.000000	0.000000	0.000000	0.000000	0.000000	0.000000	0.000000	0.000000	0.000000	0.000000	0.000000	0.000000	0.000000	0.000000	0.000000	0.000000	0.000000	0.000000	0.000000	0.000000	0.000000	0.000000	0.000000	0.000000	0.000000	0.000000	0.000000	0.000000	0.000000	0.000000	0.000000	0.000000	0.000000	0.000000	0.000000	0.000000	0.000000	0.000000	0.000000	0.000000	0.000000	0.000000	0.000000	0.000000	0.000000	0.000000	0.000000	0.000000	0.000000	0.000000	0.000000	0.000000	0.000000	0.000000	0.000000	0.000000	0.000000	0.000000	0.000000	0.000000	0.000000	0.000000	0.000000	0.000000	0.000000	0.000000	0.000000	0.000000	0.000000	0.000000	0.000000	0.000000	0.000000	0.000000	0.000000	0.000000	0.000000	0.000000	0.000000	0.000000	0.000000	0.000000	0.000000	0.000000	0.000000	0.000000	0.000000	0.000000	0.000000	0.000000	0.000000	0.000000	0.000000	0.000000	0.000000	0.000000	0.000000	0.000000	0.000000	0.000000	0.000000	0.000000	0.000000	0.000000	0.000000	0.000000	0.000000	0.000000	0.000000	0.000000	0.000000	0.000000	0.000000	0.000000	0.000000	0.000000	0.000000	0.000000	0.000000	0.000000	0.000000	0.000000	0.000000	0.000000	0.000000	0.000000	0.000000	0.000000	0.000000	0.000000	0.000000	0.000000	0.000000	0.000000	0.000000	0.000000	0.000000	0.000000	0.000000	0.000000	0.000000	0.000000	0.000000	0.000000	0.000000	0.000000	0.000000	0.000000	0.000000	0.000000	0.000000	0.000000	0.000000	0.000000	0.000000	0.000000	0.000000	0.000000	0.000000	0.000000	0.000000	0.000000	0.000000	0.000000	0.000000	0.000000	0.000000	0.000000	0.000000	0.000000	0.000000	0.000000	0.000000	0.000000	0.000000	0.000000	0.000000	0.000000	0.000000	0.000000	0.000000	0.000000	0.000000	0.000000	0.000000	0.000000	0.000000	0.000000	0.000000	0.000000	0.000000	0.000000	0.000000	0.000000	0.000000	0.000000	0.000000	0.000000	0.000000	0.000000	0.000000	0.000000	0.000000	0.000000	0.000000	0.000000	0.000000	0.000000	0.000000	0.000000	0.000000	0.000000	0.000000	0.000000	0.000000	0.000000	0.000000	0.000000	0.000000	0.000000	0.000000	0.000000	0.000000	0.000000	0.000000	0.000000	0.000000	0.000000	0.000000	0.000000	0.000000	0.000000	0.000000	0.000000	0.000000	0.000000	0.000000	0.000000	0.000000	0.000000	0.000000	0.000000	0.000000	0.000000	0.000000	0.000000	0.000000	0.000000	0.000000	0.000000	0.000000	0.000000	0.000000	0.000000	0.000000	0.000000	0.000000	0.000000	0.000000	0.000000	0.000000	0.000000	0.000000	0.000000	0.000000	0.000000	0.000000	0.000000	0.000000	0.000000	0.000000	0.000000	0.000000	0.000000	0.000000	0.000000	0.000000	0.000000	0.000000	0.000000	0.000000	0.000000	0.000000	0.000000	0.000000	0.000000	0.000000	0.000000	0.000000	0.000000	0.000000	0.000000	0.000000	0.000000	0.000000	0.000000	0.000000	0.000000	0.000000	0.000000	0.000000	0.000000	0.000000	0.000000	0.000000	0.000000	0.000000	0.000000	0.000000	0.000000	0.000000	0.000000	0.000000	0.000000	0.000000	0.000000	0.000000	0.000000	0.000000	0.000000	0.000000	0.000000	0.000000	0.000000	0.000000	0.000000	0.000000	0.000000	0.000000	0.000000	0.000000	0.000000	0.000000	0.000000	0.000000	0.000000	0.000000	0.000000	0.000000	0.000000	0.000000	0.000000	0.000000	0.000000	0.000000	0.000000	0.000000	0.000000	0.000000	0.000000	0.000000	0.000000	0.000000	0.000000	0.000000	0.000000	0.000000	0.000000	0.000000	0.000000	0.000000	0.000000	0.000000	0.000000	0.000000	0.000000	0.000000	0.000000	0.000000	0.000000	0.000000	0.000000	0.000000	0.000000	0.000000	0.000000	0.000000	0.000000	0.000000	0.000000	0.000000	0.000000	0.000000	0.000000	0.000000	0.000000	0.000000	0.000000	0.000000	0.000000	0.000000	0.000000	0.000000	0.000000	0.000000	0.000000	0.000000	0.000000	0.000000	0.000000	0.000000	0.000000	0.000000	0.000000	0.000000	0.000000	0.000000	0.000000	0.000000	0.000000	0.000000	0.000000	0.000000	0.000000	0.000000	0.000000	0.000000	0.000000	0.000000	0.000000	0.000000	0.000000	0.000000	0.000000	0.000000	0.000000	0.000000	0.000000	0.000000	0.000000	0.000000	0.000000	0.000000	0.000000	0.000000	0.000000	0.000000	0.000000	0.000000	0.000000	0.000000	0.000000	0.000000	0.000000	0.000000	0.000000	0.000000	0.000000	0.000000	0.000000	0.000000	0.000000	0.000000	0.000000	0.000000	0.000000	0.000000	0.000000	0.000000	0.000000	0.000000	0.000000	0.000000	0.000000	0.000000	0.000000	0.000000	0.000000	0.000000	0.000000	0.000000	0.000000	0.000000	0.000000	0.000000	0.000000	0.000000	0.000000	0.000000	0.000000	0.000000	0.000000	0.000000	0.000000	0.000000	0.000000	0.000000	0.000000	0.000000	0.000000	0.000000	0.000000	0.000000	0.000000	0.000000	0.000000	0.000000	0.000000	0.000000	0.000000	0.000000	0.000000	0.000000	0.000000	0.000000	0.000000	0.000000	0.000000	0.000000	0.000000	0.000000	0.000000	0.000000	0.000000	0.000000	0.000000	0.000000	0.000000	0.000000	0.000000	0.000000	0.000000	0.000000	0.000000	0.000000	0.000000	0.000000	0.000000	0.000000
%%%	Pulse Index	Stimulus Section Index	Stimulus Section Start Index	Stimulus Section End Index	Pupil Stimulated: 0 = Right, 1 = Left, 2 = Both	Light Metric: 0 = Photopic, 1 = Scopotic, 2 = Radiometric	Stimulus Start Time	Stimulus Duration	Stimulus Pulse Duration	Right Pulse Max Level	Right Pulse Max Color (0123 = WRGB)	Right Pulse Min Level	Right Pulse Min Color (0123 = WRGB)	Left Pulse Max Level	Left Pulse Max Color (0123 = WRGB)	Left Pulse Min Level	Left Pulse Min Color (0123 = WRGB)	Right Data Input Type (0 == RAW DATA, 1 == FITTED DATA, 2 == M. OVERRIDED)	Right ANALYSIS STATE (0 == ABNORMAL, 1 == NORMAL)	Right MAX (mm) (EMPTY if INVALID)	Right MIN (mm) (EMPTY if INVALID)	Right DELTA (mm) (EMPTY if INVALID)	Right CH (%) (EMPTY if INVALID)	Right LAT (sec) (EMPTY if INVALID)	Right CV (mm/s) (EMPTY if INVALID)	Right MCV (mm/s) (EMPTY if INVALID)	Right DV (mm/s) (EMPTY if INVALID)	Left Data Input Type (0 == RAW DATA, 1 == FITTED DATA, 2 == M. OVERRIDED)	Left ANALYSIS STATE (0 == ABNORMAL, 1 == NORMAL)	Left MAX (mm) (EMPTY if INVALID)	Left MIN (mm) (EMPTY if INVALID)	Left DELTA (mm) (EMPTY if INVALID)	Left CH (%) (EMPTY if INVALID)	Left LAT (sec) (EMPTY if INVALID)	Left CV (mm/s) (EMPTY if INVALID)	Left MCV (mm/s) (EMPTY if INVALID)	Left DV (mm/s) (EMPTY if INVALID)
%%%	0	0	18	902	0	0	0.51	29.52	0.51	15.81	3	0.00	3	0.00	3	0.00	3	0	0	0.00	0.00			0.00	0.00	0.00	0.00	0	0	0.00	0.00			0.00	0.00	0.00	0.00
%%%%%%%%%
%%%%%%%%%
%%%%%%%%%
<\SESSION>
