<SESSION>
<VERSION>
2
<\VERSION>
<DATE>
2017-12-05 10:38:16
<\DATE>
<SUBJECT-ID>
c57bl6-4.11.17-1mois-DAOG-M1-1.2b
<\SUBJECT-ID>
<NOTE>

<\NOTE>
<MIN-MAX-PLOT>
0.100000 51880.761719
<\MIN-MAX-PLOT>
<STIMULUS-DEFINED>
Default
Default Human Relative Spectral Sensitivity
1	0
1	0.500000	0.500000	29.000000	3	3	1.200000	-100.000000	0.100000	-100.000000	0
<\STIMULUS-DEFINED>
<STIMULUS-GENERATED>
4
0	0	0.000000	3	0.000000	0.000000	3	0.000000	0.000000
0	1	0.509000	3	0.299242	15.810344	3	0.000000	0.000000
0	4	1.019000	3	0.000000	0.000000	3	0.000000	0.000000
-1	5	30.028000	0	0.000000	0.000000	0	0.000000	0.000000
<\STIMULUS-GENERATED>
<RIGHT-PUPIL-DATA>
903	1
1	-0.051000	1.062029	331.225006	303.725006
1	-0.020000	1.078841	330.000000	304.000000
1	0.011000	1.078261	330.000000	304.500000
1	0.043000	1.078261	330.500000	304.000000
1	0.074000	1.102754	330.206238	304.043762
1	0.121000	1.066377	330.337494	303.662506
1	0.152000	1.079855	331.031250	303.468750
1	0.183000	1.070725	330.024994	303.600006
1	0.214000	0.988116	330.037506	302.287506
1	0.245000	1.079855	330.581238	303.581238
1	0.277000	1.098841	329.899994	303.725006
1	0.308000	1.078261	329.500000	304.000000
1	0.339000	1.090290	330.181244	303.818756
1	0.386000	1.059275	331.031250	303.781250
1	0.417000	1.081015	330.031250	303.981262
1	0.448000	1.061884	331.243744	302.743744
0	0.479000	0.939710	328.500000	301.500000
1	0.511000	1.066667	330.000000	302.500000
1	0.542000	1.055362	331.350006	302.787506
1	0.573000	1.044058	330.500000	303.500000
1	0.620000	1.079275	331.006256	303.543732
1	0.651000	1.070145	331.250000	304.125000
1	0.682000	1.081594	331.506256	304.006256
1	0.713000	1.078116	331.256256	304.506256
1	0.745000	1.071014	331.125000	304.362488
1	0.776000	1.071014	331.362488	305.237488
0	0.807000	0.893333	329.899994	302.399994
1	0.854000	1.044203	331.143738	305.518738
1	0.885000	1.026087	330.625000	305.125000
1	0.916000	0.987536	331.687500	304.750000
1	0.947000	0.981449	331.212494	304.350006
1	0.979000	0.924928	330.837494	304.475006
1	1.010000	0.927101	331.443756	304.443756
1	1.041000	0.912464	331.375000	305.112488
1	1.072000	0.877536	331.956238	304.643738
1	1.119000	0.851594	332.125000	304.750000
1	1.150000	0.800580	333.000000	303.250000
1	1.181000	0.839275	331.556244	304.556244
0	1.213000	0.649275	332.000000	301.500000
1	1.244000	0.752319	331.443756	304.443756
1	1.275000	0.788116	332.212494	305.662506
0	1.306000	0.498406	331.406250	301.593750
0	1.353000	0.521015	330.668762	302.518738
1	1.384000	0.733623	331.787506	305.787506
0	1.415000	0.529275	331.412506	302.399994
1	1.447000	0.716377	331.056244	306.056244
0	1.478000	0.459855	331.618744	302.381256
0	1.509000	0.492029	334.793762	302.418762
1	1.540000	0.690290	331.568756	305.818756
0	1.571000	0.478841	333.000000	301.125000
0	1.618000	0.521739	332.500000	302.000000
1	1.649000	0.670145	331.500000	305.375000
0	1.681000	0.414058	330.743744	300.556244
1	1.712000	0.638116	331.056244	306.131256
0	1.743000	0.568116	331.000000	303.500000
1	1.774000	0.695797	332.006256	305.743744
1	1.805000	0.648985	331.600006	306.287506
1	1.852000	0.639855	331.193756	306.043732
0	1.883000	0.568116	333.500000	304.000000
0	1.915000	0.486957	333.937500	301.937500
1	1.946000	0.637681	331.000000	303.500000
0	1.977000	0.448406	333.562500	300.562500
0	2.008000	0.508261	334.281311	301.331299
1	2.039000	0.690145	332.949982	304.587494
0	2.071000	0.347826	236.606842	377.893158
0	2.117000	0.531594	332.600006	301.524994
0	2.149000	0.507536	332.537506	301.337494
0	2.180000	0.347826	216.606842	397.893158
1	2.211000	0.683623	332.543732	304.443756
0	2.242000	0.347826	204.606842	410.000000
0	2.273000	0.347826	220.606842	393.893158
0	2.305000	0.530725	334.149963	301.375000
1	2.351000	0.684638	331.962494	303.524994
0	2.383000	0.347826	224.606842	389.893158
1	2.414000	0.654928	331.418701	304.093750
1	2.445000	0.659275	331.468750	303.518738
0	2.476000	0.540290	333.274994	299.274994
0	2.507000	0.446377	331.500000	298.500000
1	2.539000	0.689710	331.906250	302.406250
0	2.585000	0.347826	224.606842	389.893158
0	2.617000	0.522319	332.500000	299.500000
1	2.648000	0.712319	332.093750	302.731262
1	2.679000	0.730435	333.000000	303.500000
1	2.710000	0.508696	333.875000	300.375000
0	2.741000	0.347826	224.606842	389.893158
0	2.773000	0.445072	329.531250	300.393738
0	2.804000	0.347826	212.606842	401.893158
1	2.851000	0.732029	331.831238	304.581238
1	2.882000	0.712464	331.125000	304.125000
1	2.913000	0.737971	331.787506	304.350006
1	2.944000	0.722754	331.618744	305.006256
0	2.975000	0.446812	331.756256	300.818756
1	3.007000	0.654928	330.156250	304.968750
1	3.038000	0.712464	331.875000	305.125000
1	3.085000	0.700580	332.062500	304.687500
1	3.116000	0.742319	332.662506	305.287506
1	3.147000	0.715797	332.281250	305.031250
1	3.178000	0.718551	332.087494	305.087494
0	3.209000	0.533333	334.250000	302.250000
0	3.241000	0.591449	330.631256	304.006256
1	3.272000	0.736377	332.531250	305.531250
0	3.319000	0.531449	334.381256	301.618744
1	3.350000	0.711449	334.718750	304.906250
0	3.381000	0.449855	331.225006	300.462494
1	3.412000	0.742029	332.875000	304.625000
0	3.443000	0.347826	236.606842	377.893158
0	3.475000	0.572319	333.843689	306.156250
1	3.506000	0.705507	333.024994	303.787506
0	3.537000	0.347826	216.606842	397.893158
1	3.584000	0.747681	333.343750	303.343750
1	3.615000	0.743043	333.643738	303.293762
0	3.646000	0.347826	220.606842	393.893158
1	3.677000	0.752754	333.687500	303.687500
1	3.709000	0.753333	334.337494	304.162506
1	3.740000	0.753768	333.656250	304.406250
0	3.771000	0.753623	334.000000	302.500000
0	3.818000	0.347826	212.606842	401.893158
0	3.849000	0.347826	200.606842	410.000000
0	3.880000	0.568986	334.937500	299.187500
1	3.911000	0.747971	334.381256	302.793732
0	3.943000	0.579855	334.843750	299.706238
1	3.974000	0.753623	334.000000	302.500000
0	4.005000	0.347826	228.606842	389.893158
1	4.052000	0.745072	334.281250	304.281250
1	4.083000	0.738551	334.500000	303.750000
1	4.114000	0.744493	334.306244	304.306244
1	4.145000	0.711594	333.906250	304.156250
1	4.177000	0.564638	335.000000	301.812500
1	4.208000	0.747826	334.000000	304.500000
0	4.239000	0.539710	335.750000	301.750000
0	4.270000	0.693333	332.600006	305.962494
0	4.317000	0.539710	335.500000	302.500000
1	4.348000	0.776812	334.187500	306.187500
1	4.379000	0.522319	336.500000	301.750000
1	4.411000	0.754928	333.881226	305.606262
0	4.442000	0.496232	333.125000	301.937500
0	4.473000	0.567971	334.906250	302.093750
0	4.504000	0.557681	335.975006	301.850006
1	4.551000	0.666377	332.462494	304.462494
1	4.582000	0.742898	333.674988	304.312500
0	4.613000	0.475362	339.000000	303.500000
1	4.645000	0.722754	333.381256	304.006256
1	4.676000	0.752174	334.500000	303.750000
1	4.707000	0.758696	334.312500	303.812500
1	4.738000	0.562464	336.031250	300.781250
0	4.785000	0.620145	333.718750	302.218750
0	4.816000	0.533768	335.668823	300.618713
1	4.847000	0.779710	334.187500	304.312500
0	4.879000	0.660870	335.000000	303.500000
0	4.910000	0.525072	336.256256	299.806244
0	4.941000	0.617246	333.731232	299.743744
1	4.972000	0.788406	333.875000	302.625000
0	5.003000	0.347826	216.606842	397.893158
0	5.050000	0.347826	220.606842	393.893158
0	5.081000	0.347826	232.606842	385.893158
0	5.113000	0.429420	331.818756	297.681244
1	5.144000	0.788986	334.024994	302.037506
0	5.175000	0.347826	236.606842	381.893158
1	5.206000	0.773768	333.556244	302.743744
0	5.237000	0.347826	220.606842	393.893158
1	5.284000	0.796667	333.943756	302.056244
0	5.315000	0.347826	216.606842	397.893158
1	5.347000	0.755507	333.381256	302.168732
1	5.378000	0.760290	332.737488	302.437500
0	5.409000	0.492319	332.868744	297.106232
0	5.440000	0.347826	216.606842	397.893158
1	5.471000	0.801159	332.975006	301.975006
1	5.503000	0.751015	332.537506	301.537506
0	5.549000	0.347826	236.606842	381.893158
0	5.581000	0.347826	224.606842	389.893158
1	5.612000	0.794203	333.062500	301.812500
0	5.643000	0.347826	224.606842	389.893158
0	5.674000	0.595942	333.412750	297.975006
0	5.705000	0.347826	216.606842	397.893158
1	5.737000	0.777681	333.312500	301.687500
1	5.783000	0.807681	333.193756	301.418732
0	5.815000	0.557536	334.968536	298.006256
0	5.846000	0.498406	331.093750	297.781250
0	5.877000	0.347826	224.606842	389.893158
0	5.908000	0.347826	244.606842	369.893158
0	5.939000	0.347826	236.606842	377.893158
0	5.971000	0.512029	331.381256	297.131256
0	6.017000	0.347826	228.606842	385.893158
0	6.049000	0.347826	216.606842	397.893158
0	6.080000	0.347826	220.606842	393.893158
0	6.111000	0.347826	264.606842	357.893158
0	6.142000	0.347826	228.606842	385.893158
1	6.173000	0.796812	333.037506	301.912506
0	6.205000	0.347826	260.606842	357.893158
1	6.236000	0.818406	333.793732	302.181244
1	6.283000	0.796667	333.056244	302.806244
1	6.314000	0.809420	333.643738	302.393738
1	6.345000	0.776812	333.500000	302.000000
1	6.376000	0.800580	333.875000	302.500000
1	6.407000	0.814058	333.306244	302.731232
1	6.439000	0.765072	332.506256	302.043793
1	6.470000	0.815362	333.787506	302.287506
1	6.517000	0.813623	333.312500	302.262512
0	6.548000	0.347826	220.606842	393.893158
1	6.579000	0.803188	333.174988	302.000000
1	6.610000	0.801594	333.081238	302.018738
1	6.641000	0.802319	332.974945	301.987518
0	6.673000	0.347826	228.606842	385.893158
1	6.704000	0.794638	333.068756	302.056244
0	6.751000	0.347826	220.606842	393.893158
0	6.782000	0.347826	212.606842	401.893158
0	6.813000	0.347826	216.606842	397.893158
0	6.844000	0.743623	332.318756	302.318756
1	6.875000	0.801015	332.993744	302.993744
1	6.907000	0.801015	332.493744	302.993744
1	6.938000	0.797101	332.000000	303.000000
1	6.969000	0.805362	332.818756	302.818756
1	7.016000	0.748406	331.687500	301.625000
0	7.047000	0.347826	220.606842	393.893158
1	7.078000	0.817971	332.812500	303.187500
1	7.109000	0.800000	333.000000	303.500000
1	7.141000	0.800000	333.125000	303.375000
1	7.172000	0.797391	332.062500	303.062500
1	7.203000	0.768551	333.506226	303.056152
0	7.250000	0.459855	331.693756	298.381256
1	7.281000	0.785362	333.281250	303.706238
1	7.312000	0.794493	332.024994	303.912506
1	7.343000	0.807246	332.987488	303.987488
0	7.375000	0.559275	333.206299	299.968750
1	7.406000	0.814638	333.281250	304.718750
1	7.437000	0.800145	332.868744	304.543732
1	7.484000	0.801594	332.218750	304.031250
0	7.515000	0.347826	224.606842	393.893158
1	7.546000	0.800000	332.500000	304.000000
1	7.577000	0.779275	332.856232	304.756256
1	7.609000	0.811594	333.000000	304.500000
1	7.640000	0.759710	333.837494	304.462494
0	7.671000	0.689420	332.543732	302.543732
1	7.702000	0.783333	332.368744	304.118744
1	7.749000	0.811449	333.156250	304.281250
1	7.780000	0.800580	333.000000	305.000000
0	7.811000	0.584203	333.906250	300.906250
0	7.843000	0.626087	333.000000	302.500000
1	7.874000	0.778261	333.125000	305.250000
1	7.905000	0.792464	333.149994	305.637482
1	7.936000	0.800580	333.500000	305.487488
1	7.983000	0.773913	332.906250	304.781250
1	8.014000	0.754346	332.969025	304.480865
1	8.045000	0.708841	331.868744	304.231232
1	8.077000	0.781449	332.975006	304.149994
1	8.108000	0.789855	333.031250	304.031250
1	8.139000	0.796812	333.412506	304.912506
1	8.170000	0.791884	333.125000	304.125000
1	8.201000	0.785507	332.950012	304.299988
1	8.248000	0.779275	333.381256	303.756256
0	8.279000	0.717971	332.187500	303.687500
1	8.311000	0.783768	333.225006	303.725006
0	8.342000	0.660870	335.000000	299.500000
1	8.373000	0.796812	333.100006	303.912506
1	8.404000	0.703768	330.924988	304.750000
1	8.435000	0.805507	333.162506	302.837494
1	8.482000	0.797826	333.081268	303.868744
1	8.513000	0.783188	333.075012	303.750000
1	8.545000	0.747681	332.756226	303.343750
1	8.576000	0.797101	333.250000	304.000000
1	8.607000	0.801159	332.975006	303.975006
0	8.638000	0.475362	335.000000	299.500000
1	8.669000	0.793768	332.981232	303.881195
1	8.716000	0.792464	333.975006	303.850006
1	8.747000	0.725507	332.062500	304.562500
0	8.779000	0.658985	332.431305	302.168732
0	8.810000	0.347826	212.606842	401.893158
1	8.841000	0.796232	333.062500	304.062500
1	8.872000	0.778116	333.806244	303.193756
1	8.903000	0.796377	333.062500	303.937500
1	8.935000	0.764058	333.524994	303.524994
1	8.981000	0.805507	334.162506	303.162506
1	9.013000	0.781449	333.149994	303.649994
0	9.044000	0.747681	332.156250	303.343750
1	9.075000	0.796232	333.062500	303.937500
1	9.106000	0.722899	332.100006	302.024994
1	9.137000	0.811594	333.000000	302.500000
1	9.169000	0.800000	333.125000	303.125000
1	9.215000	0.809855	332.774994	303.050018
1	9.247000	0.755942	332.375000	303.500000
0	9.278000	0.347826	216.606842	397.893158
1	9.309000	0.800000	333.125000	303.125000
1	9.340000	0.809710	333.118744	303.118744
1	9.371000	0.800580	333.000000	303.000000
1	9.403000	0.822319	333.062500	302.937500
1	9.434000	0.833768	332.943756	302.431244
0	9.481000	0.579275	332.181244	298.181244
1	9.512000	0.814638	332.856262	302.681152
0	9.543000	0.347826	272.606842	345.893158
0	9.574000	0.557101	330.000000	299.500000
0	9.605000	0.690145	335.412506	302.587494
1	9.637000	0.803333	332.943756	303.143707
1	9.668000	0.800580	333.000000	303.000000
1	9.715000	0.797246	332.968750	302.906250
1	9.746000	0.794493	333.087494	302.912506
1	9.777000	0.800580	333.000000	303.000000
1	9.808000	0.810290	333.093750	302.906250
1	9.839000	0.800580	333.000000	303.000000
0	9.871000	0.568116	335.250000	299.750000
0	9.902000	0.453043	328.662476	299.337524
1	9.949000	0.814058	332.306244	303.256256
1	9.980000	0.831015	333.562500	303.562500
1	10.011000	0.805797	333.875000	303.375000
1	10.042000	0.805942	332.156250	303.156250
1	10.073000	0.814058	332.306244	303.693756
1	10.105000	0.814928	333.181244	303.743744
1	10.136000	0.835362	332.500000	303.375000
1	10.167000	0.796232	332.062500	302.937500
1	10.214000	0.829855	332.437500	303.500000
1	10.245000	0.833188	333.468750	303.406250
0	10.276000	0.347826	208.606842	405.893158
0	10.307000	0.347826	244.606842	369.893158
1	10.339000	0.812464	332.750000	303.737488
1	10.370000	0.801015	331.993744	303.993744
1	10.401000	0.814638	333.718750	303.781250
1	10.448000	0.829855	333.312500	303.312500
1	10.479000	0.816667	333.343750	303.768738
1	10.510000	0.811594	333.750000	304.250000
1	10.541000	0.813623	333.312500	304.299988
1	10.573000	0.811594	334.250000	304.250000
0	10.604000	0.600580	333.875000	301.375000
1	10.635000	0.833623	333.600006	304.537506
0	10.682000	0.610290	334.368713	301.518860
1	10.713000	0.817391	334.000000	304.500000
1	10.744000	0.840725	333.906250	304.656250
0	10.775000	0.476667	329.656250	300.156250
1	10.807000	0.834203	333.625000	304.000000
1	10.838000	0.821594	333.806244	304.681244
1	10.869000	0.848841	333.793762	304.818726
0	10.900000	0.475362	335.000000	299.500000
1	10.947000	0.831594	333.537445	305.437469
1	10.978000	0.826087	334.000000	304.750000
1	11.009000	0.818551	333.725006	305.350006
1	11.041000	0.840725	334.343750	305.656250
1	11.072000	0.822319	333.937500	306.062500
1	11.103000	0.800580	334.000000	306.000000
1	11.134000	0.752319	332.443756	305.556244
1	11.181000	0.824928	333.725006	306.399994
1	11.212000	0.825942	333.868744	305.868744
1	11.243000	0.814203	333.712494	305.287506
1	11.275000	0.821159	333.812500	305.187500
0	11.306000	0.740145	332.556244	304.493744
0	11.337000	0.347826	208.606842	405.893158
1	11.368000	0.801159	334.024994	304.912506
0	11.415000	0.347826	212.606842	401.893158
0	11.446000	0.621159	332.812500	301.687500
0	11.477000	0.347826	252.606842	361.893158
1	11.509000	0.825942	333.868744	304.743744
1	11.540000	0.801594	334.031250	303.968750
1	11.571000	0.842319	333.649994	303.850006
0	11.602000	0.632029	333.593750	299.781250
1	11.633000	0.776812	333.000000	303.500000
1	11.680000	0.820580	333.212494	303.787506
1	11.711000	0.794058	332.906250	303.906250
1	11.743000	0.831159	333.581238	304.318726
0	11.774000	0.753333	331.662506	304.337494
1	11.805000	0.861304	334.268707	304.818756
1	11.836000	0.866812	334.531250	304.968750
1	11.867000	0.857681	334.662506	304.662506
1	11.914000	0.853333	334.162506	304.649994
1	11.945000	0.893333	333.600006	304.600006
1	11.977000	0.892754	333.575012	304.112488
1	12.008000	0.871159	333.156250	303.906250
1	12.039000	0.878406	333.818756	303.318756
0	12.070000	0.347826	216.606842	397.893158
0	12.101000	0.499275	328.206238	299.093750
0	12.148000	0.347826	216.606842	397.893158
0	12.179000	0.347826	216.606842	397.893158
0	12.211000	0.505072	330.768738	298.281250
1	12.242000	0.892898	334.081238	303.593750
1	12.273000	0.874058	333.881256	303.606232
1	12.304000	0.877536	333.956238	303.893738
1	12.335000	0.877536	333.956238	303.956238
1	12.367000	0.874928	333.306244	303.818756
1	12.413000	0.883768	333.312592	303.762482
1	12.445000	0.869565	333.500000	303.000000
1	12.476000	0.848406	333.375000	302.812500
1	12.507000	0.876812	333.112488	303.862488
1	12.538000	0.882899	333.325012	303.674988
0	12.569000	0.347826	220.606842	393.893158
1	12.601000	0.873768	333.118744	303.256256
1	12.647000	0.872464	333.075012	303.924988
1	12.679000	0.848985	332.537506	303.787506
0	12.710000	0.347826	244.606842	369.893158
0	12.741000	0.347826	212.606842	401.893158
1	12.772000	0.869565	332.500000	304.000000
0	12.803000	0.451594	329.500000	297.500000
1	12.835000	0.886377	334.000000	304.000000
1	12.881000	0.886812	333.318756	303.743744
1	12.913000	0.865797	333.812500	304.062500
0	12.944000	0.347826	204.606842	409.893158
0	12.975000	0.347826	216.606842	397.893158
1	13.006000	0.888406	334.662445	304.187531
0	13.037000	0.347826	216.606842	397.893158
1	13.069000	0.855942	334.362488	303.437500
1	13.100000	0.869565	333.500000	303.000000
0	13.147000	0.734203	331.187500	302.474976
0	13.178000	0.526812	332.456238	297.531250
1	13.209000	0.857536	332.931244	303.068756
0	13.240000	0.347826	248.606842	365.893158
1	13.271000	0.892754	334.000000	300.500000
0	13.303000	0.424928	330.574921	296.087494
1	13.334000	0.886812	333.743744	302.631256
1	13.365000	0.881015	333.781250	303.281250
0	13.412000	0.347826	216.606842	397.893158
1	13.443000	0.885942	333.993744	303.993744
1	13.474000	0.884783	334.006256	304.306244
0	13.505000	0.604928	334.437500	299.562500
1	13.537000	0.865797	334.062469	304.774994
1	13.568000	0.783768	331.850006	304.274994
1	13.599000	0.878551	334.162506	303.899994
1	13.646000	0.860145	333.312500	303.812500
1	13.677000	0.866232	334.056244	304.056244
1	13.708000	0.833623	333.975006	304.649994
1	13.739000	0.842319	333.712494	304.850006
1	13.771000	0.833188	334.406250	304.531250
1	13.802000	0.848985	333.462494	304.787506
1	13.833000	0.840580	334.325012	304.675049
1	13.880000	0.863623	334.218750	304.781250
1	13.911000	0.835942	333.524994	304.975006
1	13.942000	0.845072	334.481262	306.093750
0	13.973000	0.672319	337.331238	303.656250
1	14.005000	0.865797	334.062500	306.187500
0	14.036000	0.459855	329.381256	302.381256
1	14.067000	0.834058	333.381226	306.018738
1	14.098000	0.865797	333.549988	305.937500
1	14.145000	0.864203	333.481232	306.756256
0	14.176000	0.607536	335.399994	302.475006
0	14.207000	0.539710	330.750000	302.750000
1	14.239000	0.866377	333.962494	307.574982
1	14.270000	0.840580	333.375000	307.875000
1	14.301000	0.797246	333.468750	307.031250
1	14.332000	0.801159	334.975006	306.850006
1	14.379000	0.839855	333.581177	308.131104
1	14.410000	0.837391	334.437500	307.000000
1	14.441000	0.840145	334.493744	306.681244
1	14.473000	0.837971	333.562378	306.437439
1	14.504000	0.833768	334.443756	305.431244
1	14.535000	0.860290	333.250000	306.625000
1	14.566000	0.861449	333.612488	306.375000
1	14.613000	0.852174	333.843750	306.593750
1	14.644000	0.836812	334.587494	306.024994
0	14.675000	0.794058	333.031250	306.093750
1	14.707000	0.852899	333.768738	306.593750
1	14.738000	0.857681	333.912506	306.287506
1	14.769000	0.849275	333.750000	305.500000
1	14.800000	0.874928	334.068756	305.068756
1	14.831000	0.857970	333.475037	304.324646
1	14.878000	0.863188	333.787506	304.774994
0	14.909000	0.611159	338.243744	302.256256
1	14.941000	0.834203	333.375000	304.562500
1	14.972000	0.866232	334.306244	305.193756
1	15.003000	0.892754	336.000000	304.500000
1	15.034000	0.730435	333.000000	303.500000
0	15.065000	0.529420	333.381256	298.868744
1	15.112000	0.866812	333.781250	304.968750
1	15.143000	0.839855	334.956238	305.443726
0	15.175000	0.614638	334.343750	301.218750
1	15.206000	0.850725	334.212494	305.437469
0	15.237000	0.753623	335.000000	303.500000
0	15.268000	0.718551	331.712494	304.662506
1	15.299000	0.794638	334.056244	305.193756
1	15.346000	0.861014	333.993744	305.756256
1	15.377000	0.834783	333.750000	304.750000
1	15.409000	0.848985	334.162506	305.212494
1	15.440000	0.828986	334.000000	304.500000
1	15.471000	0.850580	333.643738	304.831238
1	15.502000	0.834783	335.000000	304.500000
0	15.533000	0.434783	327.343170	302.106842
1	15.565000	0.835942	334.524994	304.475006
1	15.611000	0.834928	333.993744	304.431244
1	15.643000	0.866377	334.037506	304.574982
0	15.674000	0.453333	329.475006	300.475006
0	15.705000	0.579710	335.075012	300.950012
1	15.736000	0.848985	334.162506	304.787506
1	15.767000	0.842898	334.375000	305.500000
1	15.799000	0.834783	334.000000	305.500000
1	15.845000	0.857681	334.087494	305.162506
1	15.877000	0.838551	333.562500	305.500000
0	15.908000	0.637101	337.149994	302.850006
0	15.939000	0.347826	216.606842	401.893158
1	15.970000	0.800000	334.000000	304.500000
1	16.001000	0.816667	333.768738	304.768738
1	16.033000	0.853623	333.625000	305.250000
1	16.079000	0.833768	333.381256	304.568756
0	16.111000	0.478261	331.287109	299.525269
1	16.142000	0.844203	334.131256	304.706268
1	16.173000	0.850725	333.637543	305.199982
1	16.204000	0.850580	334.356262	304.831238
1	16.235000	0.866232	334.056244	304.806244
1	16.267000	0.818985	333.968750	305.156250
1	16.298000	0.855942	333.937500	305.312500
1	16.345000	0.862029	333.975006	305.274994
1	16.376000	0.865797	334.187592	305.599823
1	16.407000	0.862898	333.912476	305.962524
1	16.438000	0.839710	334.450012	305.687500
1	16.469000	0.866232	333.943756	305.193756
1	16.501000	0.852174	334.375000	305.125000
1	16.532000	0.853768	333.318787	305.231262
1	16.579000	0.866377	333.962494	305.037506
1	16.610000	0.829710	333.956238	305.531250
1	16.641000	0.835797	334.493744	305.618744
0	16.672000	0.782464	333.243744	305.743744
1	16.703000	0.823188	334.500000	305.000000
1	16.735000	0.853333	334.399994	305.762482
1	16.766000	0.824493	334.281250	306.143738
1	16.813000	0.834783	335.000000	305.500000
0	16.844000	0.750000	332.562500	303.750000
1	16.875000	0.838116	334.506256	306.618744
1	16.906000	0.830869	333.105988	306.518829
1	16.937000	0.821159	334.312500	306.187500
1	16.969000	0.800000	334.000000	306.500000
1	17.000000	0.861449	334.000000	307.000000
0	17.031000	0.611449	335.393738	303.468750
1	17.078000	0.853188	333.618744	306.681244
1	17.109000	0.832029	333.531250	306.468750
1	17.140000	0.852754	334.625000	305.875000
1	17.171000	0.845072	334.593750	305.593750
1	17.203000	0.838116	334.156281	305.493744
1	17.234000	0.849275	334.237488	305.187500
1	17.265000	0.848406	334.437500	304.812500
1	17.296000	0.862029	334.350006	304.975006
1	17.343000	0.893333	334.600006	304.600006
1	17.374000	0.833623	333.975006	305.100006
1	17.405000	0.852319	334.618744	304.743744
1	17.437000	0.841449	334.475006	304.712494
1	17.468000	0.840725	334.468750	305.081238
1	17.499000	0.858116	334.656250	305.093750
1	17.530000	0.866377	334.212494	305.412506
1	17.577000	0.892754	336.000000	304.500000
1	17.608000	0.817971	334.750000	305.237488
0	17.639000	0.540290	336.524994	300.274994
1	17.671000	0.846812	334.068756	305.068756
1	17.702000	0.855072	334.500000	305.000000
1	17.733000	0.868406	334.087494	304.475006
1	17.764000	0.759275	332.468750	304.531250
1	17.811000	0.801594	333.218750	303.968750
1	17.842000	0.796812	333.087494	304.037506
1	17.873000	0.854928	334.281250	304.718750
1	17.905000	0.861160	334.325012	304.812500
0	17.936000	0.791449	333.306244	303.381256
1	17.967000	0.864638	334.250000	305.000000
1	17.998000	0.886377	334.000000	304.687500
1	18.029000	0.879275	333.806244	304.681244
1	18.076000	0.848985	332.787506	303.787506
1	18.107000	0.851159	332.631256	303.818756
1	18.139000	0.876812	332.637512	303.862488
0	18.170000	0.741884	331.343750	302.343750
0	18.201000	0.347826	240.606842	377.893158
0	18.232000	0.759710	331.587494	303.587494
1	18.263000	0.875072	333.787506	304.712494
1	18.310000	0.809275	333.799988	303.250000
1	18.341000	0.860870	333.250000	304.000000
1	18.373000	0.814058	332.306244	303.306244
1	18.404000	0.881015	333.343750	303.656250
1	18.435000	0.865797	333.437500	303.187500
0	18.466000	0.499130	329.937225	296.950287
0	18.497000	0.489855	334.500000	296.950012
1	18.544000	0.870290	334.231262	301.956238
0	18.575000	0.347826	248.606842	373.893158
1	18.607000	0.884928	334.287506	301.274994
1	18.638000	0.857102	334.187500	301.187500
0	18.669000	0.370580	327.181244	298.318756
0	18.700000	0.464058	329.787506	296.287506
0	18.731000	0.503768	332.750000	295.000000
0	18.763000	0.347826	244.606842	369.893158
0	18.809000	0.347826	224.606842	389.893158
1	18.841000	0.871159	334.156250	300.843750
1	18.872000	0.874058	333.881256	299.868744
0	18.903000	0.347826	232.606842	381.893158
1	18.934000	0.475072	332.412506	292.587494
0	18.965000	0.347826	236.606842	377.893158
1	18.997000	0.892754	334.000000	296.500000
0	19.043000	0.347826	236.606842	377.893158
0	19.075000	0.347826	232.606842	381.893158
1	19.106000	0.857681	334.162506	297.387482
1	19.137000	0.866232	334.056244	297.481232
0	19.168000	0.347826	248.606842	365.893158
0	19.199000	0.540725	331.531250	293.468750
1	19.231000	0.865217	334.281250	298.218750
0	19.277000	0.347826	232.606842	381.893158
0	19.309000	0.512319	328.143738	295.143738
0	19.340000	0.487971	333.181244	291.981232
0	19.371000	0.347826	240.606842	377.893158
1	19.402000	0.874928	334.068756	296.931244
1	19.433000	0.866377	334.212494	296.962494
1	19.465000	0.876232	334.087494	296.637482
1	19.496000	0.869565	334.500000	297.000000
1	19.543000	0.881594	334.943756	297.243744
0	19.574000	0.530290	331.368744	292.368744
0	19.605000	0.347826	228.606842	385.893158
1	19.636000	0.857971	335.000000	297.500000
1	19.667000	0.870725	334.475006	297.512482
1	19.699000	0.857681	334.287506	297.912506
0	19.730000	0.522899	332.475006	292.475006
1	19.777000	0.857971	334.125000	298.125000
1	19.808000	0.857681	334.162506	298.087494
1	19.839000	0.861594	334.268738	298.393738
1	19.870000	0.857681	333.912506	298.662506
1	19.901000	0.866812	334.231262	298.518738
0	19.933000	0.347826	212.606842	401.893158
1	19.964000	0.848406	334.562500	297.812500
1	20.011000	0.861449	334.250000	297.625000
0	20.042000	0.539710	334.500000	292.500000
1	20.073000	0.866377	334.962494	297.962494
1	20.104000	0.857971	335.000000	298.500000
0	20.135000	0.347826	236.606842	377.893158
1	20.167000	0.857681	334.662506	298.162506
0	20.198000	0.347826	220.606842	393.893158
1	20.229000	0.862029	334.274994	298.975006
1	20.276000	0.866377	335.037506	298.212494
0	20.307000	0.518841	333.549988	292.700012
0	20.338000	0.347826	260.606842	353.893158
1	20.369000	0.849420	334.831238	297.781250
0	20.401000	0.486812	328.993744	294.806244
0	20.432000	0.485942	333.043732	292.056244
0	20.463000	0.472174	332.537415	292.112549
1	20.510000	0.860290	334.625000	297.750000
0	20.541000	0.347826	224.606842	389.893158
1	20.572000	0.848406	334.437500	297.812500
0	20.603000	0.347826	240.606842	373.893158
0	20.635000	0.347826	232.606842	381.893158
0	20.666000	0.347826	228.606842	385.893158
1	20.697000	0.867535	333.812469	298.512299
0	20.744000	0.347826	252.606842	361.893158
0	20.775000	0.347826	212.606842	401.893158
0	20.806000	0.481594	331.043732	292.868683
0	20.837000	0.475362	332.750000	292.750000
1	20.869000	0.871884	334.100006	300.100006
1	20.900000	0.857102	333.937500	299.700012
0	20.931000	0.394058	326.531250	298.531250
0	20.962000	0.347826	228.606842	385.893158
1	21.009000	0.871159	334.218750	299.518738
1	21.040000	0.865797	334.187500	299.062500
1	21.071000	0.869565	335.000000	299.500000
0	21.103000	0.347826	212.606842	401.893158
1	21.134000	0.864203	334.381256	298.756256
0	21.165000	0.347826	212.606842	401.893158
0	21.196000	0.347826	232.606842	381.893158
1	21.243000	0.857681	335.287506	298.662506
1	21.274000	0.874928	335.068756	298.931244
0	21.305000	0.467971	332.593750	293.531250
1	21.337000	0.874928	335.068756	298.931244
1	21.368000	0.829275	334.900024	298.637512
0	21.399000	0.347826	236.606842	381.893158
1	21.430000	0.894638	335.118744	299.381256
1	21.461000	0.857102	334.687500	299.674988
0	21.508000	0.347826	216.606842	397.893158
0	21.539000	0.347826	244.606842	373.893158
1	21.571000	0.869565	335.000000	299.500000
0	21.602000	0.347826	224.606842	389.893158
0	21.633000	0.446377	334.562500	292.562500
1	21.664000	0.846377	334.000000	298.500000
0	21.695000	0.347826	232.606842	385.893158
1	21.742000	0.870725	334.475006	299.475006
1	21.773000	0.857102	334.312500	299.687500
0	21.805000	0.347826	248.606842	365.893158
0	21.836000	0.347826	244.606842	369.893158
0	21.867000	0.459275	331.406250	293.406250
0	21.898000	0.557536	330.943756	295.743744
0	21.929000	0.533333	331.250000	294.750000
0	21.976000	0.347826	224.606842	389.893158
0	22.007000	0.485362	328.918762	295.168762
0	22.039000	0.347826	232.606842	381.893158
1	22.070000	0.854928	333.706238	300.843750
0	22.101000	0.347826	228.606842	385.893158
1	22.132000	0.875507	334.093750	300.843750
1	22.163000	0.876812	333.887512	300.887512
1	22.195000	0.875507	334.093750	300.843750
0	22.241000	0.464638	331.312500	294.312500
0	22.273000	0.400580	325.899841	302.050110
1	22.304000	0.885942	333.693756	300.006256
1	22.335000	0.901160	334.224945	300.037567
1	22.366000	0.900290	333.849976	300.500000
0	22.397000	0.530580	328.368744	296.568756
1	22.429000	0.905072	334.018738	300.518738
1	22.475000	0.894638	333.618744	300.618744
0	22.507000	0.347826	248.606842	365.893158
0	22.538000	0.347826	240.606842	373.893158
1	22.569000	0.917971	334.187500	300.437500
1	22.600000	0.915362	333.712494	300.600006
1	22.631000	0.915072	334.287506	300.887482
1	22.663000	0.871159	333.468750	300.093750
1	22.694000	0.911449	334.406250	300.656250
1	22.741000	0.894058	334.156250	300.593750
1	22.772000	0.918985	334.593750	300.406250
1	22.803000	0.922754	334.493744	300.506256
0	22.834000	0.347826	232.606842	381.893158
1	22.865000	0.915797	333.843750	301.656250
1	22.897000	0.922754	334.506256	301.506256
0	22.928000	0.347826	240.606842	373.893158
0	22.975000	0.347826	224.606842	389.893158
1	23.006000	0.914493	334.312500	302.262512
1	23.037000	0.902754	334.531250	302.481262
1	23.068000	0.910145	335.000000	303.000000
1	23.099000	0.902754	335.193726	303.468750
1	23.131000	0.887536	334.949951	303.375000
1	23.162000	0.892898	334.893738	303.893738
1	23.209000	0.895507	334.868744	303.931244
1	23.240000	0.874058	334.868744	303.881256
1	23.271000	0.903333	334.993683	303.506256
1	23.302000	0.866377	334.412506	303.212494
1	23.333000	0.852319	335.131256	302.743744
1	23.365000	0.876087	335.250000	302.875000
1	23.396000	0.881159	334.750000	302.250000
0	23.427000	0.347826	220.606842	393.893158
1	23.474000	0.900580	335.750000	302.937500
1	23.505000	0.886957	336.500000	303.000000
1	23.536000	0.912029	335.631256	302.668793
0	23.567000	0.636377	335.531250	298.843750
1	23.599000	0.888116	335.712494	302.399994
1	23.630000	0.910145	335.362488	302.325012
0	23.661000	0.765797	333.500000	300.000000
0	23.708000	0.519855	331.481171	297.193695
0	23.739000	0.814203	334.287506	301.662506
1	23.770000	0.885942	335.506256	301.993744
1	23.802000	0.898551	335.899872	302.087555
0	23.833000	0.479275	326.993744	302.868744
1	23.864000	0.896232	335.125000	301.812500
1	23.895000	0.909710	335.556244	301.556244
1	23.942000	0.902029	335.225006	301.475006
1	23.973000	0.912899	335.368744	301.318756
1	24.004000	0.904493	335.443756	301.256256
0	24.036000	0.347826	236.606842	377.893158
1	24.067000	0.898841	335.787506	301.462494
1	24.098000	0.904638	335.300018	301.024994
1	24.129000	0.901449	335.687500	300.937500
0	24.160000	0.347826	220.606842	393.893158
0	24.207000	0.474928	333.381256	293.931244
1	24.238000	0.908551	335.693756	300.981232
1	24.270000	0.912464	335.674988	300.875000
0	24.301000	0.489710	333.406250	294.093750
1	24.332000	0.901594	334.531250	301.068726
0	24.363000	0.489131	329.143494	297.419006
1	24.394000	0.902754	334.531250	301.468750
1	24.441000	0.923333	335.406250	301.281250
1	24.472000	0.931449	335.493744	301.068756
0	24.504000	0.347826	232.606842	381.893158
0	24.535000	0.433768	331.993744	293.993744
1	24.566000	0.892754	334.500000	300.000000
1	24.597000	0.898551	334.825195	300.899841
1	24.628000	0.894493	335.149994	300.850006
0	24.675000	0.555942	332.750000	295.000000
0	24.706000	0.442319	332.850006	294.524994
0	24.738000	0.534203	330.312500	297.187500
1	24.769000	0.902029	334.524994	301.524994
0	24.800000	0.347826	236.606842	381.893158
0	24.831000	0.498985	333.431244	295.431244
1	24.862000	0.894493	335.149994	301.550018
0	24.894000	0.614058	336.318756	296.556244
1	24.940000	0.791884	333.000000	301.875000
0	24.972000	0.482174	332.156036	295.806427
0	25.003000	0.568116	332.862366	296.887512
0	25.034000	0.347826	216.606842	397.893158
0	25.065000	0.347826	228.606842	385.893158
1	25.096000	0.884203	335.718750	300.718750
0	25.128000	0.455362	333.787506	293.662506
1	25.174000	0.911304	335.624939	300.362488
1	25.206000	0.902029	335.475006	300.725006
0	25.237000	0.521739	332.000000	294.500000
1	25.268000	0.920289	335.562256	300.350159
0	25.299000	0.465797	333.812500	293.687500
1	25.330000	0.906377	335.212494	300.412506
1	25.362000	0.917971	335.437500	300.562500
1	25.393000	0.900580	335.174988	300.512512
1	25.440000	0.922899	335.524994	301.187469
1	25.471000	0.926667	336.112488	301.562500
1	25.502000	0.927681	335.468750	301.968750
1	25.533000	0.918406	335.431244	302.368744
0	25.564000	0.492609	327.855957	304.843567
1	25.596000	0.917971	335.562500	302.250000
1	25.627000	0.925072	335.381256	301.818756
1	25.674000	0.916232	335.337494	302.174957
1	25.705000	0.931015	335.125000	301.625000
1	25.736000	0.927101	335.443756	301.568756
0	25.767000	0.347826	252.606842	365.893158
0	25.798000	0.621884	337.431244	297.318756
1	25.830000	0.894058	335.156250	302.156250
0	25.861000	0.602754	336.231140	298.293762
1	25.908000	0.902754	335.531250	302.781250
1	25.939000	0.877246	335.881256	303.131256
1	25.970000	0.894203	335.562531	302.862457
1	26.001000	0.875073	336.112488	302.887512
1	26.032000	0.883768	335.712494	303.024994
1	26.064000	0.875362	335.612488	303.075012
1	26.095000	0.908841	335.618744	302.931244
1	26.126000	0.884058	335.312500	303.187500
1	26.173000	0.892754	336.000000	302.500000
1	26.204000	0.902754	335.531250	303.481262
1	26.235000	0.884493	335.743744	303.018768
0	26.266000	0.347826	236.606842	377.893158
1	26.298000	0.884203	335.718750	303.281250
1	26.329000	0.884203	335.718750	303.281250
1	26.360000	0.881594	335.818756	303.056244
1	26.407000	0.874928	335.931244	302.931244
1	26.438000	0.910145	336.000000	303.000000
0	26.469000	0.512319	331.393738	297.856262
1	26.500000	0.851015	334.649994	303.162506
1	26.532000	0.902754	335.531250	302.768738
1	26.563000	0.890145	335.600006	302.649994
1	26.594000	0.901594	335.768738	302.481262
1	26.641000	0.908406	336.649994	302.449982
1	26.672000	0.846377	338.000000	302.500000
0	26.703000	0.347826	240.606842	377.893158
1	26.734000	0.910725	336.350006	302.350006
1	26.766000	0.884203	336.281250	302.718750
1	26.797000	0.886957	336.500000	302.000000
0	26.828000	0.347826	216.606842	397.893158
1	26.859000	0.875362	336.000000	301.500000
1	26.906000	0.886377	336.312500	302.000000
1	26.937000	0.882609	336.274994	301.987518
1	26.968000	0.882754	336.718750	301.706238
1	27.000000	0.877536	336.043762	301.956238
0	27.031000	0.347826	240.606842	377.893158
0	27.062000	0.776232	335.712494	299.662506
0	27.093000	0.347826	224.606842	389.893158
1	27.140000	0.899420	336.512512	302.187500
1	27.171000	0.886377	336.000000	302.500000
0	27.202000	0.347826	216.606842	397.893158
1	27.234000	0.881449	336.237518	301.987518
1	27.265000	0.921159	335.750000	301.799988
1	27.296000	0.904493	335.743744	301.993744
1	27.327000	0.912319	335.606262	302.393738
1	27.374000	0.894638	335.868744	302.868744
1	27.405000	0.915797	335.593750	302.831238
1	27.436000	0.894058	335.156250	303.406250
1	27.468000	0.901449	335.500000	303.000000
0	27.499000	0.400725	326.956238	303.981262
0	27.530000	0.521739	329.250000	300.250000
0	27.561000	0.449855	329.774933	297.462677
1	27.592000	0.915942	335.500000	302.000000
0	27.639000	0.781449	333.850006	301.350006
1	27.670000	0.927246	335.537506	302.662506
1	27.702000	0.933768	335.606232	302.306244
1	27.733000	0.902029	335.524994	302.174957
0	27.764000	0.651449	334.656250	298.143738
1	27.795000	0.937971	335.462494	302.024994
0	27.826000	0.458116	332.443726	295.643738
1	27.873000	0.912319	335.606262	302.393738
0	27.904000	0.566232	333.131256	297.868744
1	27.936000	0.901449	335.500000	302.750000
1	27.967000	0.896812	336.100006	302.850006
1	27.998000	0.929275	335.524994	303.149994
1	28.029000	0.913043	335.750000	303.250000
1	28.060000	0.898985	335.131256	304.556244
1	28.107000	0.910145	335.674988	304.362488
1	28.138000	0.916232	335.587494	304.412506
1	28.170000	0.904928	335.049988	304.500000
1	28.201000	0.921159	335.250000	303.750000
1	28.232000	0.912319	335.606262	303.393738
1	28.263000	0.921159	336.237488	303.250000
1	28.294000	0.615942	338.487488	298.487488
1	28.326000	0.915797	335.718750	303.343750
1	28.372000	0.913623	336.125000	303.375000
1	28.404000	0.913188	335.681213	303.418762
1	28.435000	0.905507	335.774994	303.475006
0	28.466000	0.347826	212.606842	405.893158
1	28.497000	0.874928	335.181244	303.931244
1	28.528000	0.926667	336.437500	303.500000
1	28.560000	0.962319	335.000000	303.500000
1	28.606000	0.907971	335.356262	303.543762
1	28.638000	0.918406	335.693756	304.243744
1	28.669000	0.922754	335.493744	304.293732
1	28.700000	0.929420	335.568756	304.318756
1	28.731000	0.932319	335.356232	305.493744
1	28.762000	0.918985	335.593750	305.593750
1	28.794000	0.939130	335.500000	305.000000
1	28.825000	0.939130	336.000000	306.500000
1	28.872000	0.883188	336.000000	305.000000
1	28.903000	0.931015	335.500000	305.375000
1	28.934000	0.938551	335.625000	306.000000
1	28.965000	0.937536	335.468750	306.031250
1	28.996000	0.912899	336.318756	305.918732
1	29.028000	0.948551	335.393738	306.106262
1	29.059000	0.924928	335.462494	306.475006
1	29.106000	0.912319	335.706238	306.293762
1	29.137000	0.927101	335.631256	306.556244
1	29.168000	0.857681	335.662506	305.662506
1	29.199000	0.896812	335.649963	306.899963
1	29.230000	0.885942	335.506256	307.006256
1	29.262000	0.912899	336.118744	307.368744
1	29.293000	0.914493	335.737488	306.674988
1	29.324000	0.927246	336.149994	306.412506
1	29.371000	0.918985	336.343750	306.406250
1	29.402000	0.915797	336.343750	306.406250
1	29.433000	0.955942	336.250000	305.750000
1	29.464000	0.913623	336.174927	306.312500
1	29.496000	0.927536	336.750000	306.250000
1	29.527000	0.904348	336.000000	306.500000
1	29.558000	0.903768	335.750000	306.250000
1	29.605000	0.885942	336.006256	306.293732
1	29.636000	0.924638	336.750000	306.750000
1	29.667000	0.898985	336.443756	306.443756
1	29.698000	0.932754	337.037506	305.587494
1	29.730000	0.918406	337.243744	306.243744
1	29.761000	0.927681	337.480988	305.693817
1	29.792000	0.883188	336.262512	305.262512
1	29.839000	0.902754	336.531250	305.468750
1	29.870000	0.908551	336.631226	305.418701
1	29.901000	0.875507	337.906250	304.156250
1	29.932000	0.921594	337.243744	304.443756
1	29.964000	0.902754	336.531250	304.568726
1	29.995000	0.911449	336.593750	304.893738
<\RIGHT-PUPIL-DATA>
<LEFT-PUPIL-DATA>
903	0
0	-0.051000	0.000000	250.000000	362.000000
0	-0.020000	0.000000	250.000000	362.000000
0	0.011000	0.000000	250.000000	362.000000
0	0.043000	0.000000	250.000000	362.000000
0	0.074000	0.000000	250.000000	362.000000
0	0.105000	0.000000	250.000000	362.000000
0	0.152000	0.000000	250.000000	362.000000
0	0.183000	0.000000	250.000000	362.000000
0	0.214000	0.000000	250.000000	362.000000
0	0.245000	0.000000	250.000000	362.000000
0	0.277000	0.000000	250.000000	362.000000
0	0.308000	0.000000	250.000000	362.000000
0	0.339000	0.000000	250.000000	362.000000
0	0.370000	0.000000	250.000000	362.000000
0	0.417000	0.000000	250.000000	362.000000
0	0.448000	0.000000	250.000000	362.000000
0	0.479000	0.000000	250.000000	362.000000
0	0.511000	0.000000	250.000000	362.000000
0	0.542000	0.000000	250.000000	362.000000
0	0.573000	0.000000	250.000000	362.000000
0	0.604000	0.000000	250.000000	362.000000
0	0.635000	0.000000	250.000000	362.000000
0	0.682000	0.000000	250.000000	362.000000
0	0.713000	0.000000	250.000000	362.000000
0	0.745000	0.000000	250.000000	362.000000
0	0.776000	0.000000	250.000000	362.000000
0	0.807000	0.000000	250.000000	362.000000
0	0.838000	0.000000	250.000000	362.000000
0	0.869000	0.000000	250.000000	362.000000
0	0.916000	0.000000	250.000000	362.000000
0	0.947000	0.000000	250.000000	362.000000
0	0.979000	0.000000	250.000000	362.000000
0	1.010000	0.000000	250.000000	362.000000
0	1.041000	0.000000	250.000000	362.000000
0	1.072000	0.000000	250.000000	362.000000
0	1.103000	0.000000	250.000000	362.000000
0	1.150000	0.000000	250.000000	362.000000
0	1.181000	0.000000	250.000000	362.000000
0	1.213000	0.000000	250.000000	362.000000
0	1.244000	0.000000	250.000000	362.000000
0	1.275000	0.000000	250.000000	362.000000
0	1.306000	0.000000	250.000000	362.000000
0	1.337000	0.000000	250.000000	362.000000
0	1.369000	0.000000	250.000000	362.000000
0	1.415000	0.000000	250.000000	362.000000
0	1.447000	0.000000	250.000000	362.000000
0	1.478000	0.000000	250.000000	362.000000
0	1.509000	0.000000	250.000000	362.000000
0	1.540000	0.000000	250.000000	362.000000
0	1.571000	0.000000	250.000000	362.000000
0	1.603000	0.000000	250.000000	362.000000
0	1.649000	0.000000	250.000000	362.000000
0	1.681000	0.000000	250.000000	362.000000
0	1.712000	0.000000	250.000000	362.000000
0	1.743000	0.000000	250.000000	362.000000
0	1.774000	0.000000	250.000000	362.000000
0	1.805000	0.000000	250.000000	362.000000
0	1.837000	0.000000	250.000000	362.000000
0	1.883000	0.000000	250.000000	362.000000
0	1.915000	0.000000	250.000000	362.000000
0	1.946000	0.000000	250.000000	362.000000
0	1.977000	0.000000	250.000000	362.000000
0	2.008000	0.000000	250.000000	362.000000
0	2.039000	0.000000	250.000000	362.000000
0	2.071000	0.000000	250.000000	362.000000
0	2.102000	0.000000	250.000000	362.000000
0	2.149000	0.000000	250.000000	362.000000
0	2.180000	0.000000	250.000000	362.000000
0	2.211000	0.000000	250.000000	362.000000
0	2.242000	0.000000	250.000000	362.000000
0	2.273000	0.000000	250.000000	362.000000
0	2.305000	0.000000	250.000000	362.000000
0	2.336000	0.000000	250.000000	362.000000
0	2.383000	0.000000	250.000000	362.000000
0	2.414000	0.000000	250.000000	362.000000
0	2.445000	0.000000	250.000000	362.000000
0	2.476000	0.000000	250.000000	362.000000
0	2.507000	0.000000	250.000000	362.000000
0	2.539000	0.000000	250.000000	362.000000
0	2.570000	0.000000	250.000000	362.000000
0	2.617000	0.000000	250.000000	362.000000
0	2.648000	0.000000	250.000000	362.000000
0	2.679000	0.000000	250.000000	362.000000
0	2.710000	0.000000	250.000000	362.000000
0	2.741000	0.000000	250.000000	362.000000
0	2.773000	0.000000	250.000000	362.000000
0	2.804000	0.000000	250.000000	362.000000
0	2.835000	0.000000	250.000000	362.000000
0	2.882000	0.000000	250.000000	362.000000
0	2.913000	0.000000	250.000000	362.000000
0	2.944000	0.000000	250.000000	362.000000
0	2.975000	0.000000	250.000000	362.000000
0	3.007000	0.000000	250.000000	362.000000
0	3.038000	0.000000	250.000000	362.000000
0	3.069000	0.000000	250.000000	362.000000
0	3.116000	0.000000	250.000000	362.000000
0	3.147000	0.000000	250.000000	362.000000
0	3.178000	0.000000	250.000000	362.000000
0	3.209000	0.000000	250.000000	362.000000
0	3.241000	0.000000	250.000000	362.000000
0	3.272000	0.000000	250.000000	362.000000
0	3.303000	0.000000	250.000000	362.000000
0	3.350000	0.000000	250.000000	362.000000
0	3.381000	0.000000	250.000000	362.000000
0	3.412000	0.000000	250.000000	362.000000
0	3.443000	0.000000	250.000000	362.000000
0	3.475000	0.000000	250.000000	362.000000
0	3.506000	0.000000	250.000000	362.000000
0	3.537000	0.000000	250.000000	362.000000
0	3.568000	0.000000	250.000000	362.000000
0	3.615000	0.000000	250.000000	362.000000
0	3.646000	0.000000	250.000000	362.000000
0	3.677000	0.000000	250.000000	362.000000
0	3.709000	0.000000	250.000000	362.000000
0	3.740000	0.000000	250.000000	362.000000
0	3.771000	0.000000	250.000000	362.000000
0	3.802000	0.000000	250.000000	362.000000
0	3.849000	0.000000	250.000000	362.000000
0	3.880000	0.000000	250.000000	362.000000
0	3.911000	0.000000	250.000000	362.000000
0	3.943000	0.000000	250.000000	362.000000
0	3.974000	0.000000	250.000000	362.000000
0	4.005000	0.000000	250.000000	362.000000
0	4.036000	0.000000	250.000000	362.000000
0	4.083000	0.000000	250.000000	362.000000
0	4.114000	0.000000	250.000000	362.000000
0	4.145000	0.000000	250.000000	362.000000
0	4.177000	0.000000	250.000000	362.000000
0	4.208000	0.000000	250.000000	362.000000
0	4.239000	0.000000	250.000000	362.000000
0	4.270000	0.000000	250.000000	362.000000
0	4.301000	0.000000	250.000000	362.000000
0	4.348000	0.000000	250.000000	362.000000
0	4.379000	0.000000	250.000000	362.000000
0	4.411000	0.000000	250.000000	362.000000
0	4.442000	0.000000	250.000000	362.000000
0	4.473000	0.000000	250.000000	362.000000
0	4.504000	0.000000	250.000000	362.000000
0	4.535000	0.000000	250.000000	362.000000
0	4.582000	0.000000	250.000000	362.000000
0	4.613000	0.000000	250.000000	362.000000
0	4.645000	0.000000	250.000000	362.000000
0	4.676000	0.000000	250.000000	362.000000
0	4.707000	0.000000	250.000000	362.000000
0	4.738000	0.000000	250.000000	362.000000
0	4.769000	0.000000	250.000000	362.000000
0	4.801000	0.000000	250.000000	362.000000
0	4.847000	0.000000	250.000000	362.000000
0	4.879000	0.000000	250.000000	362.000000
0	4.910000	0.000000	250.000000	362.000000
0	4.941000	0.000000	250.000000	362.000000
0	4.972000	0.000000	250.000000	362.000000
0	5.003000	0.000000	250.000000	362.000000
0	5.035000	0.000000	250.000000	362.000000
0	5.081000	0.000000	250.000000	362.000000
0	5.113000	0.000000	250.000000	362.000000
0	5.144000	0.000000	250.000000	362.000000
0	5.175000	0.000000	250.000000	362.000000
0	5.206000	0.000000	250.000000	362.000000
0	5.237000	0.000000	250.000000	362.000000
0	5.269000	0.000000	250.000000	362.000000
0	5.300000	0.000000	250.000000	362.000000
0	5.347000	0.000000	250.000000	362.000000
0	5.378000	0.000000	250.000000	362.000000
0	5.409000	0.000000	250.000000	362.000000
0	5.440000	0.000000	250.000000	362.000000
0	5.471000	0.000000	250.000000	362.000000
0	5.503000	0.000000	250.000000	362.000000
0	5.534000	0.000000	250.000000	362.000000
0	5.581000	0.000000	250.000000	362.000000
0	5.612000	0.000000	250.000000	362.000000
0	5.643000	0.000000	250.000000	362.000000
0	5.674000	0.000000	250.000000	362.000000
0	5.705000	0.000000	250.000000	362.000000
0	5.737000	0.000000	250.000000	362.000000
0	5.768000	0.000000	250.000000	362.000000
0	5.815000	0.000000	250.000000	362.000000
0	5.846000	0.000000	250.000000	362.000000
0	5.877000	0.000000	250.000000	362.000000
0	5.908000	0.000000	250.000000	362.000000
0	5.939000	0.000000	250.000000	362.000000
0	5.971000	0.000000	250.000000	362.000000
0	6.002000	0.000000	250.000000	362.000000
0	6.033000	0.000000	250.000000	362.000000
0	6.080000	0.000000	250.000000	362.000000
0	6.111000	0.000000	250.000000	362.000000
0	6.142000	0.000000	250.000000	362.000000
0	6.173000	0.000000	250.000000	362.000000
0	6.205000	0.000000	250.000000	362.000000
0	6.236000	0.000000	250.000000	362.000000
0	6.267000	0.000000	250.000000	362.000000
0	6.314000	0.000000	250.000000	362.000000
0	6.345000	0.000000	250.000000	362.000000
0	6.376000	0.000000	250.000000	362.000000
0	6.407000	0.000000	250.000000	362.000000
0	6.439000	0.000000	250.000000	362.000000
0	6.470000	0.000000	250.000000	362.000000
0	6.501000	0.000000	250.000000	362.000000
0	6.548000	0.000000	250.000000	362.000000
0	6.579000	0.000000	250.000000	362.000000
0	6.610000	0.000000	250.000000	362.000000
0	6.641000	0.000000	250.000000	362.000000
0	6.673000	0.000000	250.000000	362.000000
0	6.704000	0.000000	250.000000	362.000000
0	6.735000	0.000000	250.000000	362.000000
0	6.766000	0.000000	250.000000	362.000000
0	6.813000	0.000000	250.000000	362.000000
0	6.844000	0.000000	250.000000	362.000000
0	6.875000	0.000000	250.000000	362.000000
0	6.907000	0.000000	250.000000	362.000000
0	6.938000	0.000000	250.000000	362.000000
0	6.969000	0.000000	250.000000	362.000000
0	7.000000	0.000000	250.000000	362.000000
0	7.047000	0.000000	250.000000	362.000000
0	7.078000	0.000000	250.000000	362.000000
0	7.109000	0.000000	250.000000	362.000000
0	7.141000	0.000000	250.000000	362.000000
0	7.172000	0.000000	250.000000	362.000000
0	7.203000	0.000000	250.000000	362.000000
0	7.234000	0.000000	250.000000	362.000000
0	7.281000	0.000000	250.000000	362.000000
0	7.312000	0.000000	250.000000	362.000000
0	7.343000	0.000000	250.000000	362.000000
0	7.375000	0.000000	250.000000	362.000000
0	7.406000	0.000000	250.000000	362.000000
0	7.437000	0.000000	250.000000	362.000000
0	7.468000	0.000000	250.000000	362.000000
0	7.499000	0.000000	250.000000	362.000000
0	7.546000	0.000000	250.000000	362.000000
0	7.577000	0.000000	250.000000	362.000000
0	7.609000	0.000000	250.000000	362.000000
0	7.640000	0.000000	250.000000	362.000000
0	7.671000	0.000000	250.000000	362.000000
0	7.702000	0.000000	250.000000	362.000000
0	7.733000	0.000000	250.000000	362.000000
0	7.780000	0.000000	250.000000	362.000000
0	7.811000	0.000000	250.000000	362.000000
0	7.843000	0.000000	250.000000	362.000000
0	7.874000	0.000000	250.000000	362.000000
0	7.905000	0.000000	250.000000	362.000000
0	7.936000	0.000000	250.000000	362.000000
0	7.967000	0.000000	250.000000	362.000000
0	8.014000	0.000000	250.000000	362.000000
0	8.045000	0.000000	250.000000	362.000000
0	8.077000	0.000000	250.000000	362.000000
0	8.108000	0.000000	250.000000	362.000000
0	8.139000	0.000000	250.000000	362.000000
0	8.170000	0.000000	250.000000	362.000000
0	8.201000	0.000000	250.000000	362.000000
0	8.233000	0.000000	250.000000	362.000000
0	8.279000	0.000000	250.000000	362.000000
0	8.311000	0.000000	250.000000	362.000000
0	8.342000	0.000000	250.000000	362.000000
0	8.373000	0.000000	250.000000	362.000000
0	8.404000	0.000000	250.000000	362.000000
0	8.435000	0.000000	250.000000	362.000000
0	8.467000	0.000000	250.000000	362.000000
0	8.513000	0.000000	250.000000	362.000000
0	8.545000	0.000000	250.000000	362.000000
0	8.576000	0.000000	250.000000	362.000000
0	8.607000	0.000000	250.000000	362.000000
0	8.638000	0.000000	250.000000	362.000000
0	8.669000	0.000000	250.000000	362.000000
0	8.701000	0.000000	250.000000	362.000000
0	8.732000	0.000000	250.000000	362.000000
0	8.779000	0.000000	250.000000	362.000000
0	8.810000	0.000000	250.000000	362.000000
0	8.841000	0.000000	250.000000	362.000000
0	8.872000	0.000000	250.000000	362.000000
0	8.903000	0.000000	250.000000	362.000000
0	8.935000	0.000000	250.000000	362.000000
0	8.966000	0.000000	250.000000	362.000000
0	9.013000	0.000000	250.000000	362.000000
0	9.044000	0.000000	250.000000	362.000000
0	9.075000	0.000000	250.000000	362.000000
0	9.106000	0.000000	250.000000	362.000000
0	9.137000	0.000000	250.000000	362.000000
0	9.169000	0.000000	250.000000	362.000000
0	9.200000	0.000000	250.000000	362.000000
0	9.247000	0.000000	250.000000	362.000000
0	9.278000	0.000000	250.000000	362.000000
0	9.309000	0.000000	250.000000	362.000000
0	9.340000	0.000000	250.000000	362.000000
0	9.371000	0.000000	250.000000	362.000000
0	9.403000	0.000000	250.000000	362.000000
0	9.434000	0.000000	250.000000	362.000000
0	9.465000	0.000000	250.000000	362.000000
0	9.512000	0.000000	250.000000	362.000000
0	9.543000	0.000000	250.000000	362.000000
0	9.574000	0.000000	250.000000	362.000000
0	9.605000	0.000000	250.000000	362.000000
0	9.637000	0.000000	250.000000	362.000000
0	9.668000	0.000000	250.000000	362.000000
0	9.699000	0.000000	250.000000	362.000000
0	9.746000	0.000000	250.000000	362.000000
0	9.777000	0.000000	250.000000	362.000000
0	9.808000	0.000000	250.000000	362.000000
0	9.839000	0.000000	250.000000	362.000000
0	9.871000	0.000000	250.000000	362.000000
0	9.902000	0.000000	250.000000	362.000000
0	9.933000	0.000000	250.000000	362.000000
0	9.980000	0.000000	250.000000	362.000000
0	10.011000	0.000000	250.000000	362.000000
0	10.042000	0.000000	250.000000	362.000000
0	10.073000	0.000000	250.000000	362.000000
0	10.105000	0.000000	250.000000	362.000000
0	10.136000	0.000000	250.000000	362.000000
0	10.167000	0.000000	250.000000	362.000000
0	10.198000	0.000000	250.000000	362.000000
0	10.245000	0.000000	250.000000	362.000000
0	10.276000	0.000000	250.000000	362.000000
0	10.307000	0.000000	250.000000	362.000000
0	10.339000	0.000000	250.000000	362.000000
0	10.370000	0.000000	250.000000	362.000000
0	10.401000	0.000000	250.000000	362.000000
0	10.432000	0.000000	250.000000	362.000000
0	10.479000	0.000000	250.000000	362.000000
0	10.510000	0.000000	250.000000	362.000000
0	10.541000	0.000000	250.000000	362.000000
0	10.573000	0.000000	250.000000	362.000000
0	10.604000	0.000000	250.000000	362.000000
0	10.635000	0.000000	250.000000	362.000000
0	10.666000	0.000000	250.000000	362.000000
0	10.697000	0.000000	250.000000	362.000000
0	10.744000	0.000000	250.000000	362.000000
0	10.775000	0.000000	250.000000	362.000000
0	10.807000	0.000000	250.000000	362.000000
0	10.838000	0.000000	250.000000	362.000000
0	10.869000	0.000000	250.000000	362.000000
0	10.900000	0.000000	250.000000	362.000000
0	10.931000	0.000000	250.000000	362.000000
0	10.978000	0.000000	250.000000	362.000000
0	11.009000	0.000000	250.000000	362.000000
0	11.041000	0.000000	250.000000	362.000000
0	11.072000	0.000000	250.000000	362.000000
0	11.103000	0.000000	250.000000	362.000000
0	11.134000	0.000000	250.000000	362.000000
0	11.165000	0.000000	250.000000	362.000000
0	11.212000	0.000000	250.000000	362.000000
0	11.243000	0.000000	250.000000	362.000000
0	11.275000	0.000000	250.000000	362.000000
0	11.306000	0.000000	250.000000	362.000000
0	11.337000	0.000000	250.000000	362.000000
0	11.368000	0.000000	250.000000	362.000000
0	11.399000	0.000000	250.000000	362.000000
0	11.431000	0.000000	250.000000	362.000000
0	11.477000	0.000000	250.000000	362.000000
0	11.509000	0.000000	250.000000	362.000000
0	11.540000	0.000000	250.000000	362.000000
0	11.571000	0.000000	250.000000	362.000000
0	11.602000	0.000000	250.000000	362.000000
0	11.633000	0.000000	250.000000	362.000000
0	11.665000	0.000000	250.000000	362.000000
0	11.711000	0.000000	250.000000	362.000000
0	11.743000	0.000000	250.000000	362.000000
0	11.774000	0.000000	250.000000	362.000000
0	11.805000	0.000000	250.000000	362.000000
0	11.836000	0.000000	250.000000	362.000000
0	11.867000	0.000000	250.000000	362.000000
0	11.899000	0.000000	250.000000	362.000000
0	11.945000	0.000000	250.000000	362.000000
0	11.977000	0.000000	250.000000	362.000000
0	12.008000	0.000000	250.000000	362.000000
0	12.039000	0.000000	250.000000	362.000000
0	12.070000	0.000000	250.000000	362.000000
0	12.101000	0.000000	250.000000	362.000000
0	12.133000	0.000000	250.000000	362.000000
0	12.164000	0.000000	250.000000	362.000000
0	12.211000	0.000000	250.000000	362.000000
0	12.242000	0.000000	250.000000	362.000000
0	12.273000	0.000000	250.000000	362.000000
0	12.304000	0.000000	250.000000	362.000000
0	12.335000	0.000000	250.000000	362.000000
0	12.367000	0.000000	250.000000	362.000000
0	12.398000	0.000000	250.000000	362.000000
0	12.445000	0.000000	250.000000	362.000000
0	12.476000	0.000000	250.000000	362.000000
0	12.507000	0.000000	250.000000	362.000000
0	12.538000	0.000000	250.000000	362.000000
0	12.569000	0.000000	250.000000	362.000000
0	12.601000	0.000000	250.000000	362.000000
0	12.632000	0.000000	250.000000	362.000000
0	12.663000	0.000000	250.000000	362.000000
0	12.710000	0.000000	250.000000	362.000000
0	12.741000	0.000000	250.000000	362.000000
0	12.772000	0.000000	250.000000	362.000000
0	12.803000	0.000000	250.000000	362.000000
0	12.835000	0.000000	250.000000	362.000000
0	12.866000	0.000000	250.000000	362.000000
0	12.897000	0.000000	250.000000	362.000000
0	12.944000	0.000000	250.000000	362.000000
0	12.975000	0.000000	250.000000	362.000000
0	13.006000	0.000000	250.000000	362.000000
0	13.037000	0.000000	250.000000	362.000000
0	13.069000	0.000000	250.000000	362.000000
0	13.100000	0.000000	250.000000	362.000000
0	13.131000	0.000000	250.000000	362.000000
0	13.178000	0.000000	250.000000	362.000000
0	13.209000	0.000000	250.000000	362.000000
0	13.240000	0.000000	250.000000	362.000000
0	13.271000	0.000000	250.000000	362.000000
0	13.303000	0.000000	250.000000	362.000000
0	13.334000	0.000000	250.000000	362.000000
0	13.365000	0.000000	250.000000	362.000000
0	13.396000	0.000000	250.000000	362.000000
0	13.443000	0.000000	250.000000	362.000000
0	13.474000	0.000000	250.000000	362.000000
0	13.505000	0.000000	250.000000	362.000000
0	13.537000	0.000000	250.000000	362.000000
0	13.568000	0.000000	250.000000	362.000000
0	13.599000	0.000000	250.000000	362.000000
0	13.630000	0.000000	250.000000	362.000000
0	13.677000	0.000000	250.000000	362.000000
0	13.708000	0.000000	250.000000	362.000000
0	13.739000	0.000000	250.000000	362.000000
0	13.771000	0.000000	250.000000	362.000000
0	13.802000	0.000000	250.000000	362.000000
0	13.833000	0.000000	250.000000	362.000000
0	13.864000	0.000000	250.000000	362.000000
0	13.911000	0.000000	250.000000	362.000000
0	13.942000	0.000000	250.000000	362.000000
0	13.973000	0.000000	250.000000	362.000000
0	14.005000	0.000000	250.000000	362.000000
0	14.036000	0.000000	250.000000	362.000000
0	14.067000	0.000000	250.000000	362.000000
0	14.098000	0.000000	250.000000	362.000000
0	14.129000	0.000000	250.000000	362.000000
0	14.176000	0.000000	250.000000	362.000000
0	14.207000	0.000000	250.000000	362.000000
0	14.239000	0.000000	250.000000	362.000000
0	14.270000	0.000000	250.000000	362.000000
0	14.301000	0.000000	250.000000	362.000000
0	14.332000	0.000000	250.000000	362.000000
0	14.363000	0.000000	250.000000	362.000000
0	14.410000	0.000000	250.000000	362.000000
0	14.441000	0.000000	250.000000	362.000000
0	14.473000	0.000000	250.000000	362.000000
0	14.504000	0.000000	250.000000	362.000000
0	14.535000	0.000000	250.000000	362.000000
0	14.566000	0.000000	250.000000	362.000000
0	14.597000	0.000000	250.000000	362.000000
0	14.644000	0.000000	250.000000	362.000000
0	14.675000	0.000000	250.000000	362.000000
0	14.707000	0.000000	250.000000	362.000000
0	14.738000	0.000000	250.000000	362.000000
0	14.769000	0.000000	250.000000	362.000000
0	14.800000	0.000000	250.000000	362.000000
0	14.831000	0.000000	250.000000	362.000000
0	14.863000	0.000000	250.000000	362.000000
0	14.909000	0.000000	250.000000	362.000000
0	14.941000	0.000000	250.000000	362.000000
0	14.972000	0.000000	250.000000	362.000000
0	15.003000	0.000000	250.000000	362.000000
0	15.034000	0.000000	250.000000	362.000000
0	15.065000	0.000000	250.000000	362.000000
0	15.097000	0.000000	250.000000	362.000000
0	15.143000	0.000000	250.000000	362.000000
0	15.175000	0.000000	250.000000	362.000000
0	15.206000	0.000000	250.000000	362.000000
0	15.237000	0.000000	250.000000	362.000000
0	15.268000	0.000000	250.000000	362.000000
0	15.299000	0.000000	250.000000	362.000000
0	15.331000	0.000000	250.000000	362.000000
0	15.377000	0.000000	250.000000	362.000000
0	15.409000	0.000000	250.000000	362.000000
0	15.440000	0.000000	250.000000	362.000000
0	15.471000	0.000000	250.000000	362.000000
0	15.502000	0.000000	250.000000	362.000000
0	15.533000	0.000000	250.000000	362.000000
0	15.565000	0.000000	250.000000	362.000000
0	15.596000	0.000000	250.000000	362.000000
0	15.643000	0.000000	250.000000	362.000000
0	15.674000	0.000000	250.000000	362.000000
0	15.705000	0.000000	250.000000	362.000000
0	15.736000	0.000000	250.000000	362.000000
0	15.767000	0.000000	250.000000	362.000000
0	15.799000	0.000000	250.000000	362.000000
0	15.830000	0.000000	250.000000	362.000000
0	15.877000	0.000000	250.000000	362.000000
0	15.908000	0.000000	250.000000	362.000000
0	15.939000	0.000000	250.000000	362.000000
0	15.970000	0.000000	250.000000	362.000000
0	16.001000	0.000000	250.000000	362.000000
0	16.033000	0.000000	250.000000	362.000000
0	16.064000	0.000000	250.000000	362.000000
0	16.095000	0.000000	250.000000	362.000000
0	16.142000	0.000000	250.000000	362.000000
0	16.173000	0.000000	250.000000	362.000000
0	16.204000	0.000000	250.000000	362.000000
0	16.235000	0.000000	250.000000	362.000000
0	16.267000	0.000000	250.000000	362.000000
0	16.298000	0.000000	250.000000	362.000000
0	16.329000	0.000000	250.000000	362.000000
0	16.376000	0.000000	250.000000	362.000000
0	16.407000	0.000000	250.000000	362.000000
0	16.438000	0.000000	250.000000	362.000000
0	16.469000	0.000000	250.000000	362.000000
0	16.501000	0.000000	250.000000	362.000000
0	16.532000	0.000000	250.000000	362.000000
0	16.563000	0.000000	250.000000	362.000000
0	16.594000	0.000000	250.000000	362.000000
0	16.641000	0.000000	250.000000	362.000000
0	16.672000	0.000000	250.000000	362.000000
0	16.703000	0.000000	250.000000	362.000000
0	16.735000	0.000000	250.000000	362.000000
0	16.766000	0.000000	250.000000	362.000000
0	16.797000	0.000000	250.000000	362.000000
0	16.828000	0.000000	250.000000	362.000000
0	16.875000	0.000000	250.000000	362.000000
0	16.906000	0.000000	250.000000	362.000000
0	16.937000	0.000000	250.000000	362.000000
0	16.969000	0.000000	250.000000	362.000000
0	17.000000	0.000000	250.000000	362.000000
0	17.031000	0.000000	250.000000	362.000000
0	17.062000	0.000000	250.000000	362.000000
0	17.109000	0.000000	250.000000	362.000000
0	17.140000	0.000000	250.000000	362.000000
0	17.171000	0.000000	250.000000	362.000000
0	17.203000	0.000000	250.000000	362.000000
0	17.234000	0.000000	250.000000	362.000000
0	17.265000	0.000000	250.000000	362.000000
0	17.296000	0.000000	250.000000	362.000000
0	17.327000	0.000000	250.000000	362.000000
0	17.374000	0.000000	250.000000	362.000000
0	17.405000	0.000000	250.000000	362.000000
0	17.437000	0.000000	250.000000	362.000000
0	17.468000	0.000000	250.000000	362.000000
0	17.499000	0.000000	250.000000	362.000000
0	17.530000	0.000000	250.000000	362.000000
0	17.561000	0.000000	250.000000	362.000000
0	17.608000	0.000000	250.000000	362.000000
0	17.639000	0.000000	250.000000	362.000000
0	17.671000	0.000000	250.000000	362.000000
0	17.702000	0.000000	250.000000	362.000000
0	17.733000	0.000000	250.000000	362.000000
0	17.764000	0.000000	250.000000	362.000000
0	17.795000	0.000000	250.000000	362.000000
0	17.842000	0.000000	250.000000	362.000000
0	17.873000	0.000000	250.000000	362.000000
0	17.905000	0.000000	250.000000	362.000000
0	17.936000	0.000000	250.000000	362.000000
0	17.967000	0.000000	250.000000	362.000000
0	17.998000	0.000000	250.000000	362.000000
0	18.029000	0.000000	250.000000	362.000000
0	18.061000	0.000000	250.000000	362.000000
0	18.107000	0.000000	250.000000	362.000000
0	18.139000	0.000000	250.000000	362.000000
0	18.170000	0.000000	250.000000	362.000000
0	18.201000	0.000000	250.000000	362.000000
0	18.232000	0.000000	250.000000	362.000000
0	18.263000	0.000000	250.000000	362.000000
0	18.295000	0.000000	250.000000	362.000000
0	18.341000	0.000000	250.000000	362.000000
0	18.373000	0.000000	250.000000	362.000000
0	18.404000	0.000000	250.000000	362.000000
0	18.435000	0.000000	250.000000	362.000000
0	18.466000	0.000000	250.000000	362.000000
0	18.497000	0.000000	250.000000	362.000000
0	18.529000	0.000000	250.000000	362.000000
0	18.575000	0.000000	250.000000	362.000000
0	18.607000	0.000000	250.000000	362.000000
0	18.638000	0.000000	250.000000	362.000000
0	18.669000	0.000000	250.000000	362.000000
0	18.700000	0.000000	250.000000	362.000000
0	18.731000	0.000000	250.000000	362.000000
0	18.763000	0.000000	250.000000	362.000000
0	18.794000	0.000000	250.000000	362.000000
0	18.841000	0.000000	250.000000	362.000000
0	18.872000	0.000000	250.000000	362.000000
0	18.903000	0.000000	250.000000	362.000000
0	18.934000	0.000000	250.000000	362.000000
0	18.965000	0.000000	250.000000	362.000000
0	18.997000	0.000000	250.000000	362.000000
0	19.028000	0.000000	250.000000	362.000000
0	19.075000	0.000000	250.000000	362.000000
0	19.106000	0.000000	250.000000	362.000000
0	19.137000	0.000000	250.000000	362.000000
0	19.168000	0.000000	250.000000	362.000000
0	19.199000	0.000000	250.000000	362.000000
0	19.231000	0.000000	250.000000	362.000000
0	19.262000	0.000000	250.000000	362.000000
0	19.309000	0.000000	250.000000	362.000000
0	19.340000	0.000000	250.000000	362.000000
0	19.371000	0.000000	250.000000	362.000000
0	19.402000	0.000000	250.000000	362.000000
0	19.433000	0.000000	250.000000	362.000000
0	19.465000	0.000000	250.000000	362.000000
0	19.496000	0.000000	250.000000	362.000000
0	19.527000	0.000000	250.000000	362.000000
0	19.574000	0.000000	250.000000	362.000000
0	19.605000	0.000000	250.000000	362.000000
0	19.636000	0.000000	250.000000	362.000000
0	19.667000	0.000000	250.000000	362.000000
0	19.699000	0.000000	250.000000	362.000000
0	19.730000	0.000000	250.000000	362.000000
0	19.761000	0.000000	250.000000	362.000000
0	19.808000	0.000000	250.000000	362.000000
0	19.839000	0.000000	250.000000	362.000000
0	19.870000	0.000000	250.000000	362.000000
0	19.901000	0.000000	250.000000	362.000000
0	19.933000	0.000000	250.000000	362.000000
0	19.964000	0.000000	250.000000	362.000000
0	19.995000	0.000000	250.000000	362.000000
0	20.042000	0.000000	250.000000	362.000000
0	20.073000	0.000000	250.000000	362.000000
0	20.104000	0.000000	250.000000	362.000000
0	20.135000	0.000000	250.000000	362.000000
0	20.167000	0.000000	250.000000	362.000000
0	20.198000	0.000000	250.000000	362.000000
0	20.229000	0.000000	250.000000	362.000000
0	20.260000	0.000000	250.000000	362.000000
0	20.307000	0.000000	250.000000	362.000000
0	20.338000	0.000000	250.000000	362.000000
0	20.369000	0.000000	250.000000	362.000000
0	20.401000	0.000000	250.000000	362.000000
0	20.432000	0.000000	250.000000	362.000000
0	20.463000	0.000000	250.000000	362.000000
0	20.494000	0.000000	250.000000	362.000000
0	20.525000	0.000000	250.000000	362.000000
0	20.572000	0.000000	250.000000	362.000000
0	20.603000	0.000000	250.000000	362.000000
0	20.635000	0.000000	250.000000	362.000000
0	20.666000	0.000000	250.000000	362.000000
0	20.697000	0.000000	250.000000	362.000000
0	20.728000	0.000000	250.000000	362.000000
0	20.759000	0.000000	250.000000	362.000000
0	20.806000	0.000000	250.000000	362.000000
0	20.837000	0.000000	250.000000	362.000000
0	20.869000	0.000000	250.000000	362.000000
0	20.900000	0.000000	250.000000	362.000000
0	20.931000	0.000000	250.000000	362.000000
0	20.962000	0.000000	250.000000	362.000000
0	20.993000	0.000000	250.000000	362.000000
0	21.040000	0.000000	250.000000	362.000000
0	21.071000	0.000000	250.000000	362.000000
0	21.103000	0.000000	250.000000	362.000000
0	21.134000	0.000000	250.000000	362.000000
0	21.165000	0.000000	250.000000	362.000000
0	21.196000	0.000000	250.000000	362.000000
0	21.227000	0.000000	250.000000	362.000000
0	21.259000	0.000000	250.000000	362.000000
0	21.305000	0.000000	250.000000	362.000000
0	21.337000	0.000000	250.000000	362.000000
0	21.368000	0.000000	250.000000	362.000000
0	21.399000	0.000000	250.000000	362.000000
0	21.430000	0.000000	250.000000	362.000000
0	21.461000	0.000000	250.000000	362.000000
0	21.493000	0.000000	250.000000	362.000000
0	21.539000	0.000000	250.000000	362.000000
0	21.571000	0.000000	250.000000	362.000000
0	21.602000	0.000000	250.000000	362.000000
0	21.633000	0.000000	250.000000	362.000000
0	21.664000	0.000000	250.000000	362.000000
0	21.695000	0.000000	250.000000	362.000000
0	21.727000	0.000000	250.000000	362.000000
0	21.773000	0.000000	250.000000	362.000000
0	21.805000	0.000000	250.000000	362.000000
0	21.836000	0.000000	250.000000	362.000000
0	21.867000	0.000000	250.000000	362.000000
0	21.898000	0.000000	250.000000	362.000000
0	21.929000	0.000000	250.000000	362.000000
0	21.961000	0.000000	250.000000	362.000000
0	21.992000	0.000000	250.000000	362.000000
0	22.039000	0.000000	250.000000	362.000000
0	22.070000	0.000000	250.000000	362.000000
0	22.101000	0.000000	250.000000	362.000000
0	22.132000	0.000000	250.000000	362.000000
0	22.163000	0.000000	250.000000	362.000000
0	22.195000	0.000000	250.000000	362.000000
0	22.226000	0.000000	250.000000	362.000000
0	22.273000	0.000000	250.000000	362.000000
0	22.304000	0.000000	250.000000	362.000000
0	22.335000	0.000000	250.000000	362.000000
0	22.366000	0.000000	250.000000	362.000000
0	22.397000	0.000000	250.000000	362.000000
0	22.429000	0.000000	250.000000	362.000000
0	22.460000	0.000000	250.000000	362.000000
0	22.507000	0.000000	250.000000	362.000000
0	22.538000	0.000000	250.000000	362.000000
0	22.569000	0.000000	250.000000	362.000000
0	22.600000	0.000000	250.000000	362.000000
0	22.631000	0.000000	250.000000	362.000000
0	22.663000	0.000000	250.000000	362.000000
0	22.694000	0.000000	250.000000	362.000000
0	22.725000	0.000000	250.000000	362.000000
0	22.772000	0.000000	250.000000	362.000000
0	22.803000	0.000000	250.000000	362.000000
0	22.834000	0.000000	250.000000	362.000000
0	22.865000	0.000000	250.000000	362.000000
0	22.897000	0.000000	250.000000	362.000000
0	22.928000	0.000000	250.000000	362.000000
0	22.959000	0.000000	250.000000	362.000000
0	23.006000	0.000000	250.000000	362.000000
0	23.037000	0.000000	250.000000	362.000000
0	23.068000	0.000000	250.000000	362.000000
0	23.099000	0.000000	250.000000	362.000000
0	23.131000	0.000000	250.000000	362.000000
0	23.162000	0.000000	250.000000	362.000000
0	23.193000	0.000000	250.000000	362.000000
0	23.240000	0.000000	250.000000	362.000000
0	23.271000	0.000000	250.000000	362.000000
0	23.302000	0.000000	250.000000	362.000000
0	23.333000	0.000000	250.000000	362.000000
0	23.365000	0.000000	250.000000	362.000000
0	23.396000	0.000000	250.000000	362.000000
0	23.427000	0.000000	250.000000	362.000000
0	23.458000	0.000000	250.000000	362.000000
0	23.505000	0.000000	250.000000	362.000000
0	23.536000	0.000000	250.000000	362.000000
0	23.567000	0.000000	250.000000	362.000000
0	23.599000	0.000000	250.000000	362.000000
0	23.630000	0.000000	250.000000	362.000000
0	23.661000	0.000000	250.000000	362.000000
0	23.692000	0.000000	250.000000	362.000000
0	23.739000	0.000000	250.000000	362.000000
0	23.770000	0.000000	250.000000	362.000000
0	23.802000	0.000000	250.000000	362.000000
0	23.833000	0.000000	250.000000	362.000000
0	23.864000	0.000000	250.000000	362.000000
0	23.895000	0.000000	250.000000	362.000000
0	23.926000	0.000000	250.000000	362.000000
0	23.973000	0.000000	250.000000	362.000000
0	24.004000	0.000000	250.000000	362.000000
0	24.036000	0.000000	250.000000	362.000000
0	24.067000	0.000000	250.000000	362.000000
0	24.098000	0.000000	250.000000	362.000000
0	24.129000	0.000000	250.000000	362.000000
0	24.160000	0.000000	250.000000	362.000000
0	24.192000	0.000000	250.000000	362.000000
0	24.238000	0.000000	250.000000	362.000000
0	24.270000	0.000000	250.000000	362.000000
0	24.301000	0.000000	250.000000	362.000000
0	24.332000	0.000000	250.000000	362.000000
0	24.363000	0.000000	250.000000	362.000000
0	24.394000	0.000000	250.000000	362.000000
0	24.426000	0.000000	250.000000	362.000000
0	24.457000	0.000000	250.000000	362.000000
0	24.504000	0.000000	250.000000	362.000000
0	24.535000	0.000000	250.000000	362.000000
0	24.566000	0.000000	250.000000	362.000000
0	24.597000	0.000000	250.000000	362.000000
0	24.628000	0.000000	250.000000	362.000000
0	24.660000	0.000000	250.000000	362.000000
0	24.691000	0.000000	250.000000	362.000000
0	24.738000	0.000000	250.000000	362.000000
0	24.769000	0.000000	250.000000	362.000000
0	24.800000	0.000000	250.000000	362.000000
0	24.831000	0.000000	250.000000	362.000000
0	24.862000	0.000000	250.000000	362.000000
0	24.894000	0.000000	250.000000	362.000000
0	24.925000	0.000000	250.000000	362.000000
0	24.972000	0.000000	250.000000	362.000000
0	25.003000	0.000000	250.000000	362.000000
0	25.034000	0.000000	250.000000	362.000000
0	25.065000	0.000000	250.000000	362.000000
0	25.096000	0.000000	250.000000	362.000000
0	25.128000	0.000000	250.000000	362.000000
0	25.159000	0.000000	250.000000	362.000000
0	25.190000	0.000000	250.000000	362.000000
0	25.237000	0.000000	250.000000	362.000000
0	25.268000	0.000000	250.000000	362.000000
0	25.299000	0.000000	250.000000	362.000000
0	25.330000	0.000000	250.000000	362.000000
0	25.362000	0.000000	250.000000	362.000000
0	25.393000	0.000000	250.000000	362.000000
0	25.424000	0.000000	250.000000	362.000000
0	25.471000	0.000000	250.000000	362.000000
0	25.502000	0.000000	250.000000	362.000000
0	25.533000	0.000000	250.000000	362.000000
0	25.564000	0.000000	250.000000	362.000000
0	25.596000	0.000000	250.000000	362.000000
0	25.627000	0.000000	250.000000	362.000000
0	25.658000	0.000000	250.000000	362.000000
0	25.705000	0.000000	250.000000	362.000000
0	25.736000	0.000000	250.000000	362.000000
0	25.767000	0.000000	250.000000	362.000000
0	25.798000	0.000000	250.000000	362.000000
0	25.830000	0.000000	250.000000	362.000000
0	25.861000	0.000000	250.000000	362.000000
0	25.892000	0.000000	250.000000	362.000000
0	25.923000	0.000000	250.000000	362.000000
0	25.970000	0.000000	250.000000	362.000000
0	26.001000	0.000000	250.000000	362.000000
0	26.032000	0.000000	250.000000	362.000000
0	26.064000	0.000000	250.000000	362.000000
0	26.095000	0.000000	250.000000	362.000000
0	26.126000	0.000000	250.000000	362.000000
0	26.157000	0.000000	250.000000	362.000000
0	26.204000	0.000000	250.000000	362.000000
0	26.235000	0.000000	250.000000	362.000000
0	26.266000	0.000000	250.000000	362.000000
0	26.298000	0.000000	250.000000	362.000000
0	26.329000	0.000000	250.000000	362.000000
0	26.360000	0.000000	250.000000	362.000000
0	26.391000	0.000000	250.000000	362.000000
0	26.438000	0.000000	250.000000	362.000000
0	26.469000	0.000000	250.000000	362.000000
0	26.500000	0.000000	250.000000	362.000000
0	26.532000	0.000000	250.000000	362.000000
0	26.563000	0.000000	250.000000	362.000000
0	26.594000	0.000000	250.000000	362.000000
0	26.625000	0.000000	250.000000	362.000000
0	26.656000	0.000000	250.000000	362.000000
0	26.703000	0.000000	250.000000	362.000000
0	26.734000	0.000000	250.000000	362.000000
0	26.766000	0.000000	250.000000	362.000000
0	26.797000	0.000000	250.000000	362.000000
0	26.828000	0.000000	250.000000	362.000000
0	26.859000	0.000000	250.000000	362.000000
0	26.890000	0.000000	250.000000	362.000000
0	26.937000	0.000000	250.000000	362.000000
0	26.968000	0.000000	250.000000	362.000000
0	27.000000	0.000000	250.000000	362.000000
0	27.031000	0.000000	250.000000	362.000000
0	27.062000	0.000000	250.000000	362.000000
0	27.093000	0.000000	250.000000	362.000000
0	27.124000	0.000000	250.000000	362.000000
0	27.171000	0.000000	250.000000	362.000000
0	27.202000	0.000000	250.000000	362.000000
0	27.234000	0.000000	250.000000	362.000000
0	27.265000	0.000000	250.000000	362.000000
0	27.296000	0.000000	250.000000	362.000000
0	27.327000	0.000000	250.000000	362.000000
0	27.358000	0.000000	250.000000	362.000000
0	27.390000	0.000000	250.000000	362.000000
0	27.436000	0.000000	250.000000	362.000000
0	27.468000	0.000000	250.000000	362.000000
0	27.499000	0.000000	250.000000	362.000000
0	27.530000	0.000000	250.000000	362.000000
0	27.561000	0.000000	250.000000	362.000000
0	27.592000	0.000000	250.000000	362.000000
0	27.624000	0.000000	250.000000	362.000000
0	27.670000	0.000000	250.000000	362.000000
0	27.702000	0.000000	250.000000	362.000000
0	27.733000	0.000000	250.000000	362.000000
0	27.764000	0.000000	250.000000	362.000000
0	27.795000	0.000000	250.000000	362.000000
0	27.826000	0.000000	250.000000	362.000000
0	27.858000	0.000000	250.000000	362.000000
0	27.904000	0.000000	250.000000	362.000000
0	27.936000	0.000000	250.000000	362.000000
0	27.967000	0.000000	250.000000	362.000000
0	27.998000	0.000000	250.000000	362.000000
0	28.029000	0.000000	250.000000	362.000000
0	28.060000	0.000000	250.000000	362.000000
0	28.092000	0.000000	250.000000	362.000000
0	28.123000	0.000000	250.000000	362.000000
0	28.170000	0.000000	250.000000	362.000000
0	28.201000	0.000000	250.000000	362.000000
0	28.232000	0.000000	250.000000	362.000000
0	28.263000	0.000000	250.000000	362.000000
0	28.294000	0.000000	250.000000	362.000000
0	28.326000	0.000000	250.000000	362.000000
0	28.357000	0.000000	250.000000	362.000000
0	28.404000	0.000000	250.000000	362.000000
0	28.435000	0.000000	250.000000	362.000000
0	28.466000	0.000000	250.000000	362.000000
0	28.497000	0.000000	250.000000	362.000000
0	28.528000	0.000000	250.000000	362.000000
0	28.560000	0.000000	250.000000	362.000000
0	28.591000	0.000000	250.000000	362.000000
0	28.622000	0.000000	250.000000	362.000000
0	28.669000	0.000000	250.000000	362.000000
0	28.700000	0.000000	250.000000	362.000000
0	28.731000	0.000000	250.000000	362.000000
0	28.762000	0.000000	250.000000	362.000000
0	28.794000	0.000000	250.000000	362.000000
0	28.825000	0.000000	250.000000	362.000000
0	28.856000	0.000000	250.000000	362.000000
0	28.903000	0.000000	250.000000	362.000000
0	28.934000	0.000000	250.000000	362.000000
0	28.965000	0.000000	250.000000	362.000000
0	28.996000	0.000000	250.000000	362.000000
0	29.028000	0.000000	250.000000	362.000000
0	29.059000	0.000000	250.000000	362.000000
0	29.090000	0.000000	250.000000	362.000000
0	29.121000	0.000000	250.000000	362.000000
0	29.168000	0.000000	250.000000	362.000000
0	29.199000	0.000000	250.000000	362.000000
0	29.230000	0.000000	250.000000	362.000000
0	29.262000	0.000000	250.000000	362.000000
0	29.293000	0.000000	250.000000	362.000000
0	29.324000	0.000000	250.000000	362.000000
0	29.355000	0.000000	250.000000	362.000000
0	29.402000	0.000000	250.000000	362.000000
0	29.433000	0.000000	250.000000	362.000000
0	29.464000	0.000000	250.000000	362.000000
0	29.496000	0.000000	250.000000	362.000000
0	29.527000	0.000000	250.000000	362.000000
0	29.558000	0.000000	250.000000	362.000000
0	29.589000	0.000000	250.000000	362.000000
0	29.636000	0.000000	250.000000	362.000000
0	29.667000	0.000000	250.000000	362.000000
0	29.698000	0.000000	250.000000	362.000000
0	29.730000	0.000000	250.000000	362.000000
0	29.761000	0.000000	250.000000	362.000000
0	29.792000	0.000000	250.000000	362.000000
0	29.823000	0.000000	250.000000	362.000000
0	29.854000	0.000000	250.000000	362.000000
0	29.901000	0.000000	250.000000	362.000000
0	29.932000	0.000000	250.000000	362.000000
0	29.964000	0.000000	250.000000	362.000000
0	29.995000	0.000000	250.000000	362.000000
<\LEFT-PUPIL-DATA>
<RIGHT-PUPIL-ANALYSIS>
1
0	0	17	902	0	0	0.509000	29.518999	0.510000	15.810344	0.000000	0.000000	0.000000	0	3	3	3	3	0	0	0	0.000000	0.000000	0.000000	0.000000	0.000000	0.000000	0.000000	-1.000000	0.000000	0	1.076029	0.535736	0.909380	0.225489	3.574000	-0.147380	-1.286049	-1.000000	0.261615	1	1.076029	0.535736	0.909380	0.225489	3.574000	-0.749772	-1.286049	-1.000000	0.239343
<\RIGHT-PUPIL-ANALYSIS>
<LEFT-PUPIL-ANALYSIS>
1
0	0	17	902	0	0	0.509000	29.518999	0.510000	15.810344	0.000000	0.000000	0.000000	0	3	3	3	3	0	0	0	0.000000	0.000000	0.000000	0.000000	0.000000	0.000000	0.000000	-1.000000	0.000000	0	-0.034783	-0.034783	0.000950	0.000950	0.002000	0.000000	0.000000	-1.000000	0.000000	1	-0.034783	-0.034783	0.000950	0.000950	0.002000	-1000000.000000	-1000000.000000	-1.000000	0.000000
<\LEFT-PUPIL-ANALYSIS>
%%%%%%%%%
%%%%%%%%%
%%%%%%%%%
%%%	Measurement Tiime is: 2017-12-05 10:38:16
%%%	Subject ID is: c57bl6-4.11.17-1mois-DAOG-M1-1.2b
%%%	Note: 
%%%	RSS: Default Human Relative Spectral Sensitivity
%%%	Pupil Analysis:
%%%
%%%
%%%
%%%	Pulse Index:	0
%%%	Stimulus Session Index:	0
%%%	Right Pupil Stimulated
%%%	Light Metric is Photopic
%%%	Stimulus Start Time(sec):	0.51
%%%	Stimulus Duration(sec):	29.52
%%%	Stimulus Pulse Duration(sec):	0.51
%%%	Right Pulse:	15.81	(Blue )	-	0.00	(Blue )	[Lux ]
%%%	Left Pulse:	0.00	(Blue )	-	0.00	(Blue )	[Lux ]
%%%
%%%		RIGHT	LEFT	R.Pupil Mean	L.Pupil Mean	R.Stim Mean	R.Stim Mean
%%%	INPUT:	RAW DATA	RAW DATA
%%%	STATE:	ABNORMAL	ABNORMAL	ABNORMAL	ABNORMAL	ABNORMAL	ABNORMAL
%%%	MAX(mm):	0.00	0.00	0.00	0.00	0.00	0.00
%%%	MIN(mm):	0.00	0.00	0.00	0.00	0.00	0.00
%%%	DELTA(mm):						
%%%	CH(%):						
%%%	LAT(sec):	0.00	0.00	0.00	0.00	0.00	0.00
%%%	CV(mm/s):	0.00	0.00	0.00	0.00	0.00	0.00
%%%	MCV(mm/s):	0.00	0.00	0.00	0.00	0.00	0.00
%%%	DV(mm/s):	0.00	0.00	0.00	0.00	0.00	0.00
%%%%%%%%%
%%%%%%%%%
%%%%%%%%%
%%%	Right Pupil Profile (1st row -> 1 == valid tracking, 0 == invalid tracking; 2nd row -> time; 3rd row -> diameter (mm))
%%%	1	1	1	1	1	1	1	1	1	1	1	1	1	1	1	1	0	1	1	1	1	1	1	1	1	1	0	1	1	1	1	1	1	1	1	1	1	1	0	1	1	0	0	1	0	1	0	0	1	0	0	1	0	1	0	1	1	1	0	0	1	0	0	1	0	0	0	0	1	0	0	0	1	0	1	1	0	0	1	0	0	1	1	1	0	0	0	1	1	1	1	0	1	1	1	1	1	1	0	0	1	0	1	0	1	0	0	1	0	1	1	0	1	1	1	0	0	0	0	1	0	1	0	1	1	1	1	1	1	0	0	0	1	1	1	0	0	0	1	1	0	1	1	1	1	0	0	1	0	0	0	1	0	0	0	0	1	0	1	0	1	0	1	1	0	0	1	1	0	0	1	0	0	0	1	1	0	0	0	0	0	0	0	0	0	0	0	1	0	1	1	1	1	1	1	1	1	1	0	1	1	1	0	1	0	0	0	0	1	1	1	1	1	0	1	1	1	1	1	0	1	1	1	0	1	1	1	0	1	1	1	1	0	1	1	1	0	0	1	1	1	1	1	1	1	1	1	1	1	1	0	1	0	1	1	1	1	1	1	1	1	0	1	1	1	0	0	1	1	1	1	1	1	0	1	1	1	1	1	1	0	1	1	1	1	1	0	1	0	0	0	1	1	1	1	1	1	1	0	0	1	1	1	1	1	1	1	1	1	1	0	0	1	1	1	1	1	1	1	1	0	1	0	1	1	0	1	1	1	0	1	1	1	1	1	1	1	1	1	1	1	0	0	1	0	0	0	1	1	1	0	1	1	1	1	0	1	1	1	1	1	1	1	1	0	0	0	0	0	1	1	1	1	1	1	1	1	1	1	0	1	1	1	0	0	1	0	1	1	1	0	0	1	0	1	1	0	0	1	0	1	0	1	1	0	1	1	0	1	1	1	1	1	1	1	1	1	1	1	1	1	0	1	0	1	1	1	0	0	1	1	1	1	1	1	1	1	1	1	1	1	1	0	1	1	1	1	1	1	0	1	1	1	1	0	1	1	0	1	0	0	1	1	1	1	1	1	1	0	1	1	1	0	0	1	1	1	1	1	0	0	1	1	1	1	0	1	1	1	1	1	1	1	1	1	1	1	1	1	1	1	1	0	1	1	1	1	0	1	1	1	1	1	0	1	1	1	1	1	1	1	1	1	1	1	1	1	1	1	1	1	0	1	1	1	1	1	1	1	1	0	1	1	1	1	1	1	0	0	0	1	1	1	1	1	1	0	0	1	0	1	1	0	0	0	0	0	1	1	0	1	0	1	0	0	1	1	0	0	1	0	0	0	0	1	1	1	1	1	0	0	1	1	1	0	1	1	1	1	1	0	1	1	0	1	1	0	1	0	1	1	0	0	1	0	0	0	1	0	1	0	0	0	1	0	0	0	0	1	1	0	0	1	1	1	0	1	0	0	1	1	0	1	1	0	1	1	0	0	1	0	0	1	0	1	1	0	0	0	0	0	0	0	0	1	0	1	1	1	0	0	1	1	1	0	1	1	0	0	1	1	1	1	1	1	1	1	0	1	1	0	0	1	1	1	1	1	1	1	1	1	1	1	1	1	0	1	1	1	0	1	1	0	0	0	1	1	0	1	1	1	1	1	0	1	1	1	0	0	1	1	0	1	0	1	1	1	0	0	1	1	1	0	0	0	1	0	0	1	0	1	0	0	0	0	1	0	1	1	0	1	0	1	1	1	1	1	1	1	0	1	1	1	1	1	0	0	1	0	1	1	1	1	1	1	1	1	1	1	1	0	1	1	1	1	1	0	1	1	1	1	1	1	0	1	1	1	0	1	1	1	1	1	0	0	0	1	1	0	1	1	1	1	1	1	1	1	0	0	0	1	0	1	1	1	0	1	0	1	0	1	1	1	1	1	1	1	1	1	1	1	1	1	1	1	1	0	1	1	1	1	1	1	1	1	1	1	1	1	1	1	1	1	1	1	1	1	1	1	1	1	1	1	1	1	1	1	1	1	1	1	1	1	1	1	1	1	1	1	1	1	1	1
%%%	-0.051000	-0.020000	0.011000	0.043000	0.074000	0.121000	0.152000	0.183000	0.214000	0.245000	0.277000	0.308000	0.339000	0.386000	0.417000	0.448000	0.479000	0.511000	0.542000	0.573000	0.620000	0.651000	0.682000	0.713000	0.745000	0.776000	0.807000	0.854000	0.885000	0.916000	0.947000	0.979000	1.010000	1.041000	1.072000	1.119000	1.150000	1.181000	1.213000	1.244000	1.275000	1.306000	1.353000	1.384000	1.415000	1.447000	1.478000	1.509000	1.540000	1.571000	1.618000	1.649000	1.681000	1.712000	1.743000	1.774000	1.805000	1.852000	1.883000	1.915000	1.946000	1.977000	2.008000	2.039000	2.071000	2.117000	2.149000	2.180000	2.211000	2.242000	2.273000	2.305000	2.351000	2.383000	2.414000	2.445000	2.476000	2.507000	2.539000	2.585000	2.617000	2.648000	2.679000	2.710000	2.741000	2.773000	2.804000	2.851000	2.882000	2.913000	2.944000	2.975000	3.007000	3.038000	3.085000	3.116000	3.147000	3.178000	3.209000	3.241000	3.272000	3.319000	3.350000	3.381000	3.412000	3.443000	3.475000	3.506000	3.537000	3.584000	3.615000	3.646000	3.677000	3.709000	3.740000	3.771000	3.818000	3.849000	3.880000	3.911000	3.943000	3.974000	4.005000	4.052000	4.083000	4.114000	4.145000	4.177000	4.208000	4.239000	4.270000	4.317000	4.348000	4.379000	4.411000	4.442000	4.473000	4.504000	4.551000	4.582000	4.613000	4.645000	4.676000	4.707000	4.738000	4.785000	4.816000	4.847000	4.879000	4.910000	4.941000	4.972000	5.003000	5.050000	5.081000	5.113000	5.144000	5.175000	5.206000	5.237000	5.284000	5.315000	5.347000	5.378000	5.409000	5.440000	5.471000	5.503000	5.549000	5.581000	5.612000	5.643000	5.674000	5.705000	5.737000	5.783000	5.815000	5.846000	5.877000	5.908000	5.939000	5.971000	6.017000	6.049000	6.080000	6.111000	6.142000	6.173000	6.205000	6.236000	6.283000	6.314000	6.345000	6.376000	6.407000	6.439000	6.470000	6.517000	6.548000	6.579000	6.610000	6.641000	6.673000	6.704000	6.751000	6.782000	6.813000	6.844000	6.875000	6.907000	6.938000	6.969000	7.016000	7.047000	7.078000	7.109000	7.141000	7.172000	7.203000	7.250000	7.281000	7.312000	7.343000	7.375000	7.406000	7.437000	7.484000	7.515000	7.546000	7.577000	7.609000	7.640000	7.671000	7.702000	7.749000	7.780000	7.811000	7.843000	7.874000	7.905000	7.936000	7.983000	8.014000	8.045000	8.077000	8.108000	8.139000	8.170000	8.201000	8.248000	8.279000	8.311000	8.342000	8.373000	8.404000	8.435000	8.482000	8.513000	8.545000	8.576000	8.607000	8.638000	8.669000	8.716000	8.747000	8.779000	8.810000	8.841000	8.872000	8.903000	8.935000	8.981000	9.013000	9.044000	9.075000	9.106000	9.137000	9.169000	9.215000	9.247000	9.278000	9.309000	9.340000	9.371000	9.403000	9.434000	9.481000	9.512000	9.543000	9.574000	9.605000	9.637000	9.668000	9.715000	9.746000	9.777000	9.808000	9.839000	9.871000	9.902000	9.949000	9.980000	10.011000	10.042000	10.073000	10.105000	10.136000	10.167000	10.214000	10.245000	10.276000	10.307000	10.339000	10.370000	10.401000	10.448000	10.479000	10.510000	10.541000	10.573000	10.604000	10.635000	10.682000	10.713000	10.744000	10.775000	10.807000	10.838000	10.869000	10.900000	10.947000	10.978000	11.009000	11.041000	11.072000	11.103000	11.134000	11.181000	11.212000	11.243000	11.275000	11.306000	11.337000	11.368000	11.415000	11.446000	11.477000	11.509000	11.540000	11.571000	11.602000	11.633000	11.680000	11.711000	11.743000	11.774000	11.805000	11.836000	11.867000	11.914000	11.945000	11.977000	12.008000	12.039000	12.070000	12.101000	12.148000	12.179000	12.211000	12.242000	12.273000	12.304000	12.335000	12.367000	12.413000	12.445000	12.476000	12.507000	12.538000	12.569000	12.601000	12.647000	12.679000	12.710000	12.741000	12.772000	12.803000	12.835000	12.881000	12.913000	12.944000	12.975000	13.006000	13.037000	13.069000	13.100000	13.147000	13.178000	13.209000	13.240000	13.271000	13.303000	13.334000	13.365000	13.412000	13.443000	13.474000	13.505000	13.537000	13.568000	13.599000	13.646000	13.677000	13.708000	13.739000	13.771000	13.802000	13.833000	13.880000	13.911000	13.942000	13.973000	14.005000	14.036000	14.067000	14.098000	14.145000	14.176000	14.207000	14.239000	14.270000	14.301000	14.332000	14.379000	14.410000	14.441000	14.473000	14.504000	14.535000	14.566000	14.613000	14.644000	14.675000	14.707000	14.738000	14.769000	14.800000	14.831000	14.878000	14.909000	14.941000	14.972000	15.003000	15.034000	15.065000	15.112000	15.143000	15.175000	15.206000	15.237000	15.268000	15.299000	15.346000	15.377000	15.409000	15.440000	15.471000	15.502000	15.533000	15.565000	15.611000	15.643000	15.674000	15.705000	15.736000	15.767000	15.799000	15.845000	15.877000	15.908000	15.939000	15.970000	16.001000	16.033000	16.079000	16.111000	16.142000	16.173000	16.204000	16.235000	16.267000	16.298000	16.345000	16.376000	16.407000	16.438000	16.469000	16.501000	16.532000	16.579000	16.610000	16.641000	16.672000	16.703000	16.735000	16.766000	16.813000	16.844000	16.875000	16.906000	16.937000	16.969000	17.000000	17.031000	17.078000	17.109000	17.140000	17.171000	17.203000	17.234000	17.265000	17.296000	17.343000	17.374000	17.405000	17.437000	17.468000	17.499000	17.530000	17.577000	17.608000	17.639000	17.671000	17.702000	17.733000	17.764000	17.811000	17.842000	17.873000	17.905000	17.936000	17.967000	17.998000	18.029000	18.076000	18.107000	18.139000	18.170000	18.201000	18.232000	18.263000	18.310000	18.341000	18.373000	18.404000	18.435000	18.466000	18.497000	18.544000	18.575000	18.607000	18.638000	18.669000	18.700000	18.731000	18.763000	18.809000	18.841000	18.872000	18.903000	18.934000	18.965000	18.997000	19.043000	19.075000	19.106000	19.137000	19.168000	19.199000	19.231000	19.277000	19.309000	19.340000	19.371000	19.402000	19.433000	19.465000	19.496000	19.543000	19.574000	19.605000	19.636000	19.667000	19.699000	19.730000	19.777000	19.808000	19.839000	19.870000	19.901000	19.933000	19.964000	20.011000	20.042000	20.073000	20.104000	20.135000	20.167000	20.198000	20.229000	20.276000	20.307000	20.338000	20.369000	20.401000	20.432000	20.463000	20.510000	20.541000	20.572000	20.603000	20.635000	20.666000	20.697000	20.744000	20.775000	20.806000	20.837000	20.869000	20.900000	20.931000	20.962000	21.009000	21.040000	21.071000	21.103000	21.134000	21.165000	21.196000	21.243000	21.274000	21.305000	21.337000	21.368000	21.399000	21.430000	21.461000	21.508000	21.539000	21.571000	21.602000	21.633000	21.664000	21.695000	21.742000	21.773000	21.805000	21.836000	21.867000	21.898000	21.929000	21.976000	22.007000	22.039000	22.070000	22.101000	22.132000	22.163000	22.195000	22.241000	22.273000	22.304000	22.335000	22.366000	22.397000	22.429000	22.475000	22.507000	22.538000	22.569000	22.600000	22.631000	22.663000	22.694000	22.741000	22.772000	22.803000	22.834000	22.865000	22.897000	22.928000	22.975000	23.006000	23.037000	23.068000	23.099000	23.131000	23.162000	23.209000	23.240000	23.271000	23.302000	23.333000	23.365000	23.396000	23.427000	23.474000	23.505000	23.536000	23.567000	23.599000	23.630000	23.661000	23.708000	23.739000	23.770000	23.802000	23.833000	23.864000	23.895000	23.942000	23.973000	24.004000	24.036000	24.067000	24.098000	24.129000	24.160000	24.207000	24.238000	24.270000	24.301000	24.332000	24.363000	24.394000	24.441000	24.472000	24.504000	24.535000	24.566000	24.597000	24.628000	24.675000	24.706000	24.738000	24.769000	24.800000	24.831000	24.862000	24.894000	24.940000	24.972000	25.003000	25.034000	25.065000	25.096000	25.128000	25.174000	25.206000	25.237000	25.268000	25.299000	25.330000	25.362000	25.393000	25.440000	25.471000	25.502000	25.533000	25.564000	25.596000	25.627000	25.674000	25.705000	25.736000	25.767000	25.798000	25.830000	25.861000	25.908000	25.939000	25.970000	26.001000	26.032000	26.064000	26.095000	26.126000	26.173000	26.204000	26.235000	26.266000	26.298000	26.329000	26.360000	26.407000	26.438000	26.469000	26.500000	26.532000	26.563000	26.594000	26.641000	26.672000	26.703000	26.734000	26.766000	26.797000	26.828000	26.859000	26.906000	26.937000	26.968000	27.000000	27.031000	27.062000	27.093000	27.140000	27.171000	27.202000	27.234000	27.265000	27.296000	27.327000	27.374000	27.405000	27.436000	27.468000	27.499000	27.530000	27.561000	27.592000	27.639000	27.670000	27.702000	27.733000	27.764000	27.795000	27.826000	27.873000	27.904000	27.936000	27.967000	27.998000	28.029000	28.060000	28.107000	28.138000	28.170000	28.201000	28.232000	28.263000	28.294000	28.326000	28.372000	28.404000	28.435000	28.466000	28.497000	28.528000	28.560000	28.606000	28.638000	28.669000	28.700000	28.731000	28.762000	28.794000	28.825000	28.872000	28.903000	28.934000	28.965000	28.996000	29.028000	29.059000	29.106000	29.137000	29.168000	29.199000	29.230000	29.262000	29.293000	29.324000	29.371000	29.402000	29.433000	29.464000	29.496000	29.527000	29.558000	29.605000	29.636000	29.667000	29.698000	29.730000	29.761000	29.792000	29.839000	29.870000	29.901000	29.932000	29.964000	29.995000
%%%	1.062029	1.078841	1.078261	1.078261	1.102754	1.066377	1.079855	1.070725	0.988116	1.079855	1.098841	1.078261	1.090290	1.059275	1.081015	1.061884	0.939710	1.066667	1.055362	1.044058	1.079275	1.070145	1.081594	1.078116	1.071014	1.071014	0.893333	1.044203	1.026087	0.987536	0.981449	0.924928	0.927101	0.912464	0.877536	0.851594	0.800580	0.839275	0.649275	0.752319	0.788116	0.498406	0.521015	0.733623	0.529275	0.716377	0.459855	0.492029	0.690290	0.478841	0.521739	0.670145	0.414058	0.638116	0.568116	0.695797	0.648985	0.639855	0.568116	0.486957	0.637681	0.448406	0.508261	0.690145	0.347826	0.531594	0.507536	0.347826	0.683623	0.347826	0.347826	0.530725	0.684638	0.347826	0.654928	0.659275	0.540290	0.446377	0.689710	0.347826	0.522319	0.712319	0.730435	0.508696	0.347826	0.445072	0.347826	0.732029	0.712464	0.737971	0.722754	0.446812	0.654928	0.712464	0.700580	0.742319	0.715797	0.718551	0.533333	0.591449	0.736377	0.531449	0.711449	0.449855	0.742029	0.347826	0.572319	0.705507	0.347826	0.747681	0.743043	0.347826	0.752754	0.753333	0.753768	0.753623	0.347826	0.347826	0.568986	0.747971	0.579855	0.753623	0.347826	0.745072	0.738551	0.744493	0.711594	0.564638	0.747826	0.539710	0.693333	0.539710	0.776812	0.522319	0.754928	0.496232	0.567971	0.557681	0.666377	0.742898	0.475362	0.722754	0.752174	0.758696	0.562464	0.620145	0.533768	0.779710	0.660870	0.525072	0.617246	0.788406	0.347826	0.347826	0.347826	0.429420	0.788986	0.347826	0.773768	0.347826	0.796667	0.347826	0.755507	0.760290	0.492319	0.347826	0.801159	0.751015	0.347826	0.347826	0.794203	0.347826	0.595942	0.347826	0.777681	0.807681	0.557536	0.498406	0.347826	0.347826	0.347826	0.512029	0.347826	0.347826	0.347826	0.347826	0.347826	0.796812	0.347826	0.818406	0.796667	0.809420	0.776812	0.800580	0.814058	0.765072	0.815362	0.813623	0.347826	0.803188	0.801594	0.802319	0.347826	0.794638	0.347826	0.347826	0.347826	0.743623	0.801015	0.801015	0.797101	0.805362	0.748406	0.347826	0.817971	0.800000	0.800000	0.797391	0.768551	0.459855	0.785362	0.794493	0.807246	0.559275	0.814638	0.800145	0.801594	0.347826	0.800000	0.779275	0.811594	0.759710	0.689420	0.783333	0.811449	0.800580	0.584203	0.626087	0.778261	0.792464	0.800580	0.773913	0.754346	0.708841	0.781449	0.789855	0.796812	0.791884	0.785507	0.779275	0.717971	0.783768	0.660870	0.796812	0.703768	0.805507	0.797826	0.783188	0.747681	0.797101	0.801159	0.475362	0.793768	0.792464	0.725507	0.658985	0.347826	0.796232	0.778116	0.796377	0.764058	0.805507	0.781449	0.747681	0.796232	0.722899	0.811594	0.800000	0.809855	0.755942	0.347826	0.800000	0.809710	0.800580	0.822319	0.833768	0.579275	0.814638	0.347826	0.557101	0.690145	0.803333	0.800580	0.797246	0.794493	0.800580	0.810290	0.800580	0.568116	0.453043	0.814058	0.831015	0.805797	0.805942	0.814058	0.814928	0.835362	0.796232	0.829855	0.833188	0.347826	0.347826	0.812464	0.801015	0.814638	0.829855	0.816667	0.811594	0.813623	0.811594	0.600580	0.833623	0.610290	0.817391	0.840725	0.476667	0.834203	0.821594	0.848841	0.475362	0.831594	0.826087	0.818551	0.840725	0.822319	0.800580	0.752319	0.824928	0.825942	0.814203	0.821159	0.740145	0.347826	0.801159	0.347826	0.621159	0.347826	0.825942	0.801594	0.842319	0.632029	0.776812	0.820580	0.794058	0.831159	0.753333	0.861304	0.866812	0.857681	0.853333	0.893333	0.892754	0.871159	0.878406	0.347826	0.499275	0.347826	0.347826	0.505072	0.892898	0.874058	0.877536	0.877536	0.874928	0.883768	0.869565	0.848406	0.876812	0.882899	0.347826	0.873768	0.872464	0.848985	0.347826	0.347826	0.869565	0.451594	0.886377	0.886812	0.865797	0.347826	0.347826	0.888406	0.347826	0.855942	0.869565	0.734203	0.526812	0.857536	0.347826	0.892754	0.424928	0.886812	0.881015	0.347826	0.885942	0.884783	0.604928	0.865797	0.783768	0.878551	0.860145	0.866232	0.833623	0.842319	0.833188	0.848985	0.840580	0.863623	0.835942	0.845072	0.672319	0.865797	0.459855	0.834058	0.865797	0.864203	0.607536	0.539710	0.866377	0.840580	0.797246	0.801159	0.839855	0.837391	0.840145	0.837971	0.833768	0.860290	0.861449	0.852174	0.836812	0.794058	0.852899	0.857681	0.849275	0.874928	0.857970	0.863188	0.611159	0.834203	0.866232	0.892754	0.730435	0.529420	0.866812	0.839855	0.614638	0.850725	0.753623	0.718551	0.794638	0.861014	0.834783	0.848985	0.828986	0.850580	0.834783	0.434783	0.835942	0.834928	0.866377	0.453333	0.579710	0.848985	0.842898	0.834783	0.857681	0.838551	0.637101	0.347826	0.800000	0.816667	0.853623	0.833768	0.478261	0.844203	0.850725	0.850580	0.866232	0.818985	0.855942	0.862029	0.865797	0.862898	0.839710	0.866232	0.852174	0.853768	0.866377	0.829710	0.835797	0.782464	0.823188	0.853333	0.824493	0.834783	0.750000	0.838116	0.830869	0.821159	0.800000	0.861449	0.611449	0.853188	0.832029	0.852754	0.845072	0.838116	0.849275	0.848406	0.862029	0.893333	0.833623	0.852319	0.841449	0.840725	0.858116	0.866377	0.892754	0.817971	0.540290	0.846812	0.855072	0.868406	0.759275	0.801594	0.796812	0.854928	0.861160	0.791449	0.864638	0.886377	0.879275	0.848985	0.851159	0.876812	0.741884	0.347826	0.759710	0.875072	0.809275	0.860870	0.814058	0.881015	0.865797	0.499130	0.489855	0.870290	0.347826	0.884928	0.857102	0.370580	0.464058	0.503768	0.347826	0.347826	0.871159	0.874058	0.347826	0.475072	0.347826	0.892754	0.347826	0.347826	0.857681	0.866232	0.347826	0.540725	0.865217	0.347826	0.512319	0.487971	0.347826	0.874928	0.866377	0.876232	0.869565	0.881594	0.530290	0.347826	0.857971	0.870725	0.857681	0.522899	0.857971	0.857681	0.861594	0.857681	0.866812	0.347826	0.848406	0.861449	0.539710	0.866377	0.857971	0.347826	0.857681	0.347826	0.862029	0.866377	0.518841	0.347826	0.849420	0.486812	0.485942	0.472174	0.860290	0.347826	0.848406	0.347826	0.347826	0.347826	0.867535	0.347826	0.347826	0.481594	0.475362	0.871884	0.857102	0.394058	0.347826	0.871159	0.865797	0.869565	0.347826	0.864203	0.347826	0.347826	0.857681	0.874928	0.467971	0.874928	0.829275	0.347826	0.894638	0.857102	0.347826	0.347826	0.869565	0.347826	0.446377	0.846377	0.347826	0.870725	0.857102	0.347826	0.347826	0.459275	0.557536	0.533333	0.347826	0.485362	0.347826	0.854928	0.347826	0.875507	0.876812	0.875507	0.464638	0.400580	0.885942	0.901160	0.900290	0.530580	0.905072	0.894638	0.347826	0.347826	0.917971	0.915362	0.915072	0.871159	0.911449	0.894058	0.918985	0.922754	0.347826	0.915797	0.922754	0.347826	0.347826	0.914493	0.902754	0.910145	0.902754	0.887536	0.892898	0.895507	0.874058	0.903333	0.866377	0.852319	0.876087	0.881159	0.347826	0.900580	0.886957	0.912029	0.636377	0.888116	0.910145	0.765797	0.519855	0.814203	0.885942	0.898551	0.479275	0.896232	0.909710	0.902029	0.912899	0.904493	0.347826	0.898841	0.904638	0.901449	0.347826	0.474928	0.908551	0.912464	0.489710	0.901594	0.489131	0.902754	0.923333	0.931449	0.347826	0.433768	0.892754	0.898551	0.894493	0.555942	0.442319	0.534203	0.902029	0.347826	0.498985	0.894493	0.614058	0.791884	0.482174	0.568116	0.347826	0.347826	0.884203	0.455362	0.911304	0.902029	0.521739	0.920289	0.465797	0.906377	0.917971	0.900580	0.922899	0.926667	0.927681	0.918406	0.492609	0.917971	0.925072	0.916232	0.931015	0.927101	0.347826	0.621884	0.894058	0.602754	0.902754	0.877246	0.894203	0.875073	0.883768	0.875362	0.908841	0.884058	0.892754	0.902754	0.884493	0.347826	0.884203	0.884203	0.881594	0.874928	0.910145	0.512319	0.851015	0.902754	0.890145	0.901594	0.908406	0.846377	0.347826	0.910725	0.884203	0.886957	0.347826	0.875362	0.886377	0.882609	0.882754	0.877536	0.347826	0.776232	0.347826	0.899420	0.886377	0.347826	0.881449	0.921159	0.904493	0.912319	0.894638	0.915797	0.894058	0.901449	0.400725	0.521739	0.449855	0.915942	0.781449	0.927246	0.933768	0.902029	0.651449	0.937971	0.458116	0.912319	0.566232	0.901449	0.896812	0.929275	0.913043	0.898985	0.910145	0.916232	0.904928	0.921159	0.912319	0.921159	0.615942	0.915797	0.913623	0.913188	0.905507	0.347826	0.874928	0.926667	0.962319	0.907971	0.918406	0.922754	0.929420	0.932319	0.918985	0.939130	0.939130	0.883188	0.931015	0.938551	0.937536	0.912899	0.948551	0.924928	0.912319	0.927101	0.857681	0.896812	0.885942	0.912899	0.914493	0.927246	0.918985	0.915797	0.955942	0.913623	0.927536	0.904348	0.903768	0.885942	0.924638	0.898985	0.932754	0.918406	0.927681	0.883188	0.902754	0.908551	0.875507	0.921594	0.902754	0.911449
%%%	Left Pupil Profile (1st row -> 1 == valid tracking, 0 == invalid tracking; 2nd row -> time; 3rd row -> diameter (mm))
%%%	0	0	0	0	0	0	0	0	0	0	0	0	0	0	0	0	0	0	0	0	0	0	0	0	0	0	0	0	0	0	0	0	0	0	0	0	0	0	0	0	0	0	0	0	0	0	0	0	0	0	0	0	0	0	0	0	0	0	0	0	0	0	0	0	0	0	0	0	0	0	0	0	0	0	0	0	0	0	0	0	0	0	0	0	0	0	0	0	0	0	0	0	0	0	0	0	0	0	0	0	0	0	0	0	0	0	0	0	0	0	0	0	0	0	0	0	0	0	0	0	0	0	0	0	0	0	0	0	0	0	0	0	0	0	0	0	0	0	0	0	0	0	0	0	0	0	0	0	0	0	0	0	0	0	0	0	0	0	0	0	0	0	0	0	0	0	0	0	0	0	0	0	0	0	0	0	0	0	0	0	0	0	0	0	0	0	0	0	0	0	0	0	0	0	0	0	0	0	0	0	0	0	0	0	0	0	0	0	0	0	0	0	0	0	0	0	0	0	0	0	0	0	0	0	0	0	0	0	0	0	0	0	0	0	0	0	0	0	0	0	0	0	0	0	0	0	0	0	0	0	0	0	0	0	0	0	0	0	0	0	0	0	0	0	0	0	0	0	0	0	0	0	0	0	0	0	0	0	0	0	0	0	0	0	0	0	0	0	0	0	0	0	0	0	0	0	0	0	0	0	0	0	0	0	0	0	0	0	0	0	0	0	0	0	0	0	0	0	0	0	0	0	0	0	0	0	0	0	0	0	0	0	0	0	0	0	0	0	0	0	0	0	0	0	0	0	0	0	0	0	0	0	0	0	0	0	0	0	0	0	0	0	0	0	0	0	0	0	0	0	0	0	0	0	0	0	0	0	0	0	0	0	0	0	0	0	0	0	0	0	0	0	0	0	0	0	0	0	0	0	0	0	0	0	0	0	0	0	0	0	0	0	0	0	0	0	0	0	0	0	0	0	0	0	0	0	0	0	0	0	0	0	0	0	0	0	0	0	0	0	0	0	0	0	0	0	0	0	0	0	0	0	0	0	0	0	0	0	0	0	0	0	0	0	0	0	0	0	0	0	0	0	0	0	0	0	0	0	0	0	0	0	0	0	0	0	0	0	0	0	0	0	0	0	0	0	0	0	0	0	0	0	0	0	0	0	0	0	0	0	0	0	0	0	0	0	0	0	0	0	0	0	0	0	0	0	0	0	0	0	0	0	0	0	0	0	0	0	0	0	0	0	0	0	0	0	0	0	0	0	0	0	0	0	0	0	0	0	0	0	0	0	0	0	0	0	0	0	0	0	0	0	0	0	0	0	0	0	0	0	0	0	0	0	0	0	0	0	0	0	0	0	0	0	0	0	0	0	0	0	0	0	0	0	0	0	0	0	0	0	0	0	0	0	0	0	0	0	0	0	0	0	0	0	0	0	0	0	0	0	0	0	0	0	0	0	0	0	0	0	0	0	0	0	0	0	0	0	0	0	0	0	0	0	0	0	0	0	0	0	0	0	0	0	0	0	0	0	0	0	0	0	0	0	0	0	0	0	0	0	0	0	0	0	0	0	0	0	0	0	0	0	0	0	0	0	0	0	0	0	0	0	0	0	0	0	0	0	0	0	0	0	0	0	0	0	0	0	0	0	0	0	0	0	0	0	0	0	0	0	0	0	0	0	0	0	0	0	0	0	0	0	0	0	0	0	0	0	0	0	0	0	0	0	0	0	0	0	0	0	0	0	0	0	0	0	0	0	0	0	0	0	0	0	0	0	0	0	0	0	0	0	0	0	0	0	0	0	0	0	0	0	0	0	0	0	0	0	0	0	0	0	0	0	0	0	0	0	0	0	0	0	0	0	0	0	0	0	0	0	0	0	0	0	0	0	0	0	0	0	0	0	0	0	0	0	0	0	0	0	0	0	0	0	0	0	0	0	0	0	0	0	0	0	0	0	0	0	0	0	0	0	0	0	0	0	0	0	0	0	0	0	0	0	0	0	0	0	0	0	0	0	0	0	0	0	0	0	0	0	0	0	0	0	0	0	0	0	0	0	0	0	0
%%%	-0.051000	-0.020000	0.011000	0.043000	0.074000	0.105000	0.152000	0.183000	0.214000	0.245000	0.277000	0.308000	0.339000	0.370000	0.417000	0.448000	0.479000	0.511000	0.542000	0.573000	0.604000	0.635000	0.682000	0.713000	0.745000	0.776000	0.807000	0.838000	0.869000	0.916000	0.947000	0.979000	1.010000	1.041000	1.072000	1.103000	1.150000	1.181000	1.213000	1.244000	1.275000	1.306000	1.337000	1.369000	1.415000	1.447000	1.478000	1.509000	1.540000	1.571000	1.603000	1.649000	1.681000	1.712000	1.743000	1.774000	1.805000	1.837000	1.883000	1.915000	1.946000	1.977000	2.008000	2.039000	2.071000	2.102000	2.149000	2.180000	2.211000	2.242000	2.273000	2.305000	2.336000	2.383000	2.414000	2.445000	2.476000	2.507000	2.539000	2.570000	2.617000	2.648000	2.679000	2.710000	2.741000	2.773000	2.804000	2.835000	2.882000	2.913000	2.944000	2.975000	3.007000	3.038000	3.069000	3.116000	3.147000	3.178000	3.209000	3.241000	3.272000	3.303000	3.350000	3.381000	3.412000	3.443000	3.475000	3.506000	3.537000	3.568000	3.615000	3.646000	3.677000	3.709000	3.740000	3.771000	3.802000	3.849000	3.880000	3.911000	3.943000	3.974000	4.005000	4.036000	4.083000	4.114000	4.145000	4.177000	4.208000	4.239000	4.270000	4.301000	4.348000	4.379000	4.411000	4.442000	4.473000	4.504000	4.535000	4.582000	4.613000	4.645000	4.676000	4.707000	4.738000	4.769000	4.801000	4.847000	4.879000	4.910000	4.941000	4.972000	5.003000	5.035000	5.081000	5.113000	5.144000	5.175000	5.206000	5.237000	5.269000	5.300000	5.347000	5.378000	5.409000	5.440000	5.471000	5.503000	5.534000	5.581000	5.612000	5.643000	5.674000	5.705000	5.737000	5.768000	5.815000	5.846000	5.877000	5.908000	5.939000	5.971000	6.002000	6.033000	6.080000	6.111000	6.142000	6.173000	6.205000	6.236000	6.267000	6.314000	6.345000	6.376000	6.407000	6.439000	6.470000	6.501000	6.548000	6.579000	6.610000	6.641000	6.673000	6.704000	6.735000	6.766000	6.813000	6.844000	6.875000	6.907000	6.938000	6.969000	7.000000	7.047000	7.078000	7.109000	7.141000	7.172000	7.203000	7.234000	7.281000	7.312000	7.343000	7.375000	7.406000	7.437000	7.468000	7.499000	7.546000	7.577000	7.609000	7.640000	7.671000	7.702000	7.733000	7.780000	7.811000	7.843000	7.874000	7.905000	7.936000	7.967000	8.014000	8.045000	8.077000	8.108000	8.139000	8.170000	8.201000	8.233000	8.279000	8.311000	8.342000	8.373000	8.404000	8.435000	8.467000	8.513000	8.545000	8.576000	8.607000	8.638000	8.669000	8.701000	8.732000	8.779000	8.810000	8.841000	8.872000	8.903000	8.935000	8.966000	9.013000	9.044000	9.075000	9.106000	9.137000	9.169000	9.200000	9.247000	9.278000	9.309000	9.340000	9.371000	9.403000	9.434000	9.465000	9.512000	9.543000	9.574000	9.605000	9.637000	9.668000	9.699000	9.746000	9.777000	9.808000	9.839000	9.871000	9.902000	9.933000	9.980000	10.011000	10.042000	10.073000	10.105000	10.136000	10.167000	10.198000	10.245000	10.276000	10.307000	10.339000	10.370000	10.401000	10.432000	10.479000	10.510000	10.541000	10.573000	10.604000	10.635000	10.666000	10.697000	10.744000	10.775000	10.807000	10.838000	10.869000	10.900000	10.931000	10.978000	11.009000	11.041000	11.072000	11.103000	11.134000	11.165000	11.212000	11.243000	11.275000	11.306000	11.337000	11.368000	11.399000	11.431000	11.477000	11.509000	11.540000	11.571000	11.602000	11.633000	11.665000	11.711000	11.743000	11.774000	11.805000	11.836000	11.867000	11.899000	11.945000	11.977000	12.008000	12.039000	12.070000	12.101000	12.133000	12.164000	12.211000	12.242000	12.273000	12.304000	12.335000	12.367000	12.398000	12.445000	12.476000	12.507000	12.538000	12.569000	12.601000	12.632000	12.663000	12.710000	12.741000	12.772000	12.803000	12.835000	12.866000	12.897000	12.944000	12.975000	13.006000	13.037000	13.069000	13.100000	13.131000	13.178000	13.209000	13.240000	13.271000	13.303000	13.334000	13.365000	13.396000	13.443000	13.474000	13.505000	13.537000	13.568000	13.599000	13.630000	13.677000	13.708000	13.739000	13.771000	13.802000	13.833000	13.864000	13.911000	13.942000	13.973000	14.005000	14.036000	14.067000	14.098000	14.129000	14.176000	14.207000	14.239000	14.270000	14.301000	14.332000	14.363000	14.410000	14.441000	14.473000	14.504000	14.535000	14.566000	14.597000	14.644000	14.675000	14.707000	14.738000	14.769000	14.800000	14.831000	14.863000	14.909000	14.941000	14.972000	15.003000	15.034000	15.065000	15.097000	15.143000	15.175000	15.206000	15.237000	15.268000	15.299000	15.331000	15.377000	15.409000	15.440000	15.471000	15.502000	15.533000	15.565000	15.596000	15.643000	15.674000	15.705000	15.736000	15.767000	15.799000	15.830000	15.877000	15.908000	15.939000	15.970000	16.001000	16.033000	16.064000	16.095000	16.142000	16.173000	16.204000	16.235000	16.267000	16.298000	16.329000	16.376000	16.407000	16.438000	16.469000	16.501000	16.532000	16.563000	16.594000	16.641000	16.672000	16.703000	16.735000	16.766000	16.797000	16.828000	16.875000	16.906000	16.937000	16.969000	17.000000	17.031000	17.062000	17.109000	17.140000	17.171000	17.203000	17.234000	17.265000	17.296000	17.327000	17.374000	17.405000	17.437000	17.468000	17.499000	17.530000	17.561000	17.608000	17.639000	17.671000	17.702000	17.733000	17.764000	17.795000	17.842000	17.873000	17.905000	17.936000	17.967000	17.998000	18.029000	18.061000	18.107000	18.139000	18.170000	18.201000	18.232000	18.263000	18.295000	18.341000	18.373000	18.404000	18.435000	18.466000	18.497000	18.529000	18.575000	18.607000	18.638000	18.669000	18.700000	18.731000	18.763000	18.794000	18.841000	18.872000	18.903000	18.934000	18.965000	18.997000	19.028000	19.075000	19.106000	19.137000	19.168000	19.199000	19.231000	19.262000	19.309000	19.340000	19.371000	19.402000	19.433000	19.465000	19.496000	19.527000	19.574000	19.605000	19.636000	19.667000	19.699000	19.730000	19.761000	19.808000	19.839000	19.870000	19.901000	19.933000	19.964000	19.995000	20.042000	20.073000	20.104000	20.135000	20.167000	20.198000	20.229000	20.260000	20.307000	20.338000	20.369000	20.401000	20.432000	20.463000	20.494000	20.525000	20.572000	20.603000	20.635000	20.666000	20.697000	20.728000	20.759000	20.806000	20.837000	20.869000	20.900000	20.931000	20.962000	20.993000	21.040000	21.071000	21.103000	21.134000	21.165000	21.196000	21.227000	21.259000	21.305000	21.337000	21.368000	21.399000	21.430000	21.461000	21.493000	21.539000	21.571000	21.602000	21.633000	21.664000	21.695000	21.727000	21.773000	21.805000	21.836000	21.867000	21.898000	21.929000	21.961000	21.992000	22.039000	22.070000	22.101000	22.132000	22.163000	22.195000	22.226000	22.273000	22.304000	22.335000	22.366000	22.397000	22.429000	22.460000	22.507000	22.538000	22.569000	22.600000	22.631000	22.663000	22.694000	22.725000	22.772000	22.803000	22.834000	22.865000	22.897000	22.928000	22.959000	23.006000	23.037000	23.068000	23.099000	23.131000	23.162000	23.193000	23.240000	23.271000	23.302000	23.333000	23.365000	23.396000	23.427000	23.458000	23.505000	23.536000	23.567000	23.599000	23.630000	23.661000	23.692000	23.739000	23.770000	23.802000	23.833000	23.864000	23.895000	23.926000	23.973000	24.004000	24.036000	24.067000	24.098000	24.129000	24.160000	24.192000	24.238000	24.270000	24.301000	24.332000	24.363000	24.394000	24.426000	24.457000	24.504000	24.535000	24.566000	24.597000	24.628000	24.660000	24.691000	24.738000	24.769000	24.800000	24.831000	24.862000	24.894000	24.925000	24.972000	25.003000	25.034000	25.065000	25.096000	25.128000	25.159000	25.190000	25.237000	25.268000	25.299000	25.330000	25.362000	25.393000	25.424000	25.471000	25.502000	25.533000	25.564000	25.596000	25.627000	25.658000	25.705000	25.736000	25.767000	25.798000	25.830000	25.861000	25.892000	25.923000	25.970000	26.001000	26.032000	26.064000	26.095000	26.126000	26.157000	26.204000	26.235000	26.266000	26.298000	26.329000	26.360000	26.391000	26.438000	26.469000	26.500000	26.532000	26.563000	26.594000	26.625000	26.656000	26.703000	26.734000	26.766000	26.797000	26.828000	26.859000	26.890000	26.937000	26.968000	27.000000	27.031000	27.062000	27.093000	27.124000	27.171000	27.202000	27.234000	27.265000	27.296000	27.327000	27.358000	27.390000	27.436000	27.468000	27.499000	27.530000	27.561000	27.592000	27.624000	27.670000	27.702000	27.733000	27.764000	27.795000	27.826000	27.858000	27.904000	27.936000	27.967000	27.998000	28.029000	28.060000	28.092000	28.123000	28.170000	28.201000	28.232000	28.263000	28.294000	28.326000	28.357000	28.404000	28.435000	28.466000	28.497000	28.528000	28.560000	28.591000	28.622000	28.669000	28.700000	28.731000	28.762000	28.794000	28.825000	28.856000	28.903000	28.934000	28.965000	28.996000	29.028000	29.059000	29.090000	29.121000	29.168000	29.199000	29.230000	29.262000	29.293000	29.324000	29.355000	29.402000	29.433000	29.464000	29.496000	29.527000	29.558000	29.589000	29.636000	29.667000	29.698000	29.730000	29.761000	29.792000	29.823000	29.854000	29.901000	29.932000	29.964000	29.995000
%%%	0.000000	0.000000	0.000000	0.000000	0.000000	0.000000	0.000000	0.000000	0.000000	0.000000	0.000000	0.000000	0.000000	0.000000	0.000000	0.000000	0.000000	0.000000	0.000000	0.000000	0.000000	0.000000	0.000000	0.000000	0.000000	0.000000	0.000000	0.000000	0.000000	0.000000	0.000000	0.000000	0.000000	0.000000	0.000000	0.000000	0.000000	0.000000	0.000000	0.000000	0.000000	0.000000	0.000000	0.000000	0.000000	0.000000	0.000000	0.000000	0.000000	0.000000	0.000000	0.000000	0.000000	0.000000	0.000000	0.000000	0.000000	0.000000	0.000000	0.000000	0.000000	0.000000	0.000000	0.000000	0.000000	0.000000	0.000000	0.000000	0.000000	0.000000	0.000000	0.000000	0.000000	0.000000	0.000000	0.000000	0.000000	0.000000	0.000000	0.000000	0.000000	0.000000	0.000000	0.000000	0.000000	0.000000	0.000000	0.000000	0.000000	0.000000	0.000000	0.000000	0.000000	0.000000	0.000000	0.000000	0.000000	0.000000	0.000000	0.000000	0.000000	0.000000	0.000000	0.000000	0.000000	0.000000	0.000000	0.000000	0.000000	0.000000	0.000000	0.000000	0.000000	0.000000	0.000000	0.000000	0.000000	0.000000	0.000000	0.000000	0.000000	0.000000	0.000000	0.000000	0.000000	0.000000	0.000000	0.000000	0.000000	0.000000	0.000000	0.000000	0.000000	0.000000	0.000000	0.000000	0.000000	0.000000	0.000000	0.000000	0.000000	0.000000	0.000000	0.000000	0.000000	0.000000	0.000000	0.000000	0.000000	0.000000	0.000000	0.000000	0.000000	0.000000	0.000000	0.000000	0.000000	0.000000	0.000000	0.000000	0.000000	0.000000	0.000000	0.000000	0.000000	0.000000	0.000000	0.000000	0.000000	0.000000	0.000000	0.000000	0.000000	0.000000	0.000000	0.000000	0.000000	0.000000	0.000000	0.000000	0.000000	0.000000	0.000000	0.000000	0.000000	0.000000	0.000000	0.000000	0.000000	0.000000	0.000000	0.000000	0.000000	0.000000	0.000000	0.000000	0.000000	0.000000	0.000000	0.000000	0.000000	0.000000	0.000000	0.000000	0.000000	0.000000	0.000000	0.000000	0.000000	0.000000	0.000000	0.000000	0.000000	0.000000	0.000000	0.000000	0.000000	0.000000	0.000000	0.000000	0.000000	0.000000	0.000000	0.000000	0.000000	0.000000	0.000000	0.000000	0.000000	0.000000	0.000000	0.000000	0.000000	0.000000	0.000000	0.000000	0.000000	0.000000	0.000000	0.000000	0.000000	0.000000	0.000000	0.000000	0.000000	0.000000	0.000000	0.000000	0.000000	0.000000	0.000000	0.000000	0.000000	0.000000	0.000000	0.000000	0.000000	0.000000	0.000000	0.000000	0.000000	0.000000	0.000000	0.000000	0.000000	0.000000	0.000000	0.000000	0.000000	0.000000	0.000000	0.000000	0.000000	0.000000	0.000000	0.000000	0.000000	0.000000	0.000000	0.000000	0.000000	0.000000	0.000000	0.000000	0.000000	0.000000	0.000000	0.000000	0.000000	0.000000	0.000000	0.000000	0.000000	0.000000	0.000000	0.000000	0.000000	0.000000	0.000000	0.000000	0.000000	0.000000	0.000000	0.000000	0.000000	0.000000	0.000000	0.000000	0.000000	0.000000	0.000000	0.000000	0.000000	0.000000	0.000000	0.000000	0.000000	0.000000	0.000000	0.000000	0.000000	0.000000	0.000000	0.000000	0.000000	0.000000	0.000000	0.000000	0.000000	0.000000	0.000000	0.000000	0.000000	0.000000	0.000000	0.000000	0.000000	0.000000	0.000000	0.000000	0.000000	0.000000	0.000000	0.000000	0.000000	0.000000	0.000000	0.000000	0.000000	0.000000	0.000000	0.000000	0.000000	0.000000	0.000000	0.000000	0.000000	0.000000	0.000000	0.000000	0.000000	0.000000	0.000000	0.000000	0.000000	0.000000	0.000000	0.000000	0.000000	0.000000	0.000000	0.000000	0.000000	0.000000	0.000000	0.000000	0.000000	0.000000	0.000000	0.000000	0.000000	0.000000	0.000000	0.000000	0.000000	0.000000	0.000000	0.000000	0.000000	0.000000	0.000000	0.000000	0.000000	0.000000	0.000000	0.000000	0.000000	0.000000	0.000000	0.000000	0.000000	0.000000	0.000000	0.000000	0.000000	0.000000	0.000000	0.000000	0.000000	0.000000	0.000000	0.000000	0.000000	0.000000	0.000000	0.000000	0.000000	0.000000	0.000000	0.000000	0.000000	0.000000	0.000000	0.000000	0.000000	0.000000	0.000000	0.000000	0.000000	0.000000	0.000000	0.000000	0.000000	0.000000	0.000000	0.000000	0.000000	0.000000	0.000000	0.000000	0.000000	0.000000	0.000000	0.000000	0.000000	0.000000	0.000000	0.000000	0.000000	0.000000	0.000000	0.000000	0.000000	0.000000	0.000000	0.000000	0.000000	0.000000	0.000000	0.000000	0.000000	0.000000	0.000000	0.000000	0.000000	0.000000	0.000000	0.000000	0.000000	0.000000	0.000000	0.000000	0.000000	0.000000	0.000000	0.000000	0.000000	0.000000	0.000000	0.000000	0.000000	0.000000	0.000000	0.000000	0.000000	0.000000	0.000000	0.000000	0.000000	0.000000	0.000000	0.000000	0.000000	0.000000	0.000000	0.000000	0.000000	0.000000	0.000000	0.000000	0.000000	0.000000	0.000000	0.000000	0.000000	0.000000	0.000000	0.000000	0.000000	0.000000	0.000000	0.000000	0.000000	0.000000	0.000000	0.000000	0.000000	0.000000	0.000000	0.000000	0.000000	0.000000	0.000000	0.000000	0.000000	0.000000	0.000000	0.000000	0.000000	0.000000	0.000000	0.000000	0.000000	0.000000	0.000000	0.000000	0.000000	0.000000	0.000000	0.000000	0.000000	0.000000	0.000000	0.000000	0.000000	0.000000	0.000000	0.000000	0.000000	0.000000	0.000000	0.000000	0.000000	0.000000	0.000000	0.000000	0.000000	0.000000	0.000000	0.000000	0.000000	0.000000	0.000000	0.000000	0.000000	0.000000	0.000000	0.000000	0.000000	0.000000	0.000000	0.000000	0.000000	0.000000	0.000000	0.000000	0.000000	0.000000	0.000000	0.000000	0.000000	0.000000	0.000000	0.000000	0.000000	0.000000	0.000000	0.000000	0.000000	0.000000	0.000000	0.000000	0.000000	0.000000	0.000000	0.000000	0.000000	0.000000	0.000000	0.000000	0.000000	0.000000	0.000000	0.000000	0.000000	0.000000	0.000000	0.000000	0.000000	0.000000	0.000000	0.000000	0.000000	0.000000	0.000000	0.000000	0.000000	0.000000	0.000000	0.000000	0.000000	0.000000	0.000000	0.000000	0.000000	0.000000	0.000000	0.000000	0.000000	0.000000	0.000000	0.000000	0.000000	0.000000	0.000000	0.000000	0.000000	0.000000	0.000000	0.000000	0.000000	0.000000	0.000000	0.000000	0.000000	0.000000	0.000000	0.000000	0.000000	0.000000	0.000000	0.000000	0.000000	0.000000	0.000000	0.000000	0.000000	0.000000	0.000000	0.000000	0.000000	0.000000	0.000000	0.000000	0.000000	0.000000	0.000000	0.000000	0.000000	0.000000	0.000000	0.000000	0.000000	0.000000	0.000000	0.000000	0.000000	0.000000	0.000000	0.000000	0.000000	0.000000	0.000000	0.000000	0.000000	0.000000	0.000000	0.000000	0.000000	0.000000	0.000000	0.000000	0.000000	0.000000	0.000000	0.000000	0.000000	0.000000	0.000000	0.000000	0.000000	0.000000	0.000000	0.000000	0.000000	0.000000	0.000000	0.000000	0.000000	0.000000	0.000000	0.000000	0.000000	0.000000	0.000000	0.000000	0.000000	0.000000	0.000000	0.000000	0.000000	0.000000	0.000000	0.000000	0.000000	0.000000	0.000000	0.000000	0.000000	0.000000	0.000000	0.000000	0.000000	0.000000	0.000000	0.000000	0.000000	0.000000	0.000000	0.000000	0.000000	0.000000	0.000000	0.000000	0.000000	0.000000	0.000000	0.000000	0.000000	0.000000	0.000000	0.000000	0.000000	0.000000	0.000000	0.000000	0.000000	0.000000	0.000000	0.000000	0.000000	0.000000	0.000000	0.000000	0.000000	0.000000	0.000000	0.000000	0.000000	0.000000	0.000000	0.000000	0.000000	0.000000	0.000000	0.000000	0.000000	0.000000	0.000000	0.000000	0.000000	0.000000	0.000000	0.000000	0.000000	0.000000	0.000000	0.000000	0.000000	0.000000	0.000000	0.000000	0.000000	0.000000	0.000000	0.000000	0.000000	0.000000	0.000000	0.000000	0.000000	0.000000	0.000000	0.000000	0.000000	0.000000	0.000000	0.000000	0.000000	0.000000	0.000000	0.000000	0.000000	0.000000	0.000000	0.000000	0.000000	0.000000	0.000000	0.000000	0.000000	0.000000	0.000000	0.000000	0.000000	0.000000	0.000000	0.000000	0.000000	0.000000	0.000000	0.000000	0.000000	0.000000	0.000000	0.000000	0.000000	0.000000	0.000000	0.000000	0.000000	0.000000	0.000000	0.000000	0.000000	0.000000	0.000000	0.000000	0.000000	0.000000	0.000000	0.000000	0.000000	0.000000	0.000000	0.000000	0.000000	0.000000	0.000000	0.000000	0.000000	0.000000	0.000000	0.000000	0.000000	0.000000	0.000000	0.000000	0.000000	0.000000	0.000000	0.000000	0.000000	0.000000	0.000000	0.000000	0.000000	0.000000	0.000000	0.000000	0.000000	0.000000	0.000000	0.000000	0.000000	0.000000	0.000000	0.000000	0.000000	0.000000	0.000000	0.000000	0.000000	0.000000	0.000000	0.000000	0.000000	0.000000	0.000000	0.000000	0.000000	0.000000	0.000000
%%%	Pulse Index	Stimulus Section Index	Stimulus Section Start Index	Stimulus Section End Index	Pupil Stimulated: 0 = Right, 1 = Left, 2 = Both	Light Metric: 0 = Photopic, 1 = Scopotic, 2 = Radiometric	Stimulus Start Time	Stimulus Duration	Stimulus Pulse Duration	Right Pulse Max Level	Right Pulse Max Color (0123 = WRGB)	Right Pulse Min Level	Right Pulse Min Color (0123 = WRGB)	Left Pulse Max Level	Left Pulse Max Color (0123 = WRGB)	Left Pulse Min Level	Left Pulse Min Color (0123 = WRGB)	Right Data Input Type (0 == RAW DATA, 1 == FITTED DATA, 2 == M. OVERRIDED)	Right ANALYSIS STATE (0 == ABNORMAL, 1 == NORMAL)	Right MAX (mm) (EMPTY if INVALID)	Right MIN (mm) (EMPTY if INVALID)	Right DELTA (mm) (EMPTY if INVALID)	Right CH (%) (EMPTY if INVALID)	Right LAT (sec) (EMPTY if INVALID)	Right CV (mm/s) (EMPTY if INVALID)	Right MCV (mm/s) (EMPTY if INVALID)	Right DV (mm/s) (EMPTY if INVALID)	Left Data Input Type (0 == RAW DATA, 1 == FITTED DATA, 2 == M. OVERRIDED)	Left ANALYSIS STATE (0 == ABNORMAL, 1 == NORMAL)	Left MAX (mm) (EMPTY if INVALID)	Left MIN (mm) (EMPTY if INVALID)	Left DELTA (mm) (EMPTY if INVALID)	Left CH (%) (EMPTY if INVALID)	Left LAT (sec) (EMPTY if INVALID)	Left CV (mm/s) (EMPTY if INVALID)	Left MCV (mm/s) (EMPTY if INVALID)	Left DV (mm/s) (EMPTY if INVALID)
%%%	0	0	17	902	0	0	0.51	29.52	0.51	15.81	3	0.00	3	0.00	3	0.00	3	0	0	0.00	0.00			0.00	0.00	0.00	0.00	0	0	0.00	0.00			0.00	0.00	0.00	0.00
%%%%%%%%%
%%%%%%%%%
%%%%%%%%%
<\SESSION>
