<SESSION>
<VERSION>
2
<\VERSION>
<DATE>
2017-12-05 10:43:45
<\DATE>
<SUBJECT-ID>
c57bl6-4.11.17-1mois-DAOG-M2-0.6b
<\SUBJECT-ID>
<NOTE>

<\NOTE>
<MIN-MAX-PLOT>
0.100000 51880.761719
<\MIN-MAX-PLOT>
<STIMULUS-DEFINED>
Default
Default Human Relative Spectral Sensitivity
1	0
1	0.500000	0.500000	29.000000	3	3	0.600000	-100.000000	0.100000	-100.000000	0
<\STIMULUS-DEFINED>
<STIMULUS-GENERATED>
4
0	0	0.000000	3	0.000000	0.000000	3	0.000000	0.000000
0	1	0.508000	3	0.075823	4.006067	3	0.000000	0.000000
0	4	1.018000	3	0.000000	0.000000	3	0.000000	0.000000
-1	5	30.027000	0	0.000000	0.000000	0	0.000000	0.000000
<\STIMULUS-GENERATED>
<RIGHT-PUPIL-DATA>
902	1
1	-0.066000	1.077681	319.500000	326.062500
1	-0.035000	1.020290	320.125000	325.375000
1	-0.004000	1.028841	319.468750	324.843750
1	0.043000	1.043478	319.000000	326.000000
1	0.074000	1.059275	319.768738	325.218750
1	0.105000	1.043478	319.000000	324.000000
1	0.137000	1.044638	320.012482	325.524994
1	0.168000	1.055072	320.000000	326.000000
1	0.199000	1.059710	319.225006	326.212494
1	0.230000	1.060870	320.125000	325.625000
1	0.277000	1.049275	319.000000	325.500000
1	0.308000	1.044058	320.000000	324.875000
1	0.339000	1.066667	319.937500	324.687500
1	0.371000	1.043333	319.506256	325.381256
1	0.402000	1.043478	320.125000	324.375000
1	0.433000	1.060870	319.500000	325.000000
1	0.464000	1.044058	320.000000	325.000000
1	0.511000	1.062029	320.274994	325.274994
1	0.542000	1.007681	319.493744	325.506256
1	0.573000	1.019275	319.818756	325.343719
1	0.605000	1.048985	319.537506	324.537506
1	0.636000	1.078261	319.000000	324.000000
1	0.667000	1.078261	320.000000	325.000000
1	0.698000	1.044493	319.506256	324.981232
1	0.729000	1.077246	319.381256	324.443756
1	0.776000	1.044638	319.475006	325.475006
1	0.807000	1.027681	319.543762	325.781250
1	0.839000	0.992464	318.774994	325.774994
1	0.870000	0.990145	319.087494	326.774994
1	0.901000	0.936667	319.656250	326.531250
1	0.932000	0.931594	319.587494	325.662506
1	0.963000	0.897246	320.093750	326.093750
1	1.010000	0.944928	319.500000	325.500000
1	1.041000	0.894493	319.850006	325.100006
1	1.073000	0.866812	319.031250	324.781250
1	1.104000	0.857102	319.312500	325.312500
1	1.135000	0.846812	319.931244	325.681244
1	1.166000	0.811594	321.000000	326.000000
0	1.197000	0.712464	317.125000	324.875000
1	1.244000	0.814638	320.718750	326.718750
1	1.275000	0.811594	321.000000	326.000000
1	1.307000	0.821159	319.312500	325.812500
1	1.338000	0.783768	319.149994	325.850006
1	1.369000	0.777681	319.237488	325.762512
1	1.400000	0.767971	319.531250	325.656250
1	1.431000	0.779710	318.825012	326.075012
1	1.463000	0.788406	319.500000	326.500000
1	1.509000	0.801015	319.993744	326.256256
1	1.541000	0.814203	319.287506	326.287506
1	1.572000	0.795652	320.125000	325.875000
1	1.603000	0.837971	320.462494	325.537506
1	1.634000	0.813478	319.031250	325.806274
1	1.665000	0.822899	319.412506	325.912506
1	1.697000	0.823188	319.750000	325.750000
1	1.743000	0.832029	319.531250	326.531250
1	1.775000	0.811594	319.000000	328.000000
1	1.806000	0.823188	319.000000	327.000000
1	1.837000	0.857681	320.087494	326.337494
1	1.868000	0.842029	320.000000	326.000000
1	1.899000	0.837681	320.250000	327.000000
1	1.931000	0.834783	319.000000	326.000000
1	1.977000	0.840580	320.000000	327.000000
1	2.009000	0.865797	320.524963	326.187500
1	2.040000	0.866812	319.781250	326.456238
1	2.071000	0.804928	318.187500	326.312500
1	2.102000	0.878261	320.000000	327.250000
1	2.133000	0.811594	319.000000	328.000000
1	2.165000	0.874928	319.068756	326.931244
1	2.196000	0.891449	320.381256	326.618744
1	2.243000	0.881015	319.343750	326.343750
1	2.274000	0.875507	319.906250	326.768738
1	2.305000	0.857681	319.662506	326.649994
1	2.336000	0.931594	319.600006	325.399994
1	2.367000	0.904493	319.806244	327.493744
1	2.399000	0.894058	319.156250	327.406250
1	2.430000	0.857102	319.700012	327.687500
1	2.477000	0.905797	319.312500	326.612488
1	2.508000	0.903333	319.206268	326.506256
1	2.539000	0.885942	319.368744	325.993744
1	2.570000	0.923478	319.500000	326.037476
1	2.601000	0.902029	319.475006	325.475006
1	2.633000	0.910145	319.375000	326.625000
1	2.664000	0.885362	320.031250	326.968750
1	2.711000	0.927536	320.000000	327.000000
1	2.742000	0.877681	319.812500	326.924988
1	2.773000	0.909855	318.787506	325.912506
1	2.804000	0.910145	318.825012	325.325012
1	2.835000	0.921739	318.625000	325.125000
1	2.867000	0.927536	319.250000	325.250000
1	2.898000	0.920145	319.218750	325.468750
1	2.929000	0.948841	319.181244	325.743744
1	2.976000	0.886377	319.000000	326.299988
1	3.007000	0.946667	318.350006	326.350006
1	3.038000	0.927536	320.000000	327.000000
1	3.069000	0.927101	319.318756	325.318756
1	3.101000	0.913623	318.375000	325.312500
1	3.132000	0.917971	318.424988	325.574951
1	3.163000	0.932029	318.593750	325.468750
1	3.194000	0.895072	318.575012	325.125000
1	3.241000	0.894058	318.156250	325.156250
1	3.272000	0.937536	317.968750	325.968750
1	3.303000	0.901594	318.518738	326.518738
1	3.335000	0.912319	317.393738	327.143738
1	3.366000	0.922319	318.375000	327.250000
1	3.397000	0.915362	317.399994	325.837494
1	3.428000	0.939130	318.250000	325.750000
1	3.475000	0.931015	318.575012	325.500000
1	3.506000	0.935797	318.993744	325.456268
1	3.537000	0.924638	318.500000	325.250000
1	3.569000	0.927536	318.500000	324.500000
1	3.600000	0.960290	318.762451	324.937561
1	3.631000	0.916232	318.337494	326.237518
1	3.662000	0.928841	318.293762	325.906250
1	3.709000	0.925072	318.618744	325.818756
1	3.740000	0.931594	318.600006	325.600006
1	3.771000	0.933333	318.375000	325.625000
1	3.803000	0.935942	318.475006	325.487518
1	3.834000	0.939710	318.500000	325.750000
1	3.865000	0.978986	317.918762	325.956238
1	3.896000	0.946812	318.868713	326.418701
1	3.927000	0.901884	318.793732	326.506256
1	3.974000	0.927246	319.162445	326.587494
1	4.005000	0.962319	318.937500	325.937500
1	4.037000	0.915942	319.000000	327.000000
1	4.068000	0.915797	318.343750	326.343750
1	4.099000	1.029420	318.181244	323.181244
1	4.130000	0.931594	319.399994	326.100006
1	4.161000	0.968406	318.537506	325.087494
1	4.208000	0.904493	318.256256	326.993744
1	4.239000	0.956956	318.731232	327.093781
1	4.271000	0.950580	318.093750	327.156250
1	4.302000	0.941884	318.906250	327.718750
1	4.333000	0.915942	318.750000	326.750000
1	4.364000	0.937101	318.662506	327.512482
1	4.395000	0.898406	319.143738	327.143738
1	4.442000	0.955942	318.750000	326.312500
1	4.473000	0.936232	318.500000	327.500000
1	4.505000	0.904348	319.000000	328.000000
1	4.536000	0.922319	317.799988	328.250000
1	4.567000	0.915072	318.287506	327.712494
1	4.598000	0.921739	318.375000	328.375000
1	4.629000	0.927536	318.750000	327.250000
1	4.661000	0.931449	318.381256	327.618744
1	4.707000	0.927536	318.000000	327.000000
1	4.739000	0.911449	318.343750	327.656250
1	4.770000	0.951015	318.837494	327.837494
1	4.801000	0.974493	318.000000	327.500000
1	4.832000	0.921594	318.443756	328.618744
1	4.863000	0.936232	318.450012	329.075012
1	4.895000	0.915942	318.000000	330.000000
1	4.941000	0.916232	318.412506	329.662506
1	4.973000	0.927536	318.250000	328.750000
1	5.004000	0.932029	317.531250	328.593750
1	5.035000	0.940580	318.000000	328.500000
1	5.066000	0.977246	318.531342	328.006256
1	5.097000	0.904348	318.500000	328.500000
1	5.129000	0.973913	320.000000	327.000000
1	5.175000	0.904348	319.000000	330.000000
1	5.207000	0.931015	317.500000	329.424927
1	5.238000	0.931594	318.399994	329.399994
1	5.269000	0.919275	318.906281	329.556244
1	5.300000	0.915797	318.718750	329.656250
1	5.331000	0.931159	318.643738	329.093750
1	5.363000	0.932029	318.593750	328.468750
1	5.394000	0.903188	318.725006	329.212494
1	5.441000	0.923333	318.468750	329.468750
1	5.472000	0.912899	318.368744	329.368744
1	5.503000	0.914203	318.337494	330.350006
1	5.534000	0.951159	319.181244	331.056244
1	5.565000	0.957246	318.231262	330.856262
1	5.597000	0.915942	319.062500	329.687500
1	5.628000	0.903188	318.212494	330.274994
1	5.675000	0.938116	318.493744	328.993744
1	5.706000	0.907102	318.218750	329.531250
1	5.737000	0.894058	318.156250	329.156250
1	5.768000	0.904348	319.000000	330.000000
1	5.799000	0.903768	319.049988	329.549988
1	5.831000	0.947971	318.368744	329.818756
1	5.862000	0.916232	318.787506	329.662506
1	5.909000	0.914493	319.312500	329.737488
1	5.940000	0.904348	319.000000	328.000000
1	5.971000	0.939710	318.500000	327.500000
1	6.002000	0.921739	318.625000	327.625000
1	6.033000	0.927536	318.000000	327.000000
1	6.065000	0.925797	318.624969	327.337555
1	6.096000	0.913623	319.375000	327.687500
1	6.127000	0.921159	319.437500	327.250000
1	6.174000	0.881159	318.000000	329.000000
1	6.205000	0.920580	317.774994	329.225006
1	6.236000	0.912754	318.399994	328.387482
1	6.267000	0.910289	319.393707	327.743805
1	6.299000	0.954638	318.893738	326.756226
1	6.330000	0.913623	318.375000	327.375000
1	6.361000	0.896232	318.174988	327.174988
1	6.408000	0.904348	319.000000	328.000000
1	6.439000	0.892754	317.750000	327.250000
1	6.470000	0.927246	318.149994	328.537506
1	6.502000	0.927536	318.000000	327.000000
1	6.533000	0.938116	318.543732	328.256195
1	6.564000	0.920725	317.743744	328.618744
1	6.595000	0.904348	318.500000	328.500000
1	6.642000	0.922319	318.375000	328.375000
1	6.673000	0.968116	317.875000	326.875000
1	6.704000	0.927536	318.000000	327.000000
1	6.736000	0.928841	318.531250	327.593750
1	6.767000	0.955507	318.293732	328.118744
1	6.798000	0.948985	318.212494	328.600006
1	6.829000	0.973913	318.000000	327.000000
1	6.860000	0.937536	318.531250	327.531250
1	6.907000	0.985362	317.718750	327.281250
1	6.938000	0.997101	319.000000	328.000000
1	6.970000	0.956522	319.000000	327.000000
1	7.001000	0.973913	318.000000	327.000000
1	7.032000	0.927246	319.462494	327.850006
1	7.063000	0.928841	318.593750	328.093750
1	7.094000	0.951159	318.181244	328.318756
1	7.141000	0.950580	319.218750	329.156250
1	7.172000	0.938116	318.993744	329.006256
1	7.204000	0.988551	318.968750	327.718750
1	7.235000	0.957536	318.743744	328.006256
1	7.266000	0.936232	318.437500	328.312500
1	7.297000	0.951159	318.681244	328.818756
1	7.328000	0.947826	318.250000	328.500000
1	7.360000	0.940580	318.262512	329.262512
1	7.406000	0.920145	318.368713	330.781250
1	7.438000	1.096232	319.750000	327.750000
1	7.469000	0.968551	317.981232	331.056244
1	7.500000	0.921159	318.250000	331.750000
0	7.531000	0.902029	318.475006	330.524994
1	7.562000	0.920145	318.218750	331.218750
1	7.594000	0.929420	318.093781	331.568756
1	7.640000	0.951015	318.162506	331.162506
0	7.672000	0.744203	314.643677	329.293762
1	7.703000	0.927246	318.587494	332.337494
1	7.734000	0.959275	318.656250	331.968750
0	7.765000	0.747101	314.368744	331.368744
0	7.796000	0.927536	319.000000	330.000000
1	7.828000	0.884928	318.712494	333.287506
1	7.859000	0.934058	319.437500	332.687500
1	7.906000	0.921884	318.793732	332.631256
1	7.937000	0.938551	319.000000	332.687500
1	7.968000	0.933188	318.406250	332.581238
1	7.999000	0.927101	318.556244	332.556244
1	8.030000	0.881159	318.000000	333.000000
0	8.062000	0.788406	315.500000	330.500000
1	8.093000	0.920725	319.243744	333.243744
1	8.140000	0.927246	319.337494	333.337494
1	8.171000	0.914203	318.450043	332.649994
1	8.202000	0.899275	319.356232	333.068756
1	8.233000	0.940290	318.475006	332.037506
1	8.264000	0.921159	318.750000	332.750000
1	8.296000	0.921884	318.406219	331.793732
1	8.327000	0.956522	318.875000	332.625000
1	8.374000	0.901449	317.750000	333.500000
1	8.405000	0.962319	319.375000	332.125000
1	8.436000	0.951015	318.162506	332.287506
1	8.467000	0.938116	318.493744	332.493744
1	8.498000	0.927246	318.337494	332.412506
1	8.530000	0.904348	318.500000	331.500000
1	8.561000	0.913623	318.375000	331.687500
1	8.592000	0.938116	319.006256	331.006256
1	8.639000	0.915797	318.593750	331.468750
1	8.670000	0.950725	318.500000	331.500000
1	8.701000	0.972029	319.031250	330.031250
0	8.732000	0.881159	320.000000	331.000000
1	8.764000	0.994638	319.181244	329.381256
0	8.795000	0.927536	318.000000	329.000000
1	8.826000	0.927536	319.000000	330.000000
1	8.873000	0.932029	318.593750	330.406250
1	8.904000	0.926667	318.562500	330.187500
1	8.935000	0.927536	318.000000	331.000000
1	8.966000	0.931015	318.375000	332.375000
1	8.998000	0.931015	318.500000	332.125000
1	9.029000	0.916812	318.687500	332.375000
1	9.060000	0.927536	318.000000	331.000000
1	9.107000	1.008841	319.043732	329.993744
1	9.138000	0.933623	318.537506	331.475006
1	9.169000	0.975072	319.100006	330.087494
1	9.200000	0.915942	318.250000	330.250000
1	9.232000	0.972029	318.931244	330.131256
1	9.263000	0.947971	317.381256	330.631256
1	9.294000	0.938116	318.493744	330.506256
1	9.325000	0.952899	318.156250	331.331238
1	9.372000	0.925507	317.375000	331.750000
1	9.403000	0.927536	319.000000	330.000000
1	9.434000	0.921884	318.193756	330.743744
1	9.466000	0.927246	318.412506	331.537506
1	9.497000	0.904348	317.500000	330.500000
0	9.528000	0.782609	315.000000	330.000000
1	9.559000	0.921159	318.250000	330.750000
1	9.606000	0.929855	318.125000	331.687500
1	9.637000	0.922319	317.625000	332.250000
1	9.668000	0.906667	317.625000	331.949951
1	9.700000	0.892754	318.000000	331.000000
1	9.731000	0.951159	317.806244	330.818756
1	9.762000	0.933623	317.962494	330.649994
0	9.793000	1.020290	315.000000	330.000000
1	9.840000	0.938116	317.943756	330.493744
1	9.871000	0.938116	317.743744	330.493744
1	9.902000	0.916377	318.256256	330.681244
1	9.934000	0.962319	317.031250	332.156250
0	9.965000	0.927536	319.000000	330.000000
1	9.996000	0.948985	317.850006	331.225006
1	10.027000	0.932029	317.568787	330.468750
1	10.058000	0.916377	317.681244	330.818756
1	10.105000	0.881159	318.000000	331.000000
1	10.136000	0.927681	317.468750	331.406250
1	10.168000	0.922319	317.250000	331.375000
1	10.199000	0.951159	317.818756	331.356232
1	10.230000	0.938551	317.000000	332.487488
1	10.261000	0.915072	316.712494	332.287506
1	10.292000	0.931884	317.500000	332.625000
1	10.339000	0.962029	317.912506	330.912506
1	10.370000	0.925507	317.500000	331.500000
1	10.402000	0.885942	316.993744	332.056244
1	10.433000	0.929855	317.625000	332.437500
1	10.464000	0.881159	318.000000	331.000000
1	10.495000	0.884783	318.000000	331.312500
1	10.526000	0.898985	317.131256	332.443756
1	10.573000	0.916232	317.350006	332.337494
1	10.604000	0.922319	317.799988	331.799988
1	10.636000	0.881159	318.000000	331.000000
1	10.667000	0.912029	317.318756	331.256256
1	10.698000	0.894058	316.406250	331.156250
1	10.729000	1.020290	319.000000	330.000000
1	10.760000	0.914203	317.287506	331.649994
1	10.792000	0.959855	317.318756	331.131256
1	10.838000	0.908986	317.412476	333.375000
1	10.870000	0.929275	317.524994	333.100006
1	10.901000	0.922319	317.375000	332.625000
1	10.932000	0.904348	317.500000	331.500000
1	10.963000	0.920145	317.218750	331.268738
1	10.994000	0.927536	317.500000	330.500000
1	11.026000	0.931449	317.506256	330.431244
1	11.072000	0.929275	317.399994	329.912506
0	11.104000	0.881159	318.000000	329.000000
1	11.135000	0.927681	317.531250	330.968750
1	11.166000	0.916812	317.687500	331.375000
1	11.197000	0.938116	317.006256	331.493744
0	11.228000	1.020290	319.000000	330.000000
1	11.260000	0.938551	317.500000	329.500000
1	11.291000	0.913623	317.375000	327.625000
1	11.338000	0.943333	316.306244	328.743744
0	11.369000	0.881159	316.000000	327.000000
0	11.400000	1.008696	318.000000	327.000000
1	11.431000	0.951159	317.193756	328.818756
1	11.462000	0.950725	316.500000	330.500000
1	11.494000	0.916377	317.306244	330.568756
1	11.525000	0.901449	318.250000	329.500000
1	11.572000	0.912319	317.393738	328.393738
0	11.603000	0.927536	319.000000	326.000000
1	11.634000	0.892754	317.000000	328.000000
1	11.665000	0.903333	318.043732	328.181244
1	11.696000	0.937536	316.968750	327.531250
0	11.728000	0.927536	319.000000	326.000000
1	11.759000	0.904348	317.750000	328.750000
1	11.806000	0.925507	317.375000	329.500000
1	11.837000	0.904348	317.500000	329.500000
1	11.868000	0.912319	317.393738	328.706238
1	11.899000	0.938551	317.000000	329.250000
1	11.930000	0.927681	317.343750	329.343750
1	11.962000	0.919855	317.681244	329.393707
1	11.993000	0.905072	318.018738	328.981262
1	12.024000	0.926667	317.562500	329.562500
1	12.071000	0.934783	317.500000	329.000000
1	12.102000	0.951015	316.837494	329.712494
1	12.133000	0.917971	317.575012	330.349976
1	12.164000	0.927101	317.318756	329.443756
1	12.196000	0.915942	317.000000	329.000000
1	12.227000	0.931449	317.381256	328.381256
1	12.258000	0.937536	317.318726	328.531250
1	12.305000	0.928116	317.587494	329.337494
1	12.336000	0.921739	317.375000	329.375000
1	12.367000	0.927536	316.500000	329.500000
1	12.398000	0.931594	317.350006	331.350006
1	12.430000	0.931449	317.381256	330.618744
1	12.461000	0.922319	316.799988	330.799988
1	12.492000	0.931594	317.587494	329.600006
1	12.539000	0.925072	317.443756	330.618744
1	12.570000	0.939130	317.250000	329.750000
1	12.601000	0.979710	316.875000	329.875000
1	12.632000	0.950290	317.368713	329.818726
1	12.664000	0.931594	316.524994	331.600006
1	12.695000	0.979710	317.500000	332.000000
1	12.726000	0.931449	317.493744	332.493744
1	12.757000	0.972319	317.018738	332.018738
1	12.804000	0.930435	317.500000	331.500000
1	12.835000	0.935072	317.475006	331.587494
1	12.866000	0.964638	317.125000	332.000000
1	12.898000	0.968551	317.181244	331.443756
1	12.929000	0.977826	316.918762	331.031250
1	12.960000	0.974638	317.518738	332.018738
1	12.991000	0.985797	316.912506	332.274994
0	13.038000	0.927536	315.000000	334.000000
1	13.069000	0.990290	317.243744	333.756256
1	13.100000	1.015072	316.400024	334.900024
1	13.132000	1.008116	316.750000	334.250000
1	13.163000	0.991594	317.049988	333.662537
0	13.194000	1.020290	315.000000	330.000000
0	13.225000	0.968551	316.943756	332.943756
1	13.272000	0.997246	317.406250	333.406250
1	13.303000	0.985507	316.750000	333.250000
1	13.334000	0.974638	317.000000	333.937500
1	13.366000	0.977246	316.981232	334.568756
1	13.397000	0.939710	317.500000	334.562500
1	13.428000	0.988116	316.725006	334.287506
1	13.459000	1.007681	316.506256	332.506256
1	13.490000	0.989710	317.093750	332.768738
1	13.537000	0.976377	317.993744	333.006256
1	13.568000	0.927536	317.500000	332.500000
1	13.600000	0.978406	317.931244	331.943756
1	13.631000	0.961884	317.806244	331.931244
1	13.662000	0.956522	317.500000	332.500000
1	13.693000	0.955942	317.375000	332.875000
1	13.724000	0.958116	317.718750	333.281250
1	13.771000	0.985507	317.000000	332.000000
1	13.802000	0.968406	318.912506	331.537506
1	13.834000	0.937971	318.975006	331.975006
1	13.865000	0.964058	317.975006	332.162506
1	13.896000	0.931015	318.500000	332.424988
1	13.927000	0.920580	318.774994	332.774994
0	13.958000	1.020290	315.000000	334.000000
1	13.990000	0.985507	318.000000	331.000000
1	14.036000	0.938116	318.006256	332.506256
1	14.068000	0.946377	318.625000	332.125000
1	14.099000	0.927246	318.337494	330.662506
1	14.130000	0.938116	318.506256	331.243744
1	14.161000	0.947826	318.000000	330.500000
1	14.192000	0.916812	318.375000	331.312500
0	14.224000	1.020290	315.000000	330.000000
1	14.270000	0.944638	318.212494	331.912506
1	14.302000	0.927536	317.500000	332.500000
1	14.333000	0.947826	317.437500	332.437500
1	14.364000	0.938116	318.493744	331.618744
1	14.395000	0.931594	318.399994	331.399994
1	14.426000	0.938116	317.993744	331.006256
1	14.458000	0.927246	317.537506	330.412506
1	14.504000	0.931594	317.600006	330.600006
0	14.536000	0.927536	318.000000	329.000000
1	14.567000	0.933333	317.500000	331.000000
1	14.598000	0.927536	319.000000	330.000000
1	14.629000	0.933768	318.056244	331.631256
1	14.660000	0.933333	318.500000	331.000000
1	14.692000	0.973913	318.500000	329.500000
1	14.723000	0.904348	318.500000	329.500000
1	14.770000	0.966377	317.912506	328.587494
1	14.801000	0.939130	318.000000	329.000000
1	14.832000	0.918985	318.268738	329.268738
1	14.863000	0.931015	317.625000	329.500000
1	14.894000	0.968551	317.443756	329.818756
1	14.926000	0.977101	317.962494	329.975006
1	14.957000	0.939130	318.000000	331.000000
1	15.004000	0.967681	318.118744	329.193756
1	15.035000	0.931594	318.399994	329.399994
1	15.066000	0.982029	318.250000	328.625000
1	15.097000	1.023188	318.250000	327.250000
1	15.128000	0.959275	317.968750	328.643738
1	15.160000	0.951159	317.818756	328.068756
1	15.191000	0.920145	317.718750	329.218750
1	15.222000	0.922029	318.287476	329.375000
1	15.269000	0.931884	317.500000	329.500000
1	15.300000	0.954928	317.281250	328.768738
1	15.331000	0.929420	317.568756	328.431244
1	15.362000	0.961884	317.643646	328.006256
1	15.394000	0.950000	317.318756	327.818756
1	15.425000	1.020290	319.000000	330.000000
0	15.456000	1.020290	315.000000	326.000000
1	15.503000	0.941884	317.531250	328.781250
1	15.534000	0.972754	316.975006	329.975006
1	15.565000	0.927536	319.000000	330.000000
1	15.596000	0.927536	319.000000	330.000000
1	15.628000	0.970290	317.043762	329.043762
1	15.659000	0.939130	318.000000	330.000000
1	15.690000	0.977101	316.912506	329.649994
0	15.737000	1.211594	319.625000	324.875000
1	15.768000	0.958116	317.268738	330.281250
1	15.799000	0.984493	317.168732	329.993744
1	15.830000	1.020290	319.000000	330.000000
1	15.862000	0.969710	316.868774	332.081238
0	15.893000	1.113043	319.000000	326.000000
1	15.924000	1.003768	316.500000	331.500000
0	15.955000	1.020290	315.000000	330.000000
1	16.002000	0.939710	317.049988	331.450012
1	16.033000	0.973913	316.000000	331.000000
1	16.064000	0.981449	316.850006	331.350006
0	16.096000	0.927536	319.000000	330.000000
1	16.127000	0.988116	317.274994	332.712494
1	16.158000	0.981015	317.031250	331.893738
1	16.189000	0.950580	316.843750	332.218750
1	16.236000	1.007536	317.475006	331.024994
1	16.267000	0.975072	316.987518	331.499969
1	16.298000	0.938551	317.000000	332.000000
1	16.330000	0.985797	317.274994	331.712494
1	16.361000	0.982029	317.937500	330.375000
1	16.392000	0.975072	317.524994	331.399994
1	16.423000	0.951159	317.181244	332.681244
1	16.470000	0.975072	316.100006	332.975006
1	16.501000	0.978986	316.918762	332.593750
1	16.532000	0.967971	317.031250	330.968750
1	16.564000	0.968551	317.106232	331.818756
1	16.595000	0.988116	317.962494	330.274994
1	16.626000	0.931015	316.625000	331.375000
1	16.657000	0.973913	317.500000	331.500000
0	16.688000	0.927536	319.000000	330.000000
1	16.735000	0.987536	317.312500	331.687500
1	16.766000	0.973913	316.500000	331.500000
1	16.798000	0.948551	317.143738	331.606262
1	16.829000	0.950725	317.000000	330.000000
1	16.860000	0.959855	317.243744	330.131256
1	16.891000	0.963623	317.981232	330.393829
1	16.922000	0.950580	317.656250	329.843750
1	16.969000	0.936232	317.500000	330.000000
1	17.000000	0.956522	317.500000	329.500000
1	17.032000	1.020290	319.000000	330.000000
1	17.063000	0.973913	318.000000	331.000000
1	17.094000	0.979710	318.000000	330.000000
1	17.125000	0.942898	317.737488	331.487488
1	17.156000	0.944928	318.000000	330.500000
1	17.203000	0.963623	318.031250	330.406250
1	17.234000	0.959275	317.656250	331.031250
1	17.266000	0.953623	317.750000	330.500000
1	17.297000	0.927101	317.631256	330.681244
0	17.328000	0.927536	319.000000	330.000000
0	17.359000	0.881159	318.000000	331.000000
1	17.390000	0.941884	317.718750	332.456238
1	17.422000	0.927536	317.500000	331.500000
1	17.468000	0.881159	316.000000	331.000000
1	17.500000	0.934928	317.018951	331.568573
1	17.531000	0.926667	317.437500	330.687500
1	17.562000	0.929855	317.562500	330.562500
1	17.593000	0.964203	316.906281	330.018707
1	17.624000	0.926232	316.681244	330.356232
0	17.656000	0.881159	316.000000	329.000000
1	17.702000	0.951159	317.181244	331.681244
1	17.734000	0.920580	316.725006	331.225006
1	17.765000	1.020290	315.000000	334.000000
1	17.796000	0.910145	317.200012	330.325012
1	17.827000	0.911449	317.643707	330.693756
1	17.858000	0.927246	316.850006	330.537506
1	17.890000	0.927536	318.000000	331.000000
1	17.936000	0.938551	316.500000	330.500000
1	17.968000	0.931594	316.524994	330.587494
1	17.999000	0.958116	317.718750	330.281250
1	18.030000	0.925072	316.618744	331.506256
1	18.061000	0.951449	317.218750	331.706238
1	18.092000	0.913623	317.312500	331.375000
1	18.124000	0.927536	317.500000	330.500000
1	18.155000	0.914203	317.662506	330.100006
1	18.202000	0.997101	317.000000	330.000000
1	18.233000	0.969420	317.443756	329.043854
1	18.264000	0.957102	317.750000	330.062500
1	18.295000	0.927536	317.500000	329.500000
1	18.326000	0.927536	318.000000	331.000000
1	18.358000	0.994638	316.256256	331.731232
1	18.389000	1.020290	319.000000	330.000000
1	18.436000	0.973913	318.000000	331.000000
1	18.467000	0.974493	317.625000	330.125000
1	18.498000	0.904348	317.000000	330.000000
1	18.529000	0.967971	317.156250	329.968750
1	18.560000	0.937536	317.531250	330.031250
1	18.592000	0.968406	317.087494	329.462494
0	18.623000	1.020290	319.000000	334.000000
1	18.670000	1.061449	316.750000	329.250000
1	18.701000	0.927536	317.250000	331.750000
1	18.732000	0.916377	317.306244	331.681244
1	18.763000	0.915797	317.343750	331.406250
1	18.794000	0.916377	317.318756	331.131256
1	18.826000	0.950580	317.156250	332.218750
1	18.857000	0.915942	317.625000	331.875000
1	18.888000	0.939130	317.000000	332.000000
1	18.935000	0.927536	316.000000	331.000000
1	18.966000	0.904348	317.000000	332.000000
1	18.997000	0.904058	317.174988	333.000000
1	19.028000	0.930435	316.937500	333.562500
1	19.060000	0.921159	316.750000	333.750000
1	19.091000	0.951015	316.837494	334.212494
1	19.122000	0.912899	316.743805	333.368744
1	19.153000	0.938116	316.993744	333.006256
1	19.200000	0.927246	317.537506	332.537506
1	19.231000	0.938116	317.493744	332.493744
1	19.262000	0.950580	316.843750	333.218750
1	19.294000	0.962319	316.750000	334.250000
1	19.325000	0.942898	317.437500	333.737488
1	19.356000	0.931594	318.087494	333.600006
1	19.387000	0.964203	317.381256	333.006256
1	19.434000	1.020290	319.000000	334.000000
1	19.465000	0.921449	317.475037	331.612671
1	19.496000	0.914203	317.649994	332.350006
1	19.528000	1.020290	319.000000	334.000000
1	19.559000	0.925072	317.618744	332.593781
0	19.590000	0.927536	319.000000	330.000000
1	19.621000	0.968985	317.562500	332.937500
1	19.668000	0.908551	317.693756	334.056244
1	19.699000	0.935507	317.031250	333.581238
1	19.730000	0.931015	317.500000	332.625000
0	19.762000	1.020290	315.000000	330.000000
1	19.793000	0.920580	318.225006	332.225006
1	19.824000	0.932029	317.593750	332.781250
1	19.855000	0.915942	317.250000	332.750000
1	19.886000	0.909855	317.774994	332.725006
1	19.933000	1.020290	319.000000	334.000000
1	19.964000	0.948551	316.843750	333.393738
1	19.996000	0.939275	317.693756	332.493744
1	20.027000	0.931594	317.399994	332.912506
1	20.058000	0.904348	317.000000	332.000000
1	20.089000	0.927101	317.556244	332.556244
1	20.120000	0.904348	317.500000	332.500000
1	20.167000	0.913623	317.625000	332.687500
1	20.198000	0.928841	317.093750	333.093750
1	20.230000	0.931015	317.062500	332.625000
1	20.261000	0.927536	316.000000	333.000000
1	20.292000	0.951159	316.818756	333.818756
1	20.323000	1.032899	317.843781	329.806305
1	20.354000	0.904348	317.500000	332.500000
0	20.401000	0.927536	319.000000	330.000000
1	20.432000	0.951594	317.312500	332.812500
1	20.464000	0.881159	318.000000	331.000000
1	20.495000	1.008116	317.549988	331.000000
1	20.526000	0.929420	316.681244	333.131256
1	20.557000	0.904348	317.000000	334.000000
1	20.588000	0.976087	317.125000	330.812500
1	20.620000	0.931449	317.006256	332.493744
1	20.666000	0.921739	317.500000	332.500000
1	20.698000	0.939275	317.443756	332.493744
1	20.729000	0.938116	317.493744	332.006256
1	20.760000	0.904348	317.000000	332.000000
1	20.791000	0.931160	316.643707	332.431244
1	20.822000	0.916232	317.337494	332.399994
1	20.854000	0.964638	316.125000	332.987549
1	20.900000	0.950725	317.500000	333.500000
1	20.932000	0.933333	316.687500	333.562500
1	20.963000	0.918841	317.437500	333.312500
1	20.994000	0.928261	317.562500	332.312500
1	21.025000	0.881159	318.000000	333.000000
1	21.056000	0.927536	317.500000	332.500000
1	21.088000	0.929275	316.600006	332.712494
0	21.134000	1.020290	315.000000	330.000000
1	21.166000	0.956522	316.500000	333.000000
1	21.197000	0.931594	316.600006	333.399994
1	21.228000	0.936377	316.518738	333.581238
1	21.259000	0.972754	316.524994	333.100006
1	21.290000	0.927246	316.699982	333.537506
1	21.322000	0.939130	317.000000	332.000000
1	21.353000	0.928841	317.093750	332.593750
1	21.400000	0.951594	317.187500	332.812500
1	21.431000	0.930435	317.475006	333.475006
1	21.462000	0.923333	317.218750	333.531250
1	21.493000	0.950580	316.781250	332.843750
1	21.524000	0.881159	318.000000	333.000000
0	21.556000	1.020580	317.287506	330.787506
1	21.587000	0.949275	317.250000	333.500000
1	21.634000	0.915942	317.250000	333.250000
1	21.665000	0.932609	317.937500	332.500000
1	21.696000	0.931015	318.500000	332.500000
1	21.727000	0.926232	317.681244	332.681244
0	21.758000	0.963335	318.044098	331.318329
1	21.790000	0.885942	318.318756	332.993744
1	21.821000	0.938116	317.006256	333.006256
1	21.868000	0.927536	318.000000	335.000000
1	21.899000	0.904348	317.000000	334.000000
1	21.930000	0.915942	318.000000	334.000000
1	21.961000	0.927536	317.625000	333.875000
1	21.992000	0.938551	318.000000	333.000000
1	22.024000	0.929420	317.556244	333.656219
1	22.055000	0.920145	317.781250	332.781250
1	22.086000	0.933188	318.043762	333.293762
0	22.133000	0.834783	315.000000	330.000000
1	22.164000	0.951015	318.087494	333.837494
1	22.195000	0.905507	317.237518	334.024994
1	22.226000	0.920145	317.781250	335.218750
1	22.258000	0.916812	318.312500	334.562500
1	22.289000	0.937681	317.637512	334.000000
1	22.320000	0.911884	317.600006	334.037506
1	22.367000	0.929420	318.443756	333.643768
1	22.398000	0.939275	317.693756	333.943756
1	22.429000	0.950580	317.793762	333.218750
1	22.460000	0.922899	317.350006	333.774994
1	22.492000	0.937681	316.375000	334.125000
0	22.523000	1.185362	320.531250	330.593750
1	22.554000	0.939130	317.250000	334.250000
1	22.601000	0.901449	317.500000	333.500000
1	22.632000	0.927536	317.250000	333.250000
1	22.663000	0.927246	317.712494	332.537506
1	22.694000	0.898985	318.068756	332.556244
1	22.726000	0.916377	317.681244	332.693756
1	22.757000	0.938116	318.006256	333.993744
1	22.788000	0.941159	318.287506	333.712494
1	22.819000	0.927536	318.000000	335.000000
1	22.866000	0.962319	318.250000	333.250000
1	22.897000	0.927101	317.556244	334.431244
1	22.928000	0.957102	317.675018	332.712372
1	22.960000	0.938406	318.000000	333.750000
1	22.991000	0.903188	317.787506	333.975006
1	23.022000	0.914203	318.350006	333.350006
1	23.053000	0.910145	317.375000	333.625000
1	23.100000	0.952899	317.656250	334.156250
0	23.131000	0.881159	318.000000	333.000000
1	23.162000	0.904348	317.000000	334.000000
1	23.194000	0.927246	317.587494	333.537506
1	23.225000	0.931015	318.000000	333.375000
1	23.256000	0.920725	318.243744	332.243744
1	23.287000	0.927246	317.587494	332.537506
1	23.318000	0.913188	317.868744	332.868744
0	23.365000	0.881159	318.000000	331.000000
1	23.396000	0.951159	317.656281	333.818756
1	23.428000	0.924928	317.399994	334.524994
1	23.459000	0.915797	317.343750	334.718750
1	23.490000	0.921739	317.500000	333.500000
1	23.521000	0.949420	317.793762	333.781250
1	23.552000	0.927536	315.000000	334.000000
1	23.599000	0.884203	317.718750	333.531250
1	23.630000	0.894058	318.156250	333.156250
1	23.662000	0.884928	317.712494	333.287506
1	23.693000	0.942754	317.443756	333.756256
1	23.724000	0.884203	317.218750	333.718750
1	23.755000	0.949567	317.325104	333.562042
1	23.786000	0.927536	317.375000	334.625000
1	23.818000	0.930435	317.750000	333.500000
1	23.864000	0.920145	317.768738	333.781250
1	23.896000	0.904348	317.750000	333.250000
1	23.927000	0.915507	317.868835	333.618652
1	23.958000	0.885797	318.024994	333.324982
1	23.989000	0.904348	317.500000	334.500000
1	24.020000	0.912319	317.606262	334.606262
0	24.052000	0.881159	318.000000	333.000000
1	24.098000	0.912029	317.256256	335.631256
1	24.130000	0.936957	317.543793	334.493744
1	24.161000	0.937971	317.475006	334.024994
1	24.192000	0.900290	317.737518	334.049957
1	24.223000	0.889420	318.006256	333.243744
1	24.254000	0.886377	317.687500	334.000000
0	24.286000	1.064203	318.056244	331.243744
1	24.332000	0.881159	318.000000	335.000000
1	24.364000	0.903768	317.750000	334.549988
1	24.395000	0.895072	317.125000	334.575012
0	24.426000	0.881159	318.000000	333.000000
1	24.457000	0.885942	317.993744	333.731232
1	24.488000	0.881159	317.250000	334.250000
1	24.520000	0.915797	317.781250	333.593750
1	24.551000	0.927536	316.000000	333.000000
1	24.598000	0.928261	317.375000	333.687500
1	24.629000	0.949855	317.162506	333.912506
1	24.660000	0.885942	317.756256	335.006256
1	24.691000	0.903333	317.493744	335.506256
1	24.722000	0.928986	317.437500	334.674988
1	24.754000	0.898406	317.656250	335.093750
1	24.785000	0.913043	317.500000	334.500000
1	24.832000	0.902754	317.468750	334.468750
1	24.863000	0.920145	316.768738	334.368713
1	24.894000	0.904348	317.250000	334.750000
1	24.925000	0.914203	317.337494	335.312469
1	24.956000	0.892754	317.250000	336.750000
1	24.988000	0.938116	317.306244	337.493744
1	25.019000	0.952754	317.312500	335.750000
1	25.066000	0.907102	317.218750	335.781250
1	25.097000	0.881159	318.000000	335.000000
1	25.128000	0.915072	317.362518	336.287506
1	25.159000	0.912029	317.668823	336.318665
1	25.190000	0.916377	317.681244	336.318756
1	25.222000	0.915072	317.375031	336.287506
1	25.253000	0.881159	318.000000	337.000000
1	25.284000	0.921739	317.000000	337.500000
1	25.331000	0.918841	317.750000	337.500000
1	25.362000	0.956087	317.143738	336.718750
1	25.393000	0.926812	317.406250	336.706238
1	25.424000	0.884203	317.718750	337.281250
1	25.456000	0.927101	317.556244	336.568756
1	25.487000	0.898551	317.500000	337.500000
1	25.518000	0.874638	317.856262	337.856262
1	25.565000	0.904348	317.500000	338.500000
1	25.596000	0.907681	317.431244	338.006256
1	25.627000	0.886232	317.693756	338.331268
1	25.658000	0.927536	318.000000	339.000000
1	25.690000	0.922754	318.193756	336.493744
1	25.721000	0.886377	318.012512	337.012512
1	25.752000	0.915072	316.712494	337.287506
1	25.799000	0.904348	317.500000	337.500000
1	25.830000	0.904348	317.000000	336.000000
1	25.861000	0.898551	317.625000	337.125000
1	25.892000	0.876232	317.399994	336.837494
0	25.924000	0.844493	316.493744	335.743744
0	25.955000	0.834783	319.000000	338.000000
1	25.986000	0.901594	317.468750	336.481262
1	26.017000	0.902754	317.531250	335.468750
1	26.064000	0.899420	318.112488	335.487488
1	26.095000	0.920145	317.768738	334.781250
1	26.126000	0.898985	317.131256	335.556244
1	26.158000	0.927536	316.000000	335.000000
1	26.189000	0.942464	317.306244	336.068756
1	26.220000	0.904348	317.000000	336.000000
1	26.251000	0.929275	317.600006	335.899994
1	26.298000	0.944928	317.799988	335.424988
1	26.329000	0.894493	318.149994	335.100006
1	26.360000	0.896377	317.143738	335.156250
0	26.392000	1.231740	312.443604	330.831116
1	26.423000	0.914493	317.375000	335.625000
1	26.454000	0.905072	317.018738	335.231262
1	26.485000	0.904493	317.256256	335.443756
1	26.532000	0.904348	317.500000	335.500000
1	26.563000	0.912899	317.256256	335.318756
1	26.594000	0.901449	317.562500	335.937500
1	26.626000	0.901594	317.481262	335.231201
1	26.657000	0.883768	317.725006	335.274994
1	26.688000	0.921014	317.531250	335.268738
1	26.719000	0.893333	317.600037	335.375000
1	26.750000	0.916377	317.806244	334.693756
1	26.797000	0.904348	317.625000	335.625000
1	26.828000	0.904493	317.993744	337.193756
1	26.860000	0.900579	317.212524	336.512451
1	26.891000	0.909855	317.287506	336.949982
1	26.922000	0.913768	316.893738	336.656250
1	26.953000	0.879275	317.756256	336.668732
1	26.984000	0.885942	317.956268	336.006256
1	27.031000	0.915072	318.287506	335.712494
1	27.062000	0.892754	317.375000	335.625000
1	27.094000	0.892754	317.250000	336.250000
1	27.125000	0.881159	318.000000	337.000000
1	27.156000	0.904348	317.000000	338.000000
1	27.187000	0.885507	317.737488	338.262512
1	27.218000	0.901159	317.162506	337.774994
1	27.250000	0.904348	318.500000	336.500000
1	27.296000	0.904348	317.000000	338.000000
1	27.328000	0.874638	317.893738	336.856262
1	27.359000	0.884203	317.718750	336.718750
1	27.390000	0.896667	317.881256	336.181244
1	27.421000	0.917391	317.406250	336.593750
1	27.452000	0.927536	316.000000	337.000000
1	27.484000	0.894638	317.131256	337.868744
1	27.530000	0.937971	316.975006	337.725006
1	27.562000	0.904348	317.500000	336.500000
1	27.593000	0.892754	318.000000	338.000000
1	27.624000	0.885942	317.293732	338.006256
1	27.655000	0.903188	317.574982	337.212494
1	27.686000	0.889855	317.637512	337.674988
1	27.718000	0.927681	317.531250	337.843750
0	27.764000	0.927536	316.000000	337.000000
1	27.796000	0.857971	317.500000	339.500000
1	27.827000	0.917391	317.375000	338.750000
1	27.858000	0.905507	317.475006	338.574982
1	27.889000	0.905072	318.018738	338.231262
1	27.920000	0.905507	317.274994	338.975006
1	27.952000	0.895652	317.500000	339.500000
1	27.983000	0.910145	317.500000	338.500000
1	28.030000	0.881159	318.000000	337.000000
1	28.061000	0.927536	318.000000	339.000000
1	28.092000	0.904348	317.250000	338.750000
1	28.123000	0.916812	318.312500	339.149963
1	28.154000	0.885942	318.006256	339.293732
1	28.186000	0.898985	318.431244	338.556244
1	28.217000	0.911884	317.725006	338.774994
1	28.264000	0.886377	318.000000	338.312500
1	28.295000	0.887681	317.706238	338.268738
0	28.326000	0.765217	313.000000	336.000000
1	28.357000	0.876232	317.912506	338.524994
1	28.388000	0.920145	318.218750	338.218750
1	28.420000	0.927536	318.000000	341.000000
0	28.451000	0.834783	319.000000	338.000000
1	28.498000	0.893768	318.143738	338.393738
1	28.529000	0.904348	318.125092	338.475006
0	28.560000	1.029420	319.556244	335.231232
1	28.591000	0.834783	319.000000	338.000000
1	28.622000	0.904348	319.000000	338.000000
1	28.654000	0.894493	318.850006	338.449982
1	28.685000	0.903188	318.274994	338.975006
0	28.716000	0.881159	318.000000	337.000000
1	28.763000	0.866232	317.931244	338.806244
1	28.794000	0.904348	317.500000	337.500000
1	28.825000	0.882754	317.743713	337.643738
1	28.856000	0.902029	317.475006	337.774994
0	28.888000	0.817536	315.243744	336.306244
1	28.919000	0.886377	318.000000	338.500000
1	28.950000	0.921014	317.731262	337.643738
1	28.997000	0.885942	317.993744	337.756256
1	29.028000	0.883623	317.693756	338.693756
1	29.059000	0.909855	317.462494	339.399994
1	29.090000	0.904493	317.806244	338.443756
1	29.122000	0.898406	317.531250	338.081238
1	29.153000	0.904348	317.000000	338.000000
1	29.184000	0.883768	317.324921	338.274872
1	29.231000	0.881159	318.000000	337.000000
1	29.262000	0.927101	317.306244	337.556244
1	29.293000	0.896812	317.412506	337.850006
1	29.324000	0.912029	317.368744	338.631256
1	29.356000	0.895652	317.500000	339.250000
1	29.387000	0.922319	317.375000	338.625000
1	29.418000	0.918406	317.243805	338.756317
1	29.449000	0.901449	317.500000	339.750000
1	29.496000	0.916377	317.381256	338.681244
1	29.527000	0.895797	317.118744	338.431244
1	29.558000	0.896377	317.143738	338.143738
1	29.590000	0.883623	317.731232	337.993744
0	29.621000	0.735942	314.537506	336.162506
1	29.652000	0.912029	317.381256	338.381256
1	29.683000	0.939130	318.000000	338.000000
1	29.730000	0.877246	317.381256	339.118744
1	29.761000	0.927681	317.531250	338.531250
1	29.792000	0.834783	319.000000	338.000000
1	29.824000	0.855507	317.306244	338.693756
1	29.855000	0.904348	317.750000	338.750000
1	29.886000	0.912319	317.281250	338.706238
1	29.917000	0.878116	317.931244	338.618744
1	29.948000	0.909855	317.712494	338.600006
<\RIGHT-PUPIL-DATA>
<LEFT-PUPIL-DATA>
903	0
0	-0.051000	0.000000	250.000000	362.000000
0	-0.020000	0.000000	250.000000	362.000000
0	0.011000	0.000000	250.000000	362.000000
0	0.042000	0.000000	250.000000	362.000000
0	0.074000	0.000000	250.000000	362.000000
0	0.120000	0.000000	250.000000	362.000000
0	0.152000	0.000000	250.000000	362.000000
0	0.183000	0.000000	250.000000	362.000000
0	0.214000	0.000000	250.000000	362.000000
0	0.245000	0.000000	250.000000	362.000000
0	0.276000	0.000000	250.000000	362.000000
0	0.308000	0.000000	250.000000	362.000000
0	0.354000	0.000000	250.000000	362.000000
0	0.386000	0.000000	250.000000	362.000000
0	0.417000	0.000000	250.000000	362.000000
0	0.448000	0.000000	250.000000	362.000000
0	0.479000	0.000000	250.000000	362.000000
0	0.510000	0.000000	250.000000	362.000000
0	0.542000	0.000000	250.000000	362.000000
0	0.573000	0.000000	250.000000	362.000000
0	0.620000	0.000000	250.000000	362.000000
0	0.651000	0.000000	250.000000	362.000000
0	0.682000	0.000000	250.000000	362.000000
0	0.713000	0.000000	250.000000	362.000000
0	0.744000	0.000000	250.000000	362.000000
0	0.776000	0.000000	250.000000	362.000000
0	0.807000	0.000000	250.000000	362.000000
0	0.854000	0.000000	250.000000	362.000000
0	0.885000	0.000000	250.000000	362.000000
0	0.916000	0.000000	250.000000	362.000000
0	0.947000	0.000000	250.000000	362.000000
0	0.978000	0.000000	250.000000	362.000000
0	1.010000	0.000000	250.000000	362.000000
0	1.041000	0.000000	250.000000	362.000000
0	1.088000	0.000000	250.000000	362.000000
0	1.119000	0.000000	250.000000	362.000000
0	1.150000	0.000000	250.000000	362.000000
0	1.181000	0.000000	250.000000	362.000000
0	1.212000	0.000000	250.000000	362.000000
0	1.244000	0.000000	250.000000	362.000000
0	1.275000	0.000000	250.000000	362.000000
0	1.306000	0.000000	250.000000	362.000000
0	1.353000	0.000000	250.000000	362.000000
0	1.384000	0.000000	250.000000	362.000000
0	1.415000	0.000000	250.000000	362.000000
0	1.446000	0.000000	250.000000	362.000000
0	1.478000	0.000000	250.000000	362.000000
0	1.509000	0.000000	250.000000	362.000000
0	1.540000	0.000000	250.000000	362.000000
0	1.571000	0.000000	250.000000	362.000000
0	1.618000	0.000000	250.000000	362.000000
0	1.649000	0.000000	250.000000	362.000000
0	1.680000	0.000000	250.000000	362.000000
0	1.712000	0.000000	250.000000	362.000000
0	1.743000	0.000000	250.000000	362.000000
0	1.774000	0.000000	250.000000	362.000000
0	1.805000	0.000000	250.000000	362.000000
0	1.852000	0.000000	250.000000	362.000000
0	1.883000	0.000000	250.000000	362.000000
0	1.914000	0.000000	250.000000	362.000000
0	1.946000	0.000000	250.000000	362.000000
0	1.977000	0.000000	250.000000	362.000000
0	2.008000	0.000000	250.000000	362.000000
0	2.039000	0.000000	250.000000	362.000000
0	2.086000	0.000000	250.000000	362.000000
0	2.117000	0.000000	250.000000	362.000000
0	2.148000	0.000000	250.000000	362.000000
0	2.180000	0.000000	250.000000	362.000000
0	2.211000	0.000000	250.000000	362.000000
0	2.242000	0.000000	250.000000	362.000000
0	2.273000	0.000000	250.000000	362.000000
0	2.304000	0.000000	250.000000	362.000000
0	2.351000	0.000000	250.000000	362.000000
0	2.382000	0.000000	250.000000	362.000000
0	2.414000	0.000000	250.000000	362.000000
0	2.445000	0.000000	250.000000	362.000000
0	2.476000	0.000000	250.000000	362.000000
0	2.507000	0.000000	250.000000	362.000000
0	2.538000	0.000000	250.000000	362.000000
0	2.585000	0.000000	250.000000	362.000000
0	2.616000	0.000000	250.000000	362.000000
0	2.648000	0.000000	250.000000	362.000000
0	2.679000	0.000000	250.000000	362.000000
0	2.710000	0.000000	250.000000	362.000000
0	2.741000	0.000000	250.000000	362.000000
0	2.772000	0.000000	250.000000	362.000000
0	2.819000	0.000000	250.000000	362.000000
0	2.850000	0.000000	250.000000	362.000000
0	2.882000	0.000000	250.000000	362.000000
0	2.913000	0.000000	250.000000	362.000000
0	2.944000	0.000000	250.000000	362.000000
0	2.975000	0.000000	250.000000	362.000000
0	3.006000	0.000000	250.000000	362.000000
0	3.038000	0.000000	250.000000	362.000000
0	3.084000	0.000000	250.000000	362.000000
0	3.116000	0.000000	250.000000	362.000000
0	3.147000	0.000000	250.000000	362.000000
0	3.178000	0.000000	250.000000	362.000000
0	3.209000	0.000000	250.000000	362.000000
0	3.240000	0.000000	250.000000	362.000000
0	3.272000	0.000000	250.000000	362.000000
0	3.318000	0.000000	250.000000	362.000000
0	3.350000	0.000000	250.000000	362.000000
0	3.381000	0.000000	250.000000	362.000000
0	3.412000	0.000000	250.000000	362.000000
0	3.443000	0.000000	250.000000	362.000000
0	3.474000	0.000000	250.000000	362.000000
0	3.506000	0.000000	250.000000	362.000000
0	3.552000	0.000000	250.000000	362.000000
0	3.584000	0.000000	250.000000	362.000000
0	3.615000	0.000000	250.000000	362.000000
0	3.646000	0.000000	250.000000	362.000000
0	3.677000	0.000000	250.000000	362.000000
0	3.708000	0.000000	250.000000	362.000000
0	3.740000	0.000000	250.000000	362.000000
0	3.771000	0.000000	250.000000	362.000000
0	3.818000	0.000000	250.000000	362.000000
0	3.849000	0.000000	250.000000	362.000000
0	3.880000	0.000000	250.000000	362.000000
0	3.911000	0.000000	250.000000	362.000000
0	3.942000	0.000000	250.000000	362.000000
0	3.974000	0.000000	250.000000	362.000000
0	4.005000	0.000000	250.000000	362.000000
0	4.052000	0.000000	250.000000	362.000000
0	4.083000	0.000000	250.000000	362.000000
0	4.114000	0.000000	250.000000	362.000000
0	4.145000	0.000000	250.000000	362.000000
0	4.176000	0.000000	250.000000	362.000000
0	4.208000	0.000000	250.000000	362.000000
0	4.239000	0.000000	250.000000	362.000000
0	4.286000	0.000000	250.000000	362.000000
0	4.317000	0.000000	250.000000	362.000000
0	4.348000	0.000000	250.000000	362.000000
0	4.379000	0.000000	250.000000	362.000000
0	4.410000	0.000000	250.000000	362.000000
0	4.442000	0.000000	250.000000	362.000000
0	4.473000	0.000000	250.000000	362.000000
0	4.504000	0.000000	250.000000	362.000000
0	4.551000	0.000000	250.000000	362.000000
0	4.582000	0.000000	250.000000	362.000000
0	4.613000	0.000000	250.000000	362.000000
0	4.644000	0.000000	250.000000	362.000000
0	4.676000	0.000000	250.000000	362.000000
0	4.707000	0.000000	250.000000	362.000000
0	4.738000	0.000000	250.000000	362.000000
0	4.785000	0.000000	250.000000	362.000000
0	4.816000	0.000000	250.000000	362.000000
0	4.847000	0.000000	250.000000	362.000000
0	4.878000	0.000000	250.000000	362.000000
0	4.910000	0.000000	250.000000	362.000000
0	4.941000	0.000000	250.000000	362.000000
0	4.972000	0.000000	250.000000	362.000000
0	5.019000	0.000000	250.000000	362.000000
0	5.050000	0.000000	250.000000	362.000000
0	5.081000	0.000000	250.000000	362.000000
0	5.112000	0.000000	250.000000	362.000000
0	5.144000	0.000000	250.000000	362.000000
0	5.175000	0.000000	250.000000	362.000000
0	5.206000	0.000000	250.000000	362.000000
0	5.237000	0.000000	250.000000	362.000000
0	5.284000	0.000000	250.000000	362.000000
0	5.315000	0.000000	250.000000	362.000000
0	5.346000	0.000000	250.000000	362.000000
0	5.378000	0.000000	250.000000	362.000000
0	5.409000	0.000000	250.000000	362.000000
0	5.440000	0.000000	250.000000	362.000000
0	5.471000	0.000000	250.000000	362.000000
0	5.518000	0.000000	250.000000	362.000000
0	5.549000	0.000000	250.000000	362.000000
0	5.580000	0.000000	250.000000	362.000000
0	5.612000	0.000000	250.000000	362.000000
0	5.643000	0.000000	250.000000	362.000000
0	5.674000	0.000000	250.000000	362.000000
0	5.705000	0.000000	250.000000	362.000000
0	5.736000	0.000000	250.000000	362.000000
0	5.783000	0.000000	250.000000	362.000000
0	5.814000	0.000000	250.000000	362.000000
0	5.846000	0.000000	250.000000	362.000000
0	5.877000	0.000000	250.000000	362.000000
0	5.908000	0.000000	250.000000	362.000000
0	5.939000	0.000000	250.000000	362.000000
0	5.970000	0.000000	250.000000	362.000000
0	6.017000	0.000000	250.000000	362.000000
0	6.048000	0.000000	250.000000	362.000000
0	6.080000	0.000000	250.000000	362.000000
0	6.111000	0.000000	250.000000	362.000000
0	6.142000	0.000000	250.000000	362.000000
0	6.173000	0.000000	250.000000	362.000000
0	6.204000	0.000000	250.000000	362.000000
0	6.251000	0.000000	250.000000	362.000000
0	6.282000	0.000000	250.000000	362.000000
0	6.314000	0.000000	250.000000	362.000000
0	6.345000	0.000000	250.000000	362.000000
0	6.376000	0.000000	250.000000	362.000000
0	6.407000	0.000000	250.000000	362.000000
0	6.439000	0.000000	250.000000	362.000000
0	6.470000	0.000000	250.000000	362.000000
0	6.517000	0.000000	250.000000	362.000000
0	6.548000	0.000000	250.000000	362.000000
0	6.579000	0.000000	250.000000	362.000000
0	6.610000	0.000000	250.000000	362.000000
0	6.641000	0.000000	250.000000	362.000000
0	6.673000	0.000000	250.000000	362.000000
0	6.704000	0.000000	250.000000	362.000000
0	6.751000	0.000000	250.000000	362.000000
0	6.782000	0.000000	250.000000	362.000000
0	6.813000	0.000000	250.000000	362.000000
0	6.844000	0.000000	250.000000	362.000000
0	6.875000	0.000000	250.000000	362.000000
0	6.907000	0.000000	250.000000	362.000000
0	6.938000	0.000000	250.000000	362.000000
0	6.969000	0.000000	250.000000	362.000000
0	7.016000	0.000000	250.000000	362.000000
0	7.047000	0.000000	250.000000	362.000000
0	7.078000	0.000000	250.000000	362.000000
0	7.109000	0.000000	250.000000	362.000000
0	7.141000	0.000000	250.000000	362.000000
0	7.172000	0.000000	250.000000	362.000000
0	7.203000	0.000000	250.000000	362.000000
0	7.250000	0.000000	250.000000	362.000000
0	7.281000	0.000000	250.000000	362.000000
0	7.312000	0.000000	250.000000	362.000000
0	7.343000	0.000000	250.000000	362.000000
0	7.375000	0.000000	250.000000	362.000000
0	7.406000	0.000000	250.000000	362.000000
0	7.437000	0.000000	250.000000	362.000000
0	7.484000	0.000000	250.000000	362.000000
0	7.515000	0.000000	250.000000	362.000000
0	7.546000	0.000000	250.000000	362.000000
0	7.577000	0.000000	250.000000	362.000000
0	7.609000	0.000000	250.000000	362.000000
0	7.640000	0.000000	250.000000	362.000000
0	7.671000	0.000000	250.000000	362.000000
0	7.702000	0.000000	250.000000	362.000000
0	7.749000	0.000000	250.000000	362.000000
0	7.780000	0.000000	250.000000	362.000000
0	7.811000	0.000000	250.000000	362.000000
0	7.843000	0.000000	250.000000	362.000000
0	7.874000	0.000000	250.000000	362.000000
0	7.905000	0.000000	250.000000	362.000000
0	7.936000	0.000000	250.000000	362.000000
0	7.983000	0.000000	250.000000	362.000000
0	8.014000	0.000000	250.000000	362.000000
0	8.045000	0.000000	250.000000	362.000000
0	8.077000	0.000000	250.000000	362.000000
0	8.108000	0.000000	250.000000	362.000000
0	8.139000	0.000000	250.000000	362.000000
0	8.170000	0.000000	250.000000	362.000000
0	8.217000	0.000000	250.000000	362.000000
0	8.248000	0.000000	250.000000	362.000000
0	8.279000	0.000000	250.000000	362.000000
0	8.311000	0.000000	250.000000	362.000000
0	8.342000	0.000000	250.000000	362.000000
0	8.373000	0.000000	250.000000	362.000000
0	8.404000	0.000000	250.000000	362.000000
0	8.435000	0.000000	250.000000	362.000000
0	8.482000	0.000000	250.000000	362.000000
0	8.513000	0.000000	250.000000	362.000000
0	8.545000	0.000000	250.000000	362.000000
0	8.576000	0.000000	250.000000	362.000000
0	8.607000	0.000000	250.000000	362.000000
0	8.638000	0.000000	250.000000	362.000000
0	8.669000	0.000000	250.000000	362.000000
0	8.716000	0.000000	250.000000	362.000000
0	8.747000	0.000000	250.000000	362.000000
0	8.779000	0.000000	250.000000	362.000000
0	8.810000	0.000000	250.000000	362.000000
0	8.841000	0.000000	250.000000	362.000000
0	8.872000	0.000000	250.000000	362.000000
0	8.903000	0.000000	250.000000	362.000000
0	8.950000	0.000000	250.000000	362.000000
0	8.981000	0.000000	250.000000	362.000000
0	9.013000	0.000000	250.000000	362.000000
0	9.044000	0.000000	250.000000	362.000000
0	9.075000	0.000000	250.000000	362.000000
0	9.106000	0.000000	250.000000	362.000000
0	9.137000	0.000000	250.000000	362.000000
0	9.169000	0.000000	250.000000	362.000000
0	9.215000	0.000000	250.000000	362.000000
0	9.247000	0.000000	250.000000	362.000000
0	9.278000	0.000000	250.000000	362.000000
0	9.309000	0.000000	250.000000	362.000000
0	9.340000	0.000000	250.000000	362.000000
0	9.371000	0.000000	250.000000	362.000000
0	9.403000	0.000000	250.000000	362.000000
0	9.449000	0.000000	250.000000	362.000000
0	9.481000	0.000000	250.000000	362.000000
0	9.512000	0.000000	250.000000	362.000000
0	9.543000	0.000000	250.000000	362.000000
0	9.574000	0.000000	250.000000	362.000000
0	9.605000	0.000000	250.000000	362.000000
0	9.637000	0.000000	250.000000	362.000000
0	9.668000	0.000000	250.000000	362.000000
0	9.715000	0.000000	250.000000	362.000000
0	9.746000	0.000000	250.000000	362.000000
0	9.777000	0.000000	250.000000	362.000000
0	9.808000	0.000000	250.000000	362.000000
0	9.839000	0.000000	250.000000	362.000000
0	9.871000	0.000000	250.000000	362.000000
0	9.902000	0.000000	250.000000	362.000000
0	9.949000	0.000000	250.000000	362.000000
0	9.980000	0.000000	250.000000	362.000000
0	10.011000	0.000000	250.000000	362.000000
0	10.042000	0.000000	250.000000	362.000000
0	10.073000	0.000000	250.000000	362.000000
0	10.105000	0.000000	250.000000	362.000000
0	10.136000	0.000000	250.000000	362.000000
0	10.183000	0.000000	250.000000	362.000000
0	10.214000	0.000000	250.000000	362.000000
0	10.245000	0.000000	250.000000	362.000000
0	10.276000	0.000000	250.000000	362.000000
0	10.307000	0.000000	250.000000	362.000000
0	10.339000	0.000000	250.000000	362.000000
0	10.370000	0.000000	250.000000	362.000000
0	10.401000	0.000000	250.000000	362.000000
0	10.448000	0.000000	250.000000	362.000000
0	10.479000	0.000000	250.000000	362.000000
0	10.510000	0.000000	250.000000	362.000000
0	10.541000	0.000000	250.000000	362.000000
0	10.573000	0.000000	250.000000	362.000000
0	10.604000	0.000000	250.000000	362.000000
0	10.635000	0.000000	250.000000	362.000000
0	10.682000	0.000000	250.000000	362.000000
0	10.713000	0.000000	250.000000	362.000000
0	10.744000	0.000000	250.000000	362.000000
0	10.775000	0.000000	250.000000	362.000000
0	10.807000	0.000000	250.000000	362.000000
0	10.838000	0.000000	250.000000	362.000000
0	10.869000	0.000000	250.000000	362.000000
0	10.916000	0.000000	250.000000	362.000000
0	10.947000	0.000000	250.000000	362.000000
0	10.978000	0.000000	250.000000	362.000000
0	11.009000	0.000000	250.000000	362.000000
0	11.041000	0.000000	250.000000	362.000000
0	11.072000	0.000000	250.000000	362.000000
0	11.103000	0.000000	250.000000	362.000000
0	11.134000	0.000000	250.000000	362.000000
0	11.181000	0.000000	250.000000	362.000000
0	11.212000	0.000000	250.000000	362.000000
0	11.243000	0.000000	250.000000	362.000000
0	11.275000	0.000000	250.000000	362.000000
0	11.306000	0.000000	250.000000	362.000000
0	11.337000	0.000000	250.000000	362.000000
0	11.368000	0.000000	250.000000	362.000000
0	11.415000	0.000000	250.000000	362.000000
0	11.446000	0.000000	250.000000	362.000000
0	11.477000	0.000000	250.000000	362.000000
0	11.509000	0.000000	250.000000	362.000000
0	11.540000	0.000000	250.000000	362.000000
0	11.571000	0.000000	250.000000	362.000000
0	11.602000	0.000000	250.000000	362.000000
0	11.649000	0.000000	250.000000	362.000000
0	11.680000	0.000000	250.000000	362.000000
0	11.711000	0.000000	250.000000	362.000000
0	11.743000	0.000000	250.000000	362.000000
0	11.774000	0.000000	250.000000	362.000000
0	11.805000	0.000000	250.000000	362.000000
0	11.836000	0.000000	250.000000	362.000000
0	11.867000	0.000000	250.000000	362.000000
0	11.914000	0.000000	250.000000	362.000000
0	11.945000	0.000000	250.000000	362.000000
0	11.977000	0.000000	250.000000	362.000000
0	12.008000	0.000000	250.000000	362.000000
0	12.039000	0.000000	250.000000	362.000000
0	12.070000	0.000000	250.000000	362.000000
0	12.101000	0.000000	250.000000	362.000000
0	12.148000	0.000000	250.000000	362.000000
0	12.179000	0.000000	250.000000	362.000000
0	12.211000	0.000000	250.000000	362.000000
0	12.242000	0.000000	250.000000	362.000000
0	12.273000	0.000000	250.000000	362.000000
0	12.304000	0.000000	250.000000	362.000000
0	12.335000	0.000000	250.000000	362.000000
0	12.367000	0.000000	250.000000	362.000000
0	12.413000	0.000000	250.000000	362.000000
0	12.445000	0.000000	250.000000	362.000000
0	12.476000	0.000000	250.000000	362.000000
0	12.507000	0.000000	250.000000	362.000000
0	12.538000	0.000000	250.000000	362.000000
0	12.569000	0.000000	250.000000	362.000000
0	12.601000	0.000000	250.000000	362.000000
0	12.647000	0.000000	250.000000	362.000000
0	12.679000	0.000000	250.000000	362.000000
0	12.710000	0.000000	250.000000	362.000000
0	12.741000	0.000000	250.000000	362.000000
0	12.772000	0.000000	250.000000	362.000000
0	12.803000	0.000000	250.000000	362.000000
0	12.835000	0.000000	250.000000	362.000000
0	12.881000	0.000000	250.000000	362.000000
0	12.913000	0.000000	250.000000	362.000000
0	12.944000	0.000000	250.000000	362.000000
0	12.975000	0.000000	250.000000	362.000000
0	13.006000	0.000000	250.000000	362.000000
0	13.037000	0.000000	250.000000	362.000000
0	13.069000	0.000000	250.000000	362.000000
0	13.100000	0.000000	250.000000	362.000000
0	13.147000	0.000000	250.000000	362.000000
0	13.178000	0.000000	250.000000	362.000000
0	13.209000	0.000000	250.000000	362.000000
0	13.240000	0.000000	250.000000	362.000000
0	13.271000	0.000000	250.000000	362.000000
0	13.303000	0.000000	250.000000	362.000000
0	13.334000	0.000000	250.000000	362.000000
0	13.381000	0.000000	250.000000	362.000000
0	13.412000	0.000000	250.000000	362.000000
0	13.443000	0.000000	250.000000	362.000000
0	13.474000	0.000000	250.000000	362.000000
0	13.505000	0.000000	250.000000	362.000000
0	13.537000	0.000000	250.000000	362.000000
0	13.568000	0.000000	250.000000	362.000000
0	13.599000	0.000000	250.000000	362.000000
0	13.646000	0.000000	250.000000	362.000000
0	13.677000	0.000000	250.000000	362.000000
0	13.708000	0.000000	250.000000	362.000000
0	13.739000	0.000000	250.000000	362.000000
0	13.771000	0.000000	250.000000	362.000000
0	13.802000	0.000000	250.000000	362.000000
0	13.833000	0.000000	250.000000	362.000000
0	13.880000	0.000000	250.000000	362.000000
0	13.911000	0.000000	250.000000	362.000000
0	13.942000	0.000000	250.000000	362.000000
0	13.973000	0.000000	250.000000	362.000000
0	14.005000	0.000000	250.000000	362.000000
0	14.036000	0.000000	250.000000	362.000000
0	14.067000	0.000000	250.000000	362.000000
0	14.114000	0.000000	250.000000	362.000000
0	14.145000	0.000000	250.000000	362.000000
0	14.176000	0.000000	250.000000	362.000000
0	14.207000	0.000000	250.000000	362.000000
0	14.239000	0.000000	250.000000	362.000000
0	14.270000	0.000000	250.000000	362.000000
0	14.301000	0.000000	250.000000	362.000000
0	14.332000	0.000000	250.000000	362.000000
0	14.379000	0.000000	250.000000	362.000000
0	14.410000	0.000000	250.000000	362.000000
0	14.441000	0.000000	250.000000	362.000000
0	14.473000	0.000000	250.000000	362.000000
0	14.504000	0.000000	250.000000	362.000000
0	14.535000	0.000000	250.000000	362.000000
0	14.566000	0.000000	250.000000	362.000000
0	14.613000	0.000000	250.000000	362.000000
0	14.644000	0.000000	250.000000	362.000000
0	14.675000	0.000000	250.000000	362.000000
0	14.707000	0.000000	250.000000	362.000000
0	14.738000	0.000000	250.000000	362.000000
0	14.769000	0.000000	250.000000	362.000000
0	14.800000	0.000000	250.000000	362.000000
0	14.847000	0.000000	250.000000	362.000000
0	14.878000	0.000000	250.000000	362.000000
0	14.909000	0.000000	250.000000	362.000000
0	14.941000	0.000000	250.000000	362.000000
0	14.972000	0.000000	250.000000	362.000000
0	15.003000	0.000000	250.000000	362.000000
0	15.034000	0.000000	250.000000	362.000000
0	15.065000	0.000000	250.000000	362.000000
0	15.112000	0.000000	250.000000	362.000000
0	15.143000	0.000000	250.000000	362.000000
0	15.175000	0.000000	250.000000	362.000000
0	15.206000	0.000000	250.000000	362.000000
0	15.237000	0.000000	250.000000	362.000000
0	15.268000	0.000000	250.000000	362.000000
0	15.299000	0.000000	250.000000	362.000000
0	15.346000	0.000000	250.000000	362.000000
0	15.377000	0.000000	250.000000	362.000000
0	15.409000	0.000000	250.000000	362.000000
0	15.440000	0.000000	250.000000	362.000000
0	15.471000	0.000000	250.000000	362.000000
0	15.502000	0.000000	250.000000	362.000000
0	15.533000	0.000000	250.000000	362.000000
0	15.580000	0.000000	250.000000	362.000000
0	15.611000	0.000000	250.000000	362.000000
0	15.643000	0.000000	250.000000	362.000000
0	15.674000	0.000000	250.000000	362.000000
0	15.705000	0.000000	250.000000	362.000000
0	15.736000	0.000000	250.000000	362.000000
0	15.767000	0.000000	250.000000	362.000000
0	15.799000	0.000000	250.000000	362.000000
0	15.845000	0.000000	250.000000	362.000000
0	15.877000	0.000000	250.000000	362.000000
0	15.908000	0.000000	250.000000	362.000000
0	15.939000	0.000000	250.000000	362.000000
0	15.970000	0.000000	250.000000	362.000000
0	16.001000	0.000000	250.000000	362.000000
0	16.033000	0.000000	250.000000	362.000000
0	16.079000	0.000000	250.000000	362.000000
0	16.111000	0.000000	250.000000	362.000000
0	16.142000	0.000000	250.000000	362.000000
0	16.173000	0.000000	250.000000	362.000000
0	16.204000	0.000000	250.000000	362.000000
0	16.235000	0.000000	250.000000	362.000000
0	16.267000	0.000000	250.000000	362.000000
0	16.313000	0.000000	250.000000	362.000000
0	16.345000	0.000000	250.000000	362.000000
0	16.376000	0.000000	250.000000	362.000000
0	16.407000	0.000000	250.000000	362.000000
0	16.438000	0.000000	250.000000	362.000000
0	16.469000	0.000000	250.000000	362.000000
0	16.501000	0.000000	250.000000	362.000000
0	16.532000	0.000000	250.000000	362.000000
0	16.579000	0.000000	250.000000	362.000000
0	16.610000	0.000000	250.000000	362.000000
0	16.641000	0.000000	250.000000	362.000000
0	16.672000	0.000000	250.000000	362.000000
0	16.703000	0.000000	250.000000	362.000000
0	16.735000	0.000000	250.000000	362.000000
0	16.766000	0.000000	250.000000	362.000000
0	16.813000	0.000000	250.000000	362.000000
0	16.844000	0.000000	250.000000	362.000000
0	16.875000	0.000000	250.000000	362.000000
0	16.906000	0.000000	250.000000	362.000000
0	16.937000	0.000000	250.000000	362.000000
0	16.969000	0.000000	250.000000	362.000000
0	17.000000	0.000000	250.000000	362.000000
0	17.047000	0.000000	250.000000	362.000000
0	17.078000	0.000000	250.000000	362.000000
0	17.109000	0.000000	250.000000	362.000000
0	17.140000	0.000000	250.000000	362.000000
0	17.171000	0.000000	250.000000	362.000000
0	17.203000	0.000000	250.000000	362.000000
0	17.234000	0.000000	250.000000	362.000000
0	17.265000	0.000000	250.000000	362.000000
0	17.312000	0.000000	250.000000	362.000000
0	17.343000	0.000000	250.000000	362.000000
0	17.374000	0.000000	250.000000	362.000000
0	17.405000	0.000000	250.000000	362.000000
0	17.437000	0.000000	250.000000	362.000000
0	17.468000	0.000000	250.000000	362.000000
0	17.499000	0.000000	250.000000	362.000000
0	17.530000	0.000000	250.000000	362.000000
0	17.577000	0.000000	250.000000	362.000000
0	17.608000	0.000000	250.000000	362.000000
0	17.639000	0.000000	250.000000	362.000000
0	17.671000	0.000000	250.000000	362.000000
0	17.702000	0.000000	250.000000	362.000000
0	17.733000	0.000000	250.000000	362.000000
0	17.764000	0.000000	250.000000	362.000000
0	17.811000	0.000000	250.000000	362.000000
0	17.842000	0.000000	250.000000	362.000000
0	17.873000	0.000000	250.000000	362.000000
0	17.905000	0.000000	250.000000	362.000000
0	17.936000	0.000000	250.000000	362.000000
0	17.967000	0.000000	250.000000	362.000000
0	17.998000	0.000000	250.000000	362.000000
0	18.045000	0.000000	250.000000	362.000000
0	18.076000	0.000000	250.000000	362.000000
0	18.107000	0.000000	250.000000	362.000000
0	18.139000	0.000000	250.000000	362.000000
0	18.170000	0.000000	250.000000	362.000000
0	18.201000	0.000000	250.000000	362.000000
0	18.232000	0.000000	250.000000	362.000000
0	18.263000	0.000000	250.000000	362.000000
0	18.310000	0.000000	250.000000	362.000000
0	18.341000	0.000000	250.000000	362.000000
0	18.373000	0.000000	250.000000	362.000000
0	18.404000	0.000000	250.000000	362.000000
0	18.435000	0.000000	250.000000	362.000000
0	18.466000	0.000000	250.000000	362.000000
0	18.497000	0.000000	250.000000	362.000000
0	18.544000	0.000000	250.000000	362.000000
0	18.575000	0.000000	250.000000	362.000000
0	18.607000	0.000000	250.000000	362.000000
0	18.638000	0.000000	250.000000	362.000000
0	18.669000	0.000000	250.000000	362.000000
0	18.700000	0.000000	250.000000	362.000000
0	18.731000	0.000000	250.000000	362.000000
0	18.778000	0.000000	250.000000	362.000000
0	18.809000	0.000000	250.000000	362.000000
0	18.841000	0.000000	250.000000	362.000000
0	18.872000	0.000000	250.000000	362.000000
0	18.903000	0.000000	250.000000	362.000000
0	18.934000	0.000000	250.000000	362.000000
0	18.965000	0.000000	250.000000	362.000000
0	18.997000	0.000000	250.000000	362.000000
0	19.043000	0.000000	250.000000	362.000000
0	19.075000	0.000000	250.000000	362.000000
0	19.106000	0.000000	250.000000	362.000000
0	19.137000	0.000000	250.000000	362.000000
0	19.168000	0.000000	250.000000	362.000000
0	19.199000	0.000000	250.000000	362.000000
0	19.231000	0.000000	250.000000	362.000000
0	19.277000	0.000000	250.000000	362.000000
0	19.309000	0.000000	250.000000	362.000000
0	19.340000	0.000000	250.000000	362.000000
0	19.371000	0.000000	250.000000	362.000000
0	19.402000	0.000000	250.000000	362.000000
0	19.433000	0.000000	250.000000	362.000000
0	19.465000	0.000000	250.000000	362.000000
0	19.511000	0.000000	250.000000	362.000000
0	19.543000	0.000000	250.000000	362.000000
0	19.574000	0.000000	250.000000	362.000000
0	19.605000	0.000000	250.000000	362.000000
0	19.636000	0.000000	250.000000	362.000000
0	19.667000	0.000000	250.000000	362.000000
0	19.699000	0.000000	250.000000	362.000000
0	19.730000	0.000000	250.000000	362.000000
0	19.777000	0.000000	250.000000	362.000000
0	19.808000	0.000000	250.000000	362.000000
0	19.839000	0.000000	250.000000	362.000000
0	19.870000	0.000000	250.000000	362.000000
0	19.901000	0.000000	250.000000	362.000000
0	19.933000	0.000000	250.000000	362.000000
0	19.964000	0.000000	250.000000	362.000000
0	20.011000	0.000000	250.000000	362.000000
0	20.042000	0.000000	250.000000	362.000000
0	20.073000	0.000000	250.000000	362.000000
0	20.104000	0.000000	250.000000	362.000000
0	20.135000	0.000000	250.000000	362.000000
0	20.167000	0.000000	250.000000	362.000000
0	20.198000	0.000000	250.000000	362.000000
0	20.245000	0.000000	250.000000	362.000000
0	20.276000	0.000000	250.000000	362.000000
0	20.307000	0.000000	250.000000	362.000000
0	20.338000	0.000000	250.000000	362.000000
0	20.369000	0.000000	250.000000	362.000000
0	20.401000	0.000000	250.000000	362.000000
0	20.432000	0.000000	250.000000	362.000000
0	20.463000	0.000000	250.000000	362.000000
0	20.510000	0.000000	250.000000	362.000000
0	20.541000	0.000000	250.000000	362.000000
0	20.572000	0.000000	250.000000	362.000000
0	20.603000	0.000000	250.000000	362.000000
0	20.635000	0.000000	250.000000	362.000000
0	20.666000	0.000000	250.000000	362.000000
0	20.697000	0.000000	250.000000	362.000000
0	20.744000	0.000000	250.000000	362.000000
0	20.775000	0.000000	250.000000	362.000000
0	20.806000	0.000000	250.000000	362.000000
0	20.837000	0.000000	250.000000	362.000000
0	20.869000	0.000000	250.000000	362.000000
0	20.900000	0.000000	250.000000	362.000000
0	20.931000	0.000000	250.000000	362.000000
0	20.978000	0.000000	250.000000	362.000000
0	21.009000	0.000000	250.000000	362.000000
0	21.040000	0.000000	250.000000	362.000000
0	21.071000	0.000000	250.000000	362.000000
0	21.103000	0.000000	250.000000	362.000000
0	21.134000	0.000000	250.000000	362.000000
0	21.165000	0.000000	250.000000	362.000000
0	21.196000	0.000000	250.000000	362.000000
0	21.243000	0.000000	250.000000	362.000000
0	21.274000	0.000000	250.000000	362.000000
0	21.305000	0.000000	250.000000	362.000000
0	21.337000	0.000000	250.000000	362.000000
0	21.368000	0.000000	250.000000	362.000000
0	21.399000	0.000000	250.000000	362.000000
0	21.430000	0.000000	250.000000	362.000000
0	21.461000	0.000000	250.000000	362.000000
0	21.508000	0.000000	250.000000	362.000000
0	21.539000	0.000000	250.000000	362.000000
0	21.571000	0.000000	250.000000	362.000000
0	21.602000	0.000000	250.000000	362.000000
0	21.633000	0.000000	250.000000	362.000000
0	21.664000	0.000000	250.000000	362.000000
0	21.695000	0.000000	250.000000	362.000000
0	21.742000	0.000000	250.000000	362.000000
0	21.773000	0.000000	250.000000	362.000000
0	21.805000	0.000000	250.000000	362.000000
0	21.836000	0.000000	250.000000	362.000000
0	21.867000	0.000000	250.000000	362.000000
0	21.898000	0.000000	250.000000	362.000000
0	21.929000	0.000000	250.000000	362.000000
0	21.976000	0.000000	250.000000	362.000000
0	22.007000	0.000000	250.000000	362.000000
0	22.039000	0.000000	250.000000	362.000000
0	22.070000	0.000000	250.000000	362.000000
0	22.101000	0.000000	250.000000	362.000000
0	22.132000	0.000000	250.000000	362.000000
0	22.163000	0.000000	250.000000	362.000000
0	22.195000	0.000000	250.000000	362.000000
0	22.241000	0.000000	250.000000	362.000000
0	22.273000	0.000000	250.000000	362.000000
0	22.304000	0.000000	250.000000	362.000000
0	22.335000	0.000000	250.000000	362.000000
0	22.366000	0.000000	250.000000	362.000000
0	22.397000	0.000000	250.000000	362.000000
0	22.429000	0.000000	250.000000	362.000000
0	22.475000	0.000000	250.000000	362.000000
0	22.507000	0.000000	250.000000	362.000000
0	22.538000	0.000000	250.000000	362.000000
0	22.569000	0.000000	250.000000	362.000000
0	22.600000	0.000000	250.000000	362.000000
0	22.631000	0.000000	250.000000	362.000000
0	22.663000	0.000000	250.000000	362.000000
0	22.709000	0.000000	250.000000	362.000000
0	22.741000	0.000000	250.000000	362.000000
0	22.772000	0.000000	250.000000	362.000000
0	22.803000	0.000000	250.000000	362.000000
0	22.834000	0.000000	250.000000	362.000000
0	22.865000	0.000000	250.000000	362.000000
0	22.897000	0.000000	250.000000	362.000000
0	22.928000	0.000000	250.000000	362.000000
0	22.975000	0.000000	250.000000	362.000000
0	23.006000	0.000000	250.000000	362.000000
0	23.037000	0.000000	250.000000	362.000000
0	23.068000	0.000000	250.000000	362.000000
0	23.099000	0.000000	250.000000	362.000000
0	23.131000	0.000000	250.000000	362.000000
0	23.162000	0.000000	250.000000	362.000000
0	23.209000	0.000000	250.000000	362.000000
0	23.240000	0.000000	250.000000	362.000000
0	23.271000	0.000000	250.000000	362.000000
0	23.302000	0.000000	250.000000	362.000000
0	23.333000	0.000000	250.000000	362.000000
0	23.365000	0.000000	250.000000	362.000000
0	23.396000	0.000000	250.000000	362.000000
0	23.443000	0.000000	250.000000	362.000000
0	23.474000	0.000000	250.000000	362.000000
0	23.505000	0.000000	250.000000	362.000000
0	23.536000	0.000000	250.000000	362.000000
0	23.567000	0.000000	250.000000	362.000000
0	23.599000	0.000000	250.000000	362.000000
0	23.630000	0.000000	250.000000	362.000000
0	23.661000	0.000000	250.000000	362.000000
0	23.708000	0.000000	250.000000	362.000000
0	23.739000	0.000000	250.000000	362.000000
0	23.770000	0.000000	250.000000	362.000000
0	23.801000	0.000000	250.000000	362.000000
0	23.833000	0.000000	250.000000	362.000000
0	23.864000	0.000000	250.000000	362.000000
0	23.895000	0.000000	250.000000	362.000000
0	23.942000	0.000000	250.000000	362.000000
0	23.973000	0.000000	250.000000	362.000000
0	24.004000	0.000000	250.000000	362.000000
0	24.035000	0.000000	250.000000	362.000000
0	24.067000	0.000000	250.000000	362.000000
0	24.098000	0.000000	250.000000	362.000000
0	24.129000	0.000000	250.000000	362.000000
0	24.176000	0.000000	250.000000	362.000000
0	24.207000	0.000000	250.000000	362.000000
0	24.238000	0.000000	250.000000	362.000000
0	24.269000	0.000000	250.000000	362.000000
0	24.301000	0.000000	250.000000	362.000000
0	24.332000	0.000000	250.000000	362.000000
0	24.363000	0.000000	250.000000	362.000000
0	24.394000	0.000000	250.000000	362.000000
0	24.441000	0.000000	250.000000	362.000000
0	24.472000	0.000000	250.000000	362.000000
0	24.503000	0.000000	250.000000	362.000000
0	24.535000	0.000000	250.000000	362.000000
0	24.566000	0.000000	250.000000	362.000000
0	24.597000	0.000000	250.000000	362.000000
0	24.628000	0.000000	250.000000	362.000000
0	24.675000	0.000000	250.000000	362.000000
0	24.706000	0.000000	250.000000	362.000000
0	24.737000	0.000000	250.000000	362.000000
0	24.769000	0.000000	250.000000	362.000000
0	24.800000	0.000000	250.000000	362.000000
0	24.831000	0.000000	250.000000	362.000000
0	24.862000	0.000000	250.000000	362.000000
0	24.909000	0.000000	250.000000	362.000000
0	24.940000	0.000000	250.000000	362.000000
0	24.971000	0.000000	250.000000	362.000000
0	25.003000	0.000000	250.000000	362.000000
0	25.034000	0.000000	250.000000	362.000000
0	25.065000	0.000000	250.000000	362.000000
0	25.096000	0.000000	250.000000	362.000000
0	25.127000	0.000000	250.000000	362.000000
0	25.174000	0.000000	250.000000	362.000000
0	25.205000	0.000000	250.000000	362.000000
0	25.237000	0.000000	250.000000	362.000000
0	25.268000	0.000000	250.000000	362.000000
0	25.299000	0.000000	250.000000	362.000000
0	25.330000	0.000000	250.000000	362.000000
0	25.361000	0.000000	250.000000	362.000000
0	25.393000	0.000000	250.000000	362.000000
0	25.439000	0.000000	250.000000	362.000000
0	25.471000	0.000000	250.000000	362.000000
0	25.502000	0.000000	250.000000	362.000000
0	25.533000	0.000000	250.000000	362.000000
0	25.564000	0.000000	250.000000	362.000000
0	25.595000	0.000000	250.000000	362.000000
0	25.627000	0.000000	250.000000	362.000000
0	25.673000	0.000000	250.000000	362.000000
0	25.705000	0.000000	250.000000	362.000000
0	25.736000	0.000000	250.000000	362.000000
0	25.767000	0.000000	250.000000	362.000000
0	25.798000	0.000000	250.000000	362.000000
0	25.829000	0.000000	250.000000	362.000000
0	25.861000	0.000000	250.000000	362.000000
0	25.907000	0.000000	250.000000	362.000000
0	25.939000	0.000000	250.000000	362.000000
0	25.970000	0.000000	250.000000	362.000000
0	26.001000	0.000000	250.000000	362.000000
0	26.032000	0.000000	250.000000	362.000000
0	26.063000	0.000000	250.000000	362.000000
0	26.095000	0.000000	250.000000	362.000000
0	26.126000	0.000000	250.000000	362.000000
0	26.173000	0.000000	250.000000	362.000000
0	26.204000	0.000000	250.000000	362.000000
0	26.235000	0.000000	250.000000	362.000000
0	26.266000	0.000000	250.000000	362.000000
0	26.297000	0.000000	250.000000	362.000000
0	26.329000	0.000000	250.000000	362.000000
0	26.360000	0.000000	250.000000	362.000000
0	26.407000	0.000000	250.000000	362.000000
0	26.438000	0.000000	250.000000	362.000000
0	26.469000	0.000000	250.000000	362.000000
0	26.500000	0.000000	250.000000	362.000000
0	26.531000	0.000000	250.000000	362.000000
0	26.563000	0.000000	250.000000	362.000000
0	26.594000	0.000000	250.000000	362.000000
0	26.641000	0.000000	250.000000	362.000000
0	26.672000	0.000000	250.000000	362.000000
0	26.703000	0.000000	250.000000	362.000000
0	26.734000	0.000000	250.000000	362.000000
0	26.765000	0.000000	250.000000	362.000000
0	26.797000	0.000000	250.000000	362.000000
0	26.828000	0.000000	250.000000	362.000000
0	26.859000	0.000000	250.000000	362.000000
0	26.906000	0.000000	250.000000	362.000000
0	26.937000	0.000000	250.000000	362.000000
0	26.968000	0.000000	250.000000	362.000000
0	26.999000	0.000000	250.000000	362.000000
0	27.031000	0.000000	250.000000	362.000000
0	27.062000	0.000000	250.000000	362.000000
0	27.093000	0.000000	250.000000	362.000000
0	27.140000	0.000000	250.000000	362.000000
0	27.171000	0.000000	250.000000	362.000000
0	27.202000	0.000000	250.000000	362.000000
0	27.233000	0.000000	250.000000	362.000000
0	27.265000	0.000000	250.000000	362.000000
0	27.296000	0.000000	250.000000	362.000000
0	27.327000	0.000000	250.000000	362.000000
0	27.374000	0.000000	250.000000	362.000000
0	27.405000	0.000000	250.000000	362.000000
0	27.436000	0.000000	250.000000	362.000000
0	27.467000	0.000000	250.000000	362.000000
0	27.499000	0.000000	250.000000	362.000000
0	27.530000	0.000000	250.000000	362.000000
0	27.561000	0.000000	250.000000	362.000000
0	27.592000	0.000000	250.000000	362.000000
0	27.639000	0.000000	250.000000	362.000000
0	27.670000	0.000000	250.000000	362.000000
0	27.701000	0.000000	250.000000	362.000000
0	27.733000	0.000000	250.000000	362.000000
0	27.764000	0.000000	250.000000	362.000000
0	27.795000	0.000000	250.000000	362.000000
0	27.826000	0.000000	250.000000	362.000000
0	27.873000	0.000000	250.000000	362.000000
0	27.904000	0.000000	250.000000	362.000000
0	27.935000	0.000000	250.000000	362.000000
0	27.967000	0.000000	250.000000	362.000000
0	27.998000	0.000000	250.000000	362.000000
0	28.029000	0.000000	250.000000	362.000000
0	28.060000	0.000000	250.000000	362.000000
0	28.107000	0.000000	250.000000	362.000000
0	28.138000	0.000000	250.000000	362.000000
0	28.169000	0.000000	250.000000	362.000000
0	28.201000	0.000000	250.000000	362.000000
0	28.232000	0.000000	250.000000	362.000000
0	28.263000	0.000000	250.000000	362.000000
0	28.294000	0.000000	250.000000	362.000000
0	28.325000	0.000000	250.000000	362.000000
0	28.372000	0.000000	250.000000	362.000000
0	28.403000	0.000000	250.000000	362.000000
0	28.435000	0.000000	250.000000	362.000000
0	28.466000	0.000000	250.000000	362.000000
0	28.497000	0.000000	250.000000	362.000000
0	28.528000	0.000000	250.000000	362.000000
0	28.559000	0.000000	250.000000	362.000000
0	28.606000	0.000000	250.000000	362.000000
0	28.637000	0.000000	250.000000	362.000000
0	28.669000	0.000000	250.000000	362.000000
0	28.700000	0.000000	250.000000	362.000000
0	28.731000	0.000000	250.000000	362.000000
0	28.762000	0.000000	250.000000	362.000000
0	28.793000	0.000000	250.000000	362.000000
0	28.840000	0.000000	250.000000	362.000000
0	28.871000	0.000000	250.000000	362.000000
0	28.903000	0.000000	250.000000	362.000000
0	28.934000	0.000000	250.000000	362.000000
0	28.965000	0.000000	250.000000	362.000000
0	28.996000	0.000000	250.000000	362.000000
0	29.027000	0.000000	250.000000	362.000000
0	29.059000	0.000000	250.000000	362.000000
0	29.105000	0.000000	250.000000	362.000000
0	29.137000	0.000000	250.000000	362.000000
0	29.168000	0.000000	250.000000	362.000000
0	29.199000	0.000000	250.000000	362.000000
0	29.230000	0.000000	250.000000	362.000000
0	29.261000	0.000000	250.000000	362.000000
0	29.293000	0.000000	250.000000	362.000000
0	29.339000	0.000000	250.000000	362.000000
0	29.371000	0.000000	250.000000	362.000000
0	29.402000	0.000000	250.000000	362.000000
0	29.433000	0.000000	250.000000	362.000000
0	29.464000	0.000000	250.000000	362.000000
0	29.495000	0.000000	250.000000	362.000000
0	29.527000	0.000000	250.000000	362.000000
0	29.558000	0.000000	250.000000	362.000000
0	29.605000	0.000000	250.000000	362.000000
0	29.636000	0.000000	250.000000	362.000000
0	29.667000	0.000000	250.000000	362.000000
0	29.698000	0.000000	250.000000	362.000000
0	29.729000	0.000000	250.000000	362.000000
0	29.761000	0.000000	250.000000	362.000000
0	29.792000	0.000000	250.000000	362.000000
0	29.839000	0.000000	250.000000	362.000000
0	29.870000	0.000000	250.000000	362.000000
0	29.901000	0.000000	250.000000	362.000000
0	29.932000	0.000000	250.000000	362.000000
0	29.963000	0.000000	250.000000	362.000000
0	29.995000	0.000000	250.000000	362.000000
<\LEFT-PUPIL-DATA>
<RIGHT-PUPIL-ANALYSIS>
1
0	0	17	901	0	0	0.508000	29.519001	0.510000	4.006067	0.000000	0.000000	0.000000	0	3	3	3	3	0	0	0	0.000000	0.000000	0.000000	0.000000	0.000000	0.000000	0.000000	-1.000000	0.000000	1	1.065449	0.779507	0.891754	0.477269	0.221000	-0.390098	-0.878626	-1.000000	0.092072	1	1.065449	0.779507	0.891754	0.477269	0.221000	-0.409972	-0.878624	-1.000000	0.085344
<\RIGHT-PUPIL-ANALYSIS>
<LEFT-PUPIL-ANALYSIS>
1
0	0	17	902	0	0	0.508000	29.519001	0.510000	4.006067	0.000000	0.000000	0.000000	0	3	3	3	3	0	0	0	0.000000	0.000000	0.000000	0.000000	0.000000	0.000000	0.000000	-1.000000	0.000000	0	-0.034783	-0.034783	0.000950	0.000950	0.002000	0.000000	0.000000	-1.000000	0.000000	1	-0.034783	-0.034783	0.000950	0.000950	0.002000	-1000000.000000	-1000000.000000	-1.000000	0.000000
<\LEFT-PUPIL-ANALYSIS>
%%%%%%%%%
%%%%%%%%%
%%%%%%%%%
%%%	Measurement Tiime is: 2017-12-05 10:43:45
%%%	Subject ID is: c57bl6-4.11.17-1mois-DAOG-M2-0.6b
%%%	Note: 
%%%	RSS: Default Human Relative Spectral Sensitivity
%%%	Pupil Analysis:
%%%
%%%
%%%
%%%	Pulse Index:	0
%%%	Stimulus Session Index:	0
%%%	Right Pupil Stimulated
%%%	Light Metric is Photopic
%%%	Stimulus Start Time(sec):	0.51
%%%	Stimulus Duration(sec):	29.52
%%%	Stimulus Pulse Duration(sec):	0.51
%%%	Right Pulse:	4.01	(Blue )	-	0.00	(Blue )	[Lux ]
%%%	Left Pulse:	0.00	(Blue )	-	0.00	(Blue )	[Lux ]
%%%
%%%		RIGHT	LEFT	R.Pupil Mean	L.Pupil Mean	R.Stim Mean	R.Stim Mean
%%%	INPUT:	RAW DATA	RAW DATA
%%%	STATE:	ABNORMAL	ABNORMAL	ABNORMAL	ABNORMAL	ABNORMAL	ABNORMAL
%%%	MAX(mm):	0.00	0.00	0.00	0.00	0.00	0.00
%%%	MIN(mm):	0.00	0.00	0.00	0.00	0.00	0.00
%%%	DELTA(mm):						
%%%	CH(%):						
%%%	LAT(sec):	0.00	0.00	0.00	0.00	0.00	0.00
%%%	CV(mm/s):	0.00	0.00	0.00	0.00	0.00	0.00
%%%	MCV(mm/s):	0.00	0.00	0.00	0.00	0.00	0.00
%%%	DV(mm/s):	0.00	0.00	0.00	0.00	0.00	0.00
%%%%%%%%%
%%%%%%%%%
%%%%%%%%%
%%%	Right Pupil Profile (1st row -> 1 == valid tracking, 0 == invalid tracking; 2nd row -> time; 3rd row -> diameter (mm))
%%%	1	1	1	1	1	1	1	1	1	1	1	1	1	1	1	1	1	1	1	1	1	1	1	1	1	1	1	1	1	1	1	1	1	1	1	1	1	1	0	1	1	1	1	1	1	1	1	1	1	1	1	1	1	1	1	1	1	1	1	1	1	1	1	1	1	1	1	1	1	1	1	1	1	1	1	1	1	1	1	1	1	1	1	1	1	1	1	1	1	1	1	1	1	1	1	1	1	1	1	1	1	1	1	1	1	1	1	1	1	1	1	1	1	1	1	1	1	1	1	1	1	1	1	1	1	1	1	1	1	1	1	1	1	1	1	1	1	1	1	1	1	1	1	1	1	1	1	1	1	1	1	1	1	1	1	1	1	1	1	1	1	1	1	1	1	1	1	1	1	1	1	1	1	1	1	1	1	1	1	1	1	1	1	1	1	1	1	1	1	1	1	1	1	1	1	1	1	1	1	1	1	1	1	1	1	1	1	1	1	1	1	1	1	1	1	1	1	1	1	1	1	1	1	1	1	1	1	1	0	1	1	1	0	1	1	0	0	1	1	1	1	1	1	1	0	1	1	1	1	1	1	1	1	1	1	1	1	1	1	1	1	1	1	1	0	1	0	1	1	1	1	1	1	1	1	1	1	1	1	1	1	1	1	1	1	1	1	1	0	1	1	1	1	1	1	1	0	1	1	1	1	0	1	1	1	1	1	1	1	1	1	1	1	1	1	1	1	1	1	1	1	1	1	1	1	1	1	1	1	1	1	1	1	1	1	0	1	1	1	0	1	1	1	0	0	1	1	1	1	1	0	1	1	1	0	1	1	1	1	1	1	1	1	1	1	1	1	1	1	1	1	1	1	1	1	1	1	1	1	1	1	1	1	1	1	1	1	1	1	1	1	1	1	0	1	1	1	1	0	0	1	1	1	1	1	1	1	1	1	1	1	1	1	1	1	1	1	1	1	1	1	0	1	1	1	1	1	1	1	0	1	1	1	1	1	1	1	1	0	1	1	1	1	1	1	1	1	1	1	1	1	1	1	1	1	1	1	1	1	1	1	1	1	1	1	1	0	1	1	1	1	1	1	1	0	1	1	1	1	0	1	0	1	1	1	0	1	1	1	1	1	1	1	1	1	1	1	1	1	1	1	1	1	0	1	1	1	1	1	1	1	1	1	1	1	1	1	1	1	1	1	1	0	0	1	1	1	1	1	1	1	1	0	1	1	1	1	1	1	1	1	1	1	1	1	1	1	1	1	1	1	1	1	1	1	1	1	1	1	1	1	0	1	1	1	1	1	1	1	1	1	1	1	1	1	1	1	1	1	1	1	1	1	1	1	1	1	1	1	1	0	1	1	1	1	0	1	1	1	1	1	1	1	1	1	1	1	1	1	1	1	1	1	1	0	1	1	1	1	1	1	1	1	1	1	1	1	1	1	1	1	1	1	1	1	1	0	1	1	1	1	1	1	1	1	1	1	1	1	0	1	1	1	1	1	0	1	1	1	1	1	1	1	1	1	1	0	1	1	1	1	1	1	1	1	1	1	1	0	1	1	1	1	1	1	1	1	1	1	1	1	1	1	1	1	1	0	1	1	1	1	1	1	0	1	1	1	1	1	1	1	1	1	1	1	1	1	1	1	1	1	1	1	1	0	1	1	1	1	1	1	0	1	1	1	0	1	1	1	1	1	1	1	1	1	1	1	1	1	1	1	1	1	1	1	1	1	1	1	1	1	1	1	1	1	1	1	1	1	1	1	1	1	1	1	1	1	1	1	1	0	0	1	1	1	1	1	1	1	1	1	1	1	1	0	1	1	1	1	1	1	1	1	1	1	1	1	1	1	1	1	1	1	1	1	1	1	1	1	1	1	1	1	1	1	1	1	1	1	1	1	1	1	1	1	0	1	1	1	1	1	1	1	1	1	1	1	1	1	1	1	1	0	1	1	1	0	1	1	0	1	1	1	1	0	1	1	1	1	0	1	1	1	1	1	1	1	1	1	1	1	1	1	1	1	1	1	1	1	1	1	0	1	1	1	1	1	1	1	1	1	1
%%%	-0.066000	-0.035000	-0.004000	0.043000	0.074000	0.105000	0.137000	0.168000	0.199000	0.230000	0.277000	0.308000	0.339000	0.371000	0.402000	0.433000	0.464000	0.511000	0.542000	0.573000	0.605000	0.636000	0.667000	0.698000	0.729000	0.776000	0.807000	0.839000	0.870000	0.901000	0.932000	0.963000	1.010000	1.041000	1.073000	1.104000	1.135000	1.166000	1.197000	1.244000	1.275000	1.307000	1.338000	1.369000	1.400000	1.431000	1.463000	1.509000	1.541000	1.572000	1.603000	1.634000	1.665000	1.697000	1.743000	1.775000	1.806000	1.837000	1.868000	1.899000	1.931000	1.977000	2.009000	2.040000	2.071000	2.102000	2.133000	2.165000	2.196000	2.243000	2.274000	2.305000	2.336000	2.367000	2.399000	2.430000	2.477000	2.508000	2.539000	2.570000	2.601000	2.633000	2.664000	2.711000	2.742000	2.773000	2.804000	2.835000	2.867000	2.898000	2.929000	2.976000	3.007000	3.038000	3.069000	3.101000	3.132000	3.163000	3.194000	3.241000	3.272000	3.303000	3.335000	3.366000	3.397000	3.428000	3.475000	3.506000	3.537000	3.569000	3.600000	3.631000	3.662000	3.709000	3.740000	3.771000	3.803000	3.834000	3.865000	3.896000	3.927000	3.974000	4.005000	4.037000	4.068000	4.099000	4.130000	4.161000	4.208000	4.239000	4.271000	4.302000	4.333000	4.364000	4.395000	4.442000	4.473000	4.505000	4.536000	4.567000	4.598000	4.629000	4.661000	4.707000	4.739000	4.770000	4.801000	4.832000	4.863000	4.895000	4.941000	4.973000	5.004000	5.035000	5.066000	5.097000	5.129000	5.175000	5.207000	5.238000	5.269000	5.300000	5.331000	5.363000	5.394000	5.441000	5.472000	5.503000	5.534000	5.565000	5.597000	5.628000	5.675000	5.706000	5.737000	5.768000	5.799000	5.831000	5.862000	5.909000	5.940000	5.971000	6.002000	6.033000	6.065000	6.096000	6.127000	6.174000	6.205000	6.236000	6.267000	6.299000	6.330000	6.361000	6.408000	6.439000	6.470000	6.502000	6.533000	6.564000	6.595000	6.642000	6.673000	6.704000	6.736000	6.767000	6.798000	6.829000	6.860000	6.907000	6.938000	6.970000	7.001000	7.032000	7.063000	7.094000	7.141000	7.172000	7.204000	7.235000	7.266000	7.297000	7.328000	7.360000	7.406000	7.438000	7.469000	7.500000	7.531000	7.562000	7.594000	7.640000	7.672000	7.703000	7.734000	7.765000	7.796000	7.828000	7.859000	7.906000	7.937000	7.968000	7.999000	8.030000	8.062000	8.093000	8.140000	8.171000	8.202000	8.233000	8.264000	8.296000	8.327000	8.374000	8.405000	8.436000	8.467000	8.498000	8.530000	8.561000	8.592000	8.639000	8.670000	8.701000	8.732000	8.764000	8.795000	8.826000	8.873000	8.904000	8.935000	8.966000	8.998000	9.029000	9.060000	9.107000	9.138000	9.169000	9.200000	9.232000	9.263000	9.294000	9.325000	9.372000	9.403000	9.434000	9.466000	9.497000	9.528000	9.559000	9.606000	9.637000	9.668000	9.700000	9.731000	9.762000	9.793000	9.840000	9.871000	9.902000	9.934000	9.965000	9.996000	10.027000	10.058000	10.105000	10.136000	10.168000	10.199000	10.230000	10.261000	10.292000	10.339000	10.370000	10.402000	10.433000	10.464000	10.495000	10.526000	10.573000	10.604000	10.636000	10.667000	10.698000	10.729000	10.760000	10.792000	10.838000	10.870000	10.901000	10.932000	10.963000	10.994000	11.026000	11.072000	11.104000	11.135000	11.166000	11.197000	11.228000	11.260000	11.291000	11.338000	11.369000	11.400000	11.431000	11.462000	11.494000	11.525000	11.572000	11.603000	11.634000	11.665000	11.696000	11.728000	11.759000	11.806000	11.837000	11.868000	11.899000	11.930000	11.962000	11.993000	12.024000	12.071000	12.102000	12.133000	12.164000	12.196000	12.227000	12.258000	12.305000	12.336000	12.367000	12.398000	12.430000	12.461000	12.492000	12.539000	12.570000	12.601000	12.632000	12.664000	12.695000	12.726000	12.757000	12.804000	12.835000	12.866000	12.898000	12.929000	12.960000	12.991000	13.038000	13.069000	13.100000	13.132000	13.163000	13.194000	13.225000	13.272000	13.303000	13.334000	13.366000	13.397000	13.428000	13.459000	13.490000	13.537000	13.568000	13.600000	13.631000	13.662000	13.693000	13.724000	13.771000	13.802000	13.834000	13.865000	13.896000	13.927000	13.958000	13.990000	14.036000	14.068000	14.099000	14.130000	14.161000	14.192000	14.224000	14.270000	14.302000	14.333000	14.364000	14.395000	14.426000	14.458000	14.504000	14.536000	14.567000	14.598000	14.629000	14.660000	14.692000	14.723000	14.770000	14.801000	14.832000	14.863000	14.894000	14.926000	14.957000	15.004000	15.035000	15.066000	15.097000	15.128000	15.160000	15.191000	15.222000	15.269000	15.300000	15.331000	15.362000	15.394000	15.425000	15.456000	15.503000	15.534000	15.565000	15.596000	15.628000	15.659000	15.690000	15.737000	15.768000	15.799000	15.830000	15.862000	15.893000	15.924000	15.955000	16.002000	16.033000	16.064000	16.096000	16.127000	16.158000	16.189000	16.236000	16.267000	16.298000	16.330000	16.361000	16.392000	16.423000	16.470000	16.501000	16.532000	16.564000	16.595000	16.626000	16.657000	16.688000	16.735000	16.766000	16.798000	16.829000	16.860000	16.891000	16.922000	16.969000	17.000000	17.032000	17.063000	17.094000	17.125000	17.156000	17.203000	17.234000	17.266000	17.297000	17.328000	17.359000	17.390000	17.422000	17.468000	17.500000	17.531000	17.562000	17.593000	17.624000	17.656000	17.702000	17.734000	17.765000	17.796000	17.827000	17.858000	17.890000	17.936000	17.968000	17.999000	18.030000	18.061000	18.092000	18.124000	18.155000	18.202000	18.233000	18.264000	18.295000	18.326000	18.358000	18.389000	18.436000	18.467000	18.498000	18.529000	18.560000	18.592000	18.623000	18.670000	18.701000	18.732000	18.763000	18.794000	18.826000	18.857000	18.888000	18.935000	18.966000	18.997000	19.028000	19.060000	19.091000	19.122000	19.153000	19.200000	19.231000	19.262000	19.294000	19.325000	19.356000	19.387000	19.434000	19.465000	19.496000	19.528000	19.559000	19.590000	19.621000	19.668000	19.699000	19.730000	19.762000	19.793000	19.824000	19.855000	19.886000	19.933000	19.964000	19.996000	20.027000	20.058000	20.089000	20.120000	20.167000	20.198000	20.230000	20.261000	20.292000	20.323000	20.354000	20.401000	20.432000	20.464000	20.495000	20.526000	20.557000	20.588000	20.620000	20.666000	20.698000	20.729000	20.760000	20.791000	20.822000	20.854000	20.900000	20.932000	20.963000	20.994000	21.025000	21.056000	21.088000	21.134000	21.166000	21.197000	21.228000	21.259000	21.290000	21.322000	21.353000	21.400000	21.431000	21.462000	21.493000	21.524000	21.556000	21.587000	21.634000	21.665000	21.696000	21.727000	21.758000	21.790000	21.821000	21.868000	21.899000	21.930000	21.961000	21.992000	22.024000	22.055000	22.086000	22.133000	22.164000	22.195000	22.226000	22.258000	22.289000	22.320000	22.367000	22.398000	22.429000	22.460000	22.492000	22.523000	22.554000	22.601000	22.632000	22.663000	22.694000	22.726000	22.757000	22.788000	22.819000	22.866000	22.897000	22.928000	22.960000	22.991000	23.022000	23.053000	23.100000	23.131000	23.162000	23.194000	23.225000	23.256000	23.287000	23.318000	23.365000	23.396000	23.428000	23.459000	23.490000	23.521000	23.552000	23.599000	23.630000	23.662000	23.693000	23.724000	23.755000	23.786000	23.818000	23.864000	23.896000	23.927000	23.958000	23.989000	24.020000	24.052000	24.098000	24.130000	24.161000	24.192000	24.223000	24.254000	24.286000	24.332000	24.364000	24.395000	24.426000	24.457000	24.488000	24.520000	24.551000	24.598000	24.629000	24.660000	24.691000	24.722000	24.754000	24.785000	24.832000	24.863000	24.894000	24.925000	24.956000	24.988000	25.019000	25.066000	25.097000	25.128000	25.159000	25.190000	25.222000	25.253000	25.284000	25.331000	25.362000	25.393000	25.424000	25.456000	25.487000	25.518000	25.565000	25.596000	25.627000	25.658000	25.690000	25.721000	25.752000	25.799000	25.830000	25.861000	25.892000	25.924000	25.955000	25.986000	26.017000	26.064000	26.095000	26.126000	26.158000	26.189000	26.220000	26.251000	26.298000	26.329000	26.360000	26.392000	26.423000	26.454000	26.485000	26.532000	26.563000	26.594000	26.626000	26.657000	26.688000	26.719000	26.750000	26.797000	26.828000	26.860000	26.891000	26.922000	26.953000	26.984000	27.031000	27.062000	27.094000	27.125000	27.156000	27.187000	27.218000	27.250000	27.296000	27.328000	27.359000	27.390000	27.421000	27.452000	27.484000	27.530000	27.562000	27.593000	27.624000	27.655000	27.686000	27.718000	27.764000	27.796000	27.827000	27.858000	27.889000	27.920000	27.952000	27.983000	28.030000	28.061000	28.092000	28.123000	28.154000	28.186000	28.217000	28.264000	28.295000	28.326000	28.357000	28.388000	28.420000	28.451000	28.498000	28.529000	28.560000	28.591000	28.622000	28.654000	28.685000	28.716000	28.763000	28.794000	28.825000	28.856000	28.888000	28.919000	28.950000	28.997000	29.028000	29.059000	29.090000	29.122000	29.153000	29.184000	29.231000	29.262000	29.293000	29.324000	29.356000	29.387000	29.418000	29.449000	29.496000	29.527000	29.558000	29.590000	29.621000	29.652000	29.683000	29.730000	29.761000	29.792000	29.824000	29.855000	29.886000	29.917000	29.948000
%%%	1.077681	1.020290	1.028841	1.043478	1.059275	1.043478	1.044638	1.055072	1.059710	1.060870	1.049275	1.044058	1.066667	1.043333	1.043478	1.060870	1.044058	1.062029	1.007681	1.019275	1.048985	1.078261	1.078261	1.044493	1.077246	1.044638	1.027681	0.992464	0.990145	0.936667	0.931594	0.897246	0.944928	0.894493	0.866812	0.857102	0.846812	0.811594	0.712464	0.814638	0.811594	0.821159	0.783768	0.777681	0.767971	0.779710	0.788406	0.801015	0.814203	0.795652	0.837971	0.813478	0.822899	0.823188	0.832029	0.811594	0.823188	0.857681	0.842029	0.837681	0.834783	0.840580	0.865797	0.866812	0.804928	0.878261	0.811594	0.874928	0.891449	0.881015	0.875507	0.857681	0.931594	0.904493	0.894058	0.857102	0.905797	0.903333	0.885942	0.923478	0.902029	0.910145	0.885362	0.927536	0.877681	0.909855	0.910145	0.921739	0.927536	0.920145	0.948841	0.886377	0.946667	0.927536	0.927101	0.913623	0.917971	0.932029	0.895072	0.894058	0.937536	0.901594	0.912319	0.922319	0.915362	0.939130	0.931015	0.935797	0.924638	0.927536	0.960290	0.916232	0.928841	0.925072	0.931594	0.933333	0.935942	0.939710	0.978986	0.946812	0.901884	0.927246	0.962319	0.915942	0.915797	1.029420	0.931594	0.968406	0.904493	0.956956	0.950580	0.941884	0.915942	0.937101	0.898406	0.955942	0.936232	0.904348	0.922319	0.915072	0.921739	0.927536	0.931449	0.927536	0.911449	0.951015	0.974493	0.921594	0.936232	0.915942	0.916232	0.927536	0.932029	0.940580	0.977246	0.904348	0.973913	0.904348	0.931015	0.931594	0.919275	0.915797	0.931159	0.932029	0.903188	0.923333	0.912899	0.914203	0.951159	0.957246	0.915942	0.903188	0.938116	0.907102	0.894058	0.904348	0.903768	0.947971	0.916232	0.914493	0.904348	0.939710	0.921739	0.927536	0.925797	0.913623	0.921159	0.881159	0.920580	0.912754	0.910289	0.954638	0.913623	0.896232	0.904348	0.892754	0.927246	0.927536	0.938116	0.920725	0.904348	0.922319	0.968116	0.927536	0.928841	0.955507	0.948985	0.973913	0.937536	0.985362	0.997101	0.956522	0.973913	0.927246	0.928841	0.951159	0.950580	0.938116	0.988551	0.957536	0.936232	0.951159	0.947826	0.940580	0.920145	1.096232	0.968551	0.921159	0.902029	0.920145	0.929420	0.951015	0.744203	0.927246	0.959275	0.747101	0.927536	0.884928	0.934058	0.921884	0.938551	0.933188	0.927101	0.881159	0.788406	0.920725	0.927246	0.914203	0.899275	0.940290	0.921159	0.921884	0.956522	0.901449	0.962319	0.951015	0.938116	0.927246	0.904348	0.913623	0.938116	0.915797	0.950725	0.972029	0.881159	0.994638	0.927536	0.927536	0.932029	0.926667	0.927536	0.931015	0.931015	0.916812	0.927536	1.008841	0.933623	0.975072	0.915942	0.972029	0.947971	0.938116	0.952899	0.925507	0.927536	0.921884	0.927246	0.904348	0.782609	0.921159	0.929855	0.922319	0.906667	0.892754	0.951159	0.933623	1.020290	0.938116	0.938116	0.916377	0.962319	0.927536	0.948985	0.932029	0.916377	0.881159	0.927681	0.922319	0.951159	0.938551	0.915072	0.931884	0.962029	0.925507	0.885942	0.929855	0.881159	0.884783	0.898985	0.916232	0.922319	0.881159	0.912029	0.894058	1.020290	0.914203	0.959855	0.908986	0.929275	0.922319	0.904348	0.920145	0.927536	0.931449	0.929275	0.881159	0.927681	0.916812	0.938116	1.020290	0.938551	0.913623	0.943333	0.881159	1.008696	0.951159	0.950725	0.916377	0.901449	0.912319	0.927536	0.892754	0.903333	0.937536	0.927536	0.904348	0.925507	0.904348	0.912319	0.938551	0.927681	0.919855	0.905072	0.926667	0.934783	0.951015	0.917971	0.927101	0.915942	0.931449	0.937536	0.928116	0.921739	0.927536	0.931594	0.931449	0.922319	0.931594	0.925072	0.939130	0.979710	0.950290	0.931594	0.979710	0.931449	0.972319	0.930435	0.935072	0.964638	0.968551	0.977826	0.974638	0.985797	0.927536	0.990290	1.015072	1.008116	0.991594	1.020290	0.968551	0.997246	0.985507	0.974638	0.977246	0.939710	0.988116	1.007681	0.989710	0.976377	0.927536	0.978406	0.961884	0.956522	0.955942	0.958116	0.985507	0.968406	0.937971	0.964058	0.931015	0.920580	1.020290	0.985507	0.938116	0.946377	0.927246	0.938116	0.947826	0.916812	1.020290	0.944638	0.927536	0.947826	0.938116	0.931594	0.938116	0.927246	0.931594	0.927536	0.933333	0.927536	0.933768	0.933333	0.973913	0.904348	0.966377	0.939130	0.918985	0.931015	0.968551	0.977101	0.939130	0.967681	0.931594	0.982029	1.023188	0.959275	0.951159	0.920145	0.922029	0.931884	0.954928	0.929420	0.961884	0.950000	1.020290	1.020290	0.941884	0.972754	0.927536	0.927536	0.970290	0.939130	0.977101	1.211594	0.958116	0.984493	1.020290	0.969710	1.113043	1.003768	1.020290	0.939710	0.973913	0.981449	0.927536	0.988116	0.981015	0.950580	1.007536	0.975072	0.938551	0.985797	0.982029	0.975072	0.951159	0.975072	0.978986	0.967971	0.968551	0.988116	0.931015	0.973913	0.927536	0.987536	0.973913	0.948551	0.950725	0.959855	0.963623	0.950580	0.936232	0.956522	1.020290	0.973913	0.979710	0.942898	0.944928	0.963623	0.959275	0.953623	0.927101	0.927536	0.881159	0.941884	0.927536	0.881159	0.934928	0.926667	0.929855	0.964203	0.926232	0.881159	0.951159	0.920580	1.020290	0.910145	0.911449	0.927246	0.927536	0.938551	0.931594	0.958116	0.925072	0.951449	0.913623	0.927536	0.914203	0.997101	0.969420	0.957102	0.927536	0.927536	0.994638	1.020290	0.973913	0.974493	0.904348	0.967971	0.937536	0.968406	1.020290	1.061449	0.927536	0.916377	0.915797	0.916377	0.950580	0.915942	0.939130	0.927536	0.904348	0.904058	0.930435	0.921159	0.951015	0.912899	0.938116	0.927246	0.938116	0.950580	0.962319	0.942898	0.931594	0.964203	1.020290	0.921449	0.914203	1.020290	0.925072	0.927536	0.968985	0.908551	0.935507	0.931015	1.020290	0.920580	0.932029	0.915942	0.909855	1.020290	0.948551	0.939275	0.931594	0.904348	0.927101	0.904348	0.913623	0.928841	0.931015	0.927536	0.951159	1.032899	0.904348	0.927536	0.951594	0.881159	1.008116	0.929420	0.904348	0.976087	0.931449	0.921739	0.939275	0.938116	0.904348	0.931160	0.916232	0.964638	0.950725	0.933333	0.918841	0.928261	0.881159	0.927536	0.929275	1.020290	0.956522	0.931594	0.936377	0.972754	0.927246	0.939130	0.928841	0.951594	0.930435	0.923333	0.950580	0.881159	1.020580	0.949275	0.915942	0.932609	0.931015	0.926232	0.963335	0.885942	0.938116	0.927536	0.904348	0.915942	0.927536	0.938551	0.929420	0.920145	0.933188	0.834783	0.951015	0.905507	0.920145	0.916812	0.937681	0.911884	0.929420	0.939275	0.950580	0.922899	0.937681	1.185362	0.939130	0.901449	0.927536	0.927246	0.898985	0.916377	0.938116	0.941159	0.927536	0.962319	0.927101	0.957102	0.938406	0.903188	0.914203	0.910145	0.952899	0.881159	0.904348	0.927246	0.931015	0.920725	0.927246	0.913188	0.881159	0.951159	0.924928	0.915797	0.921739	0.949420	0.927536	0.884203	0.894058	0.884928	0.942754	0.884203	0.949567	0.927536	0.930435	0.920145	0.904348	0.915507	0.885797	0.904348	0.912319	0.881159	0.912029	0.936957	0.937971	0.900290	0.889420	0.886377	1.064203	0.881159	0.903768	0.895072	0.881159	0.885942	0.881159	0.915797	0.927536	0.928261	0.949855	0.885942	0.903333	0.928986	0.898406	0.913043	0.902754	0.920145	0.904348	0.914203	0.892754	0.938116	0.952754	0.907102	0.881159	0.915072	0.912029	0.916377	0.915072	0.881159	0.921739	0.918841	0.956087	0.926812	0.884203	0.927101	0.898551	0.874638	0.904348	0.907681	0.886232	0.927536	0.922754	0.886377	0.915072	0.904348	0.904348	0.898551	0.876232	0.844493	0.834783	0.901594	0.902754	0.899420	0.920145	0.898985	0.927536	0.942464	0.904348	0.929275	0.944928	0.894493	0.896377	1.231740	0.914493	0.905072	0.904493	0.904348	0.912899	0.901449	0.901594	0.883768	0.921014	0.893333	0.916377	0.904348	0.904493	0.900579	0.909855	0.913768	0.879275	0.885942	0.915072	0.892754	0.892754	0.881159	0.904348	0.885507	0.901159	0.904348	0.904348	0.874638	0.884203	0.896667	0.917391	0.927536	0.894638	0.937971	0.904348	0.892754	0.885942	0.903188	0.889855	0.927681	0.927536	0.857971	0.917391	0.905507	0.905072	0.905507	0.895652	0.910145	0.881159	0.927536	0.904348	0.916812	0.885942	0.898985	0.911884	0.886377	0.887681	0.765217	0.876232	0.920145	0.927536	0.834783	0.893768	0.904348	1.029420	0.834783	0.904348	0.894493	0.903188	0.881159	0.866232	0.904348	0.882754	0.902029	0.817536	0.886377	0.921014	0.885942	0.883623	0.909855	0.904493	0.898406	0.904348	0.883768	0.881159	0.927101	0.896812	0.912029	0.895652	0.922319	0.918406	0.901449	0.916377	0.895797	0.896377	0.883623	0.735942	0.912029	0.939130	0.877246	0.927681	0.834783	0.855507	0.904348	0.912319	0.878116	0.909855
%%%	Left Pupil Profile (1st row -> 1 == valid tracking, 0 == invalid tracking; 2nd row -> time; 3rd row -> diameter (mm))
%%%	0	0	0	0	0	0	0	0	0	0	0	0	0	0	0	0	0	0	0	0	0	0	0	0	0	0	0	0	0	0	0	0	0	0	0	0	0	0	0	0	0	0	0	0	0	0	0	0	0	0	0	0	0	0	0	0	0	0	0	0	0	0	0	0	0	0	0	0	0	0	0	0	0	0	0	0	0	0	0	0	0	0	0	0	0	0	0	0	0	0	0	0	0	0	0	0	0	0	0	0	0	0	0	0	0	0	0	0	0	0	0	0	0	0	0	0	0	0	0	0	0	0	0	0	0	0	0	0	0	0	0	0	0	0	0	0	0	0	0	0	0	0	0	0	0	0	0	0	0	0	0	0	0	0	0	0	0	0	0	0	0	0	0	0	0	0	0	0	0	0	0	0	0	0	0	0	0	0	0	0	0	0	0	0	0	0	0	0	0	0	0	0	0	0	0	0	0	0	0	0	0	0	0	0	0	0	0	0	0	0	0	0	0	0	0	0	0	0	0	0	0	0	0	0	0	0	0	0	0	0	0	0	0	0	0	0	0	0	0	0	0	0	0	0	0	0	0	0	0	0	0	0	0	0	0	0	0	0	0	0	0	0	0	0	0	0	0	0	0	0	0	0	0	0	0	0	0	0	0	0	0	0	0	0	0	0	0	0	0	0	0	0	0	0	0	0	0	0	0	0	0	0	0	0	0	0	0	0	0	0	0	0	0	0	0	0	0	0	0	0	0	0	0	0	0	0	0	0	0	0	0	0	0	0	0	0	0	0	0	0	0	0	0	0	0	0	0	0	0	0	0	0	0	0	0	0	0	0	0	0	0	0	0	0	0	0	0	0	0	0	0	0	0	0	0	0	0	0	0	0	0	0	0	0	0	0	0	0	0	0	0	0	0	0	0	0	0	0	0	0	0	0	0	0	0	0	0	0	0	0	0	0	0	0	0	0	0	0	0	0	0	0	0	0	0	0	0	0	0	0	0	0	0	0	0	0	0	0	0	0	0	0	0	0	0	0	0	0	0	0	0	0	0	0	0	0	0	0	0	0	0	0	0	0	0	0	0	0	0	0	0	0	0	0	0	0	0	0	0	0	0	0	0	0	0	0	0	0	0	0	0	0	0	0	0	0	0	0	0	0	0	0	0	0	0	0	0	0	0	0	0	0	0	0	0	0	0	0	0	0	0	0	0	0	0	0	0	0	0	0	0	0	0	0	0	0	0	0	0	0	0	0	0	0	0	0	0	0	0	0	0	0	0	0	0	0	0	0	0	0	0	0	0	0	0	0	0	0	0	0	0	0	0	0	0	0	0	0	0	0	0	0	0	0	0	0	0	0	0	0	0	0	0	0	0	0	0	0	0	0	0	0	0	0	0	0	0	0	0	0	0	0	0	0	0	0	0	0	0	0	0	0	0	0	0	0	0	0	0	0	0	0	0	0	0	0	0	0	0	0	0	0	0	0	0	0	0	0	0	0	0	0	0	0	0	0	0	0	0	0	0	0	0	0	0	0	0	0	0	0	0	0	0	0	0	0	0	0	0	0	0	0	0	0	0	0	0	0	0	0	0	0	0	0	0	0	0	0	0	0	0	0	0	0	0	0	0	0	0	0	0	0	0	0	0	0	0	0	0	0	0	0	0	0	0	0	0	0	0	0	0	0	0	0	0	0	0	0	0	0	0	0	0	0	0	0	0	0	0	0	0	0	0	0	0	0	0	0	0	0	0	0	0	0	0	0	0	0	0	0	0	0	0	0	0	0	0	0	0	0	0	0	0	0	0	0	0	0	0	0	0	0	0	0	0	0	0	0	0	0	0	0	0	0	0	0	0	0	0	0	0	0	0	0	0	0	0	0	0	0	0	0	0	0	0	0	0	0	0	0	0	0	0	0	0	0	0	0	0	0	0	0	0	0	0	0	0	0	0	0	0	0	0	0	0	0	0	0	0	0	0	0	0	0	0	0	0	0	0	0	0	0	0	0	0	0	0	0	0	0	0	0	0	0	0	0	0	0	0	0	0	0	0	0	0	0	0	0	0	0	0	0	0
%%%	-0.051000	-0.020000	0.011000	0.042000	0.074000	0.120000	0.152000	0.183000	0.214000	0.245000	0.276000	0.308000	0.354000	0.386000	0.417000	0.448000	0.479000	0.510000	0.542000	0.573000	0.620000	0.651000	0.682000	0.713000	0.744000	0.776000	0.807000	0.854000	0.885000	0.916000	0.947000	0.978000	1.010000	1.041000	1.088000	1.119000	1.150000	1.181000	1.212000	1.244000	1.275000	1.306000	1.353000	1.384000	1.415000	1.446000	1.478000	1.509000	1.540000	1.571000	1.618000	1.649000	1.680000	1.712000	1.743000	1.774000	1.805000	1.852000	1.883000	1.914000	1.946000	1.977000	2.008000	2.039000	2.086000	2.117000	2.148000	2.180000	2.211000	2.242000	2.273000	2.304000	2.351000	2.382000	2.414000	2.445000	2.476000	2.507000	2.538000	2.585000	2.616000	2.648000	2.679000	2.710000	2.741000	2.772000	2.819000	2.850000	2.882000	2.913000	2.944000	2.975000	3.006000	3.038000	3.084000	3.116000	3.147000	3.178000	3.209000	3.240000	3.272000	3.318000	3.350000	3.381000	3.412000	3.443000	3.474000	3.506000	3.552000	3.584000	3.615000	3.646000	3.677000	3.708000	3.740000	3.771000	3.818000	3.849000	3.880000	3.911000	3.942000	3.974000	4.005000	4.052000	4.083000	4.114000	4.145000	4.176000	4.208000	4.239000	4.286000	4.317000	4.348000	4.379000	4.410000	4.442000	4.473000	4.504000	4.551000	4.582000	4.613000	4.644000	4.676000	4.707000	4.738000	4.785000	4.816000	4.847000	4.878000	4.910000	4.941000	4.972000	5.019000	5.050000	5.081000	5.112000	5.144000	5.175000	5.206000	5.237000	5.284000	5.315000	5.346000	5.378000	5.409000	5.440000	5.471000	5.518000	5.549000	5.580000	5.612000	5.643000	5.674000	5.705000	5.736000	5.783000	5.814000	5.846000	5.877000	5.908000	5.939000	5.970000	6.017000	6.048000	6.080000	6.111000	6.142000	6.173000	6.204000	6.251000	6.282000	6.314000	6.345000	6.376000	6.407000	6.439000	6.470000	6.517000	6.548000	6.579000	6.610000	6.641000	6.673000	6.704000	6.751000	6.782000	6.813000	6.844000	6.875000	6.907000	6.938000	6.969000	7.016000	7.047000	7.078000	7.109000	7.141000	7.172000	7.203000	7.250000	7.281000	7.312000	7.343000	7.375000	7.406000	7.437000	7.484000	7.515000	7.546000	7.577000	7.609000	7.640000	7.671000	7.702000	7.749000	7.780000	7.811000	7.843000	7.874000	7.905000	7.936000	7.983000	8.014000	8.045000	8.077000	8.108000	8.139000	8.170000	8.217000	8.248000	8.279000	8.311000	8.342000	8.373000	8.404000	8.435000	8.482000	8.513000	8.545000	8.576000	8.607000	8.638000	8.669000	8.716000	8.747000	8.779000	8.810000	8.841000	8.872000	8.903000	8.950000	8.981000	9.013000	9.044000	9.075000	9.106000	9.137000	9.169000	9.215000	9.247000	9.278000	9.309000	9.340000	9.371000	9.403000	9.449000	9.481000	9.512000	9.543000	9.574000	9.605000	9.637000	9.668000	9.715000	9.746000	9.777000	9.808000	9.839000	9.871000	9.902000	9.949000	9.980000	10.011000	10.042000	10.073000	10.105000	10.136000	10.183000	10.214000	10.245000	10.276000	10.307000	10.339000	10.370000	10.401000	10.448000	10.479000	10.510000	10.541000	10.573000	10.604000	10.635000	10.682000	10.713000	10.744000	10.775000	10.807000	10.838000	10.869000	10.916000	10.947000	10.978000	11.009000	11.041000	11.072000	11.103000	11.134000	11.181000	11.212000	11.243000	11.275000	11.306000	11.337000	11.368000	11.415000	11.446000	11.477000	11.509000	11.540000	11.571000	11.602000	11.649000	11.680000	11.711000	11.743000	11.774000	11.805000	11.836000	11.867000	11.914000	11.945000	11.977000	12.008000	12.039000	12.070000	12.101000	12.148000	12.179000	12.211000	12.242000	12.273000	12.304000	12.335000	12.367000	12.413000	12.445000	12.476000	12.507000	12.538000	12.569000	12.601000	12.647000	12.679000	12.710000	12.741000	12.772000	12.803000	12.835000	12.881000	12.913000	12.944000	12.975000	13.006000	13.037000	13.069000	13.100000	13.147000	13.178000	13.209000	13.240000	13.271000	13.303000	13.334000	13.381000	13.412000	13.443000	13.474000	13.505000	13.537000	13.568000	13.599000	13.646000	13.677000	13.708000	13.739000	13.771000	13.802000	13.833000	13.880000	13.911000	13.942000	13.973000	14.005000	14.036000	14.067000	14.114000	14.145000	14.176000	14.207000	14.239000	14.270000	14.301000	14.332000	14.379000	14.410000	14.441000	14.473000	14.504000	14.535000	14.566000	14.613000	14.644000	14.675000	14.707000	14.738000	14.769000	14.800000	14.847000	14.878000	14.909000	14.941000	14.972000	15.003000	15.034000	15.065000	15.112000	15.143000	15.175000	15.206000	15.237000	15.268000	15.299000	15.346000	15.377000	15.409000	15.440000	15.471000	15.502000	15.533000	15.580000	15.611000	15.643000	15.674000	15.705000	15.736000	15.767000	15.799000	15.845000	15.877000	15.908000	15.939000	15.970000	16.001000	16.033000	16.079000	16.111000	16.142000	16.173000	16.204000	16.235000	16.267000	16.313000	16.345000	16.376000	16.407000	16.438000	16.469000	16.501000	16.532000	16.579000	16.610000	16.641000	16.672000	16.703000	16.735000	16.766000	16.813000	16.844000	16.875000	16.906000	16.937000	16.969000	17.000000	17.047000	17.078000	17.109000	17.140000	17.171000	17.203000	17.234000	17.265000	17.312000	17.343000	17.374000	17.405000	17.437000	17.468000	17.499000	17.530000	17.577000	17.608000	17.639000	17.671000	17.702000	17.733000	17.764000	17.811000	17.842000	17.873000	17.905000	17.936000	17.967000	17.998000	18.045000	18.076000	18.107000	18.139000	18.170000	18.201000	18.232000	18.263000	18.310000	18.341000	18.373000	18.404000	18.435000	18.466000	18.497000	18.544000	18.575000	18.607000	18.638000	18.669000	18.700000	18.731000	18.778000	18.809000	18.841000	18.872000	18.903000	18.934000	18.965000	18.997000	19.043000	19.075000	19.106000	19.137000	19.168000	19.199000	19.231000	19.277000	19.309000	19.340000	19.371000	19.402000	19.433000	19.465000	19.511000	19.543000	19.574000	19.605000	19.636000	19.667000	19.699000	19.730000	19.777000	19.808000	19.839000	19.870000	19.901000	19.933000	19.964000	20.011000	20.042000	20.073000	20.104000	20.135000	20.167000	20.198000	20.245000	20.276000	20.307000	20.338000	20.369000	20.401000	20.432000	20.463000	20.510000	20.541000	20.572000	20.603000	20.635000	20.666000	20.697000	20.744000	20.775000	20.806000	20.837000	20.869000	20.900000	20.931000	20.978000	21.009000	21.040000	21.071000	21.103000	21.134000	21.165000	21.196000	21.243000	21.274000	21.305000	21.337000	21.368000	21.399000	21.430000	21.461000	21.508000	21.539000	21.571000	21.602000	21.633000	21.664000	21.695000	21.742000	21.773000	21.805000	21.836000	21.867000	21.898000	21.929000	21.976000	22.007000	22.039000	22.070000	22.101000	22.132000	22.163000	22.195000	22.241000	22.273000	22.304000	22.335000	22.366000	22.397000	22.429000	22.475000	22.507000	22.538000	22.569000	22.600000	22.631000	22.663000	22.709000	22.741000	22.772000	22.803000	22.834000	22.865000	22.897000	22.928000	22.975000	23.006000	23.037000	23.068000	23.099000	23.131000	23.162000	23.209000	23.240000	23.271000	23.302000	23.333000	23.365000	23.396000	23.443000	23.474000	23.505000	23.536000	23.567000	23.599000	23.630000	23.661000	23.708000	23.739000	23.770000	23.801000	23.833000	23.864000	23.895000	23.942000	23.973000	24.004000	24.035000	24.067000	24.098000	24.129000	24.176000	24.207000	24.238000	24.269000	24.301000	24.332000	24.363000	24.394000	24.441000	24.472000	24.503000	24.535000	24.566000	24.597000	24.628000	24.675000	24.706000	24.737000	24.769000	24.800000	24.831000	24.862000	24.909000	24.940000	24.971000	25.003000	25.034000	25.065000	25.096000	25.127000	25.174000	25.205000	25.237000	25.268000	25.299000	25.330000	25.361000	25.393000	25.439000	25.471000	25.502000	25.533000	25.564000	25.595000	25.627000	25.673000	25.705000	25.736000	25.767000	25.798000	25.829000	25.861000	25.907000	25.939000	25.970000	26.001000	26.032000	26.063000	26.095000	26.126000	26.173000	26.204000	26.235000	26.266000	26.297000	26.329000	26.360000	26.407000	26.438000	26.469000	26.500000	26.531000	26.563000	26.594000	26.641000	26.672000	26.703000	26.734000	26.765000	26.797000	26.828000	26.859000	26.906000	26.937000	26.968000	26.999000	27.031000	27.062000	27.093000	27.140000	27.171000	27.202000	27.233000	27.265000	27.296000	27.327000	27.374000	27.405000	27.436000	27.467000	27.499000	27.530000	27.561000	27.592000	27.639000	27.670000	27.701000	27.733000	27.764000	27.795000	27.826000	27.873000	27.904000	27.935000	27.967000	27.998000	28.029000	28.060000	28.107000	28.138000	28.169000	28.201000	28.232000	28.263000	28.294000	28.325000	28.372000	28.403000	28.435000	28.466000	28.497000	28.528000	28.559000	28.606000	28.637000	28.669000	28.700000	28.731000	28.762000	28.793000	28.840000	28.871000	28.903000	28.934000	28.965000	28.996000	29.027000	29.059000	29.105000	29.137000	29.168000	29.199000	29.230000	29.261000	29.293000	29.339000	29.371000	29.402000	29.433000	29.464000	29.495000	29.527000	29.558000	29.605000	29.636000	29.667000	29.698000	29.729000	29.761000	29.792000	29.839000	29.870000	29.901000	29.932000	29.963000	29.995000
%%%	0.000000	0.000000	0.000000	0.000000	0.000000	0.000000	0.000000	0.000000	0.000000	0.000000	0.000000	0.000000	0.000000	0.000000	0.000000	0.000000	0.000000	0.000000	0.000000	0.000000	0.000000	0.000000	0.000000	0.000000	0.000000	0.000000	0.000000	0.000000	0.000000	0.000000	0.000000	0.000000	0.000000	0.000000	0.000000	0.000000	0.000000	0.000000	0.000000	0.000000	0.000000	0.000000	0.000000	0.000000	0.000000	0.000000	0.000000	0.000000	0.000000	0.000000	0.000000	0.000000	0.000000	0.000000	0.000000	0.000000	0.000000	0.000000	0.000000	0.000000	0.000000	0.000000	0.000000	0.000000	0.000000	0.000000	0.000000	0.000000	0.000000	0.000000	0.000000	0.000000	0.000000	0.000000	0.000000	0.000000	0.000000	0.000000	0.000000	0.000000	0.000000	0.000000	0.000000	0.000000	0.000000	0.000000	0.000000	0.000000	0.000000	0.000000	0.000000	0.000000	0.000000	0.000000	0.000000	0.000000	0.000000	0.000000	0.000000	0.000000	0.000000	0.000000	0.000000	0.000000	0.000000	0.000000	0.000000	0.000000	0.000000	0.000000	0.000000	0.000000	0.000000	0.000000	0.000000	0.000000	0.000000	0.000000	0.000000	0.000000	0.000000	0.000000	0.000000	0.000000	0.000000	0.000000	0.000000	0.000000	0.000000	0.000000	0.000000	0.000000	0.000000	0.000000	0.000000	0.000000	0.000000	0.000000	0.000000	0.000000	0.000000	0.000000	0.000000	0.000000	0.000000	0.000000	0.000000	0.000000	0.000000	0.000000	0.000000	0.000000	0.000000	0.000000	0.000000	0.000000	0.000000	0.000000	0.000000	0.000000	0.000000	0.000000	0.000000	0.000000	0.000000	0.000000	0.000000	0.000000	0.000000	0.000000	0.000000	0.000000	0.000000	0.000000	0.000000	0.000000	0.000000	0.000000	0.000000	0.000000	0.000000	0.000000	0.000000	0.000000	0.000000	0.000000	0.000000	0.000000	0.000000	0.000000	0.000000	0.000000	0.000000	0.000000	0.000000	0.000000	0.000000	0.000000	0.000000	0.000000	0.000000	0.000000	0.000000	0.000000	0.000000	0.000000	0.000000	0.000000	0.000000	0.000000	0.000000	0.000000	0.000000	0.000000	0.000000	0.000000	0.000000	0.000000	0.000000	0.000000	0.000000	0.000000	0.000000	0.000000	0.000000	0.000000	0.000000	0.000000	0.000000	0.000000	0.000000	0.000000	0.000000	0.000000	0.000000	0.000000	0.000000	0.000000	0.000000	0.000000	0.000000	0.000000	0.000000	0.000000	0.000000	0.000000	0.000000	0.000000	0.000000	0.000000	0.000000	0.000000	0.000000	0.000000	0.000000	0.000000	0.000000	0.000000	0.000000	0.000000	0.000000	0.000000	0.000000	0.000000	0.000000	0.000000	0.000000	0.000000	0.000000	0.000000	0.000000	0.000000	0.000000	0.000000	0.000000	0.000000	0.000000	0.000000	0.000000	0.000000	0.000000	0.000000	0.000000	0.000000	0.000000	0.000000	0.000000	0.000000	0.000000	0.000000	0.000000	0.000000	0.000000	0.000000	0.000000	0.000000	0.000000	0.000000	0.000000	0.000000	0.000000	0.000000	0.000000	0.000000	0.000000	0.000000	0.000000	0.000000	0.000000	0.000000	0.000000	0.000000	0.000000	0.000000	0.000000	0.000000	0.000000	0.000000	0.000000	0.000000	0.000000	0.000000	0.000000	0.000000	0.000000	0.000000	0.000000	0.000000	0.000000	0.000000	0.000000	0.000000	0.000000	0.000000	0.000000	0.000000	0.000000	0.000000	0.000000	0.000000	0.000000	0.000000	0.000000	0.000000	0.000000	0.000000	0.000000	0.000000	0.000000	0.000000	0.000000	0.000000	0.000000	0.000000	0.000000	0.000000	0.000000	0.000000	0.000000	0.000000	0.000000	0.000000	0.000000	0.000000	0.000000	0.000000	0.000000	0.000000	0.000000	0.000000	0.000000	0.000000	0.000000	0.000000	0.000000	0.000000	0.000000	0.000000	0.000000	0.000000	0.000000	0.000000	0.000000	0.000000	0.000000	0.000000	0.000000	0.000000	0.000000	0.000000	0.000000	0.000000	0.000000	0.000000	0.000000	0.000000	0.000000	0.000000	0.000000	0.000000	0.000000	0.000000	0.000000	0.000000	0.000000	0.000000	0.000000	0.000000	0.000000	0.000000	0.000000	0.000000	0.000000	0.000000	0.000000	0.000000	0.000000	0.000000	0.000000	0.000000	0.000000	0.000000	0.000000	0.000000	0.000000	0.000000	0.000000	0.000000	0.000000	0.000000	0.000000	0.000000	0.000000	0.000000	0.000000	0.000000	0.000000	0.000000	0.000000	0.000000	0.000000	0.000000	0.000000	0.000000	0.000000	0.000000	0.000000	0.000000	0.000000	0.000000	0.000000	0.000000	0.000000	0.000000	0.000000	0.000000	0.000000	0.000000	0.000000	0.000000	0.000000	0.000000	0.000000	0.000000	0.000000	0.000000	0.000000	0.000000	0.000000	0.000000	0.000000	0.000000	0.000000	0.000000	0.000000	0.000000	0.000000	0.000000	0.000000	0.000000	0.000000	0.000000	0.000000	0.000000	0.000000	0.000000	0.000000	0.000000	0.000000	0.000000	0.000000	0.000000	0.000000	0.000000	0.000000	0.000000	0.000000	0.000000	0.000000	0.000000	0.000000	0.000000	0.000000	0.000000	0.000000	0.000000	0.000000	0.000000	0.000000	0.000000	0.000000	0.000000	0.000000	0.000000	0.000000	0.000000	0.000000	0.000000	0.000000	0.000000	0.000000	0.000000	0.000000	0.000000	0.000000	0.000000	0.000000	0.000000	0.000000	0.000000	0.000000	0.000000	0.000000	0.000000	0.000000	0.000000	0.000000	0.000000	0.000000	0.000000	0.000000	0.000000	0.000000	0.000000	0.000000	0.000000	0.000000	0.000000	0.000000	0.000000	0.000000	0.000000	0.000000	0.000000	0.000000	0.000000	0.000000	0.000000	0.000000	0.000000	0.000000	0.000000	0.000000	0.000000	0.000000	0.000000	0.000000	0.000000	0.000000	0.000000	0.000000	0.000000	0.000000	0.000000	0.000000	0.000000	0.000000	0.000000	0.000000	0.000000	0.000000	0.000000	0.000000	0.000000	0.000000	0.000000	0.000000	0.000000	0.000000	0.000000	0.000000	0.000000	0.000000	0.000000	0.000000	0.000000	0.000000	0.000000	0.000000	0.000000	0.000000	0.000000	0.000000	0.000000	0.000000	0.000000	0.000000	0.000000	0.000000	0.000000	0.000000	0.000000	0.000000	0.000000	0.000000	0.000000	0.000000	0.000000	0.000000	0.000000	0.000000	0.000000	0.000000	0.000000	0.000000	0.000000	0.000000	0.000000	0.000000	0.000000	0.000000	0.000000	0.000000	0.000000	0.000000	0.000000	0.000000	0.000000	0.000000	0.000000	0.000000	0.000000	0.000000	0.000000	0.000000	0.000000	0.000000	0.000000	0.000000	0.000000	0.000000	0.000000	0.000000	0.000000	0.000000	0.000000	0.000000	0.000000	0.000000	0.000000	0.000000	0.000000	0.000000	0.000000	0.000000	0.000000	0.000000	0.000000	0.000000	0.000000	0.000000	0.000000	0.000000	0.000000	0.000000	0.000000	0.000000	0.000000	0.000000	0.000000	0.000000	0.000000	0.000000	0.000000	0.000000	0.000000	0.000000	0.000000	0.000000	0.000000	0.000000	0.000000	0.000000	0.000000	0.000000	0.000000	0.000000	0.000000	0.000000	0.000000	0.000000	0.000000	0.000000	0.000000	0.000000	0.000000	0.000000	0.000000	0.000000	0.000000	0.000000	0.000000	0.000000	0.000000	0.000000	0.000000	0.000000	0.000000	0.000000	0.000000	0.000000	0.000000	0.000000	0.000000	0.000000	0.000000	0.000000	0.000000	0.000000	0.000000	0.000000	0.000000	0.000000	0.000000	0.000000	0.000000	0.000000	0.000000	0.000000	0.000000	0.000000	0.000000	0.000000	0.000000	0.000000	0.000000	0.000000	0.000000	0.000000	0.000000	0.000000	0.000000	0.000000	0.000000	0.000000	0.000000	0.000000	0.000000	0.000000	0.000000	0.000000	0.000000	0.000000	0.000000	0.000000	0.000000	0.000000	0.000000	0.000000	0.000000	0.000000	0.000000	0.000000	0.000000	0.000000	0.000000	0.000000	0.000000	0.000000	0.000000	0.000000	0.000000	0.000000	0.000000	0.000000	0.000000	0.000000	0.000000	0.000000	0.000000	0.000000	0.000000	0.000000	0.000000	0.000000	0.000000	0.000000	0.000000	0.000000	0.000000	0.000000	0.000000	0.000000	0.000000	0.000000	0.000000	0.000000	0.000000	0.000000	0.000000	0.000000	0.000000	0.000000	0.000000	0.000000	0.000000	0.000000	0.000000	0.000000	0.000000	0.000000	0.000000	0.000000	0.000000	0.000000	0.000000	0.000000	0.000000	0.000000	0.000000	0.000000	0.000000	0.000000	0.000000	0.000000	0.000000	0.000000	0.000000	0.000000	0.000000	0.000000	0.000000	0.000000	0.000000	0.000000	0.000000	0.000000	0.000000	0.000000	0.000000	0.000000	0.000000	0.000000	0.000000	0.000000	0.000000	0.000000	0.000000	0.000000	0.000000	0.000000	0.000000	0.000000	0.000000	0.000000	0.000000	0.000000	0.000000	0.000000	0.000000	0.000000	0.000000	0.000000	0.000000	0.000000	0.000000	0.000000	0.000000	0.000000	0.000000	0.000000	0.000000	0.000000	0.000000	0.000000	0.000000	0.000000	0.000000	0.000000	0.000000	0.000000	0.000000	0.000000	0.000000	0.000000	0.000000	0.000000	0.000000	0.000000	0.000000	0.000000	0.000000	0.000000
%%%	Pulse Index	Stimulus Section Index	Stimulus Section Start Index	Stimulus Section End Index	Pupil Stimulated: 0 = Right, 1 = Left, 2 = Both	Light Metric: 0 = Photopic, 1 = Scopotic, 2 = Radiometric	Stimulus Start Time	Stimulus Duration	Stimulus Pulse Duration	Right Pulse Max Level	Right Pulse Max Color (0123 = WRGB)	Right Pulse Min Level	Right Pulse Min Color (0123 = WRGB)	Left Pulse Max Level	Left Pulse Max Color (0123 = WRGB)	Left Pulse Min Level	Left Pulse Min Color (0123 = WRGB)	Right Data Input Type (0 == RAW DATA, 1 == FITTED DATA, 2 == M. OVERRIDED)	Right ANALYSIS STATE (0 == ABNORMAL, 1 == NORMAL)	Right MAX (mm) (EMPTY if INVALID)	Right MIN (mm) (EMPTY if INVALID)	Right DELTA (mm) (EMPTY if INVALID)	Right CH (%) (EMPTY if INVALID)	Right LAT (sec) (EMPTY if INVALID)	Right CV (mm/s) (EMPTY if INVALID)	Right MCV (mm/s) (EMPTY if INVALID)	Right DV (mm/s) (EMPTY if INVALID)	Left Data Input Type (0 == RAW DATA, 1 == FITTED DATA, 2 == M. OVERRIDED)	Left ANALYSIS STATE (0 == ABNORMAL, 1 == NORMAL)	Left MAX (mm) (EMPTY if INVALID)	Left MIN (mm) (EMPTY if INVALID)	Left DELTA (mm) (EMPTY if INVALID)	Left CH (%) (EMPTY if INVALID)	Left LAT (sec) (EMPTY if INVALID)	Left CV (mm/s) (EMPTY if INVALID)	Left MCV (mm/s) (EMPTY if INVALID)	Left DV (mm/s) (EMPTY if INVALID)
%%%	0	0	17	901	0	0	0.51	29.52	0.51	4.01	3	0.00	3	0.00	3	0.00	3	0	0	0.00	0.00			0.00	0.00	0.00	0.00	0	0	0.00	0.00			0.00	0.00	0.00	0.00
%%%%%%%%%
%%%%%%%%%
%%%%%%%%%
<\SESSION>
