<SESSION>
<VERSION>
2
<\VERSION>
<DATE>
2017-12-05 10:54:29
<\DATE>
<SUBJECT-ID>
c57bl6-4.11.17-1mois-DAOG-F1-1.2b
<\SUBJECT-ID>
<NOTE>

<\NOTE>
<MIN-MAX-PLOT>
0.100000 51880.761719
<\MIN-MAX-PLOT>
<STIMULUS-DEFINED>
Default
Default Human Relative Spectral Sensitivity
1	0
1	0.500000	0.500000	29.000000	3	3	1.200000	-100.000000	0.100000	-100.000000	0
<\STIMULUS-DEFINED>
<STIMULUS-GENERATED>
4
0	0	0.000000	3	0.000000	0.000000	3	0.000000	0.000000
0	1	0.509000	3	0.299242	15.810344	3	0.000000	0.000000
0	4	1.019000	3	0.000000	0.000000	3	0.000000	0.000000
-1	5	30.028000	0	0.000000	0.000000	0	0.000000	0.000000
<\STIMULUS-GENERATED>
<RIGHT-PUPIL-DATA>
903	1
1	-0.065000	1.062899	287.225006	396.274994
1	-0.034000	1.079420	287.412506	396.475006
1	-0.003000	1.081015	287.581238	396.531250
1	0.028000	1.101015	288.068756	396.256256
1	0.075000	1.081015	287.968750	396.468750
1	0.106000	1.098551	288.000000	396.250000
1	0.137000	1.042174	286.093719	395.493744
1	0.169000	1.087971	286.806244	396.118744
1	0.200000	1.104928	287.625000	396.750000
1	0.231000	1.081015	287.893738	396.981262
1	0.262000	1.096232	287.750000	397.250000
1	0.309000	1.114638	288.156250	397.468750
1	0.340000	1.043333	286.493744	397.043732
1	0.371000	1.055072	286.500000	397.000000
1	0.403000	1.115652	287.737488	397.000000
1	0.434000	1.078841	287.750000	397.000000
1	0.465000	1.087971	287.668732	397.118744
1	0.496000	1.079275	287.006256	396.993683
1	0.527000	1.043478	288.500000	398.000000
1	0.574000	1.083768	287.037506	397.037506
1	0.605000	1.114203	287.774994	396.975006
1	0.637000	1.101449	287.500000	398.000000
1	0.668000	1.100725	287.331238	397.331238
1	0.699000	1.043333	286.493744	398.043732
1	0.730000	1.043478	284.500000	398.000000
1	0.761000	1.105362	288.243744	398.631256
1	0.808000	1.100580	288.187500	398.562500
1	0.839000	1.008696	286.500000	398.000000
1	0.871000	1.084058	288.000000	398.000000
1	0.902000	1.039855	287.500000	398.437500
1	0.933000	1.017391	287.250000	398.250000
1	0.964000	0.988116	287.037506	397.774994
1	0.995000	0.975072	287.100006	397.912506
1	1.042000	0.930435	287.250000	398.250000
1	1.073000	0.931015	287.424988	398.375000
1	1.105000	0.912899	287.631256	398.368744
1	1.136000	0.880580	287.225006	398.225006
1	1.167000	0.871159	287.156250	398.531250
1	1.198000	0.857536	287.256256	398.681244
1	1.229000	0.825507	287.250000	398.750000
1	1.261000	0.822899	287.350006	399.087494
1	1.307000	0.800000	287.500000	398.000000
1	1.339000	0.796232	287.062500	399.062500
1	1.370000	0.771159	287.706238	398.906250
1	1.401000	0.727681	286.531250	398.968750
1	1.432000	0.745797	287.587494	399.287506
1	1.463000	0.731014	287.174988	399.575012
1	1.495000	0.717971	287.687500	399.187500
1	1.541000	0.736667	286.831329	398.731232
1	1.573000	0.714203	287.225006	398.774994
1	1.604000	0.689710	286.968750	399.406250
1	1.635000	0.690290	287.431244	399.431244
1	1.666000	0.703188	287.037506	398.850006
1	1.697000	0.690725	287.437500	399.437500
1	1.729000	0.682464	287.493744	399.443756
0	1.775000	0.672464	284.500000	398.000000
0	1.807000	0.579710	284.500000	402.000000
1	1.838000	0.655072	287.093750	399.406250
0	1.869000	0.672464	284.500000	402.000000
1	1.900000	0.664203	286.756256	399.256256
1	1.931000	0.631014	287.437500	399.875000
1	1.963000	0.638116	287.131256	399.568756
1	1.994000	0.618406	286.743744	399.693756
1	2.041000	0.597101	286.375000	400.625000
1	2.072000	0.643043	286.981262	400.018738
1	2.103000	0.633768	287.118744	400.118744
1	2.134000	0.615942	286.512512	399.637512
1	2.165000	0.620725	286.443756	399.443756
1	2.197000	0.633188	287.093750	399.093750
1	2.228000	0.631014	286.875000	399.437500
0	2.275000	0.672464	284.500000	398.000000
0	2.306000	0.579710	284.500000	402.000000
1	2.337000	0.625507	286.687500	399.250000
1	2.368000	0.620580	286.237518	399.649994
1	2.399000	0.605362	287.181244	399.443756
1	2.431000	0.619420	287.287506	399.287506
1	2.462000	0.601159	286.350006	399.649994
1	2.493000	0.633188	286.418762	399.906250
1	2.540000	0.620145	287.281250	399.718750
1	2.571000	0.633188	287.093750	399.906250
1	2.602000	0.631594	287.149994	400.412506
1	2.633000	0.637101	286.850006	400.149994
1	2.665000	0.633768	286.881256	400.443756
1	2.696000	0.627246	287.212494	400.350006
1	2.727000	0.618986	286.406250	400.406250
1	2.774000	0.644203	287.018738	399.981262
1	2.805000	0.633333	286.799988	399.924988
1	2.836000	0.633188	287.093750	399.906250
1	2.867000	0.630435	286.500000	399.875000
1	2.899000	0.634203	286.875000	400.125000
1	2.930000	0.648406	286.687500	399.687500
1	2.961000	0.614058	286.443756	399.443756
1	3.008000	0.631594	286.412506	399.850006
1	3.039000	0.626087	285.500000	399.000000
0	3.070000	0.579710	284.500000	402.000000
1	3.101000	0.620290	286.625000	399.375000
0	3.133000	0.579710	284.500000	402.000000
1	3.164000	0.652754	286.562500	399.875000
1	3.195000	0.642319	286.050018	399.975006
1	3.226000	0.652754	286.125000	399.875000
1	3.273000	0.672754	286.337494	400.162506
1	3.304000	0.654203	285.912506	400.087494
1	3.335000	0.644203	286.531250	399.981262
1	3.367000	0.641884	286.531250	399.768738
1	3.398000	0.652754	285.937500	399.875000
1	3.429000	0.662319	286.237488	399.250000
1	3.460000	0.666812	285.581238	399.281250
1	3.507000	0.664058	285.774994	399.225006
1	3.538000	0.671594	285.662445	399.337616
1	3.569000	0.672754	285.837494	399.399994
1	3.601000	0.661884	286.006256	399.756256
1	3.632000	0.678261	286.500000	399.500000
1	3.663000	0.663623	285.968750	399.781250
1	3.694000	0.666377	285.787506	399.774994
1	3.741000	0.672899	286.381256	399.681244
1	3.772000	0.660145	285.518738	400.218750
1	3.803000	0.627681	285.581238	401.031311
1	3.835000	0.671159	286.168762	400.656250
1	3.866000	0.690290	286.431244	400.943756
1	3.897000	0.690725	286.437500	400.937500
1	3.928000	0.695072	286.062500	400.000000
1	3.959000	0.689710	285.968750	399.593750
1	4.006000	0.689710	286.406250	399.593750
1	4.037000	0.690290	285.568756	400.068756
1	4.069000	0.672754	285.837494	399.662506
1	4.100000	0.690725	285.562500	399.937500
1	4.131000	0.699420	286.437500	399.687500
1	4.162000	0.691884	285.937500	400.062500
1	4.193000	0.727536	286.250000	399.500000
1	4.240000	0.707101	285.181274	399.831238
1	4.271000	0.703768	285.750000	399.750000
1	4.303000	0.717971	285.937500	399.937500
1	4.334000	0.696377	284.656250	400.981262
1	4.365000	0.717246	285.431244	399.931244
1	4.396000	0.723333	285.968750	399.968750
1	4.427000	0.695652	284.500000	402.000000
1	4.474000	0.747101	285.368744	399.631256
1	4.505000	0.689710	284.593750	399.968750
1	4.537000	0.717971	285.187500	399.812500
1	4.568000	0.720725	285.693634	399.006256
1	4.599000	0.717971	285.937500	399.000000
1	4.630000	0.751159	285.631256	399.131256
1	4.661000	0.757246	286.518738	399.518738
1	4.693000	0.757102	286.187500	399.437500
1	4.739000	0.776377	285.906250	399.118774
1	4.771000	0.755942	285.375000	399.375000
0	4.802000	0.765217	284.500000	402.000000
1	4.833000	0.747246	285.599976	400.250000
1	4.864000	0.761594	284.543762	400.831238
1	4.895000	0.742029	284.500000	402.000000
1	4.927000	0.753333	285.587494	400.600006
1	4.973000	0.761594	285.543762	401.468750
1	5.005000	0.777536	285.206238	401.831238
1	5.036000	0.752899	284.418762	401.581238
1	5.067000	0.742319	284.699982	401.287506
1	5.098000	0.778841	285.187500	400.812500
1	5.129000	0.755362	284.524994	400.475006
1	5.161000	0.778261	285.125000	400.625000
1	5.207000	0.755507	285.381256	400.618744
1	5.239000	0.742029	284.500000	402.000000
1	5.270000	0.753188	285.318756	400.506256
1	5.301000	0.789565	285.025024	400.950012
1	5.332000	0.776812	284.500000	401.000000
1	5.363000	0.764058	284.774994	400.524994
1	5.395000	0.796232	285.062500	400.062500
1	5.426000	0.792319	284.868744	399.993744
1	5.473000	0.760290	284.437500	400.437500
1	5.504000	0.791304	285.000000	400.000000
1	5.535000	0.759710	284.537506	400.537506
1	5.566000	0.814638	284.856262	400.331238
1	5.597000	0.794058	284.906250	400.031250
1	5.629000	0.781884	284.768738	399.768738
1	5.660000	0.811594	285.000000	399.500000
1	5.707000	0.796667	285.056244	399.943756
1	5.738000	0.764638	284.375000	400.000000
1	5.769000	0.777681	284.687500	399.812500
1	5.800000	0.795072	284.937500	399.687500
1	5.831000	0.803333	284.931244	399.743744
1	5.863000	0.797971	285.037506	400.100006
1	5.894000	0.800000	284.750000	399.250000
1	5.925000	0.811884	284.712494	399.712494
1	5.972000	0.805362	284.568756	399.818756
1	6.003000	0.714058	283.156250	401.056274
1	6.034000	0.712319	284.268738	402.093750
1	6.065000	0.792319	285.943756	399.993744
1	6.097000	0.796232	285.937500	399.937500
0	6.128000	0.673333	283.812500	401.687500
1	6.159000	0.755797	285.493713	399.506287
1	6.206000	0.817971	285.375000	396.812500
1	6.237000	0.801159	285.975006	397.975006
1	6.268000	0.814638	285.718750	398.706238
1	6.299000	0.754928	287.518738	399.606262
1	6.331000	0.725072	285.068756	398.068756
1	6.362000	0.801594	285.968750	396.981262
0	6.393000	0.690725	283.924988	400.437500
1	6.424000	0.815362	285.712494	398.662506
1	6.471000	0.801015	285.131256	399.118744
1	6.502000	0.816377	283.693756	399.681244
1	6.533000	0.814203	284.712494	399.287506
1	6.565000	0.718986	282.706238	402.043762
1	6.596000	0.813623	284.312500	399.687500
1	6.627000	0.820580	283.662506	400.412506
1	6.658000	0.831449	284.556244	399.556244
1	6.705000	0.805362	283.181244	399.818756
1	6.736000	0.817391	284.000000	398.500000
1	6.767000	0.834783	284.000000	398.500000
1	6.799000	0.815797	284.343750	398.718750
1	6.830000	0.833188	284.093750	398.593750
1	6.861000	0.824493	283.406250	398.718750
1	6.892000	0.832029	284.531250	398.468750
1	6.939000	0.834783	283.875000	398.625000
1	6.970000	0.820725	284.193756	399.193756
1	7.001000	0.799420	283.062500	399.500000
0	7.033000	0.765217	284.500000	402.000000
1	7.064000	0.834783	284.500000	400.000000
1	7.095000	0.828550	284.068787	399.656250
1	7.126000	0.833188	284.018738	399.593750
1	7.157000	0.833768	283.431244	399.943756
1	7.204000	0.825072	284.256256	399.618744
1	7.235000	0.811594	283.924988	399.362488
1	7.267000	0.845072	284.406250	399.281250
1	7.298000	0.820725	284.306244	399.181244
1	7.329000	0.816232	284.524994	398.899994
1	7.360000	0.784638	283.274994	399.762482
1	7.391000	0.831594	283.975006	398.600006
1	7.438000	0.805362	283.181244	399.193756
1	7.469000	0.824928	283.600006	398.887482
1	7.501000	0.814493	284.049927	399.174927
1	7.532000	0.814058	284.131256	398.168732
1	7.563000	0.818985	284.156250	398.656250
1	7.594000	0.848841	284.606232	398.806244
1	7.625000	0.831160	283.931366	398.906281
1	7.672000	0.825072	284.256256	399.381256
1	7.703000	0.840725	284.656250	399.343750
1	7.735000	0.837971	284.462494	398.975006
1	7.766000	0.839130	284.500000	398.625000
1	7.797000	0.829855	282.500000	399.687500
1	7.828000	0.835942	283.975006	397.975006
1	7.859000	0.861014	284.243744	397.618744
1	7.891000	0.840725	284.031250	397.531250
1	7.937000	0.835362	284.000000	397.500000
1	7.969000	0.823333	283.406250	397.906250
1	8.000000	0.864783	283.793762	397.218750
1	8.031000	0.866812	283.781250	397.156250
1	8.062000	0.831449	283.981232	397.443756
1	8.093000	0.834927	284.031158	397.493805
1	8.125000	0.865797	284.250000	397.437500
1	8.171000	0.836377	283.643738	397.593750
1	8.203000	0.875362	284.000000	398.000000
1	8.234000	0.861594	284.268738	397.893738
1	8.265000	0.881015	284.343750	397.706238
1	8.296000	0.870580	284.081268	397.743744
1	8.327000	0.876812	283.887482	396.862457
1	8.359000	0.879710	283.700012	396.312500
1	8.405000	0.865797	283.812500	396.774963
1	8.437000	0.875942	283.274994	395.899994
1	8.468000	0.874928	282.931244	396.381256
1	8.499000	0.895507	283.418732	395.568756
1	8.530000	0.904348	283.687500	395.562500
1	8.561000	0.883188	283.687500	395.687500
1	8.593000	0.888116	283.725006	395.962494
1	8.624000	0.897681	283.849945	395.537506
1	8.671000	0.889710	283.593750	395.643738
1	8.702000	0.885362	283.968750	395.731262
1	8.733000	0.886377	283.750000	396.000000
1	8.764000	0.885507	283.262512	395.737488
1	8.795000	0.909420	283.593750	395.493774
1	8.827000	0.878261	283.750000	395.000000
1	8.858000	0.894928	283.893738	394.643738
1	8.905000	0.892754	283.500000	394.000000
1	8.936000	0.902754	283.531250	394.468750
1	8.967000	0.925072	283.443756	394.181244
1	8.998000	0.885362	283.293762	394.968750
1	9.029000	0.913043	283.250000	394.500000
1	9.061000	0.922319	283.437500	394.437500
1	9.092000	0.902029	283.524994	394.475006
1	9.139000	0.897246	283.156250	394.843750
1	9.170000	0.916377	283.681244	395.131256
1	9.201000	0.912029	283.631256	395.368744
1	9.232000	0.936377	283.968750	395.018738
1	9.263000	0.900580	283.250000	394.937500
1	9.295000	0.916812	283.424988	396.312500
1	9.326000	0.904348	283.500000	395.000000
1	9.357000	0.918985	283.593750	394.593750
1	9.404000	0.907102	283.218750	394.781250
1	9.435000	0.927536	283.449982	394.824982
1	9.466000	0.923333	283.468750	394.531250
1	9.497000	0.889275	282.399994	395.212494
1	9.529000	0.916232	283.399994	395.300018
1	9.560000	0.920725	283.193756	394.756256
1	9.591000	0.904493	283.256256	395.043732
1	9.638000	0.915797	283.593750	395.156250
1	9.669000	0.920580	283.399994	394.774994
1	9.700000	0.901014	283.256195	395.531281
1	9.731000	0.918841	283.687500	395.812500
1	9.763000	0.931015	283.500000	396.375000
1	9.794000	0.922754	283.506256	396.193756
1	9.825000	0.929275	283.412506	396.100006
1	9.872000	0.950725	284.500000	394.000000
1	9.903000	0.927681	283.468750	396.156250
1	9.934000	0.927681	283.331238	395.343750
1	9.965000	0.927681	283.406250	395.343750
1	9.997000	0.928261	283.437500	395.250000
1	10.028000	0.904348	284.000000	395.500000
1	10.059000	0.920580	283.774994	395.725006
1	10.090000	0.896232	282.875000	396.125000
1	10.137000	0.950580	283.843750	395.781250
1	10.168000	0.935942	283.524994	395.725006
1	10.199000	0.933188	283.343750	395.968750
1	10.231000	0.942464	283.506256	395.931244
1	10.262000	0.950580	283.843750	396.156250
1	10.293000	0.884493	282.293732	396.681244
1	10.324000	0.939710	283.549988	396.049988
1	10.355000	0.939130	283.750000	396.250000
1	10.402000	0.940580	283.500000	396.262512
1	10.433000	0.937101	283.337494	395.662506
1	10.465000	0.938116	283.006256	395.993744
1	10.496000	0.962029	283.962494	396.087494
1	10.527000	0.950580	283.343750	395.793762
1	10.558000	0.944493	283.631256	396.243744
1	10.605000	0.950725	283.000000	396.500000
1	10.636000	0.927536	283.000000	395.500000
1	10.667000	0.954928	283.906250	396.218750
1	10.699000	0.987536	287.312500	396.687500
1	10.730000	0.910145	284.625000	393.875000
1	10.761000	0.978116	286.056244	394.968719
1	10.792000	0.992029	288.331299	395.768677
1	10.823000	0.896232	283.912476	394.174988
1	10.870000	0.927536	284.500000	396.000000
1	10.901000	0.950725	284.500000	394.000000
1	10.933000	0.936232	284.499969	397.649994
1	10.964000	0.921014	284.268738	397.356262
1	10.995000	0.959710	283.962494	396.962494
1	11.026000	0.957102	284.750000	396.750000
1	11.057000	0.931449	283.368744	397.381256
1	11.089000	0.904348	285.500000	397.000000
1	11.135000	0.918551	286.587494	396.587494
1	11.167000	0.938116	284.006256	393.006256
1	11.198000	0.933188	285.343750	394.031250
1	11.229000	0.930435	284.500000	396.250000
1	11.260000	0.957681	284.725006	396.725006
1	11.291000	0.920725	284.281250	396.556274
1	11.323000	0.925797	283.449982	396.687469
1	11.369000	0.927246	283.850006	396.337494
1	11.401000	0.929420	283.443756	396.731232
1	11.432000	0.951159	283.631256	397.181244
1	11.463000	0.950580	283.156250	397.156250
1	11.494000	0.935797	283.481232	397.006256
1	11.525000	0.938116	283.006256	396.993744
0	11.557000	0.857971	280.500000	394.000000
1	11.603000	0.937101	283.337494	396.287506
1	11.635000	0.951159	283.318756	396.181244
1	11.666000	0.954928	283.093750	395.718750
1	11.697000	0.949420	283.168762	395.793762
1	11.728000	0.954928	282.906250	395.281250
1	11.759000	0.950725	284.500000	394.000000
1	11.791000	0.977536	282.793762	395.406250
1	11.822000	0.968985	282.924988	395.562500
1	11.869000	0.985942	282.993744	395.306244
1	11.900000	0.956522	283.000000	395.000000
1	11.931000	0.985797	283.024994	395.712494
1	11.962000	0.938551	282.687500	396.000000
1	11.993000	0.950725	284.500000	394.000000
1	12.025000	0.974928	283.056244	395.993744
1	12.056000	0.973913	283.062500	395.937500
1	12.103000	0.976667	282.968750	395.968750
1	12.134000	1.008116	283.000000	396.000000
1	12.165000	0.976087	283.000000	396.000000
1	12.196000	1.009420	282.531250	394.981262
1	12.227000	0.999420	283.125000	395.625000
1	12.259000	0.985942	283.006256	395.306244
1	12.290000	0.991159	283.243744	395.243744
1	12.337000	1.009420	282.981262	395.468750
1	12.368000	0.999420	282.875000	395.125000
1	12.399000	0.990145	283.087494	395.225006
1	12.430000	0.991304	282.875000	395.125000
1	12.461000	0.997101	282.875000	395.362488
1	12.493000	0.997246	282.656250	395.156250
1	12.524000	1.008696	281.500000	395.000000
1	12.555000	0.995507	282.881256	395.868744
1	12.602000	0.973913	282.500000	396.000000
1	12.633000	0.995072	282.812500	396.187500
1	12.664000	1.017391	282.750000	396.250000
1	12.695000	0.991884	282.812500	396.625000
1	12.727000	0.990290	282.681244	396.243744
1	12.758000	1.007536	282.725006	395.975006
1	12.789000	1.008696	282.500000	395.000000
1	12.836000	1.008116	282.549988	396.000000
1	12.867000	1.009420	282.768738	395.981262
1	12.898000	1.029275	282.850006	396.287506
1	12.929000	0.996667	283.318756	396.868744
1	12.961000	0.999420	282.875000	397.125000
1	12.992000	1.010580	283.031250	396.581238
1	13.023000	1.032029	283.468750	396.843750
1	13.070000	1.013623	283.312500	396.924988
1	13.101000	1.000145	283.418732	396.881256
1	13.132000	1.008696	283.500000	398.000000
1	13.163000	1.003333	283.181244	397.493744
1	13.195000	1.040290	283.462494	397.962494
1	13.226000	1.044058	283.000000	397.500000
1	13.257000	1.011594	282.750000	398.000000
1	13.288000	1.006377	282.475006	397.524994
1	13.335000	1.055072	282.500000	398.000000
1	13.366000	1.020725	282.681244	397.681244
1	13.397000	1.009420	282.981262	397.468750
1	13.429000	0.996667	283.181244	397.181244
1	13.460000	1.031884	283.500000	398.000000
1	13.491000	1.008551	282.556244	398.006256
1	13.522000	1.007102	282.981262	397.468750
1	13.569000	1.017536	283.318756	397.868744
1	13.600000	1.015797	282.343750	397.893738
1	13.631000	1.043478	284.500000	398.000000
1	13.663000	1.016812	282.875000	397.674988
1	13.694000	1.007536	282.574982	397.975006
1	13.725000	1.024928	282.774994	397.225006
1	13.756000	1.039710	283.437500	397.937500
1	13.803000	1.009420	282.981262	398.018738
1	13.834000	1.044638	282.975006	398.024994
1	13.865000	0.973913	282.500000	398.000000
1	13.897000	1.007536	283.024994	397.975006
1	13.928000	1.009420	282.981262	397.468750
1	13.959000	1.037681	283.375000	396.875000
1	13.990000	1.053188	283.118744	397.381256
1	14.021000	1.062029	282.725006	396.399994
1	14.068000	1.026667	282.250000	396.625000
1	14.099000	1.031884	282.500000	397.000000
1	14.131000	1.033623	282.524994	396.387482
1	14.162000	1.035362	282.875000	396.812500
1	14.193000	1.009420	282.356262	395.981262
1	14.224000	1.020725	282.381256	396.631256
1	14.255000	1.031884	283.500000	397.000000
1	14.302000	1.020290	282.750000	397.250000
1	14.333000	1.063623	283.331238	397.643738
1	14.365000	1.007536	283.024994	397.024994
1	14.396000	1.045797	283.524811	397.475006
1	14.427000	1.044638	282.475006	397.524994
1	14.458000	1.043333	282.993744	397.493744
1	14.489000	1.026232	281.806244	397.243744
1	14.536000	1.043478	282.750000	396.250000
1	14.567000	1.062029	283.225006	396.725006
1	14.599000	1.039855	282.443726	396.931152
1	14.630000	1.020290	282.500000	398.000000
1	14.661000	1.079420	282.975006	397.024994
1	14.692000	1.049420	282.331238	396.543762
1	14.723000	1.081594	283.006256	396.506256
1	14.755000	1.063623	282.768738	395.768738
1	14.801000	1.044058	282.500000	396.000000
1	14.833000	1.061884	283.243744	396.293732
1	14.864000	1.067971	282.293762	395.843750
1	14.895000	1.062464	282.218750	396.281250
1	14.926000	1.053768	282.143738	396.593750
1	14.957000	1.008696	281.500000	397.000000
1	14.989000	1.055072	282.500000	397.000000
1	15.035000	1.043478	282.000000	396.500000
1	15.067000	1.062464	282.718750	396.281250
1	15.098000	1.082029	282.549988	396.000000
1	15.129000	1.062029	282.225006	395.725006
1	15.160000	1.070145	282.625000	395.875000
1	15.191000	1.068116	282.812500	396.262512
1	15.223000	1.062029	281.225006	395.725006
1	15.254000	1.049275	282.437500	396.062500
1	15.301000	1.087536	282.875000	395.875000
1	15.332000	1.066232	282.193756	395.631256
1	15.363000	1.047246	281.887512	395.512512
1	15.394000	1.091159	282.181244	395.868744
1	15.425000	1.079855	281.968750	396.531250
1	15.457000	1.043333	282.493744	396.493744
1	15.488000	1.043478	280.500000	398.000000
1	15.535000	1.079420	282.412506	397.024994
1	15.566000	1.079420	282.024994	397.512482
1	15.597000	1.096667	282.681244	396.756256
1	15.628000	1.079420	282.412506	397.024994
1	15.659000	1.092319	282.181244	396.731232
1	15.691000	1.069420	281.981262	396.731262
1	15.722000	1.095072	282.637512	396.799988
1	15.753000	1.072899	282.306244	396.931244
1	15.800000	1.081449	282.512482	396.975006
1	15.831000	1.066232	282.681244	396.681244
1	15.862000	1.061449	282.750000	397.250000
1	15.893000	1.009420	281.981262	396.468750
1	15.925000	1.079420	282.975006	397.024994
1	15.956000	1.084058	283.000000	397.500000
1	15.987000	1.043478	284.500000	398.000000
1	16.034000	1.079855	282.968750	397.968750
1	16.065000	1.044058	282.500000	398.000000
1	16.096000	1.062029	282.725006	397.725006
1	16.127000	1.062029	282.725006	398.274994
1	16.159000	1.081594	283.006256	398.006256
1	16.190000	1.090290	282.931244	397.431244
1	16.221000	1.090290	283.131256	397.431244
1	16.268000	1.043333	282.493744	397.393707
1	16.299000	1.044058	282.500000	396.625000
1	16.330000	1.090290	283.068756	397.181244
1	16.361000	1.086957	283.000000	397.000000
1	16.393000	1.098696	283.106262	396.931274
1	16.424000	1.095652	283.000000	396.500000
1	16.455000	1.078841	282.000000	397.000000
1	16.486000	1.095072	282.250000	396.875000
1	16.533000	1.096667	282.681244	397.243744
1	16.564000	1.044058	281.500000	398.000000
1	16.595000	1.079420	282.975006	398.024994
1	16.627000	1.043333	281.493744	397.506256
1	16.658000	1.060870	280.875000	397.875000
1	16.689000	1.109275	282.812500	398.000000
1	16.720000	1.105942	281.906250	397.343750
1	16.767000	1.021159	280.687500	397.750000
1	16.798000	1.088116	282.100006	397.462494
1	16.829000	1.101159	282.162506	397.324982
1	16.861000	1.066667	280.500000	398.000000
1	16.892000	1.124638	282.500000	398.000000
1	16.923000	1.094493	282.149994	397.649994
1	16.954000	1.109275	282.187500	396.812500
1	17.001000	1.101159	282.162506	396.787506
1	17.032000	1.113623	281.987488	396.500000
1	17.063000	1.100145	281.693756	396.693756
1	17.095000	1.095072	281.637512	396.700012
1	17.126000	1.137536	282.643738	397.156250
1	17.157000	1.131014	282.737488	397.299988
1	17.188000	1.155942	282.375000	397.049988
1	17.219000	1.114058	281.318756	397.493744
1	17.266000	1.154928	282.406250	397.593750
1	17.297000	1.138406	282.206238	397.181274
1	17.329000	1.151160	281.943756	397.256256
1	17.360000	1.151160	282.056244	397.056244
1	17.391000	1.153623	282.049988	397.274963
1	17.422000	1.228985	280.500000	398.000000
1	17.453000	1.162899	282.225006	396.850006
1	17.500000	1.195072	282.124786	396.850006
1	17.531000	1.190725	282.437500	396.812500
1	17.563000	1.200000	282.500000	396.500000
1	17.594000	1.194493	282.587494	396.662506
1	17.625000	1.111594	280.187500	396.737488
1	17.656000	1.187536	282.500000	397.787476
1	17.687000	1.185362	282.456238	397.531250
1	17.734000	1.205362	282.256256	397.693756
1	17.765000	1.211884	282.524994	397.662506
1	17.797000	1.202319	282.225006	397.774994
1	17.828000	1.202754	282.031250	397.281250
1	17.859000	1.203768	281.987488	396.375000
1	17.890000	1.204058	281.737488	396.250000
1	17.921000	1.217391	281.750000	396.250000
1	17.953000	1.210145	281.625000	396.500000
1	17.999000	1.220580	282.024994	396.587494
1	18.031000	1.211884	281.912506	396.912506
1	18.062000	1.202029	282.037506	397.037506
1	18.093000	1.220725	281.943756	396.806244
1	18.124000	1.225507	282.000000	396.612488
1	18.156000	1.216232	281.899994	397.024994
0	18.187000	1.136232	280.500000	394.000000
1	18.234000	1.217391	282.125000	397.125000
1	18.265000	1.224927	281.350006	397.024994
1	18.296000	1.211449	281.906250	397.156250
1	18.327000	1.216812	281.875000	397.487488
1	18.358000	1.234058	281.843750	396.768738
1	18.390000	1.225073	282.006256	396.556244
1	18.421000	1.247101	281.468750	396.068726
1	18.468000	1.241884	282.156250	396.656250
1	18.499000	1.228841	282.093750	396.706238
1	18.530000	1.227971	282.581268	396.681244
1	18.561000	1.238116	283.431244	396.868744
1	18.592000	1.256667	283.443756	395.943756
1	18.624000	1.251014	283.412506	395.975006
1	18.655000	1.252899	282.731262	395.981262
1	18.686000	1.234783	282.987518	396.587494
1	18.733000	1.240145	282.756256	397.381256
1	18.764000	1.242319	282.774994	397.350006
1	18.795000	1.231594	282.337494	397.475006
1	18.826000	1.242899	282.625000	397.500000
1	18.858000	1.241884	282.531250	397.718750
1	18.889000	1.239710	282.625000	397.562500
1	18.920000	1.245507	282.287476	397.287476
1	18.967000	1.238986	282.431244	397.193756
1	18.998000	1.211449	282.331238	397.281250
1	19.029000	1.241884	282.343750	397.143738
1	19.060000	1.222754	281.993744	397.256256
1	19.092000	1.231884	282.875000	397.450012
1	19.123000	1.227101	282.693756	397.493744
1	19.154000	1.211884	282.087494	397.449982
1	19.185000	1.238986	282.431244	397.568756
1	19.232000	1.238116	282.618744	397.568756
1	19.263000	1.239710	282.437500	397.750000
1	19.294000	1.205072	282.706238	398.006226
1	19.326000	1.158116	280.718750	397.406250
1	19.357000	1.235362	282.625000	398.125000
1	19.388000	1.223333	282.580963	398.218719
1	19.419000	1.227681	282.468750	398.281250
1	19.466000	1.205797	282.250000	398.049988
1	19.497000	1.233768	282.131256	398.293732
1	19.528000	1.237971	282.212494	398.550018
1	19.560000	1.240725	282.231262	398.393738
1	19.591000	1.231159	282.706238	397.706238
1	19.622000	1.222319	282.612488	398.237488
1	19.653000	1.151160	280.943756	397.943756
1	19.700000	1.229420	282.568756	398.181244
1	19.731000	1.159275	281.093750	398.093750
1	19.762000	1.230580	282.731232	398.506256
1	19.794000	1.234638	282.618744	398.368744
1	19.825000	1.235942	282.350006	398.274994
1	19.856000	1.233188	282.343750	398.468750
1	19.887000	1.240580	282.250000	398.750000
1	19.918000	1.240145	282.368744	398.681244
1	19.965000	1.222754	282.556244	398.743744
1	19.996000	1.181014	281.031250	398.593750
1	20.028000	1.154928	280.906250	398.406250
1	20.059000	1.203333	280.943756	398.693756
1	20.090000	1.237971	282.212494	398.212494
1	20.121000	1.221159	281.937500	397.937500
1	20.152000	1.224927	281.975006	398.149994
1	20.199000	1.239710	281.812500	397.625000
1	20.230000	1.229275	282.287506	397.912506
1	20.262000	1.246232	282.031250	397.781250
1	20.293000	1.204638	282.000000	398.000000
1	20.324000	1.225507	282.000000	398.000000
1	20.355000	1.225507	282.000000	398.000000
1	20.386000	1.198840	281.649994	397.725006
1	20.433000	1.228841	281.843750	397.706238
1	20.464000	1.221739	282.000000	398.375000
1	20.496000	1.237971	281.774994	398.412506
1	20.527000	1.228985	281.750000	398.750000
1	20.558000	1.223333	281.968750	398.593750
1	20.589000	1.227246	281.850006	398.524994
1	20.620000	1.146667	280.274994	397.274994
1	20.652000	1.223333	282.031250	397.968750
1	20.698000	1.243623	282.118744	397.693756
1	20.730000	1.229420	282.068756	397.493744
1	20.761000	1.240290	282.412506	397.774994
1	20.792000	1.238116	282.193756	397.568756
1	20.823000	1.228841	281.906250	397.906250
1	20.854000	1.239710	281.625000	397.812500
1	20.886000	1.252174	280.500000	398.000000
1	20.932000	1.230580	282.118744	398.318756
1	20.964000	1.226377	282.262512	398.462463
1	20.995000	1.252174	282.500000	398.000000
1	21.026000	1.231159	281.906250	398.706238
1	21.057000	1.252319	281.993744	398.618744
1	21.088000	1.235942	281.725006	398.537506
1	21.120000	1.235942	281.649994	398.725006
1	21.166000	1.228985	280.500000	398.000000
1	21.198000	1.233188	281.781250	398.468750
1	21.229000	1.263768	280.500000	398.000000
1	21.260000	1.248840	281.556244	397.556244
1	21.291000	1.225507	281.375000	397.562500
1	21.322000	1.242319	281.274994	397.350006
1	21.354000	1.234638	281.743744	397.743744
1	21.385000	1.252319	281.618744	397.618744
1	21.432000	1.232029	281.906250	397.656250
1	21.463000	1.229275	281.912506	397.662506
1	21.494000	1.237536	281.593750	397.781250
1	21.525000	1.252174	282.500000	398.000000
1	21.556000	1.237391	281.575012	397.625000
1	21.588000	1.242464	281.631256	397.743744
1	21.619000	1.248406	281.437500	397.937500
1	21.666000	1.249420	281.343750	397.531250
1	21.697000	1.253188	281.368744	397.618744
1	21.728000	1.253188	281.568756	398.256256
1	21.759000	1.248840	281.556244	397.556244
1	21.790000	1.251014	280.975006	397.524994
1	21.822000	1.246377	281.500000	397.000000
1	21.853000	1.251594	281.625000	397.625000
1	21.900000	1.269565	281.125000	397.125000
1	21.931000	1.256667	281.556244	397.556244
1	21.962000	1.263768	281.500000	398.000000
1	21.993000	1.265942	281.543762	397.093750
1	22.024000	1.274638	281.331238	397.331238
1	22.056000	1.257101	282.312500	397.687500
1	22.087000	1.278261	283.500000	398.250000
1	22.118000	1.246377	283.500000	396.500000
1	22.165000	1.273913	283.750000	396.250000
1	22.196000	1.321739	284.500000	398.000000
1	22.227000	1.240725	283.406250	394.781250
1	22.258000	1.257681	283.662506	395.212494
1	22.290000	1.268841	283.793762	396.381226
1	22.321000	1.252174	285.625000	396.625000
1	22.352000	1.264638	282.137512	393.812500
1	22.399000	1.228841	283.306274	394.906250
1	22.430000	1.258985	282.556244	396.793732
1	22.461000	1.283188	283.000000	398.000000
0	22.492000	1.044638	280.475006	397.975006
1	22.524000	1.229855	284.187500	396.187500
1	22.555000	1.248406	283.562500	395.437500
1	22.586000	1.257681	283.662506	397.662506
1	22.633000	1.283623	282.856232	397.993744
1	22.664000	1.288841	282.693756	398.118744
1	22.695000	1.263043	281.187500	397.312500
1	22.726000	1.309855	281.837494	397.712494
0	22.758000	1.139420	279.162506	396.787506
1	22.789000	1.285797	281.512482	397.087494
1	22.820000	1.283768	281.287506	397.962494
1	22.851000	1.275362	281.000000	396.500000
1	22.898000	1.285942	281.156219	397.006256
1	22.929000	1.266812	281.406250	397.156250
1	22.960000	1.272319	280.968750	397.331238
1	22.992000	1.272319	281.281250	397.031250
1	23.023000	1.265362	281.431244	397.118744
1	23.054000	1.283623	281.056244	397.756256
1	23.085000	1.274927	281.306244	397.181244
1	23.116000	1.269420	281.106262	397.356262
1	23.163000	1.261594	281.518738	397.893738
1	23.194000	1.273913	281.250000	398.000000
1	23.226000	1.248840	281.443756	397.556244
1	23.257000	1.258116	281.156250	396.656250
1	23.288000	1.256667	280.556244	396.943756
1	23.319000	1.248986	280.462494	396.537506
1	23.350000	1.269565	280.500000	396.000000
1	23.397000	1.272464	280.750000	396.250000
1	23.428000	1.268116	280.799988	396.237488
1	23.460000	1.273913	280.750000	396.125000
1	23.491000	1.272319	280.706238	396.031250
1	23.522000	1.275507	280.156250	396.156250
1	23.553000	1.266667	280.750000	396.250000
1	23.584000	1.272319	280.331238	396.281250
1	23.631000	1.257681	280.662506	396.412506
1	23.662000	1.279420	280.725006	396.100006
1	23.694000	1.274203	280.712494	396.699921
1	23.725000	1.290145	280.837494	396.087494
1	23.756000	1.285362	280.881226	396.031250
1	23.787000	1.273333	280.687500	396.125000
0	23.818000	1.144493	277.743744	394.806244
1	23.850000	1.283768	280.212494	395.962494
1	23.896000	1.286377	280.500000	395.862488
1	23.928000	1.268841	280.618774	395.918762
1	23.959000	1.274638	280.668762	395.843750
1	23.990000	1.281014	280.781250	395.581238
1	24.021000	1.252174	280.500000	396.000000
1	24.052000	1.278261	280.687500	395.937500
1	24.084000	1.252174	280.500000	396.000000
1	24.130000	1.272754	280.712494	396.274994
1	24.162000	1.282609	280.500000	396.250000
1	24.193000	1.274638	280.668762	396.331238
1	24.224000	1.272899	280.643768	396.081268
1	24.255000	1.273478	280.706238	396.031250
1	24.286000	1.272319	280.331238	395.668762
1	24.318000	1.285797	280.024994	395.512482
1	24.364000	1.270725	280.225006	395.225006
1	24.396000	1.283623	279.993744	394.981293
1	24.427000	1.272319	280.693726	395.331238
1	24.458000	1.253188	280.381256	395.431244
1	24.489000	1.162029	278.587494	395.787506
1	24.520000	1.281014	280.581238	395.781250
1	24.552000	1.287681	280.518738	395.906250
1	24.583000	1.290145	280.100006	395.912506
1	24.630000	1.272319	280.706238	396.031250
1	24.661000	1.285797	279.975006	395.975006
1	24.692000	1.275362	279.875000	396.125000
1	24.723000	1.284203	279.968750	395.981262
1	24.754000	1.283768	280.212494	395.774994
1	24.786000	1.271884	280.149963	395.300049
1	24.817000	1.277246	280.306244	395.118744
1	24.864000	1.287681	280.118774	395.918762
1	24.895000	1.285362	280.031250	395.156250
1	24.926000	1.285362	279.968750	395.981262
1	24.957000	1.285797	280.024994	395.112518
1	24.988000	1.288551	280.106262	395.031250
1	25.020000	1.285362	279.968750	394.981262
1	25.051000	1.296232	280.012512	395.325012
1	25.098000	1.283623	280.006256	395.993744
1	25.129000	1.285797	280.037506	395.975006
1	25.160000	1.286232	280.106262	396.093750
1	25.191000	1.275362	280.000000	395.500000
1	25.222000	1.302754	280.718750	396.218750
1	25.254000	1.295797	280.868744	396.368744
1	25.285000	1.297391	280.125000	396.812500
1	25.316000	1.283768	280.037506	396.212494
1	25.363000	1.277246	280.631256	395.881256
1	25.394000	1.291159	280.481232	396.068756
1	25.425000	1.324927	280.600006	396.524994
1	25.456000	1.307971	280.831238	396.281250
1	25.488000	1.322319	280.500000	396.625000
1	25.519000	1.307101	281.156250	397.281250
1	25.550000	1.326232	280.506256	397.556244
1	25.597000	1.302754	280.768738	397.268738
1	25.628000	1.329710	280.531250	397.881165
1	25.659000	1.322319	280.987488	397.562500
1	25.690000	1.324493	280.531250	397.531250
1	25.722000	1.322899	280.524994	397.649994
1	25.753000	1.301160	280.662506	397.962494
1	25.784000	1.309275	280.862488	397.437500
1	25.831000	1.298406	280.331238	397.156250
1	25.862000	1.324927	280.462494	396.600006
1	25.893000	1.322899	280.475006	397.225006
1	25.924000	1.309855	280.787506	396.587494
1	25.956000	1.344928	280.500000	398.000000
1	25.987000	1.344928	280.750000	396.250000
1	26.018000	1.326667	280.562500	396.562500
1	26.049000	1.325073	281.443756	396.618744
1	26.096000	1.321739	281.000000	396.500000
1	26.127000	1.321739	281.000000	396.500000
1	26.158000	1.344928	280.500000	398.000000
1	26.190000	1.340725	280.756226	396.406250
1	26.221000	1.326667	280.512512	396.562500
1	26.252000	1.329855	280.875000	396.500000
1	26.283000	1.328985	280.512512	396.562500
1	26.330000	1.310580	280.806244	396.868744
1	26.361000	1.328985	280.437500	397.500000
1	26.392000	1.330435	280.437500	396.562500
1	26.424000	1.326667	280.500000	396.437500
1	26.455000	1.327681	280.531250	396.468750
1	26.486000	1.329275	280.475006	396.350006
1	26.517000	1.322319	280.500000	395.625000
1	26.564000	1.305507	280.774994	395.225006
1	26.595000	1.342319	280.337494	395.787506
1	26.626000	1.326812	280.606323	395.481262
1	26.658000	1.327101	280.493744	395.556244
1	26.689000	1.326667	280.562500	395.512512
1	26.720000	1.305942	280.218750	395.218750
1	26.751000	1.322899	280.649994	395.475006
1	26.782000	1.326812	280.481262	395.531250
1	26.829000	1.327101	280.493744	395.556244
1	26.860000	1.331594	280.537506	395.550079
1	26.892000	1.326667	280.562500	396.437500
1	26.923000	1.332029	280.456238	395.581238
1	26.954000	1.339130	280.500000	396.500000
1	26.985000	1.327681	280.843750	396.531250
1	27.016000	1.326667	280.437500	396.062500
1	27.048000	1.327681	280.406250	395.531250
1	27.094000	1.327681	280.031250	395.531250
1	27.126000	1.327246	280.412506	395.587494
1	27.157000	1.344058	280.312500	395.687500
1	27.188000	1.327101	280.493744	395.568756
1	27.219000	1.326667	280.437500	395.562500
1	27.250000	1.327681	280.518738	395.531250
1	27.282000	1.326087	280.500000	395.500000
1	27.328000	1.327681	280.468750	395.531250
1	27.360000	1.333333	280.750000	395.750000
1	27.391000	1.342464	280.681244	395.693756
1	27.422000	1.339710	280.375000	395.625000
1	27.453000	1.327101	280.506256	395.556244
1	27.484000	1.327101	280.506256	395.506256
1	27.516000	1.333188	280.468750	395.593750
1	27.562000	1.324493	280.468750	395.468750
1	27.594000	1.325073	280.431244	395.556244
1	27.625000	1.344493	280.318756	395.306244
1	27.656000	1.356522	280.500000	395.000000
1	27.687000	1.344638	280.274994	395.337494
1	27.718000	1.344493	280.318756	394.818756
1	27.750000	1.344638	280.287506	395.337494
1	27.781000	1.356522	280.500000	395.000000
1	27.828000	1.334203	279.962524	395.437500
1	27.859000	1.340290	280.399994	395.662506
1	27.890000	1.342319	280.337494	395.787506
1	27.921000	1.370725	280.100006	396.037506
1	27.952000	1.363623	280.968750	395.968750
1	27.984000	1.361014	281.818756	395.943756
1	28.015000	1.366377	281.975006	396.024994
1	28.062000	1.344493	281.431244	396.318756
1	28.093000	1.370145	280.937500	395.062500
1	28.124000	1.370580	280.931244	395.943756
1	28.155000	1.375507	280.781250	395.906250
1	28.186000	1.321739	280.500000	398.000000
1	28.218000	1.321739	280.500000	398.000000
1	28.249000	1.368551	280.731232	396.181244
1	28.296000	1.371884	280.962494	396.100006
1	28.327000	1.368116	281.000000	396.500000
1	28.358000	1.366232	280.993744	396.006256
1	28.389000	1.366812	280.968750	396.981262
1	28.420000	1.403188	280.487427	396.512573
1	28.452000	1.370725	280.962494	397.037506
1	28.483000	1.357681	280.850006	397.499969
1	28.514000	1.377101	280.787506	397.087494
1	28.561000	1.365797	281.000000	397.000000
1	28.592000	1.365217	281.000000	397.000000
1	28.623000	1.366667	280.450012	397.049988
1	28.654000	1.367971	280.943695	397.006256
1	28.686000	1.366377	280.975006	398.024994
1	28.717000	1.365797	281.000000	397.000000
1	28.748000	1.370145	280.937500	397.062500
1	28.795000	1.365797	281.000000	398.000000
1	28.826000	1.370580	280.931244	397.056244
1	28.857000	1.370725	280.962494	397.037506
1	28.888000	1.374493	280.875000	397.125000
1	28.920000	1.375507	281.106262	397.893738
1	28.951000	1.375507	281.031250	398.031250
1	28.982000	1.366812	280.968750	397.968750
1	29.029000	1.365797	281.000000	397.812500
1	29.060000	1.376667	281.093750	397.906250
1	29.091000	1.321739	280.500000	398.000000
1	29.122000	1.365942	280.356262	396.956238
1	29.154000	1.365217	281.000000	397.000000
1	29.185000	1.373913	280.500000	397.000000
1	29.216000	1.414493	279.500000	399.000000
1	29.247000	1.370725	280.962494	397.037506
1	29.294000	1.365217	280.750000	397.000000
1	29.325000	1.369710	280.931244	396.943756
1	29.356000	1.371159	280.968750	396.968750
1	29.388000	1.321739	280.500000	398.000000
1	29.419000	1.363623	280.968750	396.968750
1	29.450000	1.368841	280.875000	397.875000
1	29.481000	1.378841	280.812500	397.937500
1	29.528000	1.366377	280.600006	397.975006
1	29.559000	1.370145	280.937500	397.062500
1	29.590000	1.398551	280.387512	397.387512
1	29.622000	1.286957	279.500000	397.000000
1	29.653000	1.379855	280.843750	397.156250
1	29.684000	1.356522	280.500000	397.000000
1	29.715000	1.321739	280.500000	398.000000
1	29.762000	1.365217	280.937500	396.062500
1	29.793000	1.370725	280.962494	396.037506
1	29.824000	1.379420	280.149994	396.837494
1	29.856000	1.321739	280.500000	398.000000
1	29.887000	1.375362	280.862488	396.862488
1	29.918000	1.344058	280.687500	397.250000
1	29.949000	1.362319	280.875000	397.875000
1	29.980000	1.365362	280.993744	397.881256
<\RIGHT-PUPIL-DATA>
<LEFT-PUPIL-DATA>
903	0
0	-0.066000	0.000000	250.000000	362.000000
0	-0.019000	0.000000	250.000000	362.000000
0	0.012000	0.000000	250.000000	362.000000
0	0.043000	0.000000	250.000000	362.000000
0	0.075000	0.000000	250.000000	362.000000
0	0.106000	0.000000	250.000000	362.000000
0	0.137000	0.000000	250.000000	362.000000
0	0.168000	0.000000	250.000000	362.000000
0	0.199000	0.000000	250.000000	362.000000
0	0.246000	0.000000	250.000000	362.000000
0	0.277000	0.000000	250.000000	362.000000
0	0.309000	0.000000	250.000000	362.000000
0	0.340000	0.000000	250.000000	362.000000
0	0.371000	0.000000	250.000000	362.000000
0	0.402000	0.000000	250.000000	362.000000
0	0.433000	0.000000	250.000000	362.000000
0	0.480000	0.000000	250.000000	362.000000
0	0.511000	0.000000	250.000000	362.000000
0	0.543000	0.000000	250.000000	362.000000
0	0.574000	0.000000	250.000000	362.000000
0	0.605000	0.000000	250.000000	362.000000
0	0.636000	0.000000	250.000000	362.000000
0	0.667000	0.000000	250.000000	362.000000
0	0.714000	0.000000	250.000000	362.000000
0	0.745000	0.000000	250.000000	362.000000
0	0.777000	0.000000	250.000000	362.000000
0	0.808000	0.000000	250.000000	362.000000
0	0.839000	0.000000	250.000000	362.000000
0	0.870000	0.000000	250.000000	362.000000
0	0.901000	0.000000	250.000000	362.000000
0	0.933000	0.000000	250.000000	362.000000
0	0.979000	0.000000	250.000000	362.000000
0	1.011000	0.000000	250.000000	362.000000
0	1.042000	0.000000	250.000000	362.000000
0	1.073000	0.000000	250.000000	362.000000
0	1.104000	0.000000	250.000000	362.000000
0	1.135000	0.000000	250.000000	362.000000
0	1.167000	0.000000	250.000000	362.000000
0	1.213000	0.000000	250.000000	362.000000
0	1.245000	0.000000	250.000000	362.000000
0	1.276000	0.000000	250.000000	362.000000
0	1.307000	0.000000	250.000000	362.000000
0	1.338000	0.000000	250.000000	362.000000
0	1.369000	0.000000	250.000000	362.000000
0	1.401000	0.000000	250.000000	362.000000
0	1.447000	0.000000	250.000000	362.000000
0	1.479000	0.000000	250.000000	362.000000
0	1.510000	0.000000	250.000000	362.000000
0	1.541000	0.000000	250.000000	362.000000
0	1.572000	0.000000	250.000000	362.000000
0	1.603000	0.000000	250.000000	362.000000
0	1.635000	0.000000	250.000000	362.000000
0	1.666000	0.000000	250.000000	362.000000
0	1.713000	0.000000	250.000000	362.000000
0	1.744000	0.000000	250.000000	362.000000
0	1.775000	0.000000	250.000000	362.000000
0	1.806000	0.000000	250.000000	362.000000
0	1.837000	0.000000	250.000000	362.000000
0	1.869000	0.000000	250.000000	362.000000
0	1.900000	0.000000	250.000000	362.000000
0	1.947000	0.000000	250.000000	362.000000
0	1.978000	0.000000	250.000000	362.000000
0	2.009000	0.000000	250.000000	362.000000
0	2.040000	0.000000	250.000000	362.000000
0	2.071000	0.000000	250.000000	362.000000
0	2.103000	0.000000	250.000000	362.000000
0	2.134000	0.000000	250.000000	362.000000
0	2.165000	0.000000	250.000000	362.000000
0	2.212000	0.000000	250.000000	362.000000
0	2.243000	0.000000	250.000000	362.000000
0	2.274000	0.000000	250.000000	362.000000
0	2.305000	0.000000	250.000000	362.000000
0	2.337000	0.000000	250.000000	362.000000
0	2.368000	0.000000	250.000000	362.000000
0	2.399000	0.000000	250.000000	362.000000
0	2.446000	0.000000	250.000000	362.000000
0	2.477000	0.000000	250.000000	362.000000
0	2.508000	0.000000	250.000000	362.000000
0	2.539000	0.000000	250.000000	362.000000
0	2.571000	0.000000	250.000000	362.000000
0	2.602000	0.000000	250.000000	362.000000
0	2.633000	0.000000	250.000000	362.000000
0	2.680000	0.000000	250.000000	362.000000
0	2.711000	0.000000	250.000000	362.000000
0	2.742000	0.000000	250.000000	362.000000
0	2.773000	0.000000	250.000000	362.000000
0	2.805000	0.000000	250.000000	362.000000
0	2.836000	0.000000	250.000000	362.000000
0	2.867000	0.000000	250.000000	362.000000
0	2.898000	0.000000	250.000000	362.000000
0	2.945000	0.000000	250.000000	362.000000
0	2.976000	0.000000	250.000000	362.000000
0	3.007000	0.000000	250.000000	362.000000
0	3.039000	0.000000	250.000000	362.000000
0	3.070000	0.000000	250.000000	362.000000
0	3.101000	0.000000	250.000000	362.000000
0	3.132000	0.000000	250.000000	362.000000
0	3.179000	0.000000	250.000000	362.000000
0	3.210000	0.000000	250.000000	362.000000
0	3.241000	0.000000	250.000000	362.000000
0	3.273000	0.000000	250.000000	362.000000
0	3.304000	0.000000	250.000000	362.000000
0	3.335000	0.000000	250.000000	362.000000
0	3.366000	0.000000	250.000000	362.000000
0	3.413000	0.000000	250.000000	362.000000
0	3.444000	0.000000	250.000000	362.000000
0	3.475000	0.000000	250.000000	362.000000
0	3.507000	0.000000	250.000000	362.000000
0	3.538000	0.000000	250.000000	362.000000
0	3.569000	0.000000	250.000000	362.000000
0	3.600000	0.000000	250.000000	362.000000
0	3.631000	0.000000	250.000000	362.000000
0	3.678000	0.000000	250.000000	362.000000
0	3.709000	0.000000	250.000000	362.000000
0	3.741000	0.000000	250.000000	362.000000
0	3.772000	0.000000	250.000000	362.000000
0	3.803000	0.000000	250.000000	362.000000
0	3.834000	0.000000	250.000000	362.000000
0	3.865000	0.000000	250.000000	362.000000
0	3.912000	0.000000	250.000000	362.000000
0	3.943000	0.000000	250.000000	362.000000
0	3.975000	0.000000	250.000000	362.000000
0	4.006000	0.000000	250.000000	362.000000
0	4.037000	0.000000	250.000000	362.000000
0	4.068000	0.000000	250.000000	362.000000
0	4.099000	0.000000	250.000000	362.000000
0	4.146000	0.000000	250.000000	362.000000
0	4.177000	0.000000	250.000000	362.000000
0	4.209000	0.000000	250.000000	362.000000
0	4.240000	0.000000	250.000000	362.000000
0	4.271000	0.000000	250.000000	362.000000
0	4.302000	0.000000	250.000000	362.000000
0	4.333000	0.000000	250.000000	362.000000
0	4.365000	0.000000	250.000000	362.000000
0	4.411000	0.000000	250.000000	362.000000
0	4.443000	0.000000	250.000000	362.000000
0	4.474000	0.000000	250.000000	362.000000
0	4.505000	0.000000	250.000000	362.000000
0	4.536000	0.000000	250.000000	362.000000
0	4.567000	0.000000	250.000000	362.000000
0	4.599000	0.000000	250.000000	362.000000
0	4.645000	0.000000	250.000000	362.000000
0	4.677000	0.000000	250.000000	362.000000
0	4.708000	0.000000	250.000000	362.000000
0	4.739000	0.000000	250.000000	362.000000
0	4.770000	0.000000	250.000000	362.000000
0	4.801000	0.000000	250.000000	362.000000
0	4.833000	0.000000	250.000000	362.000000
0	4.864000	0.000000	250.000000	362.000000
0	4.911000	0.000000	250.000000	362.000000
0	4.942000	0.000000	250.000000	362.000000
0	4.973000	0.000000	250.000000	362.000000
0	5.004000	0.000000	250.000000	362.000000
0	5.035000	0.000000	250.000000	362.000000
0	5.067000	0.000000	250.000000	362.000000
0	5.098000	0.000000	250.000000	362.000000
0	5.145000	0.000000	250.000000	362.000000
0	5.176000	0.000000	250.000000	362.000000
0	5.207000	0.000000	250.000000	362.000000
0	5.238000	0.000000	250.000000	362.000000
0	5.269000	0.000000	250.000000	362.000000
0	5.301000	0.000000	250.000000	362.000000
0	5.332000	0.000000	250.000000	362.000000
0	5.379000	0.000000	250.000000	362.000000
0	5.410000	0.000000	250.000000	362.000000
0	5.441000	0.000000	250.000000	362.000000
0	5.472000	0.000000	250.000000	362.000000
0	5.503000	0.000000	250.000000	362.000000
0	5.535000	0.000000	250.000000	362.000000
0	5.566000	0.000000	250.000000	362.000000
0	5.597000	0.000000	250.000000	362.000000
0	5.644000	0.000000	250.000000	362.000000
0	5.675000	0.000000	250.000000	362.000000
0	5.706000	0.000000	250.000000	362.000000
0	5.737000	0.000000	250.000000	362.000000
0	5.769000	0.000000	250.000000	362.000000
0	5.800000	0.000000	250.000000	362.000000
0	5.831000	0.000000	250.000000	362.000000
0	5.878000	0.000000	250.000000	362.000000
0	5.909000	0.000000	250.000000	362.000000
0	5.940000	0.000000	250.000000	362.000000
0	5.971000	0.000000	250.000000	362.000000
0	6.003000	0.000000	250.000000	362.000000
0	6.034000	0.000000	250.000000	362.000000
0	6.065000	0.000000	250.000000	362.000000
0	6.096000	0.000000	250.000000	362.000000
0	6.143000	0.000000	250.000000	362.000000
0	6.174000	0.000000	250.000000	362.000000
0	6.205000	0.000000	250.000000	362.000000
0	6.237000	0.000000	250.000000	362.000000
0	6.268000	0.000000	250.000000	362.000000
0	6.299000	0.000000	250.000000	362.000000
0	6.330000	0.000000	250.000000	362.000000
0	6.377000	0.000000	250.000000	362.000000
0	6.408000	0.000000	250.000000	362.000000
0	6.439000	0.000000	250.000000	362.000000
0	6.471000	0.000000	250.000000	362.000000
0	6.502000	0.000000	250.000000	362.000000
0	6.533000	0.000000	250.000000	362.000000
0	6.564000	0.000000	250.000000	362.000000
0	6.611000	0.000000	250.000000	362.000000
0	6.642000	0.000000	250.000000	362.000000
0	6.673000	0.000000	250.000000	362.000000
0	6.705000	0.000000	250.000000	362.000000
0	6.736000	0.000000	250.000000	362.000000
0	6.767000	0.000000	250.000000	362.000000
0	6.798000	0.000000	250.000000	362.000000
0	6.829000	0.000000	250.000000	362.000000
0	6.876000	0.000000	250.000000	362.000000
0	6.907000	0.000000	250.000000	362.000000
0	6.939000	0.000000	250.000000	362.000000
0	6.970000	0.000000	250.000000	362.000000
0	7.001000	0.000000	250.000000	362.000000
0	7.032000	0.000000	250.000000	362.000000
0	7.063000	0.000000	250.000000	362.000000
0	7.110000	0.000000	250.000000	362.000000
0	7.141000	0.000000	250.000000	362.000000
0	7.173000	0.000000	250.000000	362.000000
0	7.204000	0.000000	250.000000	362.000000
0	7.235000	0.000000	250.000000	362.000000
0	7.266000	0.000000	250.000000	362.000000
0	7.297000	0.000000	250.000000	362.000000
0	7.344000	0.000000	250.000000	362.000000
0	7.375000	0.000000	250.000000	362.000000
0	7.407000	0.000000	250.000000	362.000000
0	7.438000	0.000000	250.000000	362.000000
0	7.469000	0.000000	250.000000	362.000000
0	7.500000	0.000000	250.000000	362.000000
0	7.531000	0.000000	250.000000	362.000000
0	7.563000	0.000000	250.000000	362.000000
0	7.609000	0.000000	250.000000	362.000000
0	7.641000	0.000000	250.000000	362.000000
0	7.672000	0.000000	250.000000	362.000000
0	7.703000	0.000000	250.000000	362.000000
0	7.734000	0.000000	250.000000	362.000000
0	7.765000	0.000000	250.000000	362.000000
0	7.797000	0.000000	250.000000	362.000000
0	7.843000	0.000000	250.000000	362.000000
0	7.875000	0.000000	250.000000	362.000000
0	7.906000	0.000000	250.000000	362.000000
0	7.937000	0.000000	250.000000	362.000000
0	7.968000	0.000000	250.000000	362.000000
0	7.999000	0.000000	250.000000	362.000000
0	8.031000	0.000000	250.000000	362.000000
0	8.077000	0.000000	250.000000	362.000000
0	8.109000	0.000000	250.000000	362.000000
0	8.140000	0.000000	250.000000	362.000000
0	8.171000	0.000000	250.000000	362.000000
0	8.202000	0.000000	250.000000	362.000000
0	8.233000	0.000000	250.000000	362.000000
0	8.265000	0.000000	250.000000	362.000000
0	8.296000	0.000000	250.000000	362.000000
0	8.343000	0.000000	250.000000	362.000000
0	8.374000	0.000000	250.000000	362.000000
0	8.405000	0.000000	250.000000	362.000000
0	8.436000	0.000000	250.000000	362.000000
0	8.467000	0.000000	250.000000	362.000000
0	8.499000	0.000000	250.000000	362.000000
0	8.530000	0.000000	250.000000	362.000000
0	8.577000	0.000000	250.000000	362.000000
0	8.608000	0.000000	250.000000	362.000000
0	8.639000	0.000000	250.000000	362.000000
0	8.670000	0.000000	250.000000	362.000000
0	8.701000	0.000000	250.000000	362.000000
0	8.733000	0.000000	250.000000	362.000000
0	8.764000	0.000000	250.000000	362.000000
0	8.811000	0.000000	250.000000	362.000000
0	8.842000	0.000000	250.000000	362.000000
0	8.873000	0.000000	250.000000	362.000000
0	8.904000	0.000000	250.000000	362.000000
0	8.935000	0.000000	250.000000	362.000000
0	8.967000	0.000000	250.000000	362.000000
0	8.998000	0.000000	250.000000	362.000000
0	9.029000	0.000000	250.000000	362.000000
0	9.076000	0.000000	250.000000	362.000000
0	9.107000	0.000000	250.000000	362.000000
0	9.138000	0.000000	250.000000	362.000000
0	9.169000	0.000000	250.000000	362.000000
0	9.201000	0.000000	250.000000	362.000000
0	9.232000	0.000000	250.000000	362.000000
0	9.263000	0.000000	250.000000	362.000000
0	9.310000	0.000000	250.000000	362.000000
0	9.341000	0.000000	250.000000	362.000000
0	9.372000	0.000000	250.000000	362.000000
0	9.403000	0.000000	250.000000	362.000000
0	9.435000	0.000000	250.000000	362.000000
0	9.466000	0.000000	250.000000	362.000000
0	9.497000	0.000000	250.000000	362.000000
0	9.544000	0.000000	250.000000	362.000000
0	9.575000	0.000000	250.000000	362.000000
0	9.606000	0.000000	250.000000	362.000000
0	9.637000	0.000000	250.000000	362.000000
0	9.669000	0.000000	250.000000	362.000000
0	9.700000	0.000000	250.000000	362.000000
0	9.731000	0.000000	250.000000	362.000000
0	9.762000	0.000000	250.000000	362.000000
0	9.809000	0.000000	250.000000	362.000000
0	9.840000	0.000000	250.000000	362.000000
0	9.871000	0.000000	250.000000	362.000000
0	9.903000	0.000000	250.000000	362.000000
0	9.934000	0.000000	250.000000	362.000000
0	9.965000	0.000000	250.000000	362.000000
0	9.996000	0.000000	250.000000	362.000000
0	10.027000	0.000000	250.000000	362.000000
0	10.074000	0.000000	250.000000	362.000000
0	10.105000	0.000000	250.000000	362.000000
0	10.137000	0.000000	250.000000	362.000000
0	10.168000	0.000000	250.000000	362.000000
0	10.199000	0.000000	250.000000	362.000000
0	10.230000	0.000000	250.000000	362.000000
0	10.261000	0.000000	250.000000	362.000000
0	10.308000	0.000000	250.000000	362.000000
0	10.339000	0.000000	250.000000	362.000000
0	10.371000	0.000000	250.000000	362.000000
0	10.402000	0.000000	250.000000	362.000000
0	10.433000	0.000000	250.000000	362.000000
0	10.464000	0.000000	250.000000	362.000000
0	10.495000	0.000000	250.000000	362.000000
0	10.542000	0.000000	250.000000	362.000000
0	10.573000	0.000000	250.000000	362.000000
0	10.605000	0.000000	250.000000	362.000000
0	10.636000	0.000000	250.000000	362.000000
0	10.667000	0.000000	250.000000	362.000000
0	10.698000	0.000000	250.000000	362.000000
0	10.729000	0.000000	250.000000	362.000000
0	10.761000	0.000000	250.000000	362.000000
0	10.807000	0.000000	250.000000	362.000000
0	10.839000	0.000000	250.000000	362.000000
0	10.870000	0.000000	250.000000	362.000000
0	10.901000	0.000000	250.000000	362.000000
0	10.932000	0.000000	250.000000	362.000000
0	10.963000	0.000000	250.000000	362.000000
0	10.995000	0.000000	250.000000	362.000000
0	11.041000	0.000000	250.000000	362.000000
0	11.073000	0.000000	250.000000	362.000000
0	11.104000	0.000000	250.000000	362.000000
0	11.135000	0.000000	250.000000	362.000000
0	11.166000	0.000000	250.000000	362.000000
0	11.197000	0.000000	250.000000	362.000000
0	11.229000	0.000000	250.000000	362.000000
0	11.275000	0.000000	250.000000	362.000000
0	11.307000	0.000000	250.000000	362.000000
0	11.338000	0.000000	250.000000	362.000000
0	11.369000	0.000000	250.000000	362.000000
0	11.400000	0.000000	250.000000	362.000000
0	11.431000	0.000000	250.000000	362.000000
0	11.463000	0.000000	250.000000	362.000000
0	11.494000	0.000000	250.000000	362.000000
0	11.541000	0.000000	250.000000	362.000000
0	11.572000	0.000000	250.000000	362.000000
0	11.603000	0.000000	250.000000	362.000000
0	11.634000	0.000000	250.000000	362.000000
0	11.665000	0.000000	250.000000	362.000000
0	11.697000	0.000000	250.000000	362.000000
0	11.728000	0.000000	250.000000	362.000000
0	11.775000	0.000000	250.000000	362.000000
0	11.806000	0.000000	250.000000	362.000000
0	11.837000	0.000000	250.000000	362.000000
0	11.868000	0.000000	250.000000	362.000000
0	11.899000	0.000000	250.000000	362.000000
0	11.931000	0.000000	250.000000	362.000000
0	11.962000	0.000000	250.000000	362.000000
0	12.009000	0.000000	250.000000	362.000000
0	12.040000	0.000000	250.000000	362.000000
0	12.071000	0.000000	250.000000	362.000000
0	12.102000	0.000000	250.000000	362.000000
0	12.133000	0.000000	250.000000	362.000000
0	12.165000	0.000000	250.000000	362.000000
0	12.196000	0.000000	250.000000	362.000000
0	12.227000	0.000000	250.000000	362.000000
0	12.274000	0.000000	250.000000	362.000000
0	12.305000	0.000000	250.000000	362.000000
0	12.336000	0.000000	250.000000	362.000000
0	12.367000	0.000000	250.000000	362.000000
0	12.399000	0.000000	250.000000	362.000000
0	12.430000	0.000000	250.000000	362.000000
0	12.461000	0.000000	250.000000	362.000000
0	12.508000	0.000000	250.000000	362.000000
0	12.539000	0.000000	250.000000	362.000000
0	12.570000	0.000000	250.000000	362.000000
0	12.601000	0.000000	250.000000	362.000000
0	12.633000	0.000000	250.000000	362.000000
0	12.664000	0.000000	250.000000	362.000000
0	12.695000	0.000000	250.000000	362.000000
0	12.742000	0.000000	250.000000	362.000000
0	12.773000	0.000000	250.000000	362.000000
0	12.804000	0.000000	250.000000	362.000000
0	12.835000	0.000000	250.000000	362.000000
0	12.867000	0.000000	250.000000	362.000000
0	12.898000	0.000000	250.000000	362.000000
0	12.929000	0.000000	250.000000	362.000000
0	12.960000	0.000000	250.000000	362.000000
0	13.007000	0.000000	250.000000	362.000000
0	13.038000	0.000000	250.000000	362.000000
0	13.069000	0.000000	250.000000	362.000000
0	13.101000	0.000000	250.000000	362.000000
0	13.132000	0.000000	250.000000	362.000000
0	13.163000	0.000000	250.000000	362.000000
0	13.194000	0.000000	250.000000	362.000000
0	13.241000	0.000000	250.000000	362.000000
0	13.272000	0.000000	250.000000	362.000000
0	13.303000	0.000000	250.000000	362.000000
0	13.335000	0.000000	250.000000	362.000000
0	13.366000	0.000000	250.000000	362.000000
0	13.397000	0.000000	250.000000	362.000000
0	13.428000	0.000000	250.000000	362.000000
0	13.475000	0.000000	250.000000	362.000000
0	13.506000	0.000000	250.000000	362.000000
0	13.537000	0.000000	250.000000	362.000000
0	13.569000	0.000000	250.000000	362.000000
0	13.600000	0.000000	250.000000	362.000000
0	13.631000	0.000000	250.000000	362.000000
0	13.662000	0.000000	250.000000	362.000000
0	13.693000	0.000000	250.000000	362.000000
0	13.740000	0.000000	250.000000	362.000000
0	13.771000	0.000000	250.000000	362.000000
0	13.803000	0.000000	250.000000	362.000000
0	13.834000	0.000000	250.000000	362.000000
0	13.865000	0.000000	250.000000	362.000000
0	13.896000	0.000000	250.000000	362.000000
0	13.927000	0.000000	250.000000	362.000000
0	13.959000	0.000000	250.000000	362.000000
0	14.005000	0.000000	250.000000	362.000000
0	14.037000	0.000000	250.000000	362.000000
0	14.068000	0.000000	250.000000	362.000000
0	14.099000	0.000000	250.000000	362.000000
0	14.130000	0.000000	250.000000	362.000000
0	14.161000	0.000000	250.000000	362.000000
0	14.193000	0.000000	250.000000	362.000000
0	14.239000	0.000000	250.000000	362.000000
0	14.271000	0.000000	250.000000	362.000000
0	14.302000	0.000000	250.000000	362.000000
0	14.333000	0.000000	250.000000	362.000000
0	14.364000	0.000000	250.000000	362.000000
0	14.395000	0.000000	250.000000	362.000000
0	14.427000	0.000000	250.000000	362.000000
0	14.473000	0.000000	250.000000	362.000000
0	14.505000	0.000000	250.000000	362.000000
0	14.536000	0.000000	250.000000	362.000000
0	14.567000	0.000000	250.000000	362.000000
0	14.598000	0.000000	250.000000	362.000000
0	14.629000	0.000000	250.000000	362.000000
0	14.661000	0.000000	250.000000	362.000000
0	14.692000	0.000000	250.000000	362.000000
0	14.739000	0.000000	250.000000	362.000000
0	14.770000	0.000000	250.000000	362.000000
0	14.801000	0.000000	250.000000	362.000000
0	14.832000	0.000000	250.000000	362.000000
0	14.863000	0.000000	250.000000	362.000000
0	14.895000	0.000000	250.000000	362.000000
0	14.926000	0.000000	250.000000	362.000000
0	14.973000	0.000000	250.000000	362.000000
0	15.004000	0.000000	250.000000	362.000000
0	15.035000	0.000000	250.000000	362.000000
0	15.066000	0.000000	250.000000	362.000000
0	15.097000	0.000000	250.000000	362.000000
0	15.129000	0.000000	250.000000	362.000000
0	15.160000	0.000000	250.000000	362.000000
0	15.207000	0.000000	250.000000	362.000000
0	15.238000	0.000000	250.000000	362.000000
0	15.269000	0.000000	250.000000	362.000000
0	15.300000	0.000000	250.000000	362.000000
0	15.331000	0.000000	250.000000	362.000000
0	15.363000	0.000000	250.000000	362.000000
0	15.394000	0.000000	250.000000	362.000000
0	15.425000	0.000000	250.000000	362.000000
0	15.472000	0.000000	250.000000	362.000000
0	15.503000	0.000000	250.000000	362.000000
0	15.534000	0.000000	250.000000	362.000000
0	15.565000	0.000000	250.000000	362.000000
0	15.597000	0.000000	250.000000	362.000000
0	15.628000	0.000000	250.000000	362.000000
0	15.659000	0.000000	250.000000	362.000000
0	15.706000	0.000000	250.000000	362.000000
0	15.737000	0.000000	250.000000	362.000000
0	15.768000	0.000000	250.000000	362.000000
0	15.799000	0.000000	250.000000	362.000000
0	15.831000	0.000000	250.000000	362.000000
0	15.862000	0.000000	250.000000	362.000000
0	15.893000	0.000000	250.000000	362.000000
0	15.940000	0.000000	250.000000	362.000000
0	15.971000	0.000000	250.000000	362.000000
0	16.002000	0.000000	250.000000	362.000000
0	16.033000	0.000000	250.000000	362.000000
0	16.065000	0.000000	250.000000	362.000000
0	16.096000	0.000000	250.000000	362.000000
0	16.127000	0.000000	250.000000	362.000000
0	16.158000	0.000000	250.000000	362.000000
0	16.205000	0.000000	250.000000	362.000000
0	16.236000	0.000000	250.000000	362.000000
0	16.267000	0.000000	250.000000	362.000000
0	16.299000	0.000000	250.000000	362.000000
0	16.330000	0.000000	250.000000	362.000000
0	16.361000	0.000000	250.000000	362.000000
0	16.392000	0.000000	250.000000	362.000000
0	16.439000	0.000000	250.000000	362.000000
0	16.470000	0.000000	250.000000	362.000000
0	16.501000	0.000000	250.000000	362.000000
0	16.533000	0.000000	250.000000	362.000000
0	16.564000	0.000000	250.000000	362.000000
0	16.595000	0.000000	250.000000	362.000000
0	16.626000	0.000000	250.000000	362.000000
0	16.673000	0.000000	250.000000	362.000000
0	16.704000	0.000000	250.000000	362.000000
0	16.735000	0.000000	250.000000	362.000000
0	16.767000	0.000000	250.000000	362.000000
0	16.798000	0.000000	250.000000	362.000000
0	16.829000	0.000000	250.000000	362.000000
0	16.860000	0.000000	250.000000	362.000000
0	16.891000	0.000000	250.000000	362.000000
0	16.938000	0.000000	250.000000	362.000000
0	16.969000	0.000000	250.000000	362.000000
0	17.001000	0.000000	250.000000	362.000000
0	17.032000	0.000000	250.000000	362.000000
0	17.063000	0.000000	250.000000	362.000000
0	17.094000	0.000000	250.000000	362.000000
0	17.125000	0.000000	250.000000	362.000000
0	17.172000	0.000000	250.000000	362.000000
0	17.203000	0.000000	250.000000	362.000000
0	17.235000	0.000000	250.000000	362.000000
0	17.266000	0.000000	250.000000	362.000000
0	17.297000	0.000000	250.000000	362.000000
0	17.328000	0.000000	250.000000	362.000000
0	17.359000	0.000000	250.000000	362.000000
0	17.406000	0.000000	250.000000	362.000000
0	17.437000	0.000000	250.000000	362.000000
0	17.469000	0.000000	250.000000	362.000000
0	17.500000	0.000000	250.000000	362.000000
0	17.531000	0.000000	250.000000	362.000000
0	17.562000	0.000000	250.000000	362.000000
0	17.593000	0.000000	250.000000	362.000000
0	17.625000	0.000000	250.000000	362.000000
0	17.671000	0.000000	250.000000	362.000000
0	17.703000	0.000000	250.000000	362.000000
0	17.734000	0.000000	250.000000	362.000000
0	17.765000	0.000000	250.000000	362.000000
0	17.796000	0.000000	250.000000	362.000000
0	17.827000	0.000000	250.000000	362.000000
0	17.859000	0.000000	250.000000	362.000000
0	17.905000	0.000000	250.000000	362.000000
0	17.937000	0.000000	250.000000	362.000000
0	17.968000	0.000000	250.000000	362.000000
0	17.999000	0.000000	250.000000	362.000000
0	18.030000	0.000000	250.000000	362.000000
0	18.061000	0.000000	250.000000	362.000000
0	18.093000	0.000000	250.000000	362.000000
0	18.124000	0.000000	250.000000	362.000000
0	18.171000	0.000000	250.000000	362.000000
0	18.202000	0.000000	250.000000	362.000000
0	18.233000	0.000000	250.000000	362.000000
0	18.264000	0.000000	250.000000	362.000000
0	18.296000	0.000000	250.000000	362.000000
0	18.327000	0.000000	250.000000	362.000000
0	18.358000	0.000000	250.000000	362.000000
0	18.405000	0.000000	250.000000	362.000000
0	18.436000	0.000000	250.000000	362.000000
0	18.467000	0.000000	250.000000	362.000000
0	18.498000	0.000000	250.000000	362.000000
0	18.530000	0.000000	250.000000	362.000000
0	18.561000	0.000000	250.000000	362.000000
0	18.592000	0.000000	250.000000	362.000000
0	18.639000	0.000000	250.000000	362.000000
0	18.670000	0.000000	250.000000	362.000000
0	18.701000	0.000000	250.000000	362.000000
0	18.732000	0.000000	250.000000	362.000000
0	18.764000	0.000000	250.000000	362.000000
0	18.795000	0.000000	250.000000	362.000000
0	18.826000	0.000000	250.000000	362.000000
0	18.857000	0.000000	250.000000	362.000000
0	18.904000	0.000000	250.000000	362.000000
0	18.935000	0.000000	250.000000	362.000000
0	18.966000	0.000000	250.000000	362.000000
0	18.998000	0.000000	250.000000	362.000000
0	19.029000	0.000000	250.000000	362.000000
0	19.060000	0.000000	250.000000	362.000000
0	19.091000	0.000000	250.000000	362.000000
0	19.138000	0.000000	250.000000	362.000000
0	19.169000	0.000000	250.000000	362.000000
0	19.200000	0.000000	250.000000	362.000000
0	19.232000	0.000000	250.000000	362.000000
0	19.263000	0.000000	250.000000	362.000000
0	19.294000	0.000000	250.000000	362.000000
0	19.325000	0.000000	250.000000	362.000000
0	19.356000	0.000000	250.000000	362.000000
0	19.403000	0.000000	250.000000	362.000000
0	19.434000	0.000000	250.000000	362.000000
0	19.466000	0.000000	250.000000	362.000000
0	19.497000	0.000000	250.000000	362.000000
0	19.528000	0.000000	250.000000	362.000000
0	19.559000	0.000000	250.000000	362.000000
0	19.590000	0.000000	250.000000	362.000000
0	19.637000	0.000000	250.000000	362.000000
0	19.668000	0.000000	250.000000	362.000000
0	19.700000	0.000000	250.000000	362.000000
0	19.731000	0.000000	250.000000	362.000000
0	19.762000	0.000000	250.000000	362.000000
0	19.793000	0.000000	250.000000	362.000000
0	19.824000	0.000000	250.000000	362.000000
0	19.871000	0.000000	250.000000	362.000000
0	19.902000	0.000000	250.000000	362.000000
0	19.934000	0.000000	250.000000	362.000000
0	19.965000	0.000000	250.000000	362.000000
0	19.996000	0.000000	250.000000	362.000000
0	20.027000	0.000000	250.000000	362.000000
0	20.058000	0.000000	250.000000	362.000000
0	20.090000	0.000000	250.000000	362.000000
0	20.136000	0.000000	250.000000	362.000000
0	20.168000	0.000000	250.000000	362.000000
0	20.199000	0.000000	250.000000	362.000000
0	20.230000	0.000000	250.000000	362.000000
0	20.261000	0.000000	250.000000	362.000000
0	20.292000	0.000000	250.000000	362.000000
0	20.324000	0.000000	250.000000	362.000000
0	20.370000	0.000000	250.000000	362.000000
0	20.402000	0.000000	250.000000	362.000000
0	20.433000	0.000000	250.000000	362.000000
0	20.464000	0.000000	250.000000	362.000000
0	20.495000	0.000000	250.000000	362.000000
0	20.526000	0.000000	250.000000	362.000000
0	20.558000	0.000000	250.000000	362.000000
0	20.604000	0.000000	250.000000	362.000000
0	20.636000	0.000000	250.000000	362.000000
0	20.667000	0.000000	250.000000	362.000000
0	20.698000	0.000000	250.000000	362.000000
0	20.729000	0.000000	250.000000	362.000000
0	20.760000	0.000000	250.000000	362.000000
0	20.792000	0.000000	250.000000	362.000000
0	20.823000	0.000000	250.000000	362.000000
0	20.870000	0.000000	250.000000	362.000000
0	20.901000	0.000000	250.000000	362.000000
0	20.932000	0.000000	250.000000	362.000000
0	20.963000	0.000000	250.000000	362.000000
0	20.994000	0.000000	250.000000	362.000000
0	21.026000	0.000000	250.000000	362.000000
0	21.057000	0.000000	250.000000	362.000000
0	21.104000	0.000000	250.000000	362.000000
0	21.135000	0.000000	250.000000	362.000000
0	21.166000	0.000000	250.000000	362.000000
0	21.197000	0.000000	250.000000	362.000000
0	21.228000	0.000000	250.000000	362.000000
0	21.260000	0.000000	250.000000	362.000000
0	21.291000	0.000000	250.000000	362.000000
0	21.338000	0.000000	250.000000	362.000000
0	21.369000	0.000000	250.000000	362.000000
0	21.400000	0.000000	250.000000	362.000000
0	21.431000	0.000000	250.000000	362.000000
0	21.462000	0.000000	250.000000	362.000000
0	21.494000	0.000000	250.000000	362.000000
0	21.525000	0.000000	250.000000	362.000000
0	21.556000	0.000000	250.000000	362.000000
0	21.603000	0.000000	250.000000	362.000000
0	21.634000	0.000000	250.000000	362.000000
0	21.665000	0.000000	250.000000	362.000000
0	21.696000	0.000000	250.000000	362.000000
0	21.728000	0.000000	250.000000	362.000000
0	21.759000	0.000000	250.000000	362.000000
0	21.790000	0.000000	250.000000	362.000000
0	21.837000	0.000000	250.000000	362.000000
0	21.868000	0.000000	250.000000	362.000000
0	21.899000	0.000000	250.000000	362.000000
0	21.930000	0.000000	250.000000	362.000000
0	21.962000	0.000000	250.000000	362.000000
0	21.993000	0.000000	250.000000	362.000000
0	22.024000	0.000000	250.000000	362.000000
0	22.055000	0.000000	250.000000	362.000000
0	22.102000	0.000000	250.000000	362.000000
0	22.133000	0.000000	250.000000	362.000000
0	22.164000	0.000000	250.000000	362.000000
0	22.196000	0.000000	250.000000	362.000000
0	22.227000	0.000000	250.000000	362.000000
0	22.258000	0.000000	250.000000	362.000000
0	22.289000	0.000000	250.000000	362.000000
0	22.336000	0.000000	250.000000	362.000000
0	22.367000	0.000000	250.000000	362.000000
0	22.398000	0.000000	250.000000	362.000000
0	22.430000	0.000000	250.000000	362.000000
0	22.461000	0.000000	250.000000	362.000000
0	22.492000	0.000000	250.000000	362.000000
0	22.523000	0.000000	250.000000	362.000000
0	22.570000	0.000000	250.000000	362.000000
0	22.601000	0.000000	250.000000	362.000000
0	22.632000	0.000000	250.000000	362.000000
0	22.664000	0.000000	250.000000	362.000000
0	22.695000	0.000000	250.000000	362.000000
0	22.726000	0.000000	250.000000	362.000000
0	22.757000	0.000000	250.000000	362.000000
0	22.788000	0.000000	250.000000	362.000000
0	22.835000	0.000000	250.000000	362.000000
0	22.866000	0.000000	250.000000	362.000000
0	22.898000	0.000000	250.000000	362.000000
0	22.929000	0.000000	250.000000	362.000000
0	22.960000	0.000000	250.000000	362.000000
0	22.991000	0.000000	250.000000	362.000000
0	23.022000	0.000000	250.000000	362.000000
0	23.069000	0.000000	250.000000	362.000000
0	23.100000	0.000000	250.000000	362.000000
0	23.132000	0.000000	250.000000	362.000000
0	23.163000	0.000000	250.000000	362.000000
0	23.194000	0.000000	250.000000	362.000000
0	23.225000	0.000000	250.000000	362.000000
0	23.256000	0.000000	250.000000	362.000000
0	23.303000	0.000000	250.000000	362.000000
0	23.334000	0.000000	250.000000	362.000000
0	23.366000	0.000000	250.000000	362.000000
0	23.397000	0.000000	250.000000	362.000000
0	23.428000	0.000000	250.000000	362.000000
0	23.459000	0.000000	250.000000	362.000000
0	23.490000	0.000000	250.000000	362.000000
0	23.522000	0.000000	250.000000	362.000000
0	23.568000	0.000000	250.000000	362.000000
0	23.600000	0.000000	250.000000	362.000000
0	23.631000	0.000000	250.000000	362.000000
0	23.662000	0.000000	250.000000	362.000000
0	23.693000	0.000000	250.000000	362.000000
0	23.724000	0.000000	250.000000	362.000000
0	23.756000	0.000000	250.000000	362.000000
0	23.802000	0.000000	250.000000	362.000000
0	23.834000	0.000000	250.000000	362.000000
0	23.865000	0.000000	250.000000	362.000000
0	23.896000	0.000000	250.000000	362.000000
0	23.927000	0.000000	250.000000	362.000000
0	23.958000	0.000000	250.000000	362.000000
0	23.990000	0.000000	250.000000	362.000000
0	24.021000	0.000000	250.000000	362.000000
0	24.068000	0.000000	250.000000	362.000000
0	24.099000	0.000000	250.000000	362.000000
0	24.130000	0.000000	250.000000	362.000000
0	24.161000	0.000000	250.000000	362.000000
0	24.192000	0.000000	250.000000	362.000000
0	24.224000	0.000000	250.000000	362.000000
0	24.255000	0.000000	250.000000	362.000000
0	24.302000	0.000000	250.000000	362.000000
0	24.333000	0.000000	250.000000	362.000000
0	24.364000	0.000000	250.000000	362.000000
0	24.395000	0.000000	250.000000	362.000000
0	24.426000	0.000000	250.000000	362.000000
0	24.458000	0.000000	250.000000	362.000000
0	24.489000	0.000000	250.000000	362.000000
0	24.536000	0.000000	250.000000	362.000000
0	24.567000	0.000000	250.000000	362.000000
0	24.598000	0.000000	250.000000	362.000000
0	24.629000	0.000000	250.000000	362.000000
0	24.660000	0.000000	250.000000	362.000000
0	24.692000	0.000000	250.000000	362.000000
0	24.723000	0.000000	250.000000	362.000000
0	24.754000	0.000000	250.000000	362.000000
0	24.801000	0.000000	250.000000	362.000000
0	24.832000	0.000000	250.000000	362.000000
0	24.863000	0.000000	250.000000	362.000000
0	24.894000	0.000000	250.000000	362.000000
0	24.926000	0.000000	250.000000	362.000000
0	24.957000	0.000000	250.000000	362.000000
0	24.988000	0.000000	250.000000	362.000000
0	25.035000	0.000000	250.000000	362.000000
0	25.066000	0.000000	250.000000	362.000000
0	25.097000	0.000000	250.000000	362.000000
0	25.128000	0.000000	250.000000	362.000000
0	25.160000	0.000000	250.000000	362.000000
0	25.191000	0.000000	250.000000	362.000000
0	25.222000	0.000000	250.000000	362.000000
0	25.269000	0.000000	250.000000	362.000000
0	25.300000	0.000000	250.000000	362.000000
0	25.331000	0.000000	250.000000	362.000000
0	25.362000	0.000000	250.000000	362.000000
0	25.394000	0.000000	250.000000	362.000000
0	25.425000	0.000000	250.000000	362.000000
0	25.456000	0.000000	250.000000	362.000000
0	25.487000	0.000000	250.000000	362.000000
0	25.534000	0.000000	250.000000	362.000000
0	25.565000	0.000000	250.000000	362.000000
0	25.596000	0.000000	250.000000	362.000000
0	25.628000	0.000000	250.000000	362.000000
0	25.659000	0.000000	250.000000	362.000000
0	25.690000	0.000000	250.000000	362.000000
0	25.721000	0.000000	250.000000	362.000000
0	25.768000	0.000000	250.000000	362.000000
0	25.799000	0.000000	250.000000	362.000000
0	25.830000	0.000000	250.000000	362.000000
0	25.862000	0.000000	250.000000	362.000000
0	25.893000	0.000000	250.000000	362.000000
0	25.924000	0.000000	250.000000	362.000000
0	25.955000	0.000000	250.000000	362.000000
0	25.986000	0.000000	250.000000	362.000000
0	26.033000	0.000000	250.000000	362.000000
0	26.064000	0.000000	250.000000	362.000000
0	26.096000	0.000000	250.000000	362.000000
0	26.127000	0.000000	250.000000	362.000000
0	26.158000	0.000000	250.000000	362.000000
0	26.189000	0.000000	250.000000	362.000000
0	26.220000	0.000000	250.000000	362.000000
0	26.267000	0.000000	250.000000	362.000000
0	26.298000	0.000000	250.000000	362.000000
0	26.330000	0.000000	250.000000	362.000000
0	26.361000	0.000000	250.000000	362.000000
0	26.392000	0.000000	250.000000	362.000000
0	26.423000	0.000000	250.000000	362.000000
0	26.454000	0.000000	250.000000	362.000000
0	26.501000	0.000000	250.000000	362.000000
0	26.532000	0.000000	250.000000	362.000000
0	26.564000	0.000000	250.000000	362.000000
0	26.595000	0.000000	250.000000	362.000000
0	26.626000	0.000000	250.000000	362.000000
0	26.657000	0.000000	250.000000	362.000000
0	26.688000	0.000000	250.000000	362.000000
0	26.720000	0.000000	250.000000	362.000000
0	26.766000	0.000000	250.000000	362.000000
0	26.798000	0.000000	250.000000	362.000000
0	26.829000	0.000000	250.000000	362.000000
0	26.860000	0.000000	250.000000	362.000000
0	26.891000	0.000000	250.000000	362.000000
0	26.922000	0.000000	250.000000	362.000000
0	26.954000	0.000000	250.000000	362.000000
0	27.000000	0.000000	250.000000	362.000000
0	27.032000	0.000000	250.000000	362.000000
0	27.063000	0.000000	250.000000	362.000000
0	27.094000	0.000000	250.000000	362.000000
0	27.125000	0.000000	250.000000	362.000000
0	27.156000	0.000000	250.000000	362.000000
0	27.188000	0.000000	250.000000	362.000000
0	27.234000	0.000000	250.000000	362.000000
0	27.266000	0.000000	250.000000	362.000000
0	27.297000	0.000000	250.000000	362.000000
0	27.328000	0.000000	250.000000	362.000000
0	27.359000	0.000000	250.000000	362.000000
0	27.390000	0.000000	250.000000	362.000000
0	27.422000	0.000000	250.000000	362.000000
0	27.453000	0.000000	250.000000	362.000000
0	27.500000	0.000000	250.000000	362.000000
0	27.531000	0.000000	250.000000	362.000000
0	27.562000	0.000000	250.000000	362.000000
0	27.593000	0.000000	250.000000	362.000000
0	27.624000	0.000000	250.000000	362.000000
0	27.656000	0.000000	250.000000	362.000000
0	27.687000	0.000000	250.000000	362.000000
0	27.734000	0.000000	250.000000	362.000000
0	27.765000	0.000000	250.000000	362.000000
0	27.796000	0.000000	250.000000	362.000000
0	27.827000	0.000000	250.000000	362.000000
0	27.858000	0.000000	250.000000	362.000000
0	27.890000	0.000000	250.000000	362.000000
0	27.921000	0.000000	250.000000	362.000000
0	27.968000	0.000000	250.000000	362.000000
0	27.999000	0.000000	250.000000	362.000000
0	28.030000	0.000000	250.000000	362.000000
0	28.061000	0.000000	250.000000	362.000000
0	28.092000	0.000000	250.000000	362.000000
0	28.124000	0.000000	250.000000	362.000000
0	28.155000	0.000000	250.000000	362.000000
0	28.186000	0.000000	250.000000	362.000000
0	28.233000	0.000000	250.000000	362.000000
0	28.264000	0.000000	250.000000	362.000000
0	28.295000	0.000000	250.000000	362.000000
0	28.326000	0.000000	250.000000	362.000000
0	28.358000	0.000000	250.000000	362.000000
0	28.389000	0.000000	250.000000	362.000000
0	28.420000	0.000000	250.000000	362.000000
0	28.467000	0.000000	250.000000	362.000000
0	28.498000	0.000000	250.000000	362.000000
0	28.529000	0.000000	250.000000	362.000000
0	28.560000	0.000000	250.000000	362.000000
0	28.592000	0.000000	250.000000	362.000000
0	28.623000	0.000000	250.000000	362.000000
0	28.654000	0.000000	250.000000	362.000000
0	28.701000	0.000000	250.000000	362.000000
0	28.732000	0.000000	250.000000	362.000000
0	28.763000	0.000000	250.000000	362.000000
0	28.794000	0.000000	250.000000	362.000000
0	28.826000	0.000000	250.000000	362.000000
0	28.857000	0.000000	250.000000	362.000000
0	28.888000	0.000000	250.000000	362.000000
0	28.919000	0.000000	250.000000	362.000000
0	28.966000	0.000000	250.000000	362.000000
0	28.997000	0.000000	250.000000	362.000000
0	29.028000	0.000000	250.000000	362.000000
0	29.060000	0.000000	250.000000	362.000000
0	29.091000	0.000000	250.000000	362.000000
0	29.122000	0.000000	250.000000	362.000000
0	29.153000	0.000000	250.000000	362.000000
0	29.200000	0.000000	250.000000	362.000000
0	29.231000	0.000000	250.000000	362.000000
0	29.262000	0.000000	250.000000	362.000000
0	29.294000	0.000000	250.000000	362.000000
0	29.325000	0.000000	250.000000	362.000000
0	29.356000	0.000000	250.000000	362.000000
0	29.387000	0.000000	250.000000	362.000000
0	29.418000	0.000000	250.000000	362.000000
0	29.465000	0.000000	250.000000	362.000000
0	29.496000	0.000000	250.000000	362.000000
0	29.528000	0.000000	250.000000	362.000000
0	29.559000	0.000000	250.000000	362.000000
0	29.590000	0.000000	250.000000	362.000000
0	29.621000	0.000000	250.000000	362.000000
0	29.652000	0.000000	250.000000	362.000000
0	29.699000	0.000000	250.000000	362.000000
0	29.730000	0.000000	250.000000	362.000000
0	29.762000	0.000000	250.000000	362.000000
0	29.793000	0.000000	250.000000	362.000000
0	29.824000	0.000000	250.000000	362.000000
0	29.855000	0.000000	250.000000	362.000000
0	29.886000	0.000000	250.000000	362.000000
0	29.918000	0.000000	250.000000	362.000000
0	29.964000	0.000000	250.000000	362.000000
0	29.996000	0.000000	250.000000	362.000000
<\LEFT-PUPIL-DATA>
<RIGHT-PUPIL-ANALYSIS>
1
0	0	18	902	0	0	0.509000	29.518999	0.510000	15.810344	0.000000	0.000000	0.000000	0	3	3	3	3	0	0	0	0.000000	0.000000	0.000000	0.000000	0.000000	0.000000	0.000000	-1.000000	0.000000	0	1.088725	0.613877	0.931424	0.296035	0.330000	-0.264686	-0.991119	-1.000000	0.062136	1	1.088725	0.613877	0.931424	0.296035	0.330000	-0.287896	-0.991121	-1.000000	0.063566
<\RIGHT-PUPIL-ANALYSIS>
<LEFT-PUPIL-ANALYSIS>
1
0	0	17	902	0	0	0.509000	29.518999	0.510000	15.810344	0.000000	0.000000	0.000000	0	3	3	3	3	0	0	0	0.000000	0.000000	0.000000	0.000000	0.000000	0.000000	0.000000	-1.000000	0.000000	0	-0.034783	-0.034783	0.000950	0.000950	0.002000	0.000000	0.000000	-1.000000	0.000000	1	-0.034783	-0.034783	0.000950	0.000950	0.002000	-1000000.000000	-1000000.000000	-1.000000	0.000000
<\LEFT-PUPIL-ANALYSIS>
%%%%%%%%%
%%%%%%%%%
%%%%%%%%%
%%%	Measurement Tiime is: 2017-12-05 10:54:29
%%%	Subject ID is: c57bl6-4.11.17-1mois-DAOG-F1-1.2b
%%%	Note: 
%%%	RSS: Default Human Relative Spectral Sensitivity
%%%	Pupil Analysis:
%%%
%%%
%%%
%%%	Pulse Index:	0
%%%	Stimulus Session Index:	0
%%%	Right Pupil Stimulated
%%%	Light Metric is Photopic
%%%	Stimulus Start Time(sec):	0.51
%%%	Stimulus Duration(sec):	29.52
%%%	Stimulus Pulse Duration(sec):	0.51
%%%	Right Pulse:	15.81	(Blue )	-	0.00	(Blue )	[Lux ]
%%%	Left Pulse:	0.00	(Blue )	-	0.00	(Blue )	[Lux ]
%%%
%%%		RIGHT	LEFT	R.Pupil Mean	L.Pupil Mean	R.Stim Mean	R.Stim Mean
%%%	INPUT:	RAW DATA	RAW DATA
%%%	STATE:	ABNORMAL	ABNORMAL	ABNORMAL	ABNORMAL	ABNORMAL	ABNORMAL
%%%	MAX(mm):	0.00	0.00	0.00	0.00	0.00	0.00
%%%	MIN(mm):	0.00	0.00	0.00	0.00	0.00	0.00
%%%	DELTA(mm):						
%%%	CH(%):						
%%%	LAT(sec):	0.00	0.00	0.00	0.00	0.00	0.00
%%%	CV(mm/s):	0.00	0.00	0.00	0.00	0.00	0.00
%%%	MCV(mm/s):	0.00	0.00	0.00	0.00	0.00	0.00
%%%	DV(mm/s):	0.00	0.00	0.00	0.00	0.00	0.00
%%%%%%%%%
%%%%%%%%%
%%%%%%%%%
%%%	Right Pupil Profile (1st row -> 1 == valid tracking, 0 == invalid tracking; 2nd row -> time; 3rd row -> diameter (mm))
%%%	1	1	1	1	1	1	1	1	1	1	1	1	1	1	1	1	1	1	1	1	1	1	1	1	1	1	1	1	1	1	1	1	1	1	1	1	1	1	1	1	1	1	1	1	1	1	1	1	1	1	1	1	1	1	1	0	0	1	0	1	1	1	1	1	1	1	1	1	1	1	0	0	1	1	1	1	1	1	1	1	1	1	1	1	1	1	1	1	1	1	1	1	1	1	0	1	0	1	1	1	1	1	1	1	1	1	1	1	1	1	1	1	1	1	1	1	1	1	1	1	1	1	1	1	1	1	1	1	1	1	1	1	1	1	1	1	1	1	1	1	1	1	1	1	1	1	0	1	1	1	1	1	1	1	1	1	1	1	1	1	1	1	1	1	1	1	1	1	1	1	1	1	1	1	1	1	1	1	1	1	1	1	1	1	1	1	0	1	1	1	1	1	1	1	0	1	1	1	1	1	1	1	1	1	1	1	1	1	1	1	1	1	1	0	1	1	1	1	1	1	1	1	1	1	1	1	1	1	1	1	1	1	1	1	1	1	1	1	1	1	1	1	1	1	1	1	1	1	1	1	1	1	1	1	1	1	1	1	1	1	1	1	1	1	1	1	1	1	1	1	1	1	1	1	1	1	1	1	1	1	1	1	1	1	1	1	1	1	1	1	1	1	1	1	1	1	1	1	1	1	1	1	1	1	1	1	1	1	1	1	1	1	1	1	1	1	1	1	1	1	1	1	1	1	1	1	1	1	1	1	1	1	1	1	1	1	1	1	1	1	1	1	1	1	1	1	1	1	1	0	1	1	1	1	1	1	1	1	1	1	1	1	1	1	1	1	1	1	1	1	1	1	1	1	1	1	1	1	1	1	1	1	1	1	1	1	1	1	1	1	1	1	1	1	1	1	1	1	1	1	1	1	1	1	1	1	1	1	1	1	1	1	1	1	1	1	1	1	1	1	1	1	1	1	1	1	1	1	1	1	1	1	1	1	1	1	1	1	1	1	1	1	1	1	1	1	1	1	1	1	1	1	1	1	1	1	1	1	1	1	1	1	1	1	1	1	1	1	1	1	1	1	1	1	1	1	1	1	1	1	1	1	1	1	1	1	1	1	1	1	1	1	1	1	1	1	1	1	1	1	1	1	1	1	1	1	1	1	1	1	1	1	1	1	1	1	1	1	1	1	1	1	1	1	1	1	1	1	1	1	1	1	1	1	1	1	1	1	1	1	1	1	1	1	1	1	1	1	0	1	1	1	1	1	1	1	1	1	1	1	1	1	1	1	1	1	1	1	1	1	1	1	1	1	1	1	1	1	1	1	1	1	1	1	1	1	1	1	1	1	1	1	1	1	1	1	1	1	1	1	1	1	1	1	1	1	1	1	1	1	1	1	1	1	1	1	1	1	1	1	1	1	1	1	1	1	1	1	1	1	1	1	1	1	1	1	1	1	1	1	1	1	1	1	1	1	1	1	1	1	1	1	1	1	1	1	1	1	1	1	1	1	1	1	1	1	1	1	1	1	1	1	1	1	1	1	1	0	1	1	1	1	1	1	1	0	1	1	1	1	1	1	1	1	1	1	1	1	1	1	1	1	1	1	1	1	1	1	1	1	1	1	1	1	1	1	1	0	1	1	1	1	1	1	1	1	1	1	1	1	1	1	1	1	1	1	1	1	1	1	1	1	1	1	1	1	1	1	1	1	1	1	1	1	1	1	1	1	1	1	1	1	1	1	1	1	1	1	1	1	1	1	1	1	1	1	1	1	1	1	1	1	1	1	1	1	1	1	1	1	1	1	1	1	1	1	1	1	1	1	1	1	1	1	1	1	1	1	1	1	1	1	1	1	1	1	1	1	1	1	1	1	1	1	1	1	1	1	1	1	1	1	1	1	1	1	1	1	1	1	1	1	1	1	1	1	1	1	1	1	1	1	1	1	1	1	1	1	1	1	1	1	1	1	1	1	1	1	1	1	1	1	1	1	1	1	1	1	1	1	1	1	1	1	1	1	1	1	1	1	1	1	1	1	1	1	1	1	1	1	1	1	1
%%%	-0.065000	-0.034000	-0.003000	0.028000	0.075000	0.106000	0.137000	0.169000	0.200000	0.231000	0.262000	0.309000	0.340000	0.371000	0.403000	0.434000	0.465000	0.496000	0.527000	0.574000	0.605000	0.637000	0.668000	0.699000	0.730000	0.761000	0.808000	0.839000	0.871000	0.902000	0.933000	0.964000	0.995000	1.042000	1.073000	1.105000	1.136000	1.167000	1.198000	1.229000	1.261000	1.307000	1.339000	1.370000	1.401000	1.432000	1.463000	1.495000	1.541000	1.573000	1.604000	1.635000	1.666000	1.697000	1.729000	1.775000	1.807000	1.838000	1.869000	1.900000	1.931000	1.963000	1.994000	2.041000	2.072000	2.103000	2.134000	2.165000	2.197000	2.228000	2.275000	2.306000	2.337000	2.368000	2.399000	2.431000	2.462000	2.493000	2.540000	2.571000	2.602000	2.633000	2.665000	2.696000	2.727000	2.774000	2.805000	2.836000	2.867000	2.899000	2.930000	2.961000	3.008000	3.039000	3.070000	3.101000	3.133000	3.164000	3.195000	3.226000	3.273000	3.304000	3.335000	3.367000	3.398000	3.429000	3.460000	3.507000	3.538000	3.569000	3.601000	3.632000	3.663000	3.694000	3.741000	3.772000	3.803000	3.835000	3.866000	3.897000	3.928000	3.959000	4.006000	4.037000	4.069000	4.100000	4.131000	4.162000	4.193000	4.240000	4.271000	4.303000	4.334000	4.365000	4.396000	4.427000	4.474000	4.505000	4.537000	4.568000	4.599000	4.630000	4.661000	4.693000	4.739000	4.771000	4.802000	4.833000	4.864000	4.895000	4.927000	4.973000	5.005000	5.036000	5.067000	5.098000	5.129000	5.161000	5.207000	5.239000	5.270000	5.301000	5.332000	5.363000	5.395000	5.426000	5.473000	5.504000	5.535000	5.566000	5.597000	5.629000	5.660000	5.707000	5.738000	5.769000	5.800000	5.831000	5.863000	5.894000	5.925000	5.972000	6.003000	6.034000	6.065000	6.097000	6.128000	6.159000	6.206000	6.237000	6.268000	6.299000	6.331000	6.362000	6.393000	6.424000	6.471000	6.502000	6.533000	6.565000	6.596000	6.627000	6.658000	6.705000	6.736000	6.767000	6.799000	6.830000	6.861000	6.892000	6.939000	6.970000	7.001000	7.033000	7.064000	7.095000	7.126000	7.157000	7.204000	7.235000	7.267000	7.298000	7.329000	7.360000	7.391000	7.438000	7.469000	7.501000	7.532000	7.563000	7.594000	7.625000	7.672000	7.703000	7.735000	7.766000	7.797000	7.828000	7.859000	7.891000	7.937000	7.969000	8.000000	8.031000	8.062000	8.093000	8.125000	8.171000	8.203000	8.234000	8.265000	8.296000	8.327000	8.359000	8.405000	8.437000	8.468000	8.499000	8.530000	8.561000	8.593000	8.624000	8.671000	8.702000	8.733000	8.764000	8.795000	8.827000	8.858000	8.905000	8.936000	8.967000	8.998000	9.029000	9.061000	9.092000	9.139000	9.170000	9.201000	9.232000	9.263000	9.295000	9.326000	9.357000	9.404000	9.435000	9.466000	9.497000	9.529000	9.560000	9.591000	9.638000	9.669000	9.700000	9.731000	9.763000	9.794000	9.825000	9.872000	9.903000	9.934000	9.965000	9.997000	10.028000	10.059000	10.090000	10.137000	10.168000	10.199000	10.231000	10.262000	10.293000	10.324000	10.355000	10.402000	10.433000	10.465000	10.496000	10.527000	10.558000	10.605000	10.636000	10.667000	10.699000	10.730000	10.761000	10.792000	10.823000	10.870000	10.901000	10.933000	10.964000	10.995000	11.026000	11.057000	11.089000	11.135000	11.167000	11.198000	11.229000	11.260000	11.291000	11.323000	11.369000	11.401000	11.432000	11.463000	11.494000	11.525000	11.557000	11.603000	11.635000	11.666000	11.697000	11.728000	11.759000	11.791000	11.822000	11.869000	11.900000	11.931000	11.962000	11.993000	12.025000	12.056000	12.103000	12.134000	12.165000	12.196000	12.227000	12.259000	12.290000	12.337000	12.368000	12.399000	12.430000	12.461000	12.493000	12.524000	12.555000	12.602000	12.633000	12.664000	12.695000	12.727000	12.758000	12.789000	12.836000	12.867000	12.898000	12.929000	12.961000	12.992000	13.023000	13.070000	13.101000	13.132000	13.163000	13.195000	13.226000	13.257000	13.288000	13.335000	13.366000	13.397000	13.429000	13.460000	13.491000	13.522000	13.569000	13.600000	13.631000	13.663000	13.694000	13.725000	13.756000	13.803000	13.834000	13.865000	13.897000	13.928000	13.959000	13.990000	14.021000	14.068000	14.099000	14.131000	14.162000	14.193000	14.224000	14.255000	14.302000	14.333000	14.365000	14.396000	14.427000	14.458000	14.489000	14.536000	14.567000	14.599000	14.630000	14.661000	14.692000	14.723000	14.755000	14.801000	14.833000	14.864000	14.895000	14.926000	14.957000	14.989000	15.035000	15.067000	15.098000	15.129000	15.160000	15.191000	15.223000	15.254000	15.301000	15.332000	15.363000	15.394000	15.425000	15.457000	15.488000	15.535000	15.566000	15.597000	15.628000	15.659000	15.691000	15.722000	15.753000	15.800000	15.831000	15.862000	15.893000	15.925000	15.956000	15.987000	16.034000	16.065000	16.096000	16.127000	16.159000	16.190000	16.221000	16.268000	16.299000	16.330000	16.361000	16.393000	16.424000	16.455000	16.486000	16.533000	16.564000	16.595000	16.627000	16.658000	16.689000	16.720000	16.767000	16.798000	16.829000	16.861000	16.892000	16.923000	16.954000	17.001000	17.032000	17.063000	17.095000	17.126000	17.157000	17.188000	17.219000	17.266000	17.297000	17.329000	17.360000	17.391000	17.422000	17.453000	17.500000	17.531000	17.563000	17.594000	17.625000	17.656000	17.687000	17.734000	17.765000	17.797000	17.828000	17.859000	17.890000	17.921000	17.953000	17.999000	18.031000	18.062000	18.093000	18.124000	18.156000	18.187000	18.234000	18.265000	18.296000	18.327000	18.358000	18.390000	18.421000	18.468000	18.499000	18.530000	18.561000	18.592000	18.624000	18.655000	18.686000	18.733000	18.764000	18.795000	18.826000	18.858000	18.889000	18.920000	18.967000	18.998000	19.029000	19.060000	19.092000	19.123000	19.154000	19.185000	19.232000	19.263000	19.294000	19.326000	19.357000	19.388000	19.419000	19.466000	19.497000	19.528000	19.560000	19.591000	19.622000	19.653000	19.700000	19.731000	19.762000	19.794000	19.825000	19.856000	19.887000	19.918000	19.965000	19.996000	20.028000	20.059000	20.090000	20.121000	20.152000	20.199000	20.230000	20.262000	20.293000	20.324000	20.355000	20.386000	20.433000	20.464000	20.496000	20.527000	20.558000	20.589000	20.620000	20.652000	20.698000	20.730000	20.761000	20.792000	20.823000	20.854000	20.886000	20.932000	20.964000	20.995000	21.026000	21.057000	21.088000	21.120000	21.166000	21.198000	21.229000	21.260000	21.291000	21.322000	21.354000	21.385000	21.432000	21.463000	21.494000	21.525000	21.556000	21.588000	21.619000	21.666000	21.697000	21.728000	21.759000	21.790000	21.822000	21.853000	21.900000	21.931000	21.962000	21.993000	22.024000	22.056000	22.087000	22.118000	22.165000	22.196000	22.227000	22.258000	22.290000	22.321000	22.352000	22.399000	22.430000	22.461000	22.492000	22.524000	22.555000	22.586000	22.633000	22.664000	22.695000	22.726000	22.758000	22.789000	22.820000	22.851000	22.898000	22.929000	22.960000	22.992000	23.023000	23.054000	23.085000	23.116000	23.163000	23.194000	23.226000	23.257000	23.288000	23.319000	23.350000	23.397000	23.428000	23.460000	23.491000	23.522000	23.553000	23.584000	23.631000	23.662000	23.694000	23.725000	23.756000	23.787000	23.818000	23.850000	23.896000	23.928000	23.959000	23.990000	24.021000	24.052000	24.084000	24.130000	24.162000	24.193000	24.224000	24.255000	24.286000	24.318000	24.364000	24.396000	24.427000	24.458000	24.489000	24.520000	24.552000	24.583000	24.630000	24.661000	24.692000	24.723000	24.754000	24.786000	24.817000	24.864000	24.895000	24.926000	24.957000	24.988000	25.020000	25.051000	25.098000	25.129000	25.160000	25.191000	25.222000	25.254000	25.285000	25.316000	25.363000	25.394000	25.425000	25.456000	25.488000	25.519000	25.550000	25.597000	25.628000	25.659000	25.690000	25.722000	25.753000	25.784000	25.831000	25.862000	25.893000	25.924000	25.956000	25.987000	26.018000	26.049000	26.096000	26.127000	26.158000	26.190000	26.221000	26.252000	26.283000	26.330000	26.361000	26.392000	26.424000	26.455000	26.486000	26.517000	26.564000	26.595000	26.626000	26.658000	26.689000	26.720000	26.751000	26.782000	26.829000	26.860000	26.892000	26.923000	26.954000	26.985000	27.016000	27.048000	27.094000	27.126000	27.157000	27.188000	27.219000	27.250000	27.282000	27.328000	27.360000	27.391000	27.422000	27.453000	27.484000	27.516000	27.562000	27.594000	27.625000	27.656000	27.687000	27.718000	27.750000	27.781000	27.828000	27.859000	27.890000	27.921000	27.952000	27.984000	28.015000	28.062000	28.093000	28.124000	28.155000	28.186000	28.218000	28.249000	28.296000	28.327000	28.358000	28.389000	28.420000	28.452000	28.483000	28.514000	28.561000	28.592000	28.623000	28.654000	28.686000	28.717000	28.748000	28.795000	28.826000	28.857000	28.888000	28.920000	28.951000	28.982000	29.029000	29.060000	29.091000	29.122000	29.154000	29.185000	29.216000	29.247000	29.294000	29.325000	29.356000	29.388000	29.419000	29.450000	29.481000	29.528000	29.559000	29.590000	29.622000	29.653000	29.684000	29.715000	29.762000	29.793000	29.824000	29.856000	29.887000	29.918000	29.949000	29.980000
%%%	1.062899	1.079420	1.081015	1.101015	1.081015	1.098551	1.042174	1.087971	1.104928	1.081015	1.096232	1.114638	1.043333	1.055072	1.115652	1.078841	1.087971	1.079275	1.043478	1.083768	1.114203	1.101449	1.100725	1.043333	1.043478	1.105362	1.100580	1.008696	1.084058	1.039855	1.017391	0.988116	0.975072	0.930435	0.931015	0.912899	0.880580	0.871159	0.857536	0.825507	0.822899	0.800000	0.796232	0.771159	0.727681	0.745797	0.731014	0.717971	0.736667	0.714203	0.689710	0.690290	0.703188	0.690725	0.682464	0.672464	0.579710	0.655072	0.672464	0.664203	0.631014	0.638116	0.618406	0.597101	0.643043	0.633768	0.615942	0.620725	0.633188	0.631014	0.672464	0.579710	0.625507	0.620580	0.605362	0.619420	0.601159	0.633188	0.620145	0.633188	0.631594	0.637101	0.633768	0.627246	0.618986	0.644203	0.633333	0.633188	0.630435	0.634203	0.648406	0.614058	0.631594	0.626087	0.579710	0.620290	0.579710	0.652754	0.642319	0.652754	0.672754	0.654203	0.644203	0.641884	0.652754	0.662319	0.666812	0.664058	0.671594	0.672754	0.661884	0.678261	0.663623	0.666377	0.672899	0.660145	0.627681	0.671159	0.690290	0.690725	0.695072	0.689710	0.689710	0.690290	0.672754	0.690725	0.699420	0.691884	0.727536	0.707101	0.703768	0.717971	0.696377	0.717246	0.723333	0.695652	0.747101	0.689710	0.717971	0.720725	0.717971	0.751159	0.757246	0.757102	0.776377	0.755942	0.765217	0.747246	0.761594	0.742029	0.753333	0.761594	0.777536	0.752899	0.742319	0.778841	0.755362	0.778261	0.755507	0.742029	0.753188	0.789565	0.776812	0.764058	0.796232	0.792319	0.760290	0.791304	0.759710	0.814638	0.794058	0.781884	0.811594	0.796667	0.764638	0.777681	0.795072	0.803333	0.797971	0.800000	0.811884	0.805362	0.714058	0.712319	0.792319	0.796232	0.673333	0.755797	0.817971	0.801159	0.814638	0.754928	0.725072	0.801594	0.690725	0.815362	0.801015	0.816377	0.814203	0.718986	0.813623	0.820580	0.831449	0.805362	0.817391	0.834783	0.815797	0.833188	0.824493	0.832029	0.834783	0.820725	0.799420	0.765217	0.834783	0.828550	0.833188	0.833768	0.825072	0.811594	0.845072	0.820725	0.816232	0.784638	0.831594	0.805362	0.824928	0.814493	0.814058	0.818985	0.848841	0.831160	0.825072	0.840725	0.837971	0.839130	0.829855	0.835942	0.861014	0.840725	0.835362	0.823333	0.864783	0.866812	0.831449	0.834927	0.865797	0.836377	0.875362	0.861594	0.881015	0.870580	0.876812	0.879710	0.865797	0.875942	0.874928	0.895507	0.904348	0.883188	0.888116	0.897681	0.889710	0.885362	0.886377	0.885507	0.909420	0.878261	0.894928	0.892754	0.902754	0.925072	0.885362	0.913043	0.922319	0.902029	0.897246	0.916377	0.912029	0.936377	0.900580	0.916812	0.904348	0.918985	0.907102	0.927536	0.923333	0.889275	0.916232	0.920725	0.904493	0.915797	0.920580	0.901014	0.918841	0.931015	0.922754	0.929275	0.950725	0.927681	0.927681	0.927681	0.928261	0.904348	0.920580	0.896232	0.950580	0.935942	0.933188	0.942464	0.950580	0.884493	0.939710	0.939130	0.940580	0.937101	0.938116	0.962029	0.950580	0.944493	0.950725	0.927536	0.954928	0.987536	0.910145	0.978116	0.992029	0.896232	0.927536	0.950725	0.936232	0.921014	0.959710	0.957102	0.931449	0.904348	0.918551	0.938116	0.933188	0.930435	0.957681	0.920725	0.925797	0.927246	0.929420	0.951159	0.950580	0.935797	0.938116	0.857971	0.937101	0.951159	0.954928	0.949420	0.954928	0.950725	0.977536	0.968985	0.985942	0.956522	0.985797	0.938551	0.950725	0.974928	0.973913	0.976667	1.008116	0.976087	1.009420	0.999420	0.985942	0.991159	1.009420	0.999420	0.990145	0.991304	0.997101	0.997246	1.008696	0.995507	0.973913	0.995072	1.017391	0.991884	0.990290	1.007536	1.008696	1.008116	1.009420	1.029275	0.996667	0.999420	1.010580	1.032029	1.013623	1.000145	1.008696	1.003333	1.040290	1.044058	1.011594	1.006377	1.055072	1.020725	1.009420	0.996667	1.031884	1.008551	1.007102	1.017536	1.015797	1.043478	1.016812	1.007536	1.024928	1.039710	1.009420	1.044638	0.973913	1.007536	1.009420	1.037681	1.053188	1.062029	1.026667	1.031884	1.033623	1.035362	1.009420	1.020725	1.031884	1.020290	1.063623	1.007536	1.045797	1.044638	1.043333	1.026232	1.043478	1.062029	1.039855	1.020290	1.079420	1.049420	1.081594	1.063623	1.044058	1.061884	1.067971	1.062464	1.053768	1.008696	1.055072	1.043478	1.062464	1.082029	1.062029	1.070145	1.068116	1.062029	1.049275	1.087536	1.066232	1.047246	1.091159	1.079855	1.043333	1.043478	1.079420	1.079420	1.096667	1.079420	1.092319	1.069420	1.095072	1.072899	1.081449	1.066232	1.061449	1.009420	1.079420	1.084058	1.043478	1.079855	1.044058	1.062029	1.062029	1.081594	1.090290	1.090290	1.043333	1.044058	1.090290	1.086957	1.098696	1.095652	1.078841	1.095072	1.096667	1.044058	1.079420	1.043333	1.060870	1.109275	1.105942	1.021159	1.088116	1.101159	1.066667	1.124638	1.094493	1.109275	1.101159	1.113623	1.100145	1.095072	1.137536	1.131014	1.155942	1.114058	1.154928	1.138406	1.151160	1.151160	1.153623	1.228985	1.162899	1.195072	1.190725	1.200000	1.194493	1.111594	1.187536	1.185362	1.205362	1.211884	1.202319	1.202754	1.203768	1.204058	1.217391	1.210145	1.220580	1.211884	1.202029	1.220725	1.225507	1.216232	1.136232	1.217391	1.224927	1.211449	1.216812	1.234058	1.225073	1.247101	1.241884	1.228841	1.227971	1.238116	1.256667	1.251014	1.252899	1.234783	1.240145	1.242319	1.231594	1.242899	1.241884	1.239710	1.245507	1.238986	1.211449	1.241884	1.222754	1.231884	1.227101	1.211884	1.238986	1.238116	1.239710	1.205072	1.158116	1.235362	1.223333	1.227681	1.205797	1.233768	1.237971	1.240725	1.231159	1.222319	1.151160	1.229420	1.159275	1.230580	1.234638	1.235942	1.233188	1.240580	1.240145	1.222754	1.181014	1.154928	1.203333	1.237971	1.221159	1.224927	1.239710	1.229275	1.246232	1.204638	1.225507	1.225507	1.198840	1.228841	1.221739	1.237971	1.228985	1.223333	1.227246	1.146667	1.223333	1.243623	1.229420	1.240290	1.238116	1.228841	1.239710	1.252174	1.230580	1.226377	1.252174	1.231159	1.252319	1.235942	1.235942	1.228985	1.233188	1.263768	1.248840	1.225507	1.242319	1.234638	1.252319	1.232029	1.229275	1.237536	1.252174	1.237391	1.242464	1.248406	1.249420	1.253188	1.253188	1.248840	1.251014	1.246377	1.251594	1.269565	1.256667	1.263768	1.265942	1.274638	1.257101	1.278261	1.246377	1.273913	1.321739	1.240725	1.257681	1.268841	1.252174	1.264638	1.228841	1.258985	1.283188	1.044638	1.229855	1.248406	1.257681	1.283623	1.288841	1.263043	1.309855	1.139420	1.285797	1.283768	1.275362	1.285942	1.266812	1.272319	1.272319	1.265362	1.283623	1.274927	1.269420	1.261594	1.273913	1.248840	1.258116	1.256667	1.248986	1.269565	1.272464	1.268116	1.273913	1.272319	1.275507	1.266667	1.272319	1.257681	1.279420	1.274203	1.290145	1.285362	1.273333	1.144493	1.283768	1.286377	1.268841	1.274638	1.281014	1.252174	1.278261	1.252174	1.272754	1.282609	1.274638	1.272899	1.273478	1.272319	1.285797	1.270725	1.283623	1.272319	1.253188	1.162029	1.281014	1.287681	1.290145	1.272319	1.285797	1.275362	1.284203	1.283768	1.271884	1.277246	1.287681	1.285362	1.285362	1.285797	1.288551	1.285362	1.296232	1.283623	1.285797	1.286232	1.275362	1.302754	1.295797	1.297391	1.283768	1.277246	1.291159	1.324927	1.307971	1.322319	1.307101	1.326232	1.302754	1.329710	1.322319	1.324493	1.322899	1.301160	1.309275	1.298406	1.324927	1.322899	1.309855	1.344928	1.344928	1.326667	1.325073	1.321739	1.321739	1.344928	1.340725	1.326667	1.329855	1.328985	1.310580	1.328985	1.330435	1.326667	1.327681	1.329275	1.322319	1.305507	1.342319	1.326812	1.327101	1.326667	1.305942	1.322899	1.326812	1.327101	1.331594	1.326667	1.332029	1.339130	1.327681	1.326667	1.327681	1.327681	1.327246	1.344058	1.327101	1.326667	1.327681	1.326087	1.327681	1.333333	1.342464	1.339710	1.327101	1.327101	1.333188	1.324493	1.325073	1.344493	1.356522	1.344638	1.344493	1.344638	1.356522	1.334203	1.340290	1.342319	1.370725	1.363623	1.361014	1.366377	1.344493	1.370145	1.370580	1.375507	1.321739	1.321739	1.368551	1.371884	1.368116	1.366232	1.366812	1.403188	1.370725	1.357681	1.377101	1.365797	1.365217	1.366667	1.367971	1.366377	1.365797	1.370145	1.365797	1.370580	1.370725	1.374493	1.375507	1.375507	1.366812	1.365797	1.376667	1.321739	1.365942	1.365217	1.373913	1.414493	1.370725	1.365217	1.369710	1.371159	1.321739	1.363623	1.368841	1.378841	1.366377	1.370145	1.398551	1.286957	1.379855	1.356522	1.321739	1.365217	1.370725	1.379420	1.321739	1.375362	1.344058	1.362319	1.365362
%%%	Left Pupil Profile (1st row -> 1 == valid tracking, 0 == invalid tracking; 2nd row -> time; 3rd row -> diameter (mm))
%%%	0	0	0	0	0	0	0	0	0	0	0	0	0	0	0	0	0	0	0	0	0	0	0	0	0	0	0	0	0	0	0	0	0	0	0	0	0	0	0	0	0	0	0	0	0	0	0	0	0	0	0	0	0	0	0	0	0	0	0	0	0	0	0	0	0	0	0	0	0	0	0	0	0	0	0	0	0	0	0	0	0	0	0	0	0	0	0	0	0	0	0	0	0	0	0	0	0	0	0	0	0	0	0	0	0	0	0	0	0	0	0	0	0	0	0	0	0	0	0	0	0	0	0	0	0	0	0	0	0	0	0	0	0	0	0	0	0	0	0	0	0	0	0	0	0	0	0	0	0	0	0	0	0	0	0	0	0	0	0	0	0	0	0	0	0	0	0	0	0	0	0	0	0	0	0	0	0	0	0	0	0	0	0	0	0	0	0	0	0	0	0	0	0	0	0	0	0	0	0	0	0	0	0	0	0	0	0	0	0	0	0	0	0	0	0	0	0	0	0	0	0	0	0	0	0	0	0	0	0	0	0	0	0	0	0	0	0	0	0	0	0	0	0	0	0	0	0	0	0	0	0	0	0	0	0	0	0	0	0	0	0	0	0	0	0	0	0	0	0	0	0	0	0	0	0	0	0	0	0	0	0	0	0	0	0	0	0	0	0	0	0	0	0	0	0	0	0	0	0	0	0	0	0	0	0	0	0	0	0	0	0	0	0	0	0	0	0	0	0	0	0	0	0	0	0	0	0	0	0	0	0	0	0	0	0	0	0	0	0	0	0	0	0	0	0	0	0	0	0	0	0	0	0	0	0	0	0	0	0	0	0	0	0	0	0	0	0	0	0	0	0	0	0	0	0	0	0	0	0	0	0	0	0	0	0	0	0	0	0	0	0	0	0	0	0	0	0	0	0	0	0	0	0	0	0	0	0	0	0	0	0	0	0	0	0	0	0	0	0	0	0	0	0	0	0	0	0	0	0	0	0	0	0	0	0	0	0	0	0	0	0	0	0	0	0	0	0	0	0	0	0	0	0	0	0	0	0	0	0	0	0	0	0	0	0	0	0	0	0	0	0	0	0	0	0	0	0	0	0	0	0	0	0	0	0	0	0	0	0	0	0	0	0	0	0	0	0	0	0	0	0	0	0	0	0	0	0	0	0	0	0	0	0	0	0	0	0	0	0	0	0	0	0	0	0	0	0	0	0	0	0	0	0	0	0	0	0	0	0	0	0	0	0	0	0	0	0	0	0	0	0	0	0	0	0	0	0	0	0	0	0	0	0	0	0	0	0	0	0	0	0	0	0	0	0	0	0	0	0	0	0	0	0	0	0	0	0	0	0	0	0	0	0	0	0	0	0	0	0	0	0	0	0	0	0	0	0	0	0	0	0	0	0	0	0	0	0	0	0	0	0	0	0	0	0	0	0	0	0	0	0	0	0	0	0	0	0	0	0	0	0	0	0	0	0	0	0	0	0	0	0	0	0	0	0	0	0	0	0	0	0	0	0	0	0	0	0	0	0	0	0	0	0	0	0	0	0	0	0	0	0	0	0	0	0	0	0	0	0	0	0	0	0	0	0	0	0	0	0	0	0	0	0	0	0	0	0	0	0	0	0	0	0	0	0	0	0	0	0	0	0	0	0	0	0	0	0	0	0	0	0	0	0	0	0	0	0	0	0	0	0	0	0	0	0	0	0	0	0	0	0	0	0	0	0	0	0	0	0	0	0	0	0	0	0	0	0	0	0	0	0	0	0	0	0	0	0	0	0	0	0	0	0	0	0	0	0	0	0	0	0	0	0	0	0	0	0	0	0	0	0	0	0	0	0	0	0	0	0	0	0	0	0	0	0	0	0	0	0	0	0	0	0	0	0	0	0	0	0	0	0	0	0	0	0	0	0	0	0	0	0	0	0	0	0	0	0	0	0	0	0	0	0	0	0	0	0	0	0	0	0	0	0	0	0	0	0	0	0	0	0	0	0	0	0	0	0	0	0	0	0	0	0	0	0	0	0	0	0	0	0	0	0	0	0	0	0	0	0	0	0	0	0
%%%	-0.066000	-0.019000	0.012000	0.043000	0.075000	0.106000	0.137000	0.168000	0.199000	0.246000	0.277000	0.309000	0.340000	0.371000	0.402000	0.433000	0.480000	0.511000	0.543000	0.574000	0.605000	0.636000	0.667000	0.714000	0.745000	0.777000	0.808000	0.839000	0.870000	0.901000	0.933000	0.979000	1.011000	1.042000	1.073000	1.104000	1.135000	1.167000	1.213000	1.245000	1.276000	1.307000	1.338000	1.369000	1.401000	1.447000	1.479000	1.510000	1.541000	1.572000	1.603000	1.635000	1.666000	1.713000	1.744000	1.775000	1.806000	1.837000	1.869000	1.900000	1.947000	1.978000	2.009000	2.040000	2.071000	2.103000	2.134000	2.165000	2.212000	2.243000	2.274000	2.305000	2.337000	2.368000	2.399000	2.446000	2.477000	2.508000	2.539000	2.571000	2.602000	2.633000	2.680000	2.711000	2.742000	2.773000	2.805000	2.836000	2.867000	2.898000	2.945000	2.976000	3.007000	3.039000	3.070000	3.101000	3.132000	3.179000	3.210000	3.241000	3.273000	3.304000	3.335000	3.366000	3.413000	3.444000	3.475000	3.507000	3.538000	3.569000	3.600000	3.631000	3.678000	3.709000	3.741000	3.772000	3.803000	3.834000	3.865000	3.912000	3.943000	3.975000	4.006000	4.037000	4.068000	4.099000	4.146000	4.177000	4.209000	4.240000	4.271000	4.302000	4.333000	4.365000	4.411000	4.443000	4.474000	4.505000	4.536000	4.567000	4.599000	4.645000	4.677000	4.708000	4.739000	4.770000	4.801000	4.833000	4.864000	4.911000	4.942000	4.973000	5.004000	5.035000	5.067000	5.098000	5.145000	5.176000	5.207000	5.238000	5.269000	5.301000	5.332000	5.379000	5.410000	5.441000	5.472000	5.503000	5.535000	5.566000	5.597000	5.644000	5.675000	5.706000	5.737000	5.769000	5.800000	5.831000	5.878000	5.909000	5.940000	5.971000	6.003000	6.034000	6.065000	6.096000	6.143000	6.174000	6.205000	6.237000	6.268000	6.299000	6.330000	6.377000	6.408000	6.439000	6.471000	6.502000	6.533000	6.564000	6.611000	6.642000	6.673000	6.705000	6.736000	6.767000	6.798000	6.829000	6.876000	6.907000	6.939000	6.970000	7.001000	7.032000	7.063000	7.110000	7.141000	7.173000	7.204000	7.235000	7.266000	7.297000	7.344000	7.375000	7.407000	7.438000	7.469000	7.500000	7.531000	7.563000	7.609000	7.641000	7.672000	7.703000	7.734000	7.765000	7.797000	7.843000	7.875000	7.906000	7.937000	7.968000	7.999000	8.031000	8.077000	8.109000	8.140000	8.171000	8.202000	8.233000	8.265000	8.296000	8.343000	8.374000	8.405000	8.436000	8.467000	8.499000	8.530000	8.577000	8.608000	8.639000	8.670000	8.701000	8.733000	8.764000	8.811000	8.842000	8.873000	8.904000	8.935000	8.967000	8.998000	9.029000	9.076000	9.107000	9.138000	9.169000	9.201000	9.232000	9.263000	9.310000	9.341000	9.372000	9.403000	9.435000	9.466000	9.497000	9.544000	9.575000	9.606000	9.637000	9.669000	9.700000	9.731000	9.762000	9.809000	9.840000	9.871000	9.903000	9.934000	9.965000	9.996000	10.027000	10.074000	10.105000	10.137000	10.168000	10.199000	10.230000	10.261000	10.308000	10.339000	10.371000	10.402000	10.433000	10.464000	10.495000	10.542000	10.573000	10.605000	10.636000	10.667000	10.698000	10.729000	10.761000	10.807000	10.839000	10.870000	10.901000	10.932000	10.963000	10.995000	11.041000	11.073000	11.104000	11.135000	11.166000	11.197000	11.229000	11.275000	11.307000	11.338000	11.369000	11.400000	11.431000	11.463000	11.494000	11.541000	11.572000	11.603000	11.634000	11.665000	11.697000	11.728000	11.775000	11.806000	11.837000	11.868000	11.899000	11.931000	11.962000	12.009000	12.040000	12.071000	12.102000	12.133000	12.165000	12.196000	12.227000	12.274000	12.305000	12.336000	12.367000	12.399000	12.430000	12.461000	12.508000	12.539000	12.570000	12.601000	12.633000	12.664000	12.695000	12.742000	12.773000	12.804000	12.835000	12.867000	12.898000	12.929000	12.960000	13.007000	13.038000	13.069000	13.101000	13.132000	13.163000	13.194000	13.241000	13.272000	13.303000	13.335000	13.366000	13.397000	13.428000	13.475000	13.506000	13.537000	13.569000	13.600000	13.631000	13.662000	13.693000	13.740000	13.771000	13.803000	13.834000	13.865000	13.896000	13.927000	13.959000	14.005000	14.037000	14.068000	14.099000	14.130000	14.161000	14.193000	14.239000	14.271000	14.302000	14.333000	14.364000	14.395000	14.427000	14.473000	14.505000	14.536000	14.567000	14.598000	14.629000	14.661000	14.692000	14.739000	14.770000	14.801000	14.832000	14.863000	14.895000	14.926000	14.973000	15.004000	15.035000	15.066000	15.097000	15.129000	15.160000	15.207000	15.238000	15.269000	15.300000	15.331000	15.363000	15.394000	15.425000	15.472000	15.503000	15.534000	15.565000	15.597000	15.628000	15.659000	15.706000	15.737000	15.768000	15.799000	15.831000	15.862000	15.893000	15.940000	15.971000	16.002000	16.033000	16.065000	16.096000	16.127000	16.158000	16.205000	16.236000	16.267000	16.299000	16.330000	16.361000	16.392000	16.439000	16.470000	16.501000	16.533000	16.564000	16.595000	16.626000	16.673000	16.704000	16.735000	16.767000	16.798000	16.829000	16.860000	16.891000	16.938000	16.969000	17.001000	17.032000	17.063000	17.094000	17.125000	17.172000	17.203000	17.235000	17.266000	17.297000	17.328000	17.359000	17.406000	17.437000	17.469000	17.500000	17.531000	17.562000	17.593000	17.625000	17.671000	17.703000	17.734000	17.765000	17.796000	17.827000	17.859000	17.905000	17.937000	17.968000	17.999000	18.030000	18.061000	18.093000	18.124000	18.171000	18.202000	18.233000	18.264000	18.296000	18.327000	18.358000	18.405000	18.436000	18.467000	18.498000	18.530000	18.561000	18.592000	18.639000	18.670000	18.701000	18.732000	18.764000	18.795000	18.826000	18.857000	18.904000	18.935000	18.966000	18.998000	19.029000	19.060000	19.091000	19.138000	19.169000	19.200000	19.232000	19.263000	19.294000	19.325000	19.356000	19.403000	19.434000	19.466000	19.497000	19.528000	19.559000	19.590000	19.637000	19.668000	19.700000	19.731000	19.762000	19.793000	19.824000	19.871000	19.902000	19.934000	19.965000	19.996000	20.027000	20.058000	20.090000	20.136000	20.168000	20.199000	20.230000	20.261000	20.292000	20.324000	20.370000	20.402000	20.433000	20.464000	20.495000	20.526000	20.558000	20.604000	20.636000	20.667000	20.698000	20.729000	20.760000	20.792000	20.823000	20.870000	20.901000	20.932000	20.963000	20.994000	21.026000	21.057000	21.104000	21.135000	21.166000	21.197000	21.228000	21.260000	21.291000	21.338000	21.369000	21.400000	21.431000	21.462000	21.494000	21.525000	21.556000	21.603000	21.634000	21.665000	21.696000	21.728000	21.759000	21.790000	21.837000	21.868000	21.899000	21.930000	21.962000	21.993000	22.024000	22.055000	22.102000	22.133000	22.164000	22.196000	22.227000	22.258000	22.289000	22.336000	22.367000	22.398000	22.430000	22.461000	22.492000	22.523000	22.570000	22.601000	22.632000	22.664000	22.695000	22.726000	22.757000	22.788000	22.835000	22.866000	22.898000	22.929000	22.960000	22.991000	23.022000	23.069000	23.100000	23.132000	23.163000	23.194000	23.225000	23.256000	23.303000	23.334000	23.366000	23.397000	23.428000	23.459000	23.490000	23.522000	23.568000	23.600000	23.631000	23.662000	23.693000	23.724000	23.756000	23.802000	23.834000	23.865000	23.896000	23.927000	23.958000	23.990000	24.021000	24.068000	24.099000	24.130000	24.161000	24.192000	24.224000	24.255000	24.302000	24.333000	24.364000	24.395000	24.426000	24.458000	24.489000	24.536000	24.567000	24.598000	24.629000	24.660000	24.692000	24.723000	24.754000	24.801000	24.832000	24.863000	24.894000	24.926000	24.957000	24.988000	25.035000	25.066000	25.097000	25.128000	25.160000	25.191000	25.222000	25.269000	25.300000	25.331000	25.362000	25.394000	25.425000	25.456000	25.487000	25.534000	25.565000	25.596000	25.628000	25.659000	25.690000	25.721000	25.768000	25.799000	25.830000	25.862000	25.893000	25.924000	25.955000	25.986000	26.033000	26.064000	26.096000	26.127000	26.158000	26.189000	26.220000	26.267000	26.298000	26.330000	26.361000	26.392000	26.423000	26.454000	26.501000	26.532000	26.564000	26.595000	26.626000	26.657000	26.688000	26.720000	26.766000	26.798000	26.829000	26.860000	26.891000	26.922000	26.954000	27.000000	27.032000	27.063000	27.094000	27.125000	27.156000	27.188000	27.234000	27.266000	27.297000	27.328000	27.359000	27.390000	27.422000	27.453000	27.500000	27.531000	27.562000	27.593000	27.624000	27.656000	27.687000	27.734000	27.765000	27.796000	27.827000	27.858000	27.890000	27.921000	27.968000	27.999000	28.030000	28.061000	28.092000	28.124000	28.155000	28.186000	28.233000	28.264000	28.295000	28.326000	28.358000	28.389000	28.420000	28.467000	28.498000	28.529000	28.560000	28.592000	28.623000	28.654000	28.701000	28.732000	28.763000	28.794000	28.826000	28.857000	28.888000	28.919000	28.966000	28.997000	29.028000	29.060000	29.091000	29.122000	29.153000	29.200000	29.231000	29.262000	29.294000	29.325000	29.356000	29.387000	29.418000	29.465000	29.496000	29.528000	29.559000	29.590000	29.621000	29.652000	29.699000	29.730000	29.762000	29.793000	29.824000	29.855000	29.886000	29.918000	29.964000	29.996000
%%%	0.000000	0.000000	0.000000	0.000000	0.000000	0.000000	0.000000	0.000000	0.000000	0.000000	0.000000	0.000000	0.000000	0.000000	0.000000	0.000000	0.000000	0.000000	0.000000	0.000000	0.000000	0.000000	0.000000	0.000000	0.000000	0.000000	0.000000	0.000000	0.000000	0.000000	0.000000	0.000000	0.000000	0.000000	0.000000	0.000000	0.000000	0.000000	0.000000	0.000000	0.000000	0.000000	0.000000	0.000000	0.000000	0.000000	0.000000	0.000000	0.000000	0.000000	0.000000	0.000000	0.000000	0.000000	0.000000	0.000000	0.000000	0.000000	0.000000	0.000000	0.000000	0.000000	0.000000	0.000000	0.000000	0.000000	0.000000	0.000000	0.000000	0.000000	0.000000	0.000000	0.000000	0.000000	0.000000	0.000000	0.000000	0.000000	0.000000	0.000000	0.000000	0.000000	0.000000	0.000000	0.000000	0.000000	0.000000	0.000000	0.000000	0.000000	0.000000	0.000000	0.000000	0.000000	0.000000	0.000000	0.000000	0.000000	0.000000	0.000000	0.000000	0.000000	0.000000	0.000000	0.000000	0.000000	0.000000	0.000000	0.000000	0.000000	0.000000	0.000000	0.000000	0.000000	0.000000	0.000000	0.000000	0.000000	0.000000	0.000000	0.000000	0.000000	0.000000	0.000000	0.000000	0.000000	0.000000	0.000000	0.000000	0.000000	0.000000	0.000000	0.000000	0.000000	0.000000	0.000000	0.000000	0.000000	0.000000	0.000000	0.000000	0.000000	0.000000	0.000000	0.000000	0.000000	0.000000	0.000000	0.000000	0.000000	0.000000	0.000000	0.000000	0.000000	0.000000	0.000000	0.000000	0.000000	0.000000	0.000000	0.000000	0.000000	0.000000	0.000000	0.000000	0.000000	0.000000	0.000000	0.000000	0.000000	0.000000	0.000000	0.000000	0.000000	0.000000	0.000000	0.000000	0.000000	0.000000	0.000000	0.000000	0.000000	0.000000	0.000000	0.000000	0.000000	0.000000	0.000000	0.000000	0.000000	0.000000	0.000000	0.000000	0.000000	0.000000	0.000000	0.000000	0.000000	0.000000	0.000000	0.000000	0.000000	0.000000	0.000000	0.000000	0.000000	0.000000	0.000000	0.000000	0.000000	0.000000	0.000000	0.000000	0.000000	0.000000	0.000000	0.000000	0.000000	0.000000	0.000000	0.000000	0.000000	0.000000	0.000000	0.000000	0.000000	0.000000	0.000000	0.000000	0.000000	0.000000	0.000000	0.000000	0.000000	0.000000	0.000000	0.000000	0.000000	0.000000	0.000000	0.000000	0.000000	0.000000	0.000000	0.000000	0.000000	0.000000	0.000000	0.000000	0.000000	0.000000	0.000000	0.000000	0.000000	0.000000	0.000000	0.000000	0.000000	0.000000	0.000000	0.000000	0.000000	0.000000	0.000000	0.000000	0.000000	0.000000	0.000000	0.000000	0.000000	0.000000	0.000000	0.000000	0.000000	0.000000	0.000000	0.000000	0.000000	0.000000	0.000000	0.000000	0.000000	0.000000	0.000000	0.000000	0.000000	0.000000	0.000000	0.000000	0.000000	0.000000	0.000000	0.000000	0.000000	0.000000	0.000000	0.000000	0.000000	0.000000	0.000000	0.000000	0.000000	0.000000	0.000000	0.000000	0.000000	0.000000	0.000000	0.000000	0.000000	0.000000	0.000000	0.000000	0.000000	0.000000	0.000000	0.000000	0.000000	0.000000	0.000000	0.000000	0.000000	0.000000	0.000000	0.000000	0.000000	0.000000	0.000000	0.000000	0.000000	0.000000	0.000000	0.000000	0.000000	0.000000	0.000000	0.000000	0.000000	0.000000	0.000000	0.000000	0.000000	0.000000	0.000000	0.000000	0.000000	0.000000	0.000000	0.000000	0.000000	0.000000	0.000000	0.000000	0.000000	0.000000	0.000000	0.000000	0.000000	0.000000	0.000000	0.000000	0.000000	0.000000	0.000000	0.000000	0.000000	0.000000	0.000000	0.000000	0.000000	0.000000	0.000000	0.000000	0.000000	0.000000	0.000000	0.000000	0.000000	0.000000	0.000000	0.000000	0.000000	0.000000	0.000000	0.000000	0.000000	0.000000	0.000000	0.000000	0.000000	0.000000	0.000000	0.000000	0.000000	0.000000	0.000000	0.000000	0.000000	0.000000	0.000000	0.000000	0.000000	0.000000	0.000000	0.000000	0.000000	0.000000	0.000000	0.000000	0.000000	0.000000	0.000000	0.000000	0.000000	0.000000	0.000000	0.000000	0.000000	0.000000	0.000000	0.000000	0.000000	0.000000	0.000000	0.000000	0.000000	0.000000	0.000000	0.000000	0.000000	0.000000	0.000000	0.000000	0.000000	0.000000	0.000000	0.000000	0.000000	0.000000	0.000000	0.000000	0.000000	0.000000	0.000000	0.000000	0.000000	0.000000	0.000000	0.000000	0.000000	0.000000	0.000000	0.000000	0.000000	0.000000	0.000000	0.000000	0.000000	0.000000	0.000000	0.000000	0.000000	0.000000	0.000000	0.000000	0.000000	0.000000	0.000000	0.000000	0.000000	0.000000	0.000000	0.000000	0.000000	0.000000	0.000000	0.000000	0.000000	0.000000	0.000000	0.000000	0.000000	0.000000	0.000000	0.000000	0.000000	0.000000	0.000000	0.000000	0.000000	0.000000	0.000000	0.000000	0.000000	0.000000	0.000000	0.000000	0.000000	0.000000	0.000000	0.000000	0.000000	0.000000	0.000000	0.000000	0.000000	0.000000	0.000000	0.000000	0.000000	0.000000	0.000000	0.000000	0.000000	0.000000	0.000000	0.000000	0.000000	0.000000	0.000000	0.000000	0.000000	0.000000	0.000000	0.000000	0.000000	0.000000	0.000000	0.000000	0.000000	0.000000	0.000000	0.000000	0.000000	0.000000	0.000000	0.000000	0.000000	0.000000	0.000000	0.000000	0.000000	0.000000	0.000000	0.000000	0.000000	0.000000	0.000000	0.000000	0.000000	0.000000	0.000000	0.000000	0.000000	0.000000	0.000000	0.000000	0.000000	0.000000	0.000000	0.000000	0.000000	0.000000	0.000000	0.000000	0.000000	0.000000	0.000000	0.000000	0.000000	0.000000	0.000000	0.000000	0.000000	0.000000	0.000000	0.000000	0.000000	0.000000	0.000000	0.000000	0.000000	0.000000	0.000000	0.000000	0.000000	0.000000	0.000000	0.000000	0.000000	0.000000	0.000000	0.000000	0.000000	0.000000	0.000000	0.000000	0.000000	0.000000	0.000000	0.000000	0.000000	0.000000	0.000000	0.000000	0.000000	0.000000	0.000000	0.000000	0.000000	0.000000	0.000000	0.000000	0.000000	0.000000	0.000000	0.000000	0.000000	0.000000	0.000000	0.000000	0.000000	0.000000	0.000000	0.000000	0.000000	0.000000	0.000000	0.000000	0.000000	0.000000	0.000000	0.000000	0.000000	0.000000	0.000000	0.000000	0.000000	0.000000	0.000000	0.000000	0.000000	0.000000	0.000000	0.000000	0.000000	0.000000	0.000000	0.000000	0.000000	0.000000	0.000000	0.000000	0.000000	0.000000	0.000000	0.000000	0.000000	0.000000	0.000000	0.000000	0.000000	0.000000	0.000000	0.000000	0.000000	0.000000	0.000000	0.000000	0.000000	0.000000	0.000000	0.000000	0.000000	0.000000	0.000000	0.000000	0.000000	0.000000	0.000000	0.000000	0.000000	0.000000	0.000000	0.000000	0.000000	0.000000	0.000000	0.000000	0.000000	0.000000	0.000000	0.000000	0.000000	0.000000	0.000000	0.000000	0.000000	0.000000	0.000000	0.000000	0.000000	0.000000	0.000000	0.000000	0.000000	0.000000	0.000000	0.000000	0.000000	0.000000	0.000000	0.000000	0.000000	0.000000	0.000000	0.000000	0.000000	0.000000	0.000000	0.000000	0.000000	0.000000	0.000000	0.000000	0.000000	0.000000	0.000000	0.000000	0.000000	0.000000	0.000000	0.000000	0.000000	0.000000	0.000000	0.000000	0.000000	0.000000	0.000000	0.000000	0.000000	0.000000	0.000000	0.000000	0.000000	0.000000	0.000000	0.000000	0.000000	0.000000	0.000000	0.000000	0.000000	0.000000	0.000000	0.000000	0.000000	0.000000	0.000000	0.000000	0.000000	0.000000	0.000000	0.000000	0.000000	0.000000	0.000000	0.000000	0.000000	0.000000	0.000000	0.000000	0.000000	0.000000	0.000000	0.000000	0.000000	0.000000	0.000000	0.000000	0.000000	0.000000	0.000000	0.000000	0.000000	0.000000	0.000000	0.000000	0.000000	0.000000	0.000000	0.000000	0.000000	0.000000	0.000000	0.000000	0.000000	0.000000	0.000000	0.000000	0.000000	0.000000	0.000000	0.000000	0.000000	0.000000	0.000000	0.000000	0.000000	0.000000	0.000000	0.000000	0.000000	0.000000	0.000000	0.000000	0.000000	0.000000	0.000000	0.000000	0.000000	0.000000	0.000000	0.000000	0.000000	0.000000	0.000000	0.000000	0.000000	0.000000	0.000000	0.000000	0.000000	0.000000	0.000000	0.000000	0.000000	0.000000	0.000000	0.000000	0.000000	0.000000	0.000000	0.000000	0.000000	0.000000	0.000000	0.000000	0.000000	0.000000	0.000000	0.000000	0.000000	0.000000	0.000000	0.000000	0.000000	0.000000	0.000000	0.000000	0.000000	0.000000	0.000000	0.000000	0.000000	0.000000	0.000000	0.000000	0.000000	0.000000	0.000000	0.000000	0.000000	0.000000	0.000000	0.000000	0.000000	0.000000	0.000000	0.000000	0.000000	0.000000	0.000000	0.000000	0.000000	0.000000	0.000000	0.000000	0.000000	0.000000	0.000000	0.000000	0.000000	0.000000	0.000000	0.000000	0.000000	0.000000	0.000000	0.000000	0.000000	0.000000
%%%	Pulse Index	Stimulus Section Index	Stimulus Section Start Index	Stimulus Section End Index	Pupil Stimulated: 0 = Right, 1 = Left, 2 = Both	Light Metric: 0 = Photopic, 1 = Scopotic, 2 = Radiometric	Stimulus Start Time	Stimulus Duration	Stimulus Pulse Duration	Right Pulse Max Level	Right Pulse Max Color (0123 = WRGB)	Right Pulse Min Level	Right Pulse Min Color (0123 = WRGB)	Left Pulse Max Level	Left Pulse Max Color (0123 = WRGB)	Left Pulse Min Level	Left Pulse Min Color (0123 = WRGB)	Right Data Input Type (0 == RAW DATA, 1 == FITTED DATA, 2 == M. OVERRIDED)	Right ANALYSIS STATE (0 == ABNORMAL, 1 == NORMAL)	Right MAX (mm) (EMPTY if INVALID)	Right MIN (mm) (EMPTY if INVALID)	Right DELTA (mm) (EMPTY if INVALID)	Right CH (%) (EMPTY if INVALID)	Right LAT (sec) (EMPTY if INVALID)	Right CV (mm/s) (EMPTY if INVALID)	Right MCV (mm/s) (EMPTY if INVALID)	Right DV (mm/s) (EMPTY if INVALID)	Left Data Input Type (0 == RAW DATA, 1 == FITTED DATA, 2 == M. OVERRIDED)	Left ANALYSIS STATE (0 == ABNORMAL, 1 == NORMAL)	Left MAX (mm) (EMPTY if INVALID)	Left MIN (mm) (EMPTY if INVALID)	Left DELTA (mm) (EMPTY if INVALID)	Left CH (%) (EMPTY if INVALID)	Left LAT (sec) (EMPTY if INVALID)	Left CV (mm/s) (EMPTY if INVALID)	Left MCV (mm/s) (EMPTY if INVALID)	Left DV (mm/s) (EMPTY if INVALID)
%%%	0	0	18	902	0	0	0.51	29.52	0.51	15.81	3	0.00	3	0.00	3	0.00	3	0	0	0.00	0.00			0.00	0.00	0.00	0.00	0	0	0.00	0.00			0.00	0.00	0.00	0.00
%%%%%%%%%
%%%%%%%%%
%%%%%%%%%
<\SESSION>
