<SESSION>
<VERSION>
2
<\VERSION>
<DATE>
2017-12-05 10:52:38
<\DATE>
<SUBJECT-ID>
c57bl6-4.11.17-1mois-DAOG-F1-0.6b
<\SUBJECT-ID>
<NOTE>

<\NOTE>
<MIN-MAX-PLOT>
0.100000 51880.761719
<\MIN-MAX-PLOT>
<STIMULUS-DEFINED>
Default
Default Human Relative Spectral Sensitivity
1	0
1	0.500000	0.500000	29.000000	3	3	0.600000	-100.000000	0.100000	-100.000000	0
<\STIMULUS-DEFINED>
<STIMULUS-GENERATED>
4
0	0	0.000000	3	0.000000	0.000000	3	0.000000	0.000000
0	1	0.509000	3	0.075823	4.006067	3	0.000000	0.000000
0	4	1.018000	3	0.000000	0.000000	3	0.000000	0.000000
-1	5	30.027000	0	0.000000	0.000000	0	0.000000	0.000000
<\STIMULUS-GENERATED>
<RIGHT-PUPIL-DATA>
903	1
1	-0.051000	0.973913	289.500000	335.500000
1	-0.020000	0.990290	290.243744	336.193756
1	0.012000	0.956522	289.500000	335.500000
1	0.043000	0.977536	290.206238	335.956238
1	0.074000	0.968551	289.981232	335.443756
1	0.121000	0.970580	289.981232	335.881256
1	0.152000	0.988551	289.781250	335.718750
1	0.183000	0.976667	289.956238	335.031250
1	0.214000	0.968406	290.087494	336.037506
1	0.246000	0.951159	289.818756	336.631256
1	0.277000	0.951449	289.706238	336.706238
1	0.308000	0.974638	290.468750	337.018738
1	0.339000	0.973768	290.118744	336.993744
1	0.386000	0.974493	289.875000	335.937500
1	0.417000	0.957102	290.250000	335.750000
1	0.448000	0.982754	289.931244	335.131256
1	0.480000	0.968551	290.068756	334.556244
1	0.511000	0.971159	289.531250	333.956238
1	0.542000	0.973913	290.500000	334.500000
1	0.573000	0.969710	290.068756	335.068756
1	0.620000	0.974058	289.993744	334.618744
1	0.651000	0.969710	289.931244	333.506256
1	0.682000	0.964058	289.975006	334.725006
1	0.714000	0.950725	291.000000	335.000000
1	0.745000	1.008841	289.993744	334.993744
1	0.776000	0.990725	290.325012	334.924988
1	0.807000	0.971159	289.868713	336.018738
1	0.854000	0.951159	289.843781	335.806244
1	0.885000	0.932029	289.593750	334.468750
1	0.916000	0.895072	289.875000	334.125000
1	0.948000	0.885797	290.037506	333.962494
1	0.979000	0.868406	290.149994	333.574982
1	1.010000	0.831160	288.906281	332.943756
1	1.041000	0.824928	290.100006	333.100006
1	1.072000	0.814203	290.287506	333.287506
1	1.119000	0.797246	289.968750	332.906250
1	1.150000	0.747971	289.618744	332.756256
1	1.182000	0.747101	289.768738	332.593750
0	1.213000	0.626087	288.000000	338.000000
1	1.244000	0.707681	288.818756	333.131256
1	1.275000	0.708116	288.812500	333.187500
1	1.306000	0.713768	289.768738	334.093750
1	1.353000	0.694058	289.656250	334.343750
1	1.384000	0.672754	289.337494	333.649994
1	1.416000	0.653768	289.593750	333.856262
1	1.447000	0.644058	289.625000	333.250000
1	1.478000	0.621159	288.924988	333.687500
0	1.509000	0.347826	281.681244	303.818756
0	1.540000	0.347826	311.306305	299.493866
1	1.572000	0.659710	289.475006	333.512482
0	1.618000	0.540145	288.493744	334.506256
0	1.650000	0.641015	288.481354	333.006195
1	1.681000	0.627101	288.743744	333.193756
0	1.712000	0.440580	288.000000	334.000000
1	1.743000	0.657246	289.456207	333.093719
0	1.774000	0.347826	286.018707	300.193695
1	1.806000	0.668406	289.524994	333.725006
1	1.852000	0.648840	289.006226	334.668762
1	1.884000	0.672754	289.399994	334.600006
1	1.915000	0.640290	288.475006	335.087494
0	1.946000	0.626087	288.000000	334.000000
0	1.977000	0.626087	288.000000	334.000000
1	2.008000	0.703188	289.850006	333.774994
1	2.040000	0.690290	288.881256	333.431244
1	2.086000	0.708116	288.812500	333.812500
1	2.118000	0.725507	289.162537	334.000000
1	2.149000	0.761594	289.543762	333.456238
1	2.180000	0.737971	289.225006	333.725006
1	2.211000	0.741884	289.293762	334.243652
1	2.242000	0.773768	289.131256	333.743744
1	2.274000	0.764638	289.250000	333.500000
1	2.305000	0.787536	289.312500	333.937500
1	2.352000	0.764638	289.137512	334.500000
1	2.383000	0.792319	289.131256	334.131256
1	2.414000	0.761449	288.737488	334.612488
0	2.445000	0.559275	286.968750	338.218811
0	2.476000	0.622464	286.706238	338.706238
1	2.508000	0.800000	289.000000	335.000000
1	2.539000	0.814203	289.712494	335.287506
1	2.586000	0.800000	289.875000	335.125000
1	2.617000	0.833188	289.593750	334.593750
1	2.648000	0.840725	289.656250	335.468750
1	2.679000	0.817971	288.875000	334.187500
1	2.710000	0.814203	289.287506	334.287506
1	2.742000	0.836667	289.931244	334.631256
1	2.773000	0.839710	289.687500	334.437500
1	2.820000	0.831159	289.581238	334.081238
1	2.851000	0.834783	290.000000	334.000000
1	2.882000	0.844493	290.131256	333.618744
1	2.913000	0.815942	289.725006	333.837494
1	2.944000	0.815797	289.331238	334.331238
1	2.976000	0.821594	289.956238	335.193726
1	3.007000	0.805362	289.618683	335.056244
1	3.038000	0.834783	289.250000	334.750000
1	3.085000	0.857681	289.962494	335.837494
1	3.116000	0.828986	289.500000	334.000000
1	3.147000	0.871884	289.850006	334.549957
1	3.178000	0.852754	289.250000	333.625000
1	3.210000	0.835362	289.500000	333.000000
1	3.241000	0.853188	288.818756	333.306244
1	3.272000	0.858116	290.093750	333.156250
1	3.319000	0.835942	289.600006	333.012482
1	3.350000	0.834783	290.000000	332.000000
1	3.381000	0.862029	289.725006	332.725006
1	3.412000	0.834783	290.000000	332.000000
0	3.444000	0.718841	288.000000	334.000000
1	3.475000	0.840580	289.375000	332.625000
1	3.506000	0.870289	289.506134	333.081146
1	3.537000	0.853333	288.850006	332.850006
1	3.584000	0.852754	289.375000	333.625000
1	3.615000	0.857102	289.312500	333.312500
1	3.646000	0.865797	289.187500	334.062500
1	3.678000	0.860870	289.062500	332.687500
1	3.709000	0.860145	289.393738	332.968750
1	3.740000	0.865797	289.187500	332.312500
1	3.771000	0.851594	289.375000	332.250000
1	3.818000	0.857102	289.312500	332.687500
1	3.849000	0.840725	289.343750	332.468750
1	3.881000	0.857681	289.649994	332.662506
1	3.912000	0.854928	289.331238	331.718750
1	3.943000	0.833623	288.975006	331.412506
0	3.974000	0.626087	288.000000	338.000000
1	4.005000	0.857681	289.287506	332.087494
1	4.052000	0.852029	289.243744	332.568756
1	4.083000	0.839275	289.443756	332.318756
1	4.115000	0.866812	289.031250	333.218750
1	4.146000	0.866377	289.037506	333.037506
1	4.177000	0.867971	289.468750	332.518738
1	4.208000	0.857681	288.837494	331.662506
1	4.239000	0.853623	288.687500	332.299988
1	4.271000	0.858116	289.343750	331.906250
1	4.317000	0.800580	288.000000	332.000000
1	4.349000	0.857102	289.187500	331.687500
1	4.380000	0.884203	289.718750	331.718750
0	4.411000	0.627681	286.468750	336.281250
1	4.442000	0.876232	290.087494	331.912506
1	4.473000	0.859710	289.225006	331.850006
1	4.505000	0.873333	288.875000	333.125000
1	4.551000	0.874058	289.306244	333.118744
1	4.583000	0.866377	289.037506	333.037506
1	4.614000	0.866232	289.056244	334.056244
1	4.645000	0.865797	289.062500	333.937500
1	4.676000	0.885942	289.006256	334.256256
1	4.707000	0.873333	288.875000	334.125000
1	4.739000	0.882029	288.674988	334.362488
1	4.785000	0.875507	289.156250	334.156250
1	4.817000	0.868406	288.824982	333.899994
1	4.848000	0.875507	288.906250	332.906250
1	4.879000	0.863768	289.000000	333.000000
1	4.910000	0.863768	289.000000	332.500000
1	4.941000	0.866232	289.256256	332.543732
1	4.973000	0.876667	289.093750	332.906250
1	5.004000	0.863768	289.000000	332.500000
1	5.051000	0.895072	289.575012	333.174988
0	5.082000	0.835942	288.412506	332.600006
1	5.113000	0.878116	289.131256	332.931244
1	5.144000	0.896812	289.837494	333.899994
1	5.175000	0.848406	287.625000	333.187500
1	5.207000	0.881159	288.000000	334.000000
1	5.238000	0.883188	288.750000	334.000000
1	5.285000	0.897101	288.512512	333.924988
1	5.316000	0.895652	288.899994	333.899994
1	5.347000	0.885942	289.243744	333.006256
1	5.378000	0.917391	289.343750	333.406250
1	5.409000	0.885942	289.006256	333.256256
1	5.441000	0.901449	289.500000	333.000000
1	5.472000	0.909710	289.756256	332.643768
0	5.503000	0.638551	292.437500	329.562500
1	5.550000	0.908985	289.624969	332.624969
1	5.581000	0.902029	288.524994	332.475006
1	5.612000	0.902029	289.524994	332.524994
1	5.643000	0.916232	289.600006	332.762482
1	5.675000	0.907246	289.500000	333.599976
1	5.706000	0.902754	289.531250	333.531250
1	5.737000	0.902029	289.524994	333.524994
1	5.784000	0.907102	289.406250	333.781250
1	5.815000	0.911449	289.343750	333.893738
1	5.846000	0.918551	289.412506	333.725006
1	5.877000	0.931449	289.493744	332.631256
1	5.909000	0.913623	289.687500	333.375000
1	5.940000	0.898841	290.149994	333.462494
1	5.971000	0.885507	289.875000	333.250000
1	6.018000	0.919275	289.656250	332.781250
1	6.049000	0.894928	289.312500	332.125000
1	6.080000	0.914638	289.681335	332.556213
1	6.111000	0.947971	289.631256	333.181244
1	6.143000	0.915942	289.750000	332.250000
1	6.174000	0.871159	289.093750	332.093750
1	6.205000	0.918406	289.756256	333.381256
1	6.236000	0.911884	289.699951	333.450012
1	6.283000	0.937971	289.475006	333.475006
1	6.314000	0.928986	289.625000	333.500000
1	6.345000	0.931449	289.506256	333.368744
1	6.377000	0.937971	289.774994	332.975006
1	6.408000	0.950580	289.781250	332.831238
1	6.439000	0.937536	289.968750	332.468750
1	6.470000	0.929855	289.549988	332.625000
1	6.517000	0.953333	289.337494	332.149994
1	6.548000	0.937101	289.662506	331.662506
1	6.579000	0.938551	290.000000	331.549988
1	6.611000	0.930435	290.500000	331.750000
1	6.642000	0.921739	289.500000	331.000000
1	6.673000	0.904348	289.000000	331.000000
1	6.704000	0.950580	289.843750	331.156250
1	6.751000	0.945072	289.756226	331.568726
1	6.782000	0.950580	289.781250	331.843750
1	6.813000	0.977536	289.793762	331.968750
1	6.845000	0.953188	289.556244	331.431244
1	6.876000	0.951159	289.181244	331.318756
1	6.907000	0.955362	289.712494	331.225006
1	6.938000	0.951159	290.193756	331.181244
0	6.969000	0.762464	287.468750	332.518738
1	7.016000	0.951159	291.806244	330.556244
1	7.047000	0.986812	290.993744	331.181244
1	7.079000	0.971739	290.993744	331.993744
1	7.110000	0.968551	291.556244	332.181244
1	7.141000	0.976812	290.937500	329.937500
1	7.172000	1.002319	291.449982	331.475006
1	7.203000	0.975362	292.987488	332.049988
1	7.250000	0.975072	290.975006	330.975006
1	7.281000	0.983188	291.687500	332.000000
1	7.313000	0.974493	291.000000	332.000000
1	7.344000	0.987971	290.693756	332.306244
1	7.375000	1.000725	290.418762	332.143738
1	7.406000	0.972899	291.881256	331.943756
1	7.437000	0.963623	291.031250	329.718750
1	7.484000	0.981015	291.993774	330.031250
1	7.515000	0.980870	292.325012	330.962524
1	7.547000	0.994493	291.850006	330.212494
1	7.578000	0.971739	291.943756	329.118744
1	7.609000	0.950725	291.000000	329.000000
1	7.640000	0.976667	291.031250	330.031250
1	7.671000	0.985507	290.750000	330.250000
1	7.703000	0.970290	290.968750	330.081238
1	7.749000	0.974493	290.875000	330.062500
1	7.781000	0.968985	290.937500	330.937500
1	7.812000	0.948551	289.393738	330.606262
1	7.843000	0.977246	290.131256	331.568756
1	7.874000	0.980725	290.143707	330.956268
1	7.905000	0.973333	289.500000	330.000000
1	7.937000	0.973913	289.500000	329.500000
1	7.983000	0.997101	291.000000	331.000000
1	8.015000	0.988551	290.206238	329.968750
1	8.046000	0.950725	289.000000	329.000000
1	8.077000	0.974928	289.993744	330.156219
1	8.108000	0.987971	290.231232	330.693756
1	8.139000	0.977681	290.174988	330.062500
1	8.171000	0.976667	290.843750	330.081238
1	8.217000	0.995072	290.375000	330.187500
1	8.249000	0.986957	290.625000	330.125000
1	8.280000	0.989710	290.218750	330.093750
1	8.311000	1.007536	290.274994	330.475006
1	8.342000	1.014203	290.287506	331.399994
1	8.373000	0.995507	289.131256	331.118744
1	8.405000	0.978841	289.812500	331.062500
1	8.436000	1.005797	290.450012	331.487488
1	8.483000	0.994928	290.331238	330.856262
1	8.514000	0.990145	290.337494	330.225006
1	8.545000	0.997101	291.000000	329.000000
1	8.576000	1.015797	290.356232	329.643707
1	8.607000	0.978406	289.943756	329.181244
1	8.639000	1.002319	290.524994	329.475006
1	8.670000	1.007102	290.518738	329.531250
1	8.717000	1.005362	290.543732	329.493744
1	8.748000	0.997101	291.000000	331.000000
1	8.779000	0.997101	291.000000	331.000000
1	8.810000	0.950725	291.000000	329.000000
1	8.841000	0.989710	290.656250	330.331238
1	8.873000	0.987536	290.237488	330.312500
1	8.904000	0.950725	289.000000	331.000000
1	8.951000	0.994203	290.000000	331.000000
1	8.982000	1.007536	290.287506	331.725006
1	9.013000	1.008116	290.450012	332.000000
1	9.044000	0.975072	289.912506	331.975006
1	9.075000	0.990725	290.250000	331.750000
1	9.107000	1.017536	290.131226	331.368774
1	9.138000	1.008841	290.006256	330.556244
1	9.169000	0.999420	290.125000	330.625000
1	9.216000	1.010580	290.281250	330.581238
1	9.247000	0.997101	291.000000	331.000000
1	9.278000	1.008116	290.000000	330.000000
1	9.309000	1.059855	289.756256	329.618744
1	9.341000	1.043478	289.500000	329.500000
1	9.372000	1.049275	289.500000	329.000000
1	9.403000	1.025362	289.731262	329.731262
1	9.434000	1.040290	289.587494	330.412506
1	9.481000	1.043478	289.000000	329.000000
1	9.512000	1.045072	290.018738	330.018738
1	9.543000	1.043478	289.500000	330.500000
1	9.575000	1.072464	290.000000	329.000000
1	9.606000	1.043623	289.031250	328.468750
1	9.637000	1.059710	289.725006	327.774994
1	9.668000	1.036377	289.456238	327.093750
1	9.715000	1.062029	289.225006	326.725006
1	9.746000	1.060870	289.500000	327.000000
1	9.777000	1.089855	292.000000	326.000000
1	9.809000	1.044058	289.500000	327.500000
1	9.840000	1.043478	289.000000	327.000000
1	9.871000	1.044638	290.024994	327.600006
1	9.902000	1.059855	289.806244	327.243744
1	9.949000	0.997101	288.000000	326.000000
1	9.980000	1.064058	289.162506	326.725006
1	10.011000	1.064058	289.162506	327.662506
1	10.043000	1.062464	289.218750	327.781250
1	10.074000	1.037681	289.000000	328.500000
1	10.105000	1.020145	288.343750	328.656250
1	10.136000	1.069565	289.187500	329.312500
1	10.167000	1.070725	289.149994	328.899994
1	10.214000	1.063623	288.981232	328.231232
1	10.245000	1.068841	289.393738	328.106262
0	10.277000	1.089855	292.000000	326.000000
1	10.308000	0.997101	288.000000	326.000000
1	10.339000	0.997101	288.000000	326.000000
1	10.370000	1.059275	288.781250	326.781250
1	10.401000	1.089710	289.331238	326.593750
1	10.448000	1.079420	289.024994	326.024994
1	10.479000	1.078841	289.000000	326.750000
1	10.511000	1.094493	289.225006	327.149994
1	10.542000	1.081594	289.443756	327.443756
1	10.573000	1.078261	289.000000	327.000000
1	10.604000	1.081015	289.456238	328.018738
1	10.635000	1.042754	289.018738	327.481262
1	10.682000	1.070580	289.418732	327.868744
1	10.713000	1.065072	289.243744	327.306244
1	10.745000	1.066232	288.681244	327.306244
1	10.776000	1.063768	288.750000	327.737488
1	10.807000	1.079275	288.543732	326.993744
1	10.838000	1.096812	289.225006	326.774994
1	10.869000	1.098406	289.268738	326.781250
1	10.901000	1.089855	289.500000	326.500000
1	10.947000	1.083623	291.056244	327.318756
1	10.979000	1.078116	290.943756	325.943756
1	11.010000	1.029275	290.537506	326.462494
1	11.041000	1.066667	290.000000	328.000000
1	11.072000	1.069855	291.337494	325.975006
1	11.103000	1.049420	291.531250	326.468750
1	11.135000	1.050145	290.899994	327.137482
1	11.181000	1.044638	290.475006	327.024994
1	11.213000	1.020580	289.337494	327.375031
1	11.244000	1.044058	289.750000	328.500000
1	11.275000	1.017971	289.674927	328.674988
1	11.306000	1.044058	289.750000	328.000000
1	11.337000	1.043478	289.750000	328.250000
0	11.369000	0.997101	288.000000	326.000000
1	11.415000	1.055072	289.625000	327.862488
1	11.447000	1.043478	289.000000	327.000000
1	11.478000	1.035942	289.850006	327.649994
1	11.509000	1.044058	290.000000	327.500000
1	11.540000	1.044058	289.375000	328.000000
1	11.571000	1.020290	290.000000	328.000000
1	11.603000	1.043478	289.750000	327.250000
1	11.634000	1.055072	289.862488	327.625000
1	11.681000	1.062029	289.725006	327.274994
1	11.712000	1.038406	289.581238	327.956238
1	11.743000	1.048406	289.562500	327.887512
1	11.774000	1.055942	289.562500	327.562500
1	11.805000	1.061594	289.768738	328.768738
1	11.837000	1.059855	289.743744	328.693756
1	11.868000	1.059710	289.725006	328.287506
1	11.915000	1.078986	289.518738	328.968750
1	11.946000	1.063623	289.718750	329.156250
1	11.977000	1.078841	289.750000	329.000000
1	12.008000	1.061014	289.743744	328.243744
1	12.039000	1.059275	289.781250	328.268738
1	12.071000	0.997101	288.000000	326.000000
1	12.102000	1.079855	290.031250	327.968750
1	12.149000	1.066667	289.750000	328.250000
1	12.180000	0.997101	288.000000	326.000000
1	12.211000	1.062464	289.718750	328.718750
1	12.242000	1.060290	289.812500	328.250000
1	12.273000	1.089855	288.000000	330.000000
1	12.305000	1.050725	289.887512	328.387512
1	12.336000	1.061014	289.743744	328.631256
1	12.367000	1.048406	289.937500	328.437500
1	12.414000	1.078841	290.000000	329.000000
1	12.445000	1.078841	289.437500	329.000000
1	12.476000	1.057102	289.750000	330.187500
1	12.507000	1.078841	289.062500	329.549988
0	12.539000	1.089855	288.000000	326.000000
1	12.570000	1.078841	289.000000	328.500000
1	12.601000	1.052754	288.875000	327.625000
1	12.648000	1.078841	289.500000	328.000000
1	12.679000	1.061449	289.250000	327.812500
1	12.710000	0.997101	288.000000	326.000000
1	12.741000	1.083623	289.506256	327.493744
1	12.773000	1.081594	289.556244	327.431244
1	12.804000	1.096812	289.725006	327.662506
1	12.835000	1.081594	289.443756	327.556244
1	12.882000	1.109855	289.587494	327.787506
1	12.913000	1.090145	289.587494	327.912506
1	12.944000	1.081594	289.431244	328.443756
1	12.975000	1.089855	288.000000	326.000000
1	13.007000	1.114203	289.475006	328.524994
1	13.038000	1.113043	288.937500	327.937500
1	13.069000	1.103623	289.231262	328.768738
1	13.100000	1.112464	289.000000	327.500000
1	13.147000	1.120145	289.406250	327.593750
1	13.178000	1.131449	289.256256	327.743744
1	13.209000	1.121159	289.462524	327.575012
1	13.241000	1.120725	289.381256	327.431244
1	13.272000	1.100725	288.750000	327.062500
1	13.303000	1.142464	289.306244	326.806244
1	13.334000	1.089855	291.000000	327.000000
1	13.381000	1.118986	289.093750	326.906250
1	13.412000	1.118986	289.081238	326.918701
1	13.443000	1.142029	288.825012	326.174988
1	13.475000	1.122319	289.000000	326.562500
1	13.506000	1.124638	288.750000	326.750000
1	13.537000	1.109710	288.693756	326.981232
1	13.568000	1.113043	288.500000	327.500000
1	13.599000	1.144928	289.000000	327.750000
1	13.646000	1.146232	289.281250	328.656250
1	13.677000	1.157971	288.887512	328.112488
1	13.709000	1.146812	289.256256	327.743744
0	13.740000	1.427246	285.475006	319.475006
1	13.771000	1.153188	288.381256	327.243744
1	13.802000	1.147826	289.000000	327.000000
1	13.833000	1.148986	289.274963	326.700012
1	13.880000	1.164493	289.206238	327.206238
1	13.911000	1.154203	289.024994	327.274994
1	13.943000	1.144058	289.112488	327.250000
1	13.974000	1.142029	288.825012	326.825012
1	14.005000	1.165942	288.481262	327.268738
1	14.036000	1.147826	289.000000	328.000000
1	14.067000	1.150725	288.937500	328.312500
1	14.099000	1.148840	288.931244	328.318756
1	14.145000	1.158551	288.912506	328.587494
1	14.177000	1.138551	288.625000	328.424988
1	14.208000	1.147826	288.000000	328.000000
1	14.239000	1.152174	288.750000	327.500000
1	14.270000	1.153188	288.618744	326.993744
1	14.301000	1.155507	289.006256	327.368744
1	14.333000	1.157246	289.393738	327.393738
1	14.379000	1.143623	288.918732	327.618744
1	14.411000	1.151160	288.943756	328.056244
1	14.442000	1.131449	288.743744	327.881256
1	14.473000	1.129710	288.943726	328.093750
1	14.504000	1.148986	289.512482	328.475006
1	14.535000	1.148840	289.443756	328.543732
1	14.567000	1.149855	289.712494	327.962494
1	14.613000	1.147826	289.000000	329.000000
1	14.645000	1.135362	289.237488	328.637512
1	14.676000	1.146667	289.274994	329.574982
1	14.707000	1.140145	290.118744	329.868744
1	14.738000	1.140725	289.593750	330.156250
1	14.769000	1.141449	289.600006	329.850006
1	14.801000	1.179855	289.031250	329.406250
1	14.832000	1.151014	289.712494	328.712494
1	14.879000	1.156377	289.618744	328.618744
1	14.910000	1.150580	289.718750	328.656250
1	14.941000	1.159855	289.681244	328.768768
1	14.972000	1.173913	289.718750	328.406250
1	15.003000	1.176667	289.643799	328.343750
1	15.035000	1.155507	289.618744	328.568756
1	15.066000	1.151594	289.687500	328.687500
1	15.113000	1.157101	289.937500	328.625000
1	15.144000	1.155942	289.625000	328.250000
1	15.175000	1.150580	290.031250	328.531250
1	15.206000	1.163188	289.524994	328.762482
1	15.237000	1.179855	289.656250	329.006287
1	15.269000	1.168551	289.806244	329.231232
1	15.300000	1.151160	290.056244	329.318756
1	15.347000	1.150580	289.343750	329.031250
1	15.378000	1.157681	289.587494	328.600006
1	15.409000	1.165797	288.875000	328.125000
1	15.440000	1.159275	289.656250	327.843750
1	15.471000	1.167536	288.462494	327.212494
1	15.503000	1.164638	288.862488	327.174988
1	15.534000	1.153768	289.281250	327.343750
1	15.565000	1.165942	289.518738	327.518738
1	15.612000	1.165362	289.493774	327.456238
1	15.643000	1.164638	289.500000	326.825012
1	15.674000	1.168551	289.381256	327.193756
1	15.705000	1.153188	289.381256	327.618744
1	15.737000	1.153188	289.306244	327.256256
1	15.768000	1.149275	289.012512	327.312500
1	15.799000	1.205797	288.000000	326.000000
1	15.846000	1.151594	288.987488	327.312500
1	15.877000	1.164058	288.524994	327.475006
1	15.908000	1.142029	289.174988	327.762512
1	15.939000	1.165942	288.518738	327.156250
1	15.971000	1.150580	288.656250	327.031250
1	16.002000	1.147826	289.000000	326.000000
1	16.033000	1.156667	289.368744	326.756256
1	16.080000	1.286957	287.125000	326.062500
1	16.111000	1.148986	288.475006	325.475006
1	16.142000	1.181594	288.993744	325.993744
1	16.173000	1.161884	288.806244	325.806244
1	16.205000	1.164203	289.143707	326.143768
1	16.236000	1.178116	289.043732	326.331268
1	16.267000	1.166232	288.806244	325.806244
1	16.298000	1.155362	288.600006	326.074982
1	16.345000	1.142029	288.924988	326.575012
1	16.376000	1.164638	288.500000	327.187500
1	16.407000	1.146812	288.631256	327.256256
1	16.439000	1.182609	288.000000	326.000000
1	16.470000	1.146232	288.518738	327.656250
1	16.501000	1.153768	288.406250	327.643738
1	16.532000	1.182609	288.000000	326.000000
1	16.579000	1.155507	288.618744	326.993744
1	16.610000	1.149275	289.012512	326.487488
1	16.641000	1.142319	288.787506	326.637482
1	16.673000	1.159710	288.662506	326.137482
1	16.704000	1.153333	288.725006	326.024994
1	16.735000	1.174203	288.912506	326.100006
1	16.766000	1.175073	288.600006	325.850006
1	16.813000	1.172464	288.887512	326.174988
1	16.844000	1.182609	288.000000	326.000000
1	16.875000	1.175073	288.600006	325.712494
1	16.907000	1.165362	288.506256	326.131256
1	16.938000	1.201449	288.987488	325.737488
1	16.969000	1.167971	288.781250	326.781250
1	17.000000	1.185072	288.993744	326.743805
1	17.031000	1.181014	288.968750	327.018738
1	17.078000	1.205797	288.000000	328.000000
1	17.109000	1.150580	288.718750	327.031250
1	17.141000	1.165942	288.843750	327.481262
1	17.172000	1.183768	288.412506	325.975006
1	17.203000	1.171159	288.406250	326.156250
1	17.234000	1.190290	288.493744	325.506256
1	17.265000	1.191449	288.443756	325.868744
1	17.312000	1.182609	288.500000	325.500000
1	17.343000	1.191884	288.875000	325.875000
1	17.375000	1.181594	288.943756	325.618744
1	17.406000	1.159420	288.000000	324.000000
1	17.437000	1.204203	289.043732	325.631256
1	17.468000	1.203333	289.056244	326.306244
1	17.499000	1.179420	289.337494	327.074982
1	17.531000	1.181449	288.975006	327.475006
1	17.577000	1.228985	288.500000	327.500000
1	17.609000	1.205797	288.000000	328.000000
1	17.640000	1.183623	289.256256	327.743744
1	17.671000	1.205362	289.043732	327.256256
1	17.702000	1.199275	289.031250	327.218750
1	17.733000	1.200000	288.500000	327.000000
1	17.765000	1.205797	290.000000	326.000000
1	17.811000	1.182609	288.000000	326.000000
1	17.843000	1.212464	288.937500	326.424988
1	17.874000	1.182609	288.000000	326.000000
1	17.905000	1.209855	289.024994	326.274994
1	17.936000	1.205797	288.000000	324.000000
1	17.967000	1.182609	288.000000	326.000000
1	17.999000	1.212464	289.062500	326.687500
1	18.045000	1.206522	288.743744	326.756256
1	18.077000	1.181014	288.981201	327.018738
1	18.108000	1.204348	288.781250	327.718750
1	18.139000	1.211884	289.087494	327.537506
1	18.170000	1.207681	289.118744	328.256256
1	18.201000	1.204928	289.250000	328.674988
1	18.233000	1.211449	289.093750	328.281250
1	18.264000	1.182609	289.000000	327.000000
1	18.311000	1.211884	289.087494	326.912506
1	18.342000	1.216377	289.118744	326.543732
1	18.373000	1.217391	288.000000	326.000000
1	18.404000	1.221015	288.581238	326.006287
1	18.435000	1.216812	288.500000	326.250000
1	18.467000	1.212029	288.806244	325.931244
1	18.498000	1.216812	288.875000	325.875000
1	18.545000	1.208841	288.943756	325.818695
1	18.576000	1.223188	288.375000	325.375000
1	18.607000	1.233768	288.993744	325.493744
1	18.638000	1.234058	288.831268	325.631256
1	18.669000	1.241884	288.531250	325.718750
1	18.701000	1.240290	288.600006	325.787506
1	18.732000	1.252174	288.000000	326.000000
1	18.763000	1.243478	288.500000	326.750000
1	18.810000	1.240145	288.631256	326.443756
1	18.841000	1.238406	288.456238	326.543762
1	18.872000	1.182609	288.000000	326.000000
1	18.903000	1.238116	288.618744	325.806244
1	18.935000	1.182609	288.000000	326.000000
1	18.966000	1.228985	289.000000	325.000000
1	18.997000	1.240290	290.600006	326.412506
1	19.044000	1.234493	290.612488	325.362488
1	19.075000	1.237101	291.600006	326.212494
1	19.106000	1.228841	290.843750	325.093750
1	19.137000	1.229275	290.662506	325.337494
1	19.169000	1.234203	290.299988	325.875000
1	19.200000	1.241884	289.656250	325.656250
1	19.231000	1.253188	289.943756	325.743744
1	19.278000	1.182609	292.000000	326.000000
1	19.309000	1.231159	290.293762	326.706238
1	19.340000	1.275362	289.000000	325.000000
1	19.371000	1.240290	290.587494	327.412506
1	19.403000	1.240725	289.793793	326.806305
1	19.434000	1.246377	289.375000	326.875000
1	19.465000	1.248986	289.462494	326.350006
1	19.496000	1.252174	288.000000	326.000000
1	19.543000	1.275362	289.000000	327.000000
1	19.574000	1.233768	288.868744	326.493744
1	19.605000	1.253768	288.581299	325.631287
1	19.637000	1.229710	289.331238	325.706238
1	19.668000	1.252174	288.500000	325.500000
1	19.699000	1.244638	288.475006	325.850006
1	19.730000	1.224493	288.393738	325.281250
1	19.777000	1.225507	289.000000	326.250000
1	19.808000	1.240580	288.875000	326.375000
1	19.839000	1.182609	288.000000	326.000000
1	19.871000	1.250580	288.581238	326.706238
1	19.902000	1.182609	288.000000	326.000000
1	19.933000	1.228985	289.000000	326.000000
1	19.964000	1.263768	288.700012	327.299988
1	20.011000	1.247101	288.543762	327.293762
1	20.042000	1.252174	288.000000	326.000000
1	20.073000	1.240290	288.587494	325.837494
1	20.105000	1.239855	288.437500	326.125000
1	20.136000	1.275362	287.000000	327.000000
1	20.167000	1.266232	288.568756	325.881256
1	20.198000	1.253188	288.493744	325.743744
1	20.229000	1.265362	288.431244	325.806244
1	20.276000	1.257246	288.581238	325.581238
1	20.307000	1.269565	288.500000	325.500000
1	20.339000	1.274058	288.306244	325.681244
1	20.370000	1.275362	287.000000	325.000000
1	20.401000	1.253188	288.618744	325.568756
1	20.432000	1.273333	288.812500	325.875000
1	20.463000	1.275362	288.375000	325.875000
1	20.510000	1.263768	288.700012	326.299988
1	20.541000	1.253768	288.593750	326.593750
1	20.573000	1.285942	288.993744	326.993744
1	20.604000	1.298406	288.343750	326.343750
1	20.635000	1.267971	288.268738	325.781250
1	20.666000	1.266667	288.799988	326.375000
1	20.697000	1.270290	288.768738	325.781250
1	20.744000	1.272464	288.724976	326.150024
1	20.775000	1.272899	288.356232	326.056244
1	20.807000	1.268986	288.799988	326.200012
1	20.838000	1.276377	288.943756	326.693756
1	20.869000	1.266812	288.781250	326.268738
1	20.900000	1.283623	288.768707	325.943756
1	20.931000	1.264058	288.912506	326.587494
1	20.963000	1.281594	288.993744	326.231232
1	21.009000	1.265362	288.868744	326.431244
1	21.041000	1.277681	288.875000	326.250000
1	21.072000	1.276377	288.943756	326.681244
1	21.103000	1.283188	288.000000	327.000000
1	21.134000	1.260725	288.681244	327.118744
1	21.165000	1.276667	288.906250	327.643738
1	21.197000	1.281594	288.381256	327.056244
1	21.243000	1.268986	287.875000	326.250000
1	21.275000	1.272899	288.356232	326.356232
1	21.306000	1.272754	287.962494	325.287506
1	21.337000	1.283623	288.006256	325.506256
1	21.368000	1.272899	288.306244	325.643768
1	21.399000	1.281014	288.031250	325.406250
1	21.431000	1.272899	288.181244	325.356232
1	21.462000	1.277681	288.125000	325.625000
1	21.509000	1.294638	288.081268	324.956268
1	21.540000	1.296812	288.149994	324.699982
1	21.571000	1.268406	288.649994	324.824982
0	21.602000	1.458696	284.812500	325.875000
1	21.633000	1.281594	288.056244	325.243744
1	21.665000	1.272464	288.299988	325.637512
1	21.696000	1.284203	288.031250	325.831238
1	21.743000	1.285942	288.006256	325.818756
1	21.774000	1.273333	288.062500	325.437500
1	21.805000	1.283188	288.000000	325.549988
1	21.836000	1.283188	288.000000	324.937500
1	21.867000	1.305507	287.899994	324.225006
1	21.899000	1.275362	288.000000	322.000000
1	21.930000	1.281594	288.993744	324.793732
1	21.977000	1.310145	288.250000	325.250000
1	22.008000	1.316232	288.287506	324.587494
1	22.039000	1.304348	288.000000	324.500000
1	22.070000	1.298551	287.500000	324.500000
1	22.101000	1.290145	288.100006	324.949982
1	22.133000	1.327246	288.524994	324.537506
1	22.164000	1.295797	288.131256	324.006256
1	22.195000	1.309275	288.437500	324.187500
1	22.242000	1.308696	288.125000	324.875000
1	22.273000	1.294058	288.156250	325.031250
1	22.304000	1.295797	288.006256	325.131256
1	22.335000	1.309855	288.287506	324.912506
1	22.367000	1.298551	288.837402	326.000000
1	22.398000	1.305507	288.225006	326.225006
1	22.429000	1.299855	288.818756	325.806244
1	22.476000	1.305362	288.193756	324.881256
1	22.507000	1.328985	288.487488	324.562500
1	22.538000	1.322464	288.518738	323.731262
1	22.569000	1.305507	288.225006	324.100006
1	22.601000	1.275362	288.000000	322.000000
1	22.632000	1.309710	288.306244	323.818756
1	22.663000	1.327246	288.475006	324.412506
1	22.710000	1.327101	288.443756	324.318756
1	22.741000	1.324927	288.475006	323.912506
1	22.772000	1.309275	288.312500	323.812500
1	22.803000	1.323913	288.500000	324.000000
1	22.835000	1.309855	288.162506	324.712494
1	22.866000	1.296377	288.106262	324.643738
1	22.897000	1.304928	288.250000	324.875000
1	22.928000	1.309565	287.912506	324.837494
1	22.975000	1.321739	287.000000	325.000000
1	23.006000	1.304928	288.375000	325.125000
1	23.037000	1.326232	288.493744	324.506256
1	23.069000	1.313623	288.375000	324.750000
1	23.100000	1.322899	288.475006	324.725006
1	23.131000	1.327536	288.437500	324.562500
1	23.162000	1.309855	288.162506	324.787506
1	23.209000	1.344928	288.000000	324.000000
1	23.240000	1.327246	288.462494	325.412506
1	23.271000	1.327246	288.587494	325.512482
1	23.303000	1.321739	289.000000	325.000000
1	23.334000	1.315507	289.118744	324.881256
1	23.365000	1.328406	289.037476	325.462524
1	23.396000	1.333768	288.568756	326.431244
1	23.443000	1.344928	288.000000	327.000000
1	23.474000	1.309855	288.837494	326.287506
1	23.505000	1.328985	289.512512	326.487488
1	23.537000	1.333768	288.856232	326.568756
1	23.568000	1.331884	289.031250	327.468750
1	23.599000	1.344058	289.312500	327.312500
1	23.630000	1.344638	289.337494	326.837494
1	23.661000	1.337971	288.649994	326.649994
1	23.708000	1.336377	288.643738	326.468750
1	23.739000	1.321739	288.500000	326.500000
1	23.771000	1.344638	289.337494	326.337494
1	23.802000	1.342899	289.312500	326.375000
0	23.833000	1.368116	292.000000	330.000000
1	23.864000	1.342899	289.362488	326.362488
1	23.895000	1.344638	289.337494	326.662506
1	23.942000	1.348406	289.250000	326.612488
1	23.973000	1.342319	289.337494	326.337494
1	24.005000	1.342899	289.362488	326.625000
1	24.036000	1.334203	289.437500	326.562500
1	24.067000	1.275362	288.000000	326.000000
1	24.098000	1.329275	289.462494	327.462494
1	24.129000	1.340290	289.399994	327.337494
1	24.161000	1.327246	289.487488	326.962463
1	24.207000	1.344638	288.662506	326.337494
1	24.239000	1.335362	288.562500	326.562500
1	24.270000	1.361014	288.943756	325.931244
1	24.301000	1.361014	289.056244	325.056244
1	24.332000	1.366232	288.993744	325.056244
1	24.363000	1.342319	288.337494	325.337494
1	24.395000	1.344928	288.000000	324.000000
1	24.441000	1.370725	288.912506	324.212494
1	24.473000	1.345072	288.656250	324.343750
1	24.504000	1.344638	288.337494	323.337494
1	24.535000	1.334203	288.562500	323.812500
1	24.566000	1.342464	288.693756	323.731232
1	24.597000	1.340145	288.681244	323.618744
1	24.629000	1.344638	288.649994	323.337494
1	24.675000	1.342464	288.681244	323.693756
1	24.707000	1.340290	288.600006	323.600006
1	24.738000	1.339275	288.631256	323.743744
1	24.769000	1.345072	288.343750	323.843750
1	24.800000	1.351014	288.212555	324.262421
1	24.831000	1.345072	288.343750	324.343750
1	24.863000	1.368116	288.000000	326.000000
1	24.894000	1.339710	288.375000	322.625000
1	24.941000	1.344638	288.287506	322.287506
1	24.972000	1.342464	287.693756	322.181244
1	25.003000	1.342899	288.375000	322.000000
1	25.034000	1.344638	287.662506	322.337494
1	25.065000	1.346232	287.706238	321.706238
1	25.097000	1.331449	287.943756	321.568756
1	25.128000	1.370725	287.912506	322.100006
1	25.175000	1.344638	288.337494	321.337494
1	25.206000	1.344638	288.162506	321.662506
1	25.237000	1.361594	287.918762	321.581238
1	25.268000	1.370725	287.962494	322.037506
1	25.299000	1.370145	287.937500	322.300049
1	25.331000	1.367391	288.118744	323.006256
1	25.362000	1.344638	288.337494	323.337494
1	25.393000	1.379275	287.818756	323.806244
1	25.440000	1.344638	288.337494	323.337494
1	25.471000	1.370580	287.943756	322.131256
1	25.502000	1.379275	287.818756	321.818756
1	25.533000	1.379710	287.000000	321.500000
1	25.565000	1.361449	287.937500	321.612488
1	25.596000	1.379420	287.837494	321.175079
1	25.627000	1.378841	287.862488	321.174988
1	25.674000	1.378841	287.862488	321.137512
1	25.705000	1.378841	287.862488	320.937500
1	25.736000	1.378985	287.843750	320.893738
1	25.767000	1.375073	287.899994	321.024994
1	25.799000	1.375507	287.893738	320.893738
1	25.830000	1.374927	288.118744	321.118744
1	25.861000	1.378841	287.862488	321.862488
1	25.908000	1.382029	287.875000	321.812500
1	25.939000	1.377101	287.912506	322.112518
1	25.970000	1.381159	287.862488	321.987488
1	26.001000	1.378841	288.037476	322.862488
1	26.033000	1.375073	288.100006	323.024994
1	26.064000	1.397246	287.793762	322.593750
1	26.095000	1.385942	288.106232	321.931244
1	26.126000	1.389710	287.968750	321.843750
1	26.173000	1.379710	288.125000	321.875000
0	26.204000	2.053333	294.524994	311.475006
1	26.235000	1.375507	288.093750	322.093750
1	26.267000	1.407536	288.475006	322.475006
1	26.298000	1.407536	288.475006	322.662506
1	26.329000	1.395072	288.387451	322.987488
1	26.360000	1.405362	288.493744	322.756256
1	26.407000	1.405797	288.549988	323.450012
1	26.438000	1.406377	288.524994	323.475006
1	26.469000	1.415072	288.399994	323.699982
1	26.501000	1.402899	288.000000	325.000000
0	26.532000	1.685942	288.118774	319.381287
1	26.563000	1.389275	288.975006	326.287506
1	26.594000	1.389710	288.706268	326.706268
1	26.641000	1.405942	288.468750	326.718750
1	26.672000	1.391304	288.500000	326.500000
1	26.703000	1.382319	288.812500	325.937500
1	26.735000	1.382754	288.243744	325.806244
1	26.766000	1.384203	288.906250	325.781250
1	26.797000	1.381159	288.862488	325.862488
1	26.828000	1.377246	288.881256	325.868744
1	26.859000	1.377246	288.881256	325.131256
1	26.906000	1.402899	288.000000	325.000000
1	26.937000	1.389710	289.018707	325.006256
1	26.969000	1.402754	288.906250	325.093750
1	27.000000	1.385797	288.912506	325.274994
1	27.031000	1.378841	288.862488	324.962524
1	27.062000	1.396232	288.812500	325.387512
1	27.093000	1.398840	288.762512	324.887512
1	27.140000	1.375073	288.899994	325.100006
1	27.171000	1.391304	288.500000	325.500000
1	27.203000	1.407536	288.524994	325.574982
1	27.234000	1.391594	288.712524	325.287476
1	27.265000	1.416812	288.375031	325.674957
1	27.296000	1.416812	288.275024	324.625000
1	27.327000	1.416232	288.399994	324.600006
1	27.374000	1.391884	288.325012	324.000000
1	27.405000	1.413768	288.231262	323.706238
1	27.437000	1.381450	288.200012	323.949890
1	27.468000	1.394203	288.250000	324.000000
0	27.499000	1.930435	291.500000	313.500000
1	27.530000	1.406377	288.475006	323.524994
1	27.561000	1.390725	288.312500	324.000000
1	27.593000	1.416377	288.368744	323.618744
1	27.639000	1.403768	288.062500	324.500000
1	27.671000	1.406377	288.475006	323.524994
1	27.702000	1.414638	288.343750	324.343750
1	27.733000	1.415072	288.350006	324.399994
1	27.764000	1.404928	288.312500	324.799988
1	27.795000	1.383768	288.225006	324.962494
1	27.827000	1.405362	288.243744	325.493744
1	27.873000	1.381159	288.137512	324.987488
1	27.905000	1.417971	287.674988	324.724976
1	27.936000	1.405362	287.956268	324.493744
1	27.967000	1.391304	288.500000	324.500000
1	27.998000	1.414493	288.500000	323.500000
1	28.029000	1.411015	288.375000	324.574951
1	28.061000	1.403768	288.250000	324.562500
1	28.107000	1.391304	288.000000	324.000000
1	28.139000	1.391304	287.875000	323.875000
1	28.170000	1.406377	288.475006	324.524994
1	28.201000	1.381884	288.143738	323.918762
1	28.232000	1.385797	288.237518	323.912506
1	28.263000	1.388551	288.018738	324.018738
1	28.295000	1.416812	288.325012	324.625000
1	28.326000	1.406377	288.475006	324.824982
1	28.373000	1.398840	288.449982	324.850006
1	28.404000	1.400000	287.937500	325.437500
1	28.435000	1.391304	288.500000	325.500000
1	28.466000	1.391304	288.000000	326.000000
1	28.497000	1.391304	288.000000	326.000000
1	28.529000	1.385362	288.081238	324.956238
1	28.560000	1.387536	287.812500	324.937500
1	28.607000	1.408696	288.000000	325.000000
1	28.638000	1.389275	288.012482	324.712494
1	28.669000	1.407681	288.493744	324.693756
1	28.700000	1.407101	288.468750	324.531250
1	28.731000	1.379710	288.156250	325.093750
1	28.763000	1.385072	288.206390	325.043732
1	28.794000	1.406377	288.475006	325.475006
1	28.841000	1.381159	288.187500	325.862488
1	28.872000	1.386377	288.250000	325.937500
1	28.903000	1.405942	288.481262	326.518738
1	28.934000	1.408116	288.549988	326.687500
1	28.965000	1.405797	288.500000	326.549988
1	28.997000	1.391304	288.812500	326.937500
1	29.028000	1.431884	289.000000	327.500000
1	29.059000	1.385942	288.743744	327.931244
1	29.106000	1.402899	288.875000	327.875000
1	29.137000	1.426087	289.000000	328.000000
1	29.168000	1.415797	288.656250	328.406250
1	29.199000	1.416812	289.325012	328.625000
1	29.231000	1.431884	289.000000	328.000000
1	29.262000	1.416232	288.699982	327.600006
1	29.293000	1.414493	289.325012	326.674988
1	29.324000	1.426087	289.250000	327.250000
1	29.371000	1.427246	288.774994	326.524994
1	29.402000	1.415797	288.793762	326.656250
1	29.433000	1.424927	289.212494	326.524994
1	29.465000	1.407101	288.531250	326.531250
1	29.496000	1.426667	289.187500	326.500000
1	29.527000	1.414493	289.325012	326.625000
1	29.558000	1.391304	290.000000	326.000000
1	29.605000	1.407536	288.725006	326.524994
1	29.636000	1.418841	288.737488	326.737488
1	29.667000	1.426087	289.000000	327.000000
1	29.699000	1.379710	289.000000	327.000000
1	29.730000	1.416377	289.368744	327.618744
1	29.761000	1.434783	288.500000	327.250000
1	29.792000	1.431594	288.850006	327.462494
1	29.839000	1.431449	288.693756	326.818756
1	29.870000	1.429710	288.581238	326.156250
1	29.901000	1.434783	288.750000	326.000000
1	29.933000	1.436957	288.625000	325.625000
1	29.964000	1.451014	288.912506	325.100006
1	29.995000	1.391304	288.000000	325.000000
<\RIGHT-PUPIL-DATA>
<LEFT-PUPIL-DATA>
902	0
0	-0.066000	0.000000	250.000000	362.000000
0	-0.035000	0.000000	250.000000	362.000000
0	0.012000	0.000000	250.000000	362.000000
0	0.043000	0.000000	250.000000	362.000000
0	0.074000	0.000000	250.000000	362.000000
0	0.105000	0.000000	250.000000	362.000000
0	0.137000	0.000000	250.000000	362.000000
0	0.168000	0.000000	250.000000	362.000000
0	0.199000	0.000000	250.000000	362.000000
0	0.246000	0.000000	250.000000	362.000000
0	0.277000	0.000000	250.000000	362.000000
0	0.308000	0.000000	250.000000	362.000000
0	0.339000	0.000000	250.000000	362.000000
0	0.371000	0.000000	250.000000	362.000000
0	0.402000	0.000000	250.000000	362.000000
0	0.433000	0.000000	250.000000	362.000000
0	0.464000	0.000000	250.000000	362.000000
0	0.511000	0.000000	250.000000	362.000000
0	0.542000	0.000000	250.000000	362.000000
0	0.573000	0.000000	250.000000	362.000000
0	0.605000	0.000000	250.000000	362.000000
0	0.636000	0.000000	250.000000	362.000000
0	0.667000	0.000000	250.000000	362.000000
0	0.698000	0.000000	250.000000	362.000000
0	0.745000	0.000000	250.000000	362.000000
0	0.776000	0.000000	250.000000	362.000000
0	0.807000	0.000000	250.000000	362.000000
0	0.839000	0.000000	250.000000	362.000000
0	0.870000	0.000000	250.000000	362.000000
0	0.901000	0.000000	250.000000	362.000000
0	0.932000	0.000000	250.000000	362.000000
0	0.979000	0.000000	250.000000	362.000000
0	1.010000	0.000000	250.000000	362.000000
0	1.041000	0.000000	250.000000	362.000000
0	1.073000	0.000000	250.000000	362.000000
0	1.104000	0.000000	250.000000	362.000000
0	1.135000	0.000000	250.000000	362.000000
0	1.166000	0.000000	250.000000	362.000000
0	1.197000	0.000000	250.000000	362.000000
0	1.244000	0.000000	250.000000	362.000000
0	1.275000	0.000000	250.000000	362.000000
0	1.307000	0.000000	250.000000	362.000000
0	1.338000	0.000000	250.000000	362.000000
0	1.369000	0.000000	250.000000	362.000000
0	1.400000	0.000000	250.000000	362.000000
0	1.431000	0.000000	250.000000	362.000000
0	1.463000	0.000000	250.000000	362.000000
0	1.509000	0.000000	250.000000	362.000000
0	1.541000	0.000000	250.000000	362.000000
0	1.572000	0.000000	250.000000	362.000000
0	1.603000	0.000000	250.000000	362.000000
0	1.634000	0.000000	250.000000	362.000000
0	1.665000	0.000000	250.000000	362.000000
0	1.697000	0.000000	250.000000	362.000000
0	1.743000	0.000000	250.000000	362.000000
0	1.775000	0.000000	250.000000	362.000000
0	1.806000	0.000000	250.000000	362.000000
0	1.837000	0.000000	250.000000	362.000000
0	1.868000	0.000000	250.000000	362.000000
0	1.899000	0.000000	250.000000	362.000000
0	1.931000	0.000000	250.000000	362.000000
0	1.977000	0.000000	250.000000	362.000000
0	2.009000	0.000000	250.000000	362.000000
0	2.040000	0.000000	250.000000	362.000000
0	2.071000	0.000000	250.000000	362.000000
0	2.102000	0.000000	250.000000	362.000000
0	2.133000	0.000000	250.000000	362.000000
0	2.165000	0.000000	250.000000	362.000000
0	2.196000	0.000000	250.000000	362.000000
0	2.243000	0.000000	250.000000	362.000000
0	2.274000	0.000000	250.000000	362.000000
0	2.305000	0.000000	250.000000	362.000000
0	2.336000	0.000000	250.000000	362.000000
0	2.367000	0.000000	250.000000	362.000000
0	2.399000	0.000000	250.000000	362.000000
0	2.430000	0.000000	250.000000	362.000000
0	2.477000	0.000000	250.000000	362.000000
0	2.508000	0.000000	250.000000	362.000000
0	2.539000	0.000000	250.000000	362.000000
0	2.570000	0.000000	250.000000	362.000000
0	2.601000	0.000000	250.000000	362.000000
0	2.633000	0.000000	250.000000	362.000000
0	2.664000	0.000000	250.000000	362.000000
0	2.711000	0.000000	250.000000	362.000000
0	2.742000	0.000000	250.000000	362.000000
0	2.773000	0.000000	250.000000	362.000000
0	2.804000	0.000000	250.000000	362.000000
0	2.835000	0.000000	250.000000	362.000000
0	2.867000	0.000000	250.000000	362.000000
0	2.898000	0.000000	250.000000	362.000000
0	2.929000	0.000000	250.000000	362.000000
0	2.976000	0.000000	250.000000	362.000000
0	3.007000	0.000000	250.000000	362.000000
0	3.038000	0.000000	250.000000	362.000000
0	3.069000	0.000000	250.000000	362.000000
0	3.101000	0.000000	250.000000	362.000000
0	3.132000	0.000000	250.000000	362.000000
0	3.163000	0.000000	250.000000	362.000000
0	3.210000	0.000000	250.000000	362.000000
0	3.241000	0.000000	250.000000	362.000000
0	3.272000	0.000000	250.000000	362.000000
0	3.303000	0.000000	250.000000	362.000000
0	3.335000	0.000000	250.000000	362.000000
0	3.366000	0.000000	250.000000	362.000000
0	3.397000	0.000000	250.000000	362.000000
0	3.444000	0.000000	250.000000	362.000000
0	3.475000	0.000000	250.000000	362.000000
0	3.506000	0.000000	250.000000	362.000000
0	3.537000	0.000000	250.000000	362.000000
0	3.569000	0.000000	250.000000	362.000000
0	3.600000	0.000000	250.000000	362.000000
0	3.631000	0.000000	250.000000	362.000000
0	3.662000	0.000000	250.000000	362.000000
0	3.709000	0.000000	250.000000	362.000000
0	3.740000	0.000000	250.000000	362.000000
0	3.771000	0.000000	250.000000	362.000000
0	3.803000	0.000000	250.000000	362.000000
0	3.834000	0.000000	250.000000	362.000000
0	3.865000	0.000000	250.000000	362.000000
0	3.896000	0.000000	250.000000	362.000000
0	3.943000	0.000000	250.000000	362.000000
0	3.974000	0.000000	250.000000	362.000000
0	4.006000	0.000000	250.000000	362.000000
0	4.037000	0.000000	250.000000	362.000000
0	4.068000	0.000000	250.000000	362.000000
0	4.099000	0.000000	250.000000	362.000000
0	4.130000	0.000000	250.000000	362.000000
0	4.177000	0.000000	250.000000	362.000000
0	4.208000	0.000000	250.000000	362.000000
0	4.240000	0.000000	250.000000	362.000000
0	4.271000	0.000000	250.000000	362.000000
0	4.302000	0.000000	250.000000	362.000000
0	4.333000	0.000000	250.000000	362.000000
0	4.364000	0.000000	250.000000	362.000000
0	4.396000	0.000000	250.000000	362.000000
0	4.442000	0.000000	250.000000	362.000000
0	4.474000	0.000000	250.000000	362.000000
0	4.505000	0.000000	250.000000	362.000000
0	4.536000	0.000000	250.000000	362.000000
0	4.567000	0.000000	250.000000	362.000000
0	4.598000	0.000000	250.000000	362.000000
0	4.630000	0.000000	250.000000	362.000000
0	4.676000	0.000000	250.000000	362.000000
0	4.708000	0.000000	250.000000	362.000000
0	4.739000	0.000000	250.000000	362.000000
0	4.770000	0.000000	250.000000	362.000000
0	4.801000	0.000000	250.000000	362.000000
0	4.832000	0.000000	250.000000	362.000000
0	4.864000	0.000000	250.000000	362.000000
0	4.910000	0.000000	250.000000	362.000000
0	4.942000	0.000000	250.000000	362.000000
0	4.973000	0.000000	250.000000	362.000000
0	5.004000	0.000000	250.000000	362.000000
0	5.035000	0.000000	250.000000	362.000000
0	5.066000	0.000000	250.000000	362.000000
0	5.098000	0.000000	250.000000	362.000000
0	5.129000	0.000000	250.000000	362.000000
0	5.176000	0.000000	250.000000	362.000000
0	5.207000	0.000000	250.000000	362.000000
0	5.238000	0.000000	250.000000	362.000000
0	5.269000	0.000000	250.000000	362.000000
0	5.300000	0.000000	250.000000	362.000000
0	5.332000	0.000000	250.000000	362.000000
0	5.363000	0.000000	250.000000	362.000000
0	5.394000	0.000000	250.000000	362.000000
0	5.441000	0.000000	250.000000	362.000000
0	5.472000	0.000000	250.000000	362.000000
0	5.503000	0.000000	250.000000	362.000000
0	5.534000	0.000000	250.000000	362.000000
0	5.566000	0.000000	250.000000	362.000000
0	5.597000	0.000000	250.000000	362.000000
0	5.628000	0.000000	250.000000	362.000000
0	5.675000	0.000000	250.000000	362.000000
0	5.706000	0.000000	250.000000	362.000000
0	5.737000	0.000000	250.000000	362.000000
0	5.768000	0.000000	250.000000	362.000000
0	5.800000	0.000000	250.000000	362.000000
0	5.831000	0.000000	250.000000	362.000000
0	5.862000	0.000000	250.000000	362.000000
0	5.909000	0.000000	250.000000	362.000000
0	5.940000	0.000000	250.000000	362.000000
0	5.971000	0.000000	250.000000	362.000000
0	6.002000	0.000000	250.000000	362.000000
0	6.034000	0.000000	250.000000	362.000000
0	6.065000	0.000000	250.000000	362.000000
0	6.096000	0.000000	250.000000	362.000000
0	6.127000	0.000000	250.000000	362.000000
0	6.174000	0.000000	250.000000	362.000000
0	6.205000	0.000000	250.000000	362.000000
0	6.236000	0.000000	250.000000	362.000000
0	6.268000	0.000000	250.000000	362.000000
0	6.299000	0.000000	250.000000	362.000000
0	6.330000	0.000000	250.000000	362.000000
0	6.361000	0.000000	250.000000	362.000000
0	6.408000	0.000000	250.000000	362.000000
0	6.439000	0.000000	250.000000	362.000000
0	6.470000	0.000000	250.000000	362.000000
0	6.502000	0.000000	250.000000	362.000000
0	6.533000	0.000000	250.000000	362.000000
0	6.564000	0.000000	250.000000	362.000000
0	6.595000	0.000000	250.000000	362.000000
0	6.642000	0.000000	250.000000	362.000000
0	6.673000	0.000000	250.000000	362.000000
0	6.704000	0.000000	250.000000	362.000000
0	6.736000	0.000000	250.000000	362.000000
0	6.767000	0.000000	250.000000	362.000000
0	6.798000	0.000000	250.000000	362.000000
0	6.829000	0.000000	250.000000	362.000000
0	6.860000	0.000000	250.000000	362.000000
0	6.907000	0.000000	250.000000	362.000000
0	6.938000	0.000000	250.000000	362.000000
0	6.970000	0.000000	250.000000	362.000000
0	7.001000	0.000000	250.000000	362.000000
0	7.032000	0.000000	250.000000	362.000000
0	7.063000	0.000000	250.000000	362.000000
0	7.094000	0.000000	250.000000	362.000000
0	7.141000	0.000000	250.000000	362.000000
0	7.172000	0.000000	250.000000	362.000000
0	7.204000	0.000000	250.000000	362.000000
0	7.235000	0.000000	250.000000	362.000000
0	7.266000	0.000000	250.000000	362.000000
0	7.297000	0.000000	250.000000	362.000000
0	7.328000	0.000000	250.000000	362.000000
0	7.375000	0.000000	250.000000	362.000000
0	7.406000	0.000000	250.000000	362.000000
0	7.438000	0.000000	250.000000	362.000000
0	7.469000	0.000000	250.000000	362.000000
0	7.500000	0.000000	250.000000	362.000000
0	7.531000	0.000000	250.000000	362.000000
0	7.562000	0.000000	250.000000	362.000000
0	7.594000	0.000000	250.000000	362.000000
0	7.640000	0.000000	250.000000	362.000000
0	7.672000	0.000000	250.000000	362.000000
0	7.703000	0.000000	250.000000	362.000000
0	7.734000	0.000000	250.000000	362.000000
0	7.765000	0.000000	250.000000	362.000000
0	7.796000	0.000000	250.000000	362.000000
0	7.828000	0.000000	250.000000	362.000000
0	7.874000	0.000000	250.000000	362.000000
0	7.906000	0.000000	250.000000	362.000000
0	7.937000	0.000000	250.000000	362.000000
0	7.968000	0.000000	250.000000	362.000000
0	7.999000	0.000000	250.000000	362.000000
0	8.030000	0.000000	250.000000	362.000000
0	8.062000	0.000000	250.000000	362.000000
0	8.108000	0.000000	250.000000	362.000000
0	8.140000	0.000000	250.000000	362.000000
0	8.171000	0.000000	250.000000	362.000000
0	8.202000	0.000000	250.000000	362.000000
0	8.233000	0.000000	250.000000	362.000000
0	8.264000	0.000000	250.000000	362.000000
0	8.296000	0.000000	250.000000	362.000000
0	8.327000	0.000000	250.000000	362.000000
0	8.374000	0.000000	250.000000	362.000000
0	8.405000	0.000000	250.000000	362.000000
0	8.436000	0.000000	250.000000	362.000000
0	8.467000	0.000000	250.000000	362.000000
0	8.498000	0.000000	250.000000	362.000000
0	8.530000	0.000000	250.000000	362.000000
0	8.561000	0.000000	250.000000	362.000000
0	8.608000	0.000000	250.000000	362.000000
0	8.639000	0.000000	250.000000	362.000000
0	8.670000	0.000000	250.000000	362.000000
0	8.701000	0.000000	250.000000	362.000000
0	8.732000	0.000000	250.000000	362.000000
0	8.764000	0.000000	250.000000	362.000000
0	8.795000	0.000000	250.000000	362.000000
0	8.842000	0.000000	250.000000	362.000000
0	8.873000	0.000000	250.000000	362.000000
0	8.904000	0.000000	250.000000	362.000000
0	8.935000	0.000000	250.000000	362.000000
0	8.966000	0.000000	250.000000	362.000000
0	8.998000	0.000000	250.000000	362.000000
0	9.029000	0.000000	250.000000	362.000000
0	9.060000	0.000000	250.000000	362.000000
0	9.107000	0.000000	250.000000	362.000000
0	9.138000	0.000000	250.000000	362.000000
0	9.169000	0.000000	250.000000	362.000000
0	9.200000	0.000000	250.000000	362.000000
0	9.232000	0.000000	250.000000	362.000000
0	9.263000	0.000000	250.000000	362.000000
0	9.294000	0.000000	250.000000	362.000000
0	9.341000	0.000000	250.000000	362.000000
0	9.372000	0.000000	250.000000	362.000000
0	9.403000	0.000000	250.000000	362.000000
0	9.434000	0.000000	250.000000	362.000000
0	9.466000	0.000000	250.000000	362.000000
0	9.497000	0.000000	250.000000	362.000000
0	9.528000	0.000000	250.000000	362.000000
0	9.559000	0.000000	250.000000	362.000000
0	9.606000	0.000000	250.000000	362.000000
0	9.637000	0.000000	250.000000	362.000000
0	9.668000	0.000000	250.000000	362.000000
0	9.700000	0.000000	250.000000	362.000000
0	9.731000	0.000000	250.000000	362.000000
0	9.762000	0.000000	250.000000	362.000000
0	9.793000	0.000000	250.000000	362.000000
0	9.840000	0.000000	250.000000	362.000000
0	9.871000	0.000000	250.000000	362.000000
0	9.902000	0.000000	250.000000	362.000000
0	9.934000	0.000000	250.000000	362.000000
0	9.965000	0.000000	250.000000	362.000000
0	9.996000	0.000000	250.000000	362.000000
0	10.027000	0.000000	250.000000	362.000000
0	10.058000	0.000000	250.000000	362.000000
0	10.105000	0.000000	250.000000	362.000000
0	10.136000	0.000000	250.000000	362.000000
0	10.168000	0.000000	250.000000	362.000000
0	10.199000	0.000000	250.000000	362.000000
0	10.230000	0.000000	250.000000	362.000000
0	10.261000	0.000000	250.000000	362.000000
0	10.292000	0.000000	250.000000	362.000000
0	10.339000	0.000000	250.000000	362.000000
0	10.370000	0.000000	250.000000	362.000000
0	10.402000	0.000000	250.000000	362.000000
0	10.433000	0.000000	250.000000	362.000000
0	10.464000	0.000000	250.000000	362.000000
0	10.495000	0.000000	250.000000	362.000000
0	10.526000	0.000000	250.000000	362.000000
0	10.573000	0.000000	250.000000	362.000000
0	10.604000	0.000000	250.000000	362.000000
0	10.636000	0.000000	250.000000	362.000000
0	10.667000	0.000000	250.000000	362.000000
0	10.698000	0.000000	250.000000	362.000000
0	10.729000	0.000000	250.000000	362.000000
0	10.760000	0.000000	250.000000	362.000000
0	10.792000	0.000000	250.000000	362.000000
0	10.838000	0.000000	250.000000	362.000000
0	10.870000	0.000000	250.000000	362.000000
0	10.901000	0.000000	250.000000	362.000000
0	10.932000	0.000000	250.000000	362.000000
0	10.963000	0.000000	250.000000	362.000000
0	10.994000	0.000000	250.000000	362.000000
0	11.026000	0.000000	250.000000	362.000000
0	11.072000	0.000000	250.000000	362.000000
0	11.104000	0.000000	250.000000	362.000000
0	11.135000	0.000000	250.000000	362.000000
0	11.166000	0.000000	250.000000	362.000000
0	11.197000	0.000000	250.000000	362.000000
0	11.228000	0.000000	250.000000	362.000000
0	11.260000	0.000000	250.000000	362.000000
0	11.306000	0.000000	250.000000	362.000000
0	11.338000	0.000000	250.000000	362.000000
0	11.369000	0.000000	250.000000	362.000000
0	11.400000	0.000000	250.000000	362.000000
0	11.431000	0.000000	250.000000	362.000000
0	11.462000	0.000000	250.000000	362.000000
0	11.494000	0.000000	250.000000	362.000000
0	11.525000	0.000000	250.000000	362.000000
0	11.572000	0.000000	250.000000	362.000000
0	11.603000	0.000000	250.000000	362.000000
0	11.634000	0.000000	250.000000	362.000000
0	11.665000	0.000000	250.000000	362.000000
0	11.696000	0.000000	250.000000	362.000000
0	11.728000	0.000000	250.000000	362.000000
0	11.759000	0.000000	250.000000	362.000000
0	11.806000	0.000000	250.000000	362.000000
0	11.837000	0.000000	250.000000	362.000000
0	11.868000	0.000000	250.000000	362.000000
0	11.899000	0.000000	250.000000	362.000000
0	11.930000	0.000000	250.000000	362.000000
0	11.962000	0.000000	250.000000	362.000000
0	11.993000	0.000000	250.000000	362.000000
0	12.040000	0.000000	250.000000	362.000000
0	12.071000	0.000000	250.000000	362.000000
0	12.102000	0.000000	250.000000	362.000000
0	12.133000	0.000000	250.000000	362.000000
0	12.164000	0.000000	250.000000	362.000000
0	12.196000	0.000000	250.000000	362.000000
0	12.227000	0.000000	250.000000	362.000000
0	12.258000	0.000000	250.000000	362.000000
0	12.305000	0.000000	250.000000	362.000000
0	12.336000	0.000000	250.000000	362.000000
0	12.367000	0.000000	250.000000	362.000000
0	12.398000	0.000000	250.000000	362.000000
0	12.430000	0.000000	250.000000	362.000000
0	12.461000	0.000000	250.000000	362.000000
0	12.492000	0.000000	250.000000	362.000000
0	12.539000	0.000000	250.000000	362.000000
0	12.570000	0.000000	250.000000	362.000000
0	12.601000	0.000000	250.000000	362.000000
0	12.632000	0.000000	250.000000	362.000000
0	12.664000	0.000000	250.000000	362.000000
0	12.695000	0.000000	250.000000	362.000000
0	12.726000	0.000000	250.000000	362.000000
0	12.773000	0.000000	250.000000	362.000000
0	12.804000	0.000000	250.000000	362.000000
0	12.835000	0.000000	250.000000	362.000000
0	12.866000	0.000000	250.000000	362.000000
0	12.898000	0.000000	250.000000	362.000000
0	12.929000	0.000000	250.000000	362.000000
0	12.960000	0.000000	250.000000	362.000000
0	12.991000	0.000000	250.000000	362.000000
0	13.038000	0.000000	250.000000	362.000000
0	13.069000	0.000000	250.000000	362.000000
0	13.100000	0.000000	250.000000	362.000000
0	13.132000	0.000000	250.000000	362.000000
0	13.163000	0.000000	250.000000	362.000000
0	13.194000	0.000000	250.000000	362.000000
0	13.225000	0.000000	250.000000	362.000000
0	13.272000	0.000000	250.000000	362.000000
0	13.303000	0.000000	250.000000	362.000000
0	13.334000	0.000000	250.000000	362.000000
0	13.366000	0.000000	250.000000	362.000000
0	13.397000	0.000000	250.000000	362.000000
0	13.428000	0.000000	250.000000	362.000000
0	13.459000	0.000000	250.000000	362.000000
0	13.490000	0.000000	250.000000	362.000000
0	13.537000	0.000000	250.000000	362.000000
0	13.568000	0.000000	250.000000	362.000000
0	13.600000	0.000000	250.000000	362.000000
0	13.631000	0.000000	250.000000	362.000000
0	13.662000	0.000000	250.000000	362.000000
0	13.693000	0.000000	250.000000	362.000000
0	13.724000	0.000000	250.000000	362.000000
0	13.771000	0.000000	250.000000	362.000000
0	13.802000	0.000000	250.000000	362.000000
0	13.834000	0.000000	250.000000	362.000000
0	13.865000	0.000000	250.000000	362.000000
0	13.896000	0.000000	250.000000	362.000000
0	13.927000	0.000000	250.000000	362.000000
0	13.958000	0.000000	250.000000	362.000000
0	14.005000	0.000000	250.000000	362.000000
0	14.036000	0.000000	250.000000	362.000000
0	14.068000	0.000000	250.000000	362.000000
0	14.099000	0.000000	250.000000	362.000000
0	14.130000	0.000000	250.000000	362.000000
0	14.161000	0.000000	250.000000	362.000000
0	14.192000	0.000000	250.000000	362.000000
0	14.224000	0.000000	250.000000	362.000000
0	14.270000	0.000000	250.000000	362.000000
0	14.302000	0.000000	250.000000	362.000000
0	14.333000	0.000000	250.000000	362.000000
0	14.364000	0.000000	250.000000	362.000000
0	14.395000	0.000000	250.000000	362.000000
0	14.426000	0.000000	250.000000	362.000000
0	14.458000	0.000000	250.000000	362.000000
0	14.504000	0.000000	250.000000	362.000000
0	14.536000	0.000000	250.000000	362.000000
0	14.567000	0.000000	250.000000	362.000000
0	14.598000	0.000000	250.000000	362.000000
0	14.629000	0.000000	250.000000	362.000000
0	14.660000	0.000000	250.000000	362.000000
0	14.692000	0.000000	250.000000	362.000000
0	14.723000	0.000000	250.000000	362.000000
0	14.770000	0.000000	250.000000	362.000000
0	14.801000	0.000000	250.000000	362.000000
0	14.832000	0.000000	250.000000	362.000000
0	14.863000	0.000000	250.000000	362.000000
0	14.894000	0.000000	250.000000	362.000000
0	14.926000	0.000000	250.000000	362.000000
0	14.957000	0.000000	250.000000	362.000000
0	15.004000	0.000000	250.000000	362.000000
0	15.035000	0.000000	250.000000	362.000000
0	15.066000	0.000000	250.000000	362.000000
0	15.097000	0.000000	250.000000	362.000000
0	15.128000	0.000000	250.000000	362.000000
0	15.160000	0.000000	250.000000	362.000000
0	15.191000	0.000000	250.000000	362.000000
0	15.238000	0.000000	250.000000	362.000000
0	15.269000	0.000000	250.000000	362.000000
0	15.300000	0.000000	250.000000	362.000000
0	15.331000	0.000000	250.000000	362.000000
0	15.362000	0.000000	250.000000	362.000000
0	15.394000	0.000000	250.000000	362.000000
0	15.425000	0.000000	250.000000	362.000000
0	15.456000	0.000000	250.000000	362.000000
0	15.503000	0.000000	250.000000	362.000000
0	15.534000	0.000000	250.000000	362.000000
0	15.565000	0.000000	250.000000	362.000000
0	15.596000	0.000000	250.000000	362.000000
0	15.628000	0.000000	250.000000	362.000000
0	15.659000	0.000000	250.000000	362.000000
0	15.690000	0.000000	250.000000	362.000000
0	15.737000	0.000000	250.000000	362.000000
0	15.768000	0.000000	250.000000	362.000000
0	15.799000	0.000000	250.000000	362.000000
0	15.830000	0.000000	250.000000	362.000000
0	15.862000	0.000000	250.000000	362.000000
0	15.893000	0.000000	250.000000	362.000000
0	15.924000	0.000000	250.000000	362.000000
0	15.971000	0.000000	250.000000	362.000000
0	16.002000	0.000000	250.000000	362.000000
0	16.033000	0.000000	250.000000	362.000000
0	16.064000	0.000000	250.000000	362.000000
0	16.096000	0.000000	250.000000	362.000000
0	16.127000	0.000000	250.000000	362.000000
0	16.158000	0.000000	250.000000	362.000000
0	16.189000	0.000000	250.000000	362.000000
0	16.236000	0.000000	250.000000	362.000000
0	16.267000	0.000000	250.000000	362.000000
0	16.298000	0.000000	250.000000	362.000000
0	16.330000	0.000000	250.000000	362.000000
0	16.361000	0.000000	250.000000	362.000000
0	16.392000	0.000000	250.000000	362.000000
0	16.423000	0.000000	250.000000	362.000000
0	16.470000	0.000000	250.000000	362.000000
0	16.501000	0.000000	250.000000	362.000000
0	16.532000	0.000000	250.000000	362.000000
0	16.564000	0.000000	250.000000	362.000000
0	16.595000	0.000000	250.000000	362.000000
0	16.626000	0.000000	250.000000	362.000000
0	16.657000	0.000000	250.000000	362.000000
0	16.704000	0.000000	250.000000	362.000000
0	16.735000	0.000000	250.000000	362.000000
0	16.766000	0.000000	250.000000	362.000000
0	16.798000	0.000000	250.000000	362.000000
0	16.829000	0.000000	250.000000	362.000000
0	16.860000	0.000000	250.000000	362.000000
0	16.891000	0.000000	250.000000	362.000000
0	16.922000	0.000000	250.000000	362.000000
0	16.969000	0.000000	250.000000	362.000000
0	17.000000	0.000000	250.000000	362.000000
0	17.032000	0.000000	250.000000	362.000000
0	17.063000	0.000000	250.000000	362.000000
0	17.094000	0.000000	250.000000	362.000000
0	17.125000	0.000000	250.000000	362.000000
0	17.156000	0.000000	250.000000	362.000000
0	17.203000	0.000000	250.000000	362.000000
0	17.234000	0.000000	250.000000	362.000000
0	17.266000	0.000000	250.000000	362.000000
0	17.297000	0.000000	250.000000	362.000000
0	17.328000	0.000000	250.000000	362.000000
0	17.359000	0.000000	250.000000	362.000000
0	17.390000	0.000000	250.000000	362.000000
0	17.422000	0.000000	250.000000	362.000000
0	17.468000	0.000000	250.000000	362.000000
0	17.500000	0.000000	250.000000	362.000000
0	17.531000	0.000000	250.000000	362.000000
0	17.562000	0.000000	250.000000	362.000000
0	17.593000	0.000000	250.000000	362.000000
0	17.624000	0.000000	250.000000	362.000000
0	17.656000	0.000000	250.000000	362.000000
0	17.702000	0.000000	250.000000	362.000000
0	17.734000	0.000000	250.000000	362.000000
0	17.765000	0.000000	250.000000	362.000000
0	17.796000	0.000000	250.000000	362.000000
0	17.827000	0.000000	250.000000	362.000000
0	17.858000	0.000000	250.000000	362.000000
0	17.890000	0.000000	250.000000	362.000000
0	17.936000	0.000000	250.000000	362.000000
0	17.968000	0.000000	250.000000	362.000000
0	17.999000	0.000000	250.000000	362.000000
0	18.030000	0.000000	250.000000	362.000000
0	18.061000	0.000000	250.000000	362.000000
0	18.092000	0.000000	250.000000	362.000000
0	18.124000	0.000000	250.000000	362.000000
0	18.155000	0.000000	250.000000	362.000000
0	18.202000	0.000000	250.000000	362.000000
0	18.233000	0.000000	250.000000	362.000000
0	18.264000	0.000000	250.000000	362.000000
0	18.295000	0.000000	250.000000	362.000000
0	18.326000	0.000000	250.000000	362.000000
0	18.358000	0.000000	250.000000	362.000000
0	18.389000	0.000000	250.000000	362.000000
0	18.436000	0.000000	250.000000	362.000000
0	18.467000	0.000000	250.000000	362.000000
0	18.498000	0.000000	250.000000	362.000000
0	18.529000	0.000000	250.000000	362.000000
0	18.560000	0.000000	250.000000	362.000000
0	18.592000	0.000000	250.000000	362.000000
0	18.623000	0.000000	250.000000	362.000000
0	18.670000	0.000000	250.000000	362.000000
0	18.701000	0.000000	250.000000	362.000000
0	18.732000	0.000000	250.000000	362.000000
0	18.763000	0.000000	250.000000	362.000000
0	18.794000	0.000000	250.000000	362.000000
0	18.826000	0.000000	250.000000	362.000000
0	18.857000	0.000000	250.000000	362.000000
0	18.888000	0.000000	250.000000	362.000000
0	18.935000	0.000000	250.000000	362.000000
0	18.966000	0.000000	250.000000	362.000000
0	18.997000	0.000000	250.000000	362.000000
0	19.028000	0.000000	250.000000	362.000000
0	19.060000	0.000000	250.000000	362.000000
0	19.091000	0.000000	250.000000	362.000000
0	19.122000	0.000000	250.000000	362.000000
0	19.169000	0.000000	250.000000	362.000000
0	19.200000	0.000000	250.000000	362.000000
0	19.231000	0.000000	250.000000	362.000000
0	19.262000	0.000000	250.000000	362.000000
0	19.294000	0.000000	250.000000	362.000000
0	19.325000	0.000000	250.000000	362.000000
0	19.356000	0.000000	250.000000	362.000000
0	19.387000	0.000000	250.000000	362.000000
0	19.434000	0.000000	250.000000	362.000000
0	19.465000	0.000000	250.000000	362.000000
0	19.496000	0.000000	250.000000	362.000000
0	19.528000	0.000000	250.000000	362.000000
0	19.559000	0.000000	250.000000	362.000000
0	19.590000	0.000000	250.000000	362.000000
0	19.621000	0.000000	250.000000	362.000000
0	19.668000	0.000000	250.000000	362.000000
0	19.699000	0.000000	250.000000	362.000000
0	19.730000	0.000000	250.000000	362.000000
0	19.762000	0.000000	250.000000	362.000000
0	19.793000	0.000000	250.000000	362.000000
0	19.824000	0.000000	250.000000	362.000000
0	19.855000	0.000000	250.000000	362.000000
0	19.902000	0.000000	250.000000	362.000000
0	19.933000	0.000000	250.000000	362.000000
0	19.964000	0.000000	250.000000	362.000000
0	19.996000	0.000000	250.000000	362.000000
0	20.027000	0.000000	250.000000	362.000000
0	20.058000	0.000000	250.000000	362.000000
0	20.089000	0.000000	250.000000	362.000000
0	20.120000	0.000000	250.000000	362.000000
0	20.167000	0.000000	250.000000	362.000000
0	20.198000	0.000000	250.000000	362.000000
0	20.230000	0.000000	250.000000	362.000000
0	20.261000	0.000000	250.000000	362.000000
0	20.292000	0.000000	250.000000	362.000000
0	20.323000	0.000000	250.000000	362.000000
0	20.354000	0.000000	250.000000	362.000000
0	20.401000	0.000000	250.000000	362.000000
0	20.432000	0.000000	250.000000	362.000000
0	20.464000	0.000000	250.000000	362.000000
0	20.495000	0.000000	250.000000	362.000000
0	20.526000	0.000000	250.000000	362.000000
0	20.557000	0.000000	250.000000	362.000000
0	20.588000	0.000000	250.000000	362.000000
0	20.635000	0.000000	250.000000	362.000000
0	20.666000	0.000000	250.000000	362.000000
0	20.698000	0.000000	250.000000	362.000000
0	20.729000	0.000000	250.000000	362.000000
0	20.760000	0.000000	250.000000	362.000000
0	20.791000	0.000000	250.000000	362.000000
0	20.822000	0.000000	250.000000	362.000000
0	20.854000	0.000000	250.000000	362.000000
0	20.900000	0.000000	250.000000	362.000000
0	20.932000	0.000000	250.000000	362.000000
0	20.963000	0.000000	250.000000	362.000000
0	20.994000	0.000000	250.000000	362.000000
0	21.025000	0.000000	250.000000	362.000000
0	21.056000	0.000000	250.000000	362.000000
0	21.088000	0.000000	250.000000	362.000000
0	21.134000	0.000000	250.000000	362.000000
0	21.166000	0.000000	250.000000	362.000000
0	21.197000	0.000000	250.000000	362.000000
0	21.228000	0.000000	250.000000	362.000000
0	21.259000	0.000000	250.000000	362.000000
0	21.290000	0.000000	250.000000	362.000000
0	21.322000	0.000000	250.000000	362.000000
0	21.353000	0.000000	250.000000	362.000000
0	21.400000	0.000000	250.000000	362.000000
0	21.431000	0.000000	250.000000	362.000000
0	21.462000	0.000000	250.000000	362.000000
0	21.493000	0.000000	250.000000	362.000000
0	21.524000	0.000000	250.000000	362.000000
0	21.556000	0.000000	250.000000	362.000000
0	21.587000	0.000000	250.000000	362.000000
0	21.634000	0.000000	250.000000	362.000000
0	21.665000	0.000000	250.000000	362.000000
0	21.696000	0.000000	250.000000	362.000000
0	21.727000	0.000000	250.000000	362.000000
0	21.758000	0.000000	250.000000	362.000000
0	21.790000	0.000000	250.000000	362.000000
0	21.821000	0.000000	250.000000	362.000000
0	21.868000	0.000000	250.000000	362.000000
0	21.899000	0.000000	250.000000	362.000000
0	21.930000	0.000000	250.000000	362.000000
0	21.961000	0.000000	250.000000	362.000000
0	21.992000	0.000000	250.000000	362.000000
0	22.024000	0.000000	250.000000	362.000000
0	22.055000	0.000000	250.000000	362.000000
0	22.086000	0.000000	250.000000	362.000000
0	22.133000	0.000000	250.000000	362.000000
0	22.164000	0.000000	250.000000	362.000000
0	22.195000	0.000000	250.000000	362.000000
0	22.226000	0.000000	250.000000	362.000000
0	22.258000	0.000000	250.000000	362.000000
0	22.289000	0.000000	250.000000	362.000000
0	22.320000	0.000000	250.000000	362.000000
0	22.367000	0.000000	250.000000	362.000000
0	22.398000	0.000000	250.000000	362.000000
0	22.429000	0.000000	250.000000	362.000000
0	22.460000	0.000000	250.000000	362.000000
0	22.492000	0.000000	250.000000	362.000000
0	22.523000	0.000000	250.000000	362.000000
0	22.554000	0.000000	250.000000	362.000000
0	22.601000	0.000000	250.000000	362.000000
0	22.632000	0.000000	250.000000	362.000000
0	22.663000	0.000000	250.000000	362.000000
0	22.694000	0.000000	250.000000	362.000000
0	22.726000	0.000000	250.000000	362.000000
0	22.757000	0.000000	250.000000	362.000000
0	22.788000	0.000000	250.000000	362.000000
0	22.819000	0.000000	250.000000	362.000000
0	22.866000	0.000000	250.000000	362.000000
0	22.897000	0.000000	250.000000	362.000000
0	22.928000	0.000000	250.000000	362.000000
0	22.960000	0.000000	250.000000	362.000000
0	22.991000	0.000000	250.000000	362.000000
0	23.022000	0.000000	250.000000	362.000000
0	23.053000	0.000000	250.000000	362.000000
0	23.100000	0.000000	250.000000	362.000000
0	23.131000	0.000000	250.000000	362.000000
0	23.162000	0.000000	250.000000	362.000000
0	23.194000	0.000000	250.000000	362.000000
0	23.225000	0.000000	250.000000	362.000000
0	23.256000	0.000000	250.000000	362.000000
0	23.287000	0.000000	250.000000	362.000000
0	23.334000	0.000000	250.000000	362.000000
0	23.365000	0.000000	250.000000	362.000000
0	23.396000	0.000000	250.000000	362.000000
0	23.428000	0.000000	250.000000	362.000000
0	23.459000	0.000000	250.000000	362.000000
0	23.490000	0.000000	250.000000	362.000000
0	23.521000	0.000000	250.000000	362.000000
0	23.552000	0.000000	250.000000	362.000000
0	23.599000	0.000000	250.000000	362.000000
0	23.630000	0.000000	250.000000	362.000000
0	23.662000	0.000000	250.000000	362.000000
0	23.693000	0.000000	250.000000	362.000000
0	23.724000	0.000000	250.000000	362.000000
0	23.755000	0.000000	250.000000	362.000000
0	23.786000	0.000000	250.000000	362.000000
0	23.833000	0.000000	250.000000	362.000000
0	23.864000	0.000000	250.000000	362.000000
0	23.896000	0.000000	250.000000	362.000000
0	23.927000	0.000000	250.000000	362.000000
0	23.958000	0.000000	250.000000	362.000000
0	23.989000	0.000000	250.000000	362.000000
0	24.020000	0.000000	250.000000	362.000000
0	24.067000	0.000000	250.000000	362.000000
0	24.098000	0.000000	250.000000	362.000000
0	24.130000	0.000000	250.000000	362.000000
0	24.161000	0.000000	250.000000	362.000000
0	24.192000	0.000000	250.000000	362.000000
0	24.223000	0.000000	250.000000	362.000000
0	24.254000	0.000000	250.000000	362.000000
0	24.286000	0.000000	250.000000	362.000000
0	24.332000	0.000000	250.000000	362.000000
0	24.364000	0.000000	250.000000	362.000000
0	24.395000	0.000000	250.000000	362.000000
0	24.426000	0.000000	250.000000	362.000000
0	24.457000	0.000000	250.000000	362.000000
0	24.488000	0.000000	250.000000	362.000000
0	24.520000	0.000000	250.000000	362.000000
0	24.566000	0.000000	250.000000	362.000000
0	24.598000	0.000000	250.000000	362.000000
0	24.629000	0.000000	250.000000	362.000000
0	24.660000	0.000000	250.000000	362.000000
0	24.691000	0.000000	250.000000	362.000000
0	24.722000	0.000000	250.000000	362.000000
0	24.754000	0.000000	250.000000	362.000000
0	24.785000	0.000000	250.000000	362.000000
0	24.832000	0.000000	250.000000	362.000000
0	24.863000	0.000000	250.000000	362.000000
0	24.894000	0.000000	250.000000	362.000000
0	24.925000	0.000000	250.000000	362.000000
0	24.956000	0.000000	250.000000	362.000000
0	24.988000	0.000000	250.000000	362.000000
0	25.019000	0.000000	250.000000	362.000000
0	25.066000	0.000000	250.000000	362.000000
0	25.097000	0.000000	250.000000	362.000000
0	25.128000	0.000000	250.000000	362.000000
0	25.159000	0.000000	250.000000	362.000000
0	25.190000	0.000000	250.000000	362.000000
0	25.222000	0.000000	250.000000	362.000000
0	25.253000	0.000000	250.000000	362.000000
0	25.284000	0.000000	250.000000	362.000000
0	25.331000	0.000000	250.000000	362.000000
0	25.362000	0.000000	250.000000	362.000000
0	25.393000	0.000000	250.000000	362.000000
0	25.424000	0.000000	250.000000	362.000000
0	25.456000	0.000000	250.000000	362.000000
0	25.487000	0.000000	250.000000	362.000000
0	25.518000	0.000000	250.000000	362.000000
0	25.565000	0.000000	250.000000	362.000000
0	25.596000	0.000000	250.000000	362.000000
0	25.627000	0.000000	250.000000	362.000000
0	25.658000	0.000000	250.000000	362.000000
0	25.690000	0.000000	250.000000	362.000000
0	25.721000	0.000000	250.000000	362.000000
0	25.752000	0.000000	250.000000	362.000000
0	25.799000	0.000000	250.000000	362.000000
0	25.830000	0.000000	250.000000	362.000000
0	25.861000	0.000000	250.000000	362.000000
0	25.892000	0.000000	250.000000	362.000000
0	25.924000	0.000000	250.000000	362.000000
0	25.955000	0.000000	250.000000	362.000000
0	25.986000	0.000000	250.000000	362.000000
0	26.017000	0.000000	250.000000	362.000000
0	26.064000	0.000000	250.000000	362.000000
0	26.095000	0.000000	250.000000	362.000000
0	26.126000	0.000000	250.000000	362.000000
0	26.158000	0.000000	250.000000	362.000000
0	26.189000	0.000000	250.000000	362.000000
0	26.220000	0.000000	250.000000	362.000000
0	26.251000	0.000000	250.000000	362.000000
0	26.298000	0.000000	250.000000	362.000000
0	26.329000	0.000000	250.000000	362.000000
0	26.360000	0.000000	250.000000	362.000000
0	26.392000	0.000000	250.000000	362.000000
0	26.423000	0.000000	250.000000	362.000000
0	26.454000	0.000000	250.000000	362.000000
0	26.485000	0.000000	250.000000	362.000000
0	26.532000	0.000000	250.000000	362.000000
0	26.563000	0.000000	250.000000	362.000000
0	26.594000	0.000000	250.000000	362.000000
0	26.626000	0.000000	250.000000	362.000000
0	26.657000	0.000000	250.000000	362.000000
0	26.688000	0.000000	250.000000	362.000000
0	26.719000	0.000000	250.000000	362.000000
0	26.750000	0.000000	250.000000	362.000000
0	26.797000	0.000000	250.000000	362.000000
0	26.828000	0.000000	250.000000	362.000000
0	26.860000	0.000000	250.000000	362.000000
0	26.891000	0.000000	250.000000	362.000000
0	26.922000	0.000000	250.000000	362.000000
0	26.953000	0.000000	250.000000	362.000000
0	26.984000	0.000000	250.000000	362.000000
0	27.031000	0.000000	250.000000	362.000000
0	27.062000	0.000000	250.000000	362.000000
0	27.094000	0.000000	250.000000	362.000000
0	27.125000	0.000000	250.000000	362.000000
0	27.156000	0.000000	250.000000	362.000000
0	27.187000	0.000000	250.000000	362.000000
0	27.218000	0.000000	250.000000	362.000000
0	27.265000	0.000000	250.000000	362.000000
0	27.296000	0.000000	250.000000	362.000000
0	27.328000	0.000000	250.000000	362.000000
0	27.359000	0.000000	250.000000	362.000000
0	27.390000	0.000000	250.000000	362.000000
0	27.421000	0.000000	250.000000	362.000000
0	27.452000	0.000000	250.000000	362.000000
0	27.484000	0.000000	250.000000	362.000000
0	27.530000	0.000000	250.000000	362.000000
0	27.562000	0.000000	250.000000	362.000000
0	27.593000	0.000000	250.000000	362.000000
0	27.624000	0.000000	250.000000	362.000000
0	27.655000	0.000000	250.000000	362.000000
0	27.686000	0.000000	250.000000	362.000000
0	27.718000	0.000000	250.000000	362.000000
0	27.764000	0.000000	250.000000	362.000000
0	27.796000	0.000000	250.000000	362.000000
0	27.827000	0.000000	250.000000	362.000000
0	27.858000	0.000000	250.000000	362.000000
0	27.889000	0.000000	250.000000	362.000000
0	27.920000	0.000000	250.000000	362.000000
0	27.952000	0.000000	250.000000	362.000000
0	27.998000	0.000000	250.000000	362.000000
0	28.030000	0.000000	250.000000	362.000000
0	28.061000	0.000000	250.000000	362.000000
0	28.092000	0.000000	250.000000	362.000000
0	28.123000	0.000000	250.000000	362.000000
0	28.154000	0.000000	250.000000	362.000000
0	28.186000	0.000000	250.000000	362.000000
0	28.217000	0.000000	250.000000	362.000000
0	28.264000	0.000000	250.000000	362.000000
0	28.295000	0.000000	250.000000	362.000000
0	28.326000	0.000000	250.000000	362.000000
0	28.357000	0.000000	250.000000	362.000000
0	28.388000	0.000000	250.000000	362.000000
0	28.420000	0.000000	250.000000	362.000000
0	28.451000	0.000000	250.000000	362.000000
0	28.498000	0.000000	250.000000	362.000000
0	28.529000	0.000000	250.000000	362.000000
0	28.560000	0.000000	250.000000	362.000000
0	28.591000	0.000000	250.000000	362.000000
0	28.622000	0.000000	250.000000	362.000000
0	28.654000	0.000000	250.000000	362.000000
0	28.685000	0.000000	250.000000	362.000000
0	28.732000	0.000000	250.000000	362.000000
0	28.763000	0.000000	250.000000	362.000000
0	28.794000	0.000000	250.000000	362.000000
0	28.825000	0.000000	250.000000	362.000000
0	28.856000	0.000000	250.000000	362.000000
0	28.888000	0.000000	250.000000	362.000000
0	28.919000	0.000000	250.000000	362.000000
0	28.950000	0.000000	250.000000	362.000000
0	28.997000	0.000000	250.000000	362.000000
0	29.028000	0.000000	250.000000	362.000000
0	29.059000	0.000000	250.000000	362.000000
0	29.090000	0.000000	250.000000	362.000000
0	29.122000	0.000000	250.000000	362.000000
0	29.153000	0.000000	250.000000	362.000000
0	29.184000	0.000000	250.000000	362.000000
0	29.215000	0.000000	250.000000	362.000000
0	29.262000	0.000000	250.000000	362.000000
0	29.293000	0.000000	250.000000	362.000000
0	29.324000	0.000000	250.000000	362.000000
0	29.356000	0.000000	250.000000	362.000000
0	29.387000	0.000000	250.000000	362.000000
0	29.418000	0.000000	250.000000	362.000000
0	29.449000	0.000000	250.000000	362.000000
0	29.496000	0.000000	250.000000	362.000000
0	29.527000	0.000000	250.000000	362.000000
0	29.558000	0.000000	250.000000	362.000000
0	29.590000	0.000000	250.000000	362.000000
0	29.621000	0.000000	250.000000	362.000000
0	29.652000	0.000000	250.000000	362.000000
0	29.683000	0.000000	250.000000	362.000000
0	29.730000	0.000000	250.000000	362.000000
0	29.761000	0.000000	250.000000	362.000000
0	29.792000	0.000000	250.000000	362.000000
0	29.824000	0.000000	250.000000	362.000000
0	29.855000	0.000000	250.000000	362.000000
0	29.886000	0.000000	250.000000	362.000000
0	29.917000	0.000000	250.000000	362.000000
0	29.948000	0.000000	250.000000	362.000000
<\LEFT-PUPIL-DATA>
<RIGHT-PUPIL-ANALYSIS>
1
0	0	17	902	0	0	0.509000	29.518000	0.509000	4.006067	0.000000	0.000000	0.000000	0	3	3	3	3	0	0	0	0.000000	0.000000	0.000000	0.000000	0.000000	0.000000	0.000000	-1.000000	0.000000	0	0.977101	0.644792	0.750169	0.326535	0.298000	-0.434959	-0.776999	-1.000000	0.147431	1	0.977101	0.644792	0.750169	0.326535	0.298000	-0.464317	-0.777000	-1.000000	0.147431
<\RIGHT-PUPIL-ANALYSIS>
<LEFT-PUPIL-ANALYSIS>
1
0	0	17	901	0	0	0.509000	29.518000	0.509000	4.006067	0.000000	0.000000	0.000000	0	3	3	3	3	0	0	0	0.000000	0.000000	0.000000	0.000000	0.000000	0.000000	0.000000	-1.000000	0.000000	0	-0.034783	-0.034783	0.000950	0.000950	0.002000	0.000000	0.000000	-1.000000	0.000000	1	-0.034783	-0.034783	0.000950	0.000950	0.002000	-1000000.000000	-1000000.000000	-1.000000	0.000000
<\LEFT-PUPIL-ANALYSIS>
%%%%%%%%%
%%%%%%%%%
%%%%%%%%%
%%%	Measurement Tiime is: 2017-12-05 10:52:38
%%%	Subject ID is: c57bl6-4.11.17-1mois-DAOG-F1-0.6b
%%%	Note: 
%%%	RSS: Default Human Relative Spectral Sensitivity
%%%	Pupil Analysis:
%%%
%%%
%%%
%%%	Pulse Index:	0
%%%	Stimulus Session Index:	0
%%%	Right Pupil Stimulated
%%%	Light Metric is Photopic
%%%	Stimulus Start Time(sec):	0.51
%%%	Stimulus Duration(sec):	29.52
%%%	Stimulus Pulse Duration(sec):	0.51
%%%	Right Pulse:	4.01	(Blue )	-	0.00	(Blue )	[Lux ]
%%%	Left Pulse:	0.00	(Blue )	-	0.00	(Blue )	[Lux ]
%%%
%%%		RIGHT	LEFT	R.Pupil Mean	L.Pupil Mean	R.Stim Mean	R.Stim Mean
%%%	INPUT:	RAW DATA	RAW DATA
%%%	STATE:	ABNORMAL	ABNORMAL	ABNORMAL	ABNORMAL	ABNORMAL	ABNORMAL
%%%	MAX(mm):	0.00	0.00	0.00	0.00	0.00	0.00
%%%	MIN(mm):	0.00	0.00	0.00	0.00	0.00	0.00
%%%	DELTA(mm):						
%%%	CH(%):						
%%%	LAT(sec):	0.00	0.00	0.00	0.00	0.00	0.00
%%%	CV(mm/s):	0.00	0.00	0.00	0.00	0.00	0.00
%%%	MCV(mm/s):	0.00	0.00	0.00	0.00	0.00	0.00
%%%	DV(mm/s):	0.00	0.00	0.00	0.00	0.00	0.00
%%%%%%%%%
%%%%%%%%%
%%%%%%%%%
%%%	Right Pupil Profile (1st row -> 1 == valid tracking, 0 == invalid tracking; 2nd row -> time; 3rd row -> diameter (mm))
%%%	1	1	1	1	1	1	1	1	1	1	1	1	1	1	1	1	1	1	1	1	1	1	1	1	1	1	1	1	1	1	1	1	1	1	1	1	1	1	0	1	1	1	1	1	1	1	1	0	0	1	0	0	1	0	1	0	1	1	1	1	0	0	1	1	1	1	1	1	1	1	1	1	1	1	1	0	0	1	1	1	1	1	1	1	1	1	1	1	1	1	1	1	1	1	1	1	1	1	1	1	1	1	1	1	1	0	1	1	1	1	1	1	1	1	1	1	1	1	1	1	1	0	1	1	1	1	1	1	1	1	1	1	1	1	0	1	1	1	1	1	1	1	1	1	1	1	1	1	1	1	1	1	1	1	0	1	1	1	1	1	1	1	1	1	1	1	1	0	1	1	1	1	1	1	1	1	1	1	1	1	1	1	1	1	1	1	1	1	1	1	1	1	1	1	1	1	1	1	1	1	1	1	1	1	1	1	1	1	1	1	1	0	1	1	1	1	1	1	1	1	1	1	1	1	1	1	1	1	1	1	1	1	1	1	1	1	1	1	1	1	1	1	1	1	1	1	1	1	1	1	1	1	1	1	1	1	1	1	1	1	1	1	1	1	1	1	1	1	1	1	1	1	1	1	1	1	1	1	1	1	1	1	1	1	1	1	1	1	1	1	1	1	1	1	1	1	1	1	1	1	1	1	1	1	1	1	1	1	1	1	0	1	1	1	1	1	1	1	1	1	1	1	1	1	1	1	1	1	1	1	1	1	1	1	1	1	1	1	1	1	1	1	1	0	1	1	1	1	1	1	1	1	1	1	1	1	1	1	1	1	1	1	1	1	1	1	1	1	1	1	1	1	1	1	1	1	1	1	0	1	1	1	1	1	1	1	1	1	1	1	1	1	1	1	1	1	1	1	1	1	1	1	1	1	1	1	1	1	1	1	1	1	1	1	0	1	1	1	1	1	1	1	1	1	1	1	1	1	1	1	1	1	1	1	1	1	1	1	1	1	1	1	1	1	1	1	1	1	1	1	1	1	1	1	1	1	1	1	1	1	1	1	1	1	1	1	1	1	1	1	1	1	1	1	1	1	1	1	1	1	1	1	1	1	1	1	1	1	1	1	1	1	1	1	1	1	1	1	1	1	1	1	1	1	1	1	1	1	1	1	1	1	1	1	1	1	1	1	1	1	1	1	1	1	1	1	1	1	1	1	1	1	1	1	1	1	1	1	1	1	1	1	1	1	1	1	1	1	1	1	1	1	1	1	1	1	1	1	1	1	1	1	1	1	1	1	1	1	1	1	1	1	1	1	1	1	1	1	1	1	1	1	1	1	1	1	1	1	1	1	1	1	1	1	1	1	1	1	1	1	1	1	1	1	1	1	1	1	1	1	1	1	1	1	1	1	1	1	1	1	1	1	1	1	1	1	1	1	1	1	1	1	1	1	1	1	1	1	1	1	1	1	1	1	1	1	1	1	1	1	0	1	1	1	1	1	1	1	1	1	1	1	1	1	1	1	1	1	1	1	1	1	1	1	1	1	1	1	1	1	1	1	1	1	1	1	1	1	1	1	1	1	1	1	1	1	1	1	1	1	1	1	1	1	1	1	1	1	1	1	1	1	1	1	1	1	1	0	1	1	1	1	1	1	1	1	1	1	1	1	1	1	1	1	1	1	1	1	1	1	1	1	1	1	1	1	1	1	1	1	1	1	1	1	1	1	1	1	1	1	1	1	1	1	1	1	1	1	1	1	1	1	1	1	1	1	1	1	1	1	1	1	1	1	1	1	1	1	0	1	1	1	1	1	1	1	1	1	0	1	1	1	1	1	1	1	1	1	1	1	1	1	1	1	1	1	1	1	1	1	1	1	1	1	1	1	1	0	1	1	1	1	1	1	1	1	1	1	1	1	1	1	1	1	1	1	1	1	1	1	1	1	1	1	1	1	1	1	1	1	1	1	1	1	1	1	1	1	1	1	1	1	1	1	1	1	1	1	1	1	1	1	1	1	1	1	1	1	1	1	1	1	1	1	1	1	1	1	1	1	1	1	1
%%%	-0.051000	-0.020000	0.012000	0.043000	0.074000	0.121000	0.152000	0.183000	0.214000	0.246000	0.277000	0.308000	0.339000	0.386000	0.417000	0.448000	0.480000	0.511000	0.542000	0.573000	0.620000	0.651000	0.682000	0.714000	0.745000	0.776000	0.807000	0.854000	0.885000	0.916000	0.948000	0.979000	1.010000	1.041000	1.072000	1.119000	1.150000	1.182000	1.213000	1.244000	1.275000	1.306000	1.353000	1.384000	1.416000	1.447000	1.478000	1.509000	1.540000	1.572000	1.618000	1.650000	1.681000	1.712000	1.743000	1.774000	1.806000	1.852000	1.884000	1.915000	1.946000	1.977000	2.008000	2.040000	2.086000	2.118000	2.149000	2.180000	2.211000	2.242000	2.274000	2.305000	2.352000	2.383000	2.414000	2.445000	2.476000	2.508000	2.539000	2.586000	2.617000	2.648000	2.679000	2.710000	2.742000	2.773000	2.820000	2.851000	2.882000	2.913000	2.944000	2.976000	3.007000	3.038000	3.085000	3.116000	3.147000	3.178000	3.210000	3.241000	3.272000	3.319000	3.350000	3.381000	3.412000	3.444000	3.475000	3.506000	3.537000	3.584000	3.615000	3.646000	3.678000	3.709000	3.740000	3.771000	3.818000	3.849000	3.881000	3.912000	3.943000	3.974000	4.005000	4.052000	4.083000	4.115000	4.146000	4.177000	4.208000	4.239000	4.271000	4.317000	4.349000	4.380000	4.411000	4.442000	4.473000	4.505000	4.551000	4.583000	4.614000	4.645000	4.676000	4.707000	4.739000	4.785000	4.817000	4.848000	4.879000	4.910000	4.941000	4.973000	5.004000	5.051000	5.082000	5.113000	5.144000	5.175000	5.207000	5.238000	5.285000	5.316000	5.347000	5.378000	5.409000	5.441000	5.472000	5.503000	5.550000	5.581000	5.612000	5.643000	5.675000	5.706000	5.737000	5.784000	5.815000	5.846000	5.877000	5.909000	5.940000	5.971000	6.018000	6.049000	6.080000	6.111000	6.143000	6.174000	6.205000	6.236000	6.283000	6.314000	6.345000	6.377000	6.408000	6.439000	6.470000	6.517000	6.548000	6.579000	6.611000	6.642000	6.673000	6.704000	6.751000	6.782000	6.813000	6.845000	6.876000	6.907000	6.938000	6.969000	7.016000	7.047000	7.079000	7.110000	7.141000	7.172000	7.203000	7.250000	7.281000	7.313000	7.344000	7.375000	7.406000	7.437000	7.484000	7.515000	7.547000	7.578000	7.609000	7.640000	7.671000	7.703000	7.749000	7.781000	7.812000	7.843000	7.874000	7.905000	7.937000	7.983000	8.015000	8.046000	8.077000	8.108000	8.139000	8.171000	8.217000	8.249000	8.280000	8.311000	8.342000	8.373000	8.405000	8.436000	8.483000	8.514000	8.545000	8.576000	8.607000	8.639000	8.670000	8.717000	8.748000	8.779000	8.810000	8.841000	8.873000	8.904000	8.951000	8.982000	9.013000	9.044000	9.075000	9.107000	9.138000	9.169000	9.216000	9.247000	9.278000	9.309000	9.341000	9.372000	9.403000	9.434000	9.481000	9.512000	9.543000	9.575000	9.606000	9.637000	9.668000	9.715000	9.746000	9.777000	9.809000	9.840000	9.871000	9.902000	9.949000	9.980000	10.011000	10.043000	10.074000	10.105000	10.136000	10.167000	10.214000	10.245000	10.277000	10.308000	10.339000	10.370000	10.401000	10.448000	10.479000	10.511000	10.542000	10.573000	10.604000	10.635000	10.682000	10.713000	10.745000	10.776000	10.807000	10.838000	10.869000	10.901000	10.947000	10.979000	11.010000	11.041000	11.072000	11.103000	11.135000	11.181000	11.213000	11.244000	11.275000	11.306000	11.337000	11.369000	11.415000	11.447000	11.478000	11.509000	11.540000	11.571000	11.603000	11.634000	11.681000	11.712000	11.743000	11.774000	11.805000	11.837000	11.868000	11.915000	11.946000	11.977000	12.008000	12.039000	12.071000	12.102000	12.149000	12.180000	12.211000	12.242000	12.273000	12.305000	12.336000	12.367000	12.414000	12.445000	12.476000	12.507000	12.539000	12.570000	12.601000	12.648000	12.679000	12.710000	12.741000	12.773000	12.804000	12.835000	12.882000	12.913000	12.944000	12.975000	13.007000	13.038000	13.069000	13.100000	13.147000	13.178000	13.209000	13.241000	13.272000	13.303000	13.334000	13.381000	13.412000	13.443000	13.475000	13.506000	13.537000	13.568000	13.599000	13.646000	13.677000	13.709000	13.740000	13.771000	13.802000	13.833000	13.880000	13.911000	13.943000	13.974000	14.005000	14.036000	14.067000	14.099000	14.145000	14.177000	14.208000	14.239000	14.270000	14.301000	14.333000	14.379000	14.411000	14.442000	14.473000	14.504000	14.535000	14.567000	14.613000	14.645000	14.676000	14.707000	14.738000	14.769000	14.801000	14.832000	14.879000	14.910000	14.941000	14.972000	15.003000	15.035000	15.066000	15.113000	15.144000	15.175000	15.206000	15.237000	15.269000	15.300000	15.347000	15.378000	15.409000	15.440000	15.471000	15.503000	15.534000	15.565000	15.612000	15.643000	15.674000	15.705000	15.737000	15.768000	15.799000	15.846000	15.877000	15.908000	15.939000	15.971000	16.002000	16.033000	16.080000	16.111000	16.142000	16.173000	16.205000	16.236000	16.267000	16.298000	16.345000	16.376000	16.407000	16.439000	16.470000	16.501000	16.532000	16.579000	16.610000	16.641000	16.673000	16.704000	16.735000	16.766000	16.813000	16.844000	16.875000	16.907000	16.938000	16.969000	17.000000	17.031000	17.078000	17.109000	17.141000	17.172000	17.203000	17.234000	17.265000	17.312000	17.343000	17.375000	17.406000	17.437000	17.468000	17.499000	17.531000	17.577000	17.609000	17.640000	17.671000	17.702000	17.733000	17.765000	17.811000	17.843000	17.874000	17.905000	17.936000	17.967000	17.999000	18.045000	18.077000	18.108000	18.139000	18.170000	18.201000	18.233000	18.264000	18.311000	18.342000	18.373000	18.404000	18.435000	18.467000	18.498000	18.545000	18.576000	18.607000	18.638000	18.669000	18.701000	18.732000	18.763000	18.810000	18.841000	18.872000	18.903000	18.935000	18.966000	18.997000	19.044000	19.075000	19.106000	19.137000	19.169000	19.200000	19.231000	19.278000	19.309000	19.340000	19.371000	19.403000	19.434000	19.465000	19.496000	19.543000	19.574000	19.605000	19.637000	19.668000	19.699000	19.730000	19.777000	19.808000	19.839000	19.871000	19.902000	19.933000	19.964000	20.011000	20.042000	20.073000	20.105000	20.136000	20.167000	20.198000	20.229000	20.276000	20.307000	20.339000	20.370000	20.401000	20.432000	20.463000	20.510000	20.541000	20.573000	20.604000	20.635000	20.666000	20.697000	20.744000	20.775000	20.807000	20.838000	20.869000	20.900000	20.931000	20.963000	21.009000	21.041000	21.072000	21.103000	21.134000	21.165000	21.197000	21.243000	21.275000	21.306000	21.337000	21.368000	21.399000	21.431000	21.462000	21.509000	21.540000	21.571000	21.602000	21.633000	21.665000	21.696000	21.743000	21.774000	21.805000	21.836000	21.867000	21.899000	21.930000	21.977000	22.008000	22.039000	22.070000	22.101000	22.133000	22.164000	22.195000	22.242000	22.273000	22.304000	22.335000	22.367000	22.398000	22.429000	22.476000	22.507000	22.538000	22.569000	22.601000	22.632000	22.663000	22.710000	22.741000	22.772000	22.803000	22.835000	22.866000	22.897000	22.928000	22.975000	23.006000	23.037000	23.069000	23.100000	23.131000	23.162000	23.209000	23.240000	23.271000	23.303000	23.334000	23.365000	23.396000	23.443000	23.474000	23.505000	23.537000	23.568000	23.599000	23.630000	23.661000	23.708000	23.739000	23.771000	23.802000	23.833000	23.864000	23.895000	23.942000	23.973000	24.005000	24.036000	24.067000	24.098000	24.129000	24.161000	24.207000	24.239000	24.270000	24.301000	24.332000	24.363000	24.395000	24.441000	24.473000	24.504000	24.535000	24.566000	24.597000	24.629000	24.675000	24.707000	24.738000	24.769000	24.800000	24.831000	24.863000	24.894000	24.941000	24.972000	25.003000	25.034000	25.065000	25.097000	25.128000	25.175000	25.206000	25.237000	25.268000	25.299000	25.331000	25.362000	25.393000	25.440000	25.471000	25.502000	25.533000	25.565000	25.596000	25.627000	25.674000	25.705000	25.736000	25.767000	25.799000	25.830000	25.861000	25.908000	25.939000	25.970000	26.001000	26.033000	26.064000	26.095000	26.126000	26.173000	26.204000	26.235000	26.267000	26.298000	26.329000	26.360000	26.407000	26.438000	26.469000	26.501000	26.532000	26.563000	26.594000	26.641000	26.672000	26.703000	26.735000	26.766000	26.797000	26.828000	26.859000	26.906000	26.937000	26.969000	27.000000	27.031000	27.062000	27.093000	27.140000	27.171000	27.203000	27.234000	27.265000	27.296000	27.327000	27.374000	27.405000	27.437000	27.468000	27.499000	27.530000	27.561000	27.593000	27.639000	27.671000	27.702000	27.733000	27.764000	27.795000	27.827000	27.873000	27.905000	27.936000	27.967000	27.998000	28.029000	28.061000	28.107000	28.139000	28.170000	28.201000	28.232000	28.263000	28.295000	28.326000	28.373000	28.404000	28.435000	28.466000	28.497000	28.529000	28.560000	28.607000	28.638000	28.669000	28.700000	28.731000	28.763000	28.794000	28.841000	28.872000	28.903000	28.934000	28.965000	28.997000	29.028000	29.059000	29.106000	29.137000	29.168000	29.199000	29.231000	29.262000	29.293000	29.324000	29.371000	29.402000	29.433000	29.465000	29.496000	29.527000	29.558000	29.605000	29.636000	29.667000	29.699000	29.730000	29.761000	29.792000	29.839000	29.870000	29.901000	29.933000	29.964000	29.995000
%%%	0.973913	0.990290	0.956522	0.977536	0.968551	0.970580	0.988551	0.976667	0.968406	0.951159	0.951449	0.974638	0.973768	0.974493	0.957102	0.982754	0.968551	0.971159	0.973913	0.969710	0.974058	0.969710	0.964058	0.950725	1.008841	0.990725	0.971159	0.951159	0.932029	0.895072	0.885797	0.868406	0.831160	0.824928	0.814203	0.797246	0.747971	0.747101	0.626087	0.707681	0.708116	0.713768	0.694058	0.672754	0.653768	0.644058	0.621159	0.347826	0.347826	0.659710	0.540145	0.641015	0.627101	0.440580	0.657246	0.347826	0.668406	0.648840	0.672754	0.640290	0.626087	0.626087	0.703188	0.690290	0.708116	0.725507	0.761594	0.737971	0.741884	0.773768	0.764638	0.787536	0.764638	0.792319	0.761449	0.559275	0.622464	0.800000	0.814203	0.800000	0.833188	0.840725	0.817971	0.814203	0.836667	0.839710	0.831159	0.834783	0.844493	0.815942	0.815797	0.821594	0.805362	0.834783	0.857681	0.828986	0.871884	0.852754	0.835362	0.853188	0.858116	0.835942	0.834783	0.862029	0.834783	0.718841	0.840580	0.870289	0.853333	0.852754	0.857102	0.865797	0.860870	0.860145	0.865797	0.851594	0.857102	0.840725	0.857681	0.854928	0.833623	0.626087	0.857681	0.852029	0.839275	0.866812	0.866377	0.867971	0.857681	0.853623	0.858116	0.800580	0.857102	0.884203	0.627681	0.876232	0.859710	0.873333	0.874058	0.866377	0.866232	0.865797	0.885942	0.873333	0.882029	0.875507	0.868406	0.875507	0.863768	0.863768	0.866232	0.876667	0.863768	0.895072	0.835942	0.878116	0.896812	0.848406	0.881159	0.883188	0.897101	0.895652	0.885942	0.917391	0.885942	0.901449	0.909710	0.638551	0.908985	0.902029	0.902029	0.916232	0.907246	0.902754	0.902029	0.907102	0.911449	0.918551	0.931449	0.913623	0.898841	0.885507	0.919275	0.894928	0.914638	0.947971	0.915942	0.871159	0.918406	0.911884	0.937971	0.928986	0.931449	0.937971	0.950580	0.937536	0.929855	0.953333	0.937101	0.938551	0.930435	0.921739	0.904348	0.950580	0.945072	0.950580	0.977536	0.953188	0.951159	0.955362	0.951159	0.762464	0.951159	0.986812	0.971739	0.968551	0.976812	1.002319	0.975362	0.975072	0.983188	0.974493	0.987971	1.000725	0.972899	0.963623	0.981015	0.980870	0.994493	0.971739	0.950725	0.976667	0.985507	0.970290	0.974493	0.968985	0.948551	0.977246	0.980725	0.973333	0.973913	0.997101	0.988551	0.950725	0.974928	0.987971	0.977681	0.976667	0.995072	0.986957	0.989710	1.007536	1.014203	0.995507	0.978841	1.005797	0.994928	0.990145	0.997101	1.015797	0.978406	1.002319	1.007102	1.005362	0.997101	0.997101	0.950725	0.989710	0.987536	0.950725	0.994203	1.007536	1.008116	0.975072	0.990725	1.017536	1.008841	0.999420	1.010580	0.997101	1.008116	1.059855	1.043478	1.049275	1.025362	1.040290	1.043478	1.045072	1.043478	1.072464	1.043623	1.059710	1.036377	1.062029	1.060870	1.089855	1.044058	1.043478	1.044638	1.059855	0.997101	1.064058	1.064058	1.062464	1.037681	1.020145	1.069565	1.070725	1.063623	1.068841	1.089855	0.997101	0.997101	1.059275	1.089710	1.079420	1.078841	1.094493	1.081594	1.078261	1.081015	1.042754	1.070580	1.065072	1.066232	1.063768	1.079275	1.096812	1.098406	1.089855	1.083623	1.078116	1.029275	1.066667	1.069855	1.049420	1.050145	1.044638	1.020580	1.044058	1.017971	1.044058	1.043478	0.997101	1.055072	1.043478	1.035942	1.044058	1.044058	1.020290	1.043478	1.055072	1.062029	1.038406	1.048406	1.055942	1.061594	1.059855	1.059710	1.078986	1.063623	1.078841	1.061014	1.059275	0.997101	1.079855	1.066667	0.997101	1.062464	1.060290	1.089855	1.050725	1.061014	1.048406	1.078841	1.078841	1.057102	1.078841	1.089855	1.078841	1.052754	1.078841	1.061449	0.997101	1.083623	1.081594	1.096812	1.081594	1.109855	1.090145	1.081594	1.089855	1.114203	1.113043	1.103623	1.112464	1.120145	1.131449	1.121159	1.120725	1.100725	1.142464	1.089855	1.118986	1.118986	1.142029	1.122319	1.124638	1.109710	1.113043	1.144928	1.146232	1.157971	1.146812	1.427246	1.153188	1.147826	1.148986	1.164493	1.154203	1.144058	1.142029	1.165942	1.147826	1.150725	1.148840	1.158551	1.138551	1.147826	1.152174	1.153188	1.155507	1.157246	1.143623	1.151160	1.131449	1.129710	1.148986	1.148840	1.149855	1.147826	1.135362	1.146667	1.140145	1.140725	1.141449	1.179855	1.151014	1.156377	1.150580	1.159855	1.173913	1.176667	1.155507	1.151594	1.157101	1.155942	1.150580	1.163188	1.179855	1.168551	1.151160	1.150580	1.157681	1.165797	1.159275	1.167536	1.164638	1.153768	1.165942	1.165362	1.164638	1.168551	1.153188	1.153188	1.149275	1.205797	1.151594	1.164058	1.142029	1.165942	1.150580	1.147826	1.156667	1.286957	1.148986	1.181594	1.161884	1.164203	1.178116	1.166232	1.155362	1.142029	1.164638	1.146812	1.182609	1.146232	1.153768	1.182609	1.155507	1.149275	1.142319	1.159710	1.153333	1.174203	1.175073	1.172464	1.182609	1.175073	1.165362	1.201449	1.167971	1.185072	1.181014	1.205797	1.150580	1.165942	1.183768	1.171159	1.190290	1.191449	1.182609	1.191884	1.181594	1.159420	1.204203	1.203333	1.179420	1.181449	1.228985	1.205797	1.183623	1.205362	1.199275	1.200000	1.205797	1.182609	1.212464	1.182609	1.209855	1.205797	1.182609	1.212464	1.206522	1.181014	1.204348	1.211884	1.207681	1.204928	1.211449	1.182609	1.211884	1.216377	1.217391	1.221015	1.216812	1.212029	1.216812	1.208841	1.223188	1.233768	1.234058	1.241884	1.240290	1.252174	1.243478	1.240145	1.238406	1.182609	1.238116	1.182609	1.228985	1.240290	1.234493	1.237101	1.228841	1.229275	1.234203	1.241884	1.253188	1.182609	1.231159	1.275362	1.240290	1.240725	1.246377	1.248986	1.252174	1.275362	1.233768	1.253768	1.229710	1.252174	1.244638	1.224493	1.225507	1.240580	1.182609	1.250580	1.182609	1.228985	1.263768	1.247101	1.252174	1.240290	1.239855	1.275362	1.266232	1.253188	1.265362	1.257246	1.269565	1.274058	1.275362	1.253188	1.273333	1.275362	1.263768	1.253768	1.285942	1.298406	1.267971	1.266667	1.270290	1.272464	1.272899	1.268986	1.276377	1.266812	1.283623	1.264058	1.281594	1.265362	1.277681	1.276377	1.283188	1.260725	1.276667	1.281594	1.268986	1.272899	1.272754	1.283623	1.272899	1.281014	1.272899	1.277681	1.294638	1.296812	1.268406	1.458696	1.281594	1.272464	1.284203	1.285942	1.273333	1.283188	1.283188	1.305507	1.275362	1.281594	1.310145	1.316232	1.304348	1.298551	1.290145	1.327246	1.295797	1.309275	1.308696	1.294058	1.295797	1.309855	1.298551	1.305507	1.299855	1.305362	1.328985	1.322464	1.305507	1.275362	1.309710	1.327246	1.327101	1.324927	1.309275	1.323913	1.309855	1.296377	1.304928	1.309565	1.321739	1.304928	1.326232	1.313623	1.322899	1.327536	1.309855	1.344928	1.327246	1.327246	1.321739	1.315507	1.328406	1.333768	1.344928	1.309855	1.328985	1.333768	1.331884	1.344058	1.344638	1.337971	1.336377	1.321739	1.344638	1.342899	1.368116	1.342899	1.344638	1.348406	1.342319	1.342899	1.334203	1.275362	1.329275	1.340290	1.327246	1.344638	1.335362	1.361014	1.361014	1.366232	1.342319	1.344928	1.370725	1.345072	1.344638	1.334203	1.342464	1.340145	1.344638	1.342464	1.340290	1.339275	1.345072	1.351014	1.345072	1.368116	1.339710	1.344638	1.342464	1.342899	1.344638	1.346232	1.331449	1.370725	1.344638	1.344638	1.361594	1.370725	1.370145	1.367391	1.344638	1.379275	1.344638	1.370580	1.379275	1.379710	1.361449	1.379420	1.378841	1.378841	1.378841	1.378985	1.375073	1.375507	1.374927	1.378841	1.382029	1.377101	1.381159	1.378841	1.375073	1.397246	1.385942	1.389710	1.379710	2.053333	1.375507	1.407536	1.407536	1.395072	1.405362	1.405797	1.406377	1.415072	1.402899	1.685942	1.389275	1.389710	1.405942	1.391304	1.382319	1.382754	1.384203	1.381159	1.377246	1.377246	1.402899	1.389710	1.402754	1.385797	1.378841	1.396232	1.398840	1.375073	1.391304	1.407536	1.391594	1.416812	1.416812	1.416232	1.391884	1.413768	1.381450	1.394203	1.930435	1.406377	1.390725	1.416377	1.403768	1.406377	1.414638	1.415072	1.404928	1.383768	1.405362	1.381159	1.417971	1.405362	1.391304	1.414493	1.411015	1.403768	1.391304	1.391304	1.406377	1.381884	1.385797	1.388551	1.416812	1.406377	1.398840	1.400000	1.391304	1.391304	1.391304	1.385362	1.387536	1.408696	1.389275	1.407681	1.407101	1.379710	1.385072	1.406377	1.381159	1.386377	1.405942	1.408116	1.405797	1.391304	1.431884	1.385942	1.402899	1.426087	1.415797	1.416812	1.431884	1.416232	1.414493	1.426087	1.427246	1.415797	1.424927	1.407101	1.426667	1.414493	1.391304	1.407536	1.418841	1.426087	1.379710	1.416377	1.434783	1.431594	1.431449	1.429710	1.434783	1.436957	1.451014	1.391304
%%%	Left Pupil Profile (1st row -> 1 == valid tracking, 0 == invalid tracking; 2nd row -> time; 3rd row -> diameter (mm))
%%%	0	0	0	0	0	0	0	0	0	0	0	0	0	0	0	0	0	0	0	0	0	0	0	0	0	0	0	0	0	0	0	0	0	0	0	0	0	0	0	0	0	0	0	0	0	0	0	0	0	0	0	0	0	0	0	0	0	0	0	0	0	0	0	0	0	0	0	0	0	0	0	0	0	0	0	0	0	0	0	0	0	0	0	0	0	0	0	0	0	0	0	0	0	0	0	0	0	0	0	0	0	0	0	0	0	0	0	0	0	0	0	0	0	0	0	0	0	0	0	0	0	0	0	0	0	0	0	0	0	0	0	0	0	0	0	0	0	0	0	0	0	0	0	0	0	0	0	0	0	0	0	0	0	0	0	0	0	0	0	0	0	0	0	0	0	0	0	0	0	0	0	0	0	0	0	0	0	0	0	0	0	0	0	0	0	0	0	0	0	0	0	0	0	0	0	0	0	0	0	0	0	0	0	0	0	0	0	0	0	0	0	0	0	0	0	0	0	0	0	0	0	0	0	0	0	0	0	0	0	0	0	0	0	0	0	0	0	0	0	0	0	0	0	0	0	0	0	0	0	0	0	0	0	0	0	0	0	0	0	0	0	0	0	0	0	0	0	0	0	0	0	0	0	0	0	0	0	0	0	0	0	0	0	0	0	0	0	0	0	0	0	0	0	0	0	0	0	0	0	0	0	0	0	0	0	0	0	0	0	0	0	0	0	0	0	0	0	0	0	0	0	0	0	0	0	0	0	0	0	0	0	0	0	0	0	0	0	0	0	0	0	0	0	0	0	0	0	0	0	0	0	0	0	0	0	0	0	0	0	0	0	0	0	0	0	0	0	0	0	0	0	0	0	0	0	0	0	0	0	0	0	0	0	0	0	0	0	0	0	0	0	0	0	0	0	0	0	0	0	0	0	0	0	0	0	0	0	0	0	0	0	0	0	0	0	0	0	0	0	0	0	0	0	0	0	0	0	0	0	0	0	0	0	0	0	0	0	0	0	0	0	0	0	0	0	0	0	0	0	0	0	0	0	0	0	0	0	0	0	0	0	0	0	0	0	0	0	0	0	0	0	0	0	0	0	0	0	0	0	0	0	0	0	0	0	0	0	0	0	0	0	0	0	0	0	0	0	0	0	0	0	0	0	0	0	0	0	0	0	0	0	0	0	0	0	0	0	0	0	0	0	0	0	0	0	0	0	0	0	0	0	0	0	0	0	0	0	0	0	0	0	0	0	0	0	0	0	0	0	0	0	0	0	0	0	0	0	0	0	0	0	0	0	0	0	0	0	0	0	0	0	0	0	0	0	0	0	0	0	0	0	0	0	0	0	0	0	0	0	0	0	0	0	0	0	0	0	0	0	0	0	0	0	0	0	0	0	0	0	0	0	0	0	0	0	0	0	0	0	0	0	0	0	0	0	0	0	0	0	0	0	0	0	0	0	0	0	0	0	0	0	0	0	0	0	0	0	0	0	0	0	0	0	0	0	0	0	0	0	0	0	0	0	0	0	0	0	0	0	0	0	0	0	0	0	0	0	0	0	0	0	0	0	0	0	0	0	0	0	0	0	0	0	0	0	0	0	0	0	0	0	0	0	0	0	0	0	0	0	0	0	0	0	0	0	0	0	0	0	0	0	0	0	0	0	0	0	0	0	0	0	0	0	0	0	0	0	0	0	0	0	0	0	0	0	0	0	0	0	0	0	0	0	0	0	0	0	0	0	0	0	0	0	0	0	0	0	0	0	0	0	0	0	0	0	0	0	0	0	0	0	0	0	0	0	0	0	0	0	0	0	0	0	0	0	0	0	0	0	0	0	0	0	0	0	0	0	0	0	0	0	0	0	0	0	0	0	0	0	0	0	0	0	0	0	0	0	0	0	0	0	0	0	0	0	0	0	0	0	0	0	0	0	0	0	0	0	0	0	0	0	0	0	0	0	0	0	0	0	0	0	0	0	0	0	0	0	0	0	0	0	0	0	0	0	0	0	0	0	0	0	0	0	0	0	0	0	0	0	0	0	0	0	0	0	0	0	0	0	0	0	0
%%%	-0.066000	-0.035000	0.012000	0.043000	0.074000	0.105000	0.137000	0.168000	0.199000	0.246000	0.277000	0.308000	0.339000	0.371000	0.402000	0.433000	0.464000	0.511000	0.542000	0.573000	0.605000	0.636000	0.667000	0.698000	0.745000	0.776000	0.807000	0.839000	0.870000	0.901000	0.932000	0.979000	1.010000	1.041000	1.073000	1.104000	1.135000	1.166000	1.197000	1.244000	1.275000	1.307000	1.338000	1.369000	1.400000	1.431000	1.463000	1.509000	1.541000	1.572000	1.603000	1.634000	1.665000	1.697000	1.743000	1.775000	1.806000	1.837000	1.868000	1.899000	1.931000	1.977000	2.009000	2.040000	2.071000	2.102000	2.133000	2.165000	2.196000	2.243000	2.274000	2.305000	2.336000	2.367000	2.399000	2.430000	2.477000	2.508000	2.539000	2.570000	2.601000	2.633000	2.664000	2.711000	2.742000	2.773000	2.804000	2.835000	2.867000	2.898000	2.929000	2.976000	3.007000	3.038000	3.069000	3.101000	3.132000	3.163000	3.210000	3.241000	3.272000	3.303000	3.335000	3.366000	3.397000	3.444000	3.475000	3.506000	3.537000	3.569000	3.600000	3.631000	3.662000	3.709000	3.740000	3.771000	3.803000	3.834000	3.865000	3.896000	3.943000	3.974000	4.006000	4.037000	4.068000	4.099000	4.130000	4.177000	4.208000	4.240000	4.271000	4.302000	4.333000	4.364000	4.396000	4.442000	4.474000	4.505000	4.536000	4.567000	4.598000	4.630000	4.676000	4.708000	4.739000	4.770000	4.801000	4.832000	4.864000	4.910000	4.942000	4.973000	5.004000	5.035000	5.066000	5.098000	5.129000	5.176000	5.207000	5.238000	5.269000	5.300000	5.332000	5.363000	5.394000	5.441000	5.472000	5.503000	5.534000	5.566000	5.597000	5.628000	5.675000	5.706000	5.737000	5.768000	5.800000	5.831000	5.862000	5.909000	5.940000	5.971000	6.002000	6.034000	6.065000	6.096000	6.127000	6.174000	6.205000	6.236000	6.268000	6.299000	6.330000	6.361000	6.408000	6.439000	6.470000	6.502000	6.533000	6.564000	6.595000	6.642000	6.673000	6.704000	6.736000	6.767000	6.798000	6.829000	6.860000	6.907000	6.938000	6.970000	7.001000	7.032000	7.063000	7.094000	7.141000	7.172000	7.204000	7.235000	7.266000	7.297000	7.328000	7.375000	7.406000	7.438000	7.469000	7.500000	7.531000	7.562000	7.594000	7.640000	7.672000	7.703000	7.734000	7.765000	7.796000	7.828000	7.874000	7.906000	7.937000	7.968000	7.999000	8.030000	8.062000	8.108000	8.140000	8.171000	8.202000	8.233000	8.264000	8.296000	8.327000	8.374000	8.405000	8.436000	8.467000	8.498000	8.530000	8.561000	8.608000	8.639000	8.670000	8.701000	8.732000	8.764000	8.795000	8.842000	8.873000	8.904000	8.935000	8.966000	8.998000	9.029000	9.060000	9.107000	9.138000	9.169000	9.200000	9.232000	9.263000	9.294000	9.341000	9.372000	9.403000	9.434000	9.466000	9.497000	9.528000	9.559000	9.606000	9.637000	9.668000	9.700000	9.731000	9.762000	9.793000	9.840000	9.871000	9.902000	9.934000	9.965000	9.996000	10.027000	10.058000	10.105000	10.136000	10.168000	10.199000	10.230000	10.261000	10.292000	10.339000	10.370000	10.402000	10.433000	10.464000	10.495000	10.526000	10.573000	10.604000	10.636000	10.667000	10.698000	10.729000	10.760000	10.792000	10.838000	10.870000	10.901000	10.932000	10.963000	10.994000	11.026000	11.072000	11.104000	11.135000	11.166000	11.197000	11.228000	11.260000	11.306000	11.338000	11.369000	11.400000	11.431000	11.462000	11.494000	11.525000	11.572000	11.603000	11.634000	11.665000	11.696000	11.728000	11.759000	11.806000	11.837000	11.868000	11.899000	11.930000	11.962000	11.993000	12.040000	12.071000	12.102000	12.133000	12.164000	12.196000	12.227000	12.258000	12.305000	12.336000	12.367000	12.398000	12.430000	12.461000	12.492000	12.539000	12.570000	12.601000	12.632000	12.664000	12.695000	12.726000	12.773000	12.804000	12.835000	12.866000	12.898000	12.929000	12.960000	12.991000	13.038000	13.069000	13.100000	13.132000	13.163000	13.194000	13.225000	13.272000	13.303000	13.334000	13.366000	13.397000	13.428000	13.459000	13.490000	13.537000	13.568000	13.600000	13.631000	13.662000	13.693000	13.724000	13.771000	13.802000	13.834000	13.865000	13.896000	13.927000	13.958000	14.005000	14.036000	14.068000	14.099000	14.130000	14.161000	14.192000	14.224000	14.270000	14.302000	14.333000	14.364000	14.395000	14.426000	14.458000	14.504000	14.536000	14.567000	14.598000	14.629000	14.660000	14.692000	14.723000	14.770000	14.801000	14.832000	14.863000	14.894000	14.926000	14.957000	15.004000	15.035000	15.066000	15.097000	15.128000	15.160000	15.191000	15.238000	15.269000	15.300000	15.331000	15.362000	15.394000	15.425000	15.456000	15.503000	15.534000	15.565000	15.596000	15.628000	15.659000	15.690000	15.737000	15.768000	15.799000	15.830000	15.862000	15.893000	15.924000	15.971000	16.002000	16.033000	16.064000	16.096000	16.127000	16.158000	16.189000	16.236000	16.267000	16.298000	16.330000	16.361000	16.392000	16.423000	16.470000	16.501000	16.532000	16.564000	16.595000	16.626000	16.657000	16.704000	16.735000	16.766000	16.798000	16.829000	16.860000	16.891000	16.922000	16.969000	17.000000	17.032000	17.063000	17.094000	17.125000	17.156000	17.203000	17.234000	17.266000	17.297000	17.328000	17.359000	17.390000	17.422000	17.468000	17.500000	17.531000	17.562000	17.593000	17.624000	17.656000	17.702000	17.734000	17.765000	17.796000	17.827000	17.858000	17.890000	17.936000	17.968000	17.999000	18.030000	18.061000	18.092000	18.124000	18.155000	18.202000	18.233000	18.264000	18.295000	18.326000	18.358000	18.389000	18.436000	18.467000	18.498000	18.529000	18.560000	18.592000	18.623000	18.670000	18.701000	18.732000	18.763000	18.794000	18.826000	18.857000	18.888000	18.935000	18.966000	18.997000	19.028000	19.060000	19.091000	19.122000	19.169000	19.200000	19.231000	19.262000	19.294000	19.325000	19.356000	19.387000	19.434000	19.465000	19.496000	19.528000	19.559000	19.590000	19.621000	19.668000	19.699000	19.730000	19.762000	19.793000	19.824000	19.855000	19.902000	19.933000	19.964000	19.996000	20.027000	20.058000	20.089000	20.120000	20.167000	20.198000	20.230000	20.261000	20.292000	20.323000	20.354000	20.401000	20.432000	20.464000	20.495000	20.526000	20.557000	20.588000	20.635000	20.666000	20.698000	20.729000	20.760000	20.791000	20.822000	20.854000	20.900000	20.932000	20.963000	20.994000	21.025000	21.056000	21.088000	21.134000	21.166000	21.197000	21.228000	21.259000	21.290000	21.322000	21.353000	21.400000	21.431000	21.462000	21.493000	21.524000	21.556000	21.587000	21.634000	21.665000	21.696000	21.727000	21.758000	21.790000	21.821000	21.868000	21.899000	21.930000	21.961000	21.992000	22.024000	22.055000	22.086000	22.133000	22.164000	22.195000	22.226000	22.258000	22.289000	22.320000	22.367000	22.398000	22.429000	22.460000	22.492000	22.523000	22.554000	22.601000	22.632000	22.663000	22.694000	22.726000	22.757000	22.788000	22.819000	22.866000	22.897000	22.928000	22.960000	22.991000	23.022000	23.053000	23.100000	23.131000	23.162000	23.194000	23.225000	23.256000	23.287000	23.334000	23.365000	23.396000	23.428000	23.459000	23.490000	23.521000	23.552000	23.599000	23.630000	23.662000	23.693000	23.724000	23.755000	23.786000	23.833000	23.864000	23.896000	23.927000	23.958000	23.989000	24.020000	24.067000	24.098000	24.130000	24.161000	24.192000	24.223000	24.254000	24.286000	24.332000	24.364000	24.395000	24.426000	24.457000	24.488000	24.520000	24.566000	24.598000	24.629000	24.660000	24.691000	24.722000	24.754000	24.785000	24.832000	24.863000	24.894000	24.925000	24.956000	24.988000	25.019000	25.066000	25.097000	25.128000	25.159000	25.190000	25.222000	25.253000	25.284000	25.331000	25.362000	25.393000	25.424000	25.456000	25.487000	25.518000	25.565000	25.596000	25.627000	25.658000	25.690000	25.721000	25.752000	25.799000	25.830000	25.861000	25.892000	25.924000	25.955000	25.986000	26.017000	26.064000	26.095000	26.126000	26.158000	26.189000	26.220000	26.251000	26.298000	26.329000	26.360000	26.392000	26.423000	26.454000	26.485000	26.532000	26.563000	26.594000	26.626000	26.657000	26.688000	26.719000	26.750000	26.797000	26.828000	26.860000	26.891000	26.922000	26.953000	26.984000	27.031000	27.062000	27.094000	27.125000	27.156000	27.187000	27.218000	27.265000	27.296000	27.328000	27.359000	27.390000	27.421000	27.452000	27.484000	27.530000	27.562000	27.593000	27.624000	27.655000	27.686000	27.718000	27.764000	27.796000	27.827000	27.858000	27.889000	27.920000	27.952000	27.998000	28.030000	28.061000	28.092000	28.123000	28.154000	28.186000	28.217000	28.264000	28.295000	28.326000	28.357000	28.388000	28.420000	28.451000	28.498000	28.529000	28.560000	28.591000	28.622000	28.654000	28.685000	28.732000	28.763000	28.794000	28.825000	28.856000	28.888000	28.919000	28.950000	28.997000	29.028000	29.059000	29.090000	29.122000	29.153000	29.184000	29.215000	29.262000	29.293000	29.324000	29.356000	29.387000	29.418000	29.449000	29.496000	29.527000	29.558000	29.590000	29.621000	29.652000	29.683000	29.730000	29.761000	29.792000	29.824000	29.855000	29.886000	29.917000	29.948000
%%%	0.000000	0.000000	0.000000	0.000000	0.000000	0.000000	0.000000	0.000000	0.000000	0.000000	0.000000	0.000000	0.000000	0.000000	0.000000	0.000000	0.000000	0.000000	0.000000	0.000000	0.000000	0.000000	0.000000	0.000000	0.000000	0.000000	0.000000	0.000000	0.000000	0.000000	0.000000	0.000000	0.000000	0.000000	0.000000	0.000000	0.000000	0.000000	0.000000	0.000000	0.000000	0.000000	0.000000	0.000000	0.000000	0.000000	0.000000	0.000000	0.000000	0.000000	0.000000	0.000000	0.000000	0.000000	0.000000	0.000000	0.000000	0.000000	0.000000	0.000000	0.000000	0.000000	0.000000	0.000000	0.000000	0.000000	0.000000	0.000000	0.000000	0.000000	0.000000	0.000000	0.000000	0.000000	0.000000	0.000000	0.000000	0.000000	0.000000	0.000000	0.000000	0.000000	0.000000	0.000000	0.000000	0.000000	0.000000	0.000000	0.000000	0.000000	0.000000	0.000000	0.000000	0.000000	0.000000	0.000000	0.000000	0.000000	0.000000	0.000000	0.000000	0.000000	0.000000	0.000000	0.000000	0.000000	0.000000	0.000000	0.000000	0.000000	0.000000	0.000000	0.000000	0.000000	0.000000	0.000000	0.000000	0.000000	0.000000	0.000000	0.000000	0.000000	0.000000	0.000000	0.000000	0.000000	0.000000	0.000000	0.000000	0.000000	0.000000	0.000000	0.000000	0.000000	0.000000	0.000000	0.000000	0.000000	0.000000	0.000000	0.000000	0.000000	0.000000	0.000000	0.000000	0.000000	0.000000	0.000000	0.000000	0.000000	0.000000	0.000000	0.000000	0.000000	0.000000	0.000000	0.000000	0.000000	0.000000	0.000000	0.000000	0.000000	0.000000	0.000000	0.000000	0.000000	0.000000	0.000000	0.000000	0.000000	0.000000	0.000000	0.000000	0.000000	0.000000	0.000000	0.000000	0.000000	0.000000	0.000000	0.000000	0.000000	0.000000	0.000000	0.000000	0.000000	0.000000	0.000000	0.000000	0.000000	0.000000	0.000000	0.000000	0.000000	0.000000	0.000000	0.000000	0.000000	0.000000	0.000000	0.000000	0.000000	0.000000	0.000000	0.000000	0.000000	0.000000	0.000000	0.000000	0.000000	0.000000	0.000000	0.000000	0.000000	0.000000	0.000000	0.000000	0.000000	0.000000	0.000000	0.000000	0.000000	0.000000	0.000000	0.000000	0.000000	0.000000	0.000000	0.000000	0.000000	0.000000	0.000000	0.000000	0.000000	0.000000	0.000000	0.000000	0.000000	0.000000	0.000000	0.000000	0.000000	0.000000	0.000000	0.000000	0.000000	0.000000	0.000000	0.000000	0.000000	0.000000	0.000000	0.000000	0.000000	0.000000	0.000000	0.000000	0.000000	0.000000	0.000000	0.000000	0.000000	0.000000	0.000000	0.000000	0.000000	0.000000	0.000000	0.000000	0.000000	0.000000	0.000000	0.000000	0.000000	0.000000	0.000000	0.000000	0.000000	0.000000	0.000000	0.000000	0.000000	0.000000	0.000000	0.000000	0.000000	0.000000	0.000000	0.000000	0.000000	0.000000	0.000000	0.000000	0.000000	0.000000	0.000000	0.000000	0.000000	0.000000	0.000000	0.000000	0.000000	0.000000	0.000000	0.000000	0.000000	0.000000	0.000000	0.000000	0.000000	0.000000	0.000000	0.000000	0.000000	0.000000	0.000000	0.000000	0.000000	0.000000	0.000000	0.000000	0.000000	0.000000	0.000000	0.000000	0.000000	0.000000	0.000000	0.000000	0.000000	0.000000	0.000000	0.000000	0.000000	0.000000	0.000000	0.000000	0.000000	0.000000	0.000000	0.000000	0.000000	0.000000	0.000000	0.000000	0.000000	0.000000	0.000000	0.000000	0.000000	0.000000	0.000000	0.000000	0.000000	0.000000	0.000000	0.000000	0.000000	0.000000	0.000000	0.000000	0.000000	0.000000	0.000000	0.000000	0.000000	0.000000	0.000000	0.000000	0.000000	0.000000	0.000000	0.000000	0.000000	0.000000	0.000000	0.000000	0.000000	0.000000	0.000000	0.000000	0.000000	0.000000	0.000000	0.000000	0.000000	0.000000	0.000000	0.000000	0.000000	0.000000	0.000000	0.000000	0.000000	0.000000	0.000000	0.000000	0.000000	0.000000	0.000000	0.000000	0.000000	0.000000	0.000000	0.000000	0.000000	0.000000	0.000000	0.000000	0.000000	0.000000	0.000000	0.000000	0.000000	0.000000	0.000000	0.000000	0.000000	0.000000	0.000000	0.000000	0.000000	0.000000	0.000000	0.000000	0.000000	0.000000	0.000000	0.000000	0.000000	0.000000	0.000000	0.000000	0.000000	0.000000	0.000000	0.000000	0.000000	0.000000	0.000000	0.000000	0.000000	0.000000	0.000000	0.000000	0.000000	0.000000	0.000000	0.000000	0.000000	0.000000	0.000000	0.000000	0.000000	0.000000	0.000000	0.000000	0.000000	0.000000	0.000000	0.000000	0.000000	0.000000	0.000000	0.000000	0.000000	0.000000	0.000000	0.000000	0.000000	0.000000	0.000000	0.000000	0.000000	0.000000	0.000000	0.000000	0.000000	0.000000	0.000000	0.000000	0.000000	0.000000	0.000000	0.000000	0.000000	0.000000	0.000000	0.000000	0.000000	0.000000	0.000000	0.000000	0.000000	0.000000	0.000000	0.000000	0.000000	0.000000	0.000000	0.000000	0.000000	0.000000	0.000000	0.000000	0.000000	0.000000	0.000000	0.000000	0.000000	0.000000	0.000000	0.000000	0.000000	0.000000	0.000000	0.000000	0.000000	0.000000	0.000000	0.000000	0.000000	0.000000	0.000000	0.000000	0.000000	0.000000	0.000000	0.000000	0.000000	0.000000	0.000000	0.000000	0.000000	0.000000	0.000000	0.000000	0.000000	0.000000	0.000000	0.000000	0.000000	0.000000	0.000000	0.000000	0.000000	0.000000	0.000000	0.000000	0.000000	0.000000	0.000000	0.000000	0.000000	0.000000	0.000000	0.000000	0.000000	0.000000	0.000000	0.000000	0.000000	0.000000	0.000000	0.000000	0.000000	0.000000	0.000000	0.000000	0.000000	0.000000	0.000000	0.000000	0.000000	0.000000	0.000000	0.000000	0.000000	0.000000	0.000000	0.000000	0.000000	0.000000	0.000000	0.000000	0.000000	0.000000	0.000000	0.000000	0.000000	0.000000	0.000000	0.000000	0.000000	0.000000	0.000000	0.000000	0.000000	0.000000	0.000000	0.000000	0.000000	0.000000	0.000000	0.000000	0.000000	0.000000	0.000000	0.000000	0.000000	0.000000	0.000000	0.000000	0.000000	0.000000	0.000000	0.000000	0.000000	0.000000	0.000000	0.000000	0.000000	0.000000	0.000000	0.000000	0.000000	0.000000	0.000000	0.000000	0.000000	0.000000	0.000000	0.000000	0.000000	0.000000	0.000000	0.000000	0.000000	0.000000	0.000000	0.000000	0.000000	0.000000	0.000000	0.000000	0.000000	0.000000	0.000000	0.000000	0.000000	0.000000	0.000000	0.000000	0.000000	0.000000	0.000000	0.000000	0.000000	0.000000	0.000000	0.000000	0.000000	0.000000	0.000000	0.000000	0.000000	0.000000	0.000000	0.000000	0.000000	0.000000	0.000000	0.000000	0.000000	0.000000	0.000000	0.000000	0.000000	0.000000	0.000000	0.000000	0.000000	0.000000	0.000000	0.000000	0.000000	0.000000	0.000000	0.000000	0.000000	0.000000	0.000000	0.000000	0.000000	0.000000	0.000000	0.000000	0.000000	0.000000	0.000000	0.000000	0.000000	0.000000	0.000000	0.000000	0.000000	0.000000	0.000000	0.000000	0.000000	0.000000	0.000000	0.000000	0.000000	0.000000	0.000000	0.000000	0.000000	0.000000	0.000000	0.000000	0.000000	0.000000	0.000000	0.000000	0.000000	0.000000	0.000000	0.000000	0.000000	0.000000	0.000000	0.000000	0.000000	0.000000	0.000000	0.000000	0.000000	0.000000	0.000000	0.000000	0.000000	0.000000	0.000000	0.000000	0.000000	0.000000	0.000000	0.000000	0.000000	0.000000	0.000000	0.000000	0.000000	0.000000	0.000000	0.000000	0.000000	0.000000	0.000000	0.000000	0.000000	0.000000	0.000000	0.000000	0.000000	0.000000	0.000000	0.000000	0.000000	0.000000	0.000000	0.000000	0.000000	0.000000	0.000000	0.000000	0.000000	0.000000	0.000000	0.000000	0.000000	0.000000	0.000000	0.000000	0.000000	0.000000	0.000000	0.000000	0.000000	0.000000	0.000000	0.000000	0.000000	0.000000	0.000000	0.000000	0.000000	0.000000	0.000000	0.000000	0.000000	0.000000	0.000000	0.000000	0.000000	0.000000	0.000000	0.000000	0.000000	0.000000	0.000000	0.000000	0.000000	0.000000	0.000000	0.000000	0.000000	0.000000	0.000000	0.000000	0.000000	0.000000	0.000000	0.000000	0.000000	0.000000	0.000000	0.000000	0.000000	0.000000	0.000000	0.000000	0.000000	0.000000	0.000000	0.000000	0.000000	0.000000	0.000000	0.000000	0.000000	0.000000	0.000000	0.000000	0.000000	0.000000	0.000000	0.000000	0.000000	0.000000	0.000000	0.000000	0.000000	0.000000	0.000000	0.000000	0.000000	0.000000	0.000000	0.000000	0.000000	0.000000	0.000000	0.000000	0.000000	0.000000	0.000000	0.000000	0.000000	0.000000	0.000000	0.000000	0.000000	0.000000	0.000000	0.000000	0.000000	0.000000	0.000000	0.000000	0.000000	0.000000	0.000000	0.000000	0.000000	0.000000	0.000000	0.000000	0.000000	0.000000	0.000000	0.000000	0.000000	0.000000	0.000000	0.000000	0.000000	0.000000	0.000000	0.000000	0.000000
%%%	Pulse Index	Stimulus Section Index	Stimulus Section Start Index	Stimulus Section End Index	Pupil Stimulated: 0 = Right, 1 = Left, 2 = Both	Light Metric: 0 = Photopic, 1 = Scopotic, 2 = Radiometric	Stimulus Start Time	Stimulus Duration	Stimulus Pulse Duration	Right Pulse Max Level	Right Pulse Max Color (0123 = WRGB)	Right Pulse Min Level	Right Pulse Min Color (0123 = WRGB)	Left Pulse Max Level	Left Pulse Max Color (0123 = WRGB)	Left Pulse Min Level	Left Pulse Min Color (0123 = WRGB)	Right Data Input Type (0 == RAW DATA, 1 == FITTED DATA, 2 == M. OVERRIDED)	Right ANALYSIS STATE (0 == ABNORMAL, 1 == NORMAL)	Right MAX (mm) (EMPTY if INVALID)	Right MIN (mm) (EMPTY if INVALID)	Right DELTA (mm) (EMPTY if INVALID)	Right CH (%) (EMPTY if INVALID)	Right LAT (sec) (EMPTY if INVALID)	Right CV (mm/s) (EMPTY if INVALID)	Right MCV (mm/s) (EMPTY if INVALID)	Right DV (mm/s) (EMPTY if INVALID)	Left Data Input Type (0 == RAW DATA, 1 == FITTED DATA, 2 == M. OVERRIDED)	Left ANALYSIS STATE (0 == ABNORMAL, 1 == NORMAL)	Left MAX (mm) (EMPTY if INVALID)	Left MIN (mm) (EMPTY if INVALID)	Left DELTA (mm) (EMPTY if INVALID)	Left CH (%) (EMPTY if INVALID)	Left LAT (sec) (EMPTY if INVALID)	Left CV (mm/s) (EMPTY if INVALID)	Left MCV (mm/s) (EMPTY if INVALID)	Left DV (mm/s) (EMPTY if INVALID)
%%%	0	0	17	902	0	0	0.51	29.52	0.51	4.01	3	0.00	3	0.00	3	0.00	3	0	0	0.00	0.00			0.00	0.00	0.00	0.00	0	0	0.00	0.00			0.00	0.00	0.00	0.00
%%%%%%%%%
%%%%%%%%%
%%%%%%%%%
<\SESSION>
