<SESSION>
<VERSION>
2
<\VERSION>
<DATE>
2017-08-15 09:27:13
<\DATE>
<SUBJECT-ID>
c57-1mois-f1-1.2b
<\SUBJECT-ID>
<NOTE>

<\NOTE>
<MIN-MAX-PLOT>
0.100000 51880.761719
<\MIN-MAX-PLOT>
<STIMULUS-DEFINED>
Default
Default Human Relative Spectral Sensitivity
1	0
1	0.500000	0.500000	29.000000	3	3	1.200000	-100.000000	0.100000	-100.000000	0
<\STIMULUS-DEFINED>
<STIMULUS-GENERATED>
4
0	0	0.000000	3	0.000000	0.000000	3	0.000000	0.000000
0	1	0.509000	3	0.299242	15.810344	3	0.000000	0.000000
0	4	1.018000	3	0.000000	0.000000	3	0.000000	0.000000
-1	5	30.027000	0	0.000000	0.000000	0	0.000000	0.000000
<\STIMULUS-GENERATED>
<RIGHT-PUPIL-DATA>
903	1
1	-0.067000	1.007681	267.206268	318.506256
1	-0.035000	1.024928	267.774994	318.225006
1	-0.004000	1.042029	268.000000	318.500000
1	0.043000	1.000290	267.649994	318.162506
1	0.074000	1.011159	267.743744	318.556244
1	0.105000	1.008841	266.993744	318.543732
1	0.136000	1.008116	267.000000	318.549988
1	0.167000	1.043478	268.000000	317.500000
1	0.199000	1.016377	267.893799	318.318726
1	0.230000	1.025362	267.456238	318.781250
1	0.277000	1.025507	267.787537	318.250000
1	0.308000	1.000580	268.125000	318.250000
1	0.339000	0.999420	267.875000	318.375000
1	0.370000	0.988551	267.968750	318.831238
1	0.401000	0.996667	268.131256	318.881256
1	0.433000	0.996667	267.868744	318.631256
1	0.464000	0.976667	267.593750	319.031250
1	0.511000	0.988116	267.725006	319.037506
1	0.542000	0.979710	267.875000	319.125000
1	0.573000	1.043333	267.956268	319.956207
1	0.604000	0.981449	267.649994	319.149994
1	0.635000	0.987971	267.306244	319.131256
1	0.667000	0.966812	267.593750	319.043762
1	0.698000	0.957102	267.750000	318.799988
1	0.729000	0.972754	267.899994	319.024994
1	0.776000	0.974493	268.000000	319.000000
1	0.807000	0.974928	268.056244	319.568756
1	0.838000	0.992029	268.268799	319.768677
0	0.869000	0.570145	261.887512	322.937500
1	0.901000	0.560290	261.937500	322.000000
1	0.932000	0.929275	268.600006	319.475006
0	0.963000	0.805942	267.156250	320.843750
0	1.010000	0.544493	263.568756	322.431244
1	1.041000	0.503768	263.299988	323.000000
1	1.072000	0.866232	268.806244	319.943756
1	1.103000	0.509855	263.162506	322.337494
0	1.135000	0.733333	267.299988	320.700012
0	1.166000	0.708116	266.312500	320.187500
0	1.197000	0.655507	266.131256	318.931244
1	1.244000	0.466232	263.693817	322.306244
0	1.275000	0.466232	263.806244	321.506256
1	1.306000	0.485507	264.987488	321.987488
0	1.337000	0.676377	268.618744	319.356232
0	1.369000	0.560290	266.750000	319.062500
1	1.400000	0.434203	264.000000	321.750000
0	1.431000	0.602754	271.343750	319.343750
1	1.462000	0.452174	264.750000	321.750000
0	1.509000	0.422899	264.725006	320.962494
1	1.540000	0.434058	264.418701	321.868774
1	1.571000	0.440145	264.818756	321.818756
1	1.603000	0.407536	264.149994	321.475006
1	1.634000	0.408116	264.125000	321.325012
0	1.665000	0.394203	264.500000	321.000000
1	1.696000	0.422899	264.962494	320.850006
0	1.743000	0.427681	265.343750	321.093750
1	1.774000	0.390290	264.381256	321.381256
0	1.805000	0.377101	264.712494	321.725006
1	1.837000	0.405797	264.875000	322.325012
0	1.868000	0.347826	253.306671	342.193329
1	1.899000	0.396232	264.562500	321.937500
1	1.930000	0.417246	264.793732	322.006256
0	1.977000	0.365217	264.000000	322.000000
0	2.008000	0.374928	264.756256	321.256256
0	2.039000	0.397246	265.031250	320.906250
0	2.071000	0.438551	266.437500	320.937500
0	2.102000	0.382609	265.250000	321.250000
1	2.133000	0.364203	264.618744	321.493744
0	2.164000	0.366232	264.256256	321.131256
0	2.195000	0.347826	242.806305	335.218781
1	2.242000	0.394493	264.975006	321.475006
1	2.273000	0.371159	264.656250	322.156250
0	2.305000	0.379275	265.256256	322.306244
0	2.336000	0.347826	265.481262	322.018738
1	2.367000	0.372464	264.862488	321.862488
0	2.398000	0.353333	264.537506	321.537506
0	2.429000	0.347826	258.181244	339.181244
1	2.476000	0.398841	265.762482	321.962494
1	2.507000	0.375072	264.649994	322.212494
0	2.539000	0.354493	265.412506	322.962494
1	2.570000	0.412464	265.187500	323.062500
1	2.601000	0.442899	265.500000	322.875000
1	2.632000	0.476667	266.968750	322.156250
0	2.663000	0.398985	265.493744	322.293732
0	2.710000	0.483768	268.087494	320.012482
1	2.741000	0.403623	265.643738	322.031250
0	2.773000	0.371159	266.156250	322.156250
0	2.804000	0.394203	266.843750	322.968750
0	2.835000	0.376232	265.774994	322.225006
1	2.866000	0.378841	266.299988	323.000000
0	2.897000	0.387536	266.062500	322.625000
0	2.929000	0.347826	240.818756	334.318756
0	2.975000	0.371159	266.593750	322.843750
0	3.007000	0.372899	266.631256	322.668732
0	3.038000	0.382609	266.250000	322.250000
0	3.069000	0.358116	266.456238	323.018738
1	3.100000	0.377101	266.287506	322.712494
0	3.131000	0.379855	266.281250	322.531250
0	3.163000	0.397681	266.087494	322.524994
1	3.194000	0.407681	266.131256	323.068756
1	3.241000	0.407681	265.631256	322.131256
1	3.272000	0.396812	266.037506	323.524994
1	3.303000	0.429420	266.318756	323.318756
1	3.334000	0.376667	265.656250	323.281250
1	3.365000	0.420290	266.000000	323.000000
0	3.397000	0.394493	265.949982	323.287506
0	3.428000	0.425362	266.668762	323.806030
0	3.475000	0.394203	266.000000	323.500000
0	3.506000	0.429275	265.837494	323.662506
0	3.537000	0.611014	268.600006	322.199982
1	3.568000	0.421159	265.812500	323.000000
0	3.599000	0.456812	266.262512	323.325012
0	3.631000	0.442899	266.125000	323.187500
1	3.662000	0.424928	265.899994	322.899994
1	3.709000	0.412464	266.062500	322.687500
1	3.740000	0.416667	265.181274	322.818726
0	3.771000	0.417391	267.000000	324.500000
1	3.802000	0.661449	269.187500	321.500000
1	3.833000	0.423333	265.906250	324.031250
0	3.865000	0.519131	266.412811	322.662262
1	3.896000	0.484203	265.781250	323.093750
1	3.927000	0.411594	264.937500	323.312500
1	3.974000	0.442319	265.587494	322.475006
0	4.005000	0.462029	265.587494	321.662506
0	4.036000	0.394203	264.000000	323.500000
1	4.067000	0.451594	265.250000	321.375000
1	4.099000	0.487536	265.000000	322.500000
0	4.130000	0.452174	266.000000	323.500000
1	4.161000	0.452174	265.250000	322.750000
0	4.208000	0.347826	238.356293	312.843658
1	4.239000	0.460290	265.375000	321.375000
0	4.270000	0.450580	265.406250	322.281250
0	4.301000	0.451594	265.625000	320.737549
1	4.333000	0.417391	265.250000	321.750000
0	4.364000	0.446812	265.506256	320.806244
0	4.395000	0.530290	267.368744	319.618744
0	4.442000	0.452174	266.250000	321.250000
0	4.473000	0.434203	265.000000	321.750000
1	4.504000	0.455507	265.693756	321.556244
0	4.535000	0.596232	271.187500	318.312500
0	4.567000	0.458406	265.606171	320.681244
0	4.598000	0.451015	265.725006	321.274994
0	4.629000	0.544928	267.000000	318.500000
1	4.660000	0.620145	267.718750	319.468750
1	4.707000	0.461449	265.750000	320.562500
1	4.738000	0.457681	265.712494	320.350006
0	4.769000	0.539710	267.500000	319.500000
0	4.801000	0.521449	266.524994	319.699982
1	4.832000	0.457101	265.687500	320.625000
1	4.863000	0.458116	265.406250	320.643738
0	4.894000	0.452174	265.343750	320.343750
1	4.941000	0.485362	264.968750	321.018738
0	4.972000	0.453188	265.306244	320.443756
0	5.003000	0.427826	264.937500	320.437500
0	5.035000	0.417971	265.000000	319.812500
0	5.066000	0.412029	265.068756	320.943756
0	5.097000	0.405797	264.000000	320.500000
1	5.128000	0.690290	269.431244	318.068756
0	5.175000	0.465797	265.187500	320.500000
1	5.206000	0.457681	265.350006	320.250031
0	5.237000	0.461594	265.656219	320.393707
1	5.269000	0.460290	265.375000	320.625000
1	5.300000	0.428841	264.968750	319.968750
1	5.331000	0.466812	265.218750	320.218750
1	5.362000	0.463623	264.731262	320.281250
1	5.393000	0.422319	264.875000	321.062500
0	5.440000	0.451594	263.587616	320.487518
0	5.471000	0.460290	264.375000	320.375000
1	5.503000	0.694638	268.943756	318.368744
1	5.534000	0.457246	265.312500	320.375000
0	5.565000	0.452174	265.000000	320.500000
1	5.596000	0.664203	269.243744	319.381256
1	5.627000	0.635942	267.912537	318.837524
0	5.674000	0.621884	267.631256	319.368744
1	5.705000	0.455072	264.500000	321.250000
0	5.737000	0.458841	264.712494	321.399994
0	5.768000	0.440580	266.000000	319.500000
0	5.799000	0.459275	264.668762	320.393738
1	5.830000	0.446667	264.587494	320.412506
1	5.861000	0.446232	264.593750	320.218750
1	5.908000	0.453333	264.650055	319.699982
0	5.939000	0.417391	265.000000	320.500000
0	5.971000	0.451594	265.250000	320.437500
0	6.002000	0.428985	264.750000	320.750000
1	6.033000	0.448985	264.537506	321.337494
0	6.064000	0.424493	264.843750	320.906250
0	6.095000	0.428985	264.674988	320.937500
1	6.127000	0.458116	264.343750	321.343750
1	6.173000	0.407101	263.843750	320.656250
0	6.205000	0.440145	265.318756	320.818756
1	6.236000	0.730435	271.000000	318.500000
0	6.267000	0.450725	264.375000	320.375000
0	6.298000	0.447101	264.418762	321.218750
1	6.329000	0.452899	264.718750	320.518738
1	6.361000	0.425797	264.637512	319.924988
1	6.407000	0.423188	264.675018	321.100006
0	6.439000	0.570145	271.187500	318.062500
1	6.470000	0.417536	264.193756	321.993744
1	6.501000	0.409855	263.899994	320.899994
0	6.532000	0.416232	264.225006	320.975006
0	6.563000	0.542319	265.787506	318.462494
1	6.595000	0.429855	264.625000	320.937500
0	6.641000	0.452174	264.437500	320.687500
1	6.673000	0.426667	264.937500	320.849976
1	6.704000	0.458116	264.643738	320.643738
0	6.735000	0.417536	264.006256	321.756256
0	6.766000	0.417391	264.750000	320.750000
1	6.797000	0.448406	263.937500	320.437500
0	6.829000	0.394203	264.000000	319.500000
0	6.860000	0.425362	264.143738	320.668762
0	6.907000	0.417391	264.500000	321.000000
0	6.938000	0.347826	251.993744	341.493744
1	6.969000	0.417971	263.812500	320.812500
1	7.000000	0.438116	264.556244	321.556244
0	7.031000	0.414928	264.756256	321.756256
1	7.063000	0.427246	263.899994	320.899994
1	7.094000	0.397101	264.549988	321.174988
0	7.125000	0.493768	264.994049	319.730865
0	7.172000	0.388406	264.000000	321.000000
0	7.203000	0.404203	263.881256	321.381256
1	7.234000	0.425362	264.143738	321.668762
0	7.265000	0.408696	264.000000	321.000000
1	7.297000	0.416232	264.774994	320.975006
1	7.328000	0.394203	263.500000	321.000000
0	7.359000	0.429855	263.937500	320.937500
0	7.406000	0.377681	264.687500	321.750000
0	7.437000	0.347826	247.018951	334.143707
1	7.468000	0.381594	263.881256	321.243744
1	7.499000	0.416667	264.781250	320.981262
0	7.531000	0.417971	264.750000	321.049988
0	7.562000	0.372899	264.631256	321.306244
0	7.593000	0.405797	265.000000	321.500000
0	7.640000	0.370145	263.687500	321.125000
0	7.671000	0.397681	264.524994	321.324982
0	7.702000	0.350725	269.543488	314.618805
0	7.733000	0.429275	264.337494	321.662506
0	7.765000	0.417246	264.793732	321.793732
0	7.796000	0.359855	267.681244	315.681244
0	7.827000	0.409855	264.100006	320.850006
0	7.858000	0.440580	264.000000	319.500000
1	7.905000	0.404928	264.062500	320.875000
1	7.936000	0.417391	263.000000	320.500000
1	7.967000	0.411884	263.712494	321.037506
1	7.999000	0.405797	263.674988	320.862488
1	8.030000	0.457681	264.662506	321.537506
1	8.061000	0.457681	264.337494	321.337494
1	8.092000	0.420145	264.156311	321.393799
1	8.139000	0.411449	263.906250	321.718750
0	8.170000	0.440580	264.000000	319.500000
1	8.201000	0.416667	263.268738	320.781250
0	8.233000	0.417391	264.250000	321.250000
1	8.264000	0.412029	264.118744	321.118744
1	8.295000	0.447681	263.756256	320.443756
0	8.326000	0.418551	263.787506	320.975006
0	8.373000	0.409275	264.174988	321.674988
0	8.404000	0.372754	264.649994	321.600006
0	8.435000	0.420145	263.843750	320.956238
0	8.467000	0.468551	264.243744	320.506256
1	8.498000	0.416232	263.774994	320.975006
0	8.529000	0.387681	264.581238	321.456238
1	8.560000	0.522899	266.225006	319.712494
0	8.591000	0.417391	264.500000	322.000000
1	8.638000	0.417391	264.500000	322.000000
0	8.669000	0.347826	246.181244	340.181244
0	8.701000	0.392319	264.006256	321.318756
1	8.732000	0.417391	263.812500	320.937500
1	8.763000	0.405797	263.674988	320.674988
1	8.794000	0.368116	264.312500	321.562500
1	8.825000	0.408116	264.125000	320.862488
1	8.872000	0.424928	264.100006	319.899994
1	8.903000	0.418406	264.243744	319.756256
1	8.935000	0.387681	264.831268	320.581207
0	8.966000	0.347826	246.506378	334.293793
1	8.997000	0.446667	264.587494	319.587494
1	9.028000	0.417971	264.000000	319.750000
1	9.059000	0.414638	263.843750	318.843750
0	9.106000	0.400000	263.875000	320.125000
1	9.137000	0.482029	264.687500	319.812500
0	9.169000	0.442899	264.125000	319.812500
0	9.200000	0.479855	264.843750	319.093750
1	9.231000	0.466812	264.781250	319.281250
1	9.262000	0.662029	268.499939	317.837524
1	9.293000	0.416232	264.100006	318.975006
1	9.325000	0.433768	263.993744	319.293732
0	9.371000	0.435942	263.587494	319.662506
0	9.403000	0.453333	264.574982	319.399994
0	9.434000	0.433623	264.024994	319.600006
1	9.465000	0.442319	264.475006	320.475006
1	9.496000	0.458841	263.712646	319.599976
1	9.527000	0.411594	263.062500	319.674988
0	9.559000	0.434203	264.000000	319.500000
0	9.605000	0.441884	264.156250	319.156250
1	9.637000	0.418551	263.975006	319.475006
0	9.668000	0.442319	264.475006	319.350006
1	9.699000	0.423333	263.231262	319.843750
1	9.730000	0.440725	263.468750	319.531250
1	9.761000	0.414203	263.537506	319.837494
0	9.793000	0.573333	266.125000	318.125000
0	9.839000	0.411594	263.500000	320.000000
1	9.871000	0.440725	263.481262	319.693726
0	9.902000	0.347826	240.818756	331.193695
1	9.933000	0.448841	264.243744	319.443756
1	9.964000	0.452754	264.000000	319.375000
0	9.995000	0.421015	263.843750	319.081238
1	10.027000	0.428841	263.343750	319.593750
0	10.058000	0.417391	263.000000	319.500000
0	10.105000	0.454927	264.343872	319.668640
0	10.136000	0.527681	264.793762	318.706238
0	10.167000	0.475362	264.137512	319.937500
0	10.198000	0.578841	266.312500	318.062500
0	10.229000	0.403333	263.456268	320.993744
0	10.261000	0.451594	264.250000	320.375000
1	10.292000	0.417246	263.243744	320.243744
0	10.339000	0.495797	264.881256	320.118744
1	10.370000	0.417391	263.750000	320.750000
0	10.401000	0.439275	263.356232	320.681244
1	10.432000	0.453333	263.600006	320.475006
0	10.463000	0.412029	263.568756	320.693756
1	10.495000	0.458551	263.712494	321.287384
0	10.526000	0.440580	262.000000	319.500000
1	10.573000	0.407536	263.100006	320.899994
0	10.604000	0.416667	263.781250	320.981201
1	10.635000	0.417971	263.750000	321.000000
0	10.666000	0.347826	247.993744	342.493744
0	10.697000	0.453333	263.712494	321.399994
1	10.729000	0.438116	263.443756	322.068756
1	10.760000	0.407536	263.100006	322.837494
1	10.791000	0.402754	263.593750	322.593750
1	10.838000	0.405797	263.674988	322.862488
1	10.869000	0.396667	263.881256	322.493744
0	10.900000	0.408116	263.862488	323.125000
1	10.931000	0.390580	263.643738	323.106262
0	10.963000	0.427246	264.337494	322.899994
0	10.994000	0.418116	264.181213	323.218750
0	11.025000	0.446812	264.568756	322.568756
0	11.072000	0.440580	264.000000	321.500000
1	11.103000	0.417246	264.768768	322.793732
0	11.134000	0.439855	264.706238	322.706238
0	11.165000	0.409420	264.656250	322.143738
1	11.197000	0.407971	264.331238	322.106201
1	11.228000	0.425072	263.381256	322.681244
1	11.259000	0.438116	264.556244	322.931244
1	11.290000	0.384638	263.787506	322.337494
0	11.337000	0.428985	264.000000	321.500000
0	11.368000	0.438551	264.737488	322.437500
1	11.399000	0.440580	264.250000	321.750000
0	11.431000	0.414638	264.531250	321.468750
0	11.462000	0.452319	265.631256	321.431244
0	11.493000	0.384928	264.462494	321.087494
0	11.524000	0.394203	266.000000	321.500000
0	11.571000	0.407101	264.656250	321.093750
0	11.602000	0.394203	263.750000	321.750000
0	11.633000	0.396232	263.937500	321.500000
1	11.665000	0.424928	263.899994	321.337494
1	11.696000	0.417971	264.000000	322.000000
1	11.727000	0.402029	264.774994	322.087494
1	11.758000	0.388986	264.399994	321.600006
1	11.805000	0.417391	264.250000	321.250000
1	11.836000	0.418551	264.225006	321.024994
1	11.867000	0.464203	265.443756	322.318756
0	11.899000	0.486957	263.000000	322.500000
0	11.930000	0.386812	264.318756	321.556244
1	11.961000	0.408551	263.868713	321.131287
0	11.992000	0.394203	264.000000	321.500000
1	12.023000	0.420290	264.000000	321.000000
0	12.070000	0.456812	264.687500	320.462463
0	12.101000	0.468406	265.762482	320.225006
1	12.133000	0.403333	264.193756	321.006256
0	12.164000	0.392319	263.918732	322.006256
1	12.195000	0.402754	263.406250	321.031250
1	12.226000	0.417246	264.793732	321.756256
0	12.257000	0.394203	264.000000	322.500000
0	12.304000	0.377246	263.381256	323.306244
1	12.335000	0.389420	263.593750	322.218750
1	12.367000	0.411449	263.156281	322.781281
1	12.398000	0.403188	263.162506	322.362518
1	12.429000	0.407536	263.112518	322.087494
0	12.460000	0.440580	264.000000	321.500000
1	12.491000	0.407101	263.656250	322.656250
1	12.523000	0.388406	263.575012	322.325012
1	12.569000	0.412029	264.056244	322.806244
0	12.601000	0.347826	240.818756	336.818756
0	12.632000	0.394203	264.000000	323.500000
0	12.663000	0.414638	263.531250	322.843750
1	12.694000	0.427246	263.287506	322.912506
1	12.725000	0.405797	263.325012	321.875000
1	12.757000	0.437536	263.468750	323.093750
0	12.803000	0.486957	263.000000	322.500000
0	12.835000	0.420290	264.000000	322.000000
1	12.866000	0.437536	264.406250	322.531250
1	12.897000	0.417971	264.250000	322.200012
1	12.928000	0.410290	264.093750	321.906250
1	12.959000	0.386232	263.843750	321.956238
0	12.991000	0.418116	264.168762	321.981262
1	13.037000	0.415507	263.781250	322.731262
1	13.069000	0.419565	264.693756	323.006256
0	13.100000	0.394203	262.000000	323.500000
0	13.131000	0.347826	250.656586	343.843414
0	13.162000	0.418551	263.774994	322.787506
0	13.193000	0.432029	263.906250	323.018738
1	13.225000	0.410145	263.924988	324.687500
1	13.256000	0.453333	263.975006	324.024994
1	13.303000	0.422319	264.062500	324.875000
1	13.334000	0.433768	264.381256	324.993744
0	13.365000	0.440290	264.162506	325.662506
0	13.396000	0.378985	262.312500	324.625000
1	13.427000	0.451015	263.649994	325.412506
0	13.459000	0.425507	263.125000	325.875000
0	13.490000	0.405362	262.881256	325.181244
1	13.537000	0.464203	264.631256	325.356232
0	13.568000	0.428985	264.000000	325.500000
0	13.599000	0.488116	264.037506	325.074982
0	13.630000	0.440290	263.475006	325.524994
1	13.661000	0.482029	264.437500	326.312500
0	13.693000	0.422319	263.125000	327.062500
1	13.724000	0.438116	263.556244	326.731232
1	13.771000	0.414493	262.968750	326.531250
1	13.802000	0.439710	263.812500	327.187500
1	13.833000	0.450725	263.500000	327.250000
0	13.864000	0.424058	263.112610	327.112610
0	13.895000	0.431014	263.000000	327.187500
1	13.927000	0.433188	262.768738	327.031250
0	13.958000	0.441884	264.343750	326.531250
1	13.989000	0.419855	263.193756	326.793793
0	14.036000	0.384058	263.549988	327.362488
0	14.067000	0.432029	263.531250	326.656250
0	14.098000	0.434058	263.268738	326.268738
0	14.129000	0.457101	263.362488	326.437500
1	14.161000	0.443623	263.456268	326.506256
1	14.192000	0.463768	262.500000	327.000000
0	14.223000	0.474058	263.556244	326.181244
0	14.270000	0.418841	263.750000	326.875000
0	14.301000	0.416232	263.475006	325.975006
0	14.332000	0.388406	263.424988	325.424988
0	14.363000	0.347826	243.456390	338.818878
1	14.395000	0.468551	264.693756	325.493744
1	14.426000	0.459855	264.381256	325.381256
1	14.457000	0.421159	263.812500	325.062500
1	14.504000	0.442899	263.187500	324.875000
1	14.535000	0.438551	263.562500	324.187500
1	14.566000	0.459855	264.568756	323.618744
1	14.597000	0.413043	263.875000	324.000000
1	14.629000	0.444493	264.381256	323.431244
0	14.660000	0.442899	263.625000	323.375000
1	14.691000	0.484203	264.106201	323.031250
1	14.722000	0.397101	263.450012	322.549988
0	14.769000	0.434203	264.000000	324.000000
1	14.800000	0.466812	263.781250	322.781250
1	14.831000	0.451594	263.625000	322.375000
1	14.863000	0.412464	263.812500	322.924988
1	14.894000	0.417391	263.000000	322.500000
1	14.925000	0.455507	263.681244	322.368744
0	14.956000	0.442464	264.506256	322.631256
0	15.003000	0.347826	240.293976	335.456268
0	15.034000	0.442319	264.475006	322.475006
1	15.065000	0.418551	263.975006	322.787506
1	15.097000	0.468841	264.456207	323.493683
0	15.128000	0.453768	264.393707	323.318634
1	15.159000	0.459855	264.381256	323.381256
1	15.190000	0.454348	263.687500	322.625000
0	15.221000	0.400580	264.000000	322.000000
1	15.268000	0.433623	263.975006	322.725006
1	15.299000	0.447101	264.418762	322.781250
0	15.331000	0.463768	264.000000	323.500000
0	15.362000	0.466667	265.312500	322.312500
1	15.393000	0.466377	264.787506	322.725006
1	15.424000	0.460145	264.718750	323.343750
0	15.455000	0.405797	264.000000	323.500000
0	15.502000	0.432754	263.550018	323.012482
0	15.533000	0.417246	264.993744	323.993744
1	15.565000	0.460290	264.375000	323.424988
1	15.596000	0.451159	264.431244	323.306244
1	15.627000	0.452174	264.000000	323.500000
1	15.658000	0.450580	264.418762	324.268738
1	15.689000	0.437971	264.537506	323.912506
1	15.736000	0.451594	264.375000	323.750000
1	15.767000	0.458841	264.399994	323.399994
0	15.799000	0.447681	264.431244	324.431244
0	15.830000	0.457536	264.606232	323.318756
1	15.861000	0.457536	264.318756	323.631256
0	15.892000	0.457971	264.500000	323.500000
1	15.923000	0.446667	264.212494	323.787506
1	15.955000	0.495072	265.000000	323.375000
1	16.001000	0.457681	264.462494	323.287506
0	16.033000	0.457536	265.318756	323.368744
1	16.064000	0.467536	264.837494	323.225006
0	16.095000	0.429420	264.318756	323.681244
1	16.126000	0.431449	264.368744	323.006256
1	16.158000	0.424928	264.975006	322.712494
0	16.189000	0.417391	264.500000	323.000000
1	16.236000	0.454638	264.293762	323.343750
1	16.267000	0.466812	263.781250	323.281250
0	16.298000	0.449275	264.250000	324.437500
1	16.329000	0.457536	263.368744	323.631256
1	16.360000	0.490580	263.856262	323.981262
0	16.392000	0.652754	266.125000	320.875000
1	16.423000	0.452174	264.000000	324.500000
0	16.470000	0.663623	266.218750	320.256348
1	16.501000	0.488551	264.781250	324.031250
0	16.532000	0.477246	264.631256	324.818756
1	16.563000	0.485797	263.774994	324.524994
1	16.594000	0.488551	263.018738	324.781250
1	16.626000	0.456377	263.368744	325.318756
0	16.657000	0.452754	263.500000	325.487488
0	16.688000	0.447681	263.431244	324.606232
0	16.735000	0.468986	264.250000	325.250000
0	16.766000	0.486957	263.000000	326.500000
1	16.797000	0.459710	264.587494	325.399994
1	16.828000	0.487681	264.481262	325.018738
0	16.860000	0.464058	264.337494	325.537506
1	16.891000	0.494638	263.993744	325.881256
1	16.922000	0.488551	264.068726	326.031250
1	16.969000	0.452754	263.375000	326.000000
0	17.000000	0.486957	264.750000	325.750000
0	17.031000	0.430725	263.675018	326.187469
0	17.062000	0.450580	263.618713	325.281250
1	17.094000	0.457536	263.693756	325.443756
0	17.125000	0.544928	267.000000	322.500000
0	17.156000	0.494638	263.831268	326.106232
0	17.203000	0.475072	263.912506	326.587494
0	17.234000	0.488116	264.024994	327.062469
0	17.265000	0.494493	264.975006	326.975006
0	17.296000	0.465217	263.250000	325.750000
0	17.328000	0.522899	263.475006	325.225006
1	17.359000	0.504348	264.000000	326.500000
0	17.390000	0.499275	264.081238	326.031250
1	17.421000	0.521015	264.518738	326.268738
0	17.468000	0.486957	263.000000	326.500000
0	17.499000	0.494638	264.118744	324.993744
0	17.530000	0.510145	265.000000	325.500000
1	17.562000	0.533768	264.381256	324.818756
0	17.593000	0.491884	264.062500	325.562500
0	17.624000	0.510580	263.318726	325.656250
0	17.655000	0.486957	263.000000	324.500000
1	17.702000	0.534638	264.431244	325.193756
0	17.733000	0.475507	264.093750	324.593750
1	17.764000	0.512464	264.075012	324.112488
1	17.796000	0.751594	267.625000	321.875000
1	17.827000	0.503188	263.725006	323.725006
1	17.858000	0.475507	264.406250	324.593750
0	17.889000	0.637101	265.850006	323.149994
1	17.920000	0.498551	263.687500	324.062500
1	17.967000	0.742029	268.000000	322.500000
1	17.998000	0.505072	263.731262	324.018738
1	18.030000	0.503333	263.256256	323.993744
1	18.061000	0.516812	263.562500	324.750000
0	18.092000	0.614638	265.531250	322.468750
0	18.123000	0.519420	264.462494	324.725006
0	18.154000	0.522899	263.712494	323.774994
1	18.201000	0.834783	268.625000	320.875000
1	18.232000	0.487681	263.268738	323.243835
1	18.264000	0.832029	268.531250	321.468750
0	18.295000	0.498551	264.000000	324.500000
1	18.326000	0.828841	269.031250	321.531250
1	18.357000	0.497101	264.000000	324.250000
0	18.388000	0.475362	263.500000	323.000000
1	18.435000	0.521739	263.500000	324.000000
0	18.466000	0.495072	263.924988	323.125000
0	18.498000	0.805797	269.125000	320.375000
1	18.529000	0.846812	268.931244	320.856232
1	18.560000	0.823188	268.000000	321.500000
1	18.591000	0.805362	267.181244	321.193756
0	18.622000	0.713043	266.000000	321.500000
0	18.654000	0.672319	265.343750	321.156250
1	18.700000	0.829275	268.524994	321.537506
1	18.732000	0.527246	263.350006	323.712494
1	18.763000	0.522319	263.500000	324.500000
1	18.794000	0.835797	268.418732	321.006256
0	18.825000	0.708841	265.868744	321.181244
0	18.856000	0.665072	265.743744	320.556244
0	18.888000	0.694058	265.656250	321.018738
1	18.934000	0.795072	268.012512	322.012512
1	18.966000	0.547971	263.118744	324.118744
0	18.997000	0.788116	266.912506	321.975006
1	19.028000	0.730435	265.500000	321.000000
1	19.059000	0.537971	263.225006	324.225006
1	19.090000	0.818551	267.899994	321.350006
1	19.122000	0.817971	267.750000	320.812500
0	19.153000	0.531014	263.375000	323.625000
1	19.200000	0.531014	263.375000	324.312500
1	19.231000	0.525362	263.418762	324.331238
0	19.262000	0.761014	266.493744	320.568756
1	19.293000	0.848985	268.787506	321.475006
0	19.324000	0.530435	263.250000	324.250000
0	19.356000	0.839855	268.418762	321.168762
0	19.387000	0.618986	264.668762	323.706238
0	19.434000	0.709855	265.837463	321.612427
0	19.465000	0.759710	266.587494	321.587494
1	19.496000	0.527536	263.375000	325.375000
1	19.527000	0.829855	268.312500	322.500000
0	19.558000	0.535942	263.324982	325.412506
0	19.590000	0.737536	266.218750	322.531250
1	19.621000	0.820725	267.193756	322.756256
0	19.668000	0.776812	268.000000	323.500000
0	19.699000	0.776812	266.500000	322.000000
1	19.730000	0.553480	263.669220	325.305939
1	19.761000	0.531594	263.399994	326.350006
1	19.792000	0.828841	267.843750	322.656250
1	19.824000	0.796667	267.056244	322.443756
0	19.855000	0.544493	263.431244	325.568756
1	19.886000	0.544493	263.218781	325.131256
1	19.933000	0.540725	263.531250	325.268738
1	19.964000	0.791884	266.000000	322.000000
0	19.995000	0.685797	265.537506	321.024994
0	20.026000	0.548841	264.131256	324.618744
1	20.058000	0.811884	267.287506	322.712494
0	20.089000	0.764638	266.500000	322.250000
1	20.120000	0.811594	268.075012	322.750000
0	20.167000	0.761884	267.506256	323.418732
1	20.198000	0.733188	266.468750	322.781250
0	20.229000	0.707101	266.206238	322.143738
1	20.260000	0.496812	263.899994	324.899994
1	20.292000	0.496377	263.893738	323.893738
0	20.323000	0.498985	263.931244	324.068756
1	20.354000	0.794493	268.037506	322.100006
0	20.401000	0.741884	267.706238	321.756348
0	20.432000	0.496812	263.899994	323.850006
0	20.463000	0.732609	267.250000	321.750000
1	20.494000	0.503333	263.743744	323.743744
1	20.526000	0.519420	263.725006	324.574982
0	20.557000	0.633188	265.906250	323.093750
1	20.588000	0.504493	264.631256	324.006256
1	20.619000	0.495217	263.893738	322.843750
1	20.666000	0.784928	268.774994	321.024994
1	20.697000	0.530290	264.368744	322.418732
0	20.728000	0.472754	264.162506	322.587494
1	20.760000	0.498551	264.174988	322.887512
0	20.791000	0.570290	264.793732	322.106232
1	20.822000	0.489275	264.087494	322.975006
1	20.853000	0.794638	268.381256	320.006256
1	20.900000	0.501449	263.900024	323.000000
0	20.931000	0.553623	265.000000	322.450012
1	20.962000	0.521159	263.750000	322.250000
0	20.994000	0.729855	267.125000	320.500000
1	21.025000	0.596812	265.287506	321.962494
0	21.056000	0.531014	264.375000	322.375000
1	21.087000	0.498841	263.912506	322.412506
1	21.134000	0.831594	268.537506	319.462494
0	21.165000	0.500725	264.081238	322.406250
1	21.196000	0.500580	263.937500	322.375000
1	21.228000	0.828986	268.500000	320.000000
1	21.259000	0.540145	264.256256	322.506256
0	21.290000	0.786232	268.056274	319.956238
1	21.321000	0.522319	264.487488	323.500000
0	21.352000	0.814203	268.287506	320.712433
1	21.399000	0.520580	263.675018	322.574982
0	21.430000	0.655507	266.068756	321.293732
0	21.462000	0.814203	268.287506	320.712494
0	21.493000	0.519855	264.268768	322.218781
1	21.524000	0.536957	264.500000	322.125000
1	21.555000	0.498985	263.931244	322.893768
1	21.586000	0.815797	268.268738	320.656250
0	21.633000	0.724928	266.912506	320.399994
1	21.664000	0.499420	263.937500	322.812500
0	21.696000	0.514203	263.899994	323.100006
1	21.727000	0.494058	263.856262	322.968750
0	21.758000	0.509855	263.337494	322.337494
1	21.789000	0.833188	269.406250	320.531250
0	21.820000	0.787536	267.312500	319.937500
1	21.867000	0.540290	264.487518	322.524994
0	21.898000	0.777536	268.168762	319.543762
0	21.930000	0.823188	270.000000	319.500000
1	21.961000	0.804928	268.187500	319.437500
1	21.992000	0.849420	268.781250	321.206238
1	22.023000	0.516812	263.562500	322.825012
1	22.054000	0.539710	263.750000	322.500000
1	22.086000	0.522899	263.712494	322.774994
0	22.132000	0.724928	267.087494	319.912506
1	22.164000	0.813043	269.031250	319.968750
1	22.195000	0.498985	263.943756	322.806244
1	22.226000	0.481449	264.462494	323.287506
1	22.257000	0.799275	268.031250	320.518738
1	22.288000	0.521739	264.500000	323.000000
0	22.320000	0.818406	267.181244	320.556244
0	22.366000	0.689711	265.906433	321.406067
1	22.398000	0.579710	264.187500	323.062500
1	22.429000	0.486957	264.000000	323.500000
0	22.460000	0.723333	266.968750	320.281250
1	22.491000	0.814203	268.762482	320.287506
0	22.522000	0.785507	268.250000	321.250000
0	22.554000	0.660870	267.000000	320.500000
1	22.600000	0.497246	263.906250	323.843750
1	22.632000	0.539710	264.500000	323.500000
1	22.663000	0.494058	263.843689	323.843689
0	22.694000	0.797246	269.031250	321.093750
1	22.725000	0.633188	264.906250	322.093750
1	22.756000	0.531014	263.625000	324.375000
0	22.788000	0.778841	268.812500	321.687500
1	22.819000	0.509275	263.812500	323.625000
0	22.866000	0.547101	264.593750	323.031250
1	22.897000	0.522319	264.250000	323.687500
1	22.928000	0.797681	269.037506	321.037506
1	22.959000	0.497246	263.968750	325.093750
1	22.990000	0.797101	268.000000	321.500000
0	23.022000	0.521739	264.500000	324.000000
0	23.053000	0.560290	264.750000	323.987488
0	23.084000	0.695652	266.000000	321.500000
0	23.131000	0.731449	266.743744	322.631256
0	23.162000	0.733768	266.506256	321.756256
1	23.193000	0.516232	263.537506	323.912506
0	23.224000	0.744493	267.693756	322.731232
1	23.256000	0.526667	263.437500	324.562500
0	23.287000	0.757971	267.462402	321.387512
1	23.318000	0.827101	268.556244	321.506256
1	23.365000	0.540290	263.524994	324.475006
1	23.396000	0.527536	264.000000	324.000000
0	23.427000	0.745507	266.712494	321.649994
0	23.458000	0.540290	264.274994	324.475006
0	23.490000	0.755362	267.600006	321.524994
0	23.521000	0.562464	263.993774	324.943726
0	23.552000	0.746667	266.399994	321.600006
1	23.599000	0.865797	269.187500	322.062500
1	23.630000	0.540725	263.531250	323.856262
0	23.661000	0.742898	266.312500	320.312500
0	23.692000	0.713623	266.750000	320.937500
1	23.724000	0.529275	263.600006	324.162506
1	23.755000	0.537681	263.750000	324.000000
0	23.786000	0.781884	267.768738	321.268738
1	23.817000	0.529420	263.618744	324.318756
1	23.864000	0.848985	268.787506	321.787506
0	23.895000	0.546667	263.162506	323.100006
1	23.926000	0.548841	264.131256	323.918732
1	23.958000	0.800000	268.250000	321.250000
0	23.989000	0.525072	264.318756	324.181244
1	24.020000	0.540725	263.531250	323.531250
1	24.051000	0.521739	265.000000	324.500000
1	24.098000	0.512899	263.881256	324.118744
0	24.129000	0.682319	266.487488	321.487488
1	24.160000	0.797246	268.031250	321.031250
1	24.192000	0.518986	263.918762	323.581238
1	24.223000	0.690145	265.962616	321.024994
0	24.254000	0.550145	264.850006	322.850006
1	24.285000	0.765217	268.000000	321.500000
1	24.332000	0.794203	269.000000	321.000000
1	24.363000	0.522899	264.475006	323.774994
0	24.394000	0.521739	264.500000	324.000000
1	24.426000	0.504493	264.006256	323.006256
0	24.457000	0.556522	265.000000	324.500000
1	24.488000	0.521739	263.500000	324.000000
1	24.519000	0.521015	264.268738	324.268738
0	24.550000	0.500725	263.906250	323.918762
1	24.597000	0.540725	264.281250	323.531250
1	24.628000	0.527246	263.537506	323.287506
1	24.660000	0.832029	269.468750	320.531250
0	24.691000	0.466812	263.531250	322.781250
0	24.722000	0.610290	265.468750	322.593750
0	24.753000	0.481159	265.000000	323.500000
1	24.784000	0.718406	267.568756	320.681244
1	24.831000	0.796232	269.062500	321.062500
1	24.862000	0.823188	268.000000	321.500000
0	24.894000	0.487681	264.018738	323.731262
1	24.925000	0.765217	269.000000	321.500000
0	24.956000	0.477681	264.375000	323.625000
0	24.987000	0.782609	268.000000	321.000000
1	25.018000	0.792029	268.643738	321.156250
0	25.065000	0.498985	264.106232	323.068756
1	25.096000	0.792464	268.849945	321.024994
1	25.128000	0.528985	264.424988	323.437500
1	25.159000	0.508696	263.875000	323.625000
0	25.190000	0.782464	268.118744	321.256256
1	25.221000	0.495072	263.924988	323.875000
1	25.252000	0.801159	268.024994	321.475006
0	25.284000	0.498985	263.931244	324.431244
1	25.330000	0.800000	267.500000	322.000000
1	25.362000	0.811884	268.662506	321.712494
1	25.393000	0.823188	268.000000	321.500000
0	25.424000	0.796232	268.937500	321.062500
1	25.455000	0.489855	263.937500	322.937500
0	25.486000	0.794058	269.093719	320.993744
1	25.518000	0.540725	264.468750	323.468750
0	25.564000	0.652754	266.125000	321.937500
1	25.596000	0.814927	268.331238	321.768738
1	25.627000	0.803623	269.031250	321.156250
1	25.658000	0.526667	263.562500	324.312500
1	25.689000	0.823188	268.000000	319.500000
0	25.720000	0.760290	268.562500	321.562500
0	25.752000	0.521739	264.500000	323.000000
0	25.798000	0.633189	265.906403	321.093719
1	25.830000	0.840145	270.318756	320.318756
0	25.861000	0.501449	264.500000	323.000000
1	25.892000	0.814203	269.287506	321.312469
0	25.923000	0.759855	267.556244	321.318756
0	25.954000	0.538116	265.443756	323.556244
0	25.986000	0.468986	265.187500	324.500000
1	26.017000	0.505072	264.981262	324.018738
0	26.064000	0.539710	264.250000	323.500000
1	26.095000	0.800000	268.500000	321.000000
1	26.126000	0.527101	264.443756	323.631256
0	26.157000	0.690290	267.568756	319.981232
1	26.188000	0.644203	266.981262	321.468750
1	26.220000	0.753188	268.681244	320.318756
1	26.251000	0.522899	265.475006	323.225006
1	26.298000	0.504493	265.368744	323.006256
0	26.329000	0.583768	266.100006	320.899994
1	26.360000	0.478261	265.250000	322.250000
0	26.391000	0.596232	266.437500	320.687500
1	26.422000	0.521594	265.543732	322.493744
1	26.454000	0.495797	265.881256	323.181244
1	26.485000	0.514928	265.593750	323.281250
1	26.532000	0.631594	266.850006	321.412506
0	26.563000	0.351594	274.937500	314.437500
0	26.594000	0.650290	267.418762	320.393738
1	26.625000	0.764638	268.500000	320.250000
1	26.656000	0.502754	265.718750	323.718750
1	26.688000	0.365217	274.500000	313.500000
1	26.719000	0.489130	265.506317	324.043732
0	26.750000	0.653623	267.112488	320.887512
0	26.797000	0.705507	267.787506	321.100006
0	26.828000	0.724493	268.093811	320.231323
0	26.859000	0.746377	268.762512	319.262512
0	26.890000	0.489710	265.093750	324.093750
1	26.922000	0.498551	265.500000	325.000000
0	26.953000	0.716232	267.962494	319.850006
0	26.984000	0.701449	267.150177	320.925079
1	27.015000	0.521739	265.000000	324.500000
0	27.062000	0.696232	267.000000	320.000000
1	27.093000	0.521015	265.518738	324.518738
1	27.124000	0.525942	265.306244	324.693756
0	27.156000	0.904348	270.625000	319.625000
0	27.187000	0.914203	271.100006	319.649994
1	27.218000	0.979420	272.162506	320.162506
1	27.249000	0.495797	264.881256	324.868744
0	27.296000	0.870725	270.475006	318.475006
0	27.327000	0.914203	270.337494	318.337494
1	27.358000	1.059710	272.212494	320.962494
1	27.390000	1.052754	272.375000	321.125000
1	27.421000	1.033768	272.493744	321.168732
0	27.452000	0.930435	269.250000	318.500000
0	27.483000	0.957102	269.750000	318.750000
1	27.530000	1.087536	272.125000	320.062500
1	27.561000	1.100145	272.056244	320.306244
0	27.592000	0.941449	270.549988	317.575012
1	27.624000	1.098406	272.156250	320.718750
1	27.655000	1.108551	271.806244	320.743744
1	27.686000	1.147826	271.500000	321.000000
1	27.717000	1.146232	271.781250	321.281250
1	27.748000	1.126667	272.062500	321.062500
1	27.795000	1.154928	271.968750	320.406250
1	27.826000	1.194203	275.000000	322.500000
1	27.858000	1.156522	272.812500	320.687500
1	27.889000	1.164203	272.818756	321.681244
1	27.920000	1.176667	272.956238	321.331238
1	27.951000	1.182754	272.493744	322.043732
1	27.982000	1.202754	272.031250	321.968750
1	28.029000	1.185942	271.981232	321.556244
1	28.060000	1.194638	271.856262	322.081238
1	28.092000	1.217971	272.062500	321.625000
1	28.123000	1.203768	270.987488	320.312500
1	28.154000	1.232029	270.468750	320.106262
1	28.185000	1.217246	270.868744	319.368744
1	28.216000	1.224493	271.418762	319.281250
1	28.263000	1.223188	271.125000	319.625000
1	28.294000	1.217391	271.000000	320.500000
1	28.326000	1.238406	271.543762	320.406250
1	28.357000	1.231159	272.293762	320.093750
1	28.388000	1.228841	272.331238	320.093750
1	28.419000	1.239710	272.562500	319.437500
1	28.450000	1.228841	272.843750	320.156250
1	28.482000	1.244058	272.500000	320.125000
1	28.528000	1.239710	273.562500	319.562500
1	28.560000	1.243478	273.750000	319.750000
1	28.591000	1.238551	274.812500	319.437500
1	28.622000	1.252174	276.062500	320.687500
1	28.653000	1.243623	276.693756	322.943756
1	28.684000	1.239710	276.375000	324.812500
1	28.716000	1.230580	276.318756	325.881256
1	28.762000	1.242319	277.725006	328.350006
1	28.794000	1.275362	277.875000	329.362488
1	28.825000	1.251594	277.625000	328.562500
1	28.856000	1.266232	277.131256	327.381256
1	28.887000	1.286957	279.000000	326.500000
1	28.918000	1.272754	277.162506	325.162506
1	28.950000	1.277681	278.125000	324.875000
1	28.996000	1.267971	277.906250	324.731262
1	29.028000	1.286957	275.000000	322.500000
1	29.059000	1.272899	276.868744	323.118744
1	29.090000	1.242319	276.537506	323.274994
1	29.121000	1.278841	276.000000	323.250000
1	29.152000	1.294638	274.943756	324.118744
1	29.184000	1.285797	268.024994	325.024994
1	29.215000	1.283188	266.062500	325.812500
1	29.262000	1.285942	265.006256	325.443756
1	29.293000	1.281594	267.006256	325.418793
1	29.324000	1.278841	265.250000	324.375000
1	29.355000	1.249420	261.468750	320.531250
1	29.386000	1.298551	258.000000	320.500000
1	29.418000	1.251594	255.375000	321.625000
1	29.449000	1.284638	253.837494	320.975006
1	29.496000	1.268406	251.824982	320.100006
1	29.527000	1.257246	248.581238	319.581238
1	29.558000	1.222319	246.562500	317.437500
1	29.589000	1.261014	246.443756	315.306244
1	29.620000	0.983188	235.125000	320.125000
0	29.652000	1.147826	235.500000	321.000000
1	29.683000	0.967971	233.468750	319.956238
1	29.730000	1.235942	237.725006	325.350006
1	29.761000	1.240145	236.368744	328.231232
0	29.792000	0.985507	235.000000	320.500000
1	29.823000	1.242464	239.443756	316.256256
0	29.854000	1.008696	235.000000	310.500000
0	29.886000	1.104203	233.743744	310.681244
1	29.917000	1.089710	227.156250	315.906250
1	29.948000	1.134058	226.750000	318.250000
1	29.995000	1.008696	226.000000	313.500000
<\RIGHT-PUPIL-DATA>
<LEFT-PUPIL-DATA>
902	0
0	-0.066000	13.913043	240.000000	320.000000
0	-0.035000	13.913043	240.000000	320.000000
0	-0.004000	13.913043	240.000000	320.000000
0	0.028000	13.913043	240.000000	320.000000
0	0.074000	13.913043	240.000000	320.000000
0	0.106000	13.913043	240.000000	320.000000
0	0.137000	13.913043	240.000000	320.000000
0	0.168000	13.913043	240.000000	320.000000
0	0.199000	13.913043	240.000000	320.000000
0	0.230000	13.913043	240.000000	320.000000
0	0.262000	13.913043	240.000000	320.000000
0	0.308000	13.913043	240.000000	320.000000
0	0.340000	13.913043	240.000000	320.000000
0	0.371000	13.913043	240.000000	320.000000
0	0.402000	13.913043	240.000000	320.000000
0	0.433000	13.913043	240.000000	320.000000
0	0.464000	13.913043	240.000000	320.000000
0	0.496000	13.913043	240.000000	320.000000
0	0.527000	13.913043	240.000000	320.000000
0	0.574000	13.913043	240.000000	320.000000
0	0.605000	13.913043	240.000000	320.000000
0	0.636000	13.913043	240.000000	320.000000
0	0.667000	13.913043	240.000000	320.000000
0	0.698000	13.913043	240.000000	320.000000
0	0.730000	13.913043	240.000000	320.000000
0	0.761000	13.913043	240.000000	320.000000
0	0.808000	13.913043	240.000000	320.000000
0	0.839000	13.913043	240.000000	320.000000
0	0.870000	13.913043	240.000000	320.000000
0	0.901000	13.913043	240.000000	320.000000
0	0.932000	13.913043	240.000000	320.000000
0	0.964000	13.913043	240.000000	320.000000
0	0.995000	13.913043	240.000000	320.000000
0	1.042000	13.913043	240.000000	320.000000
0	1.073000	13.913043	240.000000	320.000000
0	1.104000	13.913043	240.000000	320.000000
0	1.135000	13.913043	240.000000	320.000000
0	1.166000	13.913043	240.000000	320.000000
0	1.198000	13.913043	240.000000	320.000000
0	1.229000	13.913043	240.000000	320.000000
0	1.260000	13.913043	240.000000	320.000000
0	1.307000	13.913043	240.000000	320.000000
0	1.338000	13.913043	240.000000	320.000000
0	1.369000	13.913043	240.000000	320.000000
0	1.400000	13.913043	240.000000	320.000000
0	1.432000	13.913043	240.000000	320.000000
0	1.463000	13.913043	240.000000	320.000000
0	1.494000	13.913043	240.000000	320.000000
0	1.541000	13.913043	240.000000	320.000000
0	1.572000	13.913043	240.000000	320.000000
0	1.603000	13.913043	240.000000	320.000000
0	1.634000	13.913043	240.000000	320.000000
0	1.666000	13.913043	240.000000	320.000000
0	1.697000	13.913043	240.000000	320.000000
0	1.728000	13.913043	240.000000	320.000000
0	1.775000	13.913043	240.000000	320.000000
0	1.806000	13.913043	240.000000	320.000000
0	1.837000	13.913043	240.000000	320.000000
0	1.868000	13.913043	240.000000	320.000000
0	1.900000	13.913043	240.000000	320.000000
0	1.931000	13.913043	240.000000	320.000000
0	1.962000	13.913043	240.000000	320.000000
0	1.993000	13.913043	240.000000	320.000000
0	2.040000	13.913043	240.000000	320.000000
0	2.071000	13.913043	240.000000	320.000000
0	2.102000	13.913043	240.000000	320.000000
0	2.134000	13.913043	240.000000	320.000000
0	2.165000	13.913043	240.000000	320.000000
0	2.196000	13.913043	240.000000	320.000000
0	2.227000	13.913043	240.000000	320.000000
0	2.274000	13.913043	240.000000	320.000000
0	2.305000	13.913043	240.000000	320.000000
0	2.336000	13.913043	240.000000	320.000000
0	2.368000	13.913043	240.000000	320.000000
0	2.399000	13.913043	240.000000	320.000000
0	2.430000	13.913043	240.000000	320.000000
0	2.461000	13.913043	240.000000	320.000000
0	2.508000	13.913043	240.000000	320.000000
0	2.539000	13.913043	240.000000	320.000000
0	2.570000	13.913043	240.000000	320.000000
0	2.602000	13.913043	240.000000	320.000000
0	2.633000	13.913043	240.000000	320.000000
0	2.664000	13.913043	240.000000	320.000000
0	2.695000	13.913043	240.000000	320.000000
0	2.726000	13.913043	240.000000	320.000000
0	2.773000	13.913043	240.000000	320.000000
0	2.804000	13.913043	240.000000	320.000000
0	2.836000	13.913043	240.000000	320.000000
0	2.867000	13.913043	240.000000	320.000000
0	2.898000	13.913043	240.000000	320.000000
0	2.929000	13.913043	240.000000	320.000000
0	2.960000	13.913043	240.000000	320.000000
0	3.007000	13.913043	240.000000	320.000000
0	3.038000	13.913043	240.000000	320.000000
0	3.070000	13.913043	240.000000	320.000000
0	3.101000	13.913043	240.000000	320.000000
0	3.132000	13.913043	240.000000	320.000000
0	3.163000	13.913043	240.000000	320.000000
0	3.194000	13.913043	240.000000	320.000000
0	3.241000	13.913043	240.000000	320.000000
0	3.272000	13.913043	240.000000	320.000000
0	3.304000	13.913043	240.000000	320.000000
0	3.335000	13.913043	240.000000	320.000000
0	3.366000	13.913043	240.000000	320.000000
0	3.397000	13.913043	240.000000	320.000000
0	3.428000	13.913043	240.000000	320.000000
0	3.460000	13.913043	240.000000	320.000000
0	3.506000	13.913043	240.000000	320.000000
0	3.538000	13.913043	240.000000	320.000000
0	3.569000	13.913043	240.000000	320.000000
0	3.600000	13.913043	240.000000	320.000000
0	3.631000	13.913043	240.000000	320.000000
0	3.662000	13.913043	240.000000	320.000000
0	3.694000	13.913043	240.000000	320.000000
0	3.740000	13.913043	240.000000	320.000000
0	3.772000	13.913043	240.000000	320.000000
0	3.803000	13.913043	240.000000	320.000000
0	3.834000	13.913043	240.000000	320.000000
0	3.865000	13.913043	240.000000	320.000000
0	3.896000	13.913043	240.000000	320.000000
0	3.928000	13.913043	240.000000	320.000000
0	3.959000	13.913043	240.000000	320.000000
0	4.006000	13.913043	240.000000	320.000000
0	4.037000	13.913043	240.000000	320.000000
0	4.068000	13.913043	240.000000	320.000000
0	4.099000	13.913043	240.000000	320.000000
0	4.130000	13.913043	240.000000	320.000000
0	4.162000	13.913043	240.000000	320.000000
0	4.193000	13.913043	240.000000	320.000000
0	4.240000	13.913043	240.000000	320.000000
0	4.271000	13.913043	240.000000	320.000000
0	4.302000	13.913043	240.000000	320.000000
0	4.333000	13.913043	240.000000	320.000000
0	4.364000	13.913043	240.000000	320.000000
0	4.396000	13.913043	240.000000	320.000000
0	4.427000	13.913043	240.000000	320.000000
0	4.474000	13.913043	240.000000	320.000000
0	4.505000	13.913043	240.000000	320.000000
0	4.536000	13.913043	240.000000	320.000000
0	4.567000	13.913043	240.000000	320.000000
0	4.598000	13.913043	240.000000	320.000000
0	4.630000	13.913043	240.000000	320.000000
0	4.661000	13.913043	240.000000	320.000000
0	4.692000	13.913043	240.000000	320.000000
0	4.739000	13.913043	240.000000	320.000000
0	4.770000	13.913043	240.000000	320.000000
0	4.801000	13.913043	240.000000	320.000000
0	4.832000	13.913043	240.000000	320.000000
0	4.864000	13.913043	240.000000	320.000000
0	4.895000	13.913043	240.000000	320.000000
0	4.926000	13.913043	240.000000	320.000000
0	4.973000	13.913043	240.000000	320.000000
0	5.004000	13.913043	240.000000	320.000000
0	5.035000	13.913043	240.000000	320.000000
0	5.066000	13.913043	240.000000	320.000000
0	5.098000	13.913043	240.000000	320.000000
0	5.129000	13.913043	240.000000	320.000000
0	5.160000	13.913043	240.000000	320.000000
0	5.207000	13.913043	240.000000	320.000000
0	5.238000	13.913043	240.000000	320.000000
0	5.269000	13.913043	240.000000	320.000000
0	5.300000	13.913043	240.000000	320.000000
0	5.332000	13.913043	240.000000	320.000000
0	5.363000	13.913043	240.000000	320.000000
0	5.394000	13.913043	240.000000	320.000000
0	5.425000	13.913043	240.000000	320.000000
0	5.472000	13.913043	240.000000	320.000000
0	5.503000	13.913043	240.000000	320.000000
0	5.534000	13.913043	240.000000	320.000000
0	5.566000	13.913043	240.000000	320.000000
0	5.597000	13.913043	240.000000	320.000000
0	5.628000	13.913043	240.000000	320.000000
0	5.659000	13.913043	240.000000	320.000000
0	5.706000	13.913043	240.000000	320.000000
0	5.737000	13.913043	240.000000	320.000000
0	5.768000	13.913043	240.000000	320.000000
0	5.800000	13.913043	240.000000	320.000000
0	5.831000	13.913043	240.000000	320.000000
0	5.862000	13.913043	240.000000	320.000000
0	5.893000	13.913043	240.000000	320.000000
0	5.924000	13.913043	240.000000	320.000000
0	5.971000	13.913043	240.000000	320.000000
0	6.002000	13.913043	240.000000	320.000000
0	6.034000	13.913043	240.000000	320.000000
0	6.065000	13.913043	240.000000	320.000000
0	6.096000	13.913043	240.000000	320.000000
0	6.127000	13.913043	240.000000	320.000000
0	6.158000	13.913043	240.000000	320.000000
0	6.205000	13.913043	240.000000	320.000000
0	6.236000	13.913043	240.000000	320.000000
0	6.268000	13.913043	240.000000	320.000000
0	6.299000	13.913043	240.000000	320.000000
0	6.330000	13.913043	240.000000	320.000000
0	6.361000	13.913043	240.000000	320.000000
0	6.392000	13.913043	240.000000	320.000000
0	6.439000	13.913043	240.000000	320.000000
0	6.470000	13.913043	240.000000	320.000000
0	6.502000	13.913043	240.000000	320.000000
0	6.533000	13.913043	240.000000	320.000000
0	6.564000	13.913043	240.000000	320.000000
0	6.595000	13.913043	240.000000	320.000000
0	6.626000	13.913043	240.000000	320.000000
0	6.658000	13.913043	240.000000	320.000000
0	6.704000	13.913043	240.000000	320.000000
0	6.736000	13.913043	240.000000	320.000000
0	6.767000	13.913043	240.000000	320.000000
0	6.798000	13.913043	240.000000	320.000000
0	6.829000	13.913043	240.000000	320.000000
0	6.860000	13.913043	240.000000	320.000000
0	6.892000	13.913043	240.000000	320.000000
0	6.938000	13.913043	240.000000	320.000000
0	6.970000	13.913043	240.000000	320.000000
0	7.001000	13.913043	240.000000	320.000000
0	7.032000	13.913043	240.000000	320.000000
0	7.063000	13.913043	240.000000	320.000000
0	7.094000	13.913043	240.000000	320.000000
0	7.126000	13.913043	240.000000	320.000000
0	7.172000	13.913043	240.000000	320.000000
0	7.204000	13.913043	240.000000	320.000000
0	7.235000	13.913043	240.000000	320.000000
0	7.266000	13.913043	240.000000	320.000000
0	7.297000	13.913043	240.000000	320.000000
0	7.328000	13.913043	240.000000	320.000000
0	7.360000	13.913043	240.000000	320.000000
0	7.391000	13.913043	240.000000	320.000000
0	7.438000	13.913043	240.000000	320.000000
0	7.469000	13.913043	240.000000	320.000000
0	7.500000	13.913043	240.000000	320.000000
0	7.531000	13.913043	240.000000	320.000000
0	7.562000	13.913043	240.000000	320.000000
0	7.594000	13.913043	240.000000	320.000000
0	7.625000	13.913043	240.000000	320.000000
0	7.672000	13.913043	240.000000	320.000000
0	7.703000	13.913043	240.000000	320.000000
0	7.734000	13.913043	240.000000	320.000000
0	7.765000	13.913043	240.000000	320.000000
0	7.796000	13.913043	240.000000	320.000000
0	7.828000	13.913043	240.000000	320.000000
0	7.859000	13.913043	240.000000	320.000000
0	7.890000	13.913043	240.000000	320.000000
0	7.937000	13.913043	240.000000	320.000000
0	7.968000	13.913043	240.000000	320.000000
0	7.999000	13.913043	240.000000	320.000000
0	8.030000	13.913043	240.000000	320.000000
0	8.062000	13.913043	240.000000	320.000000
0	8.093000	13.913043	240.000000	320.000000
0	8.124000	13.913043	240.000000	320.000000
0	8.171000	13.913043	240.000000	320.000000
0	8.202000	13.913043	240.000000	320.000000
0	8.233000	13.913043	240.000000	320.000000
0	8.264000	13.913043	240.000000	320.000000
0	8.296000	13.913043	240.000000	320.000000
0	8.327000	13.913043	240.000000	320.000000
0	8.358000	13.913043	240.000000	320.000000
0	8.405000	13.913043	240.000000	320.000000
0	8.436000	13.913043	240.000000	320.000000
0	8.467000	13.913043	240.000000	320.000000
0	8.498000	13.913043	240.000000	320.000000
0	8.530000	13.913043	240.000000	320.000000
0	8.561000	13.913043	240.000000	320.000000
0	8.592000	13.913043	240.000000	320.000000
0	8.623000	13.913043	240.000000	320.000000
0	8.670000	13.913043	240.000000	320.000000
0	8.701000	13.913043	240.000000	320.000000
0	8.732000	13.913043	240.000000	320.000000
0	8.764000	13.913043	240.000000	320.000000
0	8.795000	13.913043	240.000000	320.000000
0	8.826000	13.913043	240.000000	320.000000
0	8.857000	13.913043	240.000000	320.000000
0	8.904000	13.913043	240.000000	320.000000
0	8.935000	13.913043	240.000000	320.000000
0	8.966000	13.913043	240.000000	320.000000
0	8.998000	13.913043	240.000000	320.000000
0	9.029000	13.913043	240.000000	320.000000
0	9.060000	13.913043	240.000000	320.000000
0	9.091000	13.913043	240.000000	320.000000
0	9.138000	13.913043	240.000000	320.000000
0	9.169000	13.913043	240.000000	320.000000
0	9.200000	13.913043	240.000000	320.000000
0	9.232000	13.913043	240.000000	320.000000
0	9.263000	13.913043	240.000000	320.000000
0	9.294000	13.913043	240.000000	320.000000
0	9.325000	13.913043	240.000000	320.000000
0	9.356000	13.913043	240.000000	320.000000
0	9.403000	13.913043	240.000000	320.000000
0	9.434000	13.913043	240.000000	320.000000
0	9.466000	13.913043	240.000000	320.000000
0	9.497000	13.913043	240.000000	320.000000
0	9.528000	13.913043	240.000000	320.000000
0	9.559000	13.913043	240.000000	320.000000
0	9.590000	13.913043	240.000000	320.000000
0	9.637000	13.913043	240.000000	320.000000
0	9.668000	13.913043	240.000000	320.000000
0	9.700000	13.913043	240.000000	320.000000
0	9.731000	13.913043	240.000000	320.000000
0	9.762000	13.913043	240.000000	320.000000
0	9.793000	13.913043	240.000000	320.000000
0	9.824000	13.913043	240.000000	320.000000
0	9.871000	13.913043	240.000000	320.000000
0	9.902000	13.913043	240.000000	320.000000
0	9.934000	13.913043	240.000000	320.000000
0	9.965000	13.913043	240.000000	320.000000
0	9.996000	13.913043	240.000000	320.000000
0	10.027000	13.913043	240.000000	320.000000
0	10.058000	13.913043	240.000000	320.000000
0	10.090000	13.913043	240.000000	320.000000
0	10.136000	13.913043	240.000000	320.000000
0	10.168000	13.913043	240.000000	320.000000
0	10.199000	13.913043	240.000000	320.000000
0	10.230000	13.913043	240.000000	320.000000
0	10.261000	13.913043	240.000000	320.000000
0	10.292000	13.913043	240.000000	320.000000
0	10.324000	13.913043	240.000000	320.000000
0	10.370000	13.913043	240.000000	320.000000
0	10.402000	13.913043	240.000000	320.000000
0	10.433000	13.913043	240.000000	320.000000
0	10.464000	13.913043	240.000000	320.000000
0	10.495000	13.913043	240.000000	320.000000
0	10.526000	13.913043	240.000000	320.000000
0	10.558000	13.913043	240.000000	320.000000
0	10.604000	13.913043	240.000000	320.000000
0	10.636000	13.913043	240.000000	320.000000
0	10.667000	13.913043	240.000000	320.000000
0	10.698000	13.913043	240.000000	320.000000
0	10.729000	13.913043	240.000000	320.000000
0	10.760000	13.913043	240.000000	320.000000
0	10.792000	13.913043	240.000000	320.000000
0	10.823000	13.913043	240.000000	320.000000
0	10.870000	13.913043	240.000000	320.000000
0	10.901000	13.913043	240.000000	320.000000
0	10.932000	13.913043	240.000000	320.000000
0	10.963000	13.913043	240.000000	320.000000
0	10.994000	13.913043	240.000000	320.000000
0	11.026000	13.913043	240.000000	320.000000
0	11.057000	13.913043	240.000000	320.000000
0	11.104000	13.913043	240.000000	320.000000
0	11.135000	13.913043	240.000000	320.000000
0	11.166000	13.913043	240.000000	320.000000
0	11.197000	13.913043	240.000000	320.000000
0	11.228000	13.913043	240.000000	320.000000
0	11.260000	13.913043	240.000000	320.000000
0	11.291000	13.913043	240.000000	320.000000
0	11.322000	13.913043	240.000000	320.000000
0	11.369000	13.913043	240.000000	320.000000
0	11.400000	13.913043	240.000000	320.000000
0	11.431000	13.913043	240.000000	320.000000
0	11.462000	13.913043	240.000000	320.000000
0	11.494000	13.913043	240.000000	320.000000
0	11.525000	13.913043	240.000000	320.000000
0	11.556000	13.913043	240.000000	320.000000
0	11.603000	13.913043	240.000000	320.000000
0	11.634000	13.913043	240.000000	320.000000
0	11.665000	13.913043	240.000000	320.000000
0	11.696000	13.913043	240.000000	320.000000
0	11.728000	13.913043	240.000000	320.000000
0	11.759000	13.913043	240.000000	320.000000
0	11.790000	13.913043	240.000000	320.000000
0	11.821000	13.913043	240.000000	320.000000
0	11.868000	13.913043	240.000000	320.000000
0	11.899000	13.913043	240.000000	320.000000
0	11.930000	13.913043	240.000000	320.000000
0	11.962000	13.913043	240.000000	320.000000
0	11.993000	13.913043	240.000000	320.000000
0	12.024000	13.913043	240.000000	320.000000
0	12.055000	13.913043	240.000000	320.000000
0	12.102000	13.913043	240.000000	320.000000
0	12.133000	13.913043	240.000000	320.000000
0	12.164000	13.913043	240.000000	320.000000
0	12.196000	13.913043	240.000000	320.000000
0	12.227000	13.913043	240.000000	320.000000
0	12.258000	13.913043	240.000000	320.000000
0	12.289000	13.913043	240.000000	320.000000
0	12.336000	13.913043	240.000000	320.000000
0	12.367000	13.913043	240.000000	320.000000
0	12.398000	13.913043	240.000000	320.000000
0	12.430000	13.913043	240.000000	320.000000
0	12.461000	13.913043	240.000000	320.000000
0	12.492000	13.913043	240.000000	320.000000
0	12.523000	13.913043	240.000000	320.000000
0	12.554000	13.913043	240.000000	320.000000
0	12.601000	13.913043	240.000000	320.000000
0	12.632000	13.913043	240.000000	320.000000
0	12.664000	13.913043	240.000000	320.000000
0	12.695000	13.913043	240.000000	320.000000
0	12.726000	13.913043	240.000000	320.000000
0	12.757000	13.913043	240.000000	320.000000
0	12.788000	13.913043	240.000000	320.000000
0	12.835000	13.913043	240.000000	320.000000
0	12.866000	13.913043	240.000000	320.000000
0	12.898000	13.913043	240.000000	320.000000
0	12.929000	13.913043	240.000000	320.000000
0	12.960000	13.913043	240.000000	320.000000
0	12.991000	13.913043	240.000000	320.000000
0	13.022000	13.913043	240.000000	320.000000
0	13.069000	13.913043	240.000000	320.000000
0	13.100000	13.913043	240.000000	320.000000
0	13.132000	13.913043	240.000000	320.000000
0	13.163000	13.913043	240.000000	320.000000
0	13.194000	13.913043	240.000000	320.000000
0	13.225000	13.913043	240.000000	320.000000
0	13.256000	13.913043	240.000000	320.000000
0	13.288000	13.913043	240.000000	320.000000
0	13.334000	13.913043	240.000000	320.000000
0	13.366000	13.913043	240.000000	320.000000
0	13.397000	13.913043	240.000000	320.000000
0	13.428000	13.913043	240.000000	320.000000
0	13.459000	13.913043	240.000000	320.000000
0	13.490000	13.913043	240.000000	320.000000
0	13.522000	13.913043	240.000000	320.000000
0	13.568000	13.913043	240.000000	320.000000
0	13.600000	13.913043	240.000000	320.000000
0	13.631000	13.913043	240.000000	320.000000
0	13.662000	13.913043	240.000000	320.000000
0	13.693000	13.913043	240.000000	320.000000
0	13.724000	13.913043	240.000000	320.000000
0	13.756000	13.913043	240.000000	320.000000
0	13.802000	13.913043	240.000000	320.000000
0	13.834000	13.913043	240.000000	320.000000
0	13.865000	13.913043	240.000000	320.000000
0	13.896000	13.913043	240.000000	320.000000
0	13.927000	13.913043	240.000000	320.000000
0	13.958000	13.913043	240.000000	320.000000
0	13.990000	13.913043	240.000000	320.000000
0	14.021000	13.913043	240.000000	320.000000
0	14.068000	13.913043	240.000000	320.000000
0	14.099000	13.913043	240.000000	320.000000
0	14.130000	13.913043	240.000000	320.000000
0	14.161000	13.913043	240.000000	320.000000
0	14.192000	13.913043	240.000000	320.000000
0	14.224000	13.913043	240.000000	320.000000
0	14.255000	13.913043	240.000000	320.000000
0	14.302000	13.913043	240.000000	320.000000
0	14.333000	13.913043	240.000000	320.000000
0	14.364000	13.913043	240.000000	320.000000
0	14.395000	13.913043	240.000000	320.000000
0	14.426000	13.913043	240.000000	320.000000
0	14.458000	13.913043	240.000000	320.000000
0	14.489000	13.913043	240.000000	320.000000
0	14.536000	13.913043	240.000000	320.000000
0	14.567000	13.913043	240.000000	320.000000
0	14.598000	13.913043	240.000000	320.000000
0	14.629000	13.913043	240.000000	320.000000
0	14.660000	13.913043	240.000000	320.000000
0	14.692000	13.913043	240.000000	320.000000
0	14.723000	13.913043	240.000000	320.000000
0	14.754000	13.913043	240.000000	320.000000
0	14.801000	13.913043	240.000000	320.000000
0	14.832000	13.913043	240.000000	320.000000
0	14.863000	13.913043	240.000000	320.000000
0	14.894000	13.913043	240.000000	320.000000
0	14.926000	13.913043	240.000000	320.000000
0	14.957000	13.913043	240.000000	320.000000
0	14.988000	13.913043	240.000000	320.000000
0	15.035000	13.913043	240.000000	320.000000
0	15.066000	13.913043	240.000000	320.000000
0	15.097000	13.913043	240.000000	320.000000
0	15.128000	13.913043	240.000000	320.000000
0	15.160000	13.913043	240.000000	320.000000
0	15.191000	13.913043	240.000000	320.000000
0	15.222000	13.913043	240.000000	320.000000
0	15.269000	13.913043	240.000000	320.000000
0	15.300000	13.913043	240.000000	320.000000
0	15.331000	13.913043	240.000000	320.000000
0	15.362000	13.913043	240.000000	320.000000
0	15.394000	13.913043	240.000000	320.000000
0	15.425000	13.913043	240.000000	320.000000
0	15.456000	13.913043	240.000000	320.000000
0	15.487000	13.913043	240.000000	320.000000
0	15.534000	13.913043	240.000000	320.000000
0	15.565000	13.913043	240.000000	320.000000
0	15.596000	13.913043	240.000000	320.000000
0	15.628000	13.913043	240.000000	320.000000
0	15.659000	13.913043	240.000000	320.000000
0	15.690000	13.913043	240.000000	320.000000
0	15.721000	13.913043	240.000000	320.000000
0	15.752000	13.913043	240.000000	320.000000
0	15.799000	13.913043	240.000000	320.000000
0	15.830000	13.913043	240.000000	320.000000
0	15.862000	13.913043	240.000000	320.000000
0	15.893000	13.913043	240.000000	320.000000
0	15.924000	13.913043	240.000000	320.000000
0	15.955000	13.913043	240.000000	320.000000
0	15.986000	13.913043	240.000000	320.000000
0	16.033000	13.913043	240.000000	320.000000
0	16.065000	13.913043	240.000000	320.000000
0	16.096000	13.913043	240.000000	320.000000
0	16.127000	13.913043	240.000000	320.000000
0	16.158000	13.913043	240.000000	320.000000
0	16.189000	13.913043	240.000000	320.000000
0	16.221000	13.913043	240.000000	320.000000
0	16.267000	13.913043	240.000000	320.000000
0	16.299000	13.913043	240.000000	320.000000
0	16.330000	13.913043	240.000000	320.000000
0	16.361000	13.913043	240.000000	320.000000
0	16.392000	13.913043	240.000000	320.000000
0	16.423000	13.913043	240.000000	320.000000
0	16.455000	13.913043	240.000000	320.000000
0	16.486000	13.913043	240.000000	320.000000
0	16.533000	13.913043	240.000000	320.000000
0	16.564000	13.913043	240.000000	320.000000
0	16.595000	13.913043	240.000000	320.000000
0	16.626000	13.913043	240.000000	320.000000
0	16.657000	13.913043	240.000000	320.000000
0	16.689000	13.913043	240.000000	320.000000
0	16.720000	13.913043	240.000000	320.000000
0	16.767000	13.913043	240.000000	320.000000
0	16.798000	13.913043	240.000000	320.000000
0	16.829000	13.913043	240.000000	320.000000
0	16.860000	13.913043	240.000000	320.000000
0	16.891000	13.913043	240.000000	320.000000
0	16.923000	13.913043	240.000000	320.000000
0	16.954000	13.913043	240.000000	320.000000
0	17.001000	13.913043	240.000000	320.000000
0	17.032000	13.913043	240.000000	320.000000
0	17.063000	13.913043	240.000000	320.000000
0	17.094000	13.913043	240.000000	320.000000
0	17.125000	13.913043	240.000000	320.000000
0	17.157000	13.913043	240.000000	320.000000
0	17.188000	13.913043	240.000000	320.000000
0	17.219000	13.913043	240.000000	320.000000
0	17.266000	13.913043	240.000000	320.000000
0	17.297000	13.913043	240.000000	320.000000
0	17.328000	13.913043	240.000000	320.000000
0	17.359000	13.913043	240.000000	320.000000
0	17.391000	13.913043	240.000000	320.000000
0	17.422000	13.913043	240.000000	320.000000
0	17.453000	13.913043	240.000000	320.000000
0	17.500000	13.913043	240.000000	320.000000
0	17.531000	13.913043	240.000000	320.000000
0	17.562000	13.913043	240.000000	320.000000
0	17.593000	13.913043	240.000000	320.000000
0	17.625000	13.913043	240.000000	320.000000
0	17.656000	13.913043	240.000000	320.000000
0	17.687000	13.913043	240.000000	320.000000
0	17.734000	13.913043	240.000000	320.000000
0	17.765000	13.913043	240.000000	320.000000
0	17.796000	13.913043	240.000000	320.000000
0	17.827000	13.913043	240.000000	320.000000
0	17.859000	13.913043	240.000000	320.000000
0	17.890000	13.913043	240.000000	320.000000
0	17.921000	13.913043	240.000000	320.000000
0	17.952000	13.913043	240.000000	320.000000
0	17.999000	13.913043	240.000000	320.000000
0	18.030000	13.913043	240.000000	320.000000
0	18.061000	13.913043	240.000000	320.000000
0	18.093000	13.913043	240.000000	320.000000
0	18.124000	13.913043	240.000000	320.000000
0	18.155000	13.913043	240.000000	320.000000
0	18.186000	13.913043	240.000000	320.000000
0	18.233000	13.913043	240.000000	320.000000
0	18.264000	13.913043	240.000000	320.000000
0	18.295000	13.913043	240.000000	320.000000
0	18.327000	13.913043	240.000000	320.000000
0	18.358000	13.913043	240.000000	320.000000
0	18.389000	13.913043	240.000000	320.000000
0	18.420000	13.913043	240.000000	320.000000
0	18.467000	13.913043	240.000000	320.000000
0	18.498000	13.913043	240.000000	320.000000
0	18.529000	13.913043	240.000000	320.000000
0	18.561000	13.913043	240.000000	320.000000
0	18.592000	13.913043	240.000000	320.000000
0	18.623000	13.913043	240.000000	320.000000
0	18.654000	13.913043	240.000000	320.000000
0	18.685000	13.913043	240.000000	320.000000
0	18.732000	13.913043	240.000000	320.000000
0	18.763000	13.913043	240.000000	320.000000
0	18.795000	13.913043	240.000000	320.000000
0	18.826000	13.913043	240.000000	320.000000
0	18.857000	13.913043	240.000000	320.000000
0	18.888000	13.913043	240.000000	320.000000
0	18.919000	13.913043	240.000000	320.000000
0	18.966000	13.913043	240.000000	320.000000
0	18.997000	13.913043	240.000000	320.000000
0	19.029000	13.913043	240.000000	320.000000
0	19.060000	13.913043	240.000000	320.000000
0	19.091000	13.913043	240.000000	320.000000
0	19.122000	13.913043	240.000000	320.000000
0	19.153000	13.913043	240.000000	320.000000
0	19.200000	13.913043	240.000000	320.000000
0	19.231000	13.913043	240.000000	320.000000
0	19.263000	13.913043	240.000000	320.000000
0	19.294000	13.913043	240.000000	320.000000
0	19.325000	13.913043	240.000000	320.000000
0	19.356000	13.913043	240.000000	320.000000
0	19.387000	13.913043	240.000000	320.000000
0	19.419000	13.913043	240.000000	320.000000
0	19.465000	13.913043	240.000000	320.000000
0	19.497000	13.913043	240.000000	320.000000
0	19.528000	13.913043	240.000000	320.000000
0	19.559000	13.913043	240.000000	320.000000
0	19.590000	13.913043	240.000000	320.000000
0	19.621000	13.913043	240.000000	320.000000
0	19.653000	13.913043	240.000000	320.000000
0	19.684000	13.913043	240.000000	320.000000
0	19.731000	13.913043	240.000000	320.000000
0	19.762000	13.913043	240.000000	320.000000
0	19.793000	13.913043	240.000000	320.000000
0	19.824000	13.913043	240.000000	320.000000
0	19.855000	13.913043	240.000000	320.000000
0	19.887000	13.913043	240.000000	320.000000
0	19.918000	13.913043	240.000000	320.000000
0	19.965000	13.913043	240.000000	320.000000
0	19.996000	13.913043	240.000000	320.000000
0	20.027000	13.913043	240.000000	320.000000
0	20.058000	13.913043	240.000000	320.000000
0	20.089000	13.913043	240.000000	320.000000
0	20.121000	13.913043	240.000000	320.000000
0	20.152000	13.913043	240.000000	320.000000
0	20.199000	13.913043	240.000000	320.000000
0	20.230000	13.913043	240.000000	320.000000
0	20.261000	13.913043	240.000000	320.000000
0	20.292000	13.913043	240.000000	320.000000
0	20.323000	13.913043	240.000000	320.000000
0	20.355000	13.913043	240.000000	320.000000
0	20.386000	13.913043	240.000000	320.000000
0	20.417000	13.913043	240.000000	320.000000
0	20.464000	13.913043	240.000000	320.000000
0	20.495000	13.913043	240.000000	320.000000
0	20.526000	13.913043	240.000000	320.000000
0	20.557000	13.913043	240.000000	320.000000
0	20.589000	13.913043	240.000000	320.000000
0	20.620000	13.913043	240.000000	320.000000
0	20.651000	13.913043	240.000000	320.000000
0	20.698000	13.913043	240.000000	320.000000
0	20.729000	13.913043	240.000000	320.000000
0	20.760000	13.913043	240.000000	320.000000
0	20.791000	13.913043	240.000000	320.000000
0	20.823000	13.913043	240.000000	320.000000
0	20.854000	13.913043	240.000000	320.000000
0	20.885000	13.913043	240.000000	320.000000
0	20.932000	13.913043	240.000000	320.000000
0	20.963000	13.913043	240.000000	320.000000
0	20.994000	13.913043	240.000000	320.000000
0	21.025000	13.913043	240.000000	320.000000
0	21.057000	13.913043	240.000000	320.000000
0	21.088000	13.913043	240.000000	320.000000
0	21.119000	13.913043	240.000000	320.000000
0	21.150000	13.913043	240.000000	320.000000
0	21.197000	13.913043	240.000000	320.000000
0	21.228000	13.913043	240.000000	320.000000
0	21.259000	13.913043	240.000000	320.000000
0	21.291000	13.913043	240.000000	320.000000
0	21.322000	13.913043	240.000000	320.000000
0	21.353000	13.913043	240.000000	320.000000
0	21.384000	13.913043	240.000000	320.000000
0	21.431000	13.913043	240.000000	320.000000
0	21.462000	13.913043	240.000000	320.000000
0	21.493000	13.913043	240.000000	320.000000
0	21.525000	13.913043	240.000000	320.000000
0	21.556000	13.913043	240.000000	320.000000
0	21.587000	13.913043	240.000000	320.000000
0	21.618000	13.913043	240.000000	320.000000
0	21.665000	13.913043	240.000000	320.000000
0	21.696000	13.913043	240.000000	320.000000
0	21.727000	13.913043	240.000000	320.000000
0	21.759000	13.913043	240.000000	320.000000
0	21.790000	13.913043	240.000000	320.000000
0	21.821000	13.913043	240.000000	320.000000
0	21.852000	13.913043	240.000000	320.000000
0	21.883000	13.913043	240.000000	320.000000
0	21.930000	13.913043	240.000000	320.000000
0	21.961000	13.913043	240.000000	320.000000
0	21.993000	13.913043	240.000000	320.000000
0	22.024000	13.913043	240.000000	320.000000
0	22.055000	13.913043	240.000000	320.000000
0	22.086000	13.913043	240.000000	320.000000
0	22.117000	13.913043	240.000000	320.000000
0	22.164000	13.913043	240.000000	320.000000
0	22.195000	13.913043	240.000000	320.000000
0	22.227000	13.913043	240.000000	320.000000
0	22.258000	13.913043	240.000000	320.000000
0	22.289000	13.913043	240.000000	320.000000
0	22.320000	13.913043	240.000000	320.000000
0	22.351000	13.913043	240.000000	320.000000
0	22.398000	13.913043	240.000000	320.000000
0	22.429000	13.913043	240.000000	320.000000
0	22.461000	13.913043	240.000000	320.000000
0	22.492000	13.913043	240.000000	320.000000
0	22.523000	13.913043	240.000000	320.000000
0	22.554000	13.913043	240.000000	320.000000
0	22.585000	13.913043	240.000000	320.000000
0	22.617000	13.913043	240.000000	320.000000
0	22.663000	13.913043	240.000000	320.000000
0	22.695000	13.913043	240.000000	320.000000
0	22.726000	13.913043	240.000000	320.000000
0	22.757000	13.913043	240.000000	320.000000
0	22.788000	13.913043	240.000000	320.000000
0	22.819000	13.913043	240.000000	320.000000
0	22.851000	13.913043	240.000000	320.000000
0	22.897000	13.913043	240.000000	320.000000
0	22.929000	13.913043	240.000000	320.000000
0	22.960000	13.913043	240.000000	320.000000
0	22.991000	13.913043	240.000000	320.000000
0	23.022000	13.913043	240.000000	320.000000
0	23.053000	13.913043	240.000000	320.000000
0	23.085000	13.913043	240.000000	320.000000
0	23.131000	13.913043	240.000000	320.000000
0	23.163000	13.913043	240.000000	320.000000
0	23.194000	13.913043	240.000000	320.000000
0	23.225000	13.913043	240.000000	320.000000
0	23.256000	13.913043	240.000000	320.000000
0	23.287000	13.913043	240.000000	320.000000
0	23.319000	13.913043	240.000000	320.000000
0	23.350000	13.913043	240.000000	320.000000
0	23.397000	13.913043	240.000000	320.000000
0	23.428000	13.913043	240.000000	320.000000
0	23.459000	13.913043	240.000000	320.000000
0	23.490000	13.913043	240.000000	320.000000
0	23.521000	13.913043	240.000000	320.000000
0	23.553000	13.913043	240.000000	320.000000
0	23.584000	13.913043	240.000000	320.000000
0	23.615000	13.913043	240.000000	320.000000
0	23.662000	13.913043	240.000000	320.000000
0	23.693000	13.913043	240.000000	320.000000
0	23.724000	13.913043	240.000000	320.000000
0	23.755000	13.913043	240.000000	320.000000
0	23.787000	13.913043	240.000000	320.000000
0	23.818000	13.913043	240.000000	320.000000
0	23.849000	13.913043	240.000000	320.000000
0	23.896000	13.913043	240.000000	320.000000
0	23.927000	13.913043	240.000000	320.000000
0	23.958000	13.913043	240.000000	320.000000
0	23.989000	13.913043	240.000000	320.000000
0	24.021000	13.913043	240.000000	320.000000
0	24.052000	13.913043	240.000000	320.000000
0	24.083000	13.913043	240.000000	320.000000
0	24.130000	13.913043	240.000000	320.000000
0	24.161000	13.913043	240.000000	320.000000
0	24.192000	13.913043	240.000000	320.000000
0	24.223000	13.913043	240.000000	320.000000
0	24.255000	13.913043	240.000000	320.000000
0	24.286000	13.913043	240.000000	320.000000
0	24.317000	13.913043	240.000000	320.000000
0	24.348000	13.913043	240.000000	320.000000
0	24.395000	13.913043	240.000000	320.000000
0	24.426000	13.913043	240.000000	320.000000
0	24.457000	13.913043	240.000000	320.000000
0	24.489000	13.913043	240.000000	320.000000
0	24.520000	13.913043	240.000000	320.000000
0	24.551000	13.913043	240.000000	320.000000
0	24.582000	13.913043	240.000000	320.000000
0	24.629000	13.913043	240.000000	320.000000
0	24.660000	13.913043	240.000000	320.000000
0	24.691000	13.913043	240.000000	320.000000
0	24.723000	13.913043	240.000000	320.000000
0	24.754000	13.913043	240.000000	320.000000
0	24.785000	13.913043	240.000000	320.000000
0	24.816000	13.913043	240.000000	320.000000
0	24.863000	13.913043	240.000000	320.000000
0	24.894000	13.913043	240.000000	320.000000
0	24.925000	13.913043	240.000000	320.000000
0	24.957000	13.913043	240.000000	320.000000
0	24.988000	13.913043	240.000000	320.000000
0	25.019000	13.913043	240.000000	320.000000
0	25.050000	13.913043	240.000000	320.000000
0	25.081000	13.913043	240.000000	320.000000
0	25.128000	13.913043	240.000000	320.000000
0	25.159000	13.913043	240.000000	320.000000
0	25.191000	13.913043	240.000000	320.000000
0	25.222000	13.913043	240.000000	320.000000
0	25.253000	13.913043	240.000000	320.000000
0	25.284000	13.913043	240.000000	320.000000
0	25.315000	13.913043	240.000000	320.000000
0	25.362000	13.913043	240.000000	320.000000
0	25.393000	13.913043	240.000000	320.000000
0	25.425000	13.913043	240.000000	320.000000
0	25.456000	13.913043	240.000000	320.000000
0	25.487000	13.913043	240.000000	320.000000
0	25.518000	13.913043	240.000000	320.000000
0	25.549000	13.913043	240.000000	320.000000
0	25.596000	13.913043	240.000000	320.000000
0	25.627000	13.913043	240.000000	320.000000
0	25.659000	13.913043	240.000000	320.000000
0	25.690000	13.913043	240.000000	320.000000
0	25.721000	13.913043	240.000000	320.000000
0	25.752000	13.913043	240.000000	320.000000
0	25.783000	13.913043	240.000000	320.000000
0	25.815000	13.913043	240.000000	320.000000
0	25.861000	13.913043	240.000000	320.000000
0	25.893000	13.913043	240.000000	320.000000
0	25.924000	13.913043	240.000000	320.000000
0	25.955000	13.913043	240.000000	320.000000
0	25.986000	13.913043	240.000000	320.000000
0	26.017000	13.913043	240.000000	320.000000
0	26.049000	13.913043	240.000000	320.000000
0	26.095000	13.913043	240.000000	320.000000
0	26.127000	13.913043	240.000000	320.000000
0	26.158000	13.913043	240.000000	320.000000
0	26.189000	13.913043	240.000000	320.000000
0	26.220000	13.913043	240.000000	320.000000
0	26.251000	13.913043	240.000000	320.000000
0	26.283000	13.913043	240.000000	320.000000
0	26.329000	13.913043	240.000000	320.000000
0	26.361000	13.913043	240.000000	320.000000
0	26.392000	13.913043	240.000000	320.000000
0	26.423000	13.913043	240.000000	320.000000
0	26.454000	13.913043	240.000000	320.000000
0	26.485000	13.913043	240.000000	320.000000
0	26.517000	13.913043	240.000000	320.000000
0	26.548000	13.913043	240.000000	320.000000
0	26.595000	13.913043	240.000000	320.000000
0	26.626000	13.913043	240.000000	320.000000
0	26.657000	13.913043	240.000000	320.000000
0	26.688000	13.913043	240.000000	320.000000
0	26.719000	13.913043	240.000000	320.000000
0	26.751000	13.913043	240.000000	320.000000
0	26.782000	13.913043	240.000000	320.000000
0	26.829000	13.913043	240.000000	320.000000
0	26.860000	13.913043	240.000000	320.000000
0	26.891000	13.913043	240.000000	320.000000
0	26.922000	13.913043	240.000000	320.000000
0	26.953000	13.913043	240.000000	320.000000
0	26.985000	13.913043	240.000000	320.000000
0	27.016000	13.913043	240.000000	320.000000
0	27.063000	13.913043	240.000000	320.000000
0	27.094000	13.913043	240.000000	320.000000
0	27.125000	13.913043	240.000000	320.000000
0	27.156000	13.913043	240.000000	320.000000
0	27.187000	13.913043	240.000000	320.000000
0	27.219000	13.913043	240.000000	320.000000
0	27.250000	13.913043	240.000000	320.000000
0	27.281000	13.913043	240.000000	320.000000
0	27.328000	13.913043	240.000000	320.000000
0	27.359000	13.913043	240.000000	320.000000
0	27.390000	13.913043	240.000000	320.000000
0	27.421000	13.913043	240.000000	320.000000
0	27.453000	13.913043	240.000000	320.000000
0	27.484000	13.913043	240.000000	320.000000
0	27.515000	13.913043	240.000000	320.000000
0	27.562000	13.913043	240.000000	320.000000
0	27.593000	13.913043	240.000000	320.000000
0	27.624000	13.913043	240.000000	320.000000
0	27.655000	13.913043	240.000000	320.000000
0	27.687000	13.913043	240.000000	320.000000
0	27.718000	13.913043	240.000000	320.000000
0	27.749000	13.913043	240.000000	320.000000
0	27.780000	13.913043	240.000000	320.000000
0	27.827000	13.913043	240.000000	320.000000
0	27.858000	13.913043	240.000000	320.000000
0	27.889000	13.913043	240.000000	320.000000
0	27.921000	13.913043	240.000000	320.000000
0	27.952000	13.913043	240.000000	320.000000
0	27.983000	13.913043	240.000000	320.000000
0	28.014000	13.913043	240.000000	320.000000
0	28.061000	13.913043	240.000000	320.000000
0	28.092000	13.913043	240.000000	320.000000
0	28.123000	13.913043	240.000000	320.000000
0	28.155000	13.913043	240.000000	320.000000
0	28.186000	13.913043	240.000000	320.000000
0	28.217000	13.913043	240.000000	320.000000
0	28.248000	13.913043	240.000000	320.000000
0	28.295000	13.913043	240.000000	320.000000
0	28.326000	13.913043	240.000000	320.000000
0	28.357000	13.913043	240.000000	320.000000
0	28.389000	13.913043	240.000000	320.000000
0	28.420000	13.913043	240.000000	320.000000
0	28.451000	13.913043	240.000000	320.000000
0	28.482000	13.913043	240.000000	320.000000
0	28.513000	13.913043	240.000000	320.000000
0	28.560000	13.913043	240.000000	320.000000
0	28.591000	13.913043	240.000000	320.000000
0	28.623000	13.913043	240.000000	320.000000
0	28.654000	13.913043	240.000000	320.000000
0	28.685000	13.913043	240.000000	320.000000
0	28.716000	13.913043	240.000000	320.000000
0	28.747000	13.913043	240.000000	320.000000
0	28.794000	13.913043	240.000000	320.000000
0	28.825000	13.913043	240.000000	320.000000
0	28.857000	13.913043	240.000000	320.000000
0	28.888000	13.913043	240.000000	320.000000
0	28.919000	13.913043	240.000000	320.000000
0	28.950000	13.913043	240.000000	320.000000
0	28.981000	13.913043	240.000000	320.000000
0	29.013000	13.913043	240.000000	320.000000
0	29.059000	13.913043	240.000000	320.000000
0	29.091000	13.913043	240.000000	320.000000
0	29.122000	13.913043	240.000000	320.000000
0	29.153000	13.913043	240.000000	320.000000
0	29.184000	13.913043	240.000000	320.000000
0	29.215000	13.913043	240.000000	320.000000
0	29.247000	13.913043	240.000000	320.000000
0	29.293000	13.913043	240.000000	320.000000
0	29.325000	13.913043	240.000000	320.000000
0	29.356000	13.913043	240.000000	320.000000
0	29.387000	13.913043	240.000000	320.000000
0	29.418000	13.913043	240.000000	320.000000
0	29.449000	13.913043	240.000000	320.000000
0	29.481000	13.913043	240.000000	320.000000
0	29.527000	13.913043	240.000000	320.000000
0	29.559000	13.913043	240.000000	320.000000
0	29.590000	13.913043	240.000000	320.000000
0	29.621000	13.913043	240.000000	320.000000
0	29.652000	13.913043	240.000000	320.000000
0	29.683000	13.913043	240.000000	320.000000
0	29.715000	13.913043	240.000000	320.000000
0	29.746000	13.913043	240.000000	320.000000
0	29.793000	13.913043	240.000000	320.000000
0	29.824000	13.913043	240.000000	320.000000
0	29.855000	13.913043	240.000000	320.000000
0	29.886000	13.913043	240.000000	320.000000
0	29.917000	13.913043	240.000000	320.000000
0	29.949000	13.913043	240.000000	320.000000
<\LEFT-PUPIL-DATA>
<RIGHT-PUPIL-ANALYSIS>
1
0	0	17	902	0	0	0.509000	29.518000	0.509000	15.810344	0.000000	0.000000	0.000000	0	3	3	3	3	0	0	0	0.000000	0.000000	0.000000	0.000000	0.000000	0.000000	0.000000	-1.000000	0.000000	0	0.997478	0.382948	0.781862	0.115195	0.594000	-0.212935	-0.981626	-1.000000	0.052960	1	0.997478	0.382948	0.781862	0.115195	0.594000	-0.197307	-0.981626	-1.000000	0.050223
<\RIGHT-PUPIL-ANALYSIS>
<LEFT-PUPIL-ANALYSIS>
1
0	0	18	901	0	0	0.509000	29.518000	0.509000	15.810344	0.000000	0.000000	0.000000	0	3	3	3	3	0	0	0	0.000000	0.000000	0.000000	0.000000	0.000000	0.000000	0.000000	-1.000000	0.000000	0	-0.034783	-0.034783	0.000950	0.000950	0.018000	0.000000	0.000000	-1.000000	0.000000	1	-0.034783	-0.034783	0.000950	0.000950	0.018000	-1000000.000000	-1000000.000000	-1.000000	0.000000
<\LEFT-PUPIL-ANALYSIS>
%%%%%%%%%
%%%%%%%%%
%%%%%%%%%
%%%	Measurement Tiime is: 2017-08-15 09:27:13
%%%	Subject ID is: c57-1mois-f1-1.2b
%%%	Note: 
%%%	RSS: Default Human Relative Spectral Sensitivity
%%%	Pupil Analysis:
%%%
%%%
%%%
%%%	Pulse Index:	0
%%%	Stimulus Session Index:	0
%%%	Right Pupil Stimulated
%%%	Light Metric is Photopic
%%%	Stimulus Start Time(sec):	0.51
%%%	Stimulus Duration(sec):	29.52
%%%	Stimulus Pulse Duration(sec):	0.51
%%%	Right Pulse:	15.81	(Blue )	-	0.00	(Blue )	[Lux ]
%%%	Left Pulse:	0.00	(Blue )	-	0.00	(Blue )	[Lux ]
%%%
%%%		RIGHT	LEFT	R.Pupil Mean	L.Pupil Mean	R.Stim Mean	R.Stim Mean
%%%	INPUT:	RAW DATA	RAW DATA
%%%	STATE:	ABNORMAL	ABNORMAL	ABNORMAL	ABNORMAL	ABNORMAL	ABNORMAL
%%%	MAX(mm):	0.00	0.00	0.00	0.00	0.00	0.00
%%%	MIN(mm):	0.00	0.00	0.00	0.00	0.00	0.00
%%%	DELTA(mm):						
%%%	CH(%):						
%%%	LAT(sec):	0.00	0.00	0.00	0.00	0.00	0.00
%%%	CV(mm/s):	0.00	0.00	0.00	0.00	0.00	0.00
%%%	MCV(mm/s):	0.00	0.00	0.00	0.00	0.00	0.00
%%%	DV(mm/s):	0.00	0.00	0.00	0.00	0.00	0.00
%%%%%%%%%
%%%%%%%%%
%%%%%%%%%
%%%	Right Pupil Profile (1st row -> 1 == valid tracking, 0 == invalid tracking; 2nd row -> time; 3rd row -> diameter (mm))
%%%	1	1	1	1	1	1	1	1	1	1	1	1	1	1	1	1	1	1	1	1	1	1	1	1	1	1	1	1	0	1	1	0	0	1	1	1	0	0	0	1	0	1	0	0	1	0	1	0	1	1	1	1	0	1	0	1	0	1	0	1	1	0	0	0	0	0	1	0	0	1	1	0	0	1	0	0	1	1	0	1	1	1	0	0	1	0	0	0	1	0	0	0	0	0	0	1	0	0	1	1	1	1	1	1	0	0	0	0	0	1	0	0	1	1	1	0	1	1	0	1	1	1	0	0	1	1	0	1	0	1	0	0	1	0	0	0	0	1	0	0	0	0	1	1	1	0	0	1	1	0	1	0	0	0	0	0	1	0	1	0	1	1	1	1	1	0	0	1	1	0	1	1	0	1	0	0	0	1	1	1	0	0	0	1	0	0	1	1	0	1	0	0	1	1	1	0	1	1	0	0	1	0	1	1	0	0	1	0	0	0	0	1	1	0	1	1	0	0	0	1	0	1	1	0	0	0	1	1	0	0	0	0	0	0	0	0	0	0	0	1	1	1	1	1	1	1	1	0	1	0	1	1	0	0	0	0	0	1	0	1	0	1	0	0	1	1	1	1	1	1	1	0	1	1	1	0	1	0	0	1	1	1	1	0	0	0	1	1	1	0	0	1	0	1	1	1	0	0	1	0	1	1	0	1	0	0	0	0	0	0	0	1	0	1	0	1	0	1	0	1	0	1	0	0	1	1	1	1	1	0	1	0	0	0	0	1	0	0	1	1	1	1	0	0	1	0	0	0	0	0	0	0	1	1	1	1	1	1	1	0	0	1	0	1	0	0	1	0	1	1	0	0	1	1	1	1	0	1	1	1	0	0	0	1	1	1	0	0	1	1	1	1	0	1	1	0	0	0	0	1	1	1	1	0	0	1	0	0	1	0	0	0	1	0	1	1	1	1	0	0	1	0	1	0	0	0	0	1	1	0	0	0	0	0	1	1	1	1	1	1	1	1	0	1	1	0	1	1	1	1	1	0	0	0	1	1	0	1	1	0	1	1	0	0	1	1	0	0	0	1	1	1	1	1	1	1	0	0	1	0	1	1	1	0	1	0	1	1	0	1	1	0	1	1	0	1	0	1	0	1	1	1	0	0	0	0	1	1	0	1	1	1	0	0	0	1	0	0	0	0	0	0	0	1	0	1	0	0	0	1	0	0	0	1	0	1	1	1	1	0	1	1	1	1	1	0	0	0	1	1	1	0	1	1	0	1	0	0	1	1	1	0	0	1	1	1	1	0	0	0	1	1	0	1	1	1	1	0	1	1	0	1	0	0	0	0	0	1	1	0	0	1	0	0	1	1	1	1	0	1	1	1	0	0	1	0	1	0	1	0	1	1	0	1	0	0	0	1	1	0	1	1	1	1	0	1	0	1	1	1	0	1	0	1	0	1	1	0	1	1	1	0	1	0	1	0	0	0	1	1	1	0	1	0	1	0	1	0	1	0	0	1	1	1	1	1	0	1	1	1	1	1	0	0	1	1	0	1	0	0	1	1	1	0	1	1	0	1	0	1	1	1	1	0	0	0	0	0	1	0	1	0	1	1	1	0	0	0	0	0	1	1	0	0	1	1	0	1	1	0	1	1	0	1	1	1	0	1	1	1	0	1	1	1	0	1	0	1	1	0	1	1	1	0	0	0	1	1	1	0	1	0	0	1	0	1	1	1	0	1	1	0	1	1	1	0	1	0	1	0	1	1	1	1	0	0	0	1	0	1	0	0	0	1	0	1	1	0	1	1	1	1	0	1	0	1	1	1	1	0	0	1	1	1	1	0	0	0	0	0	1	0	0	1	0	1	1	0	0	1	1	0	0	1	1	1	0	0	1	1	0	1	1	1	1	1	1	1	1	1	1	1	1	1	1	1	1	1	1	1	1	1	1	1	1	1	1	1	1	1	1	1	1	1	1	1	1	1	1	1	1	1	1	1	1	1	1	1	1	1	1	1	1	1	1	1	1	1	1	1	1	1	0	1	1	1	0	1	0	0	1	1	1
%%%	-0.067000	-0.035000	-0.004000	0.043000	0.074000	0.105000	0.136000	0.167000	0.199000	0.230000	0.277000	0.308000	0.339000	0.370000	0.401000	0.433000	0.464000	0.511000	0.542000	0.573000	0.604000	0.635000	0.667000	0.698000	0.729000	0.776000	0.807000	0.838000	0.869000	0.901000	0.932000	0.963000	1.010000	1.041000	1.072000	1.103000	1.135000	1.166000	1.197000	1.244000	1.275000	1.306000	1.337000	1.369000	1.400000	1.431000	1.462000	1.509000	1.540000	1.571000	1.603000	1.634000	1.665000	1.696000	1.743000	1.774000	1.805000	1.837000	1.868000	1.899000	1.930000	1.977000	2.008000	2.039000	2.071000	2.102000	2.133000	2.164000	2.195000	2.242000	2.273000	2.305000	2.336000	2.367000	2.398000	2.429000	2.476000	2.507000	2.539000	2.570000	2.601000	2.632000	2.663000	2.710000	2.741000	2.773000	2.804000	2.835000	2.866000	2.897000	2.929000	2.975000	3.007000	3.038000	3.069000	3.100000	3.131000	3.163000	3.194000	3.241000	3.272000	3.303000	3.334000	3.365000	3.397000	3.428000	3.475000	3.506000	3.537000	3.568000	3.599000	3.631000	3.662000	3.709000	3.740000	3.771000	3.802000	3.833000	3.865000	3.896000	3.927000	3.974000	4.005000	4.036000	4.067000	4.099000	4.130000	4.161000	4.208000	4.239000	4.270000	4.301000	4.333000	4.364000	4.395000	4.442000	4.473000	4.504000	4.535000	4.567000	4.598000	4.629000	4.660000	4.707000	4.738000	4.769000	4.801000	4.832000	4.863000	4.894000	4.941000	4.972000	5.003000	5.035000	5.066000	5.097000	5.128000	5.175000	5.206000	5.237000	5.269000	5.300000	5.331000	5.362000	5.393000	5.440000	5.471000	5.503000	5.534000	5.565000	5.596000	5.627000	5.674000	5.705000	5.737000	5.768000	5.799000	5.830000	5.861000	5.908000	5.939000	5.971000	6.002000	6.033000	6.064000	6.095000	6.127000	6.173000	6.205000	6.236000	6.267000	6.298000	6.329000	6.361000	6.407000	6.439000	6.470000	6.501000	6.532000	6.563000	6.595000	6.641000	6.673000	6.704000	6.735000	6.766000	6.797000	6.829000	6.860000	6.907000	6.938000	6.969000	7.000000	7.031000	7.063000	7.094000	7.125000	7.172000	7.203000	7.234000	7.265000	7.297000	7.328000	7.359000	7.406000	7.437000	7.468000	7.499000	7.531000	7.562000	7.593000	7.640000	7.671000	7.702000	7.733000	7.765000	7.796000	7.827000	7.858000	7.905000	7.936000	7.967000	7.999000	8.030000	8.061000	8.092000	8.139000	8.170000	8.201000	8.233000	8.264000	8.295000	8.326000	8.373000	8.404000	8.435000	8.467000	8.498000	8.529000	8.560000	8.591000	8.638000	8.669000	8.701000	8.732000	8.763000	8.794000	8.825000	8.872000	8.903000	8.935000	8.966000	8.997000	9.028000	9.059000	9.106000	9.137000	9.169000	9.200000	9.231000	9.262000	9.293000	9.325000	9.371000	9.403000	9.434000	9.465000	9.496000	9.527000	9.559000	9.605000	9.637000	9.668000	9.699000	9.730000	9.761000	9.793000	9.839000	9.871000	9.902000	9.933000	9.964000	9.995000	10.027000	10.058000	10.105000	10.136000	10.167000	10.198000	10.229000	10.261000	10.292000	10.339000	10.370000	10.401000	10.432000	10.463000	10.495000	10.526000	10.573000	10.604000	10.635000	10.666000	10.697000	10.729000	10.760000	10.791000	10.838000	10.869000	10.900000	10.931000	10.963000	10.994000	11.025000	11.072000	11.103000	11.134000	11.165000	11.197000	11.228000	11.259000	11.290000	11.337000	11.368000	11.399000	11.431000	11.462000	11.493000	11.524000	11.571000	11.602000	11.633000	11.665000	11.696000	11.727000	11.758000	11.805000	11.836000	11.867000	11.899000	11.930000	11.961000	11.992000	12.023000	12.070000	12.101000	12.133000	12.164000	12.195000	12.226000	12.257000	12.304000	12.335000	12.367000	12.398000	12.429000	12.460000	12.491000	12.523000	12.569000	12.601000	12.632000	12.663000	12.694000	12.725000	12.757000	12.803000	12.835000	12.866000	12.897000	12.928000	12.959000	12.991000	13.037000	13.069000	13.100000	13.131000	13.162000	13.193000	13.225000	13.256000	13.303000	13.334000	13.365000	13.396000	13.427000	13.459000	13.490000	13.537000	13.568000	13.599000	13.630000	13.661000	13.693000	13.724000	13.771000	13.802000	13.833000	13.864000	13.895000	13.927000	13.958000	13.989000	14.036000	14.067000	14.098000	14.129000	14.161000	14.192000	14.223000	14.270000	14.301000	14.332000	14.363000	14.395000	14.426000	14.457000	14.504000	14.535000	14.566000	14.597000	14.629000	14.660000	14.691000	14.722000	14.769000	14.800000	14.831000	14.863000	14.894000	14.925000	14.956000	15.003000	15.034000	15.065000	15.097000	15.128000	15.159000	15.190000	15.221000	15.268000	15.299000	15.331000	15.362000	15.393000	15.424000	15.455000	15.502000	15.533000	15.565000	15.596000	15.627000	15.658000	15.689000	15.736000	15.767000	15.799000	15.830000	15.861000	15.892000	15.923000	15.955000	16.001000	16.033000	16.064000	16.095000	16.126000	16.158000	16.189000	16.236000	16.267000	16.298000	16.329000	16.360000	16.392000	16.423000	16.470000	16.501000	16.532000	16.563000	16.594000	16.626000	16.657000	16.688000	16.735000	16.766000	16.797000	16.828000	16.860000	16.891000	16.922000	16.969000	17.000000	17.031000	17.062000	17.094000	17.125000	17.156000	17.203000	17.234000	17.265000	17.296000	17.328000	17.359000	17.390000	17.421000	17.468000	17.499000	17.530000	17.562000	17.593000	17.624000	17.655000	17.702000	17.733000	17.764000	17.796000	17.827000	17.858000	17.889000	17.920000	17.967000	17.998000	18.030000	18.061000	18.092000	18.123000	18.154000	18.201000	18.232000	18.264000	18.295000	18.326000	18.357000	18.388000	18.435000	18.466000	18.498000	18.529000	18.560000	18.591000	18.622000	18.654000	18.700000	18.732000	18.763000	18.794000	18.825000	18.856000	18.888000	18.934000	18.966000	18.997000	19.028000	19.059000	19.090000	19.122000	19.153000	19.200000	19.231000	19.262000	19.293000	19.324000	19.356000	19.387000	19.434000	19.465000	19.496000	19.527000	19.558000	19.590000	19.621000	19.668000	19.699000	19.730000	19.761000	19.792000	19.824000	19.855000	19.886000	19.933000	19.964000	19.995000	20.026000	20.058000	20.089000	20.120000	20.167000	20.198000	20.229000	20.260000	20.292000	20.323000	20.354000	20.401000	20.432000	20.463000	20.494000	20.526000	20.557000	20.588000	20.619000	20.666000	20.697000	20.728000	20.760000	20.791000	20.822000	20.853000	20.900000	20.931000	20.962000	20.994000	21.025000	21.056000	21.087000	21.134000	21.165000	21.196000	21.228000	21.259000	21.290000	21.321000	21.352000	21.399000	21.430000	21.462000	21.493000	21.524000	21.555000	21.586000	21.633000	21.664000	21.696000	21.727000	21.758000	21.789000	21.820000	21.867000	21.898000	21.930000	21.961000	21.992000	22.023000	22.054000	22.086000	22.132000	22.164000	22.195000	22.226000	22.257000	22.288000	22.320000	22.366000	22.398000	22.429000	22.460000	22.491000	22.522000	22.554000	22.600000	22.632000	22.663000	22.694000	22.725000	22.756000	22.788000	22.819000	22.866000	22.897000	22.928000	22.959000	22.990000	23.022000	23.053000	23.084000	23.131000	23.162000	23.193000	23.224000	23.256000	23.287000	23.318000	23.365000	23.396000	23.427000	23.458000	23.490000	23.521000	23.552000	23.599000	23.630000	23.661000	23.692000	23.724000	23.755000	23.786000	23.817000	23.864000	23.895000	23.926000	23.958000	23.989000	24.020000	24.051000	24.098000	24.129000	24.160000	24.192000	24.223000	24.254000	24.285000	24.332000	24.363000	24.394000	24.426000	24.457000	24.488000	24.519000	24.550000	24.597000	24.628000	24.660000	24.691000	24.722000	24.753000	24.784000	24.831000	24.862000	24.894000	24.925000	24.956000	24.987000	25.018000	25.065000	25.096000	25.128000	25.159000	25.190000	25.221000	25.252000	25.284000	25.330000	25.362000	25.393000	25.424000	25.455000	25.486000	25.518000	25.564000	25.596000	25.627000	25.658000	25.689000	25.720000	25.752000	25.798000	25.830000	25.861000	25.892000	25.923000	25.954000	25.986000	26.017000	26.064000	26.095000	26.126000	26.157000	26.188000	26.220000	26.251000	26.298000	26.329000	26.360000	26.391000	26.422000	26.454000	26.485000	26.532000	26.563000	26.594000	26.625000	26.656000	26.688000	26.719000	26.750000	26.797000	26.828000	26.859000	26.890000	26.922000	26.953000	26.984000	27.015000	27.062000	27.093000	27.124000	27.156000	27.187000	27.218000	27.249000	27.296000	27.327000	27.358000	27.390000	27.421000	27.452000	27.483000	27.530000	27.561000	27.592000	27.624000	27.655000	27.686000	27.717000	27.748000	27.795000	27.826000	27.858000	27.889000	27.920000	27.951000	27.982000	28.029000	28.060000	28.092000	28.123000	28.154000	28.185000	28.216000	28.263000	28.294000	28.326000	28.357000	28.388000	28.419000	28.450000	28.482000	28.528000	28.560000	28.591000	28.622000	28.653000	28.684000	28.716000	28.762000	28.794000	28.825000	28.856000	28.887000	28.918000	28.950000	28.996000	29.028000	29.059000	29.090000	29.121000	29.152000	29.184000	29.215000	29.262000	29.293000	29.324000	29.355000	29.386000	29.418000	29.449000	29.496000	29.527000	29.558000	29.589000	29.620000	29.652000	29.683000	29.730000	29.761000	29.792000	29.823000	29.854000	29.886000	29.917000	29.948000	29.995000
%%%	1.007681	1.024928	1.042029	1.000290	1.011159	1.008841	1.008116	1.043478	1.016377	1.025362	1.025507	1.000580	0.999420	0.988551	0.996667	0.996667	0.976667	0.988116	0.979710	1.043333	0.981449	0.987971	0.966812	0.957102	0.972754	0.974493	0.974928	0.992029	0.570145	0.560290	0.929275	0.805942	0.544493	0.503768	0.866232	0.509855	0.733333	0.708116	0.655507	0.466232	0.466232	0.485507	0.676377	0.560290	0.434203	0.602754	0.452174	0.422899	0.434058	0.440145	0.407536	0.408116	0.394203	0.422899	0.427681	0.390290	0.377101	0.405797	0.347826	0.396232	0.417246	0.365217	0.374928	0.397246	0.438551	0.382609	0.364203	0.366232	0.347826	0.394493	0.371159	0.379275	0.347826	0.372464	0.353333	0.347826	0.398841	0.375072	0.354493	0.412464	0.442899	0.476667	0.398985	0.483768	0.403623	0.371159	0.394203	0.376232	0.378841	0.387536	0.347826	0.371159	0.372899	0.382609	0.358116	0.377101	0.379855	0.397681	0.407681	0.407681	0.396812	0.429420	0.376667	0.420290	0.394493	0.425362	0.394203	0.429275	0.611014	0.421159	0.456812	0.442899	0.424928	0.412464	0.416667	0.417391	0.661449	0.423333	0.519131	0.484203	0.411594	0.442319	0.462029	0.394203	0.451594	0.487536	0.452174	0.452174	0.347826	0.460290	0.450580	0.451594	0.417391	0.446812	0.530290	0.452174	0.434203	0.455507	0.596232	0.458406	0.451015	0.544928	0.620145	0.461449	0.457681	0.539710	0.521449	0.457101	0.458116	0.452174	0.485362	0.453188	0.427826	0.417971	0.412029	0.405797	0.690290	0.465797	0.457681	0.461594	0.460290	0.428841	0.466812	0.463623	0.422319	0.451594	0.460290	0.694638	0.457246	0.452174	0.664203	0.635942	0.621884	0.455072	0.458841	0.440580	0.459275	0.446667	0.446232	0.453333	0.417391	0.451594	0.428985	0.448985	0.424493	0.428985	0.458116	0.407101	0.440145	0.730435	0.450725	0.447101	0.452899	0.425797	0.423188	0.570145	0.417536	0.409855	0.416232	0.542319	0.429855	0.452174	0.426667	0.458116	0.417536	0.417391	0.448406	0.394203	0.425362	0.417391	0.347826	0.417971	0.438116	0.414928	0.427246	0.397101	0.493768	0.388406	0.404203	0.425362	0.408696	0.416232	0.394203	0.429855	0.377681	0.347826	0.381594	0.416667	0.417971	0.372899	0.405797	0.370145	0.397681	0.350725	0.429275	0.417246	0.359855	0.409855	0.440580	0.404928	0.417391	0.411884	0.405797	0.457681	0.457681	0.420145	0.411449	0.440580	0.416667	0.417391	0.412029	0.447681	0.418551	0.409275	0.372754	0.420145	0.468551	0.416232	0.387681	0.522899	0.417391	0.417391	0.347826	0.392319	0.417391	0.405797	0.368116	0.408116	0.424928	0.418406	0.387681	0.347826	0.446667	0.417971	0.414638	0.400000	0.482029	0.442899	0.479855	0.466812	0.662029	0.416232	0.433768	0.435942	0.453333	0.433623	0.442319	0.458841	0.411594	0.434203	0.441884	0.418551	0.442319	0.423333	0.440725	0.414203	0.573333	0.411594	0.440725	0.347826	0.448841	0.452754	0.421015	0.428841	0.417391	0.454927	0.527681	0.475362	0.578841	0.403333	0.451594	0.417246	0.495797	0.417391	0.439275	0.453333	0.412029	0.458551	0.440580	0.407536	0.416667	0.417971	0.347826	0.453333	0.438116	0.407536	0.402754	0.405797	0.396667	0.408116	0.390580	0.427246	0.418116	0.446812	0.440580	0.417246	0.439855	0.409420	0.407971	0.425072	0.438116	0.384638	0.428985	0.438551	0.440580	0.414638	0.452319	0.384928	0.394203	0.407101	0.394203	0.396232	0.424928	0.417971	0.402029	0.388986	0.417391	0.418551	0.464203	0.486957	0.386812	0.408551	0.394203	0.420290	0.456812	0.468406	0.403333	0.392319	0.402754	0.417246	0.394203	0.377246	0.389420	0.411449	0.403188	0.407536	0.440580	0.407101	0.388406	0.412029	0.347826	0.394203	0.414638	0.427246	0.405797	0.437536	0.486957	0.420290	0.437536	0.417971	0.410290	0.386232	0.418116	0.415507	0.419565	0.394203	0.347826	0.418551	0.432029	0.410145	0.453333	0.422319	0.433768	0.440290	0.378985	0.451015	0.425507	0.405362	0.464203	0.428985	0.488116	0.440290	0.482029	0.422319	0.438116	0.414493	0.439710	0.450725	0.424058	0.431014	0.433188	0.441884	0.419855	0.384058	0.432029	0.434058	0.457101	0.443623	0.463768	0.474058	0.418841	0.416232	0.388406	0.347826	0.468551	0.459855	0.421159	0.442899	0.438551	0.459855	0.413043	0.444493	0.442899	0.484203	0.397101	0.434203	0.466812	0.451594	0.412464	0.417391	0.455507	0.442464	0.347826	0.442319	0.418551	0.468841	0.453768	0.459855	0.454348	0.400580	0.433623	0.447101	0.463768	0.466667	0.466377	0.460145	0.405797	0.432754	0.417246	0.460290	0.451159	0.452174	0.450580	0.437971	0.451594	0.458841	0.447681	0.457536	0.457536	0.457971	0.446667	0.495072	0.457681	0.457536	0.467536	0.429420	0.431449	0.424928	0.417391	0.454638	0.466812	0.449275	0.457536	0.490580	0.652754	0.452174	0.663623	0.488551	0.477246	0.485797	0.488551	0.456377	0.452754	0.447681	0.468986	0.486957	0.459710	0.487681	0.464058	0.494638	0.488551	0.452754	0.486957	0.430725	0.450580	0.457536	0.544928	0.494638	0.475072	0.488116	0.494493	0.465217	0.522899	0.504348	0.499275	0.521015	0.486957	0.494638	0.510145	0.533768	0.491884	0.510580	0.486957	0.534638	0.475507	0.512464	0.751594	0.503188	0.475507	0.637101	0.498551	0.742029	0.505072	0.503333	0.516812	0.614638	0.519420	0.522899	0.834783	0.487681	0.832029	0.498551	0.828841	0.497101	0.475362	0.521739	0.495072	0.805797	0.846812	0.823188	0.805362	0.713043	0.672319	0.829275	0.527246	0.522319	0.835797	0.708841	0.665072	0.694058	0.795072	0.547971	0.788116	0.730435	0.537971	0.818551	0.817971	0.531014	0.531014	0.525362	0.761014	0.848985	0.530435	0.839855	0.618986	0.709855	0.759710	0.527536	0.829855	0.535942	0.737536	0.820725	0.776812	0.776812	0.553480	0.531594	0.828841	0.796667	0.544493	0.544493	0.540725	0.791884	0.685797	0.548841	0.811884	0.764638	0.811594	0.761884	0.733188	0.707101	0.496812	0.496377	0.498985	0.794493	0.741884	0.496812	0.732609	0.503333	0.519420	0.633188	0.504493	0.495217	0.784928	0.530290	0.472754	0.498551	0.570290	0.489275	0.794638	0.501449	0.553623	0.521159	0.729855	0.596812	0.531014	0.498841	0.831594	0.500725	0.500580	0.828986	0.540145	0.786232	0.522319	0.814203	0.520580	0.655507	0.814203	0.519855	0.536957	0.498985	0.815797	0.724928	0.499420	0.514203	0.494058	0.509855	0.833188	0.787536	0.540290	0.777536	0.823188	0.804928	0.849420	0.516812	0.539710	0.522899	0.724928	0.813043	0.498985	0.481449	0.799275	0.521739	0.818406	0.689711	0.579710	0.486957	0.723333	0.814203	0.785507	0.660870	0.497246	0.539710	0.494058	0.797246	0.633188	0.531014	0.778841	0.509275	0.547101	0.522319	0.797681	0.497246	0.797101	0.521739	0.560290	0.695652	0.731449	0.733768	0.516232	0.744493	0.526667	0.757971	0.827101	0.540290	0.527536	0.745507	0.540290	0.755362	0.562464	0.746667	0.865797	0.540725	0.742898	0.713623	0.529275	0.537681	0.781884	0.529420	0.848985	0.546667	0.548841	0.800000	0.525072	0.540725	0.521739	0.512899	0.682319	0.797246	0.518986	0.690145	0.550145	0.765217	0.794203	0.522899	0.521739	0.504493	0.556522	0.521739	0.521015	0.500725	0.540725	0.527246	0.832029	0.466812	0.610290	0.481159	0.718406	0.796232	0.823188	0.487681	0.765217	0.477681	0.782609	0.792029	0.498985	0.792464	0.528985	0.508696	0.782464	0.495072	0.801159	0.498985	0.800000	0.811884	0.823188	0.796232	0.489855	0.794058	0.540725	0.652754	0.814927	0.803623	0.526667	0.823188	0.760290	0.521739	0.633189	0.840145	0.501449	0.814203	0.759855	0.538116	0.468986	0.505072	0.539710	0.800000	0.527101	0.690290	0.644203	0.753188	0.522899	0.504493	0.583768	0.478261	0.596232	0.521594	0.495797	0.514928	0.631594	0.351594	0.650290	0.764638	0.502754	0.365217	0.489130	0.653623	0.705507	0.724493	0.746377	0.489710	0.498551	0.716232	0.701449	0.521739	0.696232	0.521015	0.525942	0.904348	0.914203	0.979420	0.495797	0.870725	0.914203	1.059710	1.052754	1.033768	0.930435	0.957102	1.087536	1.100145	0.941449	1.098406	1.108551	1.147826	1.146232	1.126667	1.154928	1.194203	1.156522	1.164203	1.176667	1.182754	1.202754	1.185942	1.194638	1.217971	1.203768	1.232029	1.217246	1.224493	1.223188	1.217391	1.238406	1.231159	1.228841	1.239710	1.228841	1.244058	1.239710	1.243478	1.238551	1.252174	1.243623	1.239710	1.230580	1.242319	1.275362	1.251594	1.266232	1.286957	1.272754	1.277681	1.267971	1.286957	1.272899	1.242319	1.278841	1.294638	1.285797	1.283188	1.285942	1.281594	1.278841	1.249420	1.298551	1.251594	1.284638	1.268406	1.257246	1.222319	1.261014	0.983188	1.147826	0.967971	1.235942	1.240145	0.985507	1.242464	1.008696	1.104203	1.089710	1.134058	1.008696
%%%	Left Pupil Profile (1st row -> 1 == valid tracking, 0 == invalid tracking; 2nd row -> time; 3rd row -> diameter (mm))
%%%	0	0	0	0	0	0	0	0	0	0	0	0	0	0	0	0	0	0	0	0	0	0	0	0	0	0	0	0	0	0	0	0	0	0	0	0	0	0	0	0	0	0	0	0	0	0	0	0	0	0	0	0	0	0	0	0	0	0	0	0	0	0	0	0	0	0	0	0	0	0	0	0	0	0	0	0	0	0	0	0	0	0	0	0	0	0	0	0	0	0	0	0	0	0	0	0	0	0	0	0	0	0	0	0	0	0	0	0	0	0	0	0	0	0	0	0	0	0	0	0	0	0	0	0	0	0	0	0	0	0	0	0	0	0	0	0	0	0	0	0	0	0	0	0	0	0	0	0	0	0	0	0	0	0	0	0	0	0	0	0	0	0	0	0	0	0	0	0	0	0	0	0	0	0	0	0	0	0	0	0	0	0	0	0	0	0	0	0	0	0	0	0	0	0	0	0	0	0	0	0	0	0	0	0	0	0	0	0	0	0	0	0	0	0	0	0	0	0	0	0	0	0	0	0	0	0	0	0	0	0	0	0	0	0	0	0	0	0	0	0	0	0	0	0	0	0	0	0	0	0	0	0	0	0	0	0	0	0	0	0	0	0	0	0	0	0	0	0	0	0	0	0	0	0	0	0	0	0	0	0	0	0	0	0	0	0	0	0	0	0	0	0	0	0	0	0	0	0	0	0	0	0	0	0	0	0	0	0	0	0	0	0	0	0	0	0	0	0	0	0	0	0	0	0	0	0	0	0	0	0	0	0	0	0	0	0	0	0	0	0	0	0	0	0	0	0	0	0	0	0	0	0	0	0	0	0	0	0	0	0	0	0	0	0	0	0	0	0	0	0	0	0	0	0	0	0	0	0	0	0	0	0	0	0	0	0	0	0	0	0	0	0	0	0	0	0	0	0	0	0	0	0	0	0	0	0	0	0	0	0	0	0	0	0	0	0	0	0	0	0	0	0	0	0	0	0	0	0	0	0	0	0	0	0	0	0	0	0	0	0	0	0	0	0	0	0	0	0	0	0	0	0	0	0	0	0	0	0	0	0	0	0	0	0	0	0	0	0	0	0	0	0	0	0	0	0	0	0	0	0	0	0	0	0	0	0	0	0	0	0	0	0	0	0	0	0	0	0	0	0	0	0	0	0	0	0	0	0	0	0	0	0	0	0	0	0	0	0	0	0	0	0	0	0	0	0	0	0	0	0	0	0	0	0	0	0	0	0	0	0	0	0	0	0	0	0	0	0	0	0	0	0	0	0	0	0	0	0	0	0	0	0	0	0	0	0	0	0	0	0	0	0	0	0	0	0	0	0	0	0	0	0	0	0	0	0	0	0	0	0	0	0	0	0	0	0	0	0	0	0	0	0	0	0	0	0	0	0	0	0	0	0	0	0	0	0	0	0	0	0	0	0	0	0	0	0	0	0	0	0	0	0	0	0	0	0	0	0	0	0	0	0	0	0	0	0	0	0	0	0	0	0	0	0	0	0	0	0	0	0	0	0	0	0	0	0	0	0	0	0	0	0	0	0	0	0	0	0	0	0	0	0	0	0	0	0	0	0	0	0	0	0	0	0	0	0	0	0	0	0	0	0	0	0	0	0	0	0	0	0	0	0	0	0	0	0	0	0	0	0	0	0	0	0	0	0	0	0	0	0	0	0	0	0	0	0	0	0	0	0	0	0	0	0	0	0	0	0	0	0	0	0	0	0	0	0	0	0	0	0	0	0	0	0	0	0	0	0	0	0	0	0	0	0	0	0	0	0	0	0	0	0	0	0	0	0	0	0	0	0	0	0	0	0	0	0	0	0	0	0	0	0	0	0	0	0	0	0	0	0	0	0	0	0	0	0	0	0	0	0	0	0	0	0	0	0	0	0	0	0	0	0	0	0	0	0	0	0	0	0	0	0	0	0	0	0	0	0	0	0	0	0	0	0	0	0	0	0	0	0	0	0	0	0	0	0	0	0	0	0	0	0	0	0	0	0	0	0	0	0	0	0	0	0	0	0	0	0	0	0	0	0	0	0	0	0	0	0	0	0	0	0
%%%	-0.066000	-0.035000	-0.004000	0.028000	0.074000	0.106000	0.137000	0.168000	0.199000	0.230000	0.262000	0.308000	0.340000	0.371000	0.402000	0.433000	0.464000	0.496000	0.527000	0.574000	0.605000	0.636000	0.667000	0.698000	0.730000	0.761000	0.808000	0.839000	0.870000	0.901000	0.932000	0.964000	0.995000	1.042000	1.073000	1.104000	1.135000	1.166000	1.198000	1.229000	1.260000	1.307000	1.338000	1.369000	1.400000	1.432000	1.463000	1.494000	1.541000	1.572000	1.603000	1.634000	1.666000	1.697000	1.728000	1.775000	1.806000	1.837000	1.868000	1.900000	1.931000	1.962000	1.993000	2.040000	2.071000	2.102000	2.134000	2.165000	2.196000	2.227000	2.274000	2.305000	2.336000	2.368000	2.399000	2.430000	2.461000	2.508000	2.539000	2.570000	2.602000	2.633000	2.664000	2.695000	2.726000	2.773000	2.804000	2.836000	2.867000	2.898000	2.929000	2.960000	3.007000	3.038000	3.070000	3.101000	3.132000	3.163000	3.194000	3.241000	3.272000	3.304000	3.335000	3.366000	3.397000	3.428000	3.460000	3.506000	3.538000	3.569000	3.600000	3.631000	3.662000	3.694000	3.740000	3.772000	3.803000	3.834000	3.865000	3.896000	3.928000	3.959000	4.006000	4.037000	4.068000	4.099000	4.130000	4.162000	4.193000	4.240000	4.271000	4.302000	4.333000	4.364000	4.396000	4.427000	4.474000	4.505000	4.536000	4.567000	4.598000	4.630000	4.661000	4.692000	4.739000	4.770000	4.801000	4.832000	4.864000	4.895000	4.926000	4.973000	5.004000	5.035000	5.066000	5.098000	5.129000	5.160000	5.207000	5.238000	5.269000	5.300000	5.332000	5.363000	5.394000	5.425000	5.472000	5.503000	5.534000	5.566000	5.597000	5.628000	5.659000	5.706000	5.737000	5.768000	5.800000	5.831000	5.862000	5.893000	5.924000	5.971000	6.002000	6.034000	6.065000	6.096000	6.127000	6.158000	6.205000	6.236000	6.268000	6.299000	6.330000	6.361000	6.392000	6.439000	6.470000	6.502000	6.533000	6.564000	6.595000	6.626000	6.658000	6.704000	6.736000	6.767000	6.798000	6.829000	6.860000	6.892000	6.938000	6.970000	7.001000	7.032000	7.063000	7.094000	7.126000	7.172000	7.204000	7.235000	7.266000	7.297000	7.328000	7.360000	7.391000	7.438000	7.469000	7.500000	7.531000	7.562000	7.594000	7.625000	7.672000	7.703000	7.734000	7.765000	7.796000	7.828000	7.859000	7.890000	7.937000	7.968000	7.999000	8.030000	8.062000	8.093000	8.124000	8.171000	8.202000	8.233000	8.264000	8.296000	8.327000	8.358000	8.405000	8.436000	8.467000	8.498000	8.530000	8.561000	8.592000	8.623000	8.670000	8.701000	8.732000	8.764000	8.795000	8.826000	8.857000	8.904000	8.935000	8.966000	8.998000	9.029000	9.060000	9.091000	9.138000	9.169000	9.200000	9.232000	9.263000	9.294000	9.325000	9.356000	9.403000	9.434000	9.466000	9.497000	9.528000	9.559000	9.590000	9.637000	9.668000	9.700000	9.731000	9.762000	9.793000	9.824000	9.871000	9.902000	9.934000	9.965000	9.996000	10.027000	10.058000	10.090000	10.136000	10.168000	10.199000	10.230000	10.261000	10.292000	10.324000	10.370000	10.402000	10.433000	10.464000	10.495000	10.526000	10.558000	10.604000	10.636000	10.667000	10.698000	10.729000	10.760000	10.792000	10.823000	10.870000	10.901000	10.932000	10.963000	10.994000	11.026000	11.057000	11.104000	11.135000	11.166000	11.197000	11.228000	11.260000	11.291000	11.322000	11.369000	11.400000	11.431000	11.462000	11.494000	11.525000	11.556000	11.603000	11.634000	11.665000	11.696000	11.728000	11.759000	11.790000	11.821000	11.868000	11.899000	11.930000	11.962000	11.993000	12.024000	12.055000	12.102000	12.133000	12.164000	12.196000	12.227000	12.258000	12.289000	12.336000	12.367000	12.398000	12.430000	12.461000	12.492000	12.523000	12.554000	12.601000	12.632000	12.664000	12.695000	12.726000	12.757000	12.788000	12.835000	12.866000	12.898000	12.929000	12.960000	12.991000	13.022000	13.069000	13.100000	13.132000	13.163000	13.194000	13.225000	13.256000	13.288000	13.334000	13.366000	13.397000	13.428000	13.459000	13.490000	13.522000	13.568000	13.600000	13.631000	13.662000	13.693000	13.724000	13.756000	13.802000	13.834000	13.865000	13.896000	13.927000	13.958000	13.990000	14.021000	14.068000	14.099000	14.130000	14.161000	14.192000	14.224000	14.255000	14.302000	14.333000	14.364000	14.395000	14.426000	14.458000	14.489000	14.536000	14.567000	14.598000	14.629000	14.660000	14.692000	14.723000	14.754000	14.801000	14.832000	14.863000	14.894000	14.926000	14.957000	14.988000	15.035000	15.066000	15.097000	15.128000	15.160000	15.191000	15.222000	15.269000	15.300000	15.331000	15.362000	15.394000	15.425000	15.456000	15.487000	15.534000	15.565000	15.596000	15.628000	15.659000	15.690000	15.721000	15.752000	15.799000	15.830000	15.862000	15.893000	15.924000	15.955000	15.986000	16.033000	16.065000	16.096000	16.127000	16.158000	16.189000	16.221000	16.267000	16.299000	16.330000	16.361000	16.392000	16.423000	16.455000	16.486000	16.533000	16.564000	16.595000	16.626000	16.657000	16.689000	16.720000	16.767000	16.798000	16.829000	16.860000	16.891000	16.923000	16.954000	17.001000	17.032000	17.063000	17.094000	17.125000	17.157000	17.188000	17.219000	17.266000	17.297000	17.328000	17.359000	17.391000	17.422000	17.453000	17.500000	17.531000	17.562000	17.593000	17.625000	17.656000	17.687000	17.734000	17.765000	17.796000	17.827000	17.859000	17.890000	17.921000	17.952000	17.999000	18.030000	18.061000	18.093000	18.124000	18.155000	18.186000	18.233000	18.264000	18.295000	18.327000	18.358000	18.389000	18.420000	18.467000	18.498000	18.529000	18.561000	18.592000	18.623000	18.654000	18.685000	18.732000	18.763000	18.795000	18.826000	18.857000	18.888000	18.919000	18.966000	18.997000	19.029000	19.060000	19.091000	19.122000	19.153000	19.200000	19.231000	19.263000	19.294000	19.325000	19.356000	19.387000	19.419000	19.465000	19.497000	19.528000	19.559000	19.590000	19.621000	19.653000	19.684000	19.731000	19.762000	19.793000	19.824000	19.855000	19.887000	19.918000	19.965000	19.996000	20.027000	20.058000	20.089000	20.121000	20.152000	20.199000	20.230000	20.261000	20.292000	20.323000	20.355000	20.386000	20.417000	20.464000	20.495000	20.526000	20.557000	20.589000	20.620000	20.651000	20.698000	20.729000	20.760000	20.791000	20.823000	20.854000	20.885000	20.932000	20.963000	20.994000	21.025000	21.057000	21.088000	21.119000	21.150000	21.197000	21.228000	21.259000	21.291000	21.322000	21.353000	21.384000	21.431000	21.462000	21.493000	21.525000	21.556000	21.587000	21.618000	21.665000	21.696000	21.727000	21.759000	21.790000	21.821000	21.852000	21.883000	21.930000	21.961000	21.993000	22.024000	22.055000	22.086000	22.117000	22.164000	22.195000	22.227000	22.258000	22.289000	22.320000	22.351000	22.398000	22.429000	22.461000	22.492000	22.523000	22.554000	22.585000	22.617000	22.663000	22.695000	22.726000	22.757000	22.788000	22.819000	22.851000	22.897000	22.929000	22.960000	22.991000	23.022000	23.053000	23.085000	23.131000	23.163000	23.194000	23.225000	23.256000	23.287000	23.319000	23.350000	23.397000	23.428000	23.459000	23.490000	23.521000	23.553000	23.584000	23.615000	23.662000	23.693000	23.724000	23.755000	23.787000	23.818000	23.849000	23.896000	23.927000	23.958000	23.989000	24.021000	24.052000	24.083000	24.130000	24.161000	24.192000	24.223000	24.255000	24.286000	24.317000	24.348000	24.395000	24.426000	24.457000	24.489000	24.520000	24.551000	24.582000	24.629000	24.660000	24.691000	24.723000	24.754000	24.785000	24.816000	24.863000	24.894000	24.925000	24.957000	24.988000	25.019000	25.050000	25.081000	25.128000	25.159000	25.191000	25.222000	25.253000	25.284000	25.315000	25.362000	25.393000	25.425000	25.456000	25.487000	25.518000	25.549000	25.596000	25.627000	25.659000	25.690000	25.721000	25.752000	25.783000	25.815000	25.861000	25.893000	25.924000	25.955000	25.986000	26.017000	26.049000	26.095000	26.127000	26.158000	26.189000	26.220000	26.251000	26.283000	26.329000	26.361000	26.392000	26.423000	26.454000	26.485000	26.517000	26.548000	26.595000	26.626000	26.657000	26.688000	26.719000	26.751000	26.782000	26.829000	26.860000	26.891000	26.922000	26.953000	26.985000	27.016000	27.063000	27.094000	27.125000	27.156000	27.187000	27.219000	27.250000	27.281000	27.328000	27.359000	27.390000	27.421000	27.453000	27.484000	27.515000	27.562000	27.593000	27.624000	27.655000	27.687000	27.718000	27.749000	27.780000	27.827000	27.858000	27.889000	27.921000	27.952000	27.983000	28.014000	28.061000	28.092000	28.123000	28.155000	28.186000	28.217000	28.248000	28.295000	28.326000	28.357000	28.389000	28.420000	28.451000	28.482000	28.513000	28.560000	28.591000	28.623000	28.654000	28.685000	28.716000	28.747000	28.794000	28.825000	28.857000	28.888000	28.919000	28.950000	28.981000	29.013000	29.059000	29.091000	29.122000	29.153000	29.184000	29.215000	29.247000	29.293000	29.325000	29.356000	29.387000	29.418000	29.449000	29.481000	29.527000	29.559000	29.590000	29.621000	29.652000	29.683000	29.715000	29.746000	29.793000	29.824000	29.855000	29.886000	29.917000	29.949000
%%%	13.913043	13.913043	13.913043	13.913043	13.913043	13.913043	13.913043	13.913043	13.913043	13.913043	13.913043	13.913043	13.913043	13.913043	13.913043	13.913043	13.913043	13.913043	13.913043	13.913043	13.913043	13.913043	13.913043	13.913043	13.913043	13.913043	13.913043	13.913043	13.913043	13.913043	13.913043	13.913043	13.913043	13.913043	13.913043	13.913043	13.913043	13.913043	13.913043	13.913043	13.913043	13.913043	13.913043	13.913043	13.913043	13.913043	13.913043	13.913043	13.913043	13.913043	13.913043	13.913043	13.913043	13.913043	13.913043	13.913043	13.913043	13.913043	13.913043	13.913043	13.913043	13.913043	13.913043	13.913043	13.913043	13.913043	13.913043	13.913043	13.913043	13.913043	13.913043	13.913043	13.913043	13.913043	13.913043	13.913043	13.913043	13.913043	13.913043	13.913043	13.913043	13.913043	13.913043	13.913043	13.913043	13.913043	13.913043	13.913043	13.913043	13.913043	13.913043	13.913043	13.913043	13.913043	13.913043	13.913043	13.913043	13.913043	13.913043	13.913043	13.913043	13.913043	13.913043	13.913043	13.913043	13.913043	13.913043	13.913043	13.913043	13.913043	13.913043	13.913043	13.913043	13.913043	13.913043	13.913043	13.913043	13.913043	13.913043	13.913043	13.913043	13.913043	13.913043	13.913043	13.913043	13.913043	13.913043	13.913043	13.913043	13.913043	13.913043	13.913043	13.913043	13.913043	13.913043	13.913043	13.913043	13.913043	13.913043	13.913043	13.913043	13.913043	13.913043	13.913043	13.913043	13.913043	13.913043	13.913043	13.913043	13.913043	13.913043	13.913043	13.913043	13.913043	13.913043	13.913043	13.913043	13.913043	13.913043	13.913043	13.913043	13.913043	13.913043	13.913043	13.913043	13.913043	13.913043	13.913043	13.913043	13.913043	13.913043	13.913043	13.913043	13.913043	13.913043	13.913043	13.913043	13.913043	13.913043	13.913043	13.913043	13.913043	13.913043	13.913043	13.913043	13.913043	13.913043	13.913043	13.913043	13.913043	13.913043	13.913043	13.913043	13.913043	13.913043	13.913043	13.913043	13.913043	13.913043	13.913043	13.913043	13.913043	13.913043	13.913043	13.913043	13.913043	13.913043	13.913043	13.913043	13.913043	13.913043	13.913043	13.913043	13.913043	13.913043	13.913043	13.913043	13.913043	13.913043	13.913043	13.913043	13.913043	13.913043	13.913043	13.913043	13.913043	13.913043	13.913043	13.913043	13.913043	13.913043	13.913043	13.913043	13.913043	13.913043	13.913043	13.913043	13.913043	13.913043	13.913043	13.913043	13.913043	13.913043	13.913043	13.913043	13.913043	13.913043	13.913043	13.913043	13.913043	13.913043	13.913043	13.913043	13.913043	13.913043	13.913043	13.913043	13.913043	13.913043	13.913043	13.913043	13.913043	13.913043	13.913043	13.913043	13.913043	13.913043	13.913043	13.913043	13.913043	13.913043	13.913043	13.913043	13.913043	13.913043	13.913043	13.913043	13.913043	13.913043	13.913043	13.913043	13.913043	13.913043	13.913043	13.913043	13.913043	13.913043	13.913043	13.913043	13.913043	13.913043	13.913043	13.913043	13.913043	13.913043	13.913043	13.913043	13.913043	13.913043	13.913043	13.913043	13.913043	13.913043	13.913043	13.913043	13.913043	13.913043	13.913043	13.913043	13.913043	13.913043	13.913043	13.913043	13.913043	13.913043	13.913043	13.913043	13.913043	13.913043	13.913043	13.913043	13.913043	13.913043	13.913043	13.913043	13.913043	13.913043	13.913043	13.913043	13.913043	13.913043	13.913043	13.913043	13.913043	13.913043	13.913043	13.913043	13.913043	13.913043	13.913043	13.913043	13.913043	13.913043	13.913043	13.913043	13.913043	13.913043	13.913043	13.913043	13.913043	13.913043	13.913043	13.913043	13.913043	13.913043	13.913043	13.913043	13.913043	13.913043	13.913043	13.913043	13.913043	13.913043	13.913043	13.913043	13.913043	13.913043	13.913043	13.913043	13.913043	13.913043	13.913043	13.913043	13.913043	13.913043	13.913043	13.913043	13.913043	13.913043	13.913043	13.913043	13.913043	13.913043	13.913043	13.913043	13.913043	13.913043	13.913043	13.913043	13.913043	13.913043	13.913043	13.913043	13.913043	13.913043	13.913043	13.913043	13.913043	13.913043	13.913043	13.913043	13.913043	13.913043	13.913043	13.913043	13.913043	13.913043	13.913043	13.913043	13.913043	13.913043	13.913043	13.913043	13.913043	13.913043	13.913043	13.913043	13.913043	13.913043	13.913043	13.913043	13.913043	13.913043	13.913043	13.913043	13.913043	13.913043	13.913043	13.913043	13.913043	13.913043	13.913043	13.913043	13.913043	13.913043	13.913043	13.913043	13.913043	13.913043	13.913043	13.913043	13.913043	13.913043	13.913043	13.913043	13.913043	13.913043	13.913043	13.913043	13.913043	13.913043	13.913043	13.913043	13.913043	13.913043	13.913043	13.913043	13.913043	13.913043	13.913043	13.913043	13.913043	13.913043	13.913043	13.913043	13.913043	13.913043	13.913043	13.913043	13.913043	13.913043	13.913043	13.913043	13.913043	13.913043	13.913043	13.913043	13.913043	13.913043	13.913043	13.913043	13.913043	13.913043	13.913043	13.913043	13.913043	13.913043	13.913043	13.913043	13.913043	13.913043	13.913043	13.913043	13.913043	13.913043	13.913043	13.913043	13.913043	13.913043	13.913043	13.913043	13.913043	13.913043	13.913043	13.913043	13.913043	13.913043	13.913043	13.913043	13.913043	13.913043	13.913043	13.913043	13.913043	13.913043	13.913043	13.913043	13.913043	13.913043	13.913043	13.913043	13.913043	13.913043	13.913043	13.913043	13.913043	13.913043	13.913043	13.913043	13.913043	13.913043	13.913043	13.913043	13.913043	13.913043	13.913043	13.913043	13.913043	13.913043	13.913043	13.913043	13.913043	13.913043	13.913043	13.913043	13.913043	13.913043	13.913043	13.913043	13.913043	13.913043	13.913043	13.913043	13.913043	13.913043	13.913043	13.913043	13.913043	13.913043	13.913043	13.913043	13.913043	13.913043	13.913043	13.913043	13.913043	13.913043	13.913043	13.913043	13.913043	13.913043	13.913043	13.913043	13.913043	13.913043	13.913043	13.913043	13.913043	13.913043	13.913043	13.913043	13.913043	13.913043	13.913043	13.913043	13.913043	13.913043	13.913043	13.913043	13.913043	13.913043	13.913043	13.913043	13.913043	13.913043	13.913043	13.913043	13.913043	13.913043	13.913043	13.913043	13.913043	13.913043	13.913043	13.913043	13.913043	13.913043	13.913043	13.913043	13.913043	13.913043	13.913043	13.913043	13.913043	13.913043	13.913043	13.913043	13.913043	13.913043	13.913043	13.913043	13.913043	13.913043	13.913043	13.913043	13.913043	13.913043	13.913043	13.913043	13.913043	13.913043	13.913043	13.913043	13.913043	13.913043	13.913043	13.913043	13.913043	13.913043	13.913043	13.913043	13.913043	13.913043	13.913043	13.913043	13.913043	13.913043	13.913043	13.913043	13.913043	13.913043	13.913043	13.913043	13.913043	13.913043	13.913043	13.913043	13.913043	13.913043	13.913043	13.913043	13.913043	13.913043	13.913043	13.913043	13.913043	13.913043	13.913043	13.913043	13.913043	13.913043	13.913043	13.913043	13.913043	13.913043	13.913043	13.913043	13.913043	13.913043	13.913043	13.913043	13.913043	13.913043	13.913043	13.913043	13.913043	13.913043	13.913043	13.913043	13.913043	13.913043	13.913043	13.913043	13.913043	13.913043	13.913043	13.913043	13.913043	13.913043	13.913043	13.913043	13.913043	13.913043	13.913043	13.913043	13.913043	13.913043	13.913043	13.913043	13.913043	13.913043	13.913043	13.913043	13.913043	13.913043	13.913043	13.913043	13.913043	13.913043	13.913043	13.913043	13.913043	13.913043	13.913043	13.913043	13.913043	13.913043	13.913043	13.913043	13.913043	13.913043	13.913043	13.913043	13.913043	13.913043	13.913043	13.913043	13.913043	13.913043	13.913043	13.913043	13.913043	13.913043	13.913043	13.913043	13.913043	13.913043	13.913043	13.913043	13.913043	13.913043	13.913043	13.913043	13.913043	13.913043	13.913043	13.913043	13.913043	13.913043	13.913043	13.913043	13.913043	13.913043	13.913043	13.913043	13.913043	13.913043	13.913043	13.913043	13.913043	13.913043	13.913043	13.913043	13.913043	13.913043	13.913043	13.913043	13.913043	13.913043	13.913043	13.913043	13.913043	13.913043	13.913043	13.913043	13.913043	13.913043	13.913043	13.913043	13.913043	13.913043	13.913043	13.913043	13.913043	13.913043	13.913043	13.913043	13.913043	13.913043	13.913043	13.913043	13.913043	13.913043	13.913043	13.913043	13.913043	13.913043	13.913043	13.913043	13.913043	13.913043	13.913043	13.913043	13.913043	13.913043	13.913043	13.913043	13.913043	13.913043	13.913043	13.913043	13.913043	13.913043	13.913043	13.913043	13.913043	13.913043	13.913043	13.913043	13.913043	13.913043	13.913043	13.913043	13.913043	13.913043	13.913043	13.913043	13.913043	13.913043	13.913043	13.913043	13.913043	13.913043	13.913043	13.913043	13.913043	13.913043	13.913043	13.913043	13.913043	13.913043	13.913043	13.913043	13.913043	13.913043	13.913043	13.913043	13.913043	13.913043	13.913043	13.913043	13.913043	13.913043	13.913043	13.913043	13.913043	13.913043	13.913043	13.913043	13.913043	13.913043	13.913043	13.913043	13.913043	13.913043	13.913043	13.913043	13.913043	13.913043	13.913043	13.913043	13.913043	13.913043	13.913043	13.913043	13.913043	13.913043	13.913043	13.913043	13.913043	13.913043	13.913043	13.913043	13.913043	13.913043	13.913043	13.913043	13.913043	13.913043	13.913043	13.913043	13.913043
%%%	Pulse Index	Stimulus Section Index	Stimulus Section Start Index	Stimulus Section End Index	Pupil Stimulated: 0 = Right, 1 = Left, 2 = Both	Light Metric: 0 = Photopic, 1 = Scopotic, 2 = Radiometric	Stimulus Start Time	Stimulus Duration	Stimulus Pulse Duration	Right Pulse Max Level	Right Pulse Max Color (0123 = WRGB)	Right Pulse Min Level	Right Pulse Min Color (0123 = WRGB)	Left Pulse Max Level	Left Pulse Max Color (0123 = WRGB)	Left Pulse Min Level	Left Pulse Min Color (0123 = WRGB)	Right Data Input Type (0 == RAW DATA, 1 == FITTED DATA, 2 == M. OVERRIDED)	Right ANALYSIS STATE (0 == ABNORMAL, 1 == NORMAL)	Right MAX (mm) (EMPTY if INVALID)	Right MIN (mm) (EMPTY if INVALID)	Right DELTA (mm) (EMPTY if INVALID)	Right CH (%) (EMPTY if INVALID)	Right LAT (sec) (EMPTY if INVALID)	Right CV (mm/s) (EMPTY if INVALID)	Right MCV (mm/s) (EMPTY if INVALID)	Right DV (mm/s) (EMPTY if INVALID)	Left Data Input Type (0 == RAW DATA, 1 == FITTED DATA, 2 == M. OVERRIDED)	Left ANALYSIS STATE (0 == ABNORMAL, 1 == NORMAL)	Left MAX (mm) (EMPTY if INVALID)	Left MIN (mm) (EMPTY if INVALID)	Left DELTA (mm) (EMPTY if INVALID)	Left CH (%) (EMPTY if INVALID)	Left LAT (sec) (EMPTY if INVALID)	Left CV (mm/s) (EMPTY if INVALID)	Left MCV (mm/s) (EMPTY if INVALID)	Left DV (mm/s) (EMPTY if INVALID)
%%%	0	0	17	902	0	0	0.51	29.52	0.51	15.81	3	0.00	3	0.00	3	0.00	3	0	0	0.00	0.00			0.00	0.00	0.00	0.00	0	0	0.00	0.00			0.00	0.00	0.00	0.00
%%%%%%%%%
%%%%%%%%%
%%%%%%%%%
<\SESSION>
