<SESSION>
<VERSION>
2
<\VERSION>
<DATE>
2017-08-15 10:07:57
<\DATE>
<SUBJECT-ID>
c57-1mois-M2-2b
<\SUBJECT-ID>
<NOTE>

<\NOTE>
<MIN-MAX-PLOT>
0.100000 51880.761719
<\MIN-MAX-PLOT>
<STIMULUS-DEFINED>
Default
Default Human Relative Spectral Sensitivity
1	0
1	0.500000	0.500000	29.000000	3	3	2.000000	-100.000000	0.100000	-100.000000	0
<\STIMULUS-DEFINED>
<STIMULUS-GENERATED>
4
0	0	0.000000	3	0.000000	0.000000	3	0.000000	0.000000
0	1	0.510000	3	1.893833	100.059952	3	0.000000	0.000000
0	4	1.019000	3	0.000000	0.000000	3	0.000000	0.000000
-1	5	30.027000	0	0.000000	0.000000	0	0.000000	0.000000
<\STIMULUS-GENERATED>
<RIGHT-PUPIL-DATA>
903	1
1	-0.051000	1.415072	338.350006	299.350006
1	-0.020000	1.424493	338.518738	299.518738
1	0.011000	1.415797	338.343750	299.656250
1	0.042000	1.416377	338.368744	300.368744
1	0.074000	1.425073	338.756226	299.756226
1	0.105000	1.442319	338.399994	299.975006
1	0.136000	1.391304	339.000000	300.000000
1	0.183000	1.402899	339.000000	301.000000
1	0.214000	1.442464	338.993744	301.631256
1	0.245000	1.435797	338.681244	301.118744
1	0.276000	1.425073	338.243744	301.293732
1	0.308000	1.416377	338.368744	300.631256
1	0.339000	1.427246	338.475006	299.787506
1	0.370000	1.435362	337.875000	300.875000
1	0.417000	1.445072	338.031250	300.656250
1	0.448000	1.416812	337.375000	300.674988
1	0.479000	1.441884	337.968750	301.268738
1	0.510000	1.386377	337.962494	301.100006
1	0.542000	1.442899	338.000000	302.000000
1	0.573000	1.453768	337.906250	302.093750
1	0.604000	1.424493	338.218750	302.218750
1	0.651000	1.424638	337.799988	302.299988
1	0.682000	1.431594	338.212494	302.537506
1	0.713000	1.426087	337.000000	303.000000
1	0.744000	1.416377	337.668732	302.631256
1	0.776000	1.427681	337.481262	302.518738
1	0.807000	1.391449	337.993744	302.743744
1	0.838000	1.344058	337.687500	303.187500
1	0.869000	1.336377	338.431305	302.581268
1	0.916000	1.283623	337.056244	302.993744
1	0.947000	1.253333	336.600006	303.362518
1	0.978000	1.159420	337.000000	304.000000
1	1.010000	1.159275	337.093750	304.331238
1	1.041000	1.138116	336.931244	304.868744
1	1.072000	1.078841	338.000000	304.549988
1	1.103000	1.094493	338.274994	304.774994
1	1.134000	1.008985	337.750000	306.387451
0	1.181000	0.588116	344.087494	308.712494
1	1.212000	0.937391	337.549988	305.450012
1	1.244000	0.912317	336.381195	305.330902
1	1.275000	0.588116	343.574982	308.712494
1	1.306000	0.872464	337.549988	306.075012
1	1.337000	0.868406	337.087494	305.475006
1	1.368000	0.835362	337.500000	306.000000
1	1.415000	0.837681	337.500000	305.750000
1	1.446000	0.597246	342.593750	307.581238
1	1.478000	0.534058	344.456238	308.518738
1	1.509000	0.486232	343.206238	308.918762
1	1.540000	0.498841	344.037506	308.587494
1	1.571000	0.469420	343.743744	308.493744
1	1.602000	0.479275	344.006256	307.868744
0	1.649000	0.510145	344.000000	307.000000
1	1.680000	0.486957	343.500000	307.500000
1	1.712000	0.454203	343.512482	307.649994
1	1.743000	0.457681	343.537506	307.712494
1	1.774000	0.440580	343.500000	307.500000
1	1.805000	0.424493	343.093750	307.906250
1	1.836000	0.426667	343.125000	307.924988
1	1.868000	0.412464	343.312500	306.125000
1	1.914000	0.429855	343.062500	306.812500
1	1.946000	0.420580	341.912506	307.274994
0	1.977000	0.347826	355.168701	329.156250
0	2.008000	0.467971	341.606262	306.218750
0	2.039000	0.429855	342.937500	307.062500
0	2.070000	0.391159	342.618744	307.568756
0	2.102000	0.522899	341.524994	304.524994
0	2.148000	0.396232	343.062500	307.125000
1	2.180000	0.417391	342.500000	307.500000
0	2.211000	0.533333	340.000000	303.000000
1	2.242000	0.407536	342.087494	307.912506
1	2.273000	0.417971	342.250000	307.799988
0	2.304000	0.374493	366.187500	321.674988
0	2.336000	0.405072	367.206238	320.031250
1	2.382000	0.382029	341.875000	307.500000
0	2.414000	0.407681	342.131256	307.368744
1	2.445000	0.378116	341.693756	307.431244
1	2.476000	0.382609	341.750000	307.250000
0	2.507000	0.372464	342.250000	307.875000
1	2.538000	0.401015	341.993744	308.606232
0	2.570000	0.347826	369.018616	320.493835
0	2.601000	0.396812	342.087494	308.087494
0	2.648000	0.347826	359.468750	327.531250
0	2.679000	0.347826	353.718567	328.993713
0	2.710000	0.347826	345.668701	333.343750
1	2.741000	0.382609	342.000000	308.000000
0	2.772000	0.347826	359.006256	322.881256
1	2.804000	0.409855	341.350006	308.850006
1	2.835000	0.394638	341.443756	308.443756
0	2.882000	0.347826	357.681213	328.818726
1	2.913000	0.376667	341.281250	308.343750
0	2.944000	0.347826	366.381287	325.518677
0	2.975000	0.417391	342.000000	307.000000
0	3.006000	0.420725	341.243744	307.993744
1	3.038000	0.376812	340.500000	307.500000
0	3.069000	0.347826	360.518616	327.281433
1	3.116000	0.353188	341.393707	307.568756
0	3.147000	0.347826	358.343750	319.018738
0	3.178000	0.411449	341.143738	307.856262
0	3.209000	0.378985	341.443726	307.543762
0	3.240000	0.400000	366.500000	321.000000
1	3.272000	0.407246	341.000000	308.250000
1	3.303000	0.417971	341.187500	308.200012
1	3.334000	0.422899	341.149994	308.037506
0	3.381000	0.392464	340.587494	308.600006
1	3.412000	0.395507	341.456268	307.993744
0	3.443000	0.382609	341.000000	309.000000
1	3.474000	0.417246	340.993744	308.756256
1	3.506000	0.425072	341.118744	308.056244
1	3.537000	0.406377	341.899994	308.649994
1	3.568000	0.409275	341.125000	308.312500
1	3.615000	0.438551	340.687500	308.937500
1	3.646000	0.417536	340.806244	308.193756
1	3.677000	0.418116	340.231262	307.981262
1	3.708000	0.351015	357.287506	326.712494
1	3.740000	0.409275	340.312500	308.125000
0	3.771000	0.347826	322.093750	332.343750
1	3.802000	0.423188	340.500000	308.000000
0	3.849000	0.401884	341.006256	308.593719
0	3.880000	0.417246	340.831268	308.243744
0	3.911000	0.348985	353.818665	329.181335
1	3.942000	0.428841	340.831238	308.343750
1	3.974000	0.425362	340.931244	307.643768
0	4.005000	0.347826	350.343750	331.156250
0	4.036000	0.405797	340.000000	308.000000
0	4.067000	0.442899	339.750000	306.500000
0	4.114000	0.347826	358.318665	322.668579
0	4.145000	0.417391	340.000000	307.000000
0	4.176000	0.347826	362.468628	324.318665
0	4.208000	0.347826	359.018494	329.818787
0	4.239000	0.848987	345.187225	323.575104
1	4.270000	0.428985	339.250000	308.750000
0	4.301000	0.347826	360.368164	322.555786
1	4.348000	0.347826	333.018738	335.531250
1	4.379000	0.454203	339.350006	308.662506
1	4.410000	0.451159	339.431244	310.256256
1	4.442000	0.437536	339.281250	308.531250
0	4.473000	0.498406	338.093750	308.156250
1	4.504000	0.437536	339.468750	309.156250
1	4.535000	0.427536	339.625000	310.000000
1	4.582000	0.429855	339.312500	310.062500
1	4.613000	0.442464	338.868744	308.868744
1	4.644000	0.486957	340.000000	309.000000
0	4.676000	0.431014	340.000000	309.375000
0	4.707000	0.464058	338.662506	309.462494
1	4.738000	0.453333	339.475006	309.512482
1	4.769000	0.446232	339.531250	310.218750
0	4.800000	0.447101	339.418762	309.781250
1	4.847000	0.432029	340.356262	310.818726
1	4.878000	0.465797	339.362488	311.437500
1	4.910000	0.442319	339.524994	311.524994
1	4.941000	0.556522	340.000000	311.000000
0	4.972000	0.441884	339.843750	311.156250
0	5.003000	0.369855	365.687775	323.112152
0	5.034000	0.440145	339.356232	311.181244
1	5.081000	0.486957	339.437500	310.937500
1	5.112000	0.486957	340.000000	311.000000
1	5.144000	0.479420	339.975006	310.850006
0	5.175000	0.440580	339.500000	310.500000
1	5.206000	0.467971	339.218750	311.156250
0	5.237000	0.347826	352.718750	335.718750
1	5.268000	0.348406	364.543762	326.868713
1	5.300000	0.488986	339.024994	310.912506
1	5.346000	0.440725	339.668762	310.468750
0	5.378000	0.533333	340.000000	307.000000
1	5.409000	0.489855	339.093750	311.031250
0	5.440000	0.461159	339.399994	310.712494
0	5.471000	0.457681	340.350006	311.350006
0	5.502000	0.347826	365.681335	326.368652
1	5.534000	0.453623	340.674988	310.737488
1	5.580000	0.468551	340.756256	310.506256
1	5.612000	0.486667	339.987488	310.187500
0	5.643000	0.440580	340.500000	310.500000
1	5.674000	0.463768	340.125000	310.375000
1	5.705000	0.452319	340.631256	310.306244
1	5.736000	0.472464	341.062500	310.187500
1	5.768000	0.457101	340.312500	310.562500
1	5.799000	0.483333	339.981262	310.168762
1	5.846000	0.446812	341.193756	310.431244
0	5.877000	0.510145	340.500000	310.500000
1	5.908000	0.469565	340.000000	310.500000
0	5.939000	0.351015	364.399994	325.912506
1	5.970000	0.464203	339.681244	310.556244
1	6.002000	0.468406	339.837494	310.475006
1	6.033000	0.510145	339.500000	310.500000
0	6.080000	0.486667	339.250000	309.937500
1	6.111000	0.696232	336.000000	309.000000
0	6.142000	0.486957	339.750000	309.250000
0	6.173000	0.475072	340.087494	309.600006
1	6.205000	0.462898	338.737549	310.687439
1	6.236000	0.485362	339.968750	310.243774
0	6.267000	0.556522	340.000000	311.000000
1	6.314000	0.491449	339.118744	310.818756
1	6.345000	0.493188	339.156250	310.156250
0	6.376000	0.651449	335.393738	309.081238
0	6.407000	0.556522	340.000000	311.000000
0	6.439000	0.556522	340.000000	311.000000
1	6.470000	0.492754	339.500000	310.500000
1	6.501000	0.451159	339.556244	312.243744
1	6.532000	0.498985	340.056244	311.806244
1	6.579000	0.505072	339.768738	311.893738
1	6.610000	0.484493	339.943726	311.931213
1	6.641000	0.503188	339.274994	311.725006
1	6.673000	0.489710	339.081238	312.206238
1	6.704000	0.486957	339.500000	311.500000
0	6.735000	0.364058	361.287506	324.475006
1	6.766000	0.494058	338.968750	311.893738
0	6.813000	0.347826	362.768555	319.968445
1	6.844000	0.495652	339.462494	311.149994
1	6.875000	0.487681	339.018738	310.731262
1	6.907000	0.484203	340.031250	310.968750
0	6.938000	0.407392	364.405823	321.056213
1	6.969000	0.468551	339.506256	310.493744
0	7.000000	0.409275	360.812500	325.875000
0	7.047000	0.347826	361.193542	327.181702
1	7.078000	0.494493	340.024994	310.100006
0	7.109000	0.483623	339.056244	309.743744
0	7.141000	0.465797	339.250000	309.625000
1	7.172000	0.459710	339.312408	309.725006
1	7.203000	0.475362	339.000000	310.000000
1	7.234000	0.477246	338.943756	310.631256
1	7.265000	0.500000	339.125000	311.125000
0	7.312000	0.496812	339.837494	311.100006
1	7.343000	0.509710	339.181244	311.631256
1	7.375000	0.484203	339.031250	311.093750
1	7.406000	0.475072	339.162506	312.399994
1	7.437000	0.491884	338.924988	311.125000
1	7.468000	0.528841	339.406250	309.656250
1	7.499000	0.466377	339.212494	308.787506
1	7.546000	0.481449	339.024994	310.024994
0	7.577000	0.486957	338.000000	309.000000
1	7.609000	0.457536	338.568756	310.618744
0	7.640000	0.347826	351.118225	331.368164
1	7.671000	0.498116	337.981262	312.206238
1	7.702000	0.510145	338.000000	313.000000
1	7.733000	0.521739	337.250000	312.750000
0	7.780000	0.544928	336.000000	313.000000
0	7.811000	0.347826	363.462494	327.337494
1	7.843000	0.509275	337.687500	313.187500
0	7.874000	0.498551	337.000000	313.000000
1	7.905000	0.499420	338.000000	314.000000
0	7.936000	0.533333	336.000000	311.000000
1	7.967000	0.522899	337.524994	314.475006
1	7.999000	0.521739	338.000000	314.000000
1	8.045000	0.485362	338.018738	313.918762
0	8.077000	0.365217	363.000000	325.500000
1	8.108000	0.521739	338.000000	314.000000
0	8.139000	0.486957	338.000000	315.000000
1	8.170000	0.498406	337.093750	314.031250
0	8.201000	0.556522	340.000000	315.000000
0	8.233000	0.742029	332.000000	315.000000
1	8.279000	0.522899	338.512482	315.475006
0	8.311000	0.347826	365.018738	323.968750
0	8.342000	0.533333	336.000000	319.000000
0	8.373000	0.527246	334.649994	319.537506
1	8.404000	0.540290	334.524994	322.725006
0	8.435000	0.669565	338.187500	323.687500
0	8.467000	0.521594	337.243744	327.493744
0	8.513000	0.347826	366.568756	324.318756
0	8.545000	0.533768	338.356232	332.181244
0	8.576000	0.522899	338.475006	332.475006
0	8.607000	0.529855	339.375000	332.750000
0	8.638000	0.355942	365.418640	321.618713
0	8.669000	0.556522	340.000000	331.000000
1	8.701000	0.838551	334.562500	327.500000
1	8.732000	0.857102	335.062500	326.187500
1	8.779000	0.571159	339.906250	328.156250
1	8.810000	0.615362	339.662506	328.662506
0	8.841000	0.579710	340.924988	329.325012
1	8.872000	0.600000	340.500000	329.750000
1	8.903000	0.607536	341.412506	330.274994
0	8.935000	0.365797	371.625000	321.750000
1	8.966000	0.910000	335.931274	326.343750
0	9.013000	0.590145	341.512482	329.024994
1	9.044000	0.956522	334.625000	327.375000
1	9.075000	0.976667	334.906250	326.593750
1	9.106000	0.603768	341.625000	329.625000
0	9.137000	0.504348	344.625000	329.875000
0	9.169000	0.596667	341.568756	328.693756
1	9.200000	0.633768	341.881256	328.881256
0	9.231000	0.596667	343.318756	328.868744
1	9.278000	1.000145	334.181244	326.881256
1	9.309000	0.979420	334.649994	326.350006
0	9.340000	0.621884	341.693756	328.681244
1	9.371000	1.017391	334.750000	326.500000
1	9.403000	0.626087	342.500000	328.500000
1	9.434000	0.997247	335.381073	325.618805
0	9.465000	0.646812	341.056244	329.431244
0	9.512000	0.648985	341.975006	328.024994
0	9.543000	0.742029	340.000000	327.000000
0	9.574000	0.742029	340.000000	331.000000
0	9.605000	0.672899	342.318756	328.368744
1	9.637000	0.654928	342.093750	328.906250
1	9.668000	0.708116	342.187500	328.937500
0	9.699000	0.694493	342.399994	329.649994
1	9.746000	1.092319	335.256256	325.181244
1	9.777000	0.653623	341.887512	330.112488
1	9.808000	1.078261	335.000000	325.000000
1	9.839000	0.693768	341.618713	329.981262
1	9.871000	0.709420	340.831207	330.193695
0	9.902000	0.718986	340.656250	330.656250
1	9.933000	0.678406	341.243744	329.556244
1	9.964000	1.111884	334.975006	325.662506
1	10.011000	1.078841	334.487488	325.000000
1	10.042000	1.114058	334.506256	325.043732
0	10.073000	0.684058	341.531250	329.531250
1	10.105000	1.099420	334.687500	324.799988
0	10.136000	0.690725	341.562500	328.562500
0	10.167000	0.698985	341.693756	329.306244
0	10.198000	1.759855	346.556213	322.443726
0	10.245000	1.020290	336.000000	327.000000
1	10.276000	1.133333	333.924988	325.125000
1	10.307000	1.114203	334.524994	325.475006
1	10.339000	1.123333	334.593750	325.031250
0	10.370000	0.690145	341.412506	329.587494
1	10.401000	1.092898	333.781250	326.093750
1	10.432000	1.112029	333.018768	326.043732
1	10.479000	1.104203	334.318756	326.868744
1	10.510000	1.122754	333.818756	326.818756
0	10.541000	0.683333	341.518738	329.543762
1	10.573000	1.113043	333.000000	326.000000
1	10.604000	1.117971	333.437500	326.937500
1	10.635000	1.089855	332.000000	327.000000
1	10.666000	1.117971	332.937500	326.937500
1	10.697000	0.671450	340.668671	330.343658
0	10.744000	0.670145	340.362488	330.625000
0	10.775000	1.283623	348.943756	322.056244
1	10.807000	1.105942	332.781250	326.906250
0	10.838000	1.894203	347.737488	321.562500
1	10.869000	1.150580	332.968750	326.968750
1	10.900000	1.147826	332.000000	327.000000
1	10.931000	1.127101	332.356232	327.056244
0	10.978000	0.834783	340.000000	331.000000
1	11.009000	1.127681	332.656250	326.656250
1	11.041000	1.115797	332.343750	326.968750
1	11.072000	1.159275	332.468750	327.093750
1	11.103000	1.129710	332.093750	326.481262
1	11.134000	1.078261	331.000000	326.000000
1	11.165000	1.113043	332.500000	327.500000
1	11.197000	1.168116	331.750000	327.750000
1	11.243000	1.136232	331.750000	326.750000
1	11.275000	1.122319	333.000000	327.000000
1	11.306000	1.100725	331.331238	327.668762
0	11.337000	0.705942	340.206238	332.206238
1	11.368000	1.107246	331.875000	327.875000
1	11.399000	1.136232	332.000000	329.000000
1	11.431000	1.079855	330.581238	326.581238
1	11.477000	1.159710	331.337494	326.087494
1	11.509000	1.151594	331.687500	326.062500
1	11.540000	1.136812	331.850006	326.412506
1	11.571000	1.152609	331.018738	326.281250
1	11.602000	1.117971	331.375000	326.062500
1	11.633000	1.148406	332.687500	327.487488
1	11.665000	1.150580	332.031250	327.656250
1	11.711000	1.113043	332.000000	327.000000
0	11.743000	1.576812	351.500000	323.500000
1	11.774000	1.161449	331.625000	328.187500
1	11.805000	1.113043	331.000000	328.000000
1	11.836000	1.139130	331.625214	327.412689
1	11.867000	1.153188	331.993744	328.243744
1	11.899000	1.144058	331.762512	327.812500
1	11.930000	1.118406	331.443756	327.931244
1	11.977000	1.136812	330.850006	327.524994
1	12.008000	1.159420	331.500000	328.500000
1	12.039000	1.185942	331.556244	328.006256
1	12.070000	1.113043	332.000000	327.000000
0	12.101000	1.046377	333.250000	330.250000
0	12.133000	0.730435	338.000000	333.000000
1	12.164000	1.136377	331.156250	328.781250
1	12.211000	1.151014	330.712494	328.987518
1	12.242000	1.154638	330.568756	328.431183
1	12.273000	1.144928	330.500000	328.250000
1	12.304000	1.183188	330.000000	328.562500
1	12.335000	1.147826	330.250000	328.250000
0	12.367000	0.781594	337.118744	333.793732
1	12.398000	1.152174	330.750000	328.750000
0	12.445000	0.973913	333.875000	332.625000
0	12.476000	0.765217	338.000000	333.000000
1	12.507000	1.141884	329.906250	329.218750
1	12.538000	1.190145	330.837494	329.475006
0	12.569000	0.741595	338.368530	333.231323
1	12.601000	1.156667	330.368744	329.368744
1	12.632000	1.157536	330.818756	329.681244
0	12.663000	0.755942	337.375000	333.500000
1	12.710000	1.185362	330.781250	328.468750
1	12.741000	1.127681	330.656250	329.031250
1	12.772000	1.164927	331.487488	329.362488
1	12.803000	1.118551	331.087494	329.912506
1	12.835000	1.183333	330.918762	330.018738
0	12.866000	1.528841	346.031250	322.531250
0	12.897000	0.805797	339.000000	335.500000
0	12.944000	1.566377	343.524994	326.524994
1	12.975000	1.131014	330.299988	328.700012
1	13.006000	1.152464	330.737549	329.000000
1	13.037000	1.118551	330.037506	328.912506
1	13.069000	1.175073	331.399994	328.600006
1	13.100000	1.198986	331.681244	328.368744
1	13.131000	1.161884	332.168671	328.843719
1	13.162000	1.182609	331.625000	328.625000
1	13.209000	1.154203	330.725006	328.975006
1	13.240000	1.160290	331.312500	328.312500
1	13.271000	1.160290	330.674988	328.312500
1	13.303000	1.192464	331.537506	328.100006
1	13.334000	1.165797	331.250000	328.125000
1	13.365000	1.171015	331.000000	328.000000
1	13.396000	1.197101	331.750000	328.250000
1	13.443000	1.168551	330.806244	328.193756
0	13.474000	1.957246	342.893738	321.143738
0	13.505000	0.894058	333.843750	333.843750
1	13.537000	1.157971	331.137512	329.112488
0	13.568000	0.752174	338.625000	332.500000
1	13.599000	1.182609	330.000000	329.000000
1	13.630000	1.184783	330.562500	329.000000
1	13.677000	1.166667	331.237488	329.237488
1	13.708000	1.183768	330.475006	328.725006
1	13.739000	1.149275	330.987488	328.987488
1	13.771000	1.123333	329.981293	328.956085
1	13.802000	1.170725	329.725006	328.537506
1	13.833000	1.121015	329.106293	328.931305
1	13.864000	1.162464	329.531250	328.468750
0	13.895000	0.983768	332.774994	331.337494
1	13.942000	1.198116	330.756195	328.606354
0	13.973000	1.577246	348.318756	323.318756
1	14.005000	1.160725	330.118713	328.293762
1	14.036000	1.134928	329.243744	328.756256
1	14.067000	1.148986	329.475006	328.475006
0	14.098000	0.751594	337.362488	333.187500
1	14.129000	1.147971	329.693756	328.493744
1	14.176000	1.162319	329.656250	328.531250
1	14.207000	0.813623	336.687500	333.312500
1	14.239000	1.159855	329.681244	328.631256
1	14.270000	1.202899	330.750000	330.000000
1	14.301000	0.768116	338.000000	334.250000
1	14.332000	1.182609	330.750000	330.750000
1	14.363000	1.159275	330.331238	331.293762
1	14.410000	1.202754	330.281250	331.281250
1	14.441000	1.190579	330.031219	331.231293
1	14.473000	1.188406	329.500000	331.000000
1	14.504000	1.192899	328.843750	331.843750
1	14.535000	1.217536	329.556244	331.493744
1	14.566000	1.192899	327.843750	331.093750
1	14.597000	1.203188	328.287506	331.712494
1	14.629000	1.200000	327.500000	332.000000
1	14.675000	1.188406	327.000000	332.500000
1	14.707000	1.162319	327.825012	331.825012
0	14.738000	0.716667	336.456238	336.956238
0	14.769000	1.391304	344.000000	323.000000
1	14.800000	1.205797	328.000000	335.000000
0	14.831000	1.298551	328.000000	331.000000
0	14.863000	0.757102	336.875000	337.437500
1	14.909000	1.183768	328.975006	333.774994
1	14.941000	1.191449	328.868744	333.868744
0	14.972000	0.747826	336.500000	338.000000
1	15.003000	1.205797	328.750000	333.250000
0	15.034000	1.831594	340.399994	335.162506
1	15.065000	1.229420	329.068756	333.068756
1	15.097000	1.228551	328.706268	334.193634
0	15.143000	1.698986	338.431244	337.431244
1	15.175000	1.196232	327.937500	333.625000
1	15.206000	1.211884	327.912506	334.912506
1	15.237000	1.205797	328.750000	335.250000
1	15.268000	1.202754	327.968750	335.281250
1	15.299000	1.183768	327.412506	334.725006
1	15.331000	1.196377	328.468658	336.056244
0	15.362000	0.725072	336.306244	339.306244
1	15.409000	1.207536	328.225006	336.225006
1	15.440000	1.194493	328.412506	336.537506
1	15.471000	1.212029	328.931244	337.068756
1	15.502000	1.201449	328.500000	336.500000
1	15.533000	1.211884	328.087494	336.912506
1	15.565000	1.207536	328.725006	337.225006
1	15.596000	1.211159	328.081238	336.618713
1	15.643000	1.212464	328.187500	336.562500
1	15.674000	1.200580	328.649963	336.299988
1	15.705000	1.234203	328.450012	336.299988
1	15.736000	1.181449	328.012482	336.975006
1	15.767000	1.242464	327.743744	337.256256
1	15.799000	1.242899	327.750000	338.125000
1	15.830000	1.217391	328.000000	338.000000
1	15.877000	1.212029	327.306244	338.193756
1	15.908000	1.208696	327.750000	339.000000
1	15.939000	1.199420	326.812500	339.625000
1	15.970000	1.194203	327.250000	339.750000
0	16.001000	1.692319	335.318756	341.181244
1	16.033000	1.275362	326.000000	339.000000
1	16.064000	1.215217	327.131256	339.443756
1	16.095000	1.224493	326.581238	339.806213
1	16.142000	1.217391	325.625000	339.375000
1	16.173000	1.214203	325.850006	339.149994
1	16.204000	1.249420	325.468750	338.718750
1	16.235000	1.212029	326.306244	339.068756
0	16.267000	1.970145	338.187500	332.687500
1	16.298000	1.234203	326.450012	339.125000
1	16.329000	1.270145	326.187500	339.062500
1	16.376000	1.246812	326.318756	339.681244
1	16.407000	1.205797	326.500000	339.500000
1	16.438000	1.255362	325.537506	339.975006
1	16.469000	1.238551	325.812500	339.812500
0	16.501000	1.947826	339.000000	336.000000
0	16.532000	1.785507	336.000000	341.000000
0	16.563000	1.762319	336.000000	343.000000
1	16.594000	1.284058	323.750000	340.850037
1	16.641000	1.251594	324.000000	340.625000
0	16.672000	1.848840	333.681244	343.318756
1	16.703000	1.285507	324.718750	340.968750
1	16.735000	1.305942	325.218750	340.093750
0	16.766000	1.682609	332.750000	343.875000
1	16.797000	1.286957	325.000000	341.000000
1	16.828000	1.286377	324.000000	340.000000
1	16.875000	1.296812	324.850006	340.250031
0	16.906000	1.298551	324.000000	343.000000
1	16.937000	1.285942	324.006256	340.006256
1	16.969000	1.269420	324.243744	339.793732
1	17.000000	1.325942	324.618744	339.418732
1	17.031000	1.295797	324.993744	339.131256
1	17.062000	1.298551	324.812500	339.862488
1	17.093000	1.317246	324.881256	338.931244
1	17.140000	1.303188	324.774994	339.725006
1	17.171000	1.315217	325.643707	339.756317
1	17.203000	1.321739	325.000000	339.000000
0	17.234000	1.855072	332.000000	343.000000
1	17.265000	1.295507	324.993744	340.006256
1	17.296000	1.327536	325.500000	339.500000
0	17.327000	1.778261	334.875000	339.375000
1	17.374000	1.321015	325.518738	340.368713
1	17.405000	1.327246	324.587494	339.412506
1	17.437000	1.321739	325.000000	338.000000
0	17.468000	1.669565	324.000000	347.000000
1	17.499000	1.329420	324.506256	338.931244
1	17.530000	1.321739	326.000000	339.000000
1	17.561000	1.306812	324.893738	338.381226
0	17.608000	1.820290	334.000000	334.000000
1	17.639000	1.344058	325.312500	339.312500
1	17.671000	1.326667	325.562500	339.437500
1	17.702000	1.344058	324.812500	339.312500
1	17.733000	1.294493	324.850006	339.637482
1	17.764000	1.290580	324.581238	339.956238
1	17.795000	1.298551	324.937500	340.062500
1	17.827000	1.308696	324.750000	340.250000
1	17.873000	1.304348	325.000000	341.000000
0	17.905000	1.820290	334.875000	342.625000
0	17.936000	1.860435	336.893799	340.431335
1	17.967000	1.322899	324.524994	341.074982
1	17.998000	1.322464	325.375000	341.375000
1	18.029000	1.284058	325.000000	341.500000
0	18.061000	1.924638	338.000000	341.000000
1	18.107000	1.286377	324.250000	342.000000
1	18.139000	1.283623	323.793732	343.006256
0	18.170000	1.947681	338.006256	336.981232
1	18.201000	1.305507	324.225006	343.024994
0	18.232000	1.762319	332.000000	347.000000
1	18.263000	1.304348	323.000000	343.000000
1	18.295000	1.341884	323.281250	342.718750
0	18.341000	1.977246	335.556244	338.443756
1	18.373000	1.345072	323.343750	343.343750
0	18.404000	1.788116	331.212494	348.837494
0	18.435000	1.981594	335.131256	339.506256
1	18.466000	0.857536	331.568756	349.318756
0	18.497000	1.821159	330.500000	347.750000
0	18.529000	1.845797	333.975006	342.024994
1	18.560000	1.309275	323.312500	343.862488
1	18.607000	1.333333	323.000000	345.000000
1	18.638000	1.321739	322.500000	345.500000
1	18.669000	1.342899	323.412476	345.637512
1	18.700000	1.323188	323.562500	345.512512
1	18.731000	1.292899	322.218750	345.093750
1	18.763000	1.325073	322.618744	344.443756
1	18.794000	1.309275	323.687500	345.174988
1	18.841000	1.304928	323.125000	344.875000
0	18.872000	1.640145	330.806244	346.381256
1	18.903000	1.331594	323.537506	345.475006
1	18.934000	1.288116	324.475006	345.475006
0	18.965000	1.878261	338.000000	345.000000
1	18.997000	1.329855	323.500000	345.437500
1	19.028000	1.312029	323.181244	345.181244
1	19.075000	1.337971	323.350006	345.149994
1	19.106000	1.322899	323.524994	345.475006
0	19.137000	1.746667	330.600006	345.225006
1	19.168000	1.305362	322.756256	344.793732
1	19.199000	1.332029	323.456238	344.881226
1	19.231000	1.366377	322.975006	345.024994
1	19.262000	1.331449	323.581268	345.568756
1	19.293000	1.333333	324.000000	345.000000
0	19.340000	1.898551	335.500000	347.250000
0	19.371000	1.805507	332.962494	344.074982
1	19.402000	1.371884	324.087494	345.274994
1	19.433000	1.345072	323.343750	345.706238
0	19.465000	0.920290	332.325012	352.637512
1	19.496000	1.331449	323.493744	344.818756
0	19.527000	2.013623	336.537292	339.937439
1	19.574000	1.345072	323.656250	344.718750
0	19.605000	1.855072	328.000000	347.000000
1	19.636000	1.365797	323.000000	345.000000
1	19.667000	1.331884	323.562500	344.387512
1	19.699000	1.321739	324.000000	345.000000
1	19.730000	1.344928	323.000000	344.000000
1	19.761000	1.321739	323.500000	345.500000
1	19.808000	1.339710	323.500000	344.375000
0	19.839000	1.785507	334.000000	342.000000
1	19.870000	1.331014	322.500000	345.500000
0	19.901000	1.770725	331.975006	349.162506
1	19.933000	1.309855	322.787506	345.287506
0	19.964000	1.892899	333.218750	341.531250
1	19.995000	1.304638	322.087524	345.224976
0	20.026000	1.751594	330.812500	347.812500
0	20.073000	1.882464	333.068756	342.568756
1	20.104000	1.968406	332.475006	345.662506
1	20.135000	1.321739	322.000000	345.000000
1	20.167000	1.333768	322.568756	346.068756
1	20.198000	1.335797	322.618744	345.556244
1	20.229000	1.351160	322.381256	345.818756
0	20.260000	1.915072	331.537506	349.462494
1	20.307000	1.341884	322.331238	346.706238
0	20.338000	1.788406	332.700012	346.187500
1	20.369000	1.344493	322.318756	346.318756
1	20.401000	1.335362	322.375000	346.562500
1	20.432000	1.345072	322.343750	346.656250
0	20.463000	1.949275	334.800049	344.837585
1	20.494000	1.344058	322.312500	346.687500
1	20.541000	1.345072	321.343750	347.706238
1	20.572000	1.370145	322.299988	347.062500
0	20.603000	1.913043	333.000000	348.000000
1	20.635000	1.328406	322.537506	347.887604
1	20.666000	1.356522	321.250000	347.250000
0	20.697000	1.874927	331.506256	349.006256
1	20.728000	1.333188	321.593750	347.593750
0	20.759000	1.947971	332.993744	345.806244
1	20.806000	1.322464	321.656250	348.018738
1	20.837000	1.358116	321.843750	348.518738
0	20.869000	2.121739	331.750000	339.250000
1	20.900000	1.344203	320.706238	348.331238
1	20.931000	1.379420	321.887482	349.837494
0	20.962000	2.052029	331.493744	339.743744
0	20.993000	1.715797	331.531250	348.156250
0	21.025000	2.088551	331.981262	339.018738
0	21.071000	1.674927	329.943756	346.943756
1	21.103000	1.322899	321.975006	350.524994
1	21.134000	1.325507	322.500000	350.500000
0	21.165000	1.855072	332.000000	347.000000
1	21.196000	1.373913	323.000000	349.437500
1	21.227000	1.285942	322.993744	350.218781
1	21.259000	1.305072	322.218750	350.231262
1	21.305000	1.298551	321.862488	351.000000
1	21.337000	1.289131	322.118713	351.106262
1	21.368000	2.051160	334.493744	347.493744
1	21.399000	1.318406	321.931244	351.568756
1	21.430000	1.344928	321.000000	350.000000
1	21.461000	1.327536	322.500000	352.112488
1	21.493000	1.948406	332.500000	349.000000
1	21.539000	1.321739	322.000000	353.000000
1	21.571000	1.299855	322.356232	352.056244
1	21.602000	1.327826	322.512512	351.437500
1	21.633000	1.301014	321.743744	351.693756
0	21.664000	1.769710	331.993744	351.568756
1	21.695000	1.298551	320.000000	351.000000
1	21.727000	1.322899	322.412506	351.975006
0	21.758000	1.892464	332.462494	346.537506
1	21.805000	1.321739	322.000000	351.000000
0	21.836000	1.824058	332.212494	350.787506
1	21.867000	1.327246	323.037506	352.087494
1	21.898000	1.322899	321.975006	351.600006
0	21.929000	2.088116	331.975006	346.975006
1	21.961000	1.311015	321.149963	351.224976
1	21.992000	1.325073	321.018829	351.456268
0	22.039000	1.767971	328.593750	351.593750
1	22.070000	1.321449	321.024994	352.462494
0	22.101000	2.000000	332.500000	348.000000
1	22.132000	1.344058	320.687500	351.687500
1	22.163000	1.391304	320.000000	351.000000
0	22.195000	2.226087	332.000000	344.000000
1	22.226000	1.333768	320.431244	352.493744
0	22.273000	2.040580	332.500000	347.500000
0	22.304000	1.863623	330.781250	349.781250
0	22.335000	1.762319	332.000000	347.000000
1	22.366000	2.133623	332.337494	346.337494
1	22.397000	1.407101	320.468750	352.531250
0	22.429000	2.063768	332.000000	347.000000
0	22.460000	1.985942	330.568756	348.443756
1	22.491000	1.394928	319.943695	352.943695
1	22.538000	1.354928	320.518738	352.518738
1	22.569000	1.366377	320.024994	352.975006
1	22.600000	1.402899	320.750000	352.750000
0	22.631000	2.063768	332.000000	347.000000
1	22.663000	1.372319	321.031250	353.268738
1	22.694000	1.437681	320.375000	353.875000
0	22.725000	2.051160	330.506256	347.506256
1	22.772000	1.391304	320.000000	351.000000
0	22.803000	1.947826	331.000000	348.000000
1	22.834000	1.392899	320.018738	352.318787
1	22.865000	1.391304	320.000000	351.000000
1	22.897000	1.379855	319.906250	351.843750
1	22.928000	1.402899	320.000000	353.000000
1	22.959000	1.414203	320.100006	352.600006
0	23.006000	1.973480	329.006287	347.643372
1	23.037000	1.344058	320.687500	352.687500
1	23.068000	2.105507	331.774994	346.725006
1	23.099000	1.385362	321.093750	353.093750
1	23.131000	2.117102	332.474976	346.375000
1	23.162000	1.375507	319.968750	352.906250
1	23.193000	2.233622	330.024933	344.899994
1	23.224000	1.379710	320.000000	353.000000
1	23.271000	1.414493	318.000000	353.000000
1	23.302000	2.226087	328.000000	343.000000
0	23.333000	2.070290	328.268738	346.031250
0	23.365000	1.996378	328.694122	347.643585
1	23.396000	1.431884	319.500000	353.500000
0	23.427000	1.773188	322.518738	348.518738
0	23.458000	2.133768	329.318756	346.318756
0	23.505000	2.133333	328.000000	343.000000
1	23.536000	2.156522	330.000000	345.000000
0	23.567000	2.133333	332.000000	347.000000
0	23.599000	1.860580	326.862610	350.212524
0	23.630000	1.947826	328.000000	347.000000
0	23.661000	1.878986	327.381317	349.981232
1	23.692000	2.039855	329.643738	347.668762
0	23.739000	1.904348	327.250000	347.500000
0	23.770000	1.823333	325.531250	350.781250
1	23.801000	1.407101	318.593750	355.531250
0	23.833000	2.249275	330.000000	345.000000
0	23.864000	2.156522	327.500000	345.500000
0	23.895000	2.086957	325.500000	346.500000
0	23.926000	2.105362	327.243744	346.743744
0	23.957000	1.947826	324.000000	347.000000
0	24.004000	2.122319	327.500000	346.500000
1	24.035000	1.409855	317.225006	356.725006
0	24.067000	2.122754	326.493744	346.493744
0	24.098000	1.945507	325.012482	349.024994
0	24.129000	2.079855	326.856262	347.093750
0	24.160000	2.156522	324.000000	347.000000
0	24.191000	2.052029	321.481201	347.493744
1	24.238000	1.416232	317.649994	356.649994
0	24.269000	1.994927	327.318756	348.331238
0	24.301000	2.226667	326.250000	345.000000
1	24.332000	1.371449	317.968750	357.293732
0	24.363000	2.086957	327.000000	346.000000
0	24.394000	2.125073	328.556244	346.443756
0	24.425000	2.133333	316.000000	347.000000
0	24.472000	1.913043	324.000000	350.000000
0	24.503000	2.133188	325.343750	346.343750
0	24.535000	2.056667	326.431244	347.443756
0	24.566000	2.156522	324.000000	347.000000
0	24.597000	1.937536	325.205963	349.156250
0	24.628000	1.874927	323.943756	350.056244
0	24.659000	2.098840	323.912506	346.200104
0	24.691000	2.087536	325.000000	347.000000
0	24.737000	2.086957	324.500000	346.500000
0	24.769000	2.133333	320.000000	347.000000
0	24.800000	2.125073	326.443756	346.443756
0	24.831000	2.088406	323.875000	347.000000
0	24.862000	2.045072	325.406250	347.593750
0	24.893000	2.157101	325.000000	346.000000
0	24.925000	2.087536	323.000000	347.000000
0	24.971000	2.088116	324.024994	346.975006
0	25.003000	2.017391	326.000000	349.000000
0	25.034000	2.201594	322.656250	345.343750
0	25.065000	1.485362	316.656250	355.656250
0	25.096000	2.228841	325.968750	344.968750
0	25.127000	2.096232	324.125000	346.875000
0	25.159000	1.490725	319.562500	355.562500
0	25.190000	1.539710	318.625000	354.875000
0	25.237000	1.948406	318.000000	349.000000
0	25.268000	2.125073	321.493744	346.443756
0	25.299000	2.127536	328.625000	346.375000
0	25.330000	2.127246	328.712494	346.412506
0	25.361000	2.120725	330.556244	346.506256
0	25.393000	2.017391	332.000000	349.000000
0	25.424000	1.808696	329.000000	350.000000
0	25.471000	1.576812	320.000000	355.000000
0	25.502000	0.852174	309.812500	364.687500
0	25.533000	0.587536	291.187500	367.937500
0	25.564000	0.428261	304.250000	363.937500
0	25.595000	0.466232	292.756256	363.381256
0	25.627000	0.376232	303.774994	365.225006
0	25.658000	0.648841	278.318756	367.681244
0	25.689000	0.779275	282.143768	365.806244
0	25.736000	1.131449	290.743744	360.743744
0	25.767000	0.496812	289.850006	368.850006
0	25.798000	0.495507	293.218842	366.843781
0	25.829000	0.347826	303.693756	358.181244
0	25.861000	0.596812	322.587494	368.412506
0	25.892000	0.510145	313.500000	364.500000
0	25.923000	0.347826	306.506256	369.318756
0	25.970000	0.347826	273.343750	372.000000
0	26.001000	0.347826	275.468750	372.000000
0	26.032000	0.348985	294.468750	370.393738
0	26.063000	0.440290	301.899994	365.837494
0	26.095000	0.485072	318.018616	366.718689
0	26.126000	0.540145	313.493744	365.506256
0	26.157000	0.348985	301.606262	360.993774
0	26.204000	0.351449	304.093750	361.081238
0	26.235000	0.486957	284.000000	367.000000
0	26.266000	0.347826	305.481293	366.843719
0	26.297000	0.348406	303.875000	367.625000
0	26.329000	0.451449	293.518738	368.706238
0	26.360000	0.347826	305.681244	366.681244
0	26.391000	0.390145	316.962494	371.399994
0	26.422000	0.394203	292.125000	367.375000
0	26.469000	0.544928	311.000000	369.000000
0	26.500000	0.456377	310.268677	369.331177
0	26.531000	0.416667	314.781250	367.018738
0	26.563000	0.526232	295.343689	365.331238
0	26.594000	0.796667	310.881256	365.556244
0	26.625000	0.742319	322.337494	366.337494
0	26.656000	0.570580	322.243591	366.118652
0	26.703000	0.684058	322.000000	367.000000
0	26.734000	0.869565	314.000000	364.000000
0	26.765000	0.670725	327.387482	367.350006
0	26.797000	0.936812	308.974762	363.524994
0	26.828000	0.938551	302.549988	363.500000
0	26.859000	0.921739	308.500000	363.500000
0	26.890000	1.101449	310.000000	361.000000
0	26.937000	0.990725	306.250000	362.750000
0	26.968000	0.920145	315.218750	363.781250
0	26.999000	0.662899	315.737518	367.462494
0	27.031000	1.270580	310.256256	358.743744
0	27.062000	1.576812	308.000000	351.000000
0	27.093000	2.017391	308.250000	348.250000
0	27.124000	2.202899	308.125000	345.375000
0	27.155000	2.275072	310.299957	344.287506
1	27.202000	2.264638	311.812500	344.437500
0	27.233000	2.246667	310.212494	343.787506
0	27.265000	2.075507	309.656250	343.281250
0	27.296000	2.159275	309.968750	345.968750
0	27.327000	2.099420	311.862488	342.312500
0	27.358000	2.388406	309.000000	333.000000
0	27.389000	2.342029	309.500000	334.500000
1	27.436000	2.649275	303.875000	331.875000
1	27.467000	2.570145	306.000000	328.937500
0	27.499000	2.278261	308.500000	323.000000
1	27.530000	2.527536	306.000000	319.000000
1	27.561000	2.476667	303.593750	313.168762
0	27.592000	2.226087	308.000000	311.000000
0	27.623000	2.154493	308.837494	313.087494
0	27.670000	2.533623	304.412506	312.412506
1	27.701000	1.631449	301.506256	316.681244
0	27.733000	2.077536	309.643738	308.856262
0	27.764000	1.855072	307.000000	313.000000
1	27.795000	2.504348	304.000000	299.000000
0	27.826000	2.209275	306.750000	300.500000
0	27.857000	2.297532	304.468628	297.431396
1	27.889000	1.861594	303.768738	302.268738
1	27.935000	2.342029	304.500000	291.500000
0	27.967000	1.618551	298.524994	297.225006
1	27.998000	1.839710	302.437500	299.487488
0	28.029000	2.087971	304.993744	293.243744
0	28.060000	1.978116	302.606232	295.543732
0	28.091000	2.088116	305.975006	289.975006
1	28.123000	1.878261	300.000000	295.000000
0	28.169000	1.875073	300.462494	293.037506
0	28.201000	1.924638	304.000000	289.000000
0	28.232000	1.985507	293.937500	281.687500
0	28.263000	2.158116	304.031250	284.031250
1	28.294000	1.935942	302.337494	290.850006
0	28.325000	1.595652	299.125000	287.125000
1	28.357000	1.901449	300.250000	292.250000
0	28.403000	1.892464	304.537506	290.537506
1	28.435000	1.860290	299.250000	292.250000
0	28.466000	1.855072	300.000000	291.000000
0	28.497000	1.990290	305.368744	290.368744
0	28.528000	1.817391	300.500000	293.000000
0	28.559000	1.855072	302.500000	292.500000
0	28.591000	1.795507	301.318756	291.931244
0	28.622000	1.681159	300.000000	291.000000
0	28.669000	2.259710	308.725006	285.574982
0	28.700000	2.318840	300.000000	287.000000
1	28.731000	1.565797	300.500000	291.549988
0	28.762000	1.987536	304.562500	294.625000
0	28.793000	1.849420	305.281250	293.843750
0	28.825000	2.084203	305.968750	291.931274
1	28.856000	1.561449	298.562500	291.437500
0	28.903000	1.799855	298.369049	295.006256
0	28.934000	1.853333	299.725006	295.287506
0	28.965000	1.936232	305.000000	287.000000
0	28.996000	1.911014	302.787506	292.537506
1	29.027000	1.632319	298.343719	289.481232
1	29.059000	1.599420	297.750000	290.000000
0	29.090000	1.809275	298.875000	294.000000
0	29.121000	2.404928	301.062500	284.062500
0	29.168000	2.339710	296.500000	282.500000
0	29.199000	1.857101	298.687500	295.812500
0	29.230000	2.105507	302.774994	291.774994
0	29.261000	1.909710	301.556244	295.756256
0	29.293000	2.240725	306.218750	286.906250
1	29.324000	1.573333	297.375000	292.375000
0	29.355000	1.909855	300.912506	297.475006
0	29.402000	2.088116	305.225006	292.024994
0	29.433000	2.044638	304.350006	296.350006
0	29.464000	2.133333	305.000000	287.500000
0	29.495000	1.936232	300.750000	296.250000
0	29.527000	2.231449	304.243744	286.006256
0	29.558000	2.318840	300.000000	287.000000
1	29.589000	2.003333	302.806244	293.443756
0	29.636000	2.204928	302.625000	289.375000
0	29.667000	2.208551	303.743744	289.493744
1	29.698000	1.878261	300.000000	299.000000
0	29.729000	1.996232	299.687500	297.687500
0	29.761000	1.947826	301.000000	294.000000
0	29.792000	1.890725	296.437500	299.174988
0	29.823000	2.089275	301.974976	291.175110
0	29.854000	2.168116	302.000000	291.500000
0	29.901000	2.084493	300.193817	293.006256
0	29.932000	2.548551	294.643738	289.356262
0	29.963000	2.475503	295.793579	288.356506
0	29.995000	2.311449	296.218750	281.781250
<\RIGHT-PUPIL-DATA>
<LEFT-PUPIL-DATA>
903	0
0	-0.067000	13.913043	240.000000	320.000000
0	-0.036000	13.913043	240.000000	320.000000
0	-0.004000	13.913043	240.000000	320.000000
0	0.027000	13.913043	240.000000	320.000000
0	0.058000	13.913043	240.000000	320.000000
0	0.105000	13.913043	240.000000	320.000000
0	0.136000	13.913043	240.000000	320.000000
0	0.167000	13.913043	240.000000	320.000000
0	0.198000	13.913043	240.000000	320.000000
0	0.230000	13.913043	240.000000	320.000000
0	0.261000	13.913043	240.000000	320.000000
0	0.292000	13.913043	240.000000	320.000000
0	0.339000	13.913043	240.000000	320.000000
0	0.370000	13.913043	240.000000	320.000000
0	0.401000	13.913043	240.000000	320.000000
0	0.432000	13.913043	240.000000	320.000000
0	0.464000	13.913043	240.000000	320.000000
0	0.495000	13.913043	240.000000	320.000000
0	0.526000	13.913043	240.000000	320.000000
0	0.573000	13.913043	240.000000	320.000000
0	0.604000	13.913043	240.000000	320.000000
0	0.635000	13.913043	240.000000	320.000000
0	0.666000	13.913043	240.000000	320.000000
0	0.698000	13.913043	240.000000	320.000000
0	0.729000	13.913043	240.000000	320.000000
0	0.760000	13.913043	240.000000	320.000000
0	0.791000	13.913043	240.000000	320.000000
0	0.838000	13.913043	240.000000	320.000000
0	0.869000	13.913043	240.000000	320.000000
0	0.900000	13.913043	240.000000	320.000000
0	0.932000	13.913043	240.000000	320.000000
0	0.963000	13.913043	240.000000	320.000000
0	0.994000	13.913043	240.000000	320.000000
0	1.025000	13.913043	240.000000	320.000000
0	1.056000	13.913043	240.000000	320.000000
0	1.103000	13.913043	240.000000	320.000000
0	1.134000	13.913043	240.000000	320.000000
0	1.166000	13.913043	240.000000	320.000000
0	1.197000	13.913043	240.000000	320.000000
0	1.228000	13.913043	240.000000	320.000000
0	1.259000	13.913043	240.000000	320.000000
0	1.290000	13.913043	240.000000	320.000000
0	1.337000	13.913043	240.000000	320.000000
0	1.368000	13.913043	240.000000	320.000000
0	1.400000	13.913043	240.000000	320.000000
0	1.431000	13.913043	240.000000	320.000000
0	1.462000	13.913043	240.000000	320.000000
0	1.493000	13.913043	240.000000	320.000000
0	1.524000	13.913043	240.000000	320.000000
0	1.571000	13.913043	240.000000	320.000000
0	1.602000	13.913043	240.000000	320.000000
0	1.634000	13.913043	240.000000	320.000000
0	1.665000	13.913043	240.000000	320.000000
0	1.696000	13.913043	240.000000	320.000000
0	1.727000	13.913043	240.000000	320.000000
0	1.758000	13.913043	240.000000	320.000000
0	1.790000	13.913043	240.000000	320.000000
0	1.836000	13.913043	240.000000	320.000000
0	1.868000	13.913043	240.000000	320.000000
0	1.899000	13.913043	240.000000	320.000000
0	1.930000	13.913043	240.000000	320.000000
0	1.961000	13.913043	240.000000	320.000000
0	1.992000	13.913043	240.000000	320.000000
0	2.024000	13.913043	240.000000	320.000000
0	2.070000	13.913043	240.000000	320.000000
0	2.102000	13.913043	240.000000	320.000000
0	2.133000	13.913043	240.000000	320.000000
0	2.164000	13.913043	240.000000	320.000000
0	2.195000	13.913043	240.000000	320.000000
0	2.226000	13.913043	240.000000	320.000000
0	2.258000	13.913043	240.000000	320.000000
0	2.304000	13.913043	240.000000	320.000000
0	2.336000	13.913043	240.000000	320.000000
0	2.367000	13.913043	240.000000	320.000000
0	2.398000	13.913043	240.000000	320.000000
0	2.429000	13.913043	240.000000	320.000000
0	2.460000	13.913043	240.000000	320.000000
0	2.492000	13.913043	240.000000	320.000000
0	2.523000	13.913043	240.000000	320.000000
0	2.570000	13.913043	240.000000	320.000000
0	2.601000	13.913043	240.000000	320.000000
0	2.632000	13.913043	240.000000	320.000000
0	2.663000	13.913043	240.000000	320.000000
0	2.694000	13.913043	240.000000	320.000000
0	2.726000	13.913043	240.000000	320.000000
0	2.757000	13.913043	240.000000	320.000000
0	2.804000	13.913043	240.000000	320.000000
0	2.835000	13.913043	240.000000	320.000000
0	2.866000	13.913043	240.000000	320.000000
0	2.897000	13.913043	240.000000	320.000000
0	2.928000	13.913043	240.000000	320.000000
0	2.960000	13.913043	240.000000	320.000000
0	2.991000	13.913043	240.000000	320.000000
0	3.038000	13.913043	240.000000	320.000000
0	3.069000	13.913043	240.000000	320.000000
0	3.100000	13.913043	240.000000	320.000000
0	3.131000	13.913043	240.000000	320.000000
0	3.162000	13.913043	240.000000	320.000000
0	3.194000	13.913043	240.000000	320.000000
0	3.225000	13.913043	240.000000	320.000000
0	3.256000	13.913043	240.000000	320.000000
0	3.303000	13.913043	240.000000	320.000000
0	3.334000	13.913043	240.000000	320.000000
0	3.365000	13.913043	240.000000	320.000000
0	3.396000	13.913043	240.000000	320.000000
0	3.428000	13.913043	240.000000	320.000000
0	3.459000	13.913043	240.000000	320.000000
0	3.490000	13.913043	240.000000	320.000000
0	3.537000	13.913043	240.000000	320.000000
0	3.568000	13.913043	240.000000	320.000000
0	3.599000	13.913043	240.000000	320.000000
0	3.630000	13.913043	240.000000	320.000000
0	3.662000	13.913043	240.000000	320.000000
0	3.693000	13.913043	240.000000	320.000000
0	3.724000	13.913043	240.000000	320.000000
0	3.771000	13.913043	240.000000	320.000000
0	3.802000	13.913043	240.000000	320.000000
0	3.833000	13.913043	240.000000	320.000000
0	3.864000	13.913043	240.000000	320.000000
0	3.896000	13.913043	240.000000	320.000000
0	3.927000	13.913043	240.000000	320.000000
0	3.958000	13.913043	240.000000	320.000000
0	3.989000	13.913043	240.000000	320.000000
0	4.036000	13.913043	240.000000	320.000000
0	4.067000	13.913043	240.000000	320.000000
0	4.098000	13.913043	240.000000	320.000000
0	4.130000	13.913043	240.000000	320.000000
0	4.161000	13.913043	240.000000	320.000000
0	4.192000	13.913043	240.000000	320.000000
0	4.223000	13.913043	240.000000	320.000000
0	4.270000	13.913043	240.000000	320.000000
0	4.301000	13.913043	240.000000	320.000000
0	4.332000	13.913043	240.000000	320.000000
0	4.364000	13.913043	240.000000	320.000000
0	4.395000	13.913043	240.000000	320.000000
0	4.426000	13.913043	240.000000	320.000000
0	4.457000	13.913043	240.000000	320.000000
0	4.504000	13.913043	240.000000	320.000000
0	4.535000	13.913043	240.000000	320.000000
0	4.566000	13.913043	240.000000	320.000000
0	4.598000	13.913043	240.000000	320.000000
0	4.629000	13.913043	240.000000	320.000000
0	4.660000	13.913043	240.000000	320.000000
0	4.691000	13.913043	240.000000	320.000000
0	4.722000	13.913043	240.000000	320.000000
0	4.769000	13.913043	240.000000	320.000000
0	4.800000	13.913043	240.000000	320.000000
0	4.832000	13.913043	240.000000	320.000000
0	4.863000	13.913043	240.000000	320.000000
0	4.894000	13.913043	240.000000	320.000000
0	4.925000	13.913043	240.000000	320.000000
0	4.956000	13.913043	240.000000	320.000000
0	5.003000	13.913043	240.000000	320.000000
0	5.034000	13.913043	240.000000	320.000000
0	5.066000	13.913043	240.000000	320.000000
0	5.097000	13.913043	240.000000	320.000000
0	5.128000	13.913043	240.000000	320.000000
0	5.159000	13.913043	240.000000	320.000000
0	5.190000	13.913043	240.000000	320.000000
0	5.222000	13.913043	240.000000	320.000000
0	5.268000	13.913043	240.000000	320.000000
0	5.300000	13.913043	240.000000	320.000000
0	5.331000	13.913043	240.000000	320.000000
0	5.362000	13.913043	240.000000	320.000000
0	5.393000	13.913043	240.000000	320.000000
0	5.424000	13.913043	240.000000	320.000000
0	5.456000	13.913043	240.000000	320.000000
0	5.502000	13.913043	240.000000	320.000000
0	5.534000	13.913043	240.000000	320.000000
0	5.565000	13.913043	240.000000	320.000000
0	5.596000	13.913043	240.000000	320.000000
0	5.627000	13.913043	240.000000	320.000000
0	5.658000	13.913043	240.000000	320.000000
0	5.690000	13.913043	240.000000	320.000000
0	5.721000	13.913043	240.000000	320.000000
0	5.768000	13.913043	240.000000	320.000000
0	5.799000	13.913043	240.000000	320.000000
0	5.830000	13.913043	240.000000	320.000000
0	5.861000	13.913043	240.000000	320.000000
0	5.892000	13.913043	240.000000	320.000000
0	5.924000	13.913043	240.000000	320.000000
0	5.955000	13.913043	240.000000	320.000000
0	6.002000	13.913043	240.000000	320.000000
0	6.033000	13.913043	240.000000	320.000000
0	6.064000	13.913043	240.000000	320.000000
0	6.095000	13.913043	240.000000	320.000000
0	6.127000	13.913043	240.000000	320.000000
0	6.158000	13.913043	240.000000	320.000000
0	6.189000	13.913043	240.000000	320.000000
0	6.236000	13.913043	240.000000	320.000000
0	6.267000	13.913043	240.000000	320.000000
0	6.298000	13.913043	240.000000	320.000000
0	6.329000	13.913043	240.000000	320.000000
0	6.361000	13.913043	240.000000	320.000000
0	6.392000	13.913043	240.000000	320.000000
0	6.423000	13.913043	240.000000	320.000000
0	6.454000	13.913043	240.000000	320.000000
0	6.501000	13.913043	240.000000	320.000000
0	6.532000	13.913043	240.000000	320.000000
0	6.563000	13.913043	240.000000	320.000000
0	6.595000	13.913043	240.000000	320.000000
0	6.626000	13.913043	240.000000	320.000000
0	6.657000	13.913043	240.000000	320.000000
0	6.688000	13.913043	240.000000	320.000000
0	6.735000	13.913043	240.000000	320.000000
0	6.766000	13.913043	240.000000	320.000000
0	6.797000	13.913043	240.000000	320.000000
0	6.829000	13.913043	240.000000	320.000000
0	6.860000	13.913043	240.000000	320.000000
0	6.891000	13.913043	240.000000	320.000000
0	6.922000	13.913043	240.000000	320.000000
0	6.969000	13.913043	240.000000	320.000000
0	7.000000	13.913043	240.000000	320.000000
0	7.031000	13.913043	240.000000	320.000000
0	7.063000	13.913043	240.000000	320.000000
0	7.094000	13.913043	240.000000	320.000000
0	7.125000	13.913043	240.000000	320.000000
0	7.156000	13.913043	240.000000	320.000000
0	7.187000	13.913043	240.000000	320.000000
0	7.234000	13.913043	240.000000	320.000000
0	7.265000	13.913043	240.000000	320.000000
0	7.297000	13.913043	240.000000	320.000000
0	7.328000	13.913043	240.000000	320.000000
0	7.359000	13.913043	240.000000	320.000000
0	7.390000	13.913043	240.000000	320.000000
0	7.421000	13.913043	240.000000	320.000000
0	7.468000	13.913043	240.000000	320.000000
0	7.499000	13.913043	240.000000	320.000000
0	7.531000	13.913043	240.000000	320.000000
0	7.562000	13.913043	240.000000	320.000000
0	7.593000	13.913043	240.000000	320.000000
0	7.624000	13.913043	240.000000	320.000000
0	7.655000	13.913043	240.000000	320.000000
0	7.702000	13.913043	240.000000	320.000000
0	7.733000	13.913043	240.000000	320.000000
0	7.765000	13.913043	240.000000	320.000000
0	7.796000	13.913043	240.000000	320.000000
0	7.827000	13.913043	240.000000	320.000000
0	7.858000	13.913043	240.000000	320.000000
0	7.889000	13.913043	240.000000	320.000000
0	7.921000	13.913043	240.000000	320.000000
0	7.967000	13.913043	240.000000	320.000000
0	7.999000	13.913043	240.000000	320.000000
0	8.030000	13.913043	240.000000	320.000000
0	8.061000	13.913043	240.000000	320.000000
0	8.092000	13.913043	240.000000	320.000000
0	8.123000	13.913043	240.000000	320.000000
0	8.155000	13.913043	240.000000	320.000000
0	8.201000	13.913043	240.000000	320.000000
0	8.233000	13.913043	240.000000	320.000000
0	8.264000	13.913043	240.000000	320.000000
0	8.295000	13.913043	240.000000	320.000000
0	8.326000	13.913043	240.000000	320.000000
0	8.357000	13.913043	240.000000	320.000000
0	8.389000	13.913043	240.000000	320.000000
0	8.435000	13.913043	240.000000	320.000000
0	8.467000	13.913043	240.000000	320.000000
0	8.498000	13.913043	240.000000	320.000000
0	8.529000	13.913043	240.000000	320.000000
0	8.560000	13.913043	240.000000	320.000000
0	8.591000	13.913043	240.000000	320.000000
0	8.623000	13.913043	240.000000	320.000000
0	8.654000	13.913043	240.000000	320.000000
0	8.701000	13.913043	240.000000	320.000000
0	8.732000	13.913043	240.000000	320.000000
0	8.763000	13.913043	240.000000	320.000000
0	8.794000	13.913043	240.000000	320.000000
0	8.825000	13.913043	240.000000	320.000000
0	8.857000	13.913043	240.000000	320.000000
0	8.888000	13.913043	240.000000	320.000000
0	8.935000	13.913043	240.000000	320.000000
0	8.966000	13.913043	240.000000	320.000000
0	8.997000	13.913043	240.000000	320.000000
0	9.028000	13.913043	240.000000	320.000000
0	9.059000	13.913043	240.000000	320.000000
0	9.091000	13.913043	240.000000	320.000000
0	9.122000	13.913043	240.000000	320.000000
0	9.153000	13.913043	240.000000	320.000000
0	9.200000	13.913043	240.000000	320.000000
0	9.231000	13.913043	240.000000	320.000000
0	9.262000	13.913043	240.000000	320.000000
0	9.293000	13.913043	240.000000	320.000000
0	9.325000	13.913043	240.000000	320.000000
0	9.356000	13.913043	240.000000	320.000000
0	9.387000	13.913043	240.000000	320.000000
0	9.434000	13.913043	240.000000	320.000000
0	9.465000	13.913043	240.000000	320.000000
0	9.496000	13.913043	240.000000	320.000000
0	9.527000	13.913043	240.000000	320.000000
0	9.559000	13.913043	240.000000	320.000000
0	9.590000	13.913043	240.000000	320.000000
0	9.621000	13.913043	240.000000	320.000000
0	9.668000	13.913043	240.000000	320.000000
0	9.699000	13.913043	240.000000	320.000000
0	9.730000	13.913043	240.000000	320.000000
0	9.761000	13.913043	240.000000	320.000000
0	9.793000	13.913043	240.000000	320.000000
0	9.824000	13.913043	240.000000	320.000000
0	9.855000	13.913043	240.000000	320.000000
0	9.886000	13.913043	240.000000	320.000000
0	9.933000	13.913043	240.000000	320.000000
0	9.964000	13.913043	240.000000	320.000000
0	9.995000	13.913043	240.000000	320.000000
0	10.027000	13.913043	240.000000	320.000000
0	10.058000	13.913043	240.000000	320.000000
0	10.089000	13.913043	240.000000	320.000000
0	10.120000	13.913043	240.000000	320.000000
0	10.167000	13.913043	240.000000	320.000000
0	10.198000	13.913043	240.000000	320.000000
0	10.229000	13.913043	240.000000	320.000000
0	10.261000	13.913043	240.000000	320.000000
0	10.292000	13.913043	240.000000	320.000000
0	10.323000	13.913043	240.000000	320.000000
0	10.354000	13.913043	240.000000	320.000000
0	10.401000	13.913043	240.000000	320.000000
0	10.432000	13.913043	240.000000	320.000000
0	10.463000	13.913043	240.000000	320.000000
0	10.495000	13.913043	240.000000	320.000000
0	10.526000	13.913043	240.000000	320.000000
0	10.557000	13.913043	240.000000	320.000000
0	10.588000	13.913043	240.000000	320.000000
0	10.619000	13.913043	240.000000	320.000000
0	10.666000	13.913043	240.000000	320.000000
0	10.697000	13.913043	240.000000	320.000000
0	10.729000	13.913043	240.000000	320.000000
0	10.760000	13.913043	240.000000	320.000000
0	10.791000	13.913043	240.000000	320.000000
0	10.822000	13.913043	240.000000	320.000000
0	10.853000	13.913043	240.000000	320.000000
0	10.900000	13.913043	240.000000	320.000000
0	10.931000	13.913043	240.000000	320.000000
0	10.963000	13.913043	240.000000	320.000000
0	10.994000	13.913043	240.000000	320.000000
0	11.025000	13.913043	240.000000	320.000000
0	11.056000	13.913043	240.000000	320.000000
0	11.087000	13.913043	240.000000	320.000000
0	11.134000	13.913043	240.000000	320.000000
0	11.165000	13.913043	240.000000	320.000000
0	11.197000	13.913043	240.000000	320.000000
0	11.228000	13.913043	240.000000	320.000000
0	11.259000	13.913043	240.000000	320.000000
0	11.290000	13.913043	240.000000	320.000000
0	11.321000	13.913043	240.000000	320.000000
0	11.353000	13.913043	240.000000	320.000000
0	11.399000	13.913043	240.000000	320.000000
0	11.431000	13.913043	240.000000	320.000000
0	11.462000	13.913043	240.000000	320.000000
0	11.493000	13.913043	240.000000	320.000000
0	11.524000	13.913043	240.000000	320.000000
0	11.555000	13.913043	240.000000	320.000000
0	11.587000	13.913043	240.000000	320.000000
0	11.633000	13.913043	240.000000	320.000000
0	11.665000	13.913043	240.000000	320.000000
0	11.696000	13.913043	240.000000	320.000000
0	11.727000	13.913043	240.000000	320.000000
0	11.758000	13.913043	240.000000	320.000000
0	11.789000	13.913043	240.000000	320.000000
0	11.821000	13.913043	240.000000	320.000000
0	11.852000	13.913043	240.000000	320.000000
0	11.899000	13.913043	240.000000	320.000000
0	11.930000	13.913043	240.000000	320.000000
0	11.961000	13.913043	240.000000	320.000000
0	11.992000	13.913043	240.000000	320.000000
0	12.023000	13.913043	240.000000	320.000000
0	12.055000	13.913043	240.000000	320.000000
0	12.086000	13.913043	240.000000	320.000000
0	12.133000	13.913043	240.000000	320.000000
0	12.164000	13.913043	240.000000	320.000000
0	12.195000	13.913043	240.000000	320.000000
0	12.226000	13.913043	240.000000	320.000000
0	12.257000	13.913043	240.000000	320.000000
0	12.289000	13.913043	240.000000	320.000000
0	12.320000	13.913043	240.000000	320.000000
0	12.367000	13.913043	240.000000	320.000000
0	12.398000	13.913043	240.000000	320.000000
0	12.429000	13.913043	240.000000	320.000000
0	12.460000	13.913043	240.000000	320.000000
0	12.491000	13.913043	240.000000	320.000000
0	12.523000	13.913043	240.000000	320.000000
0	12.554000	13.913043	240.000000	320.000000
0	12.585000	13.913043	240.000000	320.000000
0	12.632000	13.913043	240.000000	320.000000
0	12.663000	13.913043	240.000000	320.000000
0	12.694000	13.913043	240.000000	320.000000
0	12.725000	13.913043	240.000000	320.000000
0	12.757000	13.913043	240.000000	320.000000
0	12.788000	13.913043	240.000000	320.000000
0	12.819000	13.913043	240.000000	320.000000
0	12.866000	13.913043	240.000000	320.000000
0	12.897000	13.913043	240.000000	320.000000
0	12.928000	13.913043	240.000000	320.000000
0	12.959000	13.913043	240.000000	320.000000
0	12.991000	13.913043	240.000000	320.000000
0	13.022000	13.913043	240.000000	320.000000
0	13.053000	13.913043	240.000000	320.000000
0	13.084000	13.913043	240.000000	320.000000
0	13.131000	13.913043	240.000000	320.000000
0	13.162000	13.913043	240.000000	320.000000
0	13.193000	13.913043	240.000000	320.000000
0	13.225000	13.913043	240.000000	320.000000
0	13.256000	13.913043	240.000000	320.000000
0	13.287000	13.913043	240.000000	320.000000
0	13.318000	13.913043	240.000000	320.000000
0	13.365000	13.913043	240.000000	320.000000
0	13.396000	13.913043	240.000000	320.000000
0	13.427000	13.913043	240.000000	320.000000
0	13.459000	13.913043	240.000000	320.000000
0	13.490000	13.913043	240.000000	320.000000
0	13.521000	13.913043	240.000000	320.000000
0	13.552000	13.913043	240.000000	320.000000
0	13.599000	13.913043	240.000000	320.000000
0	13.630000	13.913043	240.000000	320.000000
0	13.661000	13.913043	240.000000	320.000000
0	13.693000	13.913043	240.000000	320.000000
0	13.724000	13.913043	240.000000	320.000000
0	13.755000	13.913043	240.000000	320.000000
0	13.786000	13.913043	240.000000	320.000000
0	13.817000	13.913043	240.000000	320.000000
0	13.864000	13.913043	240.000000	320.000000
0	13.895000	13.913043	240.000000	320.000000
0	13.927000	13.913043	240.000000	320.000000
0	13.958000	13.913043	240.000000	320.000000
0	13.989000	13.913043	240.000000	320.000000
0	14.020000	13.913043	240.000000	320.000000
0	14.051000	13.913043	240.000000	320.000000
0	14.098000	13.913043	240.000000	320.000000
0	14.129000	13.913043	240.000000	320.000000
0	14.161000	13.913043	240.000000	320.000000
0	14.192000	13.913043	240.000000	320.000000
0	14.223000	13.913043	240.000000	320.000000
0	14.254000	13.913043	240.000000	320.000000
0	14.285000	13.913043	240.000000	320.000000
0	14.332000	13.913043	240.000000	320.000000
0	14.363000	13.913043	240.000000	320.000000
0	14.395000	13.913043	240.000000	320.000000
0	14.426000	13.913043	240.000000	320.000000
0	14.457000	13.913043	240.000000	320.000000
0	14.488000	13.913043	240.000000	320.000000
0	14.519000	13.913043	240.000000	320.000000
0	14.551000	13.913043	240.000000	320.000000
0	14.597000	13.913043	240.000000	320.000000
0	14.629000	13.913043	240.000000	320.000000
0	14.660000	13.913043	240.000000	320.000000
0	14.691000	13.913043	240.000000	320.000000
0	14.722000	13.913043	240.000000	320.000000
0	14.753000	13.913043	240.000000	320.000000
0	14.785000	13.913043	240.000000	320.000000
0	14.831000	13.913043	240.000000	320.000000
0	14.863000	13.913043	240.000000	320.000000
0	14.894000	13.913043	240.000000	320.000000
0	14.925000	13.913043	240.000000	320.000000
0	14.956000	13.913043	240.000000	320.000000
0	14.987000	13.913043	240.000000	320.000000
0	15.019000	13.913043	240.000000	320.000000
0	15.065000	13.913043	240.000000	320.000000
0	15.097000	13.913043	240.000000	320.000000
0	15.128000	13.913043	240.000000	320.000000
0	15.159000	13.913043	240.000000	320.000000
0	15.190000	13.913043	240.000000	320.000000
0	15.221000	13.913043	240.000000	320.000000
0	15.253000	13.913043	240.000000	320.000000
0	15.284000	13.913043	240.000000	320.000000
0	15.331000	13.913043	240.000000	320.000000
0	15.362000	13.913043	240.000000	320.000000
0	15.393000	13.913043	240.000000	320.000000
0	15.424000	13.913043	240.000000	320.000000
0	15.455000	13.913043	240.000000	320.000000
0	15.487000	13.913043	240.000000	320.000000
0	15.518000	13.913043	240.000000	320.000000
0	15.565000	13.913043	240.000000	320.000000
0	15.596000	13.913043	240.000000	320.000000
0	15.627000	13.913043	240.000000	320.000000
0	15.658000	13.913043	240.000000	320.000000
0	15.689000	13.913043	240.000000	320.000000
0	15.721000	13.913043	240.000000	320.000000
0	15.752000	13.913043	240.000000	320.000000
0	15.799000	13.913043	240.000000	320.000000
0	15.830000	13.913043	240.000000	320.000000
0	15.861000	13.913043	240.000000	320.000000
0	15.892000	13.913043	240.000000	320.000000
0	15.923000	13.913043	240.000000	320.000000
0	15.955000	13.913043	240.000000	320.000000
0	15.986000	13.913043	240.000000	320.000000
0	16.017000	13.913043	240.000000	320.000000
0	16.064000	13.913043	240.000000	320.000000
0	16.095000	13.913043	240.000000	320.000000
0	16.126000	13.913043	240.000000	320.000000
0	16.157000	13.913043	240.000000	320.000000
0	16.189000	13.913043	240.000000	320.000000
0	16.220000	13.913043	240.000000	320.000000
0	16.251000	13.913043	240.000000	320.000000
0	16.298000	13.913043	240.000000	320.000000
0	16.329000	13.913043	240.000000	320.000000
0	16.360000	13.913043	240.000000	320.000000
0	16.391000	13.913043	240.000000	320.000000
0	16.423000	13.913043	240.000000	320.000000
0	16.454000	13.913043	240.000000	320.000000
0	16.485000	13.913043	240.000000	320.000000
0	16.516000	13.913043	240.000000	320.000000
0	16.563000	13.913043	240.000000	320.000000
0	16.594000	13.913043	240.000000	320.000000
0	16.625000	13.913043	240.000000	320.000000
0	16.657000	13.913043	240.000000	320.000000
0	16.688000	13.913043	240.000000	320.000000
0	16.719000	13.913043	240.000000	320.000000
0	16.750000	13.913043	240.000000	320.000000
0	16.797000	13.913043	240.000000	320.000000
0	16.828000	13.913043	240.000000	320.000000
0	16.859000	13.913043	240.000000	320.000000
0	16.891000	13.913043	240.000000	320.000000
0	16.922000	13.913043	240.000000	320.000000
0	16.953000	13.913043	240.000000	320.000000
0	16.984000	13.913043	240.000000	320.000000
0	17.015000	13.913043	240.000000	320.000000
0	17.062000	13.913043	240.000000	320.000000
0	17.093000	13.913043	240.000000	320.000000
0	17.125000	13.913043	240.000000	320.000000
0	17.156000	13.913043	240.000000	320.000000
0	17.187000	13.913043	240.000000	320.000000
0	17.218000	13.913043	240.000000	320.000000
0	17.249000	13.913043	240.000000	320.000000
0	17.296000	13.913043	240.000000	320.000000
0	17.327000	13.913043	240.000000	320.000000
0	17.359000	13.913043	240.000000	320.000000
0	17.390000	13.913043	240.000000	320.000000
0	17.421000	13.913043	240.000000	320.000000
0	17.452000	13.913043	240.000000	320.000000
0	17.483000	13.913043	240.000000	320.000000
0	17.530000	13.913043	240.000000	320.000000
0	17.561000	13.913043	240.000000	320.000000
0	17.593000	13.913043	240.000000	320.000000
0	17.624000	13.913043	240.000000	320.000000
0	17.655000	13.913043	240.000000	320.000000
0	17.686000	13.913043	240.000000	320.000000
0	17.717000	13.913043	240.000000	320.000000
0	17.749000	13.913043	240.000000	320.000000
0	17.795000	13.913043	240.000000	320.000000
0	17.827000	13.913043	240.000000	320.000000
0	17.858000	13.913043	240.000000	320.000000
0	17.889000	13.913043	240.000000	320.000000
0	17.920000	13.913043	240.000000	320.000000
0	17.951000	13.913043	240.000000	320.000000
0	17.983000	13.913043	240.000000	320.000000
0	18.029000	13.913043	240.000000	320.000000
0	18.061000	13.913043	240.000000	320.000000
0	18.092000	13.913043	240.000000	320.000000
0	18.123000	13.913043	240.000000	320.000000
0	18.154000	13.913043	240.000000	320.000000
0	18.185000	13.913043	240.000000	320.000000
0	18.217000	13.913043	240.000000	320.000000
0	18.263000	13.913043	240.000000	320.000000
0	18.295000	13.913043	240.000000	320.000000
0	18.326000	13.913043	240.000000	320.000000
0	18.357000	13.913043	240.000000	320.000000
0	18.388000	13.913043	240.000000	320.000000
0	18.419000	13.913043	240.000000	320.000000
0	18.451000	13.913043	240.000000	320.000000
0	18.482000	13.913043	240.000000	320.000000
0	18.529000	13.913043	240.000000	320.000000
0	18.560000	13.913043	240.000000	320.000000
0	18.591000	13.913043	240.000000	320.000000
0	18.622000	13.913043	240.000000	320.000000
0	18.653000	13.913043	240.000000	320.000000
0	18.685000	13.913043	240.000000	320.000000
0	18.716000	13.913043	240.000000	320.000000
0	18.763000	13.913043	240.000000	320.000000
0	18.794000	13.913043	240.000000	320.000000
0	18.825000	13.913043	240.000000	320.000000
0	18.856000	13.913043	240.000000	320.000000
0	18.887000	13.913043	240.000000	320.000000
0	18.919000	13.913043	240.000000	320.000000
0	18.950000	13.913043	240.000000	320.000000
0	18.997000	13.913043	240.000000	320.000000
0	19.028000	13.913043	240.000000	320.000000
0	19.059000	13.913043	240.000000	320.000000
0	19.090000	13.913043	240.000000	320.000000
0	19.121000	13.913043	240.000000	320.000000
0	19.153000	13.913043	240.000000	320.000000
0	19.184000	13.913043	240.000000	320.000000
0	19.215000	13.913043	240.000000	320.000000
0	19.262000	13.913043	240.000000	320.000000
0	19.293000	13.913043	240.000000	320.000000
0	19.324000	13.913043	240.000000	320.000000
0	19.355000	13.913043	240.000000	320.000000
0	19.387000	13.913043	240.000000	320.000000
0	19.418000	13.913043	240.000000	320.000000
0	19.449000	13.913043	240.000000	320.000000
0	19.496000	13.913043	240.000000	320.000000
0	19.527000	13.913043	240.000000	320.000000
0	19.558000	13.913043	240.000000	320.000000
0	19.589000	13.913043	240.000000	320.000000
0	19.621000	13.913043	240.000000	320.000000
0	19.652000	13.913043	240.000000	320.000000
0	19.683000	13.913043	240.000000	320.000000
0	19.730000	13.913043	240.000000	320.000000
0	19.761000	13.913043	240.000000	320.000000
0	19.792000	13.913043	240.000000	320.000000
0	19.823000	13.913043	240.000000	320.000000
0	19.855000	13.913043	240.000000	320.000000
0	19.886000	13.913043	240.000000	320.000000
0	19.917000	13.913043	240.000000	320.000000
0	19.948000	13.913043	240.000000	320.000000
0	19.995000	13.913043	240.000000	320.000000
0	20.026000	13.913043	240.000000	320.000000
0	20.057000	13.913043	240.000000	320.000000
0	20.089000	13.913043	240.000000	320.000000
0	20.120000	13.913043	240.000000	320.000000
0	20.151000	13.913043	240.000000	320.000000
0	20.182000	13.913043	240.000000	320.000000
0	20.229000	13.913043	240.000000	320.000000
0	20.260000	13.913043	240.000000	320.000000
0	20.291000	13.913043	240.000000	320.000000
0	20.323000	13.913043	240.000000	320.000000
0	20.354000	13.913043	240.000000	320.000000
0	20.385000	13.913043	240.000000	320.000000
0	20.416000	13.913043	240.000000	320.000000
0	20.463000	13.913043	240.000000	320.000000
0	20.494000	13.913043	240.000000	320.000000
0	20.525000	13.913043	240.000000	320.000000
0	20.557000	13.913043	240.000000	320.000000
0	20.588000	13.913043	240.000000	320.000000
0	20.619000	13.913043	240.000000	320.000000
0	20.650000	13.913043	240.000000	320.000000
0	20.681000	13.913043	240.000000	320.000000
0	20.728000	13.913043	240.000000	320.000000
0	20.759000	13.913043	240.000000	320.000000
0	20.791000	13.913043	240.000000	320.000000
0	20.822000	13.913043	240.000000	320.000000
0	20.853000	13.913043	240.000000	320.000000
0	20.884000	13.913043	240.000000	320.000000
0	20.915000	13.913043	240.000000	320.000000
0	20.947000	13.913043	240.000000	320.000000
0	20.993000	13.913043	240.000000	320.000000
0	21.025000	13.913043	240.000000	320.000000
0	21.056000	13.913043	240.000000	320.000000
0	21.087000	13.913043	240.000000	320.000000
0	21.118000	13.913043	240.000000	320.000000
0	21.149000	13.913043	240.000000	320.000000
0	21.181000	13.913043	240.000000	320.000000
0	21.227000	13.913043	240.000000	320.000000
0	21.259000	13.913043	240.000000	320.000000
0	21.290000	13.913043	240.000000	320.000000
0	21.321000	13.913043	240.000000	320.000000
0	21.352000	13.913043	240.000000	320.000000
0	21.383000	13.913043	240.000000	320.000000
0	21.415000	13.913043	240.000000	320.000000
0	21.461000	13.913043	240.000000	320.000000
0	21.493000	13.913043	240.000000	320.000000
0	21.524000	13.913043	240.000000	320.000000
0	21.555000	13.913043	240.000000	320.000000
0	21.586000	13.913043	240.000000	320.000000
0	21.617000	13.913043	240.000000	320.000000
0	21.649000	13.913043	240.000000	320.000000
0	21.680000	13.913043	240.000000	320.000000
0	21.727000	13.913043	240.000000	320.000000
0	21.758000	13.913043	240.000000	320.000000
0	21.789000	13.913043	240.000000	320.000000
0	21.820000	13.913043	240.000000	320.000000
0	21.851000	13.913043	240.000000	320.000000
0	21.883000	13.913043	240.000000	320.000000
0	21.914000	13.913043	240.000000	320.000000
0	21.961000	13.913043	240.000000	320.000000
0	21.992000	13.913043	240.000000	320.000000
0	22.023000	13.913043	240.000000	320.000000
0	22.054000	13.913043	240.000000	320.000000
0	22.085000	13.913043	240.000000	320.000000
0	22.117000	13.913043	240.000000	320.000000
0	22.148000	13.913043	240.000000	320.000000
0	22.195000	13.913043	240.000000	320.000000
0	22.226000	13.913043	240.000000	320.000000
0	22.257000	13.913043	240.000000	320.000000
0	22.288000	13.913043	240.000000	320.000000
0	22.319000	13.913043	240.000000	320.000000
0	22.351000	13.913043	240.000000	320.000000
0	22.382000	13.913043	240.000000	320.000000
0	22.413000	13.913043	240.000000	320.000000
0	22.460000	13.913043	240.000000	320.000000
0	22.491000	13.913043	240.000000	320.000000
0	22.522000	13.913043	240.000000	320.000000
0	22.553000	13.913043	240.000000	320.000000
0	22.585000	13.913043	240.000000	320.000000
0	22.616000	13.913043	240.000000	320.000000
0	22.647000	13.913043	240.000000	320.000000
0	22.694000	13.913043	240.000000	320.000000
0	22.725000	13.913043	240.000000	320.000000
0	22.756000	13.913043	240.000000	320.000000
0	22.787000	13.913043	240.000000	320.000000
0	22.819000	13.913043	240.000000	320.000000
0	22.850000	13.913043	240.000000	320.000000
0	22.881000	13.913043	240.000000	320.000000
0	22.928000	13.913043	240.000000	320.000000
0	22.959000	13.913043	240.000000	320.000000
0	22.990000	13.913043	240.000000	320.000000
0	23.021000	13.913043	240.000000	320.000000
0	23.053000	13.913043	240.000000	320.000000
0	23.084000	13.913043	240.000000	320.000000
0	23.115000	13.913043	240.000000	320.000000
0	23.146000	13.913043	240.000000	320.000000
0	23.193000	13.913043	240.000000	320.000000
0	23.224000	13.913043	240.000000	320.000000
0	23.255000	13.913043	240.000000	320.000000
0	23.287000	13.913043	240.000000	320.000000
0	23.318000	13.913043	240.000000	320.000000
0	23.349000	13.913043	240.000000	320.000000
0	23.380000	13.913043	240.000000	320.000000
0	23.427000	13.913043	240.000000	320.000000
0	23.458000	13.913043	240.000000	320.000000
0	23.489000	13.913043	240.000000	320.000000
0	23.521000	13.913043	240.000000	320.000000
0	23.552000	13.913043	240.000000	320.000000
0	23.583000	13.913043	240.000000	320.000000
0	23.614000	13.913043	240.000000	320.000000
0	23.661000	13.913043	240.000000	320.000000
0	23.692000	13.913043	240.000000	320.000000
0	23.723000	13.913043	240.000000	320.000000
0	23.755000	13.913043	240.000000	320.000000
0	23.786000	13.913043	240.000000	320.000000
0	23.817000	13.913043	240.000000	320.000000
0	23.848000	13.913043	240.000000	320.000000
0	23.879000	13.913043	240.000000	320.000000
0	23.926000	13.913043	240.000000	320.000000
0	23.957000	13.913043	240.000000	320.000000
0	23.989000	13.913043	240.000000	320.000000
0	24.020000	13.913043	240.000000	320.000000
0	24.051000	13.913043	240.000000	320.000000
0	24.082000	13.913043	240.000000	320.000000
0	24.113000	13.913043	240.000000	320.000000
0	24.160000	13.913043	240.000000	320.000000
0	24.191000	13.913043	240.000000	320.000000
0	24.223000	13.913043	240.000000	320.000000
0	24.254000	13.913043	240.000000	320.000000
0	24.285000	13.913043	240.000000	320.000000
0	24.316000	13.913043	240.000000	320.000000
0	24.347000	13.913043	240.000000	320.000000
0	24.394000	13.913043	240.000000	320.000000
0	24.425000	13.913043	240.000000	320.000000
0	24.457000	13.913043	240.000000	320.000000
0	24.488000	13.913043	240.000000	320.000000
0	24.519000	13.913043	240.000000	320.000000
0	24.550000	13.913043	240.000000	320.000000
0	24.581000	13.913043	240.000000	320.000000
0	24.613000	13.913043	240.000000	320.000000
0	24.659000	13.913043	240.000000	320.000000
0	24.691000	13.913043	240.000000	320.000000
0	24.722000	13.913043	240.000000	320.000000
0	24.753000	13.913043	240.000000	320.000000
0	24.784000	13.913043	240.000000	320.000000
0	24.815000	13.913043	240.000000	320.000000
0	24.847000	13.913043	240.000000	320.000000
0	24.878000	13.913043	240.000000	320.000000
0	24.925000	13.913043	240.000000	320.000000
0	24.956000	13.913043	240.000000	320.000000
0	24.987000	13.913043	240.000000	320.000000
0	25.018000	13.913043	240.000000	320.000000
0	25.049000	13.913043	240.000000	320.000000
0	25.081000	13.913043	240.000000	320.000000
0	25.112000	13.913043	240.000000	320.000000
0	25.159000	13.913043	240.000000	320.000000
0	25.190000	13.913043	240.000000	320.000000
0	25.221000	13.913043	240.000000	320.000000
0	25.252000	13.913043	240.000000	320.000000
0	25.283000	13.913043	240.000000	320.000000
0	25.315000	13.913043	240.000000	320.000000
0	25.346000	13.913043	240.000000	320.000000
0	25.393000	13.913043	240.000000	320.000000
0	25.424000	13.913043	240.000000	320.000000
0	25.455000	13.913043	240.000000	320.000000
0	25.486000	13.913043	240.000000	320.000000
0	25.517000	13.913043	240.000000	320.000000
0	25.549000	13.913043	240.000000	320.000000
0	25.580000	13.913043	240.000000	320.000000
0	25.611000	13.913043	240.000000	320.000000
0	25.658000	13.913043	240.000000	320.000000
0	25.689000	13.913043	240.000000	320.000000
0	25.720000	13.913043	240.000000	320.000000
0	25.751000	13.913043	240.000000	320.000000
0	25.783000	13.913043	240.000000	320.000000
0	25.814000	13.913043	240.000000	320.000000
0	25.845000	13.913043	240.000000	320.000000
0	25.892000	13.913043	240.000000	320.000000
0	25.923000	13.913043	240.000000	320.000000
0	25.954000	13.913043	240.000000	320.000000
0	25.985000	13.913043	240.000000	320.000000
0	26.017000	13.913043	240.000000	320.000000
0	26.048000	13.913043	240.000000	320.000000
0	26.079000	13.913043	240.000000	320.000000
0	26.126000	13.913043	240.000000	320.000000
0	26.157000	13.913043	240.000000	320.000000
0	26.188000	13.913043	240.000000	320.000000
0	26.219000	13.913043	240.000000	320.000000
0	26.251000	13.913043	240.000000	320.000000
0	26.282000	13.913043	240.000000	320.000000
0	26.313000	13.913043	240.000000	320.000000
0	26.344000	13.913043	240.000000	320.000000
0	26.391000	13.913043	240.000000	320.000000
0	26.422000	13.913043	240.000000	320.000000
0	26.453000	13.913043	240.000000	320.000000
0	26.485000	13.913043	240.000000	320.000000
0	26.516000	13.913043	240.000000	320.000000
0	26.547000	13.913043	240.000000	320.000000
0	26.578000	13.913043	240.000000	320.000000
0	26.625000	13.913043	240.000000	320.000000
0	26.656000	13.913043	240.000000	320.000000
0	26.687000	13.913043	240.000000	320.000000
0	26.719000	13.913043	240.000000	320.000000
0	26.750000	13.913043	240.000000	320.000000
0	26.781000	13.913043	240.000000	320.000000
0	26.812000	13.913043	240.000000	320.000000
0	26.859000	13.913043	240.000000	320.000000
0	26.890000	13.913043	240.000000	320.000000
0	26.921000	13.913043	240.000000	320.000000
0	26.953000	13.913043	240.000000	320.000000
0	26.984000	13.913043	240.000000	320.000000
0	27.015000	13.913043	240.000000	320.000000
0	27.046000	13.913043	240.000000	320.000000
0	27.077000	13.913043	240.000000	320.000000
0	27.124000	13.913043	240.000000	320.000000
0	27.155000	13.913043	240.000000	320.000000
0	27.187000	13.913043	240.000000	320.000000
0	27.218000	13.913043	240.000000	320.000000
0	27.249000	13.913043	240.000000	320.000000
0	27.280000	13.913043	240.000000	320.000000
0	27.311000	13.913043	240.000000	320.000000
0	27.358000	13.913043	240.000000	320.000000
0	27.389000	13.913043	240.000000	320.000000
0	27.421000	13.913043	240.000000	320.000000
0	27.452000	13.913043	240.000000	320.000000
0	27.483000	13.913043	240.000000	320.000000
0	27.514000	13.913043	240.000000	320.000000
0	27.545000	13.913043	240.000000	320.000000
0	27.592000	13.913043	240.000000	320.000000
0	27.623000	13.913043	240.000000	320.000000
0	27.655000	13.913043	240.000000	320.000000
0	27.686000	13.913043	240.000000	320.000000
0	27.717000	13.913043	240.000000	320.000000
0	27.748000	13.913043	240.000000	320.000000
0	27.779000	13.913043	240.000000	320.000000
0	27.811000	13.913043	240.000000	320.000000
0	27.857000	13.913043	240.000000	320.000000
0	27.889000	13.913043	240.000000	320.000000
0	27.920000	13.913043	240.000000	320.000000
0	27.951000	13.913043	240.000000	320.000000
0	27.982000	13.913043	240.000000	320.000000
0	28.013000	13.913043	240.000000	320.000000
0	28.045000	13.913043	240.000000	320.000000
0	28.091000	13.913043	240.000000	320.000000
0	28.123000	13.913043	240.000000	320.000000
0	28.154000	13.913043	240.000000	320.000000
0	28.185000	13.913043	240.000000	320.000000
0	28.216000	13.913043	240.000000	320.000000
0	28.247000	13.913043	240.000000	320.000000
0	28.279000	13.913043	240.000000	320.000000
0	28.325000	13.913043	240.000000	320.000000
0	28.357000	13.913043	240.000000	320.000000
0	28.388000	13.913043	240.000000	320.000000
0	28.419000	13.913043	240.000000	320.000000
0	28.450000	13.913043	240.000000	320.000000
0	28.481000	13.913043	240.000000	320.000000
0	28.513000	13.913043	240.000000	320.000000
0	28.544000	13.913043	240.000000	320.000000
0	28.591000	13.913043	240.000000	320.000000
0	28.622000	13.913043	240.000000	320.000000
0	28.653000	13.913043	240.000000	320.000000
0	28.684000	13.913043	240.000000	320.000000
0	28.715000	13.913043	240.000000	320.000000
0	28.747000	13.913043	240.000000	320.000000
0	28.778000	13.913043	240.000000	320.000000
0	28.825000	13.913043	240.000000	320.000000
0	28.856000	13.913043	240.000000	320.000000
0	28.887000	13.913043	240.000000	320.000000
0	28.918000	13.913043	240.000000	320.000000
0	28.949000	13.913043	240.000000	320.000000
0	28.981000	13.913043	240.000000	320.000000
0	29.012000	13.913043	240.000000	320.000000
0	29.043000	13.913043	240.000000	320.000000
0	29.090000	13.913043	240.000000	320.000000
0	29.121000	13.913043	240.000000	320.000000
0	29.152000	13.913043	240.000000	320.000000
0	29.183000	13.913043	240.000000	320.000000
0	29.215000	13.913043	240.000000	320.000000
0	29.246000	13.913043	240.000000	320.000000
0	29.277000	13.913043	240.000000	320.000000
0	29.324000	13.913043	240.000000	320.000000
0	29.355000	13.913043	240.000000	320.000000
0	29.386000	13.913043	240.000000	320.000000
0	29.417000	13.913043	240.000000	320.000000
0	29.449000	13.913043	240.000000	320.000000
0	29.480000	13.913043	240.000000	320.000000
0	29.511000	13.913043	240.000000	320.000000
0	29.542000	13.913043	240.000000	320.000000
0	29.589000	13.913043	240.000000	320.000000
0	29.620000	13.913043	240.000000	320.000000
0	29.651000	13.913043	240.000000	320.000000
0	29.683000	13.913043	240.000000	320.000000
0	29.714000	13.913043	240.000000	320.000000
0	29.745000	13.913043	240.000000	320.000000
0	29.776000	13.913043	240.000000	320.000000
0	29.823000	13.913043	240.000000	320.000000
0	29.854000	13.913043	240.000000	320.000000
0	29.885000	13.913043	240.000000	320.000000
0	29.917000	13.913043	240.000000	320.000000
0	29.948000	13.913043	240.000000	320.000000
0	29.979000	13.913043	240.000000	320.000000
<\LEFT-PUPIL-DATA>
<RIGHT-PUPIL-ANALYSIS>
1
0	0	17	902	0	0	0.510000	29.517000	0.509000	100.059952	0.000000	0.000000	0.000000	0	3	3	3	3	0	0	0	0.000000	0.000000	0.000000	0.000000	0.000000	0.000000	0.000000	-1.000000	0.000000	0	1.435478	0.361164	1.618490	0.102491	0.858000	-0.339221	-3.266946	-1.000000	0.083612	1	1.435478	0.361164	1.618490	0.102491	0.858000	-0.183549	-2.465635	-1.000000	0.081306
<\RIGHT-PUPIL-ANALYSIS>
<LEFT-PUPIL-ANALYSIS>
1
0	0	18	902	0	0	0.510000	29.517000	0.509000	100.059952	0.000000	0.000000	0.000000	0	3	3	3	3	0	0	0	0.000000	0.000000	0.000000	0.000000	0.000000	0.000000	0.000000	-1.000000	0.000000	0	-0.034783	-0.034783	0.000950	0.000950	0.016000	0.000000	0.000000	-1.000000	0.000000	1	-0.034783	-0.034783	0.000950	0.000950	0.016000	-1000000.000000	-1000000.000000	-1.000000	0.000000
<\LEFT-PUPIL-ANALYSIS>
%%%%%%%%%
%%%%%%%%%
%%%%%%%%%
%%%	Measurement Tiime is: 2017-08-15 10:07:57
%%%	Subject ID is: c57-1mois-M2-2b
%%%	Note: 
%%%	RSS: Default Human Relative Spectral Sensitivity
%%%	Pupil Analysis:
%%%
%%%
%%%
%%%	Pulse Index:	0
%%%	Stimulus Session Index:	0
%%%	Right Pupil Stimulated
%%%	Light Metric is Photopic
%%%	Stimulus Start Time(sec):	0.51
%%%	Stimulus Duration(sec):	29.52
%%%	Stimulus Pulse Duration(sec):	0.51
%%%	Right Pulse:	100.06	(Blue )	-	0.00	(Blue )	[Lux ]
%%%	Left Pulse:	0.00	(Blue )	-	0.00	(Blue )	[Lux ]
%%%
%%%		RIGHT	LEFT	R.Pupil Mean	L.Pupil Mean	R.Stim Mean	R.Stim Mean
%%%	INPUT:	RAW DATA	RAW DATA
%%%	STATE:	ABNORMAL	ABNORMAL	ABNORMAL	ABNORMAL	ABNORMAL	ABNORMAL
%%%	MAX(mm):	0.00	0.00	0.00	0.00	0.00	0.00
%%%	MIN(mm):	0.00	0.00	0.00	0.00	0.00	0.00
%%%	DELTA(mm):						
%%%	CH(%):						
%%%	LAT(sec):	0.00	0.00	0.00	0.00	0.00	0.00
%%%	CV(mm/s):	0.00	0.00	0.00	0.00	0.00	0.00
%%%	MCV(mm/s):	0.00	0.00	0.00	0.00	0.00	0.00
%%%	DV(mm/s):	0.00	0.00	0.00	0.00	0.00	0.00
%%%%%%%%%
%%%%%%%%%
%%%%%%%%%
%%%	Right Pupil Profile (1st row -> 1 == valid tracking, 0 == invalid tracking; 2nd row -> time; 3rd row -> diameter (mm))
%%%	1	1	1	1	1	1	1	1	1	1	1	1	1	1	1	1	1	1	1	1	1	1	1	1	1	1	1	1	1	1	1	1	1	1	1	1	1	0	1	1	1	1	1	1	1	1	1	1	1	1	1	0	1	1	1	1	1	1	1	1	1	0	0	0	0	0	0	1	0	1	1	0	0	1	0	1	1	0	1	0	0	0	0	0	1	0	1	1	0	1	0	0	0	1	0	1	0	0	0	0	1	1	1	0	1	0	1	1	1	1	1	1	1	1	1	0	1	0	0	0	1	1	0	0	0	0	0	0	0	0	1	0	1	1	1	1	0	1	1	1	1	1	0	0	1	1	0	1	1	1	1	0	0	0	1	1	1	0	1	0	1	1	1	0	1	0	0	0	1	1	1	0	1	1	1	1	1	1	0	1	0	1	1	1	0	1	0	0	1	1	0	1	1	0	0	0	1	1	1	1	1	1	1	1	0	1	0	1	1	1	0	1	0	0	1	0	0	1	1	1	1	0	1	1	1	1	1	1	1	0	1	0	1	1	1	0	0	1	0	1	0	1	1	1	0	1	0	1	0	0	1	0	0	0	1	0	0	0	0	0	0	0	0	1	1	1	1	0	1	1	0	1	0	1	1	1	0	0	1	0	1	1	0	1	1	1	0	0	0	0	0	1	1	0	1	1	1	1	1	0	1	1	1	1	0	1	0	0	0	0	1	1	1	0	1	1	1	1	0	1	1	1	1	1	0	0	1	0	1	1	1	0	1	1	1	1	1	1	1	1	1	1	0	1	1	1	1	1	1	1	1	1	1	1	0	1	1	1	1	1	1	1	1	1	1	0	0	1	1	1	1	1	1	0	1	0	0	1	1	0	1	1	0	1	1	1	1	1	0	0	0	1	1	1	1	1	1	1	1	1	1	1	1	1	1	1	0	0	1	0	1	1	1	1	1	1	1	1	1	0	1	0	1	1	1	0	1	1	1	1	1	1	1	1	1	1	1	1	1	1	1	1	1	1	0	0	1	0	0	1	1	0	1	0	1	1	0	1	1	1	1	1	1	0	1	1	1	1	1	1	1	1	1	1	1	1	1	1	1	1	1	1	0	1	1	1	1	1	1	1	0	1	1	1	1	1	1	0	0	0	1	1	0	1	1	0	1	1	1	0	1	1	1	1	1	1	1	1	1	0	1	1	0	1	1	1	0	1	1	1	0	1	1	1	1	1	1	1	1	0	0	1	1	1	0	1	1	0	1	0	1	1	0	1	0	0	1	0	0	1	1	1	1	1	1	1	1	1	0	1	1	0	1	1	1	1	0	1	1	1	1	1	0	0	1	1	0	1	0	1	0	1	1	1	1	1	1	0	1	0	1	0	1	0	0	1	1	1	1	1	0	1	0	1	1	1	0	1	1	1	0	1	1	0	1	0	1	1	0	1	1	0	0	0	0	1	1	0	1	1	1	1	1	1	1	1	1	1	1	1	1	1	0	1	1	0	1	0	1	1	0	1	1	0	1	0	1	1	0	1	0	0	0	1	1	0	0	1	1	1	1	0	1	1	0	1	0	1	1	1	1	1	0	1	1	1	1	1	1	1	1	1	0	0	1	0	0	0	1	0	0	0	0	1	0	0	1	0	0	0	0	0	0	1	0	0	0	0	0	1	0	0	1	0	0	0	0	0	0	0	0	0	0	0	0	0	0	0	0	0	0	0	0	0	0	0	0	0	0	0	0	0	0	0	0	0	0	0	0	0	0	0	0	0	0	0	0	0	0	0	0	0	0	0	0	0	0	0	0	0	0	0	0	0	0	0	0	0	0	0	0	0	0	0	0	0	0	0	0	0	0	0	0	0	0	0	0	0	1	0	0	0	0	0	0	1	1	0	1	1	0	0	0	1	0	0	1	0	0	1	1	0	1	0	0	0	1	0	0	0	0	1	0	1	0	1	0	0	0	0	0	0	0	0	1	0	0	0	1	0	0	0	0	1	1	0	0	0	0	0	0	0	1	0	0	0	0	0	0	0	1	0	0	1	0	0	0	0	0	0	0	0	0
%%%	-0.051000	-0.020000	0.011000	0.042000	0.074000	0.105000	0.136000	0.183000	0.214000	0.245000	0.276000	0.308000	0.339000	0.370000	0.417000	0.448000	0.479000	0.510000	0.542000	0.573000	0.604000	0.651000	0.682000	0.713000	0.744000	0.776000	0.807000	0.838000	0.869000	0.916000	0.947000	0.978000	1.010000	1.041000	1.072000	1.103000	1.134000	1.181000	1.212000	1.244000	1.275000	1.306000	1.337000	1.368000	1.415000	1.446000	1.478000	1.509000	1.540000	1.571000	1.602000	1.649000	1.680000	1.712000	1.743000	1.774000	1.805000	1.836000	1.868000	1.914000	1.946000	1.977000	2.008000	2.039000	2.070000	2.102000	2.148000	2.180000	2.211000	2.242000	2.273000	2.304000	2.336000	2.382000	2.414000	2.445000	2.476000	2.507000	2.538000	2.570000	2.601000	2.648000	2.679000	2.710000	2.741000	2.772000	2.804000	2.835000	2.882000	2.913000	2.944000	2.975000	3.006000	3.038000	3.069000	3.116000	3.147000	3.178000	3.209000	3.240000	3.272000	3.303000	3.334000	3.381000	3.412000	3.443000	3.474000	3.506000	3.537000	3.568000	3.615000	3.646000	3.677000	3.708000	3.740000	3.771000	3.802000	3.849000	3.880000	3.911000	3.942000	3.974000	4.005000	4.036000	4.067000	4.114000	4.145000	4.176000	4.208000	4.239000	4.270000	4.301000	4.348000	4.379000	4.410000	4.442000	4.473000	4.504000	4.535000	4.582000	4.613000	4.644000	4.676000	4.707000	4.738000	4.769000	4.800000	4.847000	4.878000	4.910000	4.941000	4.972000	5.003000	5.034000	5.081000	5.112000	5.144000	5.175000	5.206000	5.237000	5.268000	5.300000	5.346000	5.378000	5.409000	5.440000	5.471000	5.502000	5.534000	5.580000	5.612000	5.643000	5.674000	5.705000	5.736000	5.768000	5.799000	5.846000	5.877000	5.908000	5.939000	5.970000	6.002000	6.033000	6.080000	6.111000	6.142000	6.173000	6.205000	6.236000	6.267000	6.314000	6.345000	6.376000	6.407000	6.439000	6.470000	6.501000	6.532000	6.579000	6.610000	6.641000	6.673000	6.704000	6.735000	6.766000	6.813000	6.844000	6.875000	6.907000	6.938000	6.969000	7.000000	7.047000	7.078000	7.109000	7.141000	7.172000	7.203000	7.234000	7.265000	7.312000	7.343000	7.375000	7.406000	7.437000	7.468000	7.499000	7.546000	7.577000	7.609000	7.640000	7.671000	7.702000	7.733000	7.780000	7.811000	7.843000	7.874000	7.905000	7.936000	7.967000	7.999000	8.045000	8.077000	8.108000	8.139000	8.170000	8.201000	8.233000	8.279000	8.311000	8.342000	8.373000	8.404000	8.435000	8.467000	8.513000	8.545000	8.576000	8.607000	8.638000	8.669000	8.701000	8.732000	8.779000	8.810000	8.841000	8.872000	8.903000	8.935000	8.966000	9.013000	9.044000	9.075000	9.106000	9.137000	9.169000	9.200000	9.231000	9.278000	9.309000	9.340000	9.371000	9.403000	9.434000	9.465000	9.512000	9.543000	9.574000	9.605000	9.637000	9.668000	9.699000	9.746000	9.777000	9.808000	9.839000	9.871000	9.902000	9.933000	9.964000	10.011000	10.042000	10.073000	10.105000	10.136000	10.167000	10.198000	10.245000	10.276000	10.307000	10.339000	10.370000	10.401000	10.432000	10.479000	10.510000	10.541000	10.573000	10.604000	10.635000	10.666000	10.697000	10.744000	10.775000	10.807000	10.838000	10.869000	10.900000	10.931000	10.978000	11.009000	11.041000	11.072000	11.103000	11.134000	11.165000	11.197000	11.243000	11.275000	11.306000	11.337000	11.368000	11.399000	11.431000	11.477000	11.509000	11.540000	11.571000	11.602000	11.633000	11.665000	11.711000	11.743000	11.774000	11.805000	11.836000	11.867000	11.899000	11.930000	11.977000	12.008000	12.039000	12.070000	12.101000	12.133000	12.164000	12.211000	12.242000	12.273000	12.304000	12.335000	12.367000	12.398000	12.445000	12.476000	12.507000	12.538000	12.569000	12.601000	12.632000	12.663000	12.710000	12.741000	12.772000	12.803000	12.835000	12.866000	12.897000	12.944000	12.975000	13.006000	13.037000	13.069000	13.100000	13.131000	13.162000	13.209000	13.240000	13.271000	13.303000	13.334000	13.365000	13.396000	13.443000	13.474000	13.505000	13.537000	13.568000	13.599000	13.630000	13.677000	13.708000	13.739000	13.771000	13.802000	13.833000	13.864000	13.895000	13.942000	13.973000	14.005000	14.036000	14.067000	14.098000	14.129000	14.176000	14.207000	14.239000	14.270000	14.301000	14.332000	14.363000	14.410000	14.441000	14.473000	14.504000	14.535000	14.566000	14.597000	14.629000	14.675000	14.707000	14.738000	14.769000	14.800000	14.831000	14.863000	14.909000	14.941000	14.972000	15.003000	15.034000	15.065000	15.097000	15.143000	15.175000	15.206000	15.237000	15.268000	15.299000	15.331000	15.362000	15.409000	15.440000	15.471000	15.502000	15.533000	15.565000	15.596000	15.643000	15.674000	15.705000	15.736000	15.767000	15.799000	15.830000	15.877000	15.908000	15.939000	15.970000	16.001000	16.033000	16.064000	16.095000	16.142000	16.173000	16.204000	16.235000	16.267000	16.298000	16.329000	16.376000	16.407000	16.438000	16.469000	16.501000	16.532000	16.563000	16.594000	16.641000	16.672000	16.703000	16.735000	16.766000	16.797000	16.828000	16.875000	16.906000	16.937000	16.969000	17.000000	17.031000	17.062000	17.093000	17.140000	17.171000	17.203000	17.234000	17.265000	17.296000	17.327000	17.374000	17.405000	17.437000	17.468000	17.499000	17.530000	17.561000	17.608000	17.639000	17.671000	17.702000	17.733000	17.764000	17.795000	17.827000	17.873000	17.905000	17.936000	17.967000	17.998000	18.029000	18.061000	18.107000	18.139000	18.170000	18.201000	18.232000	18.263000	18.295000	18.341000	18.373000	18.404000	18.435000	18.466000	18.497000	18.529000	18.560000	18.607000	18.638000	18.669000	18.700000	18.731000	18.763000	18.794000	18.841000	18.872000	18.903000	18.934000	18.965000	18.997000	19.028000	19.075000	19.106000	19.137000	19.168000	19.199000	19.231000	19.262000	19.293000	19.340000	19.371000	19.402000	19.433000	19.465000	19.496000	19.527000	19.574000	19.605000	19.636000	19.667000	19.699000	19.730000	19.761000	19.808000	19.839000	19.870000	19.901000	19.933000	19.964000	19.995000	20.026000	20.073000	20.104000	20.135000	20.167000	20.198000	20.229000	20.260000	20.307000	20.338000	20.369000	20.401000	20.432000	20.463000	20.494000	20.541000	20.572000	20.603000	20.635000	20.666000	20.697000	20.728000	20.759000	20.806000	20.837000	20.869000	20.900000	20.931000	20.962000	20.993000	21.025000	21.071000	21.103000	21.134000	21.165000	21.196000	21.227000	21.259000	21.305000	21.337000	21.368000	21.399000	21.430000	21.461000	21.493000	21.539000	21.571000	21.602000	21.633000	21.664000	21.695000	21.727000	21.758000	21.805000	21.836000	21.867000	21.898000	21.929000	21.961000	21.992000	22.039000	22.070000	22.101000	22.132000	22.163000	22.195000	22.226000	22.273000	22.304000	22.335000	22.366000	22.397000	22.429000	22.460000	22.491000	22.538000	22.569000	22.600000	22.631000	22.663000	22.694000	22.725000	22.772000	22.803000	22.834000	22.865000	22.897000	22.928000	22.959000	23.006000	23.037000	23.068000	23.099000	23.131000	23.162000	23.193000	23.224000	23.271000	23.302000	23.333000	23.365000	23.396000	23.427000	23.458000	23.505000	23.536000	23.567000	23.599000	23.630000	23.661000	23.692000	23.739000	23.770000	23.801000	23.833000	23.864000	23.895000	23.926000	23.957000	24.004000	24.035000	24.067000	24.098000	24.129000	24.160000	24.191000	24.238000	24.269000	24.301000	24.332000	24.363000	24.394000	24.425000	24.472000	24.503000	24.535000	24.566000	24.597000	24.628000	24.659000	24.691000	24.737000	24.769000	24.800000	24.831000	24.862000	24.893000	24.925000	24.971000	25.003000	25.034000	25.065000	25.096000	25.127000	25.159000	25.190000	25.237000	25.268000	25.299000	25.330000	25.361000	25.393000	25.424000	25.471000	25.502000	25.533000	25.564000	25.595000	25.627000	25.658000	25.689000	25.736000	25.767000	25.798000	25.829000	25.861000	25.892000	25.923000	25.970000	26.001000	26.032000	26.063000	26.095000	26.126000	26.157000	26.204000	26.235000	26.266000	26.297000	26.329000	26.360000	26.391000	26.422000	26.469000	26.500000	26.531000	26.563000	26.594000	26.625000	26.656000	26.703000	26.734000	26.765000	26.797000	26.828000	26.859000	26.890000	26.937000	26.968000	26.999000	27.031000	27.062000	27.093000	27.124000	27.155000	27.202000	27.233000	27.265000	27.296000	27.327000	27.358000	27.389000	27.436000	27.467000	27.499000	27.530000	27.561000	27.592000	27.623000	27.670000	27.701000	27.733000	27.764000	27.795000	27.826000	27.857000	27.889000	27.935000	27.967000	27.998000	28.029000	28.060000	28.091000	28.123000	28.169000	28.201000	28.232000	28.263000	28.294000	28.325000	28.357000	28.403000	28.435000	28.466000	28.497000	28.528000	28.559000	28.591000	28.622000	28.669000	28.700000	28.731000	28.762000	28.793000	28.825000	28.856000	28.903000	28.934000	28.965000	28.996000	29.027000	29.059000	29.090000	29.121000	29.168000	29.199000	29.230000	29.261000	29.293000	29.324000	29.355000	29.402000	29.433000	29.464000	29.495000	29.527000	29.558000	29.589000	29.636000	29.667000	29.698000	29.729000	29.761000	29.792000	29.823000	29.854000	29.901000	29.932000	29.963000	29.995000
%%%	1.415072	1.424493	1.415797	1.416377	1.425073	1.442319	1.391304	1.402899	1.442464	1.435797	1.425073	1.416377	1.427246	1.435362	1.445072	1.416812	1.441884	1.386377	1.442899	1.453768	1.424493	1.424638	1.431594	1.426087	1.416377	1.427681	1.391449	1.344058	1.336377	1.283623	1.253333	1.159420	1.159275	1.138116	1.078841	1.094493	1.008985	0.588116	0.937391	0.912317	0.588116	0.872464	0.868406	0.835362	0.837681	0.597246	0.534058	0.486232	0.498841	0.469420	0.479275	0.510145	0.486957	0.454203	0.457681	0.440580	0.424493	0.426667	0.412464	0.429855	0.420580	0.347826	0.467971	0.429855	0.391159	0.522899	0.396232	0.417391	0.533333	0.407536	0.417971	0.374493	0.405072	0.382029	0.407681	0.378116	0.382609	0.372464	0.401015	0.347826	0.396812	0.347826	0.347826	0.347826	0.382609	0.347826	0.409855	0.394638	0.347826	0.376667	0.347826	0.417391	0.420725	0.376812	0.347826	0.353188	0.347826	0.411449	0.378985	0.400000	0.407246	0.417971	0.422899	0.392464	0.395507	0.382609	0.417246	0.425072	0.406377	0.409275	0.438551	0.417536	0.418116	0.351015	0.409275	0.347826	0.423188	0.401884	0.417246	0.348985	0.428841	0.425362	0.347826	0.405797	0.442899	0.347826	0.417391	0.347826	0.347826	0.848987	0.428985	0.347826	0.347826	0.454203	0.451159	0.437536	0.498406	0.437536	0.427536	0.429855	0.442464	0.486957	0.431014	0.464058	0.453333	0.446232	0.447101	0.432029	0.465797	0.442319	0.556522	0.441884	0.369855	0.440145	0.486957	0.486957	0.479420	0.440580	0.467971	0.347826	0.348406	0.488986	0.440725	0.533333	0.489855	0.461159	0.457681	0.347826	0.453623	0.468551	0.486667	0.440580	0.463768	0.452319	0.472464	0.457101	0.483333	0.446812	0.510145	0.469565	0.351015	0.464203	0.468406	0.510145	0.486667	0.696232	0.486957	0.475072	0.462898	0.485362	0.556522	0.491449	0.493188	0.651449	0.556522	0.556522	0.492754	0.451159	0.498985	0.505072	0.484493	0.503188	0.489710	0.486957	0.364058	0.494058	0.347826	0.495652	0.487681	0.484203	0.407392	0.468551	0.409275	0.347826	0.494493	0.483623	0.465797	0.459710	0.475362	0.477246	0.500000	0.496812	0.509710	0.484203	0.475072	0.491884	0.528841	0.466377	0.481449	0.486957	0.457536	0.347826	0.498116	0.510145	0.521739	0.544928	0.347826	0.509275	0.498551	0.499420	0.533333	0.522899	0.521739	0.485362	0.365217	0.521739	0.486957	0.498406	0.556522	0.742029	0.522899	0.347826	0.533333	0.527246	0.540290	0.669565	0.521594	0.347826	0.533768	0.522899	0.529855	0.355942	0.556522	0.838551	0.857102	0.571159	0.615362	0.579710	0.600000	0.607536	0.365797	0.910000	0.590145	0.956522	0.976667	0.603768	0.504348	0.596667	0.633768	0.596667	1.000145	0.979420	0.621884	1.017391	0.626087	0.997247	0.646812	0.648985	0.742029	0.742029	0.672899	0.654928	0.708116	0.694493	1.092319	0.653623	1.078261	0.693768	0.709420	0.718986	0.678406	1.111884	1.078841	1.114058	0.684058	1.099420	0.690725	0.698985	1.759855	1.020290	1.133333	1.114203	1.123333	0.690145	1.092898	1.112029	1.104203	1.122754	0.683333	1.113043	1.117971	1.089855	1.117971	0.671450	0.670145	1.283623	1.105942	1.894203	1.150580	1.147826	1.127101	0.834783	1.127681	1.115797	1.159275	1.129710	1.078261	1.113043	1.168116	1.136232	1.122319	1.100725	0.705942	1.107246	1.136232	1.079855	1.159710	1.151594	1.136812	1.152609	1.117971	1.148406	1.150580	1.113043	1.576812	1.161449	1.113043	1.139130	1.153188	1.144058	1.118406	1.136812	1.159420	1.185942	1.113043	1.046377	0.730435	1.136377	1.151014	1.154638	1.144928	1.183188	1.147826	0.781594	1.152174	0.973913	0.765217	1.141884	1.190145	0.741595	1.156667	1.157536	0.755942	1.185362	1.127681	1.164927	1.118551	1.183333	1.528841	0.805797	1.566377	1.131014	1.152464	1.118551	1.175073	1.198986	1.161884	1.182609	1.154203	1.160290	1.160290	1.192464	1.165797	1.171015	1.197101	1.168551	1.957246	0.894058	1.157971	0.752174	1.182609	1.184783	1.166667	1.183768	1.149275	1.123333	1.170725	1.121015	1.162464	0.983768	1.198116	1.577246	1.160725	1.134928	1.148986	0.751594	1.147971	1.162319	0.813623	1.159855	1.202899	0.768116	1.182609	1.159275	1.202754	1.190579	1.188406	1.192899	1.217536	1.192899	1.203188	1.200000	1.188406	1.162319	0.716667	1.391304	1.205797	1.298551	0.757102	1.183768	1.191449	0.747826	1.205797	1.831594	1.229420	1.228551	1.698986	1.196232	1.211884	1.205797	1.202754	1.183768	1.196377	0.725072	1.207536	1.194493	1.212029	1.201449	1.211884	1.207536	1.211159	1.212464	1.200580	1.234203	1.181449	1.242464	1.242899	1.217391	1.212029	1.208696	1.199420	1.194203	1.692319	1.275362	1.215217	1.224493	1.217391	1.214203	1.249420	1.212029	1.970145	1.234203	1.270145	1.246812	1.205797	1.255362	1.238551	1.947826	1.785507	1.762319	1.284058	1.251594	1.848840	1.285507	1.305942	1.682609	1.286957	1.286377	1.296812	1.298551	1.285942	1.269420	1.325942	1.295797	1.298551	1.317246	1.303188	1.315217	1.321739	1.855072	1.295507	1.327536	1.778261	1.321015	1.327246	1.321739	1.669565	1.329420	1.321739	1.306812	1.820290	1.344058	1.326667	1.344058	1.294493	1.290580	1.298551	1.308696	1.304348	1.820290	1.860435	1.322899	1.322464	1.284058	1.924638	1.286377	1.283623	1.947681	1.305507	1.762319	1.304348	1.341884	1.977246	1.345072	1.788116	1.981594	0.857536	1.821159	1.845797	1.309275	1.333333	1.321739	1.342899	1.323188	1.292899	1.325073	1.309275	1.304928	1.640145	1.331594	1.288116	1.878261	1.329855	1.312029	1.337971	1.322899	1.746667	1.305362	1.332029	1.366377	1.331449	1.333333	1.898551	1.805507	1.371884	1.345072	0.920290	1.331449	2.013623	1.345072	1.855072	1.365797	1.331884	1.321739	1.344928	1.321739	1.339710	1.785507	1.331014	1.770725	1.309855	1.892899	1.304638	1.751594	1.882464	1.968406	1.321739	1.333768	1.335797	1.351160	1.915072	1.341884	1.788406	1.344493	1.335362	1.345072	1.949275	1.344058	1.345072	1.370145	1.913043	1.328406	1.356522	1.874927	1.333188	1.947971	1.322464	1.358116	2.121739	1.344203	1.379420	2.052029	1.715797	2.088551	1.674927	1.322899	1.325507	1.855072	1.373913	1.285942	1.305072	1.298551	1.289131	2.051160	1.318406	1.344928	1.327536	1.948406	1.321739	1.299855	1.327826	1.301014	1.769710	1.298551	1.322899	1.892464	1.321739	1.824058	1.327246	1.322899	2.088116	1.311015	1.325073	1.767971	1.321449	2.000000	1.344058	1.391304	2.226087	1.333768	2.040580	1.863623	1.762319	2.133623	1.407101	2.063768	1.985942	1.394928	1.354928	1.366377	1.402899	2.063768	1.372319	1.437681	2.051160	1.391304	1.947826	1.392899	1.391304	1.379855	1.402899	1.414203	1.973480	1.344058	2.105507	1.385362	2.117102	1.375507	2.233622	1.379710	1.414493	2.226087	2.070290	1.996378	1.431884	1.773188	2.133768	2.133333	2.156522	2.133333	1.860580	1.947826	1.878986	2.039855	1.904348	1.823333	1.407101	2.249275	2.156522	2.086957	2.105362	1.947826	2.122319	1.409855	2.122754	1.945507	2.079855	2.156522	2.052029	1.416232	1.994927	2.226667	1.371449	2.086957	2.125073	2.133333	1.913043	2.133188	2.056667	2.156522	1.937536	1.874927	2.098840	2.087536	2.086957	2.133333	2.125073	2.088406	2.045072	2.157101	2.087536	2.088116	2.017391	2.201594	1.485362	2.228841	2.096232	1.490725	1.539710	1.948406	2.125073	2.127536	2.127246	2.120725	2.017391	1.808696	1.576812	0.852174	0.587536	0.428261	0.466232	0.376232	0.648841	0.779275	1.131449	0.496812	0.495507	0.347826	0.596812	0.510145	0.347826	0.347826	0.347826	0.348985	0.440290	0.485072	0.540145	0.348985	0.351449	0.486957	0.347826	0.348406	0.451449	0.347826	0.390145	0.394203	0.544928	0.456377	0.416667	0.526232	0.796667	0.742319	0.570580	0.684058	0.869565	0.670725	0.936812	0.938551	0.921739	1.101449	0.990725	0.920145	0.662899	1.270580	1.576812	2.017391	2.202899	2.275072	2.264638	2.246667	2.075507	2.159275	2.099420	2.388406	2.342029	2.649275	2.570145	2.278261	2.527536	2.476667	2.226087	2.154493	2.533623	1.631449	2.077536	1.855072	2.504348	2.209275	2.297532	1.861594	2.342029	1.618551	1.839710	2.087971	1.978116	2.088116	1.878261	1.875073	1.924638	1.985507	2.158116	1.935942	1.595652	1.901449	1.892464	1.860290	1.855072	1.990290	1.817391	1.855072	1.795507	1.681159	2.259710	2.318840	1.565797	1.987536	1.849420	2.084203	1.561449	1.799855	1.853333	1.936232	1.911014	1.632319	1.599420	1.809275	2.404928	2.339710	1.857101	2.105507	1.909710	2.240725	1.573333	1.909855	2.088116	2.044638	2.133333	1.936232	2.231449	2.318840	2.003333	2.204928	2.208551	1.878261	1.996232	1.947826	1.890725	2.089275	2.168116	2.084493	2.548551	2.475503	2.311449
%%%	Left Pupil Profile (1st row -> 1 == valid tracking, 0 == invalid tracking; 2nd row -> time; 3rd row -> diameter (mm))
%%%	0	0	0	0	0	0	0	0	0	0	0	0	0	0	0	0	0	0	0	0	0	0	0	0	0	0	0	0	0	0	0	0	0	0	0	0	0	0	0	0	0	0	0	0	0	0	0	0	0	0	0	0	0	0	0	0	0	0	0	0	0	0	0	0	0	0	0	0	0	0	0	0	0	0	0	0	0	0	0	0	0	0	0	0	0	0	0	0	0	0	0	0	0	0	0	0	0	0	0	0	0	0	0	0	0	0	0	0	0	0	0	0	0	0	0	0	0	0	0	0	0	0	0	0	0	0	0	0	0	0	0	0	0	0	0	0	0	0	0	0	0	0	0	0	0	0	0	0	0	0	0	0	0	0	0	0	0	0	0	0	0	0	0	0	0	0	0	0	0	0	0	0	0	0	0	0	0	0	0	0	0	0	0	0	0	0	0	0	0	0	0	0	0	0	0	0	0	0	0	0	0	0	0	0	0	0	0	0	0	0	0	0	0	0	0	0	0	0	0	0	0	0	0	0	0	0	0	0	0	0	0	0	0	0	0	0	0	0	0	0	0	0	0	0	0	0	0	0	0	0	0	0	0	0	0	0	0	0	0	0	0	0	0	0	0	0	0	0	0	0	0	0	0	0	0	0	0	0	0	0	0	0	0	0	0	0	0	0	0	0	0	0	0	0	0	0	0	0	0	0	0	0	0	0	0	0	0	0	0	0	0	0	0	0	0	0	0	0	0	0	0	0	0	0	0	0	0	0	0	0	0	0	0	0	0	0	0	0	0	0	0	0	0	0	0	0	0	0	0	0	0	0	0	0	0	0	0	0	0	0	0	0	0	0	0	0	0	0	0	0	0	0	0	0	0	0	0	0	0	0	0	0	0	0	0	0	0	0	0	0	0	0	0	0	0	0	0	0	0	0	0	0	0	0	0	0	0	0	0	0	0	0	0	0	0	0	0	0	0	0	0	0	0	0	0	0	0	0	0	0	0	0	0	0	0	0	0	0	0	0	0	0	0	0	0	0	0	0	0	0	0	0	0	0	0	0	0	0	0	0	0	0	0	0	0	0	0	0	0	0	0	0	0	0	0	0	0	0	0	0	0	0	0	0	0	0	0	0	0	0	0	0	0	0	0	0	0	0	0	0	0	0	0	0	0	0	0	0	0	0	0	0	0	0	0	0	0	0	0	0	0	0	0	0	0	0	0	0	0	0	0	0	0	0	0	0	0	0	0	0	0	0	0	0	0	0	0	0	0	0	0	0	0	0	0	0	0	0	0	0	0	0	0	0	0	0	0	0	0	0	0	0	0	0	0	0	0	0	0	0	0	0	0	0	0	0	0	0	0	0	0	0	0	0	0	0	0	0	0	0	0	0	0	0	0	0	0	0	0	0	0	0	0	0	0	0	0	0	0	0	0	0	0	0	0	0	0	0	0	0	0	0	0	0	0	0	0	0	0	0	0	0	0	0	0	0	0	0	0	0	0	0	0	0	0	0	0	0	0	0	0	0	0	0	0	0	0	0	0	0	0	0	0	0	0	0	0	0	0	0	0	0	0	0	0	0	0	0	0	0	0	0	0	0	0	0	0	0	0	0	0	0	0	0	0	0	0	0	0	0	0	0	0	0	0	0	0	0	0	0	0	0	0	0	0	0	0	0	0	0	0	0	0	0	0	0	0	0	0	0	0	0	0	0	0	0	0	0	0	0	0	0	0	0	0	0	0	0	0	0	0	0	0	0	0	0	0	0	0	0	0	0	0	0	0	0	0	0	0	0	0	0	0	0	0	0	0	0	0	0	0	0	0	0	0	0	0	0	0	0	0	0	0	0	0	0	0	0	0	0	0	0	0	0	0	0	0	0	0	0	0	0	0	0	0	0	0	0	0	0	0	0	0	0	0	0	0	0	0	0	0	0	0	0	0	0	0	0	0	0	0	0	0	0	0	0	0	0	0	0	0	0	0	0	0	0	0	0	0	0	0	0	0	0	0	0	0	0	0	0	0	0	0	0	0	0	0	0	0	0	0	0	0	0	0	0	0	0	0	0	0	0	0
%%%	-0.067000	-0.036000	-0.004000	0.027000	0.058000	0.105000	0.136000	0.167000	0.198000	0.230000	0.261000	0.292000	0.339000	0.370000	0.401000	0.432000	0.464000	0.495000	0.526000	0.573000	0.604000	0.635000	0.666000	0.698000	0.729000	0.760000	0.791000	0.838000	0.869000	0.900000	0.932000	0.963000	0.994000	1.025000	1.056000	1.103000	1.134000	1.166000	1.197000	1.228000	1.259000	1.290000	1.337000	1.368000	1.400000	1.431000	1.462000	1.493000	1.524000	1.571000	1.602000	1.634000	1.665000	1.696000	1.727000	1.758000	1.790000	1.836000	1.868000	1.899000	1.930000	1.961000	1.992000	2.024000	2.070000	2.102000	2.133000	2.164000	2.195000	2.226000	2.258000	2.304000	2.336000	2.367000	2.398000	2.429000	2.460000	2.492000	2.523000	2.570000	2.601000	2.632000	2.663000	2.694000	2.726000	2.757000	2.804000	2.835000	2.866000	2.897000	2.928000	2.960000	2.991000	3.038000	3.069000	3.100000	3.131000	3.162000	3.194000	3.225000	3.256000	3.303000	3.334000	3.365000	3.396000	3.428000	3.459000	3.490000	3.537000	3.568000	3.599000	3.630000	3.662000	3.693000	3.724000	3.771000	3.802000	3.833000	3.864000	3.896000	3.927000	3.958000	3.989000	4.036000	4.067000	4.098000	4.130000	4.161000	4.192000	4.223000	4.270000	4.301000	4.332000	4.364000	4.395000	4.426000	4.457000	4.504000	4.535000	4.566000	4.598000	4.629000	4.660000	4.691000	4.722000	4.769000	4.800000	4.832000	4.863000	4.894000	4.925000	4.956000	5.003000	5.034000	5.066000	5.097000	5.128000	5.159000	5.190000	5.222000	5.268000	5.300000	5.331000	5.362000	5.393000	5.424000	5.456000	5.502000	5.534000	5.565000	5.596000	5.627000	5.658000	5.690000	5.721000	5.768000	5.799000	5.830000	5.861000	5.892000	5.924000	5.955000	6.002000	6.033000	6.064000	6.095000	6.127000	6.158000	6.189000	6.236000	6.267000	6.298000	6.329000	6.361000	6.392000	6.423000	6.454000	6.501000	6.532000	6.563000	6.595000	6.626000	6.657000	6.688000	6.735000	6.766000	6.797000	6.829000	6.860000	6.891000	6.922000	6.969000	7.000000	7.031000	7.063000	7.094000	7.125000	7.156000	7.187000	7.234000	7.265000	7.297000	7.328000	7.359000	7.390000	7.421000	7.468000	7.499000	7.531000	7.562000	7.593000	7.624000	7.655000	7.702000	7.733000	7.765000	7.796000	7.827000	7.858000	7.889000	7.921000	7.967000	7.999000	8.030000	8.061000	8.092000	8.123000	8.155000	8.201000	8.233000	8.264000	8.295000	8.326000	8.357000	8.389000	8.435000	8.467000	8.498000	8.529000	8.560000	8.591000	8.623000	8.654000	8.701000	8.732000	8.763000	8.794000	8.825000	8.857000	8.888000	8.935000	8.966000	8.997000	9.028000	9.059000	9.091000	9.122000	9.153000	9.200000	9.231000	9.262000	9.293000	9.325000	9.356000	9.387000	9.434000	9.465000	9.496000	9.527000	9.559000	9.590000	9.621000	9.668000	9.699000	9.730000	9.761000	9.793000	9.824000	9.855000	9.886000	9.933000	9.964000	9.995000	10.027000	10.058000	10.089000	10.120000	10.167000	10.198000	10.229000	10.261000	10.292000	10.323000	10.354000	10.401000	10.432000	10.463000	10.495000	10.526000	10.557000	10.588000	10.619000	10.666000	10.697000	10.729000	10.760000	10.791000	10.822000	10.853000	10.900000	10.931000	10.963000	10.994000	11.025000	11.056000	11.087000	11.134000	11.165000	11.197000	11.228000	11.259000	11.290000	11.321000	11.353000	11.399000	11.431000	11.462000	11.493000	11.524000	11.555000	11.587000	11.633000	11.665000	11.696000	11.727000	11.758000	11.789000	11.821000	11.852000	11.899000	11.930000	11.961000	11.992000	12.023000	12.055000	12.086000	12.133000	12.164000	12.195000	12.226000	12.257000	12.289000	12.320000	12.367000	12.398000	12.429000	12.460000	12.491000	12.523000	12.554000	12.585000	12.632000	12.663000	12.694000	12.725000	12.757000	12.788000	12.819000	12.866000	12.897000	12.928000	12.959000	12.991000	13.022000	13.053000	13.084000	13.131000	13.162000	13.193000	13.225000	13.256000	13.287000	13.318000	13.365000	13.396000	13.427000	13.459000	13.490000	13.521000	13.552000	13.599000	13.630000	13.661000	13.693000	13.724000	13.755000	13.786000	13.817000	13.864000	13.895000	13.927000	13.958000	13.989000	14.020000	14.051000	14.098000	14.129000	14.161000	14.192000	14.223000	14.254000	14.285000	14.332000	14.363000	14.395000	14.426000	14.457000	14.488000	14.519000	14.551000	14.597000	14.629000	14.660000	14.691000	14.722000	14.753000	14.785000	14.831000	14.863000	14.894000	14.925000	14.956000	14.987000	15.019000	15.065000	15.097000	15.128000	15.159000	15.190000	15.221000	15.253000	15.284000	15.331000	15.362000	15.393000	15.424000	15.455000	15.487000	15.518000	15.565000	15.596000	15.627000	15.658000	15.689000	15.721000	15.752000	15.799000	15.830000	15.861000	15.892000	15.923000	15.955000	15.986000	16.017000	16.064000	16.095000	16.126000	16.157000	16.189000	16.220000	16.251000	16.298000	16.329000	16.360000	16.391000	16.423000	16.454000	16.485000	16.516000	16.563000	16.594000	16.625000	16.657000	16.688000	16.719000	16.750000	16.797000	16.828000	16.859000	16.891000	16.922000	16.953000	16.984000	17.015000	17.062000	17.093000	17.125000	17.156000	17.187000	17.218000	17.249000	17.296000	17.327000	17.359000	17.390000	17.421000	17.452000	17.483000	17.530000	17.561000	17.593000	17.624000	17.655000	17.686000	17.717000	17.749000	17.795000	17.827000	17.858000	17.889000	17.920000	17.951000	17.983000	18.029000	18.061000	18.092000	18.123000	18.154000	18.185000	18.217000	18.263000	18.295000	18.326000	18.357000	18.388000	18.419000	18.451000	18.482000	18.529000	18.560000	18.591000	18.622000	18.653000	18.685000	18.716000	18.763000	18.794000	18.825000	18.856000	18.887000	18.919000	18.950000	18.997000	19.028000	19.059000	19.090000	19.121000	19.153000	19.184000	19.215000	19.262000	19.293000	19.324000	19.355000	19.387000	19.418000	19.449000	19.496000	19.527000	19.558000	19.589000	19.621000	19.652000	19.683000	19.730000	19.761000	19.792000	19.823000	19.855000	19.886000	19.917000	19.948000	19.995000	20.026000	20.057000	20.089000	20.120000	20.151000	20.182000	20.229000	20.260000	20.291000	20.323000	20.354000	20.385000	20.416000	20.463000	20.494000	20.525000	20.557000	20.588000	20.619000	20.650000	20.681000	20.728000	20.759000	20.791000	20.822000	20.853000	20.884000	20.915000	20.947000	20.993000	21.025000	21.056000	21.087000	21.118000	21.149000	21.181000	21.227000	21.259000	21.290000	21.321000	21.352000	21.383000	21.415000	21.461000	21.493000	21.524000	21.555000	21.586000	21.617000	21.649000	21.680000	21.727000	21.758000	21.789000	21.820000	21.851000	21.883000	21.914000	21.961000	21.992000	22.023000	22.054000	22.085000	22.117000	22.148000	22.195000	22.226000	22.257000	22.288000	22.319000	22.351000	22.382000	22.413000	22.460000	22.491000	22.522000	22.553000	22.585000	22.616000	22.647000	22.694000	22.725000	22.756000	22.787000	22.819000	22.850000	22.881000	22.928000	22.959000	22.990000	23.021000	23.053000	23.084000	23.115000	23.146000	23.193000	23.224000	23.255000	23.287000	23.318000	23.349000	23.380000	23.427000	23.458000	23.489000	23.521000	23.552000	23.583000	23.614000	23.661000	23.692000	23.723000	23.755000	23.786000	23.817000	23.848000	23.879000	23.926000	23.957000	23.989000	24.020000	24.051000	24.082000	24.113000	24.160000	24.191000	24.223000	24.254000	24.285000	24.316000	24.347000	24.394000	24.425000	24.457000	24.488000	24.519000	24.550000	24.581000	24.613000	24.659000	24.691000	24.722000	24.753000	24.784000	24.815000	24.847000	24.878000	24.925000	24.956000	24.987000	25.018000	25.049000	25.081000	25.112000	25.159000	25.190000	25.221000	25.252000	25.283000	25.315000	25.346000	25.393000	25.424000	25.455000	25.486000	25.517000	25.549000	25.580000	25.611000	25.658000	25.689000	25.720000	25.751000	25.783000	25.814000	25.845000	25.892000	25.923000	25.954000	25.985000	26.017000	26.048000	26.079000	26.126000	26.157000	26.188000	26.219000	26.251000	26.282000	26.313000	26.344000	26.391000	26.422000	26.453000	26.485000	26.516000	26.547000	26.578000	26.625000	26.656000	26.687000	26.719000	26.750000	26.781000	26.812000	26.859000	26.890000	26.921000	26.953000	26.984000	27.015000	27.046000	27.077000	27.124000	27.155000	27.187000	27.218000	27.249000	27.280000	27.311000	27.358000	27.389000	27.421000	27.452000	27.483000	27.514000	27.545000	27.592000	27.623000	27.655000	27.686000	27.717000	27.748000	27.779000	27.811000	27.857000	27.889000	27.920000	27.951000	27.982000	28.013000	28.045000	28.091000	28.123000	28.154000	28.185000	28.216000	28.247000	28.279000	28.325000	28.357000	28.388000	28.419000	28.450000	28.481000	28.513000	28.544000	28.591000	28.622000	28.653000	28.684000	28.715000	28.747000	28.778000	28.825000	28.856000	28.887000	28.918000	28.949000	28.981000	29.012000	29.043000	29.090000	29.121000	29.152000	29.183000	29.215000	29.246000	29.277000	29.324000	29.355000	29.386000	29.417000	29.449000	29.480000	29.511000	29.542000	29.589000	29.620000	29.651000	29.683000	29.714000	29.745000	29.776000	29.823000	29.854000	29.885000	29.917000	29.948000	29.979000
%%%	13.913043	13.913043	13.913043	13.913043	13.913043	13.913043	13.913043	13.913043	13.913043	13.913043	13.913043	13.913043	13.913043	13.913043	13.913043	13.913043	13.913043	13.913043	13.913043	13.913043	13.913043	13.913043	13.913043	13.913043	13.913043	13.913043	13.913043	13.913043	13.913043	13.913043	13.913043	13.913043	13.913043	13.913043	13.913043	13.913043	13.913043	13.913043	13.913043	13.913043	13.913043	13.913043	13.913043	13.913043	13.913043	13.913043	13.913043	13.913043	13.913043	13.913043	13.913043	13.913043	13.913043	13.913043	13.913043	13.913043	13.913043	13.913043	13.913043	13.913043	13.913043	13.913043	13.913043	13.913043	13.913043	13.913043	13.913043	13.913043	13.913043	13.913043	13.913043	13.913043	13.913043	13.913043	13.913043	13.913043	13.913043	13.913043	13.913043	13.913043	13.913043	13.913043	13.913043	13.913043	13.913043	13.913043	13.913043	13.913043	13.913043	13.913043	13.913043	13.913043	13.913043	13.913043	13.913043	13.913043	13.913043	13.913043	13.913043	13.913043	13.913043	13.913043	13.913043	13.913043	13.913043	13.913043	13.913043	13.913043	13.913043	13.913043	13.913043	13.913043	13.913043	13.913043	13.913043	13.913043	13.913043	13.913043	13.913043	13.913043	13.913043	13.913043	13.913043	13.913043	13.913043	13.913043	13.913043	13.913043	13.913043	13.913043	13.913043	13.913043	13.913043	13.913043	13.913043	13.913043	13.913043	13.913043	13.913043	13.913043	13.913043	13.913043	13.913043	13.913043	13.913043	13.913043	13.913043	13.913043	13.913043	13.913043	13.913043	13.913043	13.913043	13.913043	13.913043	13.913043	13.913043	13.913043	13.913043	13.913043	13.913043	13.913043	13.913043	13.913043	13.913043	13.913043	13.913043	13.913043	13.913043	13.913043	13.913043	13.913043	13.913043	13.913043	13.913043	13.913043	13.913043	13.913043	13.913043	13.913043	13.913043	13.913043	13.913043	13.913043	13.913043	13.913043	13.913043	13.913043	13.913043	13.913043	13.913043	13.913043	13.913043	13.913043	13.913043	13.913043	13.913043	13.913043	13.913043	13.913043	13.913043	13.913043	13.913043	13.913043	13.913043	13.913043	13.913043	13.913043	13.913043	13.913043	13.913043	13.913043	13.913043	13.913043	13.913043	13.913043	13.913043	13.913043	13.913043	13.913043	13.913043	13.913043	13.913043	13.913043	13.913043	13.913043	13.913043	13.913043	13.913043	13.913043	13.913043	13.913043	13.913043	13.913043	13.913043	13.913043	13.913043	13.913043	13.913043	13.913043	13.913043	13.913043	13.913043	13.913043	13.913043	13.913043	13.913043	13.913043	13.913043	13.913043	13.913043	13.913043	13.913043	13.913043	13.913043	13.913043	13.913043	13.913043	13.913043	13.913043	13.913043	13.913043	13.913043	13.913043	13.913043	13.913043	13.913043	13.913043	13.913043	13.913043	13.913043	13.913043	13.913043	13.913043	13.913043	13.913043	13.913043	13.913043	13.913043	13.913043	13.913043	13.913043	13.913043	13.913043	13.913043	13.913043	13.913043	13.913043	13.913043	13.913043	13.913043	13.913043	13.913043	13.913043	13.913043	13.913043	13.913043	13.913043	13.913043	13.913043	13.913043	13.913043	13.913043	13.913043	13.913043	13.913043	13.913043	13.913043	13.913043	13.913043	13.913043	13.913043	13.913043	13.913043	13.913043	13.913043	13.913043	13.913043	13.913043	13.913043	13.913043	13.913043	13.913043	13.913043	13.913043	13.913043	13.913043	13.913043	13.913043	13.913043	13.913043	13.913043	13.913043	13.913043	13.913043	13.913043	13.913043	13.913043	13.913043	13.913043	13.913043	13.913043	13.913043	13.913043	13.913043	13.913043	13.913043	13.913043	13.913043	13.913043	13.913043	13.913043	13.913043	13.913043	13.913043	13.913043	13.913043	13.913043	13.913043	13.913043	13.913043	13.913043	13.913043	13.913043	13.913043	13.913043	13.913043	13.913043	13.913043	13.913043	13.913043	13.913043	13.913043	13.913043	13.913043	13.913043	13.913043	13.913043	13.913043	13.913043	13.913043	13.913043	13.913043	13.913043	13.913043	13.913043	13.913043	13.913043	13.913043	13.913043	13.913043	13.913043	13.913043	13.913043	13.913043	13.913043	13.913043	13.913043	13.913043	13.913043	13.913043	13.913043	13.913043	13.913043	13.913043	13.913043	13.913043	13.913043	13.913043	13.913043	13.913043	13.913043	13.913043	13.913043	13.913043	13.913043	13.913043	13.913043	13.913043	13.913043	13.913043	13.913043	13.913043	13.913043	13.913043	13.913043	13.913043	13.913043	13.913043	13.913043	13.913043	13.913043	13.913043	13.913043	13.913043	13.913043	13.913043	13.913043	13.913043	13.913043	13.913043	13.913043	13.913043	13.913043	13.913043	13.913043	13.913043	13.913043	13.913043	13.913043	13.913043	13.913043	13.913043	13.913043	13.913043	13.913043	13.913043	13.913043	13.913043	13.913043	13.913043	13.913043	13.913043	13.913043	13.913043	13.913043	13.913043	13.913043	13.913043	13.913043	13.913043	13.913043	13.913043	13.913043	13.913043	13.913043	13.913043	13.913043	13.913043	13.913043	13.913043	13.913043	13.913043	13.913043	13.913043	13.913043	13.913043	13.913043	13.913043	13.913043	13.913043	13.913043	13.913043	13.913043	13.913043	13.913043	13.913043	13.913043	13.913043	13.913043	13.913043	13.913043	13.913043	13.913043	13.913043	13.913043	13.913043	13.913043	13.913043	13.913043	13.913043	13.913043	13.913043	13.913043	13.913043	13.913043	13.913043	13.913043	13.913043	13.913043	13.913043	13.913043	13.913043	13.913043	13.913043	13.913043	13.913043	13.913043	13.913043	13.913043	13.913043	13.913043	13.913043	13.913043	13.913043	13.913043	13.913043	13.913043	13.913043	13.913043	13.913043	13.913043	13.913043	13.913043	13.913043	13.913043	13.913043	13.913043	13.913043	13.913043	13.913043	13.913043	13.913043	13.913043	13.913043	13.913043	13.913043	13.913043	13.913043	13.913043	13.913043	13.913043	13.913043	13.913043	13.913043	13.913043	13.913043	13.913043	13.913043	13.913043	13.913043	13.913043	13.913043	13.913043	13.913043	13.913043	13.913043	13.913043	13.913043	13.913043	13.913043	13.913043	13.913043	13.913043	13.913043	13.913043	13.913043	13.913043	13.913043	13.913043	13.913043	13.913043	13.913043	13.913043	13.913043	13.913043	13.913043	13.913043	13.913043	13.913043	13.913043	13.913043	13.913043	13.913043	13.913043	13.913043	13.913043	13.913043	13.913043	13.913043	13.913043	13.913043	13.913043	13.913043	13.913043	13.913043	13.913043	13.913043	13.913043	13.913043	13.913043	13.913043	13.913043	13.913043	13.913043	13.913043	13.913043	13.913043	13.913043	13.913043	13.913043	13.913043	13.913043	13.913043	13.913043	13.913043	13.913043	13.913043	13.913043	13.913043	13.913043	13.913043	13.913043	13.913043	13.913043	13.913043	13.913043	13.913043	13.913043	13.913043	13.913043	13.913043	13.913043	13.913043	13.913043	13.913043	13.913043	13.913043	13.913043	13.913043	13.913043	13.913043	13.913043	13.913043	13.913043	13.913043	13.913043	13.913043	13.913043	13.913043	13.913043	13.913043	13.913043	13.913043	13.913043	13.913043	13.913043	13.913043	13.913043	13.913043	13.913043	13.913043	13.913043	13.913043	13.913043	13.913043	13.913043	13.913043	13.913043	13.913043	13.913043	13.913043	13.913043	13.913043	13.913043	13.913043	13.913043	13.913043	13.913043	13.913043	13.913043	13.913043	13.913043	13.913043	13.913043	13.913043	13.913043	13.913043	13.913043	13.913043	13.913043	13.913043	13.913043	13.913043	13.913043	13.913043	13.913043	13.913043	13.913043	13.913043	13.913043	13.913043	13.913043	13.913043	13.913043	13.913043	13.913043	13.913043	13.913043	13.913043	13.913043	13.913043	13.913043	13.913043	13.913043	13.913043	13.913043	13.913043	13.913043	13.913043	13.913043	13.913043	13.913043	13.913043	13.913043	13.913043	13.913043	13.913043	13.913043	13.913043	13.913043	13.913043	13.913043	13.913043	13.913043	13.913043	13.913043	13.913043	13.913043	13.913043	13.913043	13.913043	13.913043	13.913043	13.913043	13.913043	13.913043	13.913043	13.913043	13.913043	13.913043	13.913043	13.913043	13.913043	13.913043	13.913043	13.913043	13.913043	13.913043	13.913043	13.913043	13.913043	13.913043	13.913043	13.913043	13.913043	13.913043	13.913043	13.913043	13.913043	13.913043	13.913043	13.913043	13.913043	13.913043	13.913043	13.913043	13.913043	13.913043	13.913043	13.913043	13.913043	13.913043	13.913043	13.913043	13.913043	13.913043	13.913043	13.913043	13.913043	13.913043	13.913043	13.913043	13.913043	13.913043	13.913043	13.913043	13.913043	13.913043	13.913043	13.913043	13.913043	13.913043	13.913043	13.913043	13.913043	13.913043	13.913043	13.913043	13.913043	13.913043	13.913043	13.913043	13.913043	13.913043	13.913043	13.913043	13.913043	13.913043	13.913043	13.913043	13.913043	13.913043	13.913043	13.913043	13.913043	13.913043	13.913043	13.913043	13.913043	13.913043	13.913043	13.913043	13.913043	13.913043	13.913043	13.913043	13.913043	13.913043	13.913043	13.913043	13.913043	13.913043	13.913043	13.913043	13.913043	13.913043	13.913043	13.913043	13.913043	13.913043	13.913043	13.913043	13.913043	13.913043	13.913043	13.913043	13.913043	13.913043	13.913043	13.913043	13.913043	13.913043	13.913043	13.913043	13.913043	13.913043	13.913043	13.913043	13.913043	13.913043	13.913043	13.913043	13.913043	13.913043	13.913043	13.913043	13.913043	13.913043	13.913043	13.913043	13.913043	13.913043
%%%	Pulse Index	Stimulus Section Index	Stimulus Section Start Index	Stimulus Section End Index	Pupil Stimulated: 0 = Right, 1 = Left, 2 = Both	Light Metric: 0 = Photopic, 1 = Scopotic, 2 = Radiometric	Stimulus Start Time	Stimulus Duration	Stimulus Pulse Duration	Right Pulse Max Level	Right Pulse Max Color (0123 = WRGB)	Right Pulse Min Level	Right Pulse Min Color (0123 = WRGB)	Left Pulse Max Level	Left Pulse Max Color (0123 = WRGB)	Left Pulse Min Level	Left Pulse Min Color (0123 = WRGB)	Right Data Input Type (0 == RAW DATA, 1 == FITTED DATA, 2 == M. OVERRIDED)	Right ANALYSIS STATE (0 == ABNORMAL, 1 == NORMAL)	Right MAX (mm) (EMPTY if INVALID)	Right MIN (mm) (EMPTY if INVALID)	Right DELTA (mm) (EMPTY if INVALID)	Right CH (%) (EMPTY if INVALID)	Right LAT (sec) (EMPTY if INVALID)	Right CV (mm/s) (EMPTY if INVALID)	Right MCV (mm/s) (EMPTY if INVALID)	Right DV (mm/s) (EMPTY if INVALID)	Left Data Input Type (0 == RAW DATA, 1 == FITTED DATA, 2 == M. OVERRIDED)	Left ANALYSIS STATE (0 == ABNORMAL, 1 == NORMAL)	Left MAX (mm) (EMPTY if INVALID)	Left MIN (mm) (EMPTY if INVALID)	Left DELTA (mm) (EMPTY if INVALID)	Left CH (%) (EMPTY if INVALID)	Left LAT (sec) (EMPTY if INVALID)	Left CV (mm/s) (EMPTY if INVALID)	Left MCV (mm/s) (EMPTY if INVALID)	Left DV (mm/s) (EMPTY if INVALID)
%%%	0	0	17	902	0	0	0.51	29.52	0.51	100.06	3	0.00	3	0.00	3	0.00	3	0	0	0.00	0.00			0.00	0.00	0.00	0.00	0	0	0.00	0.00			0.00	0.00	0.00	0.00
%%%%%%%%%
%%%%%%%%%
%%%%%%%%%
<\SESSION>
