<SESSION>
<VERSION>
2
<\VERSION>
<DATE>
2017-08-15 10:25:36
<\DATE>
<SUBJECT-ID>
c57-1mois-F6-2b
<\SUBJECT-ID>
<NOTE>

<\NOTE>
<MIN-MAX-PLOT>
0.100000 51880.761719
<\MIN-MAX-PLOT>
<STIMULUS-DEFINED>
Default
Default Human Relative Spectral Sensitivity
1	0
1	0.500000	0.500000	29.000000	3	3	2.000000	-100.000000	0.100000	-100.000000	0
<\STIMULUS-DEFINED>
<STIMULUS-GENERATED>
4
0	0	0.000000	3	0.000000	0.000000	3	0.000000	0.000000
0	1	0.509000	3	1.893833	100.059952	3	0.000000	0.000000
0	4	1.018000	3	0.000000	0.000000	3	0.000000	0.000000
-1	5	30.027000	0	0.000000	0.000000	0	0.000000	0.000000
<\STIMULUS-GENERATED>
<RIGHT-PUPIL-DATA>
903	1
1	-0.066000	1.620725	333.506256	313.493744
1	-0.019000	1.640580	334.375000	314.125000
1	0.012000	1.622319	334.500000	313.437500
1	0.043000	1.625507	334.424988	313.512512
1	0.074000	1.632029	334.468750	314.281250
1	0.105000	1.634783	333.000000	313.500000
1	0.137000	1.626667	334.375000	314.562500
1	0.168000	1.629855	334.312500	314.937500
1	0.215000	1.620580	334.475006	314.350006
1	0.246000	1.622899	334.587494	314.462494
1	0.277000	1.646377	334.562500	314.062500
1	0.308000	1.625362	334.393738	314.406250
1	0.339000	1.631449	334.681244	314.306244
1	0.371000	1.640290	334.212494	313.787506
1	0.402000	1.647102	334.481171	313.868744
1	0.433000	1.645797	334.699982	314.149994
1	0.480000	1.636377	334.518738	313.718750
1	0.511000	1.614638	334.581238	314.581238
1	0.542000	1.631449	334.618744	314.306244
1	0.573000	1.635942	334.475006	314.274994
1	0.605000	1.634783	334.500000	314.000000
1	0.636000	1.611594	335.500000	315.000000
1	0.667000	1.625507	334.500000	314.375000
1	0.714000	1.599420	335.000000	314.500000
1	0.745000	1.704348	335.000000	313.500000
1	0.776000	1.650725	334.887512	312.887512
1	0.807000	1.657536	334.931244	313.181244
1	0.839000	1.616377	334.443756	313.393768
1	0.870000	1.634783	335.000000	313.500000
1	0.901000	1.620145	334.468781	313.518768
1	0.948000	1.609275	334.375000	313.375000
1	0.979000	1.609275	334.625000	314.375000
1	1.010000	1.553188	335.193756	314.806244
1	1.041000	1.565217	335.000000	314.500000
1	1.073000	1.530435	334.750000	314.250000
1	1.104000	1.503333	334.881256	314.881256
1	1.135000	1.482029	334.437500	314.562500
1	1.166000	1.435942	334.600006	314.600006
1	1.213000	1.415797	334.656250	314.656250
1	1.244000	1.345072	334.343750	314.656250
1	1.275000	1.370725	334.962494	315.037506
1	1.307000	1.356522	335.000000	315.500000
1	1.338000	1.274928	334.731140	314.368713
1	1.369000	1.283188	335.187500	316.250000
1	1.400000	1.251594	335.375000	316.625000
1	1.447000	1.226667	335.625000	315.625000
0	1.478000	1.194203	334.000000	316.500000
1	1.509000	1.212464	334.937500	313.937500
1	1.541000	1.160870	334.625000	313.500000
1	1.572000	1.132174	335.200012	313.762512
1	1.603000	1.140290	335.162506	314.199982
1	1.634000	1.147826	335.500000	314.000000
1	1.681000	1.118986	335.906250	314.093750
1	1.712000	1.133623	335.649994	314.225006
1	1.743000	1.078841	335.000000	314.250000
1	1.775000	1.063768	335.500000	315.000000
1	1.806000	1.078261	335.500000	315.000000
1	1.837000	1.044638	335.412506	313.975006
1	1.868000	1.044058	335.049988	314.000000
1	1.899000	0.876232	337.912506	316.912506
0	1.946000	0.884203	337.218750	317.031250
0	1.977000	0.660145	341.256226	317.518738
0	2.009000	0.683333	340.518768	318.518707
0	2.040000	0.840725	337.343750	317.968750
1	2.071000	0.660870	341.500000	319.000000
0	2.102000	0.900580	336.537476	316.512512
0	2.133000	0.839275	336.556244	318.443756
1	2.180000	0.955797	335.718781	316.506317
0	2.211000	0.839855	336.581238	318.418762
1	2.243000	0.920580	335.725006	317.225006
0	2.274000	0.540290	340.524994	320.475006
0	2.305000	0.633188	340.093750	318.906250
0	2.336000	0.579710	339.750000	318.250000
1	2.367000	0.636377	338.656250	319.906250
0	2.414000	0.587536	340.312500	319.187500
0	2.445000	0.574638	339.812500	319.875000
1	2.477000	0.626087	338.750000	320.250000
0	2.508000	0.745072	337.156250	318.718750
0	2.539000	0.556522	339.750000	318.250000
1	2.570000	0.615362	339.149994	319.462494
0	2.601000	0.568551	340.068756	318.431244
0	2.633000	0.545072	339.456238	317.843750
1	2.679000	0.540145	339.493744	317.756256
1	2.711000	0.554928	339.093750	317.906250
0	2.742000	0.544928	339.250000	318.750000
1	2.773000	0.534058	339.418762	318.456238
1	2.804000	0.591304	340.000000	318.500000
0	2.835000	0.521739	340.000000	318.500000
1	2.867000	0.577101	339.712494	317.787506
0	2.913000	0.584203	338.906250	319.593750
1	2.945000	0.554058	339.268768	317.993744
0	2.976000	0.792319	335.993744	317.006256
0	3.007000	0.570580	340.118744	318.931244
1	3.038000	0.626087	339.000000	319.500000
1	3.069000	0.544058	340.174988	318.562500
1	3.101000	0.551159	340.431244	316.368744
1	3.132000	0.548406	340.912476	316.375000
0	3.179000	0.570725	339.912506	318.087494
0	3.210000	0.813623	336.299988	314.687500
1	3.241000	0.597246	339.718750	317.593750
1	3.272000	0.564058	340.212494	318.975006
0	3.303000	0.565942	339.956238	317.918762
0	3.335000	0.515942	341.162506	317.774994
1	3.366000	0.610725	339.212524	319.462524
0	3.413000	0.614493	339.000000	317.500000
0	3.444000	0.591304	340.000000	318.500000
0	3.475000	0.573333	339.875000	318.000000
0	3.506000	0.500725	340.081238	318.918762
0	3.537000	0.544058	341.437500	317.437500
0	3.569000	0.614493	339.000000	317.500000
0	3.600000	0.614493	341.000000	319.500000
0	3.647000	0.592899	341.218750	318.218750
1	3.678000	0.596232	340.437500	317.437500
1	3.709000	0.627246	340.475006	317.675018
0	3.740000	0.761594	337.456238	317.281250
1	3.771000	0.632898	339.456329	319.056305
0	3.803000	0.579855	339.843750	319.343750
0	3.834000	0.735362	337.500000	318.424988
0	3.865000	0.581594	340.068756	318.318756
0	3.912000	0.637681	339.174988	318.825012
0	3.943000	0.539710	340.750000	316.750000
0	3.974000	0.786812	335.068756	313.931244
0	4.005000	0.753768	337.531250	317.343750
0	4.037000	0.573333	339.250000	319.125000
0	4.068000	0.572319	332.843750	312.718750
1	4.099000	0.626087	339.000000	319.500000
1	4.146000	0.637681	340.500000	319.000000
0	4.177000	0.782609	335.000000	318.000000
1	4.208000	0.842898	334.875000	316.875000
1	4.239000	0.616232	338.412506	320.274994
0	4.271000	0.660870	337.500000	320.000000
1	4.302000	0.588116	338.837494	319.712494
0	4.333000	0.790725	336.049957	317.975006
1	4.364000	0.649275	338.750000	319.250000
0	4.411000	0.776812	335.500000	318.000000
1	4.442000	0.550725	339.375000	320.825012
0	4.473000	0.571159	339.218750	318.968750
0	4.505000	0.440580	337.000000	317.500000
1	4.536000	0.596232	339.312500	319.750000
0	4.567000	0.744058	335.637512	319.362488
0	4.598000	0.782609	336.000000	318.000000
1	4.645000	0.854928	335.143738	316.906250
0	4.676000	0.556522	339.750000	317.750000
0	4.707000	0.582609	338.500000	320.000000
0	4.739000	0.607246	338.562500	320.424988
1	4.770000	0.805797	335.500000	318.000000
0	4.801000	0.591304	331.000000	313.500000
0	4.832000	0.559855	339.331268	319.993744
0	4.879000	0.581159	339.000000	319.625000
0	4.910000	0.548841	338.618744	320.868744
0	4.941000	0.614058	339.681244	318.681244
0	4.973000	0.557391	339.949921	320.312653
0	5.004000	0.579710	339.750000	319.750000
0	5.035000	0.544928	340.500000	320.000000
1	5.066000	0.852174	335.125000	318.125000
1	5.097000	0.672899	338.818756	320.381256
0	5.144000	0.597101	339.312500	319.612488
0	5.175000	0.606232	338.743744	319.368744
0	5.207000	0.564493	339.856140	319.143738
0	5.238000	0.529420	338.631256	321.568756
0	5.269000	0.556522	330.000000	312.500000
0	5.300000	0.591304	339.000000	321.500000
0	5.331000	0.782464	336.131256	319.256256
0	5.378000	0.878261	335.250000	317.000000
1	5.409000	0.601594	339.468750	319.906250
0	5.441000	0.857102	335.062500	317.312561
1	5.472000	0.867971	334.518738	317.468750
0	5.503000	0.829855	336.062500	318.500000
0	5.534000	0.621015	339.468750	318.731262
0	5.565000	0.834783	336.000000	318.500000
0	5.612000	0.820725	336.181244	318.306244
0	5.643000	0.544928	339.500000	318.000000
0	5.675000	0.869565	335.000000	317.500000
1	5.706000	0.865797	335.937500	317.937500
0	5.737000	0.817391	336.000000	319.000000
1	5.768000	0.585362	339.968750	319.281250
0	5.799000	0.690290	338.431244	321.431244
1	5.831000	0.637681	339.924988	319.825012
0	5.877000	0.533333	340.000000	320.500000
0	5.909000	0.776812	335.000000	317.500000
0	5.940000	0.848406	336.812500	319.799988
1	5.971000	0.637681	339.062500	321.562500
0	6.002000	0.884928	335.287506	319.712494
1	6.033000	0.951594	334.812500	318.187500
0	6.065000	0.666377	338.212494	323.662506
0	6.111000	0.886957	335.500000	320.000000
0	6.143000	0.869565	335.000000	321.500000
0	6.174000	0.666377	339.287506	323.787506
0	6.205000	0.672464	338.750000	324.250000
1	6.236000	0.670725	339.350006	323.712494
0	6.267000	0.905072	336.468750	320.518738
1	6.299000	0.663913	339.518738	323.918762
0	6.345000	0.820725	336.181244	322.693756
0	6.377000	0.666667	338.500000	324.000000
1	6.408000	0.581449	340.600006	324.787506
0	6.439000	0.611014	339.524994	324.600006
1	6.470000	0.951594	335.187500	321.187500
1	6.501000	0.994058	334.668762	320.156250
0	6.533000	0.855507	336.193756	323.306244
0	6.564000	0.805507	336.837494	322.787506
0	6.611000	0.962319	336.000000	320.500000
0	6.642000	0.891304	336.000000	321.875000
0	6.673000	0.727101	338.506256	324.056244
0	6.704000	0.664493	339.812500	324.750000
1	6.735000	0.931015	335.525024	321.500000
1	6.767000	1.040580	335.012512	319.512512
1	6.798000	1.024493	335.256226	320.168762
1	6.845000	0.914203	337.337494	321.649994
0	6.876000	0.878841	335.062469	321.749969
1	6.907000	1.029855	334.700012	319.562500
1	6.938000	1.016232	334.850006	319.350006
1	6.969000	1.048985	334.462494	318.662506
0	7.001000	0.966377	336.162506	320.412506
0	7.032000	0.915942	336.000000	320.500000
0	7.079000	0.946667	336.449982	320.350006
0	7.110000	0.974493	334.000000	320.000000
1	7.141000	1.008696	335.500000	320.000000
1	7.172000	1.060870	335.000000	319.000000
1	7.203000	1.044493	335.993744	320.006256
1	7.235000	1.077246	335.381256	318.543732
1	7.266000	1.045072	335.481262	318.968750
1	7.297000	1.068841	335.843750	319.106262
1	7.344000	1.072464	335.500000	319.000000
1	7.375000	1.087536	335.125000	317.875000
1	7.406000	1.082029	335.500000	318.000000
0	7.437000	0.698406	340.031219	323.131256
1	7.469000	1.116812	335.112488	317.325012
1	7.500000	1.081449	335.537506	318.412506
1	7.531000	1.131159	335.518677	317.668823
1	7.578000	1.078261	335.000000	317.500000
1	7.609000	1.078841	336.000000	318.750000
1	7.640000	1.078841	335.500000	319.000000
0	7.671000	0.895073	338.149933	321.125092
1	7.703000	1.136232	334.825012	318.825012
0	7.734000	0.742319	341.337494	322.587494
0	7.765000	1.040290	334.912506	321.912506
1	7.812000	1.133188	335.231262	317.768738
1	7.843000	1.151160	335.056244	318.056244
1	7.874000	1.133333	335.299988	317.700012
1	7.905000	1.136957	335.187500	317.562500
1	7.937000	1.118406	336.068756	318.368744
1	7.968000	1.149710	335.018738	317.718750
0	7.999000	0.784058	338.974823	323.237518
1	8.030000	1.117246	335.131256	318.056244
0	8.077000	0.753623	340.500000	323.000000
1	8.108000	1.096667	333.743774	317.768799
1	8.139000	1.096812	335.225006	318.774994
1	8.171000	1.114203	335.524994	318.475006
1	8.202000	1.099420	334.750000	317.875000
1	8.233000	1.078841	336.000000	318.500000
1	8.264000	1.114203	335.475006	317.475006
1	8.295000	1.096232	335.750000	317.250000
1	8.342000	1.112029	335.156250	318.018738
0	8.374000	0.891884	336.937500	321.437500
0	8.405000	0.937971	337.774994	320.774994
1	8.436000	1.078261	335.000000	317.500000
1	8.467000	1.061014	335.743744	320.193756
1	8.498000	1.101449	335.250000	319.250000
1	8.530000	1.062029	335.774994	319.774994
1	8.576000	1.100725	334.331238	318.331238
1	8.608000	1.096812	335.774994	318.774994
1	8.639000	1.113623	335.500000	318.500000
1	8.670000	1.078841	336.000000	318.500000
1	8.701000	1.139130	334.500000	317.750000
1	8.732000	0.776812	340.500000	323.000000
1	8.764000	1.108551	335.193756	318.806244
1	8.810000	1.133333	334.700012	318.500000
1	8.842000	1.114638	335.518738	317.981262
1	8.873000	1.120580	335.412506	318.850006
1	8.904000	1.099275	335.831238	319.718750
1	8.935000	1.114203	334.524994	318.975006
1	8.966000	1.174493	334.625000	319.625000
1	8.998000	1.142029	335.150024	319.774902
0	9.029000	1.009420	336.018738	321.468750
1	9.076000	1.151014	334.662506	319.012482
1	9.107000	1.146812	335.743744	319.368744
1	9.138000	1.149855	335.037506	318.962494
1	9.169000	1.153623	334.950012	318.687500
1	9.200000	1.141449	335.100006	318.149994
1	9.232000	1.165362	335.181244	318.493744
1	9.263000	1.166812	335.818817	318.531281
1	9.310000	1.168551	335.193756	318.193756
1	9.341000	1.147246	335.250000	319.250000
1	9.372000	1.147826	334.000000	318.500000
1	9.403000	1.151160	335.706268	318.556183
1	9.434000	1.152754	336.000000	318.000000
1	9.466000	1.167971	335.781250	318.206238
1	9.497000	1.178841	335.937500	317.687500
1	9.544000	1.181014	335.968689	317.081238
0	9.575000	1.064058	336.225006	319.225006
1	9.606000	1.160870	335.625000	317.125000
1	9.637000	1.187971	335.506256	317.106232
1	9.668000	1.183188	335.750000	317.049988
1	9.700000	1.135362	336.237488	317.812500
1	9.731000	1.168551	336.306244	317.806244
1	9.762000	1.167246	336.262482	317.662506
1	9.809000	1.158551	336.087494	317.087494
1	9.840000	1.194203	335.500000	318.000000
1	9.871000	1.185797	335.774994	316.537506
1	9.902000	1.168406	335.737518	317.162506
1	9.934000	1.186377	335.562500	317.312500
1	9.965000	1.164928	336.137482	318.350006
1	9.996000	1.160145	336.118652	318.668762
1	10.043000	1.217391	335.000000	317.500000
1	10.074000	1.181449	335.399994	317.649994
1	10.105000	1.199855	335.243744	318.243744
1	10.136000	1.205507	335.287506	318.712494
1	10.168000	1.182609	334.750000	317.750000
1	10.199000	1.216812	335.500000	318.500000
1	10.230000	1.147826	335.000000	317.500000
1	10.277000	1.179710	335.500000	318.500000
1	10.308000	1.183188	335.937500	318.250000
1	10.339000	1.144638	336.100006	318.787506
1	10.370000	1.225507	335.000000	317.500000
1	10.402000	1.182754	335.556244	318.043732
1	10.433000	1.240580	336.000000	318.500000
1	10.464000	1.131449	335.743744	319.118744
1	10.495000	1.195072	335.437500	317.812500
1	10.542000	1.133188	335.756226	318.893738
1	10.573000	1.213188	335.468719	317.556244
1	10.604000	1.202754	334.968750	317.031250
1	10.636000	1.195072	335.437500	317.437500
1	10.667000	1.212029	335.118744	317.506256
1	10.698000	1.147826	335.000000	317.500000
1	10.729000	1.207681	335.006256	317.256256
0	10.776000	1.124638	333.000000	319.500000
1	10.807000	1.147826	335.000000	317.500000
1	10.838000	1.207681	334.718689	318.668701
1	10.870000	1.185362	334.468750	318.531250
1	10.901000	1.185797	335.949982	318.537506
1	10.932000	1.212029	335.181244	318.181244
1	10.963000	1.147826	335.000000	317.500000
1	11.010000	1.149275	336.012512	318.987488
1	11.041000	1.147826	335.000000	317.500000
1	11.072000	1.237536	335.218750	318.406250
1	11.104000	1.230580	335.306213	317.681274
1	11.135000	1.222319	335.000000	318.750000
1	11.166000	1.233768	335.243744	318.506256
1	11.197000	1.203768	335.312500	318.687500
1	11.228000	1.212029	335.493744	317.381256
1	11.275000	1.147826	335.000000	317.500000
1	11.306000	1.181594	335.993744	318.493744
1	11.338000	1.194638	335.868744	318.431244
1	11.369000	1.229855	334.937500	317.562500
1	11.400000	1.240580	334.000000	318.500000
1	11.431000	1.219710	334.787506	316.187653
1	11.462000	1.211449	334.843750	317.343750
1	11.509000	1.263768	334.500000	318.000000
1	11.540000	1.248986	334.350006	317.337494
1	11.572000	1.217391	333.500000	317.000000
1	11.603000	1.240290	332.587494	316.199982
1	11.634000	1.263768	333.500000	316.000000
1	11.665000	1.237971	333.787506	316.787506
1	11.696000	1.270580	333.868805	316.293732
1	11.743000	1.216232	334.350006	316.149994
1	11.774000	1.240580	334.000000	316.500000
1	11.806000	1.257536	334.318756	317.681244
1	11.837000	1.216667	334.375000	318.437500
1	11.868000	1.234783	334.500000	317.500000
1	11.899000	1.246812	334.643768	317.506256
1	11.930000	1.249855	334.600006	317.649994
1	11.962000	1.240580	334.250000	317.750000
1	12.008000	1.281449	334.024994	317.175018
1	12.040000	1.280725	334.618744	317.006256
1	12.071000	1.269420	334.193756	317.793732
1	12.102000	1.252029	333.706268	316.993744
1	12.133000	1.265362	334.431244	317.806244
1	12.164000	1.154928	335.593750	319.593750
1	12.196000	1.241884	334.281250	319.093750
1	12.227000	1.286957	334.500000	319.000000
1	12.274000	1.242899	334.375000	319.750000
1	12.305000	1.299275	334.081238	318.706238
1	12.336000	1.220725	335.193756	320.193756
1	12.367000	1.273913	334.250000	319.625000
1	12.398000	1.212029	335.181244	319.931244
1	12.430000	1.283768	334.787506	317.574982
1	12.461000	1.281884	334.831238	318.031250
1	12.508000	1.285362	334.781250	318.093750
1	12.539000	1.263623	334.543762	317.843750
1	12.570000	1.296232	335.662476	318.174988
1	12.601000	1.252174	336.000000	319.500000
1	12.632000	1.295362	335.025024	319.174988
1	12.664000	1.286377	335.000000	319.000000
1	12.695000	1.229275	335.912506	320.087494
1	12.742000	1.286957	336.000000	318.500000
1	12.773000	1.333333	335.000000	321.500000
1	12.804000	1.291884	335.125000	318.062500
1	12.835000	1.292754	335.012512	318.174988
1	12.866000	1.305073	335.268768	317.118744
1	12.898000	1.295652	335.250000	317.250000
1	12.929000	1.305072	335.093750	317.231262
1	12.960000	1.295652	335.250000	317.000000
1	13.007000	1.324493	335.531250	317.593750
1	13.038000	1.321884	335.981232	317.643707
1	13.069000	1.304928	335.237488	317.250000
1	13.100000	1.309710	335.181244	316.818756
1	13.132000	1.292899	334.968750	316.093750
1	13.163000	1.286957	336.000000	316.500000
1	13.194000	1.285362	335.093750	315.856262
1	13.241000	1.283188	336.062500	315.937500
1	13.272000	1.333333	335.000000	313.500000
1	13.303000	1.291159	336.068756	316.068756
1	13.334000	1.325507	336.000000	315.500000
1	13.366000	1.329855	335.500000	315.750000
1	13.397000	1.308116	335.137512	315.862488
1	13.428000	1.257971	336.500000	316.500000
1	13.475000	1.333333	335.000000	313.500000
1	13.506000	1.325507	335.562500	315.049988
1	13.537000	1.321739	336.000000	315.500000
1	13.568000	1.265942	335.456238	315.456238
1	13.600000	1.282754	335.993744	315.756256
1	13.631000	1.269565	335.500000	315.500000
1	13.662000	1.286232	335.893738	315.893738
1	13.693000	1.333333	335.000000	313.500000
1	13.740000	1.322899	335.475006	315.725006
1	13.771000	1.306232	335.693665	316.206238
1	13.802000	1.281014	335.031250	315.968750
1	13.834000	1.292464	335.087494	316.537506
0	13.865000	1.147826	335.000000	317.500000
1	13.896000	1.275507	335.831238	316.293762
1	13.927000	1.274058	335.693756	316.306244
1	13.974000	1.292754	335.000000	316.000000
1	14.005000	1.333333	335.500000	317.000000
1	14.036000	1.299855	335.181244	317.118744
1	14.068000	1.298551	335.250000	317.250000
0	14.099000	1.147826	335.000000	321.500000
1	14.130000	1.332464	334.587494	317.412506
1	14.161000	1.253333	334.637482	318.600006
1	14.208000	1.296232	334.812500	317.187500
1	14.239000	1.264058	335.787506	318.087494
1	14.270000	1.296812	334.975006	316.162506
1	14.302000	1.286957	334.000000	316.500000
1	14.333000	1.313043	334.843750	316.468750
1	14.364000	1.324927	334.537506	317.475006
1	14.395000	1.241884	334.943726	319.343750
1	14.426000	1.240580	335.000000	317.500000
1	14.473000	1.283188	333.000000	316.437500
1	14.504000	1.243623	330.931244	316.693756
1	14.536000	1.334783	331.625000	315.625000
1	14.567000	1.327101	332.443756	316.881256
1	14.598000	1.321739	333.000000	316.500000
1	14.629000	1.292899	331.943756	316.156281
1	14.660000	1.194203	330.000000	316.500000
1	14.707000	1.311884	329.100006	314.537506
1	14.738000	1.260145	331.456238	317.156250
1	14.770000	1.328406	331.899994	316.462494
1	14.801000	1.328985	332.512512	316.437500
1	14.832000	1.328841	332.418762	315.543762
1	14.863000	1.288986	332.899994	316.100006
1	14.894000	1.339275	332.368744	315.706268
1	14.941000	1.286957	332.000000	316.500000
1	14.972000	1.331449	332.493744	314.569000
1	15.004000	1.333333	331.000000	313.500000
1	15.035000	1.308261	332.893768	316.131256
1	15.066000	1.240580	331.000000	317.500000
1	15.097000	1.333333	335.000000	317.500000
1	15.128000	1.345218	332.687500	317.174927
1	15.160000	1.344058	333.362488	317.625000
1	15.206000	1.337536	332.656250	316.593750
1	15.238000	1.337102	333.575012	317.412476
1	15.269000	1.357681	332.899994	316.862518
1	15.300000	1.340725	332.718750	316.593750
1	15.331000	1.344493	333.631256	316.681244
1	15.362000	1.361449	333.150024	316.937500
1	15.394000	1.269710	333.743744	318.806244
1	15.440000	1.370725	334.037506	317.962494
1	15.472000	1.374493	333.875000	318.000000
1	15.503000	1.356522	333.000000	317.500000
1	15.534000	1.365797	333.125000	318.000000
1	15.565000	1.357681	333.475006	318.149994
1	15.596000	1.342899	333.362488	318.437500
1	15.628000	1.374927	333.881256	318.006256
1	15.674000	1.396812	334.362518	317.649994
1	15.706000	1.373913	334.000000	318.000000
1	15.737000	1.367971	333.968750	317.968750
1	15.768000	1.378841	333.812500	318.987488
1	15.799000	1.362464	333.906250	318.906250
1	15.830000	1.379420	333.837494	319.199982
1	15.862000	1.373913	334.000000	319.000000
1	15.893000	1.370580	333.931244	318.943756
1	15.940000	1.379710	334.000000	320.500000
1	15.971000	1.375942	333.887482	319.112579
1	16.002000	1.344058	334.312500	320.312500
1	16.033000	1.353623	334.250000	319.250000
1	16.064000	1.344638	333.337494	319.337494
1	16.096000	1.390145	333.975006	318.774994
1	16.127000	1.391594	333.712524	318.712524
1	16.174000	1.375507	334.093750	318.093750
1	16.205000	1.373913	333.937500	318.937500
1	16.236000	1.379710	333.875000	319.125000
1	16.267000	1.373913	334.000000	319.000000
1	16.298000	1.379420	333.912506	318.912506
1	16.330000	1.379710	334.000000	318.500000
1	16.361000	1.355507	333.443756	319.243744
1	16.392000	1.375073	333.024994	319.100006
1	16.439000	1.367971	332.981262	320.031250
1	16.470000	1.368116	333.874847	319.974945
1	16.501000	1.405362	332.756256	319.506256
1	16.532000	1.376812	333.250000	319.250000
1	16.564000	1.391304	333.000000	318.500000
1	16.595000	1.399710	333.562500	319.162476
1	16.626000	1.385942	333.256256	319.068756
1	16.673000	1.387246	333.087494	319.275116
1	16.704000	1.379855	333.093750	319.906250
1	16.735000	1.356522	332.500000	320.000000
1	16.766000	1.378986	332.206268	320.018768
1	16.798000	1.374493	333.000000	319.875000
1	16.829000	1.371159	332.968750	319.968750
1	16.860000	1.375507	332.968750	319.531250
1	16.907000	1.370145	332.937500	319.062500
1	16.938000	1.370145	333.062500	319.187500
1	16.969000	1.356522	333.000000	319.500000
1	17.000000	1.333333	335.000000	321.500000
1	17.032000	1.379275	332.943756	320.181244
1	17.063000	1.376667	332.981262	320.156250
1	17.094000	1.333333	335.000000	321.500000
1	17.125000	1.374493	332.875000	320.000000
1	17.172000	1.370145	332.937500	320.062500
1	17.203000	1.379855	333.018738	319.843750
1	17.234000	1.370725	332.962494	320.899872
1	17.266000	1.370145	333.062500	319.062500
1	17.297000	1.384783	333.068756	319.881256
1	17.328000	1.300580	333.750000	321.937500
1	17.359000	1.374493	333.125000	320.875000
1	17.406000	1.405942	332.518738	320.518738
1	17.437000	1.372899	332.931244	320.931244
1	17.468000	1.370145	332.937500	320.737488
1	17.500000	1.370145	332.062500	321.062500
1	17.531000	1.381159	332.549988	321.137512
1	17.562000	1.388406	332.500000	321.000000
1	17.593000	1.375073	332.874969	321.899994
1	17.640000	1.345072	331.656250	320.331238
1	17.671000	1.373913	332.062500	320.937500
1	17.702000	1.381014	332.781250	320.831238
1	17.734000	1.373913	332.000000	320.500000
1	17.765000	1.370145	332.125000	321.062500
1	17.796000	1.309275	333.812500	322.125000
1	17.827000	1.371159	332.906250	320.681213
1	17.858000	1.370725	332.962494	320.962494
1	17.905000	1.344058	332.687500	320.687500
1	17.936000	1.370725	332.662506	321.037506
1	17.968000	1.356522	332.000000	321.500000
1	17.999000	1.371159	332.031250	321.706238
1	18.030000	1.373913	332.125000	321.875000
1	18.061000	1.377246	332.868744	321.131256
1	18.092000	1.371159	332.968750	321.031250
1	18.139000	1.370145	331.937500	320.937500
1	18.170000	1.362029	332.524994	321.912506
1	18.202000	1.373913	332.500000	321.000000
1	18.233000	1.375362	332.137512	321.087524
1	18.264000	1.374058	332.893646	321.118744
1	18.295000	1.375362	332.862488	321.137512
1	18.326000	1.379710	332.250000	322.250000
1	18.358000	1.426087	331.000000	321.500000
1	18.404000	1.374638	332.143738	321.918762
1	18.436000	1.365797	332.375000	322.000000
1	18.467000	1.370725	332.912506	321.962494
1	18.498000	1.385942	332.206268	321.943756
1	18.529000	1.345072	332.656250	321.656250
1	18.560000	1.426087	331.000000	321.500000
1	18.592000	1.333333	331.000000	321.500000
1	18.638000	1.400725	332.581238	321.406250
1	18.670000	1.398551	332.612488	321.387512
1	18.701000	1.368116	332.375000	320.875000
1	18.732000	1.372754	332.749908	322.087494
1	18.763000	1.370145	332.937500	321.937500
1	18.794000	1.344638	333.337494	322.287506
1	18.826000	1.377246	332.868744	321.981232
1	18.872000	1.370725	332.962494	321.037506
1	18.904000	1.351594	332.562500	321.187500
1	18.935000	1.368406	333.024994	320.975006
1	18.966000	1.344928	333.000000	321.500000
1	18.997000	1.378841	332.862488	321.187500
1	19.028000	1.373913	333.000000	321.000000
1	19.060000	1.356522	333.000000	321.500000
1	19.091000	1.365217	332.000000	321.000000
1	19.138000	1.379855	333.868652	321.156250
1	19.169000	1.373333	333.125000	320.937500
1	19.200000	1.387971	332.993744	320.756256
1	19.231000	1.361014	332.606232	320.056244
1	19.262000	1.381594	332.181244	320.131256
1	19.294000	1.375507	333.018738	320.181213
1	19.325000	1.362029	333.087494	319.412506
1	19.372000	1.375073	333.024994	320.100006
1	19.403000	1.364493	333.018738	319.981262
1	19.434000	1.414493	333.750000	320.250000
1	19.465000	1.367971	332.906250	320.018738
1	19.496000	1.356522	333.000000	319.500000
1	19.528000	1.390725	332.937500	321.000000
1	19.559000	1.374493	333.000000	320.750000
1	19.606000	1.426087	331.000000	321.500000
1	19.637000	1.386377	332.250000	321.062500
1	19.668000	1.426087	331.000000	321.500000
1	19.699000	1.354928	332.393738	320.231262
1	19.730000	1.375073	332.100006	320.975006
1	19.762000	1.375073	332.100006	321.100006
1	19.793000	1.398551	332.612488	321.187500
1	19.824000	1.356522	332.000000	321.500000
1	19.871000	1.390725	332.899994	321.725006
1	19.902000	1.394493	332.399994	322.024994
1	19.933000	1.382319	332.812469	321.912506
1	19.964000	1.344058	331.687500	321.687500
1	19.996000	1.407101	331.481262	322.331238
1	20.027000	1.379710	331.500000	323.000000
1	20.058000	1.376667	331.893738	322.106262
1	20.105000	1.382319	332.062500	322.062500
1	20.136000	1.382898	331.912506	322.037506
1	20.167000	1.397971	331.412506	322.587494
1	20.198000	1.402899	331.000000	323.500000
1	20.230000	1.402899	331.500000	323.000000
1	20.261000	1.405797	331.450012	322.549988
1	20.292000	1.378841	331.812500	322.937500
1	20.323000	1.377246	331.868744	322.868744
1	20.370000	1.382754	331.806244	322.806244
1	20.401000	1.375073	331.899994	322.899994
1	20.432000	1.356522	332.000000	323.500000
1	20.464000	1.374927	331.381256	322.118744
1	20.495000	1.391304	332.250000	322.250000
1	20.526000	1.387681	331.768738	322.081238
1	20.557000	1.373913	332.000000	322.000000
1	20.604000	1.410870	332.187500	322.312500
1	20.635000	1.426087	331.000000	321.500000
1	20.666000	1.377681	332.187500	322.125000
1	20.698000	1.406377	332.524963	322.275024
1	20.729000	1.426087	331.000000	321.500000
1	20.760000	1.407101	332.468750	321.531250
1	20.791000	1.398551	332.387512	321.924988
1	20.838000	1.383333	332.000000	322.750000
1	20.869000	1.379710	331.875000	322.875000
1	20.900000	1.387971	331.693756	322.118744
1	20.932000	1.415797	331.656250	322.656250
1	20.963000	1.391159	332.618744	322.006256
1	20.994000	1.408841	332.743744	322.431244
1	21.025000	1.400580	332.549988	322.174988
1	21.056000	1.374493	332.125000	321.875000
1	21.103000	1.402899	332.500000	323.000000
1	21.134000	1.380580	332.037506	322.912506
1	21.166000	1.351160	332.181244	324.606232
1	21.197000	1.333333	331.000000	321.500000
1	21.228000	1.378841	331.862488	322.812500
1	21.259000	1.381594	331.931244	322.068756
1	21.290000	1.379275	331.818756	321.818756
1	21.337000	1.379855	332.156250	321.906250
1	21.368000	1.426087	331.000000	321.500000
1	21.400000	1.416232	331.699982	322.399994
1	21.431000	1.415797	332.393738	321.656250
1	21.462000	1.416377	332.668732	321.368744
1	21.493000	1.414493	332.325012	321.625000
1	21.524000	1.414493	332.000000	322.500000
1	21.571000	1.407101	332.531250	321.531250
1	21.602000	1.435942	332.600006	321.850006
1	21.634000	1.404638	332.500000	321.500000
1	21.665000	1.426087	333.500000	321.000000
1	21.696000	1.402899	333.000000	319.500000
1	21.727000	1.416377	332.631256	321.318756
1	21.758000	1.414493	332.750000	321.250000
1	21.790000	1.415797	333.343750	321.656250
1	21.836000	1.416377	332.618744	321.318756
1	21.868000	1.416377	333.368744	321.368744
1	21.899000	1.407681	333.493744	320.493744
1	21.930000	1.415797	333.393738	320.643738
1	21.961000	1.426087	333.250000	320.750000
1	21.992000	1.437681	333.000000	320.500000
1	22.024000	1.404928	333.500000	321.187500
1	22.070000	1.416812	333.375000	320.625000
1	22.102000	1.436377	333.143738	319.706238
1	22.133000	1.415797	332.656250	319.406250
1	22.164000	1.407101	332.531250	319.468750
1	22.195000	1.426232	332.843750	319.531250
1	22.226000	1.437536	332.343750	319.093750
1	22.258000	1.420725	333.193756	319.693756
1	22.304000	1.442464	333.006256	320.293732
1	22.336000	1.437681	333.000000	320.500000
1	22.367000	1.420725	332.693756	319.818756
1	22.398000	1.435362	332.625000	320.312500
1	22.429000	1.442319	332.975006	320.024994
1	22.460000	1.425073	332.756256	320.293732
1	22.492000	1.451594	332.924988	319.924988
1	22.523000	1.435942	333.149994	319.850006
1	22.570000	1.415072	333.350006	320.350006
1	22.601000	1.437681	333.000000	319.500000
1	22.632000	1.423188	333.500000	320.487488
1	22.663000	1.418551	332.699982	320.399994
1	22.694000	1.442899	333.000000	321.000000
1	22.726000	1.415797	332.643738	320.806213
1	22.757000	1.434783	332.500000	321.250000
1	22.804000	1.435362	332.125000	321.375000
1	22.835000	1.422319	332.262512	320.787476
1	22.866000	1.426087	331.000000	321.500000
1	22.897000	1.444058	333.062500	321.750000
1	22.928000	1.425942	333.193756	321.493744
1	22.960000	1.415797	332.656250	321.343750
1	22.991000	1.449275	331.000000	321.500000
1	23.038000	1.445072	332.731262	321.968750
1	23.069000	1.451014	332.850006	321.850006
1	23.100000	1.419710	332.587494	321.562531
1	23.131000	1.416377	332.368744	321.631256
1	23.162000	1.414493	332.375000	322.375000
1	23.194000	1.427246	332.212494	321.475006
1	23.225000	1.416377	332.368744	321.318756
1	23.256000	1.446667	332.087494	322.162506
1	23.303000	1.416812	332.625000	322.625000
1	23.334000	1.402899	331.000000	323.500000
1	23.365000	1.414203	332.162506	323.399994
1	23.396000	1.426087	331.000000	321.500000
1	23.428000	1.442899	332.000000	323.000000
1	23.459000	1.346377	331.674988	321.687500
1	23.490000	1.442899	332.000000	323.000000
1	23.537000	1.446232	332.593750	323.281250
1	23.568000	1.419275	332.593750	323.206238
1	23.599000	1.427246	332.475006	322.787506
1	23.630000	1.442464	332.993744	323.056244
1	23.662000	1.442464	333.006256	322.293732
1	23.693000	1.436377	332.406250	322.593750
1	23.724000	1.431014	332.875000	322.687500
1	23.771000	1.426087	332.500000	322.000000
1	23.802000	1.440725	332.906250	321.656250
1	23.833000	1.438551	332.875000	322.312500
1	23.864000	1.433623	332.100006	323.350006
1	23.896000	1.425942	332.243744	323.543732
1	23.927000	1.443478	332.031250	323.968750
1	23.958000	1.433623	332.287506	323.899994
1	23.989000	1.426087	331.000000	325.500000
1	24.036000	1.444638	331.975006	323.337494
1	24.067000	1.442319	332.025024	323.974976
1	24.098000	1.434203	331.312500	323.687500
1	24.130000	1.416232	331.699982	323.600006
1	24.161000	1.449275	334.000000	323.500000
1	24.192000	1.433623	332.350006	322.899994
1	24.223000	1.416377	331.631256	322.818756
1	24.254000	1.442464	332.006256	323.006256
1	24.301000	1.414493	332.000000	322.500000
1	24.332000	1.436377	332.156250	323.156250
1	24.364000	1.441884	332.031250	323.031250
1	24.395000	1.426087	331.000000	321.500000
1	24.426000	1.450580	333.156250	322.143738
1	24.457000	1.424493	332.518738	321.731262
1	24.488000	1.420580	332.787506	321.462494
1	24.535000	1.434058	332.906250	320.643738
1	24.566000	1.438116	333.118744	321.056244
1	24.598000	1.442899	333.000000	320.937500
1	24.629000	1.449420	333.031250	321.156250
1	24.660000	1.437681	332.750000	320.250000
1	24.691000	1.451014	333.149994	320.837494
1	24.722000	1.455507	332.818756	321.193756
1	24.769000	1.425073	332.706268	321.243744
1	24.800000	1.436377	332.593750	320.156250
1	24.832000	1.426087	331.000000	321.500000
1	24.863000	1.420145	331.718750	321.781250
1	24.894000	1.426087	331.000000	321.500000
1	24.925000	1.421449	331.725006	322.225006
1	24.956000	1.398406	332.406250	321.781250
1	24.988000	1.435797	331.868744	321.131256
1	25.034000	1.446232	331.968750	321.593750
1	25.066000	1.426087	331.000000	321.500000
1	25.097000	1.414493	331.375000	321.375061
1	25.128000	1.472464	331.500000	321.000000
1	25.159000	1.472319	331.343750	322.031250
1	25.190000	1.425073	331.243744	322.243744
1	25.222000	1.439420	331.100037	322.349915
1	25.268000	1.435942	331.850006	321.399994
1	25.300000	1.431884	331.000000	320.500000
1	25.331000	1.421015	331.268738	320.431213
1	25.362000	1.426087	331.000000	317.500000
1	25.393000	1.426087	331.000000	321.500000
1	25.424000	1.426087	331.000000	321.500000
1	25.456000	1.437536	332.031250	321.343750
1	25.502000	1.426087	332.000000	319.500000
1	25.534000	1.422754	332.243744	321.543793
1	25.565000	1.441884	331.281250	320.968750
1	25.596000	1.419710	331.700012	320.750000
1	25.627000	1.444058	331.750000	320.937500
1	25.658000	1.449275	331.000000	319.500000
1	25.690000	1.435362	331.875000	320.125000
1	25.721000	1.472754	332.337494	319.887482
1	25.768000	1.443333	331.743744	320.368744
1	25.799000	1.449275	333.000000	321.500000
1	25.830000	1.440290	331.162506	321.087494
1	25.861000	1.422754	331.306244	322.243744
1	25.892000	1.435362	331.125000	322.625000
1	25.924000	1.442319	331.037506	322.975006
1	25.955000	1.435362	331.125000	323.625000
1	26.002000	1.446667	330.899933	324.024994
1	26.033000	1.437681	331.000000	323.500000
1	26.064000	1.450580	331.156250	323.406250
1	26.095000	1.450580	331.843750	323.093750
1	26.126000	1.435362	331.125000	322.625000
1	26.158000	1.451160	331.118744	323.131256
1	26.189000	1.464203	331.681244	323.556244
1	26.236000	1.435797	331.681244	323.318756
1	26.267000	1.435507	331.312500	322.937500
1	26.298000	1.402899	331.000000	323.500000
1	26.329000	1.442319	331.324982	323.399994
1	26.360000	1.426667	331.500000	324.250000
1	26.392000	1.426812	331.268738	323.468750
1	26.423000	1.465797	331.437500	323.312500
1	26.454000	1.451449	331.893738	323.168762
1	26.501000	1.431594	332.149994	322.537506
1	26.532000	1.437971	331.899994	323.287506
1	26.563000	1.460870	332.000000	323.500000
1	26.594000	1.434928	332.668732	324.343781
1	26.626000	1.453768	332.093750	324.093750
1	26.657000	1.446812	332.756256	324.068756
1	26.688000	1.448840	331.943756	324.256256
1	26.735000	1.454493	331.949982	324.100006
1	26.766000	1.441884	331.968750	324.031250
1	26.797000	1.451594	332.125000	324.125000
1	26.828000	1.441014	332.031250	324.756226
1	26.860000	1.443478	331.500000	324.000000
1	26.891000	1.426087	331.000000	325.500000
1	26.922000	1.435362	331.875000	324.875000
1	26.969000	1.457681	331.475006	324.774994
1	27.000000	1.471884	331.475006	324.524994
1	27.031000	1.460870	332.000000	324.500000
1	27.062000	1.451594	332.125000	324.125000
1	27.094000	1.457246	332.143738	324.143738
1	27.125000	1.426087	331.000000	321.500000
1	27.156000	1.476522	332.487488	323.799988
1	27.187000	1.481014	332.406250	323.656250
1	27.234000	1.474927	331.993744	323.956268
1	27.265000	1.492754	332.312500	324.437500
1	27.296000	1.477246	331.493744	324.393707
1	27.328000	1.492029	331.581238	325.156250
1	27.359000	1.488116	331.524994	324.975006
1	27.390000	1.483768	331.600006	324.287506
1	27.421000	1.514203	331.850006	324.100006
1	27.468000	1.508116	332.062500	324.312500
1	27.499000	1.504928	331.887512	323.750000
1	27.530000	1.513768	332.268738	324.268738
1	27.562000	1.485797	332.512482	324.512482
1	27.593000	1.518841	334.000000	323.500000
1	27.624000	1.534203	332.437500	323.700012
1	27.655000	1.509710	332.193756	324.256256
1	27.702000	1.518406	332.118744	323.931244
1	27.733000	1.518986	332.156250	324.093750
1	27.764000	1.514928	332.581238	324.031250
1	27.796000	1.513768	332.168762	323.981262
1	27.827000	1.509710	332.618744	323.681244
1	27.858000	1.527101	332.556244	323.806244
1	27.889000	1.516232	331.912506	323.350006
1	27.920000	1.527681	332.531250	323.981262
1	27.967000	1.518841	331.000000	325.500000
1	27.998000	1.540580	332.125000	323.625000
1	28.030000	1.522319	331.975006	323.825043
1	28.061000	1.550290	331.743744	324.493744
1	28.092000	1.557536	331.618744	324.381256
1	28.123000	1.533188	331.956238	324.981262
1	28.154000	1.530290	331.743713	324.981201
1	28.186000	1.611594	331.000000	321.500000
1	28.232000	1.556667	331.618744	324.618744
1	28.264000	1.557536	331.618744	324.618744
1	28.295000	1.547101	331.981262	324.518738
1	28.326000	1.542029	331.000000	325.500000
1	28.357000	1.530435	332.000000	324.500000
1	28.388000	1.611594	335.000000	325.500000
1	28.420000	1.557101	331.625000	324.625000
1	28.466000	1.529855	332.000000	324.500000
1	28.498000	1.545797	331.762512	324.012451
0	28.529000	1.611594	335.000000	321.500000
1	28.560000	1.536232	331.875000	323.875000
1	28.591000	1.565217	331.750000	323.750000
1	28.622000	1.563623	331.718750	323.843750
1	28.654000	1.555362	331.637482	323.600006
1	28.700000	1.559855	331.606232	323.818756
1	28.732000	1.554638	331.406250	323.443726
1	28.763000	1.611594	331.000000	321.500000
1	28.794000	1.592899	332.156250	322.093750
1	28.825000	1.568406	332.037506	322.412506
1	28.856000	1.540145	332.193756	321.681244
1	28.888000	1.575073	332.399994	322.149994
1	28.919000	1.574927	332.131256	322.618744
1	28.966000	1.535942	331.912506	322.712494
1	28.997000	1.562464	332.656250	322.531250
1	29.028000	1.548986	331.725006	322.762482
1	29.059000	1.548406	332.500000	322.500000
1	29.090000	1.530580	332.743744	322.993744
1	29.122000	1.562029	332.412506	322.337494
1	29.153000	1.581014	332.281250	322.906250
1	29.200000	1.565797	332.750000	323.000000
1	29.231000	1.565797	332.500000	321.937500
1	29.262000	1.549420	332.706238	322.481262
1	29.293000	1.557971	332.625000	322.375000
1	29.324000	1.611594	335.000000	325.500000
1	29.356000	1.518841	331.000000	325.500000
1	29.387000	1.562029	331.587494	323.574982
1	29.434000	1.566377	331.475006	323.475006
1	29.465000	1.550290	331.743744	323.743744
1	29.496000	1.611594	331.000000	325.500000
1	29.527000	1.553623	332.000000	323.500000
1	29.558000	1.573768	331.968689	324.881226
1	29.590000	1.560725	331.568756	324.631256
1	29.621000	1.574493	331.375000	324.875000
1	29.652000	1.552029	331.681244	325.206207
1	29.699000	1.548986	331.712494	325.725006
1	29.730000	1.568551	331.506317	325.768768
1	29.761000	1.565217	331.500000	326.000000
1	29.792000	1.611594	331.000000	329.500000
1	29.824000	1.546812	331.556244	325.743744
1	29.855000	1.557681	331.600006	326.350006
1	29.886000	1.512464	331.250000	326.375000
1	29.933000	1.533768	332.043732	326.006256
1	29.964000	1.557681	331.600006	325.600006
1	29.995000	1.538986	331.368744	325.631256
<\RIGHT-PUPIL-DATA>
<LEFT-PUPIL-DATA>
903	0
0	-0.067000	13.913043	240.000000	320.000000
0	-0.035000	13.913043	240.000000	320.000000
0	-0.004000	13.913043	240.000000	320.000000
0	0.043000	13.913043	240.000000	320.000000
0	0.074000	13.913043	240.000000	320.000000
0	0.105000	13.913043	240.000000	320.000000
0	0.136000	13.913043	240.000000	320.000000
0	0.167000	13.913043	240.000000	320.000000
0	0.199000	13.913043	240.000000	320.000000
0	0.230000	13.913043	240.000000	320.000000
0	0.261000	13.913043	240.000000	320.000000
0	0.308000	13.913043	240.000000	320.000000
0	0.339000	13.913043	240.000000	320.000000
0	0.370000	13.913043	240.000000	320.000000
0	0.401000	13.913043	240.000000	320.000000
0	0.433000	13.913043	240.000000	320.000000
0	0.464000	13.913043	240.000000	320.000000
0	0.495000	13.913043	240.000000	320.000000
0	0.542000	13.913043	240.000000	320.000000
0	0.573000	13.913043	240.000000	320.000000
0	0.604000	13.913043	240.000000	320.000000
0	0.635000	13.913043	240.000000	320.000000
0	0.667000	13.913043	240.000000	320.000000
0	0.698000	13.913043	240.000000	320.000000
0	0.729000	13.913043	240.000000	320.000000
0	0.776000	13.913043	240.000000	320.000000
0	0.807000	13.913043	240.000000	320.000000
0	0.838000	13.913043	240.000000	320.000000
0	0.869000	13.913043	240.000000	320.000000
0	0.901000	13.913043	240.000000	320.000000
0	0.932000	13.913043	240.000000	320.000000
0	0.963000	13.913043	240.000000	320.000000
0	0.994000	13.913043	240.000000	320.000000
0	1.041000	13.913043	240.000000	320.000000
0	1.072000	13.913043	240.000000	320.000000
0	1.103000	13.913043	240.000000	320.000000
0	1.135000	13.913043	240.000000	320.000000
0	1.166000	13.913043	240.000000	320.000000
0	1.197000	13.913043	240.000000	320.000000
0	1.228000	13.913043	240.000000	320.000000
0	1.275000	13.913043	240.000000	320.000000
0	1.306000	13.913043	240.000000	320.000000
0	1.337000	13.913043	240.000000	320.000000
0	1.369000	13.913043	240.000000	320.000000
0	1.400000	13.913043	240.000000	320.000000
0	1.431000	13.913043	240.000000	320.000000
0	1.462000	13.913043	240.000000	320.000000
0	1.509000	13.913043	240.000000	320.000000
0	1.540000	13.913043	240.000000	320.000000
0	1.571000	13.913043	240.000000	320.000000
0	1.603000	13.913043	240.000000	320.000000
0	1.634000	13.913043	240.000000	320.000000
0	1.665000	13.913043	240.000000	320.000000
0	1.696000	13.913043	240.000000	320.000000
0	1.727000	13.913043	240.000000	320.000000
0	1.774000	13.913043	240.000000	320.000000
0	1.805000	13.913043	240.000000	320.000000
0	1.837000	13.913043	240.000000	320.000000
0	1.868000	13.913043	240.000000	320.000000
0	1.899000	13.913043	240.000000	320.000000
0	1.930000	13.913043	240.000000	320.000000
0	1.961000	13.913043	240.000000	320.000000
0	2.008000	13.913043	240.000000	320.000000
0	2.039000	13.913043	240.000000	320.000000
0	2.071000	13.913043	240.000000	320.000000
0	2.102000	13.913043	240.000000	320.000000
0	2.133000	13.913043	240.000000	320.000000
0	2.164000	13.913043	240.000000	320.000000
0	2.195000	13.913043	240.000000	320.000000
0	2.242000	13.913043	240.000000	320.000000
0	2.273000	13.913043	240.000000	320.000000
0	2.305000	13.913043	240.000000	320.000000
0	2.336000	13.913043	240.000000	320.000000
0	2.367000	13.913043	240.000000	320.000000
0	2.398000	13.913043	240.000000	320.000000
0	2.429000	13.913043	240.000000	320.000000
0	2.461000	13.913043	240.000000	320.000000
0	2.507000	13.913043	240.000000	320.000000
0	2.539000	13.913043	240.000000	320.000000
0	2.570000	13.913043	240.000000	320.000000
0	2.601000	13.913043	240.000000	320.000000
0	2.632000	13.913043	240.000000	320.000000
0	2.663000	13.913043	240.000000	320.000000
0	2.695000	13.913043	240.000000	320.000000
0	2.741000	13.913043	240.000000	320.000000
0	2.773000	13.913043	240.000000	320.000000
0	2.804000	13.913043	240.000000	320.000000
0	2.835000	13.913043	240.000000	320.000000
0	2.866000	13.913043	240.000000	320.000000
0	2.897000	13.913043	240.000000	320.000000
0	2.929000	13.913043	240.000000	320.000000
0	2.975000	13.913043	240.000000	320.000000
0	3.007000	13.913043	240.000000	320.000000
0	3.038000	13.913043	240.000000	320.000000
0	3.069000	13.913043	240.000000	320.000000
0	3.100000	13.913043	240.000000	320.000000
0	3.131000	13.913043	240.000000	320.000000
0	3.163000	13.913043	240.000000	320.000000
0	3.194000	13.913043	240.000000	320.000000
0	3.241000	13.913043	240.000000	320.000000
0	3.272000	13.913043	240.000000	320.000000
0	3.303000	13.913043	240.000000	320.000000
0	3.334000	13.913043	240.000000	320.000000
0	3.365000	13.913043	240.000000	320.000000
0	3.397000	13.913043	240.000000	320.000000
0	3.428000	13.913043	240.000000	320.000000
0	3.475000	13.913043	240.000000	320.000000
0	3.506000	13.913043	240.000000	320.000000
0	3.537000	13.913043	240.000000	320.000000
0	3.568000	13.913043	240.000000	320.000000
0	3.599000	13.913043	240.000000	320.000000
0	3.631000	13.913043	240.000000	320.000000
0	3.662000	13.913043	240.000000	320.000000
0	3.709000	13.913043	240.000000	320.000000
0	3.740000	13.913043	240.000000	320.000000
0	3.771000	13.913043	240.000000	320.000000
0	3.802000	13.913043	240.000000	320.000000
0	3.833000	13.913043	240.000000	320.000000
0	3.865000	13.913043	240.000000	320.000000
0	3.896000	13.913043	240.000000	320.000000
0	3.927000	13.913043	240.000000	320.000000
0	3.974000	13.913043	240.000000	320.000000
0	4.005000	13.913043	240.000000	320.000000
0	4.036000	13.913043	240.000000	320.000000
0	4.067000	13.913043	240.000000	320.000000
0	4.099000	13.913043	240.000000	320.000000
0	4.130000	13.913043	240.000000	320.000000
0	4.161000	13.913043	240.000000	320.000000
0	4.192000	13.913043	240.000000	320.000000
0	4.239000	13.913043	240.000000	320.000000
0	4.270000	13.913043	240.000000	320.000000
0	4.301000	13.913043	240.000000	320.000000
0	4.333000	13.913043	240.000000	320.000000
0	4.364000	13.913043	240.000000	320.000000
0	4.395000	13.913043	240.000000	320.000000
0	4.426000	13.913043	240.000000	320.000000
0	4.473000	13.913043	240.000000	320.000000
0	4.504000	13.913043	240.000000	320.000000
0	4.535000	13.913043	240.000000	320.000000
0	4.567000	13.913043	240.000000	320.000000
0	4.598000	13.913043	240.000000	320.000000
0	4.629000	13.913043	240.000000	320.000000
0	4.660000	13.913043	240.000000	320.000000
0	4.707000	13.913043	240.000000	320.000000
0	4.738000	13.913043	240.000000	320.000000
0	4.769000	13.913043	240.000000	320.000000
0	4.801000	13.913043	240.000000	320.000000
0	4.832000	13.913043	240.000000	320.000000
0	4.863000	13.913043	240.000000	320.000000
0	4.894000	13.913043	240.000000	320.000000
0	4.925000	13.913043	240.000000	320.000000
0	4.972000	13.913043	240.000000	320.000000
0	5.003000	13.913043	240.000000	320.000000
0	5.035000	13.913043	240.000000	320.000000
0	5.066000	13.913043	240.000000	320.000000
0	5.097000	13.913043	240.000000	320.000000
0	5.128000	13.913043	240.000000	320.000000
0	5.159000	13.913043	240.000000	320.000000
0	5.206000	13.913043	240.000000	320.000000
0	5.237000	13.913043	240.000000	320.000000
0	5.269000	13.913043	240.000000	320.000000
0	5.300000	13.913043	240.000000	320.000000
0	5.331000	13.913043	240.000000	320.000000
0	5.362000	13.913043	240.000000	320.000000
0	5.393000	13.913043	240.000000	320.000000
0	5.440000	13.913043	240.000000	320.000000
0	5.471000	13.913043	240.000000	320.000000
0	5.503000	13.913043	240.000000	320.000000
0	5.534000	13.913043	240.000000	320.000000
0	5.565000	13.913043	240.000000	320.000000
0	5.596000	13.913043	240.000000	320.000000
0	5.627000	13.913043	240.000000	320.000000
0	5.659000	13.913043	240.000000	320.000000
0	5.705000	13.913043	240.000000	320.000000
0	5.737000	13.913043	240.000000	320.000000
0	5.768000	13.913043	240.000000	320.000000
0	5.799000	13.913043	240.000000	320.000000
0	5.830000	13.913043	240.000000	320.000000
0	5.861000	13.913043	240.000000	320.000000
0	5.893000	13.913043	240.000000	320.000000
0	5.939000	13.913043	240.000000	320.000000
0	5.971000	13.913043	240.000000	320.000000
0	6.002000	13.913043	240.000000	320.000000
0	6.033000	13.913043	240.000000	320.000000
0	6.064000	13.913043	240.000000	320.000000
0	6.095000	13.913043	240.000000	320.000000
0	6.127000	13.913043	240.000000	320.000000
0	6.173000	13.913043	240.000000	320.000000
0	6.205000	13.913043	240.000000	320.000000
0	6.236000	13.913043	240.000000	320.000000
0	6.267000	13.913043	240.000000	320.000000
0	6.298000	13.913043	240.000000	320.000000
0	6.329000	13.913043	240.000000	320.000000
0	6.361000	13.913043	240.000000	320.000000
0	6.392000	13.913043	240.000000	320.000000
0	6.439000	13.913043	240.000000	320.000000
0	6.470000	13.913043	240.000000	320.000000
0	6.501000	13.913043	240.000000	320.000000
0	6.532000	13.913043	240.000000	320.000000
0	6.563000	13.913043	240.000000	320.000000
0	6.595000	13.913043	240.000000	320.000000
0	6.626000	13.913043	240.000000	320.000000
0	6.673000	13.913043	240.000000	320.000000
0	6.704000	13.913043	240.000000	320.000000
0	6.735000	13.913043	240.000000	320.000000
0	6.766000	13.913043	240.000000	320.000000
0	6.797000	13.913043	240.000000	320.000000
0	6.829000	13.913043	240.000000	320.000000
0	6.860000	13.913043	240.000000	320.000000
0	6.907000	13.913043	240.000000	320.000000
0	6.938000	13.913043	240.000000	320.000000
0	6.969000	13.913043	240.000000	320.000000
0	7.000000	13.913043	240.000000	320.000000
0	7.031000	13.913043	240.000000	320.000000
0	7.063000	13.913043	240.000000	320.000000
0	7.094000	13.913043	240.000000	320.000000
0	7.125000	13.913043	240.000000	320.000000
0	7.172000	13.913043	240.000000	320.000000
0	7.203000	13.913043	240.000000	320.000000
0	7.234000	13.913043	240.000000	320.000000
0	7.265000	13.913043	240.000000	320.000000
0	7.297000	13.913043	240.000000	320.000000
0	7.328000	13.913043	240.000000	320.000000
0	7.359000	13.913043	240.000000	320.000000
0	7.406000	13.913043	240.000000	320.000000
0	7.437000	13.913043	240.000000	320.000000
0	7.468000	13.913043	240.000000	320.000000
0	7.499000	13.913043	240.000000	320.000000
0	7.531000	13.913043	240.000000	320.000000
0	7.562000	13.913043	240.000000	320.000000
0	7.593000	13.913043	240.000000	320.000000
0	7.640000	13.913043	240.000000	320.000000
0	7.671000	13.913043	240.000000	320.000000
0	7.702000	13.913043	240.000000	320.000000
0	7.733000	13.913043	240.000000	320.000000
0	7.765000	13.913043	240.000000	320.000000
0	7.796000	13.913043	240.000000	320.000000
0	7.827000	13.913043	240.000000	320.000000
0	7.858000	13.913043	240.000000	320.000000
0	7.905000	13.913043	240.000000	320.000000
0	7.936000	13.913043	240.000000	320.000000
0	7.967000	13.913043	240.000000	320.000000
0	7.999000	13.913043	240.000000	320.000000
0	8.030000	13.913043	240.000000	320.000000
0	8.061000	13.913043	240.000000	320.000000
0	8.092000	13.913043	240.000000	320.000000
0	8.123000	13.913043	240.000000	320.000000
0	8.170000	13.913043	240.000000	320.000000
0	8.201000	13.913043	240.000000	320.000000
0	8.233000	13.913043	240.000000	320.000000
0	8.264000	13.913043	240.000000	320.000000
0	8.295000	13.913043	240.000000	320.000000
0	8.326000	13.913043	240.000000	320.000000
0	8.373000	13.913043	240.000000	320.000000
0	8.404000	13.913043	240.000000	320.000000
0	8.436000	13.913043	240.000000	320.000000
0	8.467000	13.913043	240.000000	320.000000
0	8.498000	13.913043	240.000000	320.000000
0	8.529000	13.913043	240.000000	320.000000
0	8.560000	13.913043	240.000000	320.000000
0	8.592000	13.913043	240.000000	320.000000
0	8.638000	13.913043	240.000000	320.000000
0	8.670000	13.913043	240.000000	320.000000
0	8.701000	13.913043	240.000000	320.000000
0	8.732000	13.913043	240.000000	320.000000
0	8.763000	13.913043	240.000000	320.000000
0	8.794000	13.913043	240.000000	320.000000
0	8.826000	13.913043	240.000000	320.000000
0	8.857000	13.913043	240.000000	320.000000
0	8.904000	13.913043	240.000000	320.000000
0	8.935000	13.913043	240.000000	320.000000
0	8.966000	13.913043	240.000000	320.000000
0	8.997000	13.913043	240.000000	320.000000
0	9.028000	13.913043	240.000000	320.000000
0	9.060000	13.913043	240.000000	320.000000
0	9.091000	13.913043	240.000000	320.000000
0	9.138000	13.913043	240.000000	320.000000
0	9.169000	13.913043	240.000000	320.000000
0	9.200000	13.913043	240.000000	320.000000
0	9.231000	13.913043	240.000000	320.000000
0	9.262000	13.913043	240.000000	320.000000
0	9.294000	13.913043	240.000000	320.000000
0	9.325000	13.913043	240.000000	320.000000
0	9.372000	13.913043	240.000000	320.000000
0	9.403000	13.913043	240.000000	320.000000
0	9.434000	13.913043	240.000000	320.000000
0	9.465000	13.913043	240.000000	320.000000
0	9.496000	13.913043	240.000000	320.000000
0	9.528000	13.913043	240.000000	320.000000
0	9.559000	13.913043	240.000000	320.000000
0	9.590000	13.913043	240.000000	320.000000
0	9.637000	13.913043	240.000000	320.000000
0	9.668000	13.913043	240.000000	320.000000
0	9.699000	13.913043	240.000000	320.000000
0	9.730000	13.913043	240.000000	320.000000
0	9.762000	13.913043	240.000000	320.000000
0	9.793000	13.913043	240.000000	320.000000
0	9.824000	13.913043	240.000000	320.000000
0	9.871000	13.913043	240.000000	320.000000
0	9.902000	13.913043	240.000000	320.000000
0	9.933000	13.913043	240.000000	320.000000
0	9.964000	13.913043	240.000000	320.000000
0	9.996000	13.913043	240.000000	320.000000
0	10.027000	13.913043	240.000000	320.000000
0	10.058000	13.913043	240.000000	320.000000
0	10.105000	13.913043	240.000000	320.000000
0	10.136000	13.913043	240.000000	320.000000
0	10.167000	13.913043	240.000000	320.000000
0	10.198000	13.913043	240.000000	320.000000
0	10.230000	13.913043	240.000000	320.000000
0	10.261000	13.913043	240.000000	320.000000
0	10.292000	13.913043	240.000000	320.000000
0	10.323000	13.913043	240.000000	320.000000
0	10.370000	13.913043	240.000000	320.000000
0	10.401000	13.913043	240.000000	320.000000
0	10.432000	13.913043	240.000000	320.000000
0	10.464000	13.913043	240.000000	320.000000
0	10.495000	13.913043	240.000000	320.000000
0	10.526000	13.913043	240.000000	320.000000
0	10.557000	13.913043	240.000000	320.000000
0	10.604000	13.913043	240.000000	320.000000
0	10.635000	13.913043	240.000000	320.000000
0	10.666000	13.913043	240.000000	320.000000
0	10.698000	13.913043	240.000000	320.000000
0	10.729000	13.913043	240.000000	320.000000
0	10.760000	13.913043	240.000000	320.000000
0	10.791000	13.913043	240.000000	320.000000
0	10.838000	13.913043	240.000000	320.000000
0	10.869000	13.913043	240.000000	320.000000
0	10.900000	13.913043	240.000000	320.000000
0	10.932000	13.913043	240.000000	320.000000
0	10.963000	13.913043	240.000000	320.000000
0	10.994000	13.913043	240.000000	320.000000
0	11.025000	13.913043	240.000000	320.000000
0	11.056000	13.913043	240.000000	320.000000
0	11.103000	13.913043	240.000000	320.000000
0	11.134000	13.913043	240.000000	320.000000
0	11.166000	13.913043	240.000000	320.000000
0	11.197000	13.913043	240.000000	320.000000
0	11.228000	13.913043	240.000000	320.000000
0	11.259000	13.913043	240.000000	320.000000
0	11.290000	13.913043	240.000000	320.000000
0	11.337000	13.913043	240.000000	320.000000
0	11.368000	13.913043	240.000000	320.000000
0	11.400000	13.913043	240.000000	320.000000
0	11.431000	13.913043	240.000000	320.000000
0	11.462000	13.913043	240.000000	320.000000
0	11.493000	13.913043	240.000000	320.000000
0	11.524000	13.913043	240.000000	320.000000
0	11.571000	13.913043	240.000000	320.000000
0	11.602000	13.913043	240.000000	320.000000
0	11.634000	13.913043	240.000000	320.000000
0	11.665000	13.913043	240.000000	320.000000
0	11.696000	13.913043	240.000000	320.000000
0	11.727000	13.913043	240.000000	320.000000
0	11.758000	13.913043	240.000000	320.000000
0	11.790000	13.913043	240.000000	320.000000
0	11.836000	13.913043	240.000000	320.000000
0	11.868000	13.913043	240.000000	320.000000
0	11.899000	13.913043	240.000000	320.000000
0	11.930000	13.913043	240.000000	320.000000
0	11.961000	13.913043	240.000000	320.000000
0	11.992000	13.913043	240.000000	320.000000
0	12.024000	13.913043	240.000000	320.000000
0	12.070000	13.913043	240.000000	320.000000
0	12.102000	13.913043	240.000000	320.000000
0	12.133000	13.913043	240.000000	320.000000
0	12.164000	13.913043	240.000000	320.000000
0	12.195000	13.913043	240.000000	320.000000
0	12.226000	13.913043	240.000000	320.000000
0	12.258000	13.913043	240.000000	320.000000
0	12.289000	13.913043	240.000000	320.000000
0	12.336000	13.913043	240.000000	320.000000
0	12.367000	13.913043	240.000000	320.000000
0	12.398000	13.913043	240.000000	320.000000
0	12.429000	13.913043	240.000000	320.000000
0	12.460000	13.913043	240.000000	320.000000
0	12.492000	13.913043	240.000000	320.000000
0	12.523000	13.913043	240.000000	320.000000
0	12.570000	13.913043	240.000000	320.000000
0	12.601000	13.913043	240.000000	320.000000
0	12.632000	13.913043	240.000000	320.000000
0	12.663000	13.913043	240.000000	320.000000
0	12.694000	13.913043	240.000000	320.000000
0	12.726000	13.913043	240.000000	320.000000
0	12.757000	13.913043	240.000000	320.000000
0	12.788000	13.913043	240.000000	320.000000
0	12.835000	13.913043	240.000000	320.000000
0	12.866000	13.913043	240.000000	320.000000
0	12.897000	13.913043	240.000000	320.000000
0	12.928000	13.913043	240.000000	320.000000
0	12.960000	13.913043	240.000000	320.000000
0	12.991000	13.913043	240.000000	320.000000
0	13.022000	13.913043	240.000000	320.000000
0	13.069000	13.913043	240.000000	320.000000
0	13.100000	13.913043	240.000000	320.000000
0	13.131000	13.913043	240.000000	320.000000
0	13.162000	13.913043	240.000000	320.000000
0	13.194000	13.913043	240.000000	320.000000
0	13.225000	13.913043	240.000000	320.000000
0	13.256000	13.913043	240.000000	320.000000
0	13.303000	13.913043	240.000000	320.000000
0	13.334000	13.913043	240.000000	320.000000
0	13.365000	13.913043	240.000000	320.000000
0	13.396000	13.913043	240.000000	320.000000
0	13.428000	13.913043	240.000000	320.000000
0	13.459000	13.913043	240.000000	320.000000
0	13.490000	13.913043	240.000000	320.000000
0	13.521000	13.913043	240.000000	320.000000
0	13.568000	13.913043	240.000000	320.000000
0	13.599000	13.913043	240.000000	320.000000
0	13.630000	13.913043	240.000000	320.000000
0	13.662000	13.913043	240.000000	320.000000
0	13.693000	13.913043	240.000000	320.000000
0	13.724000	13.913043	240.000000	320.000000
0	13.755000	13.913043	240.000000	320.000000
0	13.802000	13.913043	240.000000	320.000000
0	13.833000	13.913043	240.000000	320.000000
0	13.864000	13.913043	240.000000	320.000000
0	13.896000	13.913043	240.000000	320.000000
0	13.927000	13.913043	240.000000	320.000000
0	13.958000	13.913043	240.000000	320.000000
0	13.989000	13.913043	240.000000	320.000000
0	14.036000	13.913043	240.000000	320.000000
0	14.067000	13.913043	240.000000	320.000000
0	14.098000	13.913043	240.000000	320.000000
0	14.130000	13.913043	240.000000	320.000000
0	14.161000	13.913043	240.000000	320.000000
0	14.192000	13.913043	240.000000	320.000000
0	14.223000	13.913043	240.000000	320.000000
0	14.254000	13.913043	240.000000	320.000000
0	14.301000	13.913043	240.000000	320.000000
0	14.332000	13.913043	240.000000	320.000000
0	14.364000	13.913043	240.000000	320.000000
0	14.395000	13.913043	240.000000	320.000000
0	14.426000	13.913043	240.000000	320.000000
0	14.457000	13.913043	240.000000	320.000000
0	14.488000	13.913043	240.000000	320.000000
0	14.535000	13.913043	240.000000	320.000000
0	14.566000	13.913043	240.000000	320.000000
0	14.598000	13.913043	240.000000	320.000000
0	14.629000	13.913043	240.000000	320.000000
0	14.660000	13.913043	240.000000	320.000000
0	14.691000	13.913043	240.000000	320.000000
0	14.722000	13.913043	240.000000	320.000000
0	14.769000	13.913043	240.000000	320.000000
0	14.800000	13.913043	240.000000	320.000000
0	14.832000	13.913043	240.000000	320.000000
0	14.863000	13.913043	240.000000	320.000000
0	14.894000	13.913043	240.000000	320.000000
0	14.925000	13.913043	240.000000	320.000000
0	14.956000	13.913043	240.000000	320.000000
0	14.988000	13.913043	240.000000	320.000000
0	15.034000	13.913043	240.000000	320.000000
0	15.066000	13.913043	240.000000	320.000000
0	15.097000	13.913043	240.000000	320.000000
0	15.128000	13.913043	240.000000	320.000000
0	15.159000	13.913043	240.000000	320.000000
0	15.190000	13.913043	240.000000	320.000000
0	15.222000	13.913043	240.000000	320.000000
0	15.268000	13.913043	240.000000	320.000000
0	15.300000	13.913043	240.000000	320.000000
0	15.331000	13.913043	240.000000	320.000000
0	15.362000	13.913043	240.000000	320.000000
0	15.393000	13.913043	240.000000	320.000000
0	15.424000	13.913043	240.000000	320.000000
0	15.456000	13.913043	240.000000	320.000000
0	15.502000	13.913043	240.000000	320.000000
0	15.534000	13.913043	240.000000	320.000000
0	15.565000	13.913043	240.000000	320.000000
0	15.596000	13.913043	240.000000	320.000000
0	15.627000	13.913043	240.000000	320.000000
0	15.658000	13.913043	240.000000	320.000000
0	15.690000	13.913043	240.000000	320.000000
0	15.721000	13.913043	240.000000	320.000000
0	15.768000	13.913043	240.000000	320.000000
0	15.799000	13.913043	240.000000	320.000000
0	15.830000	13.913043	240.000000	320.000000
0	15.861000	13.913043	240.000000	320.000000
0	15.892000	13.913043	240.000000	320.000000
0	15.924000	13.913043	240.000000	320.000000
0	15.955000	13.913043	240.000000	320.000000
0	16.002000	13.913043	240.000000	320.000000
0	16.033000	13.913043	240.000000	320.000000
0	16.064000	13.913043	240.000000	320.000000
0	16.095000	13.913043	240.000000	320.000000
0	16.126000	13.913043	240.000000	320.000000
0	16.158000	13.913043	240.000000	320.000000
0	16.189000	13.913043	240.000000	320.000000
0	16.220000	13.913043	240.000000	320.000000
0	16.267000	13.913043	240.000000	320.000000
0	16.298000	13.913043	240.000000	320.000000
0	16.329000	13.913043	240.000000	320.000000
0	16.360000	13.913043	240.000000	320.000000
0	16.392000	13.913043	240.000000	320.000000
0	16.423000	13.913043	240.000000	320.000000
0	16.454000	13.913043	240.000000	320.000000
0	16.501000	13.913043	240.000000	320.000000
0	16.532000	13.913043	240.000000	320.000000
0	16.563000	13.913043	240.000000	320.000000
0	16.594000	13.913043	240.000000	320.000000
0	16.626000	13.913043	240.000000	320.000000
0	16.657000	13.913043	240.000000	320.000000
0	16.688000	13.913043	240.000000	320.000000
0	16.735000	13.913043	240.000000	320.000000
0	16.766000	13.913043	240.000000	320.000000
0	16.797000	13.913043	240.000000	320.000000
0	16.828000	13.913043	240.000000	320.000000
0	16.860000	13.913043	240.000000	320.000000
0	16.891000	13.913043	240.000000	320.000000
0	16.922000	13.913043	240.000000	320.000000
0	16.953000	13.913043	240.000000	320.000000
0	17.000000	13.913043	240.000000	320.000000
0	17.031000	13.913043	240.000000	320.000000
0	17.062000	13.913043	240.000000	320.000000
0	17.094000	13.913043	240.000000	320.000000
0	17.125000	13.913043	240.000000	320.000000
0	17.156000	13.913043	240.000000	320.000000
0	17.187000	13.913043	240.000000	320.000000
0	17.234000	13.913043	240.000000	320.000000
0	17.265000	13.913043	240.000000	320.000000
0	17.296000	13.913043	240.000000	320.000000
0	17.328000	13.913043	240.000000	320.000000
0	17.359000	13.913043	240.000000	320.000000
0	17.390000	13.913043	240.000000	320.000000
0	17.421000	13.913043	240.000000	320.000000
0	17.468000	13.913043	240.000000	320.000000
0	17.499000	13.913043	240.000000	320.000000
0	17.530000	13.913043	240.000000	320.000000
0	17.562000	13.913043	240.000000	320.000000
0	17.593000	13.913043	240.000000	320.000000
0	17.624000	13.913043	240.000000	320.000000
0	17.655000	13.913043	240.000000	320.000000
0	17.686000	13.913043	240.000000	320.000000
0	17.733000	13.913043	240.000000	320.000000
0	17.764000	13.913043	240.000000	320.000000
0	17.796000	13.913043	240.000000	320.000000
0	17.827000	13.913043	240.000000	320.000000
0	17.858000	13.913043	240.000000	320.000000
0	17.889000	13.913043	240.000000	320.000000
0	17.920000	13.913043	240.000000	320.000000
0	17.967000	13.913043	240.000000	320.000000
0	17.998000	13.913043	240.000000	320.000000
0	18.030000	13.913043	240.000000	320.000000
0	18.061000	13.913043	240.000000	320.000000
0	18.092000	13.913043	240.000000	320.000000
0	18.123000	13.913043	240.000000	320.000000
0	18.154000	13.913043	240.000000	320.000000
0	18.186000	13.913043	240.000000	320.000000
0	18.232000	13.913043	240.000000	320.000000
0	18.264000	13.913043	240.000000	320.000000
0	18.295000	13.913043	240.000000	320.000000
0	18.326000	13.913043	240.000000	320.000000
0	18.357000	13.913043	240.000000	320.000000
0	18.388000	13.913043	240.000000	320.000000
0	18.420000	13.913043	240.000000	320.000000
0	18.466000	13.913043	240.000000	320.000000
0	18.498000	13.913043	240.000000	320.000000
0	18.529000	13.913043	240.000000	320.000000
0	18.560000	13.913043	240.000000	320.000000
0	18.591000	13.913043	240.000000	320.000000
0	18.622000	13.913043	240.000000	320.000000
0	18.654000	13.913043	240.000000	320.000000
0	18.700000	13.913043	240.000000	320.000000
0	18.732000	13.913043	240.000000	320.000000
0	18.763000	13.913043	240.000000	320.000000
0	18.794000	13.913043	240.000000	320.000000
0	18.825000	13.913043	240.000000	320.000000
0	18.856000	13.913043	240.000000	320.000000
0	18.888000	13.913043	240.000000	320.000000
0	18.919000	13.913043	240.000000	320.000000
0	18.966000	13.913043	240.000000	320.000000
0	18.997000	13.913043	240.000000	320.000000
0	19.028000	13.913043	240.000000	320.000000
0	19.059000	13.913043	240.000000	320.000000
0	19.090000	13.913043	240.000000	320.000000
0	19.122000	13.913043	240.000000	320.000000
0	19.153000	13.913043	240.000000	320.000000
0	19.200000	13.913043	240.000000	320.000000
0	19.231000	13.913043	240.000000	320.000000
0	19.262000	13.913043	240.000000	320.000000
0	19.293000	13.913043	240.000000	320.000000
0	19.324000	13.913043	240.000000	320.000000
0	19.356000	13.913043	240.000000	320.000000
0	19.387000	13.913043	240.000000	320.000000
0	19.434000	13.913043	240.000000	320.000000
0	19.465000	13.913043	240.000000	320.000000
0	19.496000	13.913043	240.000000	320.000000
0	19.527000	13.913043	240.000000	320.000000
0	19.558000	13.913043	240.000000	320.000000
0	19.590000	13.913043	240.000000	320.000000
0	19.621000	13.913043	240.000000	320.000000
0	19.652000	13.913043	240.000000	320.000000
0	19.699000	13.913043	240.000000	320.000000
0	19.730000	13.913043	240.000000	320.000000
0	19.761000	13.913043	240.000000	320.000000
0	19.792000	13.913043	240.000000	320.000000
0	19.824000	13.913043	240.000000	320.000000
0	19.855000	13.913043	240.000000	320.000000
0	19.886000	13.913043	240.000000	320.000000
0	19.933000	13.913043	240.000000	320.000000
0	19.964000	13.913043	240.000000	320.000000
0	19.995000	13.913043	240.000000	320.000000
0	20.026000	13.913043	240.000000	320.000000
0	20.058000	13.913043	240.000000	320.000000
0	20.089000	13.913043	240.000000	320.000000
0	20.120000	13.913043	240.000000	320.000000
0	20.151000	13.913043	240.000000	320.000000
0	20.198000	13.913043	240.000000	320.000000
0	20.229000	13.913043	240.000000	320.000000
0	20.260000	13.913043	240.000000	320.000000
0	20.292000	13.913043	240.000000	320.000000
0	20.323000	13.913043	240.000000	320.000000
0	20.354000	13.913043	240.000000	320.000000
0	20.385000	13.913043	240.000000	320.000000
0	20.432000	13.913043	240.000000	320.000000
0	20.463000	13.913043	240.000000	320.000000
0	20.494000	13.913043	240.000000	320.000000
0	20.526000	13.913043	240.000000	320.000000
0	20.557000	13.913043	240.000000	320.000000
0	20.588000	13.913043	240.000000	320.000000
0	20.619000	13.913043	240.000000	320.000000
0	20.666000	13.913043	240.000000	320.000000
0	20.697000	13.913043	240.000000	320.000000
0	20.728000	13.913043	240.000000	320.000000
0	20.760000	13.913043	240.000000	320.000000
0	20.791000	13.913043	240.000000	320.000000
0	20.822000	13.913043	240.000000	320.000000
0	20.853000	13.913043	240.000000	320.000000
0	20.884000	13.913043	240.000000	320.000000
0	20.931000	13.913043	240.000000	320.000000
0	20.962000	13.913043	240.000000	320.000000
0	20.994000	13.913043	240.000000	320.000000
0	21.025000	13.913043	240.000000	320.000000
0	21.056000	13.913043	240.000000	320.000000
0	21.087000	13.913043	240.000000	320.000000
0	21.118000	13.913043	240.000000	320.000000
0	21.165000	13.913043	240.000000	320.000000
0	21.196000	13.913043	240.000000	320.000000
0	21.228000	13.913043	240.000000	320.000000
0	21.259000	13.913043	240.000000	320.000000
0	21.290000	13.913043	240.000000	320.000000
0	21.321000	13.913043	240.000000	320.000000
0	21.352000	13.913043	240.000000	320.000000
0	21.399000	13.913043	240.000000	320.000000
0	21.430000	13.913043	240.000000	320.000000
0	21.462000	13.913043	240.000000	320.000000
0	21.493000	13.913043	240.000000	320.000000
0	21.524000	13.913043	240.000000	320.000000
0	21.555000	13.913043	240.000000	320.000000
0	21.586000	13.913043	240.000000	320.000000
0	21.618000	13.913043	240.000000	320.000000
0	21.664000	13.913043	240.000000	320.000000
0	21.696000	13.913043	240.000000	320.000000
0	21.727000	13.913043	240.000000	320.000000
0	21.758000	13.913043	240.000000	320.000000
0	21.789000	13.913043	240.000000	320.000000
0	21.820000	13.913043	240.000000	320.000000
0	21.852000	13.913043	240.000000	320.000000
0	21.898000	13.913043	240.000000	320.000000
0	21.930000	13.913043	240.000000	320.000000
0	21.961000	13.913043	240.000000	320.000000
0	21.992000	13.913043	240.000000	320.000000
0	22.023000	13.913043	240.000000	320.000000
0	22.054000	13.913043	240.000000	320.000000
0	22.086000	13.913043	240.000000	320.000000
0	22.132000	13.913043	240.000000	320.000000
0	22.164000	13.913043	240.000000	320.000000
0	22.195000	13.913043	240.000000	320.000000
0	22.226000	13.913043	240.000000	320.000000
0	22.257000	13.913043	240.000000	320.000000
0	22.288000	13.913043	240.000000	320.000000
0	22.320000	13.913043	240.000000	320.000000
0	22.351000	13.913043	240.000000	320.000000
0	22.398000	13.913043	240.000000	320.000000
0	22.429000	13.913043	240.000000	320.000000
0	22.460000	13.913043	240.000000	320.000000
0	22.491000	13.913043	240.000000	320.000000
0	22.522000	13.913043	240.000000	320.000000
0	22.554000	13.913043	240.000000	320.000000
0	22.585000	13.913043	240.000000	320.000000
0	22.632000	13.913043	240.000000	320.000000
0	22.663000	13.913043	240.000000	320.000000
0	22.694000	13.913043	240.000000	320.000000
0	22.725000	13.913043	240.000000	320.000000
0	22.756000	13.913043	240.000000	320.000000
0	22.788000	13.913043	240.000000	320.000000
0	22.819000	13.913043	240.000000	320.000000
0	22.866000	13.913043	240.000000	320.000000
0	22.897000	13.913043	240.000000	320.000000
0	22.928000	13.913043	240.000000	320.000000
0	22.959000	13.913043	240.000000	320.000000
0	22.990000	13.913043	240.000000	320.000000
0	23.022000	13.913043	240.000000	320.000000
0	23.053000	13.913043	240.000000	320.000000
0	23.084000	13.913043	240.000000	320.000000
0	23.131000	13.913043	240.000000	320.000000
0	23.162000	13.913043	240.000000	320.000000
0	23.193000	13.913043	240.000000	320.000000
0	23.224000	13.913043	240.000000	320.000000
0	23.256000	13.913043	240.000000	320.000000
0	23.287000	13.913043	240.000000	320.000000
0	23.318000	13.913043	240.000000	320.000000
0	23.365000	13.913043	240.000000	320.000000
0	23.396000	13.913043	240.000000	320.000000
0	23.427000	13.913043	240.000000	320.000000
0	23.458000	13.913043	240.000000	320.000000
0	23.490000	13.913043	240.000000	320.000000
0	23.521000	13.913043	240.000000	320.000000
0	23.552000	13.913043	240.000000	320.000000
0	23.583000	13.913043	240.000000	320.000000
0	23.630000	13.913043	240.000000	320.000000
0	23.661000	13.913043	240.000000	320.000000
0	23.692000	13.913043	240.000000	320.000000
0	23.724000	13.913043	240.000000	320.000000
0	23.755000	13.913043	240.000000	320.000000
0	23.786000	13.913043	240.000000	320.000000
0	23.817000	13.913043	240.000000	320.000000
0	23.864000	13.913043	240.000000	320.000000
0	23.895000	13.913043	240.000000	320.000000
0	23.926000	13.913043	240.000000	320.000000
0	23.958000	13.913043	240.000000	320.000000
0	23.989000	13.913043	240.000000	320.000000
0	24.020000	13.913043	240.000000	320.000000
0	24.051000	13.913043	240.000000	320.000000
0	24.082000	13.913043	240.000000	320.000000
0	24.129000	13.913043	240.000000	320.000000
0	24.160000	13.913043	240.000000	320.000000
0	24.192000	13.913043	240.000000	320.000000
0	24.223000	13.913043	240.000000	320.000000
0	24.254000	13.913043	240.000000	320.000000
0	24.285000	13.913043	240.000000	320.000000
0	24.316000	13.913043	240.000000	320.000000
0	24.363000	13.913043	240.000000	320.000000
0	24.394000	13.913043	240.000000	320.000000
0	24.426000	13.913043	240.000000	320.000000
0	24.457000	13.913043	240.000000	320.000000
0	24.488000	13.913043	240.000000	320.000000
0	24.519000	13.913043	240.000000	320.000000
0	24.550000	13.913043	240.000000	320.000000
0	24.597000	13.913043	240.000000	320.000000
0	24.628000	13.913043	240.000000	320.000000
0	24.660000	13.913043	240.000000	320.000000
0	24.691000	13.913043	240.000000	320.000000
0	24.722000	13.913043	240.000000	320.000000
0	24.753000	13.913043	240.000000	320.000000
0	24.784000	13.913043	240.000000	320.000000
0	24.816000	13.913043	240.000000	320.000000
0	24.862000	13.913043	240.000000	320.000000
0	24.894000	13.913043	240.000000	320.000000
0	24.925000	13.913043	240.000000	320.000000
0	24.956000	13.913043	240.000000	320.000000
0	24.987000	13.913043	240.000000	320.000000
0	25.018000	13.913043	240.000000	320.000000
0	25.050000	13.913043	240.000000	320.000000
0	25.096000	13.913043	240.000000	320.000000
0	25.128000	13.913043	240.000000	320.000000
0	25.159000	13.913043	240.000000	320.000000
0	25.190000	13.913043	240.000000	320.000000
0	25.221000	13.913043	240.000000	320.000000
0	25.252000	13.913043	240.000000	320.000000
0	25.284000	13.913043	240.000000	320.000000
0	25.330000	13.913043	240.000000	320.000000
0	25.362000	13.913043	240.000000	320.000000
0	25.393000	13.913043	240.000000	320.000000
0	25.424000	13.913043	240.000000	320.000000
0	25.455000	13.913043	240.000000	320.000000
0	25.486000	13.913043	240.000000	320.000000
0	25.518000	13.913043	240.000000	320.000000
0	25.549000	13.913043	240.000000	320.000000
0	25.596000	13.913043	240.000000	320.000000
0	25.627000	13.913043	240.000000	320.000000
0	25.658000	13.913043	240.000000	320.000000
0	25.689000	13.913043	240.000000	320.000000
0	25.720000	13.913043	240.000000	320.000000
0	25.752000	13.913043	240.000000	320.000000
0	25.783000	13.913043	240.000000	320.000000
0	25.830000	13.913043	240.000000	320.000000
0	25.861000	13.913043	240.000000	320.000000
0	25.892000	13.913043	240.000000	320.000000
0	25.923000	13.913043	240.000000	320.000000
0	25.954000	13.913043	240.000000	320.000000
0	25.986000	13.913043	240.000000	320.000000
0	26.017000	13.913043	240.000000	320.000000
0	26.064000	13.913043	240.000000	320.000000
0	26.095000	13.913043	240.000000	320.000000
0	26.126000	13.913043	240.000000	320.000000
0	26.157000	13.913043	240.000000	320.000000
0	26.188000	13.913043	240.000000	320.000000
0	26.220000	13.913043	240.000000	320.000000
0	26.251000	13.913043	240.000000	320.000000
0	26.282000	13.913043	240.000000	320.000000
0	26.329000	13.913043	240.000000	320.000000
0	26.360000	13.913043	240.000000	320.000000
0	26.391000	13.913043	240.000000	320.000000
0	26.422000	13.913043	240.000000	320.000000
0	26.454000	13.913043	240.000000	320.000000
0	26.485000	13.913043	240.000000	320.000000
0	26.516000	13.913043	240.000000	320.000000
0	26.563000	13.913043	240.000000	320.000000
0	26.594000	13.913043	240.000000	320.000000
0	26.625000	13.913043	240.000000	320.000000
0	26.656000	13.913043	240.000000	320.000000
0	26.688000	13.913043	240.000000	320.000000
0	26.719000	13.913043	240.000000	320.000000
0	26.750000	13.913043	240.000000	320.000000
0	26.797000	13.913043	240.000000	320.000000
0	26.828000	13.913043	240.000000	320.000000
0	26.859000	13.913043	240.000000	320.000000
0	26.890000	13.913043	240.000000	320.000000
0	26.922000	13.913043	240.000000	320.000000
0	26.953000	13.913043	240.000000	320.000000
0	26.984000	13.913043	240.000000	320.000000
0	27.015000	13.913043	240.000000	320.000000
0	27.062000	13.913043	240.000000	320.000000
0	27.093000	13.913043	240.000000	320.000000
0	27.124000	13.913043	240.000000	320.000000
0	27.156000	13.913043	240.000000	320.000000
0	27.187000	13.913043	240.000000	320.000000
0	27.218000	13.913043	240.000000	320.000000
0	27.249000	13.913043	240.000000	320.000000
0	27.296000	13.913043	240.000000	320.000000
0	27.327000	13.913043	240.000000	320.000000
0	27.358000	13.913043	240.000000	320.000000
0	27.390000	13.913043	240.000000	320.000000
0	27.421000	13.913043	240.000000	320.000000
0	27.452000	13.913043	240.000000	320.000000
0	27.483000	13.913043	240.000000	320.000000
0	27.530000	13.913043	240.000000	320.000000
0	27.561000	13.913043	240.000000	320.000000
0	27.592000	13.913043	240.000000	320.000000
0	27.624000	13.913043	240.000000	320.000000
0	27.655000	13.913043	240.000000	320.000000
0	27.686000	13.913043	240.000000	320.000000
0	27.717000	13.913043	240.000000	320.000000
0	27.748000	13.913043	240.000000	320.000000
0	27.795000	13.913043	240.000000	320.000000
0	27.826000	13.913043	240.000000	320.000000
0	27.858000	13.913043	240.000000	320.000000
0	27.889000	13.913043	240.000000	320.000000
0	27.920000	13.913043	240.000000	320.000000
0	27.951000	13.913043	240.000000	320.000000
0	27.982000	13.913043	240.000000	320.000000
0	28.014000	13.913043	240.000000	320.000000
0	28.060000	13.913043	240.000000	320.000000
0	28.092000	13.913043	240.000000	320.000000
0	28.123000	13.913043	240.000000	320.000000
0	28.154000	13.913043	240.000000	320.000000
0	28.185000	13.913043	240.000000	320.000000
0	28.216000	13.913043	240.000000	320.000000
0	28.248000	13.913043	240.000000	320.000000
0	28.294000	13.913043	240.000000	320.000000
0	28.326000	13.913043	240.000000	320.000000
0	28.357000	13.913043	240.000000	320.000000
0	28.388000	13.913043	240.000000	320.000000
0	28.419000	13.913043	240.000000	320.000000
0	28.450000	13.913043	240.000000	320.000000
0	28.482000	13.913043	240.000000	320.000000
0	28.528000	13.913043	240.000000	320.000000
0	28.560000	13.913043	240.000000	320.000000
0	28.591000	13.913043	240.000000	320.000000
0	28.622000	13.913043	240.000000	320.000000
0	28.653000	13.913043	240.000000	320.000000
0	28.684000	13.913043	240.000000	320.000000
0	28.716000	13.913043	240.000000	320.000000
0	28.747000	13.913043	240.000000	320.000000
0	28.794000	13.913043	240.000000	320.000000
0	28.825000	13.913043	240.000000	320.000000
0	28.856000	13.913043	240.000000	320.000000
0	28.887000	13.913043	240.000000	320.000000
0	28.918000	13.913043	240.000000	320.000000
0	28.950000	13.913043	240.000000	320.000000
0	28.981000	13.913043	240.000000	320.000000
0	29.028000	13.913043	240.000000	320.000000
0	29.059000	13.913043	240.000000	320.000000
0	29.090000	13.913043	240.000000	320.000000
0	29.121000	13.913043	240.000000	320.000000
0	29.152000	13.913043	240.000000	320.000000
0	29.184000	13.913043	240.000000	320.000000
0	29.215000	13.913043	240.000000	320.000000
0	29.262000	13.913043	240.000000	320.000000
0	29.293000	13.913043	240.000000	320.000000
0	29.324000	13.913043	240.000000	320.000000
0	29.355000	13.913043	240.000000	320.000000
0	29.386000	13.913043	240.000000	320.000000
0	29.418000	13.913043	240.000000	320.000000
0	29.449000	13.913043	240.000000	320.000000
0	29.480000	13.913043	240.000000	320.000000
0	29.527000	13.913043	240.000000	320.000000
0	29.558000	13.913043	240.000000	320.000000
0	29.589000	13.913043	240.000000	320.000000
0	29.620000	13.913043	240.000000	320.000000
0	29.652000	13.913043	240.000000	320.000000
0	29.683000	13.913043	240.000000	320.000000
0	29.714000	13.913043	240.000000	320.000000
0	29.761000	13.913043	240.000000	320.000000
0	29.792000	13.913043	240.000000	320.000000
0	29.823000	13.913043	240.000000	320.000000
0	29.854000	13.913043	240.000000	320.000000
0	29.886000	13.913043	240.000000	320.000000
0	29.917000	13.913043	240.000000	320.000000
0	29.948000	13.913043	240.000000	320.000000
0	29.995000	13.913043	240.000000	320.000000
<\LEFT-PUPIL-DATA>
<RIGHT-PUPIL-ANALYSIS>
1
0	0	17	902	0	0	0.509000	29.518000	0.509000	100.059952	0.000000	0.000000	0.000000	0	3	3	3	3	0	0	0	0.000000	0.000000	0.000000	0.000000	0.000000	0.000000	0.000000	-1.000000	0.000000	0	1.652754	0.553810	2.146069	0.240913	0.298000	-0.479051	-1.195890	-1.000000	0.133877	1	1.652754	0.553810	2.146069	0.240913	0.298000	-0.479010	-1.195888	-1.000000	0.134006
<\RIGHT-PUPIL-ANALYSIS>
<LEFT-PUPIL-ANALYSIS>
1
0	0	18	902	0	0	0.509000	29.518000	0.509000	100.059952	0.000000	0.000000	0.000000	0	3	3	3	3	0	0	0	0.000000	0.000000	0.000000	0.000000	0.000000	0.000000	0.000000	-1.000000	0.000000	0	-0.034783	-0.034783	0.000950	0.000950	0.033000	0.000000	0.000000	-1.000000	0.000000	1	-0.034783	-0.034783	0.000950	0.000950	0.033000	-1000000.000000	-1000000.000000	-1.000000	0.000000
<\LEFT-PUPIL-ANALYSIS>
%%%%%%%%%
%%%%%%%%%
%%%%%%%%%
%%%	Measurement Tiime is: 2017-08-15 10:25:36
%%%	Subject ID is: c57-1mois-F6-2b
%%%	Note: 
%%%	RSS: Default Human Relative Spectral Sensitivity
%%%	Pupil Analysis:
%%%
%%%
%%%
%%%	Pulse Index:	0
%%%	Stimulus Session Index:	0
%%%	Right Pupil Stimulated
%%%	Light Metric is Photopic
%%%	Stimulus Start Time(sec):	0.51
%%%	Stimulus Duration(sec):	29.52
%%%	Stimulus Pulse Duration(sec):	0.51
%%%	Right Pulse:	100.06	(Blue )	-	0.00	(Blue )	[Lux ]
%%%	Left Pulse:	0.00	(Blue )	-	0.00	(Blue )	[Lux ]
%%%
%%%		RIGHT	LEFT	R.Pupil Mean	L.Pupil Mean	R.Stim Mean	R.Stim Mean
%%%	INPUT:	RAW DATA	RAW DATA
%%%	STATE:	ABNORMAL	ABNORMAL	ABNORMAL	ABNORMAL	ABNORMAL	ABNORMAL
%%%	MAX(mm):	0.00	0.00	0.00	0.00	0.00	0.00
%%%	MIN(mm):	0.00	0.00	0.00	0.00	0.00	0.00
%%%	DELTA(mm):						
%%%	CH(%):						
%%%	LAT(sec):	0.00	0.00	0.00	0.00	0.00	0.00
%%%	CV(mm/s):	0.00	0.00	0.00	0.00	0.00	0.00
%%%	MCV(mm/s):	0.00	0.00	0.00	0.00	0.00	0.00
%%%	DV(mm/s):	0.00	0.00	0.00	0.00	0.00	0.00
%%%%%%%%%
%%%%%%%%%
%%%%%%%%%
%%%	Right Pupil Profile (1st row -> 1 == valid tracking, 0 == invalid tracking; 2nd row -> time; 3rd row -> diameter (mm))
%%%	1	1	1	1	1	1	1	1	1	1	1	1	1	1	1	1	1	1	1	1	1	1	1	1	1	1	1	1	1	1	1	1	1	1	1	1	1	1	1	1	1	1	1	1	1	1	0	1	1	1	1	1	1	1	1	1	1	1	1	1	0	0	0	0	1	0	0	1	0	1	0	0	0	1	0	0	1	0	0	1	0	0	1	1	0	1	1	0	1	0	1	0	0	1	1	1	1	0	0	1	1	0	0	1	0	0	0	0	0	0	0	0	1	1	0	1	0	0	0	0	0	0	0	0	0	1	1	0	1	1	0	1	0	1	0	1	0	0	1	0	0	1	0	0	0	1	0	0	0	0	0	0	0	0	1	1	0	0	0	0	0	0	0	0	1	0	1	0	0	0	0	0	0	1	0	1	0	1	0	0	0	1	0	1	0	0	0	0	0	1	0	1	0	0	1	0	1	1	0	0	0	0	0	0	1	1	1	1	0	1	1	1	0	0	0	0	1	1	1	1	1	1	1	1	1	0	1	1	1	1	1	1	0	1	0	0	1	1	1	1	1	1	0	1	0	1	1	1	1	1	1	1	1	0	0	1	1	1	1	1	1	1	1	1	1	1	1	1	1	1	1	1	1	0	1	1	1	1	1	1	1	1	1	1	1	1	1	1	1	0	1	1	1	1	1	1	1	1	1	1	1	1	1	1	1	1	1	1	1	1	1	1	1	1	1	1	1	1	1	1	1	1	1	1	1	0	1	1	1	1	1	1	1	1	1	1	1	1	1	1	1	1	1	1	1	1	1	1	1	1	1	1	1	1	1	1	1	1	1	1	1	1	1	1	1	1	1	1	1	1	1	1	1	1	1	1	1	1	1	1	1	1	1	1	1	1	1	1	1	1	1	1	1	1	1	1	1	1	1	1	1	1	1	1	1	1	1	1	1	1	1	1	1	1	1	1	1	1	0	1	1	1	1	1	1	0	1	1	1	1	1	1	1	1	1	1	1	1	1	1	1	1	1	1	1	1	1	1	1	1	1	1	1	1	1	1	1	1	1	1	1	1	1	1	1	1	1	1	1	1	1	1	1	1	1	1	1	1	1	1	1	1	1	1	1	1	1	1	1	1	1	1	1	1	1	1	1	1	1	1	1	1	1	1	1	1	1	1	1	1	1	1	1	1	1	1	1	1	1	1	1	1	1	1	1	1	1	1	1	1	1	1	1	1	1	1	1	1	1	1	1	1	1	1	1	1	1	1	1	1	1	1	1	1	1	1	1	1	1	1	1	1	1	1	1	1	1	1	1	1	1	1	1	1	1	1	1	1	1	1	1	1	1	1	1	1	1	1	1	1	1	1	1	1	1	1	1	1	1	1	1	1	1	1	1	1	1	1	1	1	1	1	1	1	1	1	1	1	1	1	1	1	1	1	1	1	1	1	1	1	1	1	1	1	1	1	1	1	1	1	1	1	1	1	1	1	1	1	1	1	1	1	1	1	1	1	1	1	1	1	1	1	1	1	1	1	1	1	1	1	1	1	1	1	1	1	1	1	1	1	1	1	1	1	1	1	1	1	1	1	1	1	1	1	1	1	1	1	1	1	1	1	1	1	1	1	1	1	1	1	1	1	1	1	1	1	1	1	1	1	1	1	1	1	1	1	1	1	1	1	1	1	1	1	1	1	1	1	1	1	1	1	1	1	1	1	1	1	1	1	1	1	1	1	1	1	1	1	1	1	1	1	1	1	1	1	1	1	1	1	1	1	1	1	1	1	1	1	1	1	1	1	1	1	1	1	1	1	1	1	1	1	1	1	1	1	1	1	1	1	1	1	1	1	1	1	1	1	1	1	1	1	1	1	1	1	1	1	1	1	1	1	1	1	1	1	1	1	1	1	1	1	1	1	1	1	1	1	1	1	1	1	1	1	1	1	1	1	1	1	1	1	1	1	1	1	1	1	0	1	1	1	1	1	1	1	1	1	1	1	1	1	1	1	1	1	1	1	1	1	1	1	1	1	1	1	1	1	1	1	1	1	1	1	1	1	1	1	1	1	1	1	1
%%%	-0.066000	-0.019000	0.012000	0.043000	0.074000	0.105000	0.137000	0.168000	0.215000	0.246000	0.277000	0.308000	0.339000	0.371000	0.402000	0.433000	0.480000	0.511000	0.542000	0.573000	0.605000	0.636000	0.667000	0.714000	0.745000	0.776000	0.807000	0.839000	0.870000	0.901000	0.948000	0.979000	1.010000	1.041000	1.073000	1.104000	1.135000	1.166000	1.213000	1.244000	1.275000	1.307000	1.338000	1.369000	1.400000	1.447000	1.478000	1.509000	1.541000	1.572000	1.603000	1.634000	1.681000	1.712000	1.743000	1.775000	1.806000	1.837000	1.868000	1.899000	1.946000	1.977000	2.009000	2.040000	2.071000	2.102000	2.133000	2.180000	2.211000	2.243000	2.274000	2.305000	2.336000	2.367000	2.414000	2.445000	2.477000	2.508000	2.539000	2.570000	2.601000	2.633000	2.679000	2.711000	2.742000	2.773000	2.804000	2.835000	2.867000	2.913000	2.945000	2.976000	3.007000	3.038000	3.069000	3.101000	3.132000	3.179000	3.210000	3.241000	3.272000	3.303000	3.335000	3.366000	3.413000	3.444000	3.475000	3.506000	3.537000	3.569000	3.600000	3.647000	3.678000	3.709000	3.740000	3.771000	3.803000	3.834000	3.865000	3.912000	3.943000	3.974000	4.005000	4.037000	4.068000	4.099000	4.146000	4.177000	4.208000	4.239000	4.271000	4.302000	4.333000	4.364000	4.411000	4.442000	4.473000	4.505000	4.536000	4.567000	4.598000	4.645000	4.676000	4.707000	4.739000	4.770000	4.801000	4.832000	4.879000	4.910000	4.941000	4.973000	5.004000	5.035000	5.066000	5.097000	5.144000	5.175000	5.207000	5.238000	5.269000	5.300000	5.331000	5.378000	5.409000	5.441000	5.472000	5.503000	5.534000	5.565000	5.612000	5.643000	5.675000	5.706000	5.737000	5.768000	5.799000	5.831000	5.877000	5.909000	5.940000	5.971000	6.002000	6.033000	6.065000	6.111000	6.143000	6.174000	6.205000	6.236000	6.267000	6.299000	6.345000	6.377000	6.408000	6.439000	6.470000	6.501000	6.533000	6.564000	6.611000	6.642000	6.673000	6.704000	6.735000	6.767000	6.798000	6.845000	6.876000	6.907000	6.938000	6.969000	7.001000	7.032000	7.079000	7.110000	7.141000	7.172000	7.203000	7.235000	7.266000	7.297000	7.344000	7.375000	7.406000	7.437000	7.469000	7.500000	7.531000	7.578000	7.609000	7.640000	7.671000	7.703000	7.734000	7.765000	7.812000	7.843000	7.874000	7.905000	7.937000	7.968000	7.999000	8.030000	8.077000	8.108000	8.139000	8.171000	8.202000	8.233000	8.264000	8.295000	8.342000	8.374000	8.405000	8.436000	8.467000	8.498000	8.530000	8.576000	8.608000	8.639000	8.670000	8.701000	8.732000	8.764000	8.810000	8.842000	8.873000	8.904000	8.935000	8.966000	8.998000	9.029000	9.076000	9.107000	9.138000	9.169000	9.200000	9.232000	9.263000	9.310000	9.341000	9.372000	9.403000	9.434000	9.466000	9.497000	9.544000	9.575000	9.606000	9.637000	9.668000	9.700000	9.731000	9.762000	9.809000	9.840000	9.871000	9.902000	9.934000	9.965000	9.996000	10.043000	10.074000	10.105000	10.136000	10.168000	10.199000	10.230000	10.277000	10.308000	10.339000	10.370000	10.402000	10.433000	10.464000	10.495000	10.542000	10.573000	10.604000	10.636000	10.667000	10.698000	10.729000	10.776000	10.807000	10.838000	10.870000	10.901000	10.932000	10.963000	11.010000	11.041000	11.072000	11.104000	11.135000	11.166000	11.197000	11.228000	11.275000	11.306000	11.338000	11.369000	11.400000	11.431000	11.462000	11.509000	11.540000	11.572000	11.603000	11.634000	11.665000	11.696000	11.743000	11.774000	11.806000	11.837000	11.868000	11.899000	11.930000	11.962000	12.008000	12.040000	12.071000	12.102000	12.133000	12.164000	12.196000	12.227000	12.274000	12.305000	12.336000	12.367000	12.398000	12.430000	12.461000	12.508000	12.539000	12.570000	12.601000	12.632000	12.664000	12.695000	12.742000	12.773000	12.804000	12.835000	12.866000	12.898000	12.929000	12.960000	13.007000	13.038000	13.069000	13.100000	13.132000	13.163000	13.194000	13.241000	13.272000	13.303000	13.334000	13.366000	13.397000	13.428000	13.475000	13.506000	13.537000	13.568000	13.600000	13.631000	13.662000	13.693000	13.740000	13.771000	13.802000	13.834000	13.865000	13.896000	13.927000	13.974000	14.005000	14.036000	14.068000	14.099000	14.130000	14.161000	14.208000	14.239000	14.270000	14.302000	14.333000	14.364000	14.395000	14.426000	14.473000	14.504000	14.536000	14.567000	14.598000	14.629000	14.660000	14.707000	14.738000	14.770000	14.801000	14.832000	14.863000	14.894000	14.941000	14.972000	15.004000	15.035000	15.066000	15.097000	15.128000	15.160000	15.206000	15.238000	15.269000	15.300000	15.331000	15.362000	15.394000	15.440000	15.472000	15.503000	15.534000	15.565000	15.596000	15.628000	15.674000	15.706000	15.737000	15.768000	15.799000	15.830000	15.862000	15.893000	15.940000	15.971000	16.002000	16.033000	16.064000	16.096000	16.127000	16.174000	16.205000	16.236000	16.267000	16.298000	16.330000	16.361000	16.392000	16.439000	16.470000	16.501000	16.532000	16.564000	16.595000	16.626000	16.673000	16.704000	16.735000	16.766000	16.798000	16.829000	16.860000	16.907000	16.938000	16.969000	17.000000	17.032000	17.063000	17.094000	17.125000	17.172000	17.203000	17.234000	17.266000	17.297000	17.328000	17.359000	17.406000	17.437000	17.468000	17.500000	17.531000	17.562000	17.593000	17.640000	17.671000	17.702000	17.734000	17.765000	17.796000	17.827000	17.858000	17.905000	17.936000	17.968000	17.999000	18.030000	18.061000	18.092000	18.139000	18.170000	18.202000	18.233000	18.264000	18.295000	18.326000	18.358000	18.404000	18.436000	18.467000	18.498000	18.529000	18.560000	18.592000	18.638000	18.670000	18.701000	18.732000	18.763000	18.794000	18.826000	18.872000	18.904000	18.935000	18.966000	18.997000	19.028000	19.060000	19.091000	19.138000	19.169000	19.200000	19.231000	19.262000	19.294000	19.325000	19.372000	19.403000	19.434000	19.465000	19.496000	19.528000	19.559000	19.606000	19.637000	19.668000	19.699000	19.730000	19.762000	19.793000	19.824000	19.871000	19.902000	19.933000	19.964000	19.996000	20.027000	20.058000	20.105000	20.136000	20.167000	20.198000	20.230000	20.261000	20.292000	20.323000	20.370000	20.401000	20.432000	20.464000	20.495000	20.526000	20.557000	20.604000	20.635000	20.666000	20.698000	20.729000	20.760000	20.791000	20.838000	20.869000	20.900000	20.932000	20.963000	20.994000	21.025000	21.056000	21.103000	21.134000	21.166000	21.197000	21.228000	21.259000	21.290000	21.337000	21.368000	21.400000	21.431000	21.462000	21.493000	21.524000	21.571000	21.602000	21.634000	21.665000	21.696000	21.727000	21.758000	21.790000	21.836000	21.868000	21.899000	21.930000	21.961000	21.992000	22.024000	22.070000	22.102000	22.133000	22.164000	22.195000	22.226000	22.258000	22.304000	22.336000	22.367000	22.398000	22.429000	22.460000	22.492000	22.523000	22.570000	22.601000	22.632000	22.663000	22.694000	22.726000	22.757000	22.804000	22.835000	22.866000	22.897000	22.928000	22.960000	22.991000	23.038000	23.069000	23.100000	23.131000	23.162000	23.194000	23.225000	23.256000	23.303000	23.334000	23.365000	23.396000	23.428000	23.459000	23.490000	23.537000	23.568000	23.599000	23.630000	23.662000	23.693000	23.724000	23.771000	23.802000	23.833000	23.864000	23.896000	23.927000	23.958000	23.989000	24.036000	24.067000	24.098000	24.130000	24.161000	24.192000	24.223000	24.254000	24.301000	24.332000	24.364000	24.395000	24.426000	24.457000	24.488000	24.535000	24.566000	24.598000	24.629000	24.660000	24.691000	24.722000	24.769000	24.800000	24.832000	24.863000	24.894000	24.925000	24.956000	24.988000	25.034000	25.066000	25.097000	25.128000	25.159000	25.190000	25.222000	25.268000	25.300000	25.331000	25.362000	25.393000	25.424000	25.456000	25.502000	25.534000	25.565000	25.596000	25.627000	25.658000	25.690000	25.721000	25.768000	25.799000	25.830000	25.861000	25.892000	25.924000	25.955000	26.002000	26.033000	26.064000	26.095000	26.126000	26.158000	26.189000	26.236000	26.267000	26.298000	26.329000	26.360000	26.392000	26.423000	26.454000	26.501000	26.532000	26.563000	26.594000	26.626000	26.657000	26.688000	26.735000	26.766000	26.797000	26.828000	26.860000	26.891000	26.922000	26.969000	27.000000	27.031000	27.062000	27.094000	27.125000	27.156000	27.187000	27.234000	27.265000	27.296000	27.328000	27.359000	27.390000	27.421000	27.468000	27.499000	27.530000	27.562000	27.593000	27.624000	27.655000	27.702000	27.733000	27.764000	27.796000	27.827000	27.858000	27.889000	27.920000	27.967000	27.998000	28.030000	28.061000	28.092000	28.123000	28.154000	28.186000	28.232000	28.264000	28.295000	28.326000	28.357000	28.388000	28.420000	28.466000	28.498000	28.529000	28.560000	28.591000	28.622000	28.654000	28.700000	28.732000	28.763000	28.794000	28.825000	28.856000	28.888000	28.919000	28.966000	28.997000	29.028000	29.059000	29.090000	29.122000	29.153000	29.200000	29.231000	29.262000	29.293000	29.324000	29.356000	29.387000	29.434000	29.465000	29.496000	29.527000	29.558000	29.590000	29.621000	29.652000	29.699000	29.730000	29.761000	29.792000	29.824000	29.855000	29.886000	29.933000	29.964000	29.995000
%%%	1.620725	1.640580	1.622319	1.625507	1.632029	1.634783	1.626667	1.629855	1.620580	1.622899	1.646377	1.625362	1.631449	1.640290	1.647102	1.645797	1.636377	1.614638	1.631449	1.635942	1.634783	1.611594	1.625507	1.599420	1.704348	1.650725	1.657536	1.616377	1.634783	1.620145	1.609275	1.609275	1.553188	1.565217	1.530435	1.503333	1.482029	1.435942	1.415797	1.345072	1.370725	1.356522	1.274928	1.283188	1.251594	1.226667	1.194203	1.212464	1.160870	1.132174	1.140290	1.147826	1.118986	1.133623	1.078841	1.063768	1.078261	1.044638	1.044058	0.876232	0.884203	0.660145	0.683333	0.840725	0.660870	0.900580	0.839275	0.955797	0.839855	0.920580	0.540290	0.633188	0.579710	0.636377	0.587536	0.574638	0.626087	0.745072	0.556522	0.615362	0.568551	0.545072	0.540145	0.554928	0.544928	0.534058	0.591304	0.521739	0.577101	0.584203	0.554058	0.792319	0.570580	0.626087	0.544058	0.551159	0.548406	0.570725	0.813623	0.597246	0.564058	0.565942	0.515942	0.610725	0.614493	0.591304	0.573333	0.500725	0.544058	0.614493	0.614493	0.592899	0.596232	0.627246	0.761594	0.632898	0.579855	0.735362	0.581594	0.637681	0.539710	0.786812	0.753768	0.573333	0.572319	0.626087	0.637681	0.782609	0.842898	0.616232	0.660870	0.588116	0.790725	0.649275	0.776812	0.550725	0.571159	0.440580	0.596232	0.744058	0.782609	0.854928	0.556522	0.582609	0.607246	0.805797	0.591304	0.559855	0.581159	0.548841	0.614058	0.557391	0.579710	0.544928	0.852174	0.672899	0.597101	0.606232	0.564493	0.529420	0.556522	0.591304	0.782464	0.878261	0.601594	0.857102	0.867971	0.829855	0.621015	0.834783	0.820725	0.544928	0.869565	0.865797	0.817391	0.585362	0.690290	0.637681	0.533333	0.776812	0.848406	0.637681	0.884928	0.951594	0.666377	0.886957	0.869565	0.666377	0.672464	0.670725	0.905072	0.663913	0.820725	0.666667	0.581449	0.611014	0.951594	0.994058	0.855507	0.805507	0.962319	0.891304	0.727101	0.664493	0.931015	1.040580	1.024493	0.914203	0.878841	1.029855	1.016232	1.048985	0.966377	0.915942	0.946667	0.974493	1.008696	1.060870	1.044493	1.077246	1.045072	1.068841	1.072464	1.087536	1.082029	0.698406	1.116812	1.081449	1.131159	1.078261	1.078841	1.078841	0.895073	1.136232	0.742319	1.040290	1.133188	1.151160	1.133333	1.136957	1.118406	1.149710	0.784058	1.117246	0.753623	1.096667	1.096812	1.114203	1.099420	1.078841	1.114203	1.096232	1.112029	0.891884	0.937971	1.078261	1.061014	1.101449	1.062029	1.100725	1.096812	1.113623	1.078841	1.139130	0.776812	1.108551	1.133333	1.114638	1.120580	1.099275	1.114203	1.174493	1.142029	1.009420	1.151014	1.146812	1.149855	1.153623	1.141449	1.165362	1.166812	1.168551	1.147246	1.147826	1.151160	1.152754	1.167971	1.178841	1.181014	1.064058	1.160870	1.187971	1.183188	1.135362	1.168551	1.167246	1.158551	1.194203	1.185797	1.168406	1.186377	1.164928	1.160145	1.217391	1.181449	1.199855	1.205507	1.182609	1.216812	1.147826	1.179710	1.183188	1.144638	1.225507	1.182754	1.240580	1.131449	1.195072	1.133188	1.213188	1.202754	1.195072	1.212029	1.147826	1.207681	1.124638	1.147826	1.207681	1.185362	1.185797	1.212029	1.147826	1.149275	1.147826	1.237536	1.230580	1.222319	1.233768	1.203768	1.212029	1.147826	1.181594	1.194638	1.229855	1.240580	1.219710	1.211449	1.263768	1.248986	1.217391	1.240290	1.263768	1.237971	1.270580	1.216232	1.240580	1.257536	1.216667	1.234783	1.246812	1.249855	1.240580	1.281449	1.280725	1.269420	1.252029	1.265362	1.154928	1.241884	1.286957	1.242899	1.299275	1.220725	1.273913	1.212029	1.283768	1.281884	1.285362	1.263623	1.296232	1.252174	1.295362	1.286377	1.229275	1.286957	1.333333	1.291884	1.292754	1.305073	1.295652	1.305072	1.295652	1.324493	1.321884	1.304928	1.309710	1.292899	1.286957	1.285362	1.283188	1.333333	1.291159	1.325507	1.329855	1.308116	1.257971	1.333333	1.325507	1.321739	1.265942	1.282754	1.269565	1.286232	1.333333	1.322899	1.306232	1.281014	1.292464	1.147826	1.275507	1.274058	1.292754	1.333333	1.299855	1.298551	1.147826	1.332464	1.253333	1.296232	1.264058	1.296812	1.286957	1.313043	1.324927	1.241884	1.240580	1.283188	1.243623	1.334783	1.327101	1.321739	1.292899	1.194203	1.311884	1.260145	1.328406	1.328985	1.328841	1.288986	1.339275	1.286957	1.331449	1.333333	1.308261	1.240580	1.333333	1.345218	1.344058	1.337536	1.337102	1.357681	1.340725	1.344493	1.361449	1.269710	1.370725	1.374493	1.356522	1.365797	1.357681	1.342899	1.374927	1.396812	1.373913	1.367971	1.378841	1.362464	1.379420	1.373913	1.370580	1.379710	1.375942	1.344058	1.353623	1.344638	1.390145	1.391594	1.375507	1.373913	1.379710	1.373913	1.379420	1.379710	1.355507	1.375073	1.367971	1.368116	1.405362	1.376812	1.391304	1.399710	1.385942	1.387246	1.379855	1.356522	1.378986	1.374493	1.371159	1.375507	1.370145	1.370145	1.356522	1.333333	1.379275	1.376667	1.333333	1.374493	1.370145	1.379855	1.370725	1.370145	1.384783	1.300580	1.374493	1.405942	1.372899	1.370145	1.370145	1.381159	1.388406	1.375073	1.345072	1.373913	1.381014	1.373913	1.370145	1.309275	1.371159	1.370725	1.344058	1.370725	1.356522	1.371159	1.373913	1.377246	1.371159	1.370145	1.362029	1.373913	1.375362	1.374058	1.375362	1.379710	1.426087	1.374638	1.365797	1.370725	1.385942	1.345072	1.426087	1.333333	1.400725	1.398551	1.368116	1.372754	1.370145	1.344638	1.377246	1.370725	1.351594	1.368406	1.344928	1.378841	1.373913	1.356522	1.365217	1.379855	1.373333	1.387971	1.361014	1.381594	1.375507	1.362029	1.375073	1.364493	1.414493	1.367971	1.356522	1.390725	1.374493	1.426087	1.386377	1.426087	1.354928	1.375073	1.375073	1.398551	1.356522	1.390725	1.394493	1.382319	1.344058	1.407101	1.379710	1.376667	1.382319	1.382898	1.397971	1.402899	1.402899	1.405797	1.378841	1.377246	1.382754	1.375073	1.356522	1.374927	1.391304	1.387681	1.373913	1.410870	1.426087	1.377681	1.406377	1.426087	1.407101	1.398551	1.383333	1.379710	1.387971	1.415797	1.391159	1.408841	1.400580	1.374493	1.402899	1.380580	1.351160	1.333333	1.378841	1.381594	1.379275	1.379855	1.426087	1.416232	1.415797	1.416377	1.414493	1.414493	1.407101	1.435942	1.404638	1.426087	1.402899	1.416377	1.414493	1.415797	1.416377	1.416377	1.407681	1.415797	1.426087	1.437681	1.404928	1.416812	1.436377	1.415797	1.407101	1.426232	1.437536	1.420725	1.442464	1.437681	1.420725	1.435362	1.442319	1.425073	1.451594	1.435942	1.415072	1.437681	1.423188	1.418551	1.442899	1.415797	1.434783	1.435362	1.422319	1.426087	1.444058	1.425942	1.415797	1.449275	1.445072	1.451014	1.419710	1.416377	1.414493	1.427246	1.416377	1.446667	1.416812	1.402899	1.414203	1.426087	1.442899	1.346377	1.442899	1.446232	1.419275	1.427246	1.442464	1.442464	1.436377	1.431014	1.426087	1.440725	1.438551	1.433623	1.425942	1.443478	1.433623	1.426087	1.444638	1.442319	1.434203	1.416232	1.449275	1.433623	1.416377	1.442464	1.414493	1.436377	1.441884	1.426087	1.450580	1.424493	1.420580	1.434058	1.438116	1.442899	1.449420	1.437681	1.451014	1.455507	1.425073	1.436377	1.426087	1.420145	1.426087	1.421449	1.398406	1.435797	1.446232	1.426087	1.414493	1.472464	1.472319	1.425073	1.439420	1.435942	1.431884	1.421015	1.426087	1.426087	1.426087	1.437536	1.426087	1.422754	1.441884	1.419710	1.444058	1.449275	1.435362	1.472754	1.443333	1.449275	1.440290	1.422754	1.435362	1.442319	1.435362	1.446667	1.437681	1.450580	1.450580	1.435362	1.451160	1.464203	1.435797	1.435507	1.402899	1.442319	1.426667	1.426812	1.465797	1.451449	1.431594	1.437971	1.460870	1.434928	1.453768	1.446812	1.448840	1.454493	1.441884	1.451594	1.441014	1.443478	1.426087	1.435362	1.457681	1.471884	1.460870	1.451594	1.457246	1.426087	1.476522	1.481014	1.474927	1.492754	1.477246	1.492029	1.488116	1.483768	1.514203	1.508116	1.504928	1.513768	1.485797	1.518841	1.534203	1.509710	1.518406	1.518986	1.514928	1.513768	1.509710	1.527101	1.516232	1.527681	1.518841	1.540580	1.522319	1.550290	1.557536	1.533188	1.530290	1.611594	1.556667	1.557536	1.547101	1.542029	1.530435	1.611594	1.557101	1.529855	1.545797	1.611594	1.536232	1.565217	1.563623	1.555362	1.559855	1.554638	1.611594	1.592899	1.568406	1.540145	1.575073	1.574927	1.535942	1.562464	1.548986	1.548406	1.530580	1.562029	1.581014	1.565797	1.565797	1.549420	1.557971	1.611594	1.518841	1.562029	1.566377	1.550290	1.611594	1.553623	1.573768	1.560725	1.574493	1.552029	1.548986	1.568551	1.565217	1.611594	1.546812	1.557681	1.512464	1.533768	1.557681	1.538986
%%%	Left Pupil Profile (1st row -> 1 == valid tracking, 0 == invalid tracking; 2nd row -> time; 3rd row -> diameter (mm))
%%%	0	0	0	0	0	0	0	0	0	0	0	0	0	0	0	0	0	0	0	0	0	0	0	0	0	0	0	0	0	0	0	0	0	0	0	0	0	0	0	0	0	0	0	0	0	0	0	0	0	0	0	0	0	0	0	0	0	0	0	0	0	0	0	0	0	0	0	0	0	0	0	0	0	0	0	0	0	0	0	0	0	0	0	0	0	0	0	0	0	0	0	0	0	0	0	0	0	0	0	0	0	0	0	0	0	0	0	0	0	0	0	0	0	0	0	0	0	0	0	0	0	0	0	0	0	0	0	0	0	0	0	0	0	0	0	0	0	0	0	0	0	0	0	0	0	0	0	0	0	0	0	0	0	0	0	0	0	0	0	0	0	0	0	0	0	0	0	0	0	0	0	0	0	0	0	0	0	0	0	0	0	0	0	0	0	0	0	0	0	0	0	0	0	0	0	0	0	0	0	0	0	0	0	0	0	0	0	0	0	0	0	0	0	0	0	0	0	0	0	0	0	0	0	0	0	0	0	0	0	0	0	0	0	0	0	0	0	0	0	0	0	0	0	0	0	0	0	0	0	0	0	0	0	0	0	0	0	0	0	0	0	0	0	0	0	0	0	0	0	0	0	0	0	0	0	0	0	0	0	0	0	0	0	0	0	0	0	0	0	0	0	0	0	0	0	0	0	0	0	0	0	0	0	0	0	0	0	0	0	0	0	0	0	0	0	0	0	0	0	0	0	0	0	0	0	0	0	0	0	0	0	0	0	0	0	0	0	0	0	0	0	0	0	0	0	0	0	0	0	0	0	0	0	0	0	0	0	0	0	0	0	0	0	0	0	0	0	0	0	0	0	0	0	0	0	0	0	0	0	0	0	0	0	0	0	0	0	0	0	0	0	0	0	0	0	0	0	0	0	0	0	0	0	0	0	0	0	0	0	0	0	0	0	0	0	0	0	0	0	0	0	0	0	0	0	0	0	0	0	0	0	0	0	0	0	0	0	0	0	0	0	0	0	0	0	0	0	0	0	0	0	0	0	0	0	0	0	0	0	0	0	0	0	0	0	0	0	0	0	0	0	0	0	0	0	0	0	0	0	0	0	0	0	0	0	0	0	0	0	0	0	0	0	0	0	0	0	0	0	0	0	0	0	0	0	0	0	0	0	0	0	0	0	0	0	0	0	0	0	0	0	0	0	0	0	0	0	0	0	0	0	0	0	0	0	0	0	0	0	0	0	0	0	0	0	0	0	0	0	0	0	0	0	0	0	0	0	0	0	0	0	0	0	0	0	0	0	0	0	0	0	0	0	0	0	0	0	0	0	0	0	0	0	0	0	0	0	0	0	0	0	0	0	0	0	0	0	0	0	0	0	0	0	0	0	0	0	0	0	0	0	0	0	0	0	0	0	0	0	0	0	0	0	0	0	0	0	0	0	0	0	0	0	0	0	0	0	0	0	0	0	0	0	0	0	0	0	0	0	0	0	0	0	0	0	0	0	0	0	0	0	0	0	0	0	0	0	0	0	0	0	0	0	0	0	0	0	0	0	0	0	0	0	0	0	0	0	0	0	0	0	0	0	0	0	0	0	0	0	0	0	0	0	0	0	0	0	0	0	0	0	0	0	0	0	0	0	0	0	0	0	0	0	0	0	0	0	0	0	0	0	0	0	0	0	0	0	0	0	0	0	0	0	0	0	0	0	0	0	0	0	0	0	0	0	0	0	0	0	0	0	0	0	0	0	0	0	0	0	0	0	0	0	0	0	0	0	0	0	0	0	0	0	0	0	0	0	0	0	0	0	0	0	0	0	0	0	0	0	0	0	0	0	0	0	0	0	0	0	0	0	0	0	0	0	0	0	0	0	0	0	0	0	0	0	0	0	0	0	0	0	0	0	0	0	0	0	0	0	0	0	0	0	0	0	0	0	0	0	0	0	0	0	0	0	0	0	0	0	0	0	0	0	0	0	0	0	0	0	0	0	0	0	0	0	0	0	0	0	0	0	0	0	0	0	0	0	0	0	0	0	0	0	0	0	0	0	0	0	0	0	0	0
%%%	-0.067000	-0.035000	-0.004000	0.043000	0.074000	0.105000	0.136000	0.167000	0.199000	0.230000	0.261000	0.308000	0.339000	0.370000	0.401000	0.433000	0.464000	0.495000	0.542000	0.573000	0.604000	0.635000	0.667000	0.698000	0.729000	0.776000	0.807000	0.838000	0.869000	0.901000	0.932000	0.963000	0.994000	1.041000	1.072000	1.103000	1.135000	1.166000	1.197000	1.228000	1.275000	1.306000	1.337000	1.369000	1.400000	1.431000	1.462000	1.509000	1.540000	1.571000	1.603000	1.634000	1.665000	1.696000	1.727000	1.774000	1.805000	1.837000	1.868000	1.899000	1.930000	1.961000	2.008000	2.039000	2.071000	2.102000	2.133000	2.164000	2.195000	2.242000	2.273000	2.305000	2.336000	2.367000	2.398000	2.429000	2.461000	2.507000	2.539000	2.570000	2.601000	2.632000	2.663000	2.695000	2.741000	2.773000	2.804000	2.835000	2.866000	2.897000	2.929000	2.975000	3.007000	3.038000	3.069000	3.100000	3.131000	3.163000	3.194000	3.241000	3.272000	3.303000	3.334000	3.365000	3.397000	3.428000	3.475000	3.506000	3.537000	3.568000	3.599000	3.631000	3.662000	3.709000	3.740000	3.771000	3.802000	3.833000	3.865000	3.896000	3.927000	3.974000	4.005000	4.036000	4.067000	4.099000	4.130000	4.161000	4.192000	4.239000	4.270000	4.301000	4.333000	4.364000	4.395000	4.426000	4.473000	4.504000	4.535000	4.567000	4.598000	4.629000	4.660000	4.707000	4.738000	4.769000	4.801000	4.832000	4.863000	4.894000	4.925000	4.972000	5.003000	5.035000	5.066000	5.097000	5.128000	5.159000	5.206000	5.237000	5.269000	5.300000	5.331000	5.362000	5.393000	5.440000	5.471000	5.503000	5.534000	5.565000	5.596000	5.627000	5.659000	5.705000	5.737000	5.768000	5.799000	5.830000	5.861000	5.893000	5.939000	5.971000	6.002000	6.033000	6.064000	6.095000	6.127000	6.173000	6.205000	6.236000	6.267000	6.298000	6.329000	6.361000	6.392000	6.439000	6.470000	6.501000	6.532000	6.563000	6.595000	6.626000	6.673000	6.704000	6.735000	6.766000	6.797000	6.829000	6.860000	6.907000	6.938000	6.969000	7.000000	7.031000	7.063000	7.094000	7.125000	7.172000	7.203000	7.234000	7.265000	7.297000	7.328000	7.359000	7.406000	7.437000	7.468000	7.499000	7.531000	7.562000	7.593000	7.640000	7.671000	7.702000	7.733000	7.765000	7.796000	7.827000	7.858000	7.905000	7.936000	7.967000	7.999000	8.030000	8.061000	8.092000	8.123000	8.170000	8.201000	8.233000	8.264000	8.295000	8.326000	8.373000	8.404000	8.436000	8.467000	8.498000	8.529000	8.560000	8.592000	8.638000	8.670000	8.701000	8.732000	8.763000	8.794000	8.826000	8.857000	8.904000	8.935000	8.966000	8.997000	9.028000	9.060000	9.091000	9.138000	9.169000	9.200000	9.231000	9.262000	9.294000	9.325000	9.372000	9.403000	9.434000	9.465000	9.496000	9.528000	9.559000	9.590000	9.637000	9.668000	9.699000	9.730000	9.762000	9.793000	9.824000	9.871000	9.902000	9.933000	9.964000	9.996000	10.027000	10.058000	10.105000	10.136000	10.167000	10.198000	10.230000	10.261000	10.292000	10.323000	10.370000	10.401000	10.432000	10.464000	10.495000	10.526000	10.557000	10.604000	10.635000	10.666000	10.698000	10.729000	10.760000	10.791000	10.838000	10.869000	10.900000	10.932000	10.963000	10.994000	11.025000	11.056000	11.103000	11.134000	11.166000	11.197000	11.228000	11.259000	11.290000	11.337000	11.368000	11.400000	11.431000	11.462000	11.493000	11.524000	11.571000	11.602000	11.634000	11.665000	11.696000	11.727000	11.758000	11.790000	11.836000	11.868000	11.899000	11.930000	11.961000	11.992000	12.024000	12.070000	12.102000	12.133000	12.164000	12.195000	12.226000	12.258000	12.289000	12.336000	12.367000	12.398000	12.429000	12.460000	12.492000	12.523000	12.570000	12.601000	12.632000	12.663000	12.694000	12.726000	12.757000	12.788000	12.835000	12.866000	12.897000	12.928000	12.960000	12.991000	13.022000	13.069000	13.100000	13.131000	13.162000	13.194000	13.225000	13.256000	13.303000	13.334000	13.365000	13.396000	13.428000	13.459000	13.490000	13.521000	13.568000	13.599000	13.630000	13.662000	13.693000	13.724000	13.755000	13.802000	13.833000	13.864000	13.896000	13.927000	13.958000	13.989000	14.036000	14.067000	14.098000	14.130000	14.161000	14.192000	14.223000	14.254000	14.301000	14.332000	14.364000	14.395000	14.426000	14.457000	14.488000	14.535000	14.566000	14.598000	14.629000	14.660000	14.691000	14.722000	14.769000	14.800000	14.832000	14.863000	14.894000	14.925000	14.956000	14.988000	15.034000	15.066000	15.097000	15.128000	15.159000	15.190000	15.222000	15.268000	15.300000	15.331000	15.362000	15.393000	15.424000	15.456000	15.502000	15.534000	15.565000	15.596000	15.627000	15.658000	15.690000	15.721000	15.768000	15.799000	15.830000	15.861000	15.892000	15.924000	15.955000	16.002000	16.033000	16.064000	16.095000	16.126000	16.158000	16.189000	16.220000	16.267000	16.298000	16.329000	16.360000	16.392000	16.423000	16.454000	16.501000	16.532000	16.563000	16.594000	16.626000	16.657000	16.688000	16.735000	16.766000	16.797000	16.828000	16.860000	16.891000	16.922000	16.953000	17.000000	17.031000	17.062000	17.094000	17.125000	17.156000	17.187000	17.234000	17.265000	17.296000	17.328000	17.359000	17.390000	17.421000	17.468000	17.499000	17.530000	17.562000	17.593000	17.624000	17.655000	17.686000	17.733000	17.764000	17.796000	17.827000	17.858000	17.889000	17.920000	17.967000	17.998000	18.030000	18.061000	18.092000	18.123000	18.154000	18.186000	18.232000	18.264000	18.295000	18.326000	18.357000	18.388000	18.420000	18.466000	18.498000	18.529000	18.560000	18.591000	18.622000	18.654000	18.700000	18.732000	18.763000	18.794000	18.825000	18.856000	18.888000	18.919000	18.966000	18.997000	19.028000	19.059000	19.090000	19.122000	19.153000	19.200000	19.231000	19.262000	19.293000	19.324000	19.356000	19.387000	19.434000	19.465000	19.496000	19.527000	19.558000	19.590000	19.621000	19.652000	19.699000	19.730000	19.761000	19.792000	19.824000	19.855000	19.886000	19.933000	19.964000	19.995000	20.026000	20.058000	20.089000	20.120000	20.151000	20.198000	20.229000	20.260000	20.292000	20.323000	20.354000	20.385000	20.432000	20.463000	20.494000	20.526000	20.557000	20.588000	20.619000	20.666000	20.697000	20.728000	20.760000	20.791000	20.822000	20.853000	20.884000	20.931000	20.962000	20.994000	21.025000	21.056000	21.087000	21.118000	21.165000	21.196000	21.228000	21.259000	21.290000	21.321000	21.352000	21.399000	21.430000	21.462000	21.493000	21.524000	21.555000	21.586000	21.618000	21.664000	21.696000	21.727000	21.758000	21.789000	21.820000	21.852000	21.898000	21.930000	21.961000	21.992000	22.023000	22.054000	22.086000	22.132000	22.164000	22.195000	22.226000	22.257000	22.288000	22.320000	22.351000	22.398000	22.429000	22.460000	22.491000	22.522000	22.554000	22.585000	22.632000	22.663000	22.694000	22.725000	22.756000	22.788000	22.819000	22.866000	22.897000	22.928000	22.959000	22.990000	23.022000	23.053000	23.084000	23.131000	23.162000	23.193000	23.224000	23.256000	23.287000	23.318000	23.365000	23.396000	23.427000	23.458000	23.490000	23.521000	23.552000	23.583000	23.630000	23.661000	23.692000	23.724000	23.755000	23.786000	23.817000	23.864000	23.895000	23.926000	23.958000	23.989000	24.020000	24.051000	24.082000	24.129000	24.160000	24.192000	24.223000	24.254000	24.285000	24.316000	24.363000	24.394000	24.426000	24.457000	24.488000	24.519000	24.550000	24.597000	24.628000	24.660000	24.691000	24.722000	24.753000	24.784000	24.816000	24.862000	24.894000	24.925000	24.956000	24.987000	25.018000	25.050000	25.096000	25.128000	25.159000	25.190000	25.221000	25.252000	25.284000	25.330000	25.362000	25.393000	25.424000	25.455000	25.486000	25.518000	25.549000	25.596000	25.627000	25.658000	25.689000	25.720000	25.752000	25.783000	25.830000	25.861000	25.892000	25.923000	25.954000	25.986000	26.017000	26.064000	26.095000	26.126000	26.157000	26.188000	26.220000	26.251000	26.282000	26.329000	26.360000	26.391000	26.422000	26.454000	26.485000	26.516000	26.563000	26.594000	26.625000	26.656000	26.688000	26.719000	26.750000	26.797000	26.828000	26.859000	26.890000	26.922000	26.953000	26.984000	27.015000	27.062000	27.093000	27.124000	27.156000	27.187000	27.218000	27.249000	27.296000	27.327000	27.358000	27.390000	27.421000	27.452000	27.483000	27.530000	27.561000	27.592000	27.624000	27.655000	27.686000	27.717000	27.748000	27.795000	27.826000	27.858000	27.889000	27.920000	27.951000	27.982000	28.014000	28.060000	28.092000	28.123000	28.154000	28.185000	28.216000	28.248000	28.294000	28.326000	28.357000	28.388000	28.419000	28.450000	28.482000	28.528000	28.560000	28.591000	28.622000	28.653000	28.684000	28.716000	28.747000	28.794000	28.825000	28.856000	28.887000	28.918000	28.950000	28.981000	29.028000	29.059000	29.090000	29.121000	29.152000	29.184000	29.215000	29.262000	29.293000	29.324000	29.355000	29.386000	29.418000	29.449000	29.480000	29.527000	29.558000	29.589000	29.620000	29.652000	29.683000	29.714000	29.761000	29.792000	29.823000	29.854000	29.886000	29.917000	29.948000	29.995000
%%%	13.913043	13.913043	13.913043	13.913043	13.913043	13.913043	13.913043	13.913043	13.913043	13.913043	13.913043	13.913043	13.913043	13.913043	13.913043	13.913043	13.913043	13.913043	13.913043	13.913043	13.913043	13.913043	13.913043	13.913043	13.913043	13.913043	13.913043	13.913043	13.913043	13.913043	13.913043	13.913043	13.913043	13.913043	13.913043	13.913043	13.913043	13.913043	13.913043	13.913043	13.913043	13.913043	13.913043	13.913043	13.913043	13.913043	13.913043	13.913043	13.913043	13.913043	13.913043	13.913043	13.913043	13.913043	13.913043	13.913043	13.913043	13.913043	13.913043	13.913043	13.913043	13.913043	13.913043	13.913043	13.913043	13.913043	13.913043	13.913043	13.913043	13.913043	13.913043	13.913043	13.913043	13.913043	13.913043	13.913043	13.913043	13.913043	13.913043	13.913043	13.913043	13.913043	13.913043	13.913043	13.913043	13.913043	13.913043	13.913043	13.913043	13.913043	13.913043	13.913043	13.913043	13.913043	13.913043	13.913043	13.913043	13.913043	13.913043	13.913043	13.913043	13.913043	13.913043	13.913043	13.913043	13.913043	13.913043	13.913043	13.913043	13.913043	13.913043	13.913043	13.913043	13.913043	13.913043	13.913043	13.913043	13.913043	13.913043	13.913043	13.913043	13.913043	13.913043	13.913043	13.913043	13.913043	13.913043	13.913043	13.913043	13.913043	13.913043	13.913043	13.913043	13.913043	13.913043	13.913043	13.913043	13.913043	13.913043	13.913043	13.913043	13.913043	13.913043	13.913043	13.913043	13.913043	13.913043	13.913043	13.913043	13.913043	13.913043	13.913043	13.913043	13.913043	13.913043	13.913043	13.913043	13.913043	13.913043	13.913043	13.913043	13.913043	13.913043	13.913043	13.913043	13.913043	13.913043	13.913043	13.913043	13.913043	13.913043	13.913043	13.913043	13.913043	13.913043	13.913043	13.913043	13.913043	13.913043	13.913043	13.913043	13.913043	13.913043	13.913043	13.913043	13.913043	13.913043	13.913043	13.913043	13.913043	13.913043	13.913043	13.913043	13.913043	13.913043	13.913043	13.913043	13.913043	13.913043	13.913043	13.913043	13.913043	13.913043	13.913043	13.913043	13.913043	13.913043	13.913043	13.913043	13.913043	13.913043	13.913043	13.913043	13.913043	13.913043	13.913043	13.913043	13.913043	13.913043	13.913043	13.913043	13.913043	13.913043	13.913043	13.913043	13.913043	13.913043	13.913043	13.913043	13.913043	13.913043	13.913043	13.913043	13.913043	13.913043	13.913043	13.913043	13.913043	13.913043	13.913043	13.913043	13.913043	13.913043	13.913043	13.913043	13.913043	13.913043	13.913043	13.913043	13.913043	13.913043	13.913043	13.913043	13.913043	13.913043	13.913043	13.913043	13.913043	13.913043	13.913043	13.913043	13.913043	13.913043	13.913043	13.913043	13.913043	13.913043	13.913043	13.913043	13.913043	13.913043	13.913043	13.913043	13.913043	13.913043	13.913043	13.913043	13.913043	13.913043	13.913043	13.913043	13.913043	13.913043	13.913043	13.913043	13.913043	13.913043	13.913043	13.913043	13.913043	13.913043	13.913043	13.913043	13.913043	13.913043	13.913043	13.913043	13.913043	13.913043	13.913043	13.913043	13.913043	13.913043	13.913043	13.913043	13.913043	13.913043	13.913043	13.913043	13.913043	13.913043	13.913043	13.913043	13.913043	13.913043	13.913043	13.913043	13.913043	13.913043	13.913043	13.913043	13.913043	13.913043	13.913043	13.913043	13.913043	13.913043	13.913043	13.913043	13.913043	13.913043	13.913043	13.913043	13.913043	13.913043	13.913043	13.913043	13.913043	13.913043	13.913043	13.913043	13.913043	13.913043	13.913043	13.913043	13.913043	13.913043	13.913043	13.913043	13.913043	13.913043	13.913043	13.913043	13.913043	13.913043	13.913043	13.913043	13.913043	13.913043	13.913043	13.913043	13.913043	13.913043	13.913043	13.913043	13.913043	13.913043	13.913043	13.913043	13.913043	13.913043	13.913043	13.913043	13.913043	13.913043	13.913043	13.913043	13.913043	13.913043	13.913043	13.913043	13.913043	13.913043	13.913043	13.913043	13.913043	13.913043	13.913043	13.913043	13.913043	13.913043	13.913043	13.913043	13.913043	13.913043	13.913043	13.913043	13.913043	13.913043	13.913043	13.913043	13.913043	13.913043	13.913043	13.913043	13.913043	13.913043	13.913043	13.913043	13.913043	13.913043	13.913043	13.913043	13.913043	13.913043	13.913043	13.913043	13.913043	13.913043	13.913043	13.913043	13.913043	13.913043	13.913043	13.913043	13.913043	13.913043	13.913043	13.913043	13.913043	13.913043	13.913043	13.913043	13.913043	13.913043	13.913043	13.913043	13.913043	13.913043	13.913043	13.913043	13.913043	13.913043	13.913043	13.913043	13.913043	13.913043	13.913043	13.913043	13.913043	13.913043	13.913043	13.913043	13.913043	13.913043	13.913043	13.913043	13.913043	13.913043	13.913043	13.913043	13.913043	13.913043	13.913043	13.913043	13.913043	13.913043	13.913043	13.913043	13.913043	13.913043	13.913043	13.913043	13.913043	13.913043	13.913043	13.913043	13.913043	13.913043	13.913043	13.913043	13.913043	13.913043	13.913043	13.913043	13.913043	13.913043	13.913043	13.913043	13.913043	13.913043	13.913043	13.913043	13.913043	13.913043	13.913043	13.913043	13.913043	13.913043	13.913043	13.913043	13.913043	13.913043	13.913043	13.913043	13.913043	13.913043	13.913043	13.913043	13.913043	13.913043	13.913043	13.913043	13.913043	13.913043	13.913043	13.913043	13.913043	13.913043	13.913043	13.913043	13.913043	13.913043	13.913043	13.913043	13.913043	13.913043	13.913043	13.913043	13.913043	13.913043	13.913043	13.913043	13.913043	13.913043	13.913043	13.913043	13.913043	13.913043	13.913043	13.913043	13.913043	13.913043	13.913043	13.913043	13.913043	13.913043	13.913043	13.913043	13.913043	13.913043	13.913043	13.913043	13.913043	13.913043	13.913043	13.913043	13.913043	13.913043	13.913043	13.913043	13.913043	13.913043	13.913043	13.913043	13.913043	13.913043	13.913043	13.913043	13.913043	13.913043	13.913043	13.913043	13.913043	13.913043	13.913043	13.913043	13.913043	13.913043	13.913043	13.913043	13.913043	13.913043	13.913043	13.913043	13.913043	13.913043	13.913043	13.913043	13.913043	13.913043	13.913043	13.913043	13.913043	13.913043	13.913043	13.913043	13.913043	13.913043	13.913043	13.913043	13.913043	13.913043	13.913043	13.913043	13.913043	13.913043	13.913043	13.913043	13.913043	13.913043	13.913043	13.913043	13.913043	13.913043	13.913043	13.913043	13.913043	13.913043	13.913043	13.913043	13.913043	13.913043	13.913043	13.913043	13.913043	13.913043	13.913043	13.913043	13.913043	13.913043	13.913043	13.913043	13.913043	13.913043	13.913043	13.913043	13.913043	13.913043	13.913043	13.913043	13.913043	13.913043	13.913043	13.913043	13.913043	13.913043	13.913043	13.913043	13.913043	13.913043	13.913043	13.913043	13.913043	13.913043	13.913043	13.913043	13.913043	13.913043	13.913043	13.913043	13.913043	13.913043	13.913043	13.913043	13.913043	13.913043	13.913043	13.913043	13.913043	13.913043	13.913043	13.913043	13.913043	13.913043	13.913043	13.913043	13.913043	13.913043	13.913043	13.913043	13.913043	13.913043	13.913043	13.913043	13.913043	13.913043	13.913043	13.913043	13.913043	13.913043	13.913043	13.913043	13.913043	13.913043	13.913043	13.913043	13.913043	13.913043	13.913043	13.913043	13.913043	13.913043	13.913043	13.913043	13.913043	13.913043	13.913043	13.913043	13.913043	13.913043	13.913043	13.913043	13.913043	13.913043	13.913043	13.913043	13.913043	13.913043	13.913043	13.913043	13.913043	13.913043	13.913043	13.913043	13.913043	13.913043	13.913043	13.913043	13.913043	13.913043	13.913043	13.913043	13.913043	13.913043	13.913043	13.913043	13.913043	13.913043	13.913043	13.913043	13.913043	13.913043	13.913043	13.913043	13.913043	13.913043	13.913043	13.913043	13.913043	13.913043	13.913043	13.913043	13.913043	13.913043	13.913043	13.913043	13.913043	13.913043	13.913043	13.913043	13.913043	13.913043	13.913043	13.913043	13.913043	13.913043	13.913043	13.913043	13.913043	13.913043	13.913043	13.913043	13.913043	13.913043	13.913043	13.913043	13.913043	13.913043	13.913043	13.913043	13.913043	13.913043	13.913043	13.913043	13.913043	13.913043	13.913043	13.913043	13.913043	13.913043	13.913043	13.913043	13.913043	13.913043	13.913043	13.913043	13.913043	13.913043	13.913043	13.913043	13.913043	13.913043	13.913043	13.913043	13.913043	13.913043	13.913043	13.913043	13.913043	13.913043	13.913043	13.913043	13.913043	13.913043	13.913043	13.913043	13.913043	13.913043	13.913043	13.913043	13.913043	13.913043	13.913043	13.913043	13.913043	13.913043	13.913043	13.913043	13.913043	13.913043	13.913043	13.913043	13.913043	13.913043	13.913043	13.913043	13.913043	13.913043	13.913043	13.913043	13.913043	13.913043	13.913043	13.913043	13.913043	13.913043	13.913043	13.913043	13.913043	13.913043	13.913043	13.913043	13.913043	13.913043	13.913043	13.913043	13.913043	13.913043	13.913043	13.913043	13.913043	13.913043	13.913043	13.913043	13.913043	13.913043	13.913043	13.913043	13.913043	13.913043	13.913043	13.913043	13.913043	13.913043	13.913043	13.913043	13.913043	13.913043	13.913043	13.913043	13.913043	13.913043	13.913043	13.913043	13.913043	13.913043	13.913043	13.913043	13.913043	13.913043	13.913043	13.913043	13.913043	13.913043	13.913043	13.913043	13.913043	13.913043	13.913043	13.913043	13.913043	13.913043
%%%	Pulse Index	Stimulus Section Index	Stimulus Section Start Index	Stimulus Section End Index	Pupil Stimulated: 0 = Right, 1 = Left, 2 = Both	Light Metric: 0 = Photopic, 1 = Scopotic, 2 = Radiometric	Stimulus Start Time	Stimulus Duration	Stimulus Pulse Duration	Right Pulse Max Level	Right Pulse Max Color (0123 = WRGB)	Right Pulse Min Level	Right Pulse Min Color (0123 = WRGB)	Left Pulse Max Level	Left Pulse Max Color (0123 = WRGB)	Left Pulse Min Level	Left Pulse Min Color (0123 = WRGB)	Right Data Input Type (0 == RAW DATA, 1 == FITTED DATA, 2 == M. OVERRIDED)	Right ANALYSIS STATE (0 == ABNORMAL, 1 == NORMAL)	Right MAX (mm) (EMPTY if INVALID)	Right MIN (mm) (EMPTY if INVALID)	Right DELTA (mm) (EMPTY if INVALID)	Right CH (%) (EMPTY if INVALID)	Right LAT (sec) (EMPTY if INVALID)	Right CV (mm/s) (EMPTY if INVALID)	Right MCV (mm/s) (EMPTY if INVALID)	Right DV (mm/s) (EMPTY if INVALID)	Left Data Input Type (0 == RAW DATA, 1 == FITTED DATA, 2 == M. OVERRIDED)	Left ANALYSIS STATE (0 == ABNORMAL, 1 == NORMAL)	Left MAX (mm) (EMPTY if INVALID)	Left MIN (mm) (EMPTY if INVALID)	Left DELTA (mm) (EMPTY if INVALID)	Left CH (%) (EMPTY if INVALID)	Left LAT (sec) (EMPTY if INVALID)	Left CV (mm/s) (EMPTY if INVALID)	Left MCV (mm/s) (EMPTY if INVALID)	Left DV (mm/s) (EMPTY if INVALID)
%%%	0	0	17	902	0	0	0.51	29.52	0.51	100.06	3	0.00	3	0.00	3	0.00	3	0	0	0.00	0.00			0.00	0.00	0.00	0.00	0	0	0.00	0.00			0.00	0.00	0.00	0.00
%%%%%%%%%
%%%%%%%%%
%%%%%%%%%
<\SESSION>
