<SESSION>
<VERSION>
2
<\VERSION>
<DATE>
2017-08-15 10:23:44
<\DATE>
<SUBJECT-ID>
c57-1mois-F6-1.2b
<\SUBJECT-ID>
<NOTE>

<\NOTE>
<MIN-MAX-PLOT>
0.100000 51880.761719
<\MIN-MAX-PLOT>
<STIMULUS-DEFINED>
Default
Default Human Relative Spectral Sensitivity
1	0
1	0.500000	0.500000	29.000000	3	3	1.200000	-100.000000	0.100000	-100.000000	0
<\STIMULUS-DEFINED>
<STIMULUS-GENERATED>
4
0	0	0.000000	3	0.000000	0.000000	3	0.000000	0.000000
0	1	0.510000	3	0.299242	15.810344	3	0.000000	0.000000
0	4	1.019000	3	0.000000	0.000000	3	0.000000	0.000000
-1	5	30.028000	0	0.000000	0.000000	0	0.000000	0.000000
<\STIMULUS-GENERATED>
<RIGHT-PUPIL-DATA>
903	1
1	-0.051000	1.281014	330.218750	306.093750
1	-0.019000	1.251014	330.600006	305.712494
1	0.012000	1.249420	330.656250	305.656250
1	0.043000	1.240580	331.500000	305.000000
1	0.074000	1.252174	330.750000	306.250000
1	0.105000	1.268551	330.418732	305.756256
1	0.137000	1.274493	330.674988	305.187500
0	0.183000	1.463623	343.531250	310.218750
1	0.215000	1.253768	330.593750	306.281250
1	0.246000	1.287681	330.231262	306.518738
1	0.277000	1.263768	330.500000	306.000000
1	0.308000	1.267681	330.693756	305.806244
1	0.339000	1.272754	330.287506	305.850006
1	0.371000	1.246232	330.681244	305.693817
1	0.417000	1.255942	330.437500	306.562500
1	0.449000	1.255942	330.250000	306.437500
1	0.480000	1.278841	330.949921	307.000031
1	0.511000	1.279420	330.350006	306.975006
1	0.542000	1.279275	329.931244	306.793732
1	0.573000	1.256667	330.556244	305.931244
1	0.605000	1.258116	330.656250	305.781250
1	0.651000	1.240580	332.000000	306.500000
1	0.683000	1.249275	330.750000	305.500000
1	0.714000	1.267971	331.268738	304.768738
1	0.745000	1.263768	331.500000	305.000000
1	0.776000	1.249275	330.662476	306.049988
1	0.807000	1.255942	330.562500	306.437500
1	0.839000	1.238551	330.312500	306.000000
1	0.870000	1.216232	330.225006	306.399994
1	0.917000	1.181449	330.975006	306.975006
1	0.948000	1.191304	331.000000	306.500000
1	0.979000	1.181014	330.718750	306.031250
1	1.010000	1.147246	330.750000	305.487488
1	1.041000	1.153623	330.500000	305.000000
1	1.073000	1.081015	330.531250	305.468750
1	1.104000	1.033623	331.100006	305.612518
1	1.151000	1.043478	330.875000	305.875000
1	1.182000	1.008116	331.000000	307.000000
1	1.213000	0.981449	330.850006	306.787506
1	1.244000	0.964058	330.975006	306.787506
1	1.275000	0.927536	331.625000	307.125000
1	1.307000	0.928986	331.531250	306.593750
1	1.338000	0.932029	331.406250	306.468750
1	1.385000	0.908551	332.056244	306.693756
1	1.416000	0.897971	330.949982	307.087494
1	1.447000	0.901594	330.956238	307.156250
1	1.478000	0.866812	331.781250	307.781250
1	1.509000	0.886957	330.875000	307.125000
1	1.541000	0.883623	331.306244	308.006256
1	1.572000	0.855507	330.693756	307.806244
1	1.603000	0.869565	331.000000	305.500000
1	1.650000	0.855507	331.306244	306.631256
1	1.681000	0.859710	331.225006	307.287506
1	1.712000	0.861014	331.256256	306.756256
1	1.743000	0.857536	330.818756	306.068756
1	1.775000	0.852754	331.125000	306.625000
1	1.806000	0.839710	330.687500	307.062500
1	1.837000	0.814638	330.281250	307.281250
0	1.884000	0.708116	329.812500	309.812500
1	1.915000	0.759855	329.556244	309.068756
1	1.946000	0.813623	330.312500	307.125000
0	1.977000	0.633188	331.093750	311.093750
1	2.009000	0.818406	331.193756	306.631256
1	2.040000	0.805942	331.031250	306.843750
1	2.071000	0.814638	331.143738	306.718750
0	2.118000	1.175073	348.399994	311.399994
0	2.149000	0.783188	330.250000	308.750000
1	2.180000	0.815942	330.687500	307.299988
1	2.211000	0.782029	330.299988	308.174988
1	2.243000	0.834783	331.000000	308.500000
1	2.274000	0.809855	331.050018	307.774994
0	2.305000	1.220145	344.218750	311.031250
1	2.336000	0.814928	331.743744	307.818756
1	2.383000	0.800000	331.500000	307.000000
1	2.414000	0.765797	331.562500	307.500000
1	2.445000	0.811594	332.000000	307.500000
1	2.477000	0.816377	332.681244	308.293732
1	2.508000	0.838551	331.500000	308.562500
1	2.539000	0.814638	331.718750	308.718750
1	2.570000	0.801015	330.993744	309.806244
0	2.617000	0.347826	362.343781	311.668671
0	2.648000	0.417391	363.000000	305.500000
1	2.679000	0.835942	330.975006	307.975006
1	2.711000	0.829855	331.924988	307.687500
1	2.742000	0.815942	331.687500	307.737488
1	2.773000	0.857536	331.068756	307.818756
1	2.804000	0.820290	332.156250	308.093750
1	2.851000	0.840145	331.681244	307.681244
1	2.882000	0.836377	331.593750	307.981262
0	2.913000	1.329855	343.625000	309.500000
1	2.945000	0.835362	331.375000	308.562500
0	2.976000	0.584203	327.093750	309.906250
1	3.007000	0.846377	331.500000	307.000000
1	3.038000	0.858116	331.281250	306.656250
1	3.069000	0.876812	331.112488	307.112488
1	3.116000	0.876812	331.137512	306.862488
1	3.147000	0.869565	331.250000	306.250000
1	3.179000	0.857681	331.337494	306.662506
1	3.210000	0.847101	331.581238	306.418762
1	3.241000	0.869565	331.000000	305.500000
1	3.272000	0.865797	330.937500	306.812500
1	3.303000	0.843478	331.500000	307.000000
1	3.350000	0.866232	331.056244	305.943756
0	3.381000	1.285942	340.993744	312.506256
1	3.413000	0.857681	331.087494	305.912506
1	3.444000	0.869565	331.500000	306.000000
0	3.475000	1.367391	344.000000	310.062500
1	3.506000	0.857681	331.087494	305.912506
1	3.537000	0.892754	331.000000	305.500000
1	3.569000	0.856377	332.306244	306.306244
1	3.615000	0.865797	331.437500	306.812500
1	3.647000	0.893333	330.899994	306.399994
0	3.678000	0.581594	325.881256	306.118744
0	3.709000	1.402899	345.375000	307.125000
1	3.740000	0.885507	331.500000	305.750000
1	3.771000	0.866377	331.774994	305.787506
1	3.803000	0.909855	331.399994	305.462494
1	3.849000	0.884493	331.731262	306.006226
1	3.881000	0.879275	331.668732	306.243744
1	3.912000	0.901449	331.562500	306.562500
1	3.943000	0.904928	331.000000	307.000000
1	3.974000	0.872754	330.899994	307.787506
1	4.005000	0.902754	331.468750	307.468750
1	4.037000	0.869565	331.000000	305.500000
1	4.068000	0.892754	330.500000	307.000000
1	4.115000	0.899855	331.931244	306.806244
0	4.146000	1.291159	344.068756	309.568756
0	4.177000	0.869565	331.000000	309.500000
1	4.208000	0.894058	331.556213	306.893738
0	4.239000	1.305942	343.906250	310.218750
1	4.271000	0.874058	330.868744	307.881256
1	4.302000	0.903188	329.975006	307.725006
0	4.349000	1.420725	342.606232	309.412506
1	4.380000	0.874058	330.881256	308.743744
0	4.411000	1.371015	343.000000	310.000000
1	4.442000	0.893188	330.793701	308.131287
1	4.473000	0.893333	330.600006	308.087494
1	4.505000	0.869565	331.000000	309.500000
1	4.536000	0.884928	331.324982	309.024994
1	4.583000	0.894638	330.868744	309.068756
1	4.614000	0.922899	331.212494	309.475006
1	4.645000	0.881159	332.000000	310.500000
1	4.676000	0.885797	330.975006	309.962494
1	4.707000	0.928841	331.093750	309.331238
1	4.739000	0.927681	330.418793	308.681366
1	4.770000	0.894493	331.149994	308.850006
1	4.801000	0.920145	331.218750	308.218750
0	4.848000	1.334928	342.568756	311.568756
0	4.879000	1.355508	341.093567	308.256226
1	4.910000	0.905362	330.981201	307.806213
1	4.941000	0.898551	331.000000	308.500000
1	4.973000	0.916812	330.700012	308.625000
1	5.004000	0.964203	330.618774	308.993774
1	5.035000	0.916377	330.693756	309.618744
1	5.082000	0.932029	330.406250	309.906250
1	5.113000	0.916812	330.687500	309.250000
0	5.144000	1.274058	339.306244	311.681244
1	5.175000	0.915942	330.000000	308.500000
1	5.207000	0.950725	331.000000	307.500000
1	5.238000	0.951159	331.818756	308.181244
1	5.269000	0.927101	331.568756	308.443756
1	5.316000	0.940290	331.475006	308.024994
1	5.347000	0.985507	330.500000	307.000000
1	5.378000	0.942754	331.418732	307.893768
1	5.409000	0.931594	331.399994	308.475006
1	5.441000	0.939855	331.031250	308.518738
1	5.472000	0.985507	330.500000	307.000000
1	5.503000	0.926667	330.125000	307.437500
1	5.534000	0.972464	329.924988	306.500000
0	5.581000	1.379710	342.000000	308.500000
1	5.612000	0.959275	328.206238	306.656250
1	5.643000	0.955507	327.743744	305.793732
1	5.675000	0.915942	326.000000	306.500000
1	5.706000	0.938116	326.493744	306.006256
1	5.737000	0.903188	326.212494	306.574982
1	5.768000	0.926667	325.437500	306.687500
1	5.815000	0.903188	325.425018	306.787506
1	5.846000	0.886957	325.000000	307.500000
1	5.877000	0.960870	324.149994	306.487457
1	5.909000	0.929275	324.600006	305.587494
1	5.940000	0.962319	324.000000	304.500000
1	5.971000	0.926667	324.100037	306.437500
0	6.002000	0.736377	320.581238	307.406250
0	6.049000	0.642899	318.750000	305.000000
1	6.080000	0.876232	325.912506	306.087494
1	6.111000	0.912029	328.631256	307.256256
0	6.143000	0.894493	328.850006	309.100006
1	6.174000	0.951159	329.181244	308.181244
1	6.205000	0.934203	329.562500	307.500000
1	6.236000	0.918406	330.368744	307.568756
0	6.267000	1.446232	341.281250	311.906250
1	6.314000	0.954928	329.856262	307.718750
1	6.345000	0.955942	331.250000	307.750000
0	6.377000	1.356522	343.000000	309.500000
0	6.408000	1.435942	343.149994	310.399994
1	6.439000	0.946667	330.774994	308.850006
1	6.470000	0.964058	330.399994	309.024994
1	6.501000	0.973913	329.937500	308.937500
1	6.548000	0.931015	330.125000	309.375000
1	6.579000	0.938116	329.993744	308.506256
1	6.611000	0.938116	330.006256	308.543732
1	6.642000	0.954928	330.281250	308.718750
1	6.673000	0.974928	330.068756	307.831268
1	6.704000	0.964058	330.600006	308.100006
1	6.735000	0.962319	330.500000	308.000000
1	6.782000	0.953333	331.149994	308.649994
1	6.813000	0.988116	330.725006	308.712494
0	6.845000	1.681159	343.000000	305.500000
1	6.876000	0.981015	329.843750	308.656250
1	6.907000	0.953333	330.662506	309.225006
1	6.938000	0.966232	330.568756	308.856232
1	6.969000	0.988116	330.274994	308.287506
1	7.001000	0.972754	330.524994	308.524994
1	7.047000	0.991304	331.375000	308.125000
1	7.079000	0.989855	331.250000	308.375000
1	7.110000	1.034928	331.443756	308.118744
1	7.141000	1.015797	330.656250	308.343750
1	7.172000	1.007102	330.518738	308.518738
1	7.203000	1.002899	330.500000	308.500000
1	7.235000	1.007101	330.456268	309.768768
1	7.281000	0.997246	330.406250	309.593750
1	7.313000	1.008696	330.500000	308.000000
1	7.344000	0.992754	331.375000	309.000000
0	7.375000	1.445072	345.968750	302.031250
1	7.406000	1.026232	331.243744	308.431244
1	7.437000	1.007102	331.481262	309.018738
1	7.469000	0.989710	331.218750	309.218750
1	7.515000	1.007102	331.018738	309.468750
1	7.547000	1.007102	330.518738	309.468750
0	7.578000	1.366377	341.987518	312.399933
1	7.609000	1.022319	330.812500	309.299988
1	7.640000	1.007536	330.574982	309.425018
1	7.671000	1.042319	330.975067	308.112579
1	7.703000	1.078841	331.000000	308.000000
1	7.734000	1.031015	329.437500	306.687500
1	7.781000	1.053333	328.899994	306.899994
1	7.812000	1.040290	328.587494	306.462494
1	7.843000	1.079275	328.568756	306.993744
1	7.874000	1.007536	330.475006	308.975006
0	7.905000	1.426087	343.000000	309.500000
0	7.937000	0.998985	330.868744	309.881256
1	7.968000	1.009420	331.018738	309.231262
1	7.999000	1.078841	330.000000	308.000000
1	8.046000	1.059855	329.243744	306.756256
1	8.077000	1.088116	327.524994	306.100006
1	8.108000	1.079275	326.543732	306.006256
1	8.139000	1.078841	326.000000	306.000000
1	8.171000	1.114203	324.524994	307.850006
1	8.202000	1.025072	325.756256	307.368744
1	8.249000	1.059855	325.243744	307.193756
1	8.280000	1.060145	324.268738	307.356262
1	8.311000	0.991449	325.743744	307.631256
0	8.342000	0.927536	327.000000	308.500000
1	8.373000	1.042754	324.481262	306.481262
1	8.405000	1.022319	325.362488	306.625000
1	8.436000	1.070145	323.875000	306.375000
1	8.467000	1.123333	325.031250	304.593750
1	8.514000	1.081594	326.556244	305.993744
1	8.545000	1.078841	328.000000	307.000000
1	8.576000	1.105507	328.225006	306.725006
0	8.607000	1.055072	327.000000	309.500000
1	8.639000	1.090290	329.181244	306.568756
1	8.670000	1.120725	328.918732	306.381256
1	8.701000	1.132754	329.274994	306.324982
1	8.732000	1.113623	330.000000	306.500000
0	8.779000	1.384493	343.093750	308.156250
1	8.810000	1.081449	331.412506	307.537506
1	8.841000	1.132754	330.274994	307.274994
1	8.873000	1.147826	331.000000	309.500000
1	8.904000	1.055072	331.000000	309.500000
1	8.935000	1.133333	329.700012	307.500000
1	8.966000	1.146232	330.281250	307.343750
1	9.013000	1.117536	329.931244	306.931244
1	9.044000	1.118551	330.462494	306.649994
0	9.075000	1.475507	338.343689	312.643738
1	9.107000	1.118551	330.912506	306.912506
1	9.138000	1.112464	330.875000	306.937500
1	9.169000	1.136232	330.375000	306.625000
1	9.200000	1.133333	330.075012	306.700012
0	9.247000	1.733768	340.931244	303.068756
0	9.278000	1.070145	327.750000	308.875000
1	9.309000	1.140725	323.393738	307.843750
1	9.341000	1.181014	325.331238	304.018738
1	9.372000	1.147826	327.000000	301.500000
1	9.403000	1.174493	326.625000	303.312500
1	9.434000	1.151014	327.287506	302.337494
1	9.465000	1.168551	326.756256	301.806244
0	9.512000	1.436957	337.312500	308.000000
0	9.543000	1.462899	340.787506	307.787506
1	9.575000	1.147826	327.000000	301.500000
1	9.606000	1.155362	325.600006	303.399994
1	9.637000	1.171159	325.218750	304.093750
1	9.668000	1.147826	327.000000	305.500000
0	9.699000	1.489710	336.843750	315.718750
1	9.746000	1.137681	327.843750	311.218750
1	9.777000	1.177101	327.537506	308.837494
1	9.809000	1.229855	325.062500	306.812500
1	9.840000	1.211449	324.906250	305.093750
1	9.871000	1.333333	327.000000	301.500000
0	9.902000	1.843478	340.000000	287.500000
1	9.933000	1.217391	330.500000	295.000000
1	9.980000	1.222899	328.600006	294.037506
1	10.011000	1.202899	325.799988	296.625000
1	10.043000	1.205362	326.243744	296.743744
1	10.074000	1.217391	327.000000	297.500000
0	10.105000	1.790145	341.687408	294.225006
0	10.136000	1.240580	324.000000	286.500000
0	10.167000	1.150580	315.031250	299.656250
1	10.199000	1.286957	328.000000	294.500000
0	10.245000	1.310145	308.500000	281.000000
0	10.277000	1.205942	263.743805	283.343903
0	10.308000	0.987101	265.356293	307.006256
0	10.339000	0.848406	314.437500	323.187500
1	10.370000	1.225073	331.418732	319.006256
0	10.401000	0.722899	321.037506	318.975006
1	10.433000	0.988116	284.274994	318.287506
1	10.479000	1.266812	272.156250	317.268738
0	10.511000	1.426087	275.000000	325.500000
0	10.542000	1.078261	264.500000	335.000000
0	10.573000	1.212029	285.818756	350.693756
0	10.604000	1.005797	283.075012	357.549988
0	10.635000	0.932029	277.593750	358.593750
0	10.667000	1.251594	285.500000	354.000000
0	10.713000	1.082029	295.012512	351.474976
0	10.745000	1.062029	318.399994	330.725006
0	10.776000	1.553480	341.406189	325.680756
0	10.807000	0.347826	304.868744	361.693695
0	10.838000	0.347826	271.656250	362.343750
0	10.869000	0.742898	289.687500	361.312500
1	10.901000	1.309855	299.837494	336.837494
0	10.932000	1.171015	291.000000	345.500000
1	10.979000	1.341884	284.718750	352.718750
1	11.010000	1.309855	287.837494	353.162506
0	11.041000	0.915797	276.606262	358.843750
0	11.072000	0.347826	261.481262	367.000000
0	11.103000	0.347826	254.343750	367.000000
0	11.135000	0.625507	262.750000	363.000000
0	11.166000	0.938116	277.256256	358.506256
0	11.213000	1.340145	290.306244	352.743744
0	11.244000	1.368406	293.162506	352.337494
1	11.275000	1.362319	298.000000	349.500000
1	11.306000	1.375073	299.824982	345.975006
1	11.337000	1.371449	299.943756	342.956268
1	11.369000	1.321739	298.375000	340.625000
1	11.400000	1.378841	298.812500	338.174988
1	11.447000	1.343478	301.625000	331.625000
1	11.478000	1.388551	303.281250	328.218750
1	11.509000	1.379855	305.206238	326.156250
1	11.540000	1.405362	307.493744	323.493683
1	11.571000	1.402899	308.250000	320.250000
0	11.603000	1.909855	319.512482	311.512482
0	11.634000	1.946667	321.475006	311.975006
1	11.665000	1.414493	311.000000	315.500000
0	11.712000	1.947826	320.000000	310.500000
1	11.743000	2.040580	319.500000	306.500000
1	11.774000	1.423623	312.193756	313.493744
0	11.805000	1.838551	322.312500	309.812500
0	11.837000	1.796088	321.669128	308.393738
1	11.868000	1.420290	314.500000	309.500000
1	11.899000	1.427101	314.493744	309.493744
0	11.946000	1.875507	325.468750	307.031250
0	11.977000	1.871015	324.987457	307.000031
1	12.008000	1.438116	314.943756	309.181244
0	12.039000	1.980290	319.399994	300.649994
0	12.071000	1.996232	323.737518	302.337494
1	12.102000	1.406232	316.156158	308.243744
1	12.133000	1.427246	316.524994	307.475006
0	12.180000	1.752029	324.806244	307.193756
1	12.211000	2.121739	326.000000	298.500000
1	12.242000	1.424927	315.975006	306.774994
0	12.273000	2.077536	323.956238	298.156250
1	12.305000	2.168116	324.000000	298.500000
0	12.336000	1.843478	324.000000	302.500000
1	12.367000	1.445072	315.968750	306.968750
0	12.398000	1.959420	323.000000	299.500000
1	12.445000	2.158116	325.843750	298.018738
1	12.476000	1.416377	316.631256	306.618744
1	12.507000	1.448551	316.206238	306.906250
0	12.539000	1.704348	321.500000	303.000000
0	12.570000	1.735942	322.399994	308.524994
0	12.601000	1.866667	316.250000	298.750000
0	12.632000	1.816667	324.468750	304.643738
0	12.663000	1.791449	324.693756	306.243744
0	12.710000	2.002754	327.031250	300.718750
0	12.741000	2.005797	323.500000	298.000000
0	12.773000	2.168116	323.000000	297.500000
1	12.804000	1.414058	316.618744	304.368744
1	12.835000	2.133768	326.306244	297.431244
1	12.866000	1.437536	316.031250	305.093750
0	12.897000	1.970725	325.837494	300.162506
0	12.944000	2.033623	325.350006	300.274994
0	12.975000	2.068551	325.243744	295.693756
1	13.007000	1.436377	316.156250	303.843750
1	13.038000	1.432029	317.156250	303.531250
0	13.069000	1.982609	326.000000	298.500000
0	13.100000	2.083188	326.000000	295.875000
0	13.131000	2.046232	323.593750	296.406250
1	13.178000	2.121739	326.000000	296.500000
1	13.209000	2.028985	326.000000	296.500000
1	13.241000	1.410290	316.781250	303.781250
0	13.272000	2.098840	325.899994	298.662506
1	13.303000	2.086957	326.000000	295.500000
1	13.334000	2.162464	326.906250	295.031250
0	13.365000	1.997101	324.750000	297.250000
0	13.397000	1.930435	326.000000	299.500000
1	13.443000	1.438116	316.318756	302.418732
0	13.475000	1.982609	328.000000	296.500000
0	13.506000	2.168116	323.000000	293.500000
1	13.537000	1.407536	317.425018	303.475006
1	13.568000	2.087536	326.000000	298.000000
1	13.599000	2.068551	326.293732	296.306244
1	13.631000	2.075362	326.000000	296.500000
1	13.677000	1.425073	317.293732	303.243744
1	13.709000	1.866667	326.500000	302.000000
0	13.740000	1.996232	327.062500	295.312500
0	13.771000	1.965362	326.743744	294.693756
1	13.802000	2.168116	327.000000	297.500000
1	13.833000	1.421884	318.218689	302.218933
0	13.865000	2.052174	326.500000	297.000000
1	13.911000	2.121739	328.000000	294.500000
1	13.943000	1.435362	317.625000	303.625000
0	13.974000	1.959710	328.787506	297.600006
1	14.005000	2.046377	327.500000	295.000000
1	14.036000	1.402899	319.000000	301.500000
0	14.067000	1.825507	325.687500	303.125000
1	14.099000	1.436232	318.062500	302.674988
0	14.130000	1.797101	328.000000	302.500000
0	14.177000	2.008116	325.575043	295.399994
1	14.208000	1.435362	318.375000	302.937500
0	14.239000	1.870580	327.068756	301.068756
0	14.270000	1.831014	327.812500	302.187500
1	14.301000	2.028985	326.000000	296.500000
1	14.333000	1.415942	318.406250	303.156250
1	14.364000	1.429420	318.756317	302.493744
1	14.411000	1.452029	318.868744	302.868744
0	14.442000	2.028985	329.000000	294.500000
1	14.473000	2.054928	328.406250	294.906250
1	14.504000	1.426087	319.000000	301.500000
0	14.535000	2.051014	328.524994	295.524994
0	14.567000	1.901594	328.593750	300.656250
1	14.598000	1.426087	318.000000	302.500000
1	14.645000	1.420290	319.000000	302.500000
1	14.676000	1.878261	326.875000	301.875000
0	14.707000	1.915072	328.162506	299.524994
0	14.738000	1.981449	328.524994	297.699982
1	14.769000	1.843478	328.000000	300.500000
0	14.801000	1.867536	328.600006	300.012482
1	14.832000	1.472319	317.656250	303.031250
1	14.863000	1.877681	326.937500	301.937500
1	14.910000	2.088116	327.975006	295.975006
0	14.941000	2.086957	326.000000	295.500000
1	14.972000	1.426667	317.500000	305.000000
0	15.003000	1.964782	325.768829	302.344269
1	15.035000	1.444493	315.006256	307.993744
1	15.066000	1.449275	313.000000	309.500000
0	15.097000	2.019275	323.968750	301.468750
0	15.144000	1.897536	323.668915	300.631256
0	15.175000	2.007536	327.537506	297.975006
0	15.206000	1.976667	321.581238	294.468750
0	15.237000	1.911014	326.712494	296.537506
0	15.269000	1.826667	325.875000	300.625000
1	15.300000	2.074927	327.068756	296.131256
0	15.331000	1.864638	326.225037	300.937500
0	15.378000	2.075362	326.250000	293.750000
1	15.409000	1.834203	325.375000	301.625000
0	15.440000	1.965217	327.000000	298.000000
1	15.471000	1.892899	325.781250	300.718750
0	15.503000	1.889855	325.000000	296.500000
1	15.534000	2.075362	326.000000	294.500000
1	15.565000	2.062464	326.093750	296.343750
1	15.596000	2.198840	326.524994	293.649994
1	15.643000	2.225073	326.118744	293.943756
0	15.674000	2.106667	325.837433	293.887482
0	15.705000	1.975362	326.112488	297.887512
0	15.737000	1.959420	325.000000	293.500000
0	15.768000	1.999420	327.125000	296.250000
0	15.799000	1.992754	325.625000	297.750000
1	15.830000	1.611594	319.000000	301.500000
1	15.877000	2.098551	327.000000	293.500000
1	15.908000	2.121739	328.000000	292.500000
0	15.939000	2.075362	325.500000	292.000000
1	15.971000	2.121739	325.500000	291.000000
0	16.002000	1.890725	326.812500	297.687500
0	16.033000	2.075362	326.000000	291.500000
0	16.064000	2.024638	326.424988	292.924988
0	16.111000	2.138986	327.368744	291.693756
1	16.142000	2.158841	327.162506	292.975006
1	16.173000	2.079855	328.106232	292.843781
0	16.205000	1.797101	323.500000	302.000000
0	16.236000	1.907681	325.443756	299.306244
1	16.267000	2.075362	326.000000	293.500000
0	16.298000	1.954928	325.843750	297.093750
0	16.329000	1.999420	327.325012	295.700012
1	16.376000	2.121739	328.000000	290.500000
1	16.407000	2.125073	327.506256	291.556244
0	16.439000	2.105507	328.774994	291.725006
0	16.470000	2.018116	328.481262	290.981262
0	16.501000	1.884058	326.000000	298.000000
0	16.532000	2.005797	327.750000	295.250000
1	16.563000	2.139710	330.250000	292.375000
1	16.610000	2.158985	327.006256	293.006256
0	16.641000	1.764493	321.968750	301.031250
1	16.673000	2.160145	327.006287	292.093750
0	16.704000	1.902029	325.962708	297.699951
1	16.735000	2.104493	327.743744	292.743744
0	16.766000	2.126667	327.237488	291.500000
1	16.797000	1.476087	317.493744	299.318756
1	16.829000	2.121884	327.506256	292.431244
1	16.875000	2.191304	327.000000	291.500000
0	16.907000	1.947826	328.000000	294.500000
0	16.938000	1.987971	326.318756	295.743744
0	16.969000	1.844493	326.006256	299.743744
0	17.000000	1.971015	325.000000	290.500000
0	17.031000	1.981449	325.524994	298.475006
1	17.063000	2.161884	327.556305	292.056244
0	17.109000	2.052174	326.750000	293.250000
0	17.141000	2.075362	323.000000	293.500000
1	17.172000	2.098551	327.000000	291.500000
0	17.203000	1.982609	327.000000	293.500000
1	17.234000	2.151449	326.956238	292.781250
0	17.265000	1.935362	326.062500	298.312500
1	17.297000	2.142319	327.212494	293.912506
0	17.343000	2.050290	329.531250	293.468750
0	17.375000	1.876667	326.356262	299.968750
0	17.406000	2.075362	327.000000	293.500000
0	17.437000	1.888116	328.524994	298.100006
0	17.468000	1.901594	325.656250	298.593750
0	17.499000	2.149710	326.993744	293.443756
1	17.531000	1.928116	326.225006	299.225006
0	17.562000	2.168116	327.000000	293.500000
0	17.609000	1.935362	326.312500	298.875000
1	17.640000	1.469565	318.562500	300.562500
0	17.671000	1.913043	325.000000	298.500000
0	17.702000	2.168116	323.000000	293.500000
0	17.733000	1.982609	327.000000	293.500000
0	17.765000	1.982609	327.000000	293.500000
1	17.796000	2.175362	327.237488	293.737488
1	17.843000	2.121739	328.000000	294.500000
0	17.874000	1.857101	327.875000	298.812500
1	17.905000	2.052174	326.750000	294.750000
1	17.936000	2.075362	326.500000	294.000000
1	17.967000	1.446667	318.024994	299.712494
1	17.999000	2.069565	326.500000	294.000000
0	18.030000	1.982609	327.000000	293.500000
1	18.077000	2.086957	326.000000	294.500000
0	18.108000	1.998986	327.293732	294.318756
1	18.139000	2.132029	327.406250	293.406250
0	18.170000	1.913043	327.500000	297.000000
1	18.201000	2.129420	326.631256	293.493744
1	18.233000	2.160290	326.950012	293.037476
1	18.264000	2.154203	326.875031	293.874908
0	18.295000	2.057681	327.212494	294.087494
1	18.342000	2.109275	326.687500	294.562500
0	18.373000	2.012319	327.968750	295.043762
1	18.404000	1.431159	317.456238	299.456238
1	18.435000	2.068986	329.299988	292.000000
0	18.467000	2.105942	327.218750	291.781250
1	18.498000	2.134783	326.375000	291.750000
1	18.529000	2.096812	326.962494	292.087494
0	18.576000	2.036377	327.343750	294.718750
0	18.607000	2.087971	327.006256	295.006256
0	18.638000	1.843478	324.500000	301.000000
1	18.669000	2.121739	328.000000	292.500000
0	18.701000	2.168116	323.000000	293.500000
1	18.732000	1.426667	317.799988	299.500000
0	18.763000	1.889855	323.000000	289.500000
0	18.794000	2.075362	327.000000	293.500000
1	18.841000	2.168116	327.000000	289.500000
0	18.872000	2.085797	327.225006	292.975006
1	18.903000	1.455072	318.075012	298.812500
1	18.935000	2.121739	328.500000	292.000000
1	18.966000	2.139710	327.250000	293.250000
0	18.997000	2.042029	325.637726	293.662689
0	19.028000	1.843478	327.000000	298.500000
1	19.075000	1.439855	317.343750	299.031250
0	19.106000	2.014493	327.000000	296.000000
0	19.137000	1.997246	326.718750	295.281250
0	19.169000	2.006087	326.524933	295.412506
1	19.200000	1.460870	317.000000	298.500000
0	19.231000	1.843478	324.000000	300.500000
0	19.262000	2.092319	325.943756	292.943756
1	19.309000	1.435942	316.850006	299.149994
0	19.340000	2.017391	325.000000	294.500000
0	19.371000	1.902899	325.612488	298.387512
1	19.403000	2.075362	326.000000	294.500000
0	19.434000	1.739130	323.000000	301.500000
1	19.465000	2.053333	325.475006	292.524994
1	19.496000	2.168116	327.000000	293.500000
0	19.527000	1.875073	325.974945	297.975006
0	19.574000	2.039855	325.706238	295.343750
1	19.605000	1.843478	326.000000	298.500000
0	19.637000	1.975507	325.031250	296.406250
1	19.668000	2.103768	327.000000	293.000000
0	19.699000	2.040580	326.000000	291.500000
0	19.730000	1.797101	323.000000	301.500000
0	19.761000	1.938551	326.000000	297.862488
1	19.808000	1.466667	317.000000	299.500000
1	19.839000	2.133333	328.000000	291.500000
1	19.871000	2.088116	327.975006	292.024994
0	19.902000	2.014203	327.524994	293.962494
0	19.933000	1.795797	326.631256	298.256256
1	19.964000	1.888406	325.487488	297.587524
1	19.995000	2.049710	325.493744	294.556244
1	20.042000	2.161449	327.937500	292.062500
1	20.073000	2.121159	327.000000	293.000000
0	20.105000	2.091884	325.937500	294.812500
1	20.136000	2.100145	326.806244	292.181244
1	20.167000	1.460870	318.000000	298.500000
1	20.198000	1.466812	317.656250	298.468750
1	20.229000	2.121739	327.500000	291.000000
1	20.261000	1.756522	324.500000	301.000000
1	20.307000	2.154058	326.068817	292.843536
1	20.339000	1.496667	317.243744	299.756256
0	20.370000	1.982609	326.000000	294.500000
1	20.401000	2.168116	328.000000	293.500000
0	20.432000	2.087536	327.000000	293.000000
1	20.463000	2.035507	325.768738	292.743835
1	20.495000	1.464493	317.493744	298.518707
0	20.541000	1.713043	321.250000	300.750000
1	20.573000	2.098551	327.000000	291.500000
1	20.604000	2.052174	329.000000	291.500000
1	20.635000	1.444638	317.975006	298.725006
0	20.666000	1.947826	326.000000	297.500000
1	20.697000	2.124493	326.456238	292.568726
0	20.729000	1.974058	323.618744	291.431244
1	20.760000	2.088116	325.524994	292.975006
1	20.807000	2.032029	326.718750	293.468750
0	20.838000	2.144928	327.500000	292.000000
0	20.869000	2.260870	323.000000	293.500000
1	20.900000	1.472899	316.856232	298.431244
0	20.931000	1.913043	327.000000	295.500000
1	20.963000	1.451594	316.924988	299.137512
0	20.994000	1.947246	326.875000	297.000000
1	21.041000	1.999420	326.250000	295.687500
0	21.072000	1.994058	325.281250	296.156250
1	21.103000	2.144928	327.000000	293.500000
1	21.134000	2.105362	325.243744	293.243744
1	21.165000	2.121739	326.000000	292.500000
0	21.197000	2.089130	327.006256	292.006256
1	21.228000	2.084058	326.187500	291.062500
1	21.275000	2.139710	327.250000	291.750000
0	21.306000	1.704348	327.000000	297.500000
0	21.337000	1.982609	327.000000	297.500000
1	21.368000	2.087971	326.006256	292.993744
1	21.399000	2.121739	326.000000	290.500000
0	21.431000	2.020145	328.968750	292.468750
1	21.462000	1.999420	326.250000	293.750000
1	21.493000	2.087536	326.000000	292.000000
1	21.540000	2.168116	327.000000	293.500000
1	21.571000	2.097102	329.787415	289.900085
0	21.602000	2.075362	327.000000	289.500000
1	21.633000	2.054928	325.906250	291.593750
0	21.665000	2.050580	325.518738	293.531250
0	21.696000	1.762319	324.937500	298.562500
1	21.727000	2.075362	327.000000	289.500000
1	21.774000	2.140290	325.725006	289.725006
0	21.805000	2.168116	327.000000	293.500000
1	21.836000	2.075362	326.000000	288.500000
1	21.867000	2.063768	328.000000	288.500000
0	21.899000	2.075362	327.000000	290.500000
0	21.930000	1.785507	327.000000	294.500000
1	21.961000	2.139710	327.375000	288.750000
1	22.008000	2.086957	327.500000	289.500000
1	22.039000	2.163188	327.887451	288.875122
1	22.070000	2.137102	326.362671	289.362427
1	22.101000	2.120145	326.593750	289.406250
0	22.133000	2.088116	327.024994	288.975006
1	22.164000	2.129420	327.368744	288.493744
0	22.195000	1.994493	328.162506	288.837494
1	22.226000	2.124203	327.443756	287.593597
1	22.273000	2.156522	328.000000	286.500000
1	22.304000	2.150435	326.862946	288.875031
1	22.335000	2.164638	327.000000	287.937500
0	22.367000	2.168116	327.000000	289.500000
1	22.398000	2.162029	327.037506	287.949982
1	22.429000	2.168116	327.000000	289.500000
0	22.460000	2.156522	326.250000	288.750000
1	22.507000	2.114493	328.612488	286.637512
1	22.538000	2.190290	326.256256	287.743744
0	22.569000	2.168116	323.000000	289.500000
1	22.601000	2.168116	327.000000	289.500000
0	22.632000	2.051450	326.518799	289.906250
1	22.663000	2.118551	326.587494	288.462494
1	22.694000	2.123768	328.499756	287.537537
1	22.741000	2.156522	327.000000	287.500000
1	22.772000	2.164203	327.168732	287.906219
1	22.803000	2.124493	326.531250	287.531250
1	22.835000	2.107536	328.274994	287.662506
0	22.866000	2.087536	327.049988	289.000000
1	22.897000	2.144928	326.500000	288.000000
0	22.928000	2.090290	327.006256	290.006256
1	22.959000	2.013623	328.937500	290.937500
1	23.006000	2.200580	326.375000	289.375000
0	23.037000	2.075362	327.000000	289.500000
0	23.069000	2.087536	327.250000	291.000000
0	23.100000	2.157101	326.450012	290.049988
0	23.131000	2.139130	327.500000	288.500000
1	23.162000	2.121739	330.000000	290.500000
0	23.193000	2.040580	325.000000	292.500000
1	23.240000	2.198986	326.493744	289.381256
1	23.271000	2.168116	326.750000	291.250000
1	23.303000	2.087681	327.606262	290.006226
0	23.334000	2.161884	325.118744	290.993744
1	23.365000	2.194203	328.287506	290.999908
1	23.396000	2.156522	326.000000	291.000000
1	23.427000	2.163188	326.962494	290.962494
0	23.474000	2.077536	326.143738	291.893738
1	23.505000	2.076378	327.106354	290.843414
1	23.537000	2.191304	327.000000	289.500000
0	23.568000	2.079420	327.274994	290.725006
1	23.599000	2.155942	328.000000	289.500000
1	23.630000	2.098551	326.500000	291.000000
1	23.661000	2.048551	329.793762	290.206238
1	23.693000	2.168116	328.000000	290.500000
1	23.739000	2.091884	324.937500	293.312500
1	23.771000	2.173913	327.500000	291.000000
1	23.802000	2.113623	326.500000	291.687500
1	23.833000	2.062029	325.600006	292.850006
0	23.864000	2.125073	325.556244	291.506256
0	23.895000	2.044928	325.287415	293.612488
1	23.927000	2.168116	328.000000	290.500000
0	23.973000	2.000000	325.500000	293.000000
1	24.005000	2.096812	325.899994	291.899994
0	24.036000	2.047101	326.456238	293.456238
1	24.067000	2.127536	325.500000	291.000000
1	24.098000	2.098551	327.000000	291.500000
0	24.129000	2.191304	326.250000	291.250000
0	24.161000	2.062029	325.600006	290.362518
0	24.207000	2.160145	326.006226	290.081238
1	24.239000	2.168696	327.562286	289.187531
0	24.270000	2.087971	327.006256	291.756256
1	24.301000	1.855072	325.000000	296.500000
1	24.332000	2.121739	326.000000	290.500000
1	24.363000	2.112029	326.743744	290.431244
0	24.395000	2.028985	326.000000	290.500000
1	24.426000	2.157971	326.000000	290.049988
1	24.473000	2.160145	327.081238	289.081238
1	24.504000	2.191304	327.000000	289.500000
0	24.535000	1.924638	327.000000	293.500000
1	24.566000	2.144928	329.000000	289.500000
0	24.597000	1.971159	325.843750	293.156250
1	24.629000	2.088551	325.468750	291.781250
0	24.660000	2.087536	325.000000	291.500000
1	24.691000	2.144638	327.337494	290.337494
1	24.738000	2.179855	326.843750	289.656250
1	24.769000	2.164493	326.918762	289.956238
0	24.800000	2.139275	327.243744	288.243744
0	24.831000	2.121739	327.500000	289.000000
0	24.863000	1.982029	325.325012	292.500000
0	24.894000	2.052174	326.750000	287.750000
1	24.925000	2.162029	325.975006	288.087494
0	24.972000	2.052174	327.000000	288.500000
1	25.003000	2.140290	326.274994	289.274994
1	25.034000	2.131884	327.674988	288.362488
1	25.065000	2.147101	326.543823	287.893738
0	25.097000	2.098551	327.000000	290.500000
0	25.128000	2.017391	326.000000	288.500000
1	25.159000	2.168116	327.000000	285.500000
1	25.206000	2.157536	327.943756	286.993744
1	25.237000	2.086957	326.875000	288.875000
1	25.268000	2.121884	327.568756	287.543732
1	25.299000	2.155942	326.000000	288.000000
1	25.331000	2.135797	327.306244	287.381256
1	25.362000	2.121884	326.506256	289.006256
1	25.393000	2.131014	326.625000	287.375000
0	25.424000	1.982609	327.000000	285.500000
1	25.471000	2.138551	326.375000	287.687500
1	25.502000	2.156667	326.943695	287.043732
1	25.533000	2.198840	326.100006	287.649994
1	25.565000	2.163188	326.425018	289.037506
1	25.596000	2.084058	326.250000	288.000000
0	25.627000	1.975073	327.649994	290.350006
1	25.658000	2.150145	327.149994	288.087494
1	25.705000	2.127536	327.000000	288.500000
0	25.736000	2.098551	327.000000	289.500000
1	25.767000	2.149420	327.156250	289.718750
1	25.799000	2.121739	327.000000	288.500000
1	25.830000	2.075362	327.000000	289.500000
0	25.861000	2.184058	327.125000	288.625000
1	25.892000	2.118986	327.531250	289.218750
1	25.939000	1.982609	331.000000	289.500000
0	25.970000	1.998986	326.243744	292.243744
0	26.001000	1.982609	327.000000	289.500000
1	26.033000	2.131449	326.318726	290.068787
0	26.064000	2.055942	327.750000	289.437500
1	26.095000	2.109275	326.687500	290.437500
1	26.126000	2.096812	327.100006	289.712494
1	26.157000	2.184783	328.312500	287.625000
0	26.204000	2.144058	327.312500	288.812500
1	26.235000	2.190290	323.543732	289.543732
0	26.267000	2.144928	326.000000	287.500000
1	26.298000	2.105362	326.756256	288.756256
1	26.329000	1.929855	325.250000	294.737488
1	26.360000	2.131014	325.437500	289.687500
1	26.391000	2.090290	325.993744	287.993744
0	26.438000	2.101014	327.143707	287.818756
1	26.469000	2.173913	326.500000	289.000000
0	26.501000	2.144928	328.500000	288.000000
0	26.532000	2.120580	327.475006	287.475006
1	26.563000	2.118551	327.412506	287.537506
1	26.594000	2.110145	326.500000	288.500000
1	26.625000	2.095072	325.937500	287.075073
1	26.672000	2.156522	326.843750	287.093750
0	26.704000	2.038116	326.268768	289.306244
1	26.735000	2.260870	323.000000	285.500000
0	26.766000	2.179710	326.000000	286.500000
0	26.797000	2.104928	326.875000	285.875000
0	26.828000	1.959420	325.000000	289.500000
0	26.860000	2.060725	324.981262	287.356262
1	26.891000	2.133333	327.750000	285.250000
0	26.938000	2.098551	326.500000	286.000000
1	26.969000	2.173913	326.500000	286.000000
1	27.000000	1.495652	317.500000	292.000000
1	27.031000	2.129855	326.500000	286.375000
1	27.062000	2.168116	325.500000	286.000000
1	27.094000	2.130580	327.368744	285.668793
1	27.125000	2.082029	327.062500	285.937500
1	27.172000	2.134203	326.812500	285.312500
0	27.203000	1.929275	324.025024	291.225037
1	27.234000	2.096812	326.600006	286.100006
1	27.265000	2.121739	328.000000	284.500000
1	27.296000	2.168116	327.000000	285.500000
1	27.328000	2.197246	324.643738	286.531250
1	27.359000	2.168116	323.000000	285.500000
1	27.406000	2.110145	327.000000	283.500000
1	27.437000	2.083768	329.975006	283.149994
0	27.468000	1.892464	323.537506	290.824982
1	27.499000	2.168116	327.000000	285.500000
1	27.530000	2.118551	326.587494	282.537506
0	27.562000	2.052754	326.500000	284.125000
0	27.593000	2.052174	326.500000	285.000000
0	27.624000	2.086957	325.937500	283.937500
1	27.671000	2.087971	326.993744	284.943756
1	27.702000	2.087536	327.000000	285.000000
1	27.733000	2.066667	325.750000	284.000000
1	27.764000	2.098551	325.500000	284.000000
1	27.796000	2.121739	326.750000	284.250000
1	27.827000	2.094203	325.937408	284.037567
1	27.858000	2.151594	327.875000	282.562500
1	27.905000	2.123333	327.468750	280.468750
1	27.936000	2.087536	327.000000	282.987488
1	27.967000	2.050290	326.843750	282.468750
1	27.998000	2.067971	325.218750	283.218750
1	28.030000	2.168116	323.000000	281.500000
1	28.061000	2.075362	324.000000	284.500000
1	28.092000	2.041884	324.706238	283.468750
1	28.139000	2.019275	325.468750	283.968750
1	28.170000	2.088551	325.031250	282.781250
1	28.201000	2.096812	324.899994	281.899994
1	28.232000	2.077971	326.125000	282.224976
1	28.264000	2.105362	327.243744	281.756256
1	28.295000	2.075362	323.500000	282.000000
1	28.326000	2.075362	327.000000	281.500000
1	28.357000	2.043623	323.156250	282.693726
0	28.404000	1.987681	324.168762	282.831238
0	28.435000	1.976667	324.906250	282.531250
1	28.466000	1.542029	312.500000	284.000000
0	28.498000	1.820290	321.000000	285.500000
0	28.529000	1.797101	323.000000	281.500000
1	28.560000	1.477246	312.381256	284.381256
0	28.591000	1.843478	322.000000	282.500000
0	28.622000	1.827246	320.274994	283.274994
1	28.669000	1.503768	312.875000	286.687500
0	28.700000	1.774058	320.056244	284.493744
0	28.732000	1.854493	322.149994	283.649994
0	28.763000	1.860870	322.125000	282.875000
0	28.794000	1.955362	320.399994	285.899994
0	28.825000	1.789710	320.281250	284.218750
0	28.856000	1.672319	318.781250	284.743713
0	28.903000	1.785072	320.806244	283.318756
1	28.934000	1.472899	312.681244	282.681244
0	28.966000	1.797101	323.000000	285.500000
1	28.997000	1.472464	314.000000	284.500000
1	29.028000	1.501594	312.343750	283.843750
0	29.059000	1.854928	323.156250	281.093750
0	29.090000	1.913043	325.000000	281.500000
0	29.137000	1.901014	323.681244	283.568756
0	29.168000	1.948551	324.806122	282.781281
0	29.200000	1.994638	324.743744	282.181244
1	29.231000	2.031014	327.687500	281.187500
0	29.262000	2.019855	326.493744	280.543732
0	29.293000	2.012319	326.918762	280.918762
1	29.324000	1.982609	327.000000	281.500000
1	29.356000	2.056522	327.250000	280.875000
0	29.402000	1.982609	327.000000	281.500000
1	29.434000	2.028985	326.000000	280.500000
1	29.465000	2.168116	327.000000	281.500000
1	29.496000	2.052174	326.500000	281.000000
1	29.527000	2.046232	325.531250	280.531250
0	29.558000	1.998986	325.243744	279.756256
1	29.590000	1.911014	323.212494	282.537506
0	29.636000	1.982609	324.000000	281.500000
1	29.668000	1.984058	326.262512	279.549988
0	29.699000	1.946812	326.993744	280.006256
0	29.730000	2.026232	326.168640	279.843811
1	29.761000	2.034203	326.250000	280.750000
1	29.792000	2.050580	326.518738	279.468750
1	29.824000	2.122319	325.500000	277.500000
1	29.870000	2.052029	326.506256	277.543732
1	29.902000	2.047826	327.625000	277.875000
0	29.933000	2.051160	326.543732	278.493744
1	29.964000	2.144928	328.000000	279.500000
1	29.995000	2.088551	327.218750	278.031250
<\RIGHT-PUPIL-DATA>
<LEFT-PUPIL-DATA>
903	0
0	-0.067000	13.913043	240.000000	320.000000
0	-0.036000	13.913043	240.000000	320.000000
0	0.011000	13.913043	240.000000	320.000000
0	0.042000	13.913043	240.000000	320.000000
0	0.074000	13.913043	240.000000	320.000000
0	0.105000	13.913043	240.000000	320.000000
0	0.136000	13.913043	240.000000	320.000000
0	0.167000	13.913043	240.000000	320.000000
0	0.198000	13.913043	240.000000	320.000000
0	0.245000	13.913043	240.000000	320.000000
0	0.276000	13.913043	240.000000	320.000000
0	0.308000	13.913043	240.000000	320.000000
0	0.339000	13.913043	240.000000	320.000000
0	0.370000	13.913043	240.000000	320.000000
0	0.401000	13.913043	240.000000	320.000000
0	0.432000	13.913043	240.000000	320.000000
0	0.479000	13.913043	240.000000	320.000000
0	0.510000	13.913043	240.000000	320.000000
0	0.542000	13.913043	240.000000	320.000000
0	0.573000	13.913043	240.000000	320.000000
0	0.604000	13.913043	240.000000	320.000000
0	0.635000	13.913043	240.000000	320.000000
0	0.666000	13.913043	240.000000	320.000000
0	0.698000	13.913043	240.000000	320.000000
0	0.744000	13.913043	240.000000	320.000000
0	0.776000	13.913043	240.000000	320.000000
0	0.807000	13.913043	240.000000	320.000000
0	0.838000	13.913043	240.000000	320.000000
0	0.869000	13.913043	240.000000	320.000000
0	0.900000	13.913043	240.000000	320.000000
0	0.932000	13.913043	240.000000	320.000000
0	0.978000	13.913043	240.000000	320.000000
0	1.010000	13.913043	240.000000	320.000000
0	1.041000	13.913043	240.000000	320.000000
0	1.072000	13.913043	240.000000	320.000000
0	1.103000	13.913043	240.000000	320.000000
0	1.134000	13.913043	240.000000	320.000000
0	1.166000	13.913043	240.000000	320.000000
0	1.197000	13.913043	240.000000	320.000000
0	1.244000	13.913043	240.000000	320.000000
0	1.275000	13.913043	240.000000	320.000000
0	1.306000	13.913043	240.000000	320.000000
0	1.337000	13.913043	240.000000	320.000000
0	1.368000	13.913043	240.000000	320.000000
0	1.400000	13.913043	240.000000	320.000000
0	1.431000	13.913043	240.000000	320.000000
0	1.478000	13.913043	240.000000	320.000000
0	1.509000	13.913043	240.000000	320.000000
0	1.540000	13.913043	240.000000	320.000000
0	1.571000	13.913043	240.000000	320.000000
0	1.602000	13.913043	240.000000	320.000000
0	1.634000	13.913043	240.000000	320.000000
0	1.665000	13.913043	240.000000	320.000000
0	1.696000	13.913043	240.000000	320.000000
0	1.743000	13.913043	240.000000	320.000000
0	1.774000	13.913043	240.000000	320.000000
0	1.805000	13.913043	240.000000	320.000000
0	1.836000	13.913043	240.000000	320.000000
0	1.868000	13.913043	240.000000	320.000000
0	1.899000	13.913043	240.000000	320.000000
0	1.930000	13.913043	240.000000	320.000000
0	1.977000	13.913043	240.000000	320.000000
0	2.008000	13.913043	240.000000	320.000000
0	2.039000	13.913043	240.000000	320.000000
0	2.070000	13.913043	240.000000	320.000000
0	2.102000	13.913043	240.000000	320.000000
0	2.133000	13.913043	240.000000	320.000000
0	2.164000	13.913043	240.000000	320.000000
0	2.211000	13.913043	240.000000	320.000000
0	2.242000	13.913043	240.000000	320.000000
0	2.273000	13.913043	240.000000	320.000000
0	2.304000	13.913043	240.000000	320.000000
0	2.336000	13.913043	240.000000	320.000000
0	2.367000	13.913043	240.000000	320.000000
0	2.398000	13.913043	240.000000	320.000000
0	2.429000	13.913043	240.000000	320.000000
0	2.476000	13.913043	240.000000	320.000000
0	2.507000	13.913043	240.000000	320.000000
0	2.538000	13.913043	240.000000	320.000000
0	2.570000	13.913043	240.000000	320.000000
0	2.601000	13.913043	240.000000	320.000000
0	2.632000	13.913043	240.000000	320.000000
0	2.663000	13.913043	240.000000	320.000000
0	2.710000	13.913043	240.000000	320.000000
0	2.741000	13.913043	240.000000	320.000000
0	2.772000	13.913043	240.000000	320.000000
0	2.804000	13.913043	240.000000	320.000000
0	2.835000	13.913043	240.000000	320.000000
0	2.866000	13.913043	240.000000	320.000000
0	2.897000	13.913043	240.000000	320.000000
0	2.944000	13.913043	240.000000	320.000000
0	2.975000	13.913043	240.000000	320.000000
0	3.006000	13.913043	240.000000	320.000000
0	3.038000	13.913043	240.000000	320.000000
0	3.069000	13.913043	240.000000	320.000000
0	3.100000	13.913043	240.000000	320.000000
0	3.131000	13.913043	240.000000	320.000000
0	3.162000	13.913043	240.000000	320.000000
0	3.209000	13.913043	240.000000	320.000000
0	3.240000	13.913043	240.000000	320.000000
0	3.272000	13.913043	240.000000	320.000000
0	3.303000	13.913043	240.000000	320.000000
0	3.334000	13.913043	240.000000	320.000000
0	3.365000	13.913043	240.000000	320.000000
0	3.396000	13.913043	240.000000	320.000000
0	3.443000	13.913043	240.000000	320.000000
0	3.474000	13.913043	240.000000	320.000000
0	3.506000	13.913043	240.000000	320.000000
0	3.537000	13.913043	240.000000	320.000000
0	3.568000	13.913043	240.000000	320.000000
0	3.599000	13.913043	240.000000	320.000000
0	3.630000	13.913043	240.000000	320.000000
0	3.677000	13.913043	240.000000	320.000000
0	3.708000	13.913043	240.000000	320.000000
0	3.740000	13.913043	240.000000	320.000000
0	3.771000	13.913043	240.000000	320.000000
0	3.802000	13.913043	240.000000	320.000000
0	3.833000	13.913043	240.000000	320.000000
0	3.864000	13.913043	240.000000	320.000000
0	3.896000	13.913043	240.000000	320.000000
0	3.942000	13.913043	240.000000	320.000000
0	3.974000	13.913043	240.000000	320.000000
0	4.005000	13.913043	240.000000	320.000000
0	4.036000	13.913043	240.000000	320.000000
0	4.067000	13.913043	240.000000	320.000000
0	4.098000	13.913043	240.000000	320.000000
0	4.130000	13.913043	240.000000	320.000000
0	4.176000	13.913043	240.000000	320.000000
0	4.208000	13.913043	240.000000	320.000000
0	4.239000	13.913043	240.000000	320.000000
0	4.270000	13.913043	240.000000	320.000000
0	4.301000	13.913043	240.000000	320.000000
0	4.332000	13.913043	240.000000	320.000000
0	4.364000	13.913043	240.000000	320.000000
0	4.410000	13.913043	240.000000	320.000000
0	4.442000	13.913043	240.000000	320.000000
0	4.473000	13.913043	240.000000	320.000000
0	4.504000	13.913043	240.000000	320.000000
0	4.535000	13.913043	240.000000	320.000000
0	4.566000	13.913043	240.000000	320.000000
0	4.598000	13.913043	240.000000	320.000000
0	4.629000	13.913043	240.000000	320.000000
0	4.676000	13.913043	240.000000	320.000000
0	4.707000	13.913043	240.000000	320.000000
0	4.738000	13.913043	240.000000	320.000000
0	4.769000	13.913043	240.000000	320.000000
0	4.800000	13.913043	240.000000	320.000000
0	4.832000	13.913043	240.000000	320.000000
0	4.863000	13.913043	240.000000	320.000000
0	4.910000	13.913043	240.000000	320.000000
0	4.941000	13.913043	240.000000	320.000000
0	4.972000	13.913043	240.000000	320.000000
0	5.003000	13.913043	240.000000	320.000000
0	5.034000	13.913043	240.000000	320.000000
0	5.066000	13.913043	240.000000	320.000000
0	5.097000	13.913043	240.000000	320.000000
0	5.128000	13.913043	240.000000	320.000000
0	5.175000	13.913043	240.000000	320.000000
0	5.206000	13.913043	240.000000	320.000000
0	5.237000	13.913043	240.000000	320.000000
0	5.268000	13.913043	240.000000	320.000000
0	5.300000	13.913043	240.000000	320.000000
0	5.331000	13.913043	240.000000	320.000000
0	5.362000	13.913043	240.000000	320.000000
0	5.409000	13.913043	240.000000	320.000000
0	5.440000	13.913043	240.000000	320.000000
0	5.471000	13.913043	240.000000	320.000000
0	5.502000	13.913043	240.000000	320.000000
0	5.534000	13.913043	240.000000	320.000000
0	5.565000	13.913043	240.000000	320.000000
0	5.596000	13.913043	240.000000	320.000000
0	5.643000	13.913043	240.000000	320.000000
0	5.674000	13.913043	240.000000	320.000000
0	5.705000	13.913043	240.000000	320.000000
0	5.736000	13.913043	240.000000	320.000000
0	5.768000	13.913043	240.000000	320.000000
0	5.799000	13.913043	240.000000	320.000000
0	5.830000	13.913043	240.000000	320.000000
0	5.861000	13.913043	240.000000	320.000000
0	5.908000	13.913043	240.000000	320.000000
0	5.939000	13.913043	240.000000	320.000000
0	5.970000	13.913043	240.000000	320.000000
0	6.002000	13.913043	240.000000	320.000000
0	6.033000	13.913043	240.000000	320.000000
0	6.064000	13.913043	240.000000	320.000000
0	6.095000	13.913043	240.000000	320.000000
0	6.142000	13.913043	240.000000	320.000000
0	6.173000	13.913043	240.000000	320.000000
0	6.204000	13.913043	240.000000	320.000000
0	6.236000	13.913043	240.000000	320.000000
0	6.267000	13.913043	240.000000	320.000000
0	6.298000	13.913043	240.000000	320.000000
0	6.329000	13.913043	240.000000	320.000000
0	6.376000	13.913043	240.000000	320.000000
0	6.407000	13.913043	240.000000	320.000000
0	6.438000	13.913043	240.000000	320.000000
0	6.470000	13.913043	240.000000	320.000000
0	6.501000	13.913043	240.000000	320.000000
0	6.532000	13.913043	240.000000	320.000000
0	6.563000	13.913043	240.000000	320.000000
0	6.594000	13.913043	240.000000	320.000000
0	6.641000	13.913043	240.000000	320.000000
0	6.672000	13.913043	240.000000	320.000000
0	6.704000	13.913043	240.000000	320.000000
0	6.735000	13.913043	240.000000	320.000000
0	6.766000	13.913043	240.000000	320.000000
0	6.797000	13.913043	240.000000	320.000000
0	6.828000	13.913043	240.000000	320.000000
0	6.875000	13.913043	240.000000	320.000000
0	6.906000	13.913043	240.000000	320.000000
0	6.938000	13.913043	240.000000	320.000000
0	6.969000	13.913043	240.000000	320.000000
0	7.000000	13.913043	240.000000	320.000000
0	7.031000	13.913043	240.000000	320.000000
0	7.062000	13.913043	240.000000	320.000000
0	7.109000	13.913043	240.000000	320.000000
0	7.140000	13.913043	240.000000	320.000000
0	7.172000	13.913043	240.000000	320.000000
0	7.203000	13.913043	240.000000	320.000000
0	7.234000	13.913043	240.000000	320.000000
0	7.265000	13.913043	240.000000	320.000000
0	7.296000	13.913043	240.000000	320.000000
0	7.328000	13.913043	240.000000	320.000000
0	7.374000	13.913043	240.000000	320.000000
0	7.406000	13.913043	240.000000	320.000000
0	7.437000	13.913043	240.000000	320.000000
0	7.468000	13.913043	240.000000	320.000000
0	7.499000	13.913043	240.000000	320.000000
0	7.530000	13.913043	240.000000	320.000000
0	7.562000	13.913043	240.000000	320.000000
0	7.608000	13.913043	240.000000	320.000000
0	7.640000	13.913043	240.000000	320.000000
0	7.671000	13.913043	240.000000	320.000000
0	7.702000	13.913043	240.000000	320.000000
0	7.733000	13.913043	240.000000	320.000000
0	7.764000	13.913043	240.000000	320.000000
0	7.796000	13.913043	240.000000	320.000000
0	7.827000	13.913043	240.000000	320.000000
0	7.874000	13.913043	240.000000	320.000000
0	7.905000	13.913043	240.000000	320.000000
0	7.936000	13.913043	240.000000	320.000000
0	7.967000	13.913043	240.000000	320.000000
0	7.998000	13.913043	240.000000	320.000000
0	8.030000	13.913043	240.000000	320.000000
0	8.061000	13.913043	240.000000	320.000000
0	8.108000	13.913043	240.000000	320.000000
0	8.139000	13.913043	240.000000	320.000000
0	8.170000	13.913043	240.000000	320.000000
0	8.201000	13.913043	240.000000	320.000000
0	8.232000	13.913043	240.000000	320.000000
0	8.264000	13.913043	240.000000	320.000000
0	8.295000	13.913043	240.000000	320.000000
0	8.342000	13.913043	240.000000	320.000000
0	8.373000	13.913043	240.000000	320.000000
0	8.404000	13.913043	240.000000	320.000000
0	8.435000	13.913043	240.000000	320.000000
0	8.466000	13.913043	240.000000	320.000000
0	8.498000	13.913043	240.000000	320.000000
0	8.529000	13.913043	240.000000	320.000000
0	8.560000	13.913043	240.000000	320.000000
0	8.607000	13.913043	240.000000	320.000000
0	8.638000	13.913043	240.000000	320.000000
0	8.669000	13.913043	240.000000	320.000000
0	8.700000	13.913043	240.000000	320.000000
0	8.732000	13.913043	240.000000	320.000000
0	8.763000	13.913043	240.000000	320.000000
0	8.794000	13.913043	240.000000	320.000000
0	8.841000	13.913043	240.000000	320.000000
0	8.872000	13.913043	240.000000	320.000000
0	8.903000	13.913043	240.000000	320.000000
0	8.934000	13.913043	240.000000	320.000000
0	8.966000	13.913043	240.000000	320.000000
0	8.997000	13.913043	240.000000	320.000000
0	9.028000	13.913043	240.000000	320.000000
0	9.059000	13.913043	240.000000	320.000000
0	9.106000	13.913043	240.000000	320.000000
0	9.137000	13.913043	240.000000	320.000000
0	9.168000	13.913043	240.000000	320.000000
0	9.200000	13.913043	240.000000	320.000000
0	9.231000	13.913043	240.000000	320.000000
0	9.262000	13.913043	240.000000	320.000000
0	9.293000	13.913043	240.000000	320.000000
0	9.340000	13.913043	240.000000	320.000000
0	9.371000	13.913043	240.000000	320.000000
0	9.402000	13.913043	240.000000	320.000000
0	9.434000	13.913043	240.000000	320.000000
0	9.465000	13.913043	240.000000	320.000000
0	9.496000	13.913043	240.000000	320.000000
0	9.527000	13.913043	240.000000	320.000000
0	9.574000	13.913043	240.000000	320.000000
0	9.605000	13.913043	240.000000	320.000000
0	9.636000	13.913043	240.000000	320.000000
0	9.668000	13.913043	240.000000	320.000000
0	9.699000	13.913043	240.000000	320.000000
0	9.730000	13.913043	240.000000	320.000000
0	9.761000	13.913043	240.000000	320.000000
0	9.792000	13.913043	240.000000	320.000000
0	9.839000	13.913043	240.000000	320.000000
0	9.870000	13.913043	240.000000	320.000000
0	9.902000	13.913043	240.000000	320.000000
0	9.933000	13.913043	240.000000	320.000000
0	9.964000	13.913043	240.000000	320.000000
0	9.995000	13.913043	240.000000	320.000000
0	10.026000	13.913043	240.000000	320.000000
0	10.073000	13.913043	240.000000	320.000000
0	10.104000	13.913043	240.000000	320.000000
0	10.136000	13.913043	240.000000	320.000000
0	10.167000	13.913043	240.000000	320.000000
0	10.198000	13.913043	240.000000	320.000000
0	10.229000	13.913043	240.000000	320.000000
0	10.260000	13.913043	240.000000	320.000000
0	10.307000	13.913043	240.000000	320.000000
0	10.338000	13.913043	240.000000	320.000000
0	10.370000	13.913043	240.000000	320.000000
0	10.401000	13.913043	240.000000	320.000000
0	10.432000	13.913043	240.000000	320.000000
0	10.463000	13.913043	240.000000	320.000000
0	10.494000	13.913043	240.000000	320.000000
0	10.526000	13.913043	240.000000	320.000000
0	10.572000	13.913043	240.000000	320.000000
0	10.604000	13.913043	240.000000	320.000000
0	10.635000	13.913043	240.000000	320.000000
0	10.666000	13.913043	240.000000	320.000000
0	10.697000	13.913043	240.000000	320.000000
0	10.728000	13.913043	240.000000	320.000000
0	10.760000	13.913043	240.000000	320.000000
0	10.806000	13.913043	240.000000	320.000000
0	10.838000	13.913043	240.000000	320.000000
0	10.869000	13.913043	240.000000	320.000000
0	10.900000	13.913043	240.000000	320.000000
0	10.931000	13.913043	240.000000	320.000000
0	10.962000	13.913043	240.000000	320.000000
0	10.994000	13.913043	240.000000	320.000000
0	11.040000	13.913043	240.000000	320.000000
0	11.072000	13.913043	240.000000	320.000000
0	11.103000	13.913043	240.000000	320.000000
0	11.134000	13.913043	240.000000	320.000000
0	11.165000	13.913043	240.000000	320.000000
0	11.196000	13.913043	240.000000	320.000000
0	11.228000	13.913043	240.000000	320.000000
0	11.259000	13.913043	240.000000	320.000000
0	11.306000	13.913043	240.000000	320.000000
0	11.337000	13.913043	240.000000	320.000000
0	11.368000	13.913043	240.000000	320.000000
0	11.399000	13.913043	240.000000	320.000000
0	11.430000	13.913043	240.000000	320.000000
0	11.462000	13.913043	240.000000	320.000000
0	11.493000	13.913043	240.000000	320.000000
0	11.540000	13.913043	240.000000	320.000000
0	11.571000	13.913043	240.000000	320.000000
0	11.602000	13.913043	240.000000	320.000000
0	11.633000	13.913043	240.000000	320.000000
0	11.664000	13.913043	240.000000	320.000000
0	11.696000	13.913043	240.000000	320.000000
0	11.727000	13.913043	240.000000	320.000000
0	11.774000	13.913043	240.000000	320.000000
0	11.805000	13.913043	240.000000	320.000000
0	11.836000	13.913043	240.000000	320.000000
0	11.867000	13.913043	240.000000	320.000000
0	11.898000	13.913043	240.000000	320.000000
0	11.930000	13.913043	240.000000	320.000000
0	11.961000	13.913043	240.000000	320.000000
0	11.992000	13.913043	240.000000	320.000000
0	12.039000	13.913043	240.000000	320.000000
0	12.070000	13.913043	240.000000	320.000000
0	12.101000	13.913043	240.000000	320.000000
0	12.132000	13.913043	240.000000	320.000000
0	12.164000	13.913043	240.000000	320.000000
0	12.195000	13.913043	240.000000	320.000000
0	12.226000	13.913043	240.000000	320.000000
0	12.273000	13.913043	240.000000	320.000000
0	12.304000	13.913043	240.000000	320.000000
0	12.335000	13.913043	240.000000	320.000000
0	12.366000	13.913043	240.000000	320.000000
0	12.398000	13.913043	240.000000	320.000000
0	12.429000	13.913043	240.000000	320.000000
0	12.460000	13.913043	240.000000	320.000000
0	12.507000	13.913043	240.000000	320.000000
0	12.538000	13.913043	240.000000	320.000000
0	12.569000	13.913043	240.000000	320.000000
0	12.600000	13.913043	240.000000	320.000000
0	12.632000	13.913043	240.000000	320.000000
0	12.663000	13.913043	240.000000	320.000000
0	12.694000	13.913043	240.000000	320.000000
0	12.725000	13.913043	240.000000	320.000000
0	12.772000	13.913043	240.000000	320.000000
0	12.803000	13.913043	240.000000	320.000000
0	12.834000	13.913043	240.000000	320.000000
0	12.866000	13.913043	240.000000	320.000000
0	12.897000	13.913043	240.000000	320.000000
0	12.928000	13.913043	240.000000	320.000000
0	12.959000	13.913043	240.000000	320.000000
0	12.990000	13.913043	240.000000	320.000000
0	13.037000	13.913043	240.000000	320.000000
0	13.068000	13.913043	240.000000	320.000000
0	13.100000	13.913043	240.000000	320.000000
0	13.131000	13.913043	240.000000	320.000000
0	13.162000	13.913043	240.000000	320.000000
0	13.193000	13.913043	240.000000	320.000000
0	13.224000	13.913043	240.000000	320.000000
0	13.271000	13.913043	240.000000	320.000000
0	13.302000	13.913043	240.000000	320.000000
0	13.334000	13.913043	240.000000	320.000000
0	13.365000	13.913043	240.000000	320.000000
0	13.396000	13.913043	240.000000	320.000000
0	13.427000	13.913043	240.000000	320.000000
0	13.458000	13.913043	240.000000	320.000000
0	13.505000	13.913043	240.000000	320.000000
0	13.536000	13.913043	240.000000	320.000000
0	13.568000	13.913043	240.000000	320.000000
0	13.599000	13.913043	240.000000	320.000000
0	13.630000	13.913043	240.000000	320.000000
0	13.661000	13.913043	240.000000	320.000000
0	13.692000	13.913043	240.000000	320.000000
0	13.724000	13.913043	240.000000	320.000000
0	13.770000	13.913043	240.000000	320.000000
0	13.802000	13.913043	240.000000	320.000000
0	13.833000	13.913043	240.000000	320.000000
0	13.864000	13.913043	240.000000	320.000000
0	13.895000	13.913043	240.000000	320.000000
0	13.926000	13.913043	240.000000	320.000000
0	13.958000	13.913043	240.000000	320.000000
0	14.004000	13.913043	240.000000	320.000000
0	14.036000	13.913043	240.000000	320.000000
0	14.067000	13.913043	240.000000	320.000000
0	14.098000	13.913043	240.000000	320.000000
0	14.129000	13.913043	240.000000	320.000000
0	14.160000	13.913043	240.000000	320.000000
0	14.192000	13.913043	240.000000	320.000000
0	14.238000	13.913043	240.000000	320.000000
0	14.270000	13.913043	240.000000	320.000000
0	14.301000	13.913043	240.000000	320.000000
0	14.332000	13.913043	240.000000	320.000000
0	14.363000	13.913043	240.000000	320.000000
0	14.394000	13.913043	240.000000	320.000000
0	14.426000	13.913043	240.000000	320.000000
0	14.457000	13.913043	240.000000	320.000000
0	14.504000	13.913043	240.000000	320.000000
0	14.535000	13.913043	240.000000	320.000000
0	14.566000	13.913043	240.000000	320.000000
0	14.597000	13.913043	240.000000	320.000000
0	14.628000	13.913043	240.000000	320.000000
0	14.660000	13.913043	240.000000	320.000000
0	14.691000	13.913043	240.000000	320.000000
0	14.738000	13.913043	240.000000	320.000000
0	14.769000	13.913043	240.000000	320.000000
0	14.800000	13.913043	240.000000	320.000000
0	14.831000	13.913043	240.000000	320.000000
0	14.862000	13.913043	240.000000	320.000000
0	14.894000	13.913043	240.000000	320.000000
0	14.925000	13.913043	240.000000	320.000000
0	14.972000	13.913043	240.000000	320.000000
0	15.003000	13.913043	240.000000	320.000000
0	15.034000	13.913043	240.000000	320.000000
0	15.065000	13.913043	240.000000	320.000000
0	15.096000	13.913043	240.000000	320.000000
0	15.128000	13.913043	240.000000	320.000000
0	15.159000	13.913043	240.000000	320.000000
0	15.190000	13.913043	240.000000	320.000000
0	15.237000	13.913043	240.000000	320.000000
0	15.268000	13.913043	240.000000	320.000000
0	15.299000	13.913043	240.000000	320.000000
0	15.330000	13.913043	240.000000	320.000000
0	15.362000	13.913043	240.000000	320.000000
0	15.393000	13.913043	240.000000	320.000000
0	15.424000	13.913043	240.000000	320.000000
0	15.471000	13.913043	240.000000	320.000000
0	15.502000	13.913043	240.000000	320.000000
0	15.533000	13.913043	240.000000	320.000000
0	15.564000	13.913043	240.000000	320.000000
0	15.596000	13.913043	240.000000	320.000000
0	15.627000	13.913043	240.000000	320.000000
0	15.658000	13.913043	240.000000	320.000000
0	15.705000	13.913043	240.000000	320.000000
0	15.736000	13.913043	240.000000	320.000000
0	15.767000	13.913043	240.000000	320.000000
0	15.798000	13.913043	240.000000	320.000000
0	15.830000	13.913043	240.000000	320.000000
0	15.861000	13.913043	240.000000	320.000000
0	15.892000	13.913043	240.000000	320.000000
0	15.923000	13.913043	240.000000	320.000000
0	15.970000	13.913043	240.000000	320.000000
0	16.001000	13.913043	240.000000	320.000000
0	16.032000	13.913043	240.000000	320.000000
0	16.064000	13.913043	240.000000	320.000000
0	16.095000	13.913043	240.000000	320.000000
0	16.126000	13.913043	240.000000	320.000000
0	16.157000	13.913043	240.000000	320.000000
0	16.204000	13.913043	240.000000	320.000000
0	16.235000	13.913043	240.000000	320.000000
0	16.266000	13.913043	240.000000	320.000000
0	16.298000	13.913043	240.000000	320.000000
0	16.329000	13.913043	240.000000	320.000000
0	16.360000	13.913043	240.000000	320.000000
0	16.391000	13.913043	240.000000	320.000000
0	16.438000	13.913043	240.000000	320.000000
0	16.469000	13.913043	240.000000	320.000000
0	16.500000	13.913043	240.000000	320.000000
0	16.532000	13.913043	240.000000	320.000000
0	16.563000	13.913043	240.000000	320.000000
0	16.594000	13.913043	240.000000	320.000000
0	16.625000	13.913043	240.000000	320.000000
0	16.656000	13.913043	240.000000	320.000000
0	16.703000	13.913043	240.000000	320.000000
0	16.734000	13.913043	240.000000	320.000000
0	16.766000	13.913043	240.000000	320.000000
0	16.797000	13.913043	240.000000	320.000000
0	16.828000	13.913043	240.000000	320.000000
0	16.859000	13.913043	240.000000	320.000000
0	16.890000	13.913043	240.000000	320.000000
0	16.922000	13.913043	240.000000	320.000000
0	16.968000	13.913043	240.000000	320.000000
0	17.000000	13.913043	240.000000	320.000000
0	17.031000	13.913043	240.000000	320.000000
0	17.062000	13.913043	240.000000	320.000000
0	17.093000	13.913043	240.000000	320.000000
0	17.124000	13.913043	240.000000	320.000000
0	17.156000	13.913043	240.000000	320.000000
0	17.202000	13.913043	240.000000	320.000000
0	17.234000	13.913043	240.000000	320.000000
0	17.265000	13.913043	240.000000	320.000000
0	17.296000	13.913043	240.000000	320.000000
0	17.327000	13.913043	240.000000	320.000000
0	17.358000	13.913043	240.000000	320.000000
0	17.390000	13.913043	240.000000	320.000000
0	17.436000	13.913043	240.000000	320.000000
0	17.468000	13.913043	240.000000	320.000000
0	17.499000	13.913043	240.000000	320.000000
0	17.530000	13.913043	240.000000	320.000000
0	17.561000	13.913043	240.000000	320.000000
0	17.592000	13.913043	240.000000	320.000000
0	17.624000	13.913043	240.000000	320.000000
0	17.655000	13.913043	240.000000	320.000000
0	17.702000	13.913043	240.000000	320.000000
0	17.733000	13.913043	240.000000	320.000000
0	17.764000	13.913043	240.000000	320.000000
0	17.795000	13.913043	240.000000	320.000000
0	17.826000	13.913043	240.000000	320.000000
0	17.858000	13.913043	240.000000	320.000000
0	17.889000	13.913043	240.000000	320.000000
0	17.936000	13.913043	240.000000	320.000000
0	17.967000	13.913043	240.000000	320.000000
0	17.998000	13.913043	240.000000	320.000000
0	18.029000	13.913043	240.000000	320.000000
0	18.060000	13.913043	240.000000	320.000000
0	18.092000	13.913043	240.000000	320.000000
0	18.123000	13.913043	240.000000	320.000000
0	18.170000	13.913043	240.000000	320.000000
0	18.201000	13.913043	240.000000	320.000000
0	18.232000	13.913043	240.000000	320.000000
0	18.263000	13.913043	240.000000	320.000000
0	18.294000	13.913043	240.000000	320.000000
0	18.326000	13.913043	240.000000	320.000000
0	18.357000	13.913043	240.000000	320.000000
0	18.388000	13.913043	240.000000	320.000000
0	18.435000	13.913043	240.000000	320.000000
0	18.466000	13.913043	240.000000	320.000000
0	18.497000	13.913043	240.000000	320.000000
0	18.528000	13.913043	240.000000	320.000000
0	18.560000	13.913043	240.000000	320.000000
0	18.591000	13.913043	240.000000	320.000000
0	18.622000	13.913043	240.000000	320.000000
0	18.669000	13.913043	240.000000	320.000000
0	18.700000	13.913043	240.000000	320.000000
0	18.731000	13.913043	240.000000	320.000000
0	18.762000	13.913043	240.000000	320.000000
0	18.794000	13.913043	240.000000	320.000000
0	18.825000	13.913043	240.000000	320.000000
0	18.856000	13.913043	240.000000	320.000000
0	18.903000	13.913043	240.000000	320.000000
0	18.934000	13.913043	240.000000	320.000000
0	18.965000	13.913043	240.000000	320.000000
0	18.996000	13.913043	240.000000	320.000000
0	19.028000	13.913043	240.000000	320.000000
0	19.059000	13.913043	240.000000	320.000000
0	19.090000	13.913043	240.000000	320.000000
0	19.121000	13.913043	240.000000	320.000000
0	19.168000	13.913043	240.000000	320.000000
0	19.199000	13.913043	240.000000	320.000000
0	19.230000	13.913043	240.000000	320.000000
0	19.262000	13.913043	240.000000	320.000000
0	19.293000	13.913043	240.000000	320.000000
0	19.324000	13.913043	240.000000	320.000000
0	19.355000	13.913043	240.000000	320.000000
0	19.402000	13.913043	240.000000	320.000000
0	19.433000	13.913043	240.000000	320.000000
0	19.464000	13.913043	240.000000	320.000000
0	19.496000	13.913043	240.000000	320.000000
0	19.527000	13.913043	240.000000	320.000000
0	19.558000	13.913043	240.000000	320.000000
0	19.589000	13.913043	240.000000	320.000000
0	19.636000	13.913043	240.000000	320.000000
0	19.667000	13.913043	240.000000	320.000000
0	19.698000	13.913043	240.000000	320.000000
0	19.730000	13.913043	240.000000	320.000000
0	19.761000	13.913043	240.000000	320.000000
0	19.792000	13.913043	240.000000	320.000000
0	19.823000	13.913043	240.000000	320.000000
0	19.854000	13.913043	240.000000	320.000000
0	19.901000	13.913043	240.000000	320.000000
0	19.932000	13.913043	240.000000	320.000000
0	19.964000	13.913043	240.000000	320.000000
0	19.995000	13.913043	240.000000	320.000000
0	20.026000	13.913043	240.000000	320.000000
0	20.057000	13.913043	240.000000	320.000000
0	20.088000	13.913043	240.000000	320.000000
0	20.135000	13.913043	240.000000	320.000000
0	20.166000	13.913043	240.000000	320.000000
0	20.198000	13.913043	240.000000	320.000000
0	20.229000	13.913043	240.000000	320.000000
0	20.260000	13.913043	240.000000	320.000000
0	20.291000	13.913043	240.000000	320.000000
0	20.322000	13.913043	240.000000	320.000000
0	20.369000	13.913043	240.000000	320.000000
0	20.400000	13.913043	240.000000	320.000000
0	20.432000	13.913043	240.000000	320.000000
0	20.463000	13.913043	240.000000	320.000000
0	20.494000	13.913043	240.000000	320.000000
0	20.525000	13.913043	240.000000	320.000000
0	20.556000	13.913043	240.000000	320.000000
0	20.588000	13.913043	240.000000	320.000000
0	20.634000	13.913043	240.000000	320.000000
0	20.666000	13.913043	240.000000	320.000000
0	20.697000	13.913043	240.000000	320.000000
0	20.728000	13.913043	240.000000	320.000000
0	20.759000	13.913043	240.000000	320.000000
0	20.790000	13.913043	240.000000	320.000000
0	20.822000	13.913043	240.000000	320.000000
0	20.853000	13.913043	240.000000	320.000000
0	20.900000	13.913043	240.000000	320.000000
0	20.931000	13.913043	240.000000	320.000000
0	20.962000	13.913043	240.000000	320.000000
0	20.993000	13.913043	240.000000	320.000000
0	21.024000	13.913043	240.000000	320.000000
0	21.056000	13.913043	240.000000	320.000000
0	21.087000	13.913043	240.000000	320.000000
0	21.134000	13.913043	240.000000	320.000000
0	21.165000	13.913043	240.000000	320.000000
0	21.196000	13.913043	240.000000	320.000000
0	21.227000	13.913043	240.000000	320.000000
0	21.258000	13.913043	240.000000	320.000000
0	21.290000	13.913043	240.000000	320.000000
0	21.321000	13.913043	240.000000	320.000000
0	21.368000	13.913043	240.000000	320.000000
0	21.399000	13.913043	240.000000	320.000000
0	21.430000	13.913043	240.000000	320.000000
0	21.461000	13.913043	240.000000	320.000000
0	21.492000	13.913043	240.000000	320.000000
0	21.524000	13.913043	240.000000	320.000000
0	21.555000	13.913043	240.000000	320.000000
0	21.586000	13.913043	240.000000	320.000000
0	21.633000	13.913043	240.000000	320.000000
0	21.664000	13.913043	240.000000	320.000000
0	21.695000	13.913043	240.000000	320.000000
0	21.726000	13.913043	240.000000	320.000000
0	21.758000	13.913043	240.000000	320.000000
0	21.789000	13.913043	240.000000	320.000000
0	21.820000	13.913043	240.000000	320.000000
0	21.867000	13.913043	240.000000	320.000000
0	21.898000	13.913043	240.000000	320.000000
0	21.929000	13.913043	240.000000	320.000000
0	21.960000	13.913043	240.000000	320.000000
0	21.992000	13.913043	240.000000	320.000000
0	22.023000	13.913043	240.000000	320.000000
0	22.054000	13.913043	240.000000	320.000000
0	22.101000	13.913043	240.000000	320.000000
0	22.132000	13.913043	240.000000	320.000000
0	22.163000	13.913043	240.000000	320.000000
0	22.194000	13.913043	240.000000	320.000000
0	22.226000	13.913043	240.000000	320.000000
0	22.257000	13.913043	240.000000	320.000000
0	22.288000	13.913043	240.000000	320.000000
0	22.319000	13.913043	240.000000	320.000000
0	22.366000	13.913043	240.000000	320.000000
0	22.397000	13.913043	240.000000	320.000000
0	22.428000	13.913043	240.000000	320.000000
0	22.460000	13.913043	240.000000	320.000000
0	22.491000	13.913043	240.000000	320.000000
0	22.522000	13.913043	240.000000	320.000000
0	22.553000	13.913043	240.000000	320.000000
0	22.600000	13.913043	240.000000	320.000000
0	22.631000	13.913043	240.000000	320.000000
0	22.662000	13.913043	240.000000	320.000000
0	22.694000	13.913043	240.000000	320.000000
0	22.725000	13.913043	240.000000	320.000000
0	22.756000	13.913043	240.000000	320.000000
0	22.787000	13.913043	240.000000	320.000000
0	22.834000	13.913043	240.000000	320.000000
0	22.865000	13.913043	240.000000	320.000000
0	22.896000	13.913043	240.000000	320.000000
0	22.928000	13.913043	240.000000	320.000000
0	22.959000	13.913043	240.000000	320.000000
0	22.990000	13.913043	240.000000	320.000000
0	23.021000	13.913043	240.000000	320.000000
0	23.052000	13.913043	240.000000	320.000000
0	23.099000	13.913043	240.000000	320.000000
0	23.130000	13.913043	240.000000	320.000000
0	23.162000	13.913043	240.000000	320.000000
0	23.193000	13.913043	240.000000	320.000000
0	23.224000	13.913043	240.000000	320.000000
0	23.255000	13.913043	240.000000	320.000000
0	23.286000	13.913043	240.000000	320.000000
0	23.333000	13.913043	240.000000	320.000000
0	23.364000	13.913043	240.000000	320.000000
0	23.396000	13.913043	240.000000	320.000000
0	23.427000	13.913043	240.000000	320.000000
0	23.458000	13.913043	240.000000	320.000000
0	23.489000	13.913043	240.000000	320.000000
0	23.520000	13.913043	240.000000	320.000000
0	23.567000	13.913043	240.000000	320.000000
0	23.598000	13.913043	240.000000	320.000000
0	23.630000	13.913043	240.000000	320.000000
0	23.661000	13.913043	240.000000	320.000000
0	23.692000	13.913043	240.000000	320.000000
0	23.723000	13.913043	240.000000	320.000000
0	23.754000	13.913043	240.000000	320.000000
0	23.786000	13.913043	240.000000	320.000000
0	23.832000	13.913043	240.000000	320.000000
0	23.864000	13.913043	240.000000	320.000000
0	23.895000	13.913043	240.000000	320.000000
0	23.926000	13.913043	240.000000	320.000000
0	23.957000	13.913043	240.000000	320.000000
0	23.988000	13.913043	240.000000	320.000000
0	24.020000	13.913043	240.000000	320.000000
0	24.066000	13.913043	240.000000	320.000000
0	24.098000	13.913043	240.000000	320.000000
0	24.129000	13.913043	240.000000	320.000000
0	24.160000	13.913043	240.000000	320.000000
0	24.191000	13.913043	240.000000	320.000000
0	24.222000	13.913043	240.000000	320.000000
0	24.254000	13.913043	240.000000	320.000000
0	24.300000	13.913043	240.000000	320.000000
0	24.332000	13.913043	240.000000	320.000000
0	24.363000	13.913043	240.000000	320.000000
0	24.394000	13.913043	240.000000	320.000000
0	24.425000	13.913043	240.000000	320.000000
0	24.456000	13.913043	240.000000	320.000000
0	24.488000	13.913043	240.000000	320.000000
0	24.519000	13.913043	240.000000	320.000000
0	24.566000	13.913043	240.000000	320.000000
0	24.597000	13.913043	240.000000	320.000000
0	24.628000	13.913043	240.000000	320.000000
0	24.659000	13.913043	240.000000	320.000000
0	24.690000	13.913043	240.000000	320.000000
0	24.722000	13.913043	240.000000	320.000000
0	24.753000	13.913043	240.000000	320.000000
0	24.800000	13.913043	240.000000	320.000000
0	24.831000	13.913043	240.000000	320.000000
0	24.862000	13.913043	240.000000	320.000000
0	24.893000	13.913043	240.000000	320.000000
0	24.924000	13.913043	240.000000	320.000000
0	24.956000	13.913043	240.000000	320.000000
0	24.987000	13.913043	240.000000	320.000000
0	25.018000	13.913043	240.000000	320.000000
0	25.065000	13.913043	240.000000	320.000000
0	25.096000	13.913043	240.000000	320.000000
0	25.127000	13.913043	240.000000	320.000000
0	25.158000	13.913043	240.000000	320.000000
0	25.190000	13.913043	240.000000	320.000000
0	25.221000	13.913043	240.000000	320.000000
0	25.252000	13.913043	240.000000	320.000000
0	25.299000	13.913043	240.000000	320.000000
0	25.330000	13.913043	240.000000	320.000000
0	25.361000	13.913043	240.000000	320.000000
0	25.392000	13.913043	240.000000	320.000000
0	25.424000	13.913043	240.000000	320.000000
0	25.455000	13.913043	240.000000	320.000000
0	25.486000	13.913043	240.000000	320.000000
0	25.517000	13.913043	240.000000	320.000000
0	25.564000	13.913043	240.000000	320.000000
0	25.595000	13.913043	240.000000	320.000000
0	25.626000	13.913043	240.000000	320.000000
0	25.658000	13.913043	240.000000	320.000000
0	25.689000	13.913043	240.000000	320.000000
0	25.720000	13.913043	240.000000	320.000000
0	25.751000	13.913043	240.000000	320.000000
0	25.798000	13.913043	240.000000	320.000000
0	25.829000	13.913043	240.000000	320.000000
0	25.860000	13.913043	240.000000	320.000000
0	25.892000	13.913043	240.000000	320.000000
0	25.923000	13.913043	240.000000	320.000000
0	25.954000	13.913043	240.000000	320.000000
0	25.985000	13.913043	240.000000	320.000000
0	26.032000	13.913043	240.000000	320.000000
0	26.063000	13.913043	240.000000	320.000000
0	26.094000	13.913043	240.000000	320.000000
0	26.126000	13.913043	240.000000	320.000000
0	26.157000	13.913043	240.000000	320.000000
0	26.188000	13.913043	240.000000	320.000000
0	26.219000	13.913043	240.000000	320.000000
0	26.250000	13.913043	240.000000	320.000000
0	26.297000	13.913043	240.000000	320.000000
0	26.328000	13.913043	240.000000	320.000000
0	26.360000	13.913043	240.000000	320.000000
0	26.391000	13.913043	240.000000	320.000000
0	26.422000	13.913043	240.000000	320.000000
0	26.453000	13.913043	240.000000	320.000000
0	26.484000	13.913043	240.000000	320.000000
0	26.531000	13.913043	240.000000	320.000000
0	26.562000	13.913043	240.000000	320.000000
0	26.594000	13.913043	240.000000	320.000000
0	26.625000	13.913043	240.000000	320.000000
0	26.656000	13.913043	240.000000	320.000000
0	26.687000	13.913043	240.000000	320.000000
0	26.719000	13.913043	240.000000	320.000000
0	26.765000	13.913043	240.000000	320.000000
0	26.797000	13.913043	240.000000	320.000000
0	26.828000	13.913043	240.000000	320.000000
0	26.859000	13.913043	240.000000	320.000000
0	26.890000	13.913043	240.000000	320.000000
0	26.921000	13.913043	240.000000	320.000000
0	26.953000	13.913043	240.000000	320.000000
0	26.984000	13.913043	240.000000	320.000000
0	27.031000	13.913043	240.000000	320.000000
0	27.062000	13.913043	240.000000	320.000000
0	27.093000	13.913043	240.000000	320.000000
0	27.124000	13.913043	240.000000	320.000000
0	27.155000	13.913043	240.000000	320.000000
0	27.187000	13.913043	240.000000	320.000000
0	27.218000	13.913043	240.000000	320.000000
0	27.265000	13.913043	240.000000	320.000000
0	27.296000	13.913043	240.000000	320.000000
0	27.327000	13.913043	240.000000	320.000000
0	27.358000	13.913043	240.000000	320.000000
0	27.389000	13.913043	240.000000	320.000000
0	27.421000	13.913043	240.000000	320.000000
0	27.452000	13.913043	240.000000	320.000000
0	27.499000	13.913043	240.000000	320.000000
0	27.530000	13.913043	240.000000	320.000000
0	27.561000	13.913043	240.000000	320.000000
0	27.592000	13.913043	240.000000	320.000000
0	27.623000	13.913043	240.000000	320.000000
0	27.655000	13.913043	240.000000	320.000000
0	27.686000	13.913043	240.000000	320.000000
0	27.717000	13.913043	240.000000	320.000000
0	27.764000	13.913043	240.000000	320.000000
0	27.795000	13.913043	240.000000	320.000000
0	27.826000	13.913043	240.000000	320.000000
0	27.857000	13.913043	240.000000	320.000000
0	27.889000	13.913043	240.000000	320.000000
0	27.920000	13.913043	240.000000	320.000000
0	27.951000	13.913043	240.000000	320.000000
0	27.998000	13.913043	240.000000	320.000000
0	28.029000	13.913043	240.000000	320.000000
0	28.060000	13.913043	240.000000	320.000000
0	28.091000	13.913043	240.000000	320.000000
0	28.123000	13.913043	240.000000	320.000000
0	28.154000	13.913043	240.000000	320.000000
0	28.185000	13.913043	240.000000	320.000000
0	28.232000	13.913043	240.000000	320.000000
0	28.263000	13.913043	240.000000	320.000000
0	28.294000	13.913043	240.000000	320.000000
0	28.325000	13.913043	240.000000	320.000000
0	28.357000	13.913043	240.000000	320.000000
0	28.388000	13.913043	240.000000	320.000000
0	28.419000	13.913043	240.000000	320.000000
0	28.450000	13.913043	240.000000	320.000000
0	28.497000	13.913043	240.000000	320.000000
0	28.528000	13.913043	240.000000	320.000000
0	28.559000	13.913043	240.000000	320.000000
0	28.591000	13.913043	240.000000	320.000000
0	28.622000	13.913043	240.000000	320.000000
0	28.653000	13.913043	240.000000	320.000000
0	28.684000	13.913043	240.000000	320.000000
0	28.731000	13.913043	240.000000	320.000000
0	28.762000	13.913043	240.000000	320.000000
0	28.793000	13.913043	240.000000	320.000000
0	28.825000	13.913043	240.000000	320.000000
0	28.856000	13.913043	240.000000	320.000000
0	28.887000	13.913043	240.000000	320.000000
0	28.918000	13.913043	240.000000	320.000000
0	28.949000	13.913043	240.000000	320.000000
0	28.996000	13.913043	240.000000	320.000000
0	29.027000	13.913043	240.000000	320.000000
0	29.059000	13.913043	240.000000	320.000000
0	29.090000	13.913043	240.000000	320.000000
0	29.121000	13.913043	240.000000	320.000000
0	29.152000	13.913043	240.000000	320.000000
0	29.183000	13.913043	240.000000	320.000000
0	29.230000	13.913043	240.000000	320.000000
0	29.261000	13.913043	240.000000	320.000000
0	29.293000	13.913043	240.000000	320.000000
0	29.324000	13.913043	240.000000	320.000000
0	29.355000	13.913043	240.000000	320.000000
0	29.386000	13.913043	240.000000	320.000000
0	29.417000	13.913043	240.000000	320.000000
0	29.464000	13.913043	240.000000	320.000000
0	29.495000	13.913043	240.000000	320.000000
0	29.527000	13.913043	240.000000	320.000000
0	29.558000	13.913043	240.000000	320.000000
0	29.589000	13.913043	240.000000	320.000000
0	29.620000	13.913043	240.000000	320.000000
0	29.651000	13.913043	240.000000	320.000000
0	29.683000	13.913043	240.000000	320.000000
0	29.729000	13.913043	240.000000	320.000000
0	29.761000	13.913043	240.000000	320.000000
0	29.792000	13.913043	240.000000	320.000000
0	29.823000	13.913043	240.000000	320.000000
0	29.854000	13.913043	240.000000	320.000000
0	29.885000	13.913043	240.000000	320.000000
0	29.917000	13.913043	240.000000	320.000000
0	29.963000	13.913043	240.000000	320.000000
0	29.995000	13.913043	240.000000	320.000000
<\LEFT-PUPIL-DATA>
<RIGHT-PUPIL-ANALYSIS>
1
0	0	17	902	0	0	0.510000	29.518000	0.509000	15.810344	0.000000	0.000000	0.000000	0	3	3	3	3	0	0	0	0.000000	0.000000	0.000000	0.000000	0.000000	0.000000	0.000000	-1.000000	0.000000	1	1.274841	0.791147	1.276508	0.491627	0.266000	-0.295295	-1.017296	-1.000000	0.044158	1	1.274841	0.791147	1.276508	0.491627	0.266000	-0.337916	-1.017297	-1.000000	0.042821
<\RIGHT-PUPIL-ANALYSIS>
<LEFT-PUPIL-ANALYSIS>
1
0	0	17	902	0	0	0.510000	29.518000	0.509000	15.810344	0.000000	0.000000	0.000000	0	3	3	3	3	0	0	0	0.000000	0.000000	0.000000	0.000000	0.000000	0.000000	0.000000	-1.000000	0.000000	0	-0.034783	-0.034783	0.000950	0.000950	0.000000	0.000000	0.000000	-1.000000	0.000000	1	-0.034783	-0.034783	0.000950	0.000950	0.000000	-1000000.000000	-1000000.000000	-1.000000	0.000000
<\LEFT-PUPIL-ANALYSIS>
%%%%%%%%%
%%%%%%%%%
%%%%%%%%%
%%%	Measurement Tiime is: 2017-08-15 10:23:44
%%%	Subject ID is: c57-1mois-F6-1.2b
%%%	Note: 
%%%	RSS: Default Human Relative Spectral Sensitivity
%%%	Pupil Analysis:
%%%
%%%
%%%
%%%	Pulse Index:	0
%%%	Stimulus Session Index:	0
%%%	Right Pupil Stimulated
%%%	Light Metric is Photopic
%%%	Stimulus Start Time(sec):	0.51
%%%	Stimulus Duration(sec):	29.52
%%%	Stimulus Pulse Duration(sec):	0.51
%%%	Right Pulse:	15.81	(Blue )	-	0.00	(Blue )	[Lux ]
%%%	Left Pulse:	0.00	(Blue )	-	0.00	(Blue )	[Lux ]
%%%
%%%		RIGHT	LEFT	R.Pupil Mean	L.Pupil Mean	R.Stim Mean	R.Stim Mean
%%%	INPUT:	RAW DATA	RAW DATA
%%%	STATE:	ABNORMAL	ABNORMAL	ABNORMAL	ABNORMAL	ABNORMAL	ABNORMAL
%%%	MAX(mm):	0.00	0.00	0.00	0.00	0.00	0.00
%%%	MIN(mm):	0.00	0.00	0.00	0.00	0.00	0.00
%%%	DELTA(mm):						
%%%	CH(%):						
%%%	LAT(sec):	0.00	0.00	0.00	0.00	0.00	0.00
%%%	CV(mm/s):	0.00	0.00	0.00	0.00	0.00	0.00
%%%	MCV(mm/s):	0.00	0.00	0.00	0.00	0.00	0.00
%%%	DV(mm/s):	0.00	0.00	0.00	0.00	0.00	0.00
%%%%%%%%%
%%%%%%%%%
%%%%%%%%%
%%%	Right Pupil Profile (1st row -> 1 == valid tracking, 0 == invalid tracking; 2nd row -> time; 3rd row -> diameter (mm))
%%%	1	1	1	1	1	1	1	0	1	1	1	1	1	1	1	1	1	1	1	1	1	1	1	1	1	1	1	1	1	1	1	1	1	1	1	1	1	1	1	1	1	1	1	1	1	1	1	1	1	1	1	1	1	1	1	1	1	1	0	1	1	0	1	1	1	0	0	1	1	1	1	0	1	1	1	1	1	1	1	1	0	0	1	1	1	1	1	1	1	0	1	0	1	1	1	1	1	1	1	1	1	1	1	0	1	1	0	1	1	1	1	1	0	0	1	1	1	1	1	1	1	1	1	1	1	1	0	0	1	0	1	1	0	1	0	1	1	1	1	1	1	1	1	1	1	1	1	0	0	1	1	1	1	1	1	1	0	1	1	1	1	1	1	1	1	1	1	1	1	0	1	1	1	1	1	1	1	1	1	1	1	1	0	0	1	1	0	1	1	1	0	1	1	0	0	1	1	1	1	1	1	1	1	1	1	1	1	0	1	1	1	1	1	1	1	1	1	1	1	1	1	1	1	0	1	1	1	1	1	0	1	1	1	1	1	1	1	1	1	0	0	1	1	1	1	1	1	1	1	1	1	1	0	1	1	1	1	1	1	1	0	1	1	1	1	0	1	1	1	1	1	1	1	1	0	1	1	1	1	0	0	1	1	1	1	1	1	0	0	1	1	1	1	0	1	1	1	1	1	0	1	1	1	1	1	0	0	0	1	0	0	0	0	1	0	1	1	0	0	0	0	0	0	0	0	0	0	0	0	1	0	1	1	0	0	0	0	0	0	0	1	1	1	1	1	1	1	1	1	1	0	0	1	0	1	1	0	0	1	1	0	0	1	0	0	1	1	0	1	1	0	1	0	1	0	1	1	1	0	0	0	0	0	0	0	0	1	1	1	0	0	0	1	1	0	0	0	1	1	1	0	1	1	0	0	1	0	0	1	1	1	1	1	1	0	0	1	1	0	1	1	0	1	1	0	1	0	0	1	0	0	1	1	1	1	0	1	1	0	0	1	1	1	0	0	1	0	1	1	1	0	1	0	1	1	0	0	0	0	0	0	1	0	0	1	0	1	0	1	1	1	1	0	0	0	0	0	1	1	1	0	1	0	0	0	0	1	1	0	0	1	0	0	1	1	0	0	0	0	1	1	0	1	0	1	0	1	1	1	0	0	0	0	0	1	0	0	1	0	1	0	1	0	0	0	0	0	0	1	0	0	1	0	0	0	0	1	1	0	1	1	1	1	0	1	0	1	0	1	1	1	0	1	0	1	1	0	1	1	0	0	0	1	0	1	0	0	1	0	1	1	1	0	0	1	0	0	0	1	0	0	1	0	0	1	0	1	1	0	0	1	0	1	0	0	0	1	1	1	0	0	1	1	1	1	0	1	1	1	1	1	1	1	0	1	0	1	1	0	1	1	1	0	1	0	1	1	0	0	1	0	1	0	1	0	1	1	1	0	1	1	0	0	1	1	0	1	1	1	1	0	1	0	0	1	1	0	1	1	0	0	1	1	1	1	1	0	1	0	1	1	1	1	0	1	1	0	1	1	0	1	0	1	1	1	1	1	1	0	1	0	1	1	0	0	0	0	1	0	1	1	1	0	1	1	1	0	1	1	0	1	1	1	1	1	1	1	1	0	0	1	0	1	0	1	1	0	0	0	1	0	1	1	1	0	1	1	1	0	1	0	1	0	1	1	1	0	0	0	0	1	0	1	1	1	0	0	1	1	1	1	1	1	1	1	0	1	1	1	1	1	0	1	1	0	1	1	1	0	1	1	0	0	1	0	1	1	1	0	1	0	1	1	1	1	0	1	0	0	1	1	1	1	0	1	0	0	0	0	1	0	1	1	1	1	1	1	1	0	1	1	1	1	1	1	1	0	1	1	0	0	0	1	1	1	1	1	1	1	1	1	1	1	1	1	1	1	1	1	1	1	1	1	1	0	0	1	0	0	1	0	0	1	0	0	0	0	0	0	0	1	0	1	1	0	0	0	0	0	1	0	0	1	1	0	1	1	1	1	0	1	0	1	0	0	1	1	1	1	1	0	1	1
%%%	-0.051000	-0.019000	0.012000	0.043000	0.074000	0.105000	0.137000	0.183000	0.215000	0.246000	0.277000	0.308000	0.339000	0.371000	0.417000	0.449000	0.480000	0.511000	0.542000	0.573000	0.605000	0.651000	0.683000	0.714000	0.745000	0.776000	0.807000	0.839000	0.870000	0.917000	0.948000	0.979000	1.010000	1.041000	1.073000	1.104000	1.151000	1.182000	1.213000	1.244000	1.275000	1.307000	1.338000	1.385000	1.416000	1.447000	1.478000	1.509000	1.541000	1.572000	1.603000	1.650000	1.681000	1.712000	1.743000	1.775000	1.806000	1.837000	1.884000	1.915000	1.946000	1.977000	2.009000	2.040000	2.071000	2.118000	2.149000	2.180000	2.211000	2.243000	2.274000	2.305000	2.336000	2.383000	2.414000	2.445000	2.477000	2.508000	2.539000	2.570000	2.617000	2.648000	2.679000	2.711000	2.742000	2.773000	2.804000	2.851000	2.882000	2.913000	2.945000	2.976000	3.007000	3.038000	3.069000	3.116000	3.147000	3.179000	3.210000	3.241000	3.272000	3.303000	3.350000	3.381000	3.413000	3.444000	3.475000	3.506000	3.537000	3.569000	3.615000	3.647000	3.678000	3.709000	3.740000	3.771000	3.803000	3.849000	3.881000	3.912000	3.943000	3.974000	4.005000	4.037000	4.068000	4.115000	4.146000	4.177000	4.208000	4.239000	4.271000	4.302000	4.349000	4.380000	4.411000	4.442000	4.473000	4.505000	4.536000	4.583000	4.614000	4.645000	4.676000	4.707000	4.739000	4.770000	4.801000	4.848000	4.879000	4.910000	4.941000	4.973000	5.004000	5.035000	5.082000	5.113000	5.144000	5.175000	5.207000	5.238000	5.269000	5.316000	5.347000	5.378000	5.409000	5.441000	5.472000	5.503000	5.534000	5.581000	5.612000	5.643000	5.675000	5.706000	5.737000	5.768000	5.815000	5.846000	5.877000	5.909000	5.940000	5.971000	6.002000	6.049000	6.080000	6.111000	6.143000	6.174000	6.205000	6.236000	6.267000	6.314000	6.345000	6.377000	6.408000	6.439000	6.470000	6.501000	6.548000	6.579000	6.611000	6.642000	6.673000	6.704000	6.735000	6.782000	6.813000	6.845000	6.876000	6.907000	6.938000	6.969000	7.001000	7.047000	7.079000	7.110000	7.141000	7.172000	7.203000	7.235000	7.281000	7.313000	7.344000	7.375000	7.406000	7.437000	7.469000	7.515000	7.547000	7.578000	7.609000	7.640000	7.671000	7.703000	7.734000	7.781000	7.812000	7.843000	7.874000	7.905000	7.937000	7.968000	7.999000	8.046000	8.077000	8.108000	8.139000	8.171000	8.202000	8.249000	8.280000	8.311000	8.342000	8.373000	8.405000	8.436000	8.467000	8.514000	8.545000	8.576000	8.607000	8.639000	8.670000	8.701000	8.732000	8.779000	8.810000	8.841000	8.873000	8.904000	8.935000	8.966000	9.013000	9.044000	9.075000	9.107000	9.138000	9.169000	9.200000	9.247000	9.278000	9.309000	9.341000	9.372000	9.403000	9.434000	9.465000	9.512000	9.543000	9.575000	9.606000	9.637000	9.668000	9.699000	9.746000	9.777000	9.809000	9.840000	9.871000	9.902000	9.933000	9.980000	10.011000	10.043000	10.074000	10.105000	10.136000	10.167000	10.199000	10.245000	10.277000	10.308000	10.339000	10.370000	10.401000	10.433000	10.479000	10.511000	10.542000	10.573000	10.604000	10.635000	10.667000	10.713000	10.745000	10.776000	10.807000	10.838000	10.869000	10.901000	10.932000	10.979000	11.010000	11.041000	11.072000	11.103000	11.135000	11.166000	11.213000	11.244000	11.275000	11.306000	11.337000	11.369000	11.400000	11.447000	11.478000	11.509000	11.540000	11.571000	11.603000	11.634000	11.665000	11.712000	11.743000	11.774000	11.805000	11.837000	11.868000	11.899000	11.946000	11.977000	12.008000	12.039000	12.071000	12.102000	12.133000	12.180000	12.211000	12.242000	12.273000	12.305000	12.336000	12.367000	12.398000	12.445000	12.476000	12.507000	12.539000	12.570000	12.601000	12.632000	12.663000	12.710000	12.741000	12.773000	12.804000	12.835000	12.866000	12.897000	12.944000	12.975000	13.007000	13.038000	13.069000	13.100000	13.131000	13.178000	13.209000	13.241000	13.272000	13.303000	13.334000	13.365000	13.397000	13.443000	13.475000	13.506000	13.537000	13.568000	13.599000	13.631000	13.677000	13.709000	13.740000	13.771000	13.802000	13.833000	13.865000	13.911000	13.943000	13.974000	14.005000	14.036000	14.067000	14.099000	14.130000	14.177000	14.208000	14.239000	14.270000	14.301000	14.333000	14.364000	14.411000	14.442000	14.473000	14.504000	14.535000	14.567000	14.598000	14.645000	14.676000	14.707000	14.738000	14.769000	14.801000	14.832000	14.863000	14.910000	14.941000	14.972000	15.003000	15.035000	15.066000	15.097000	15.144000	15.175000	15.206000	15.237000	15.269000	15.300000	15.331000	15.378000	15.409000	15.440000	15.471000	15.503000	15.534000	15.565000	15.596000	15.643000	15.674000	15.705000	15.737000	15.768000	15.799000	15.830000	15.877000	15.908000	15.939000	15.971000	16.002000	16.033000	16.064000	16.111000	16.142000	16.173000	16.205000	16.236000	16.267000	16.298000	16.329000	16.376000	16.407000	16.439000	16.470000	16.501000	16.532000	16.563000	16.610000	16.641000	16.673000	16.704000	16.735000	16.766000	16.797000	16.829000	16.875000	16.907000	16.938000	16.969000	17.000000	17.031000	17.063000	17.109000	17.141000	17.172000	17.203000	17.234000	17.265000	17.297000	17.343000	17.375000	17.406000	17.437000	17.468000	17.499000	17.531000	17.562000	17.609000	17.640000	17.671000	17.702000	17.733000	17.765000	17.796000	17.843000	17.874000	17.905000	17.936000	17.967000	17.999000	18.030000	18.077000	18.108000	18.139000	18.170000	18.201000	18.233000	18.264000	18.295000	18.342000	18.373000	18.404000	18.435000	18.467000	18.498000	18.529000	18.576000	18.607000	18.638000	18.669000	18.701000	18.732000	18.763000	18.794000	18.841000	18.872000	18.903000	18.935000	18.966000	18.997000	19.028000	19.075000	19.106000	19.137000	19.169000	19.200000	19.231000	19.262000	19.309000	19.340000	19.371000	19.403000	19.434000	19.465000	19.496000	19.527000	19.574000	19.605000	19.637000	19.668000	19.699000	19.730000	19.761000	19.808000	19.839000	19.871000	19.902000	19.933000	19.964000	19.995000	20.042000	20.073000	20.105000	20.136000	20.167000	20.198000	20.229000	20.261000	20.307000	20.339000	20.370000	20.401000	20.432000	20.463000	20.495000	20.541000	20.573000	20.604000	20.635000	20.666000	20.697000	20.729000	20.760000	20.807000	20.838000	20.869000	20.900000	20.931000	20.963000	20.994000	21.041000	21.072000	21.103000	21.134000	21.165000	21.197000	21.228000	21.275000	21.306000	21.337000	21.368000	21.399000	21.431000	21.462000	21.493000	21.540000	21.571000	21.602000	21.633000	21.665000	21.696000	21.727000	21.774000	21.805000	21.836000	21.867000	21.899000	21.930000	21.961000	22.008000	22.039000	22.070000	22.101000	22.133000	22.164000	22.195000	22.226000	22.273000	22.304000	22.335000	22.367000	22.398000	22.429000	22.460000	22.507000	22.538000	22.569000	22.601000	22.632000	22.663000	22.694000	22.741000	22.772000	22.803000	22.835000	22.866000	22.897000	22.928000	22.959000	23.006000	23.037000	23.069000	23.100000	23.131000	23.162000	23.193000	23.240000	23.271000	23.303000	23.334000	23.365000	23.396000	23.427000	23.474000	23.505000	23.537000	23.568000	23.599000	23.630000	23.661000	23.693000	23.739000	23.771000	23.802000	23.833000	23.864000	23.895000	23.927000	23.973000	24.005000	24.036000	24.067000	24.098000	24.129000	24.161000	24.207000	24.239000	24.270000	24.301000	24.332000	24.363000	24.395000	24.426000	24.473000	24.504000	24.535000	24.566000	24.597000	24.629000	24.660000	24.691000	24.738000	24.769000	24.800000	24.831000	24.863000	24.894000	24.925000	24.972000	25.003000	25.034000	25.065000	25.097000	25.128000	25.159000	25.206000	25.237000	25.268000	25.299000	25.331000	25.362000	25.393000	25.424000	25.471000	25.502000	25.533000	25.565000	25.596000	25.627000	25.658000	25.705000	25.736000	25.767000	25.799000	25.830000	25.861000	25.892000	25.939000	25.970000	26.001000	26.033000	26.064000	26.095000	26.126000	26.157000	26.204000	26.235000	26.267000	26.298000	26.329000	26.360000	26.391000	26.438000	26.469000	26.501000	26.532000	26.563000	26.594000	26.625000	26.672000	26.704000	26.735000	26.766000	26.797000	26.828000	26.860000	26.891000	26.938000	26.969000	27.000000	27.031000	27.062000	27.094000	27.125000	27.172000	27.203000	27.234000	27.265000	27.296000	27.328000	27.359000	27.406000	27.437000	27.468000	27.499000	27.530000	27.562000	27.593000	27.624000	27.671000	27.702000	27.733000	27.764000	27.796000	27.827000	27.858000	27.905000	27.936000	27.967000	27.998000	28.030000	28.061000	28.092000	28.139000	28.170000	28.201000	28.232000	28.264000	28.295000	28.326000	28.357000	28.404000	28.435000	28.466000	28.498000	28.529000	28.560000	28.591000	28.622000	28.669000	28.700000	28.732000	28.763000	28.794000	28.825000	28.856000	28.903000	28.934000	28.966000	28.997000	29.028000	29.059000	29.090000	29.137000	29.168000	29.200000	29.231000	29.262000	29.293000	29.324000	29.356000	29.402000	29.434000	29.465000	29.496000	29.527000	29.558000	29.590000	29.636000	29.668000	29.699000	29.730000	29.761000	29.792000	29.824000	29.870000	29.902000	29.933000	29.964000	29.995000
%%%	1.281014	1.251014	1.249420	1.240580	1.252174	1.268551	1.274493	1.463623	1.253768	1.287681	1.263768	1.267681	1.272754	1.246232	1.255942	1.255942	1.278841	1.279420	1.279275	1.256667	1.258116	1.240580	1.249275	1.267971	1.263768	1.249275	1.255942	1.238551	1.216232	1.181449	1.191304	1.181014	1.147246	1.153623	1.081015	1.033623	1.043478	1.008116	0.981449	0.964058	0.927536	0.928986	0.932029	0.908551	0.897971	0.901594	0.866812	0.886957	0.883623	0.855507	0.869565	0.855507	0.859710	0.861014	0.857536	0.852754	0.839710	0.814638	0.708116	0.759855	0.813623	0.633188	0.818406	0.805942	0.814638	1.175073	0.783188	0.815942	0.782029	0.834783	0.809855	1.220145	0.814928	0.800000	0.765797	0.811594	0.816377	0.838551	0.814638	0.801015	0.347826	0.417391	0.835942	0.829855	0.815942	0.857536	0.820290	0.840145	0.836377	1.329855	0.835362	0.584203	0.846377	0.858116	0.876812	0.876812	0.869565	0.857681	0.847101	0.869565	0.865797	0.843478	0.866232	1.285942	0.857681	0.869565	1.367391	0.857681	0.892754	0.856377	0.865797	0.893333	0.581594	1.402899	0.885507	0.866377	0.909855	0.884493	0.879275	0.901449	0.904928	0.872754	0.902754	0.869565	0.892754	0.899855	1.291159	0.869565	0.894058	1.305942	0.874058	0.903188	1.420725	0.874058	1.371015	0.893188	0.893333	0.869565	0.884928	0.894638	0.922899	0.881159	0.885797	0.928841	0.927681	0.894493	0.920145	1.334928	1.355508	0.905362	0.898551	0.916812	0.964203	0.916377	0.932029	0.916812	1.274058	0.915942	0.950725	0.951159	0.927101	0.940290	0.985507	0.942754	0.931594	0.939855	0.985507	0.926667	0.972464	1.379710	0.959275	0.955507	0.915942	0.938116	0.903188	0.926667	0.903188	0.886957	0.960870	0.929275	0.962319	0.926667	0.736377	0.642899	0.876232	0.912029	0.894493	0.951159	0.934203	0.918406	1.446232	0.954928	0.955942	1.356522	1.435942	0.946667	0.964058	0.973913	0.931015	0.938116	0.938116	0.954928	0.974928	0.964058	0.962319	0.953333	0.988116	1.681159	0.981015	0.953333	0.966232	0.988116	0.972754	0.991304	0.989855	1.034928	1.015797	1.007102	1.002899	1.007101	0.997246	1.008696	0.992754	1.445072	1.026232	1.007102	0.989710	1.007102	1.007102	1.366377	1.022319	1.007536	1.042319	1.078841	1.031015	1.053333	1.040290	1.079275	1.007536	1.426087	0.998985	1.009420	1.078841	1.059855	1.088116	1.079275	1.078841	1.114203	1.025072	1.059855	1.060145	0.991449	0.927536	1.042754	1.022319	1.070145	1.123333	1.081594	1.078841	1.105507	1.055072	1.090290	1.120725	1.132754	1.113623	1.384493	1.081449	1.132754	1.147826	1.055072	1.133333	1.146232	1.117536	1.118551	1.475507	1.118551	1.112464	1.136232	1.133333	1.733768	1.070145	1.140725	1.181014	1.147826	1.174493	1.151014	1.168551	1.436957	1.462899	1.147826	1.155362	1.171159	1.147826	1.489710	1.137681	1.177101	1.229855	1.211449	1.333333	1.843478	1.217391	1.222899	1.202899	1.205362	1.217391	1.790145	1.240580	1.150580	1.286957	1.310145	1.205942	0.987101	0.848406	1.225073	0.722899	0.988116	1.266812	1.426087	1.078261	1.212029	1.005797	0.932029	1.251594	1.082029	1.062029	1.553480	0.347826	0.347826	0.742898	1.309855	1.171015	1.341884	1.309855	0.915797	0.347826	0.347826	0.625507	0.938116	1.340145	1.368406	1.362319	1.375073	1.371449	1.321739	1.378841	1.343478	1.388551	1.379855	1.405362	1.402899	1.909855	1.946667	1.414493	1.947826	2.040580	1.423623	1.838551	1.796088	1.420290	1.427101	1.875507	1.871015	1.438116	1.980290	1.996232	1.406232	1.427246	1.752029	2.121739	1.424927	2.077536	2.168116	1.843478	1.445072	1.959420	2.158116	1.416377	1.448551	1.704348	1.735942	1.866667	1.816667	1.791449	2.002754	2.005797	2.168116	1.414058	2.133768	1.437536	1.970725	2.033623	2.068551	1.436377	1.432029	1.982609	2.083188	2.046232	2.121739	2.028985	1.410290	2.098840	2.086957	2.162464	1.997101	1.930435	1.438116	1.982609	2.168116	1.407536	2.087536	2.068551	2.075362	1.425073	1.866667	1.996232	1.965362	2.168116	1.421884	2.052174	2.121739	1.435362	1.959710	2.046377	1.402899	1.825507	1.436232	1.797101	2.008116	1.435362	1.870580	1.831014	2.028985	1.415942	1.429420	1.452029	2.028985	2.054928	1.426087	2.051014	1.901594	1.426087	1.420290	1.878261	1.915072	1.981449	1.843478	1.867536	1.472319	1.877681	2.088116	2.086957	1.426667	1.964782	1.444493	1.449275	2.019275	1.897536	2.007536	1.976667	1.911014	1.826667	2.074927	1.864638	2.075362	1.834203	1.965217	1.892899	1.889855	2.075362	2.062464	2.198840	2.225073	2.106667	1.975362	1.959420	1.999420	1.992754	1.611594	2.098551	2.121739	2.075362	2.121739	1.890725	2.075362	2.024638	2.138986	2.158841	2.079855	1.797101	1.907681	2.075362	1.954928	1.999420	2.121739	2.125073	2.105507	2.018116	1.884058	2.005797	2.139710	2.158985	1.764493	2.160145	1.902029	2.104493	2.126667	1.476087	2.121884	2.191304	1.947826	1.987971	1.844493	1.971015	1.981449	2.161884	2.052174	2.075362	2.098551	1.982609	2.151449	1.935362	2.142319	2.050290	1.876667	2.075362	1.888116	1.901594	2.149710	1.928116	2.168116	1.935362	1.469565	1.913043	2.168116	1.982609	1.982609	2.175362	2.121739	1.857101	2.052174	2.075362	1.446667	2.069565	1.982609	2.086957	1.998986	2.132029	1.913043	2.129420	2.160290	2.154203	2.057681	2.109275	2.012319	1.431159	2.068986	2.105942	2.134783	2.096812	2.036377	2.087971	1.843478	2.121739	2.168116	1.426667	1.889855	2.075362	2.168116	2.085797	1.455072	2.121739	2.139710	2.042029	1.843478	1.439855	2.014493	1.997246	2.006087	1.460870	1.843478	2.092319	1.435942	2.017391	1.902899	2.075362	1.739130	2.053333	2.168116	1.875073	2.039855	1.843478	1.975507	2.103768	2.040580	1.797101	1.938551	1.466667	2.133333	2.088116	2.014203	1.795797	1.888406	2.049710	2.161449	2.121159	2.091884	2.100145	1.460870	1.466812	2.121739	1.756522	2.154058	1.496667	1.982609	2.168116	2.087536	2.035507	1.464493	1.713043	2.098551	2.052174	1.444638	1.947826	2.124493	1.974058	2.088116	2.032029	2.144928	2.260870	1.472899	1.913043	1.451594	1.947246	1.999420	1.994058	2.144928	2.105362	2.121739	2.089130	2.084058	2.139710	1.704348	1.982609	2.087971	2.121739	2.020145	1.999420	2.087536	2.168116	2.097102	2.075362	2.054928	2.050580	1.762319	2.075362	2.140290	2.168116	2.075362	2.063768	2.075362	1.785507	2.139710	2.086957	2.163188	2.137102	2.120145	2.088116	2.129420	1.994493	2.124203	2.156522	2.150435	2.164638	2.168116	2.162029	2.168116	2.156522	2.114493	2.190290	2.168116	2.168116	2.051450	2.118551	2.123768	2.156522	2.164203	2.124493	2.107536	2.087536	2.144928	2.090290	2.013623	2.200580	2.075362	2.087536	2.157101	2.139130	2.121739	2.040580	2.198986	2.168116	2.087681	2.161884	2.194203	2.156522	2.163188	2.077536	2.076378	2.191304	2.079420	2.155942	2.098551	2.048551	2.168116	2.091884	2.173913	2.113623	2.062029	2.125073	2.044928	2.168116	2.000000	2.096812	2.047101	2.127536	2.098551	2.191304	2.062029	2.160145	2.168696	2.087971	1.855072	2.121739	2.112029	2.028985	2.157971	2.160145	2.191304	1.924638	2.144928	1.971159	2.088551	2.087536	2.144638	2.179855	2.164493	2.139275	2.121739	1.982029	2.052174	2.162029	2.052174	2.140290	2.131884	2.147101	2.098551	2.017391	2.168116	2.157536	2.086957	2.121884	2.155942	2.135797	2.121884	2.131014	1.982609	2.138551	2.156667	2.198840	2.163188	2.084058	1.975073	2.150145	2.127536	2.098551	2.149420	2.121739	2.075362	2.184058	2.118986	1.982609	1.998986	1.982609	2.131449	2.055942	2.109275	2.096812	2.184783	2.144058	2.190290	2.144928	2.105362	1.929855	2.131014	2.090290	2.101014	2.173913	2.144928	2.120580	2.118551	2.110145	2.095072	2.156522	2.038116	2.260870	2.179710	2.104928	1.959420	2.060725	2.133333	2.098551	2.173913	1.495652	2.129855	2.168116	2.130580	2.082029	2.134203	1.929275	2.096812	2.121739	2.168116	2.197246	2.168116	2.110145	2.083768	1.892464	2.168116	2.118551	2.052754	2.052174	2.086957	2.087971	2.087536	2.066667	2.098551	2.121739	2.094203	2.151594	2.123333	2.087536	2.050290	2.067971	2.168116	2.075362	2.041884	2.019275	2.088551	2.096812	2.077971	2.105362	2.075362	2.075362	2.043623	1.987681	1.976667	1.542029	1.820290	1.797101	1.477246	1.843478	1.827246	1.503768	1.774058	1.854493	1.860870	1.955362	1.789710	1.672319	1.785072	1.472899	1.797101	1.472464	1.501594	1.854928	1.913043	1.901014	1.948551	1.994638	2.031014	2.019855	2.012319	1.982609	2.056522	1.982609	2.028985	2.168116	2.052174	2.046232	1.998986	1.911014	1.982609	1.984058	1.946812	2.026232	2.034203	2.050580	2.122319	2.052029	2.047826	2.051160	2.144928	2.088551
%%%	Left Pupil Profile (1st row -> 1 == valid tracking, 0 == invalid tracking; 2nd row -> time; 3rd row -> diameter (mm))
%%%	0	0	0	0	0	0	0	0	0	0	0	0	0	0	0	0	0	0	0	0	0	0	0	0	0	0	0	0	0	0	0	0	0	0	0	0	0	0	0	0	0	0	0	0	0	0	0	0	0	0	0	0	0	0	0	0	0	0	0	0	0	0	0	0	0	0	0	0	0	0	0	0	0	0	0	0	0	0	0	0	0	0	0	0	0	0	0	0	0	0	0	0	0	0	0	0	0	0	0	0	0	0	0	0	0	0	0	0	0	0	0	0	0	0	0	0	0	0	0	0	0	0	0	0	0	0	0	0	0	0	0	0	0	0	0	0	0	0	0	0	0	0	0	0	0	0	0	0	0	0	0	0	0	0	0	0	0	0	0	0	0	0	0	0	0	0	0	0	0	0	0	0	0	0	0	0	0	0	0	0	0	0	0	0	0	0	0	0	0	0	0	0	0	0	0	0	0	0	0	0	0	0	0	0	0	0	0	0	0	0	0	0	0	0	0	0	0	0	0	0	0	0	0	0	0	0	0	0	0	0	0	0	0	0	0	0	0	0	0	0	0	0	0	0	0	0	0	0	0	0	0	0	0	0	0	0	0	0	0	0	0	0	0	0	0	0	0	0	0	0	0	0	0	0	0	0	0	0	0	0	0	0	0	0	0	0	0	0	0	0	0	0	0	0	0	0	0	0	0	0	0	0	0	0	0	0	0	0	0	0	0	0	0	0	0	0	0	0	0	0	0	0	0	0	0	0	0	0	0	0	0	0	0	0	0	0	0	0	0	0	0	0	0	0	0	0	0	0	0	0	0	0	0	0	0	0	0	0	0	0	0	0	0	0	0	0	0	0	0	0	0	0	0	0	0	0	0	0	0	0	0	0	0	0	0	0	0	0	0	0	0	0	0	0	0	0	0	0	0	0	0	0	0	0	0	0	0	0	0	0	0	0	0	0	0	0	0	0	0	0	0	0	0	0	0	0	0	0	0	0	0	0	0	0	0	0	0	0	0	0	0	0	0	0	0	0	0	0	0	0	0	0	0	0	0	0	0	0	0	0	0	0	0	0	0	0	0	0	0	0	0	0	0	0	0	0	0	0	0	0	0	0	0	0	0	0	0	0	0	0	0	0	0	0	0	0	0	0	0	0	0	0	0	0	0	0	0	0	0	0	0	0	0	0	0	0	0	0	0	0	0	0	0	0	0	0	0	0	0	0	0	0	0	0	0	0	0	0	0	0	0	0	0	0	0	0	0	0	0	0	0	0	0	0	0	0	0	0	0	0	0	0	0	0	0	0	0	0	0	0	0	0	0	0	0	0	0	0	0	0	0	0	0	0	0	0	0	0	0	0	0	0	0	0	0	0	0	0	0	0	0	0	0	0	0	0	0	0	0	0	0	0	0	0	0	0	0	0	0	0	0	0	0	0	0	0	0	0	0	0	0	0	0	0	0	0	0	0	0	0	0	0	0	0	0	0	0	0	0	0	0	0	0	0	0	0	0	0	0	0	0	0	0	0	0	0	0	0	0	0	0	0	0	0	0	0	0	0	0	0	0	0	0	0	0	0	0	0	0	0	0	0	0	0	0	0	0	0	0	0	0	0	0	0	0	0	0	0	0	0	0	0	0	0	0	0	0	0	0	0	0	0	0	0	0	0	0	0	0	0	0	0	0	0	0	0	0	0	0	0	0	0	0	0	0	0	0	0	0	0	0	0	0	0	0	0	0	0	0	0	0	0	0	0	0	0	0	0	0	0	0	0	0	0	0	0	0	0	0	0	0	0	0	0	0	0	0	0	0	0	0	0	0	0	0	0	0	0	0	0	0	0	0	0	0	0	0	0	0	0	0	0	0	0	0	0	0	0	0	0	0	0	0	0	0	0	0	0	0	0	0	0	0	0	0	0	0	0	0	0	0	0	0	0	0	0	0	0	0	0	0	0	0	0	0	0	0	0	0	0	0	0	0	0	0	0	0	0	0	0	0	0	0	0	0	0	0	0	0	0	0	0	0	0	0	0	0	0	0	0	0	0	0	0	0	0	0	0	0	0	0	0	0
%%%	-0.067000	-0.036000	0.011000	0.042000	0.074000	0.105000	0.136000	0.167000	0.198000	0.245000	0.276000	0.308000	0.339000	0.370000	0.401000	0.432000	0.479000	0.510000	0.542000	0.573000	0.604000	0.635000	0.666000	0.698000	0.744000	0.776000	0.807000	0.838000	0.869000	0.900000	0.932000	0.978000	1.010000	1.041000	1.072000	1.103000	1.134000	1.166000	1.197000	1.244000	1.275000	1.306000	1.337000	1.368000	1.400000	1.431000	1.478000	1.509000	1.540000	1.571000	1.602000	1.634000	1.665000	1.696000	1.743000	1.774000	1.805000	1.836000	1.868000	1.899000	1.930000	1.977000	2.008000	2.039000	2.070000	2.102000	2.133000	2.164000	2.211000	2.242000	2.273000	2.304000	2.336000	2.367000	2.398000	2.429000	2.476000	2.507000	2.538000	2.570000	2.601000	2.632000	2.663000	2.710000	2.741000	2.772000	2.804000	2.835000	2.866000	2.897000	2.944000	2.975000	3.006000	3.038000	3.069000	3.100000	3.131000	3.162000	3.209000	3.240000	3.272000	3.303000	3.334000	3.365000	3.396000	3.443000	3.474000	3.506000	3.537000	3.568000	3.599000	3.630000	3.677000	3.708000	3.740000	3.771000	3.802000	3.833000	3.864000	3.896000	3.942000	3.974000	4.005000	4.036000	4.067000	4.098000	4.130000	4.176000	4.208000	4.239000	4.270000	4.301000	4.332000	4.364000	4.410000	4.442000	4.473000	4.504000	4.535000	4.566000	4.598000	4.629000	4.676000	4.707000	4.738000	4.769000	4.800000	4.832000	4.863000	4.910000	4.941000	4.972000	5.003000	5.034000	5.066000	5.097000	5.128000	5.175000	5.206000	5.237000	5.268000	5.300000	5.331000	5.362000	5.409000	5.440000	5.471000	5.502000	5.534000	5.565000	5.596000	5.643000	5.674000	5.705000	5.736000	5.768000	5.799000	5.830000	5.861000	5.908000	5.939000	5.970000	6.002000	6.033000	6.064000	6.095000	6.142000	6.173000	6.204000	6.236000	6.267000	6.298000	6.329000	6.376000	6.407000	6.438000	6.470000	6.501000	6.532000	6.563000	6.594000	6.641000	6.672000	6.704000	6.735000	6.766000	6.797000	6.828000	6.875000	6.906000	6.938000	6.969000	7.000000	7.031000	7.062000	7.109000	7.140000	7.172000	7.203000	7.234000	7.265000	7.296000	7.328000	7.374000	7.406000	7.437000	7.468000	7.499000	7.530000	7.562000	7.608000	7.640000	7.671000	7.702000	7.733000	7.764000	7.796000	7.827000	7.874000	7.905000	7.936000	7.967000	7.998000	8.030000	8.061000	8.108000	8.139000	8.170000	8.201000	8.232000	8.264000	8.295000	8.342000	8.373000	8.404000	8.435000	8.466000	8.498000	8.529000	8.560000	8.607000	8.638000	8.669000	8.700000	8.732000	8.763000	8.794000	8.841000	8.872000	8.903000	8.934000	8.966000	8.997000	9.028000	9.059000	9.106000	9.137000	9.168000	9.200000	9.231000	9.262000	9.293000	9.340000	9.371000	9.402000	9.434000	9.465000	9.496000	9.527000	9.574000	9.605000	9.636000	9.668000	9.699000	9.730000	9.761000	9.792000	9.839000	9.870000	9.902000	9.933000	9.964000	9.995000	10.026000	10.073000	10.104000	10.136000	10.167000	10.198000	10.229000	10.260000	10.307000	10.338000	10.370000	10.401000	10.432000	10.463000	10.494000	10.526000	10.572000	10.604000	10.635000	10.666000	10.697000	10.728000	10.760000	10.806000	10.838000	10.869000	10.900000	10.931000	10.962000	10.994000	11.040000	11.072000	11.103000	11.134000	11.165000	11.196000	11.228000	11.259000	11.306000	11.337000	11.368000	11.399000	11.430000	11.462000	11.493000	11.540000	11.571000	11.602000	11.633000	11.664000	11.696000	11.727000	11.774000	11.805000	11.836000	11.867000	11.898000	11.930000	11.961000	11.992000	12.039000	12.070000	12.101000	12.132000	12.164000	12.195000	12.226000	12.273000	12.304000	12.335000	12.366000	12.398000	12.429000	12.460000	12.507000	12.538000	12.569000	12.600000	12.632000	12.663000	12.694000	12.725000	12.772000	12.803000	12.834000	12.866000	12.897000	12.928000	12.959000	12.990000	13.037000	13.068000	13.100000	13.131000	13.162000	13.193000	13.224000	13.271000	13.302000	13.334000	13.365000	13.396000	13.427000	13.458000	13.505000	13.536000	13.568000	13.599000	13.630000	13.661000	13.692000	13.724000	13.770000	13.802000	13.833000	13.864000	13.895000	13.926000	13.958000	14.004000	14.036000	14.067000	14.098000	14.129000	14.160000	14.192000	14.238000	14.270000	14.301000	14.332000	14.363000	14.394000	14.426000	14.457000	14.504000	14.535000	14.566000	14.597000	14.628000	14.660000	14.691000	14.738000	14.769000	14.800000	14.831000	14.862000	14.894000	14.925000	14.972000	15.003000	15.034000	15.065000	15.096000	15.128000	15.159000	15.190000	15.237000	15.268000	15.299000	15.330000	15.362000	15.393000	15.424000	15.471000	15.502000	15.533000	15.564000	15.596000	15.627000	15.658000	15.705000	15.736000	15.767000	15.798000	15.830000	15.861000	15.892000	15.923000	15.970000	16.001000	16.032000	16.064000	16.095000	16.126000	16.157000	16.204000	16.235000	16.266000	16.298000	16.329000	16.360000	16.391000	16.438000	16.469000	16.500000	16.532000	16.563000	16.594000	16.625000	16.656000	16.703000	16.734000	16.766000	16.797000	16.828000	16.859000	16.890000	16.922000	16.968000	17.000000	17.031000	17.062000	17.093000	17.124000	17.156000	17.202000	17.234000	17.265000	17.296000	17.327000	17.358000	17.390000	17.436000	17.468000	17.499000	17.530000	17.561000	17.592000	17.624000	17.655000	17.702000	17.733000	17.764000	17.795000	17.826000	17.858000	17.889000	17.936000	17.967000	17.998000	18.029000	18.060000	18.092000	18.123000	18.170000	18.201000	18.232000	18.263000	18.294000	18.326000	18.357000	18.388000	18.435000	18.466000	18.497000	18.528000	18.560000	18.591000	18.622000	18.669000	18.700000	18.731000	18.762000	18.794000	18.825000	18.856000	18.903000	18.934000	18.965000	18.996000	19.028000	19.059000	19.090000	19.121000	19.168000	19.199000	19.230000	19.262000	19.293000	19.324000	19.355000	19.402000	19.433000	19.464000	19.496000	19.527000	19.558000	19.589000	19.636000	19.667000	19.698000	19.730000	19.761000	19.792000	19.823000	19.854000	19.901000	19.932000	19.964000	19.995000	20.026000	20.057000	20.088000	20.135000	20.166000	20.198000	20.229000	20.260000	20.291000	20.322000	20.369000	20.400000	20.432000	20.463000	20.494000	20.525000	20.556000	20.588000	20.634000	20.666000	20.697000	20.728000	20.759000	20.790000	20.822000	20.853000	20.900000	20.931000	20.962000	20.993000	21.024000	21.056000	21.087000	21.134000	21.165000	21.196000	21.227000	21.258000	21.290000	21.321000	21.368000	21.399000	21.430000	21.461000	21.492000	21.524000	21.555000	21.586000	21.633000	21.664000	21.695000	21.726000	21.758000	21.789000	21.820000	21.867000	21.898000	21.929000	21.960000	21.992000	22.023000	22.054000	22.101000	22.132000	22.163000	22.194000	22.226000	22.257000	22.288000	22.319000	22.366000	22.397000	22.428000	22.460000	22.491000	22.522000	22.553000	22.600000	22.631000	22.662000	22.694000	22.725000	22.756000	22.787000	22.834000	22.865000	22.896000	22.928000	22.959000	22.990000	23.021000	23.052000	23.099000	23.130000	23.162000	23.193000	23.224000	23.255000	23.286000	23.333000	23.364000	23.396000	23.427000	23.458000	23.489000	23.520000	23.567000	23.598000	23.630000	23.661000	23.692000	23.723000	23.754000	23.786000	23.832000	23.864000	23.895000	23.926000	23.957000	23.988000	24.020000	24.066000	24.098000	24.129000	24.160000	24.191000	24.222000	24.254000	24.300000	24.332000	24.363000	24.394000	24.425000	24.456000	24.488000	24.519000	24.566000	24.597000	24.628000	24.659000	24.690000	24.722000	24.753000	24.800000	24.831000	24.862000	24.893000	24.924000	24.956000	24.987000	25.018000	25.065000	25.096000	25.127000	25.158000	25.190000	25.221000	25.252000	25.299000	25.330000	25.361000	25.392000	25.424000	25.455000	25.486000	25.517000	25.564000	25.595000	25.626000	25.658000	25.689000	25.720000	25.751000	25.798000	25.829000	25.860000	25.892000	25.923000	25.954000	25.985000	26.032000	26.063000	26.094000	26.126000	26.157000	26.188000	26.219000	26.250000	26.297000	26.328000	26.360000	26.391000	26.422000	26.453000	26.484000	26.531000	26.562000	26.594000	26.625000	26.656000	26.687000	26.719000	26.765000	26.797000	26.828000	26.859000	26.890000	26.921000	26.953000	26.984000	27.031000	27.062000	27.093000	27.124000	27.155000	27.187000	27.218000	27.265000	27.296000	27.327000	27.358000	27.389000	27.421000	27.452000	27.499000	27.530000	27.561000	27.592000	27.623000	27.655000	27.686000	27.717000	27.764000	27.795000	27.826000	27.857000	27.889000	27.920000	27.951000	27.998000	28.029000	28.060000	28.091000	28.123000	28.154000	28.185000	28.232000	28.263000	28.294000	28.325000	28.357000	28.388000	28.419000	28.450000	28.497000	28.528000	28.559000	28.591000	28.622000	28.653000	28.684000	28.731000	28.762000	28.793000	28.825000	28.856000	28.887000	28.918000	28.949000	28.996000	29.027000	29.059000	29.090000	29.121000	29.152000	29.183000	29.230000	29.261000	29.293000	29.324000	29.355000	29.386000	29.417000	29.464000	29.495000	29.527000	29.558000	29.589000	29.620000	29.651000	29.683000	29.729000	29.761000	29.792000	29.823000	29.854000	29.885000	29.917000	29.963000	29.995000
%%%	13.913043	13.913043	13.913043	13.913043	13.913043	13.913043	13.913043	13.913043	13.913043	13.913043	13.913043	13.913043	13.913043	13.913043	13.913043	13.913043	13.913043	13.913043	13.913043	13.913043	13.913043	13.913043	13.913043	13.913043	13.913043	13.913043	13.913043	13.913043	13.913043	13.913043	13.913043	13.913043	13.913043	13.913043	13.913043	13.913043	13.913043	13.913043	13.913043	13.913043	13.913043	13.913043	13.913043	13.913043	13.913043	13.913043	13.913043	13.913043	13.913043	13.913043	13.913043	13.913043	13.913043	13.913043	13.913043	13.913043	13.913043	13.913043	13.913043	13.913043	13.913043	13.913043	13.913043	13.913043	13.913043	13.913043	13.913043	13.913043	13.913043	13.913043	13.913043	13.913043	13.913043	13.913043	13.913043	13.913043	13.913043	13.913043	13.913043	13.913043	13.913043	13.913043	13.913043	13.913043	13.913043	13.913043	13.913043	13.913043	13.913043	13.913043	13.913043	13.913043	13.913043	13.913043	13.913043	13.913043	13.913043	13.913043	13.913043	13.913043	13.913043	13.913043	13.913043	13.913043	13.913043	13.913043	13.913043	13.913043	13.913043	13.913043	13.913043	13.913043	13.913043	13.913043	13.913043	13.913043	13.913043	13.913043	13.913043	13.913043	13.913043	13.913043	13.913043	13.913043	13.913043	13.913043	13.913043	13.913043	13.913043	13.913043	13.913043	13.913043	13.913043	13.913043	13.913043	13.913043	13.913043	13.913043	13.913043	13.913043	13.913043	13.913043	13.913043	13.913043	13.913043	13.913043	13.913043	13.913043	13.913043	13.913043	13.913043	13.913043	13.913043	13.913043	13.913043	13.913043	13.913043	13.913043	13.913043	13.913043	13.913043	13.913043	13.913043	13.913043	13.913043	13.913043	13.913043	13.913043	13.913043	13.913043	13.913043	13.913043	13.913043	13.913043	13.913043	13.913043	13.913043	13.913043	13.913043	13.913043	13.913043	13.913043	13.913043	13.913043	13.913043	13.913043	13.913043	13.913043	13.913043	13.913043	13.913043	13.913043	13.913043	13.913043	13.913043	13.913043	13.913043	13.913043	13.913043	13.913043	13.913043	13.913043	13.913043	13.913043	13.913043	13.913043	13.913043	13.913043	13.913043	13.913043	13.913043	13.913043	13.913043	13.913043	13.913043	13.913043	13.913043	13.913043	13.913043	13.913043	13.913043	13.913043	13.913043	13.913043	13.913043	13.913043	13.913043	13.913043	13.913043	13.913043	13.913043	13.913043	13.913043	13.913043	13.913043	13.913043	13.913043	13.913043	13.913043	13.913043	13.913043	13.913043	13.913043	13.913043	13.913043	13.913043	13.913043	13.913043	13.913043	13.913043	13.913043	13.913043	13.913043	13.913043	13.913043	13.913043	13.913043	13.913043	13.913043	13.913043	13.913043	13.913043	13.913043	13.913043	13.913043	13.913043	13.913043	13.913043	13.913043	13.913043	13.913043	13.913043	13.913043	13.913043	13.913043	13.913043	13.913043	13.913043	13.913043	13.913043	13.913043	13.913043	13.913043	13.913043	13.913043	13.913043	13.913043	13.913043	13.913043	13.913043	13.913043	13.913043	13.913043	13.913043	13.913043	13.913043	13.913043	13.913043	13.913043	13.913043	13.913043	13.913043	13.913043	13.913043	13.913043	13.913043	13.913043	13.913043	13.913043	13.913043	13.913043	13.913043	13.913043	13.913043	13.913043	13.913043	13.913043	13.913043	13.913043	13.913043	13.913043	13.913043	13.913043	13.913043	13.913043	13.913043	13.913043	13.913043	13.913043	13.913043	13.913043	13.913043	13.913043	13.913043	13.913043	13.913043	13.913043	13.913043	13.913043	13.913043	13.913043	13.913043	13.913043	13.913043	13.913043	13.913043	13.913043	13.913043	13.913043	13.913043	13.913043	13.913043	13.913043	13.913043	13.913043	13.913043	13.913043	13.913043	13.913043	13.913043	13.913043	13.913043	13.913043	13.913043	13.913043	13.913043	13.913043	13.913043	13.913043	13.913043	13.913043	13.913043	13.913043	13.913043	13.913043	13.913043	13.913043	13.913043	13.913043	13.913043	13.913043	13.913043	13.913043	13.913043	13.913043	13.913043	13.913043	13.913043	13.913043	13.913043	13.913043	13.913043	13.913043	13.913043	13.913043	13.913043	13.913043	13.913043	13.913043	13.913043	13.913043	13.913043	13.913043	13.913043	13.913043	13.913043	13.913043	13.913043	13.913043	13.913043	13.913043	13.913043	13.913043	13.913043	13.913043	13.913043	13.913043	13.913043	13.913043	13.913043	13.913043	13.913043	13.913043	13.913043	13.913043	13.913043	13.913043	13.913043	13.913043	13.913043	13.913043	13.913043	13.913043	13.913043	13.913043	13.913043	13.913043	13.913043	13.913043	13.913043	13.913043	13.913043	13.913043	13.913043	13.913043	13.913043	13.913043	13.913043	13.913043	13.913043	13.913043	13.913043	13.913043	13.913043	13.913043	13.913043	13.913043	13.913043	13.913043	13.913043	13.913043	13.913043	13.913043	13.913043	13.913043	13.913043	13.913043	13.913043	13.913043	13.913043	13.913043	13.913043	13.913043	13.913043	13.913043	13.913043	13.913043	13.913043	13.913043	13.913043	13.913043	13.913043	13.913043	13.913043	13.913043	13.913043	13.913043	13.913043	13.913043	13.913043	13.913043	13.913043	13.913043	13.913043	13.913043	13.913043	13.913043	13.913043	13.913043	13.913043	13.913043	13.913043	13.913043	13.913043	13.913043	13.913043	13.913043	13.913043	13.913043	13.913043	13.913043	13.913043	13.913043	13.913043	13.913043	13.913043	13.913043	13.913043	13.913043	13.913043	13.913043	13.913043	13.913043	13.913043	13.913043	13.913043	13.913043	13.913043	13.913043	13.913043	13.913043	13.913043	13.913043	13.913043	13.913043	13.913043	13.913043	13.913043	13.913043	13.913043	13.913043	13.913043	13.913043	13.913043	13.913043	13.913043	13.913043	13.913043	13.913043	13.913043	13.913043	13.913043	13.913043	13.913043	13.913043	13.913043	13.913043	13.913043	13.913043	13.913043	13.913043	13.913043	13.913043	13.913043	13.913043	13.913043	13.913043	13.913043	13.913043	13.913043	13.913043	13.913043	13.913043	13.913043	13.913043	13.913043	13.913043	13.913043	13.913043	13.913043	13.913043	13.913043	13.913043	13.913043	13.913043	13.913043	13.913043	13.913043	13.913043	13.913043	13.913043	13.913043	13.913043	13.913043	13.913043	13.913043	13.913043	13.913043	13.913043	13.913043	13.913043	13.913043	13.913043	13.913043	13.913043	13.913043	13.913043	13.913043	13.913043	13.913043	13.913043	13.913043	13.913043	13.913043	13.913043	13.913043	13.913043	13.913043	13.913043	13.913043	13.913043	13.913043	13.913043	13.913043	13.913043	13.913043	13.913043	13.913043	13.913043	13.913043	13.913043	13.913043	13.913043	13.913043	13.913043	13.913043	13.913043	13.913043	13.913043	13.913043	13.913043	13.913043	13.913043	13.913043	13.913043	13.913043	13.913043	13.913043	13.913043	13.913043	13.913043	13.913043	13.913043	13.913043	13.913043	13.913043	13.913043	13.913043	13.913043	13.913043	13.913043	13.913043	13.913043	13.913043	13.913043	13.913043	13.913043	13.913043	13.913043	13.913043	13.913043	13.913043	13.913043	13.913043	13.913043	13.913043	13.913043	13.913043	13.913043	13.913043	13.913043	13.913043	13.913043	13.913043	13.913043	13.913043	13.913043	13.913043	13.913043	13.913043	13.913043	13.913043	13.913043	13.913043	13.913043	13.913043	13.913043	13.913043	13.913043	13.913043	13.913043	13.913043	13.913043	13.913043	13.913043	13.913043	13.913043	13.913043	13.913043	13.913043	13.913043	13.913043	13.913043	13.913043	13.913043	13.913043	13.913043	13.913043	13.913043	13.913043	13.913043	13.913043	13.913043	13.913043	13.913043	13.913043	13.913043	13.913043	13.913043	13.913043	13.913043	13.913043	13.913043	13.913043	13.913043	13.913043	13.913043	13.913043	13.913043	13.913043	13.913043	13.913043	13.913043	13.913043	13.913043	13.913043	13.913043	13.913043	13.913043	13.913043	13.913043	13.913043	13.913043	13.913043	13.913043	13.913043	13.913043	13.913043	13.913043	13.913043	13.913043	13.913043	13.913043	13.913043	13.913043	13.913043	13.913043	13.913043	13.913043	13.913043	13.913043	13.913043	13.913043	13.913043	13.913043	13.913043	13.913043	13.913043	13.913043	13.913043	13.913043	13.913043	13.913043	13.913043	13.913043	13.913043	13.913043	13.913043	13.913043	13.913043	13.913043	13.913043	13.913043	13.913043	13.913043	13.913043	13.913043	13.913043	13.913043	13.913043	13.913043	13.913043	13.913043	13.913043	13.913043	13.913043	13.913043	13.913043	13.913043	13.913043	13.913043	13.913043	13.913043	13.913043	13.913043	13.913043	13.913043	13.913043	13.913043	13.913043	13.913043	13.913043	13.913043	13.913043	13.913043	13.913043	13.913043	13.913043	13.913043	13.913043	13.913043	13.913043	13.913043	13.913043	13.913043	13.913043	13.913043	13.913043	13.913043	13.913043	13.913043	13.913043	13.913043	13.913043	13.913043	13.913043	13.913043	13.913043	13.913043	13.913043	13.913043	13.913043	13.913043	13.913043	13.913043	13.913043	13.913043	13.913043	13.913043	13.913043	13.913043	13.913043	13.913043	13.913043	13.913043	13.913043	13.913043	13.913043	13.913043	13.913043	13.913043	13.913043	13.913043	13.913043	13.913043	13.913043	13.913043	13.913043	13.913043	13.913043	13.913043	13.913043	13.913043	13.913043	13.913043	13.913043	13.913043	13.913043	13.913043	13.913043	13.913043	13.913043	13.913043	13.913043	13.913043	13.913043	13.913043	13.913043	13.913043	13.913043	13.913043	13.913043	13.913043
%%%	Pulse Index	Stimulus Section Index	Stimulus Section Start Index	Stimulus Section End Index	Pupil Stimulated: 0 = Right, 1 = Left, 2 = Both	Light Metric: 0 = Photopic, 1 = Scopotic, 2 = Radiometric	Stimulus Start Time	Stimulus Duration	Stimulus Pulse Duration	Right Pulse Max Level	Right Pulse Max Color (0123 = WRGB)	Right Pulse Min Level	Right Pulse Min Color (0123 = WRGB)	Left Pulse Max Level	Left Pulse Max Color (0123 = WRGB)	Left Pulse Min Level	Left Pulse Min Color (0123 = WRGB)	Right Data Input Type (0 == RAW DATA, 1 == FITTED DATA, 2 == M. OVERRIDED)	Right ANALYSIS STATE (0 == ABNORMAL, 1 == NORMAL)	Right MAX (mm) (EMPTY if INVALID)	Right MIN (mm) (EMPTY if INVALID)	Right DELTA (mm) (EMPTY if INVALID)	Right CH (%) (EMPTY if INVALID)	Right LAT (sec) (EMPTY if INVALID)	Right CV (mm/s) (EMPTY if INVALID)	Right MCV (mm/s) (EMPTY if INVALID)	Right DV (mm/s) (EMPTY if INVALID)	Left Data Input Type (0 == RAW DATA, 1 == FITTED DATA, 2 == M. OVERRIDED)	Left ANALYSIS STATE (0 == ABNORMAL, 1 == NORMAL)	Left MAX (mm) (EMPTY if INVALID)	Left MIN (mm) (EMPTY if INVALID)	Left DELTA (mm) (EMPTY if INVALID)	Left CH (%) (EMPTY if INVALID)	Left LAT (sec) (EMPTY if INVALID)	Left CV (mm/s) (EMPTY if INVALID)	Left MCV (mm/s) (EMPTY if INVALID)	Left DV (mm/s) (EMPTY if INVALID)
%%%	0	0	17	902	0	0	0.51	29.52	0.51	15.81	3	0.00	3	0.00	3	0.00	3	0	0	0.00	0.00			0.00	0.00	0.00	0.00	0	0	0.00	0.00			0.00	0.00	0.00	0.00
%%%%%%%%%
%%%%%%%%%
%%%%%%%%%
<\SESSION>
