<SESSION>
<VERSION>
2
<\VERSION>
<DATE>
2017-08-15 09:57:22
<\DATE>
<SUBJECT-ID>
c57-1mois-F5-0.6b
<\SUBJECT-ID>
<NOTE>

<\NOTE>
<MIN-MAX-PLOT>
0.100000 51880.761719
<\MIN-MAX-PLOT>
<STIMULUS-DEFINED>
Default
Default Human Relative Spectral Sensitivity
1	0
1	0.500000	0.500000	29.000000	3	3	0.600000	-100.000000	0.100000	-100.000000	0
<\STIMULUS-DEFINED>
<STIMULUS-GENERATED>
4
0	0	0.000000	3	0.000000	0.000000	3	0.000000	0.000000
0	1	0.509000	3	0.075823	4.006067	3	0.000000	0.000000
0	4	1.018000	3	0.000000	0.000000	3	0.000000	0.000000
-1	5	30.027000	0	0.000000	0.000000	0	0.000000	0.000000
<\STIMULUS-GENERATED>
<RIGHT-PUPIL-DATA>
903	1
1	-0.051000	0.985507	336.000000	321.500000
1	-0.020000	0.885942	332.993744	320.756256
1	0.011000	0.920725	333.243744	320.756256
1	0.042000	0.932029	333.643738	319.531250
1	0.074000	0.917391	333.406250	318.593750
1	0.120000	0.937536	333.968750	319.031250
1	0.152000	0.922899	333.274994	319.350006
1	0.183000	0.907971	333.687500	318.437500
1	0.214000	0.935362	333.687500	319.000000
1	0.245000	0.912029	333.631256	319.368744
1	0.276000	0.916232	333.412506	319.662506
1	0.308000	0.937971	333.975006	319.274994
1	0.354000	0.903333	333.743744	318.506256
1	0.386000	0.925072	333.631256	318.493744
1	0.417000	0.922319	333.499969	318.512543
1	0.448000	0.922319	333.799988	318.250000
1	0.479000	0.911160	333.706238	317.656250
1	0.510000	0.915942	333.500000	318.000000
1	0.542000	0.904348	334.000000	319.500000
1	0.573000	0.924928	333.475006	320.524994
1	0.620000	0.910145	332.674988	321.112488
1	0.651000	0.926667	333.875000	320.562500
1	0.682000	0.923333	333.406250	320.531250
1	0.713000	0.913043	333.500000	320.500000
1	0.744000	0.904348	333.375000	319.875000
1	0.776000	0.920145	334.218750	319.781250
1	0.807000	0.894058	333.843750	319.343750
1	0.854000	0.869565	333.500000	319.000000
1	0.885000	0.829855	333.687500	319.500000
1	0.916000	0.800000	333.500000	320.000000
1	0.947000	0.759275	333.468750	320.081238
1	0.978000	0.747971	333.381256	321.243744
1	1.010000	0.718841	333.012512	321.000000
1	1.041000	0.672319	333.406250	320.656250
1	1.088000	0.660870	333.500000	320.000000
1	1.119000	0.639275	333.868744	321.231232
0	1.150000	0.347826	348.518616	298.481262
1	1.181000	0.614493	333.500000	322.000000
0	1.212000	0.483623	331.756256	322.056244
0	1.244000	0.360725	328.506256	323.181244
1	1.275000	0.380435	328.812500	324.000000
0	1.306000	0.468551	330.243744	323.756256
0	1.353000	0.398985	331.506256	327.493744
1	1.384000	0.347826	348.581238	297.468628
0	1.415000	0.353333	329.087494	323.912506
0	1.446000	0.347826	329.181244	323.818756
1	1.478000	0.566232	333.631256	324.881256
0	1.509000	0.353768	329.906250	325.093750
1	1.540000	0.556522	334.000000	324.500000
0	1.571000	0.377681	330.187500	324.687500
0	1.618000	0.347826	329.481262	324.293762
1	1.649000	0.567971	333.893738	326.093750
0	1.680000	0.366667	329.275116	324.437469
0	1.712000	0.386377	328.437500	325.562500
1	1.743000	0.347826	328.181244	324.306244
1	1.774000	0.588551	333.768738	326.156250
1	1.805000	0.603333	333.306244	326.493744
0	1.852000	0.568116	333.000000	326.500000
0	1.883000	0.355072	328.987518	324.562531
0	1.914000	0.373333	329.625000	323.750000
0	1.946000	0.359710	329.412506	323.725006
1	1.977000	0.622319	333.325012	327.262512
0	2.008000	0.347826	335.831299	362.418762
1	2.039000	0.614493	333.500000	327.000000
1	2.086000	0.660870	333.000000	326.500000
1	2.117000	0.634783	332.750000	326.750000
1	2.148000	0.635797	333.131256	326.131256
0	2.180000	0.376812	328.000000	324.500000
0	2.211000	0.402899	329.250000	324.000000
0	2.242000	0.359855	329.443756	323.993744
1	2.273000	0.664203	333.243744	327.256256
1	2.304000	0.666812	333.581238	328.281250
1	2.351000	0.664638	332.750000	328.250000
1	2.382000	0.670580	332.356293	328.318756
1	2.414000	0.679275	332.556244	328.931244
1	2.445000	0.651594	333.312500	328.625000
1	2.476000	0.698841	333.287506	328.712494
1	2.507000	0.692029	333.406250	329.031250
1	2.538000	0.670145	332.625000	328.375000
1	2.585000	0.690290	333.431244	328.568756
1	2.616000	0.672754	332.662506	328.837494
1	2.648000	0.697246	332.918762	329.018738
1	2.679000	0.707971	332.793762	329.793701
1	2.710000	0.706812	332.818756	329.868744
1	2.741000	0.695652	333.250000	329.250000
1	2.772000	0.714493	332.762512	329.662415
1	2.819000	0.718986	332.281250	329.781250
1	2.850000	0.707101	332.843750	328.906250
1	2.882000	0.720580	332.712494	328.975006
0	2.913000	0.417391	328.500000	325.000000
1	2.944000	0.722319	332.937500	329.000000
1	2.975000	0.716232	333.037506	328.962494
1	3.006000	0.689710	332.593750	328.406250
1	3.038000	0.727246	332.899994	329.037506
1	3.084000	0.731014	332.500000	329.500000
1	3.116000	0.743333	332.343719	329.656219
1	3.147000	0.695072	333.000000	330.000000
1	3.178000	0.730435	332.500000	330.000000
0	3.209000	0.609855	329.725006	328.475006
1	3.240000	0.742029	333.000000	329.500000
1	3.272000	0.730435	332.000000	329.500000
1	3.318000	0.672319	332.156250	329.343750
1	3.350000	0.730435	332.500000	330.000000
1	3.381000	0.742898	332.312500	329.312500
1	3.412000	0.730435	332.000000	329.500000
1	3.443000	0.720580	332.975006	329.975006
1	3.474000	0.736377	332.281250	329.468750
1	3.506000	0.740290	332.287506	329.725006
1	3.552000	0.742898	332.687500	329.312500
1	3.584000	0.711884	332.100006	328.899994
1	3.615000	0.705797	332.625000	328.875000
1	3.646000	0.406377	328.649994	323.837494
1	3.677000	0.733768	332.756256	328.543732
0	3.708000	0.448116	328.550018	324.437469
1	3.740000	0.690290	333.431244	327.981232
1	3.771000	0.718986	332.843750	328.156250
1	3.818000	0.716232	332.962494	329.037506
1	3.849000	0.717971	332.062500	328.937500
1	3.880000	0.720725	332.006256	329.318756
1	3.911000	0.729855	331.875000	329.500000
1	3.942000	0.717246	332.068756	329.068756
1	3.974000	0.741884	332.443726	328.656250
1	4.005000	0.718551	332.712494	328.662506
1	4.052000	0.737971	332.274994	328.475006
1	4.083000	0.733768	332.806244	328.806244
1	4.114000	0.744203	332.306274	328.543701
1	4.145000	0.733768	332.181244	328.556244
1	4.176000	0.761884	332.506256	328.556244
0	4.208000	0.595942	329.387482	327.024994
1	4.239000	0.733768	332.193756	327.506256
1	4.286000	0.773768	332.306244	328.118744
1	4.317000	0.748551	331.618774	327.268738
1	4.348000	0.730435	332.000000	327.500000
1	4.379000	0.742898	332.687500	328.312500
1	4.410000	0.730435	332.000000	327.500000
1	4.442000	0.744203	332.706238	328.231262
1	4.473000	0.753333	332.199982	328.662506
1	4.504000	0.735797	331.818756	329.493744
1	4.551000	0.752319	331.681244	329.443756
1	4.582000	0.730580	332.493744	330.118744
1	4.613000	0.752899	332.456238	330.581238
1	4.644000	0.752899	332.418762	329.418762
1	4.676000	0.744058	332.312500	329.362488
1	4.707000	0.748551	332.281250	329.581238
1	4.738000	0.730435	332.000000	329.500000
1	4.785000	0.745507	332.225006	329.712494
1	4.816000	0.742898	332.687500	330.312500
1	4.847000	0.746667	332.225006	330.600006
1	4.878000	0.752319	332.443756	330.443756
1	4.910000	0.733623	332.725006	331.212494
1	4.941000	0.718406	332.006256	330.181244
1	4.972000	0.761594	332.281250	330.543762
1	5.019000	0.743333	331.681244	330.681244
1	5.050000	0.739130	332.687500	330.312500
0	5.081000	0.495652	328.156250	327.531250
1	5.112000	0.765942	332.393738	330.481262
1	5.144000	0.750580	332.418762	330.593750
1	5.175000	0.755507	332.493744	331.381256
0	5.206000	0.468551	326.818756	330.493744
1	5.237000	0.765217	333.000000	331.500000
0	5.284000	0.465797	326.812500	330.812500
1	5.315000	0.744058	332.262512	331.625000
1	5.346000	0.760290	332.500000	331.562500
0	5.378000	0.571159	329.093750	328.281250
1	5.409000	0.733188	332.781250	329.781250
1	5.440000	0.723333	332.031189	329.043701
1	5.471000	0.736377	332.843750	330.218750
1	5.518000	0.747826	332.500000	330.500000
1	5.549000	0.724493	333.093750	331.093750
0	5.580000	0.347826	334.337524	338.799988
1	5.612000	0.742029	332.375000	332.625000
0	5.643000	0.372464	356.625000	316.862488
0	5.674000	0.347826	353.018738	315.518738
1	5.705000	0.707536	332.787506	334.087494
1	5.736000	0.720580	332.600037	334.349976
1	5.783000	0.742029	332.000000	332.500000
1	5.814000	0.724493	332.093750	332.906250
1	5.846000	0.730435	332.000000	331.500000
0	5.877000	0.347826	347.518616	304.868774
1	5.908000	0.719275	332.018707	329.956146
0	5.939000	0.394203	329.812500	324.437500
1	5.970000	0.742898	332.312500	329.687500
0	6.017000	0.496377	328.143738	326.856262
1	6.048000	0.781015	332.156250	329.718750
1	6.080000	0.761014	332.056244	329.568756
1	6.111000	0.756812	332.412506	329.475006
1	6.142000	0.779275	332.293732	328.856232
1	6.173000	0.787536	332.062500	329.062500
1	6.204000	0.792464	331.899994	327.975006
1	6.236000	0.783188	332.875000	327.250000
1	6.282000	0.799420	331.937500	326.500000
1	6.314000	0.789710	332.706238	326.843750
1	6.345000	0.794638	332.943756	325.993744
1	6.376000	0.814058	332.693756	325.693756
1	6.407000	0.801159	332.774994	326.024994
1	6.438000	0.767971	332.531250	324.968750
1	6.470000	0.795652	332.000000	325.000000
1	6.516000	0.800725	332.518738	324.106262
1	6.548000	0.800000	332.000000	325.500000
1	6.579000	0.735362	332.812500	323.487488
1	6.610000	0.792464	332.975006	323.024994
1	6.641000	0.770580	333.293762	323.168762
1	6.672000	0.776812	332.000000	323.500000
1	6.704000	0.761014	333.431244	323.568756
1	6.750000	0.761449	332.500000	323.625000
1	6.782000	0.791884	332.612488	323.125000
1	6.813000	0.759710	332.587494	322.587494
0	6.844000	0.730435	334.000000	321.500000
1	6.875000	0.787536	332.937500	321.687500
1	6.906000	0.764203	333.493744	321.581268
1	6.938000	0.801015	333.006256	321.243744
1	6.969000	0.800000	332.500000	321.000000
1	7.016000	0.800000	332.000000	321.500000
1	7.047000	0.800580	332.875000	322.000000
1	7.078000	0.776812	334.000000	321.500000
1	7.109000	0.814638	333.281250	322.331238
1	7.140000	0.839275	332.443756	321.318756
1	7.172000	0.825507	332.562500	321.250000
1	7.203000	0.800000	332.000000	321.500000
1	7.250000	0.800000	332.000000	321.500000
1	7.281000	0.834783	332.750000	321.250000
1	7.312000	0.811594	332.250000	321.750000
1	7.343000	0.800000	333.000000	320.500000
1	7.374000	0.813623	332.312500	321.125000
1	7.406000	0.822899	332.412506	321.912506
1	7.437000	0.814058	331.693756	322.693756
1	7.484000	0.823188	331.500000	323.000000
1	7.515000	0.818406	331.193756	323.793732
1	7.546000	0.825072	331.618744	323.743744
1	7.577000	0.811594	331.750000	324.250000
1	7.608000	0.831015	331.437500	323.450012
1	7.640000	0.835942	330.975006	323.475006
1	7.671000	0.790725	331.625000	323.812500
1	7.702000	0.817971	331.625000	324.187500
1	7.749000	0.846377	331.250000	324.750000
1	7.780000	0.835362	331.500000	324.500000
1	7.811000	0.829275	331.475006	324.850006
1	7.842000	0.821159	331.437500	325.187500
1	7.874000	0.834058	331.481262	325.018738
1	7.905000	0.800000	332.000000	325.500000
1	7.936000	0.834783	331.000000	324.500000
1	7.983000	0.869565	332.000000	325.500000
1	8.014000	0.801159	331.899994	324.975006
1	8.045000	0.833768	331.568756	326.431244
1	8.076000	0.835942	331.475006	327.600006
1	8.108000	0.857102	332.187500	328.312500
1	8.139000	0.823188	331.500000	329.000000
1	8.170000	0.835362	331.500000	329.375000
1	8.217000	0.826087	331.500000	329.000000
0	8.248000	0.542464	327.506256	325.506256
1	8.279000	0.814058	331.693756	329.256256
1	8.310000	0.847246	331.849976	328.237488
1	8.342000	0.816812	332.250000	328.250000
1	8.373000	0.851015	331.837494	328.649994
1	8.404000	0.847971	331.806244	328.806244
1	8.435000	0.820725	331.818756	328.306244
0	8.482000	0.424928	335.100006	336.324982
1	8.513000	0.800000	332.000000	329.500000
1	8.544000	0.866232	332.056244	328.193756
1	8.576000	0.823333	331.906250	327.593750
1	8.607000	0.858116	332.343750	327.331238
1	8.638000	0.829275	331.462555	326.524994
1	8.669000	0.849420	331.781250	326.781250
0	8.716000	0.800000	332.000000	325.500000
0	8.747000	0.800000	332.000000	325.500000
1	8.778000	0.892754	331.000000	326.500000
1	8.810000	0.876232	331.637482	326.912506
1	8.841000	0.885362	331.268738	326.031250
1	8.872000	0.877536	331.643738	326.218689
1	8.903000	0.895652	331.937500	325.687500
1	8.950000	0.885362	331.968750	325.668762
1	8.981000	0.896812	331.137482	325.100006
1	9.012000	0.876812	332.112488	325.112488
1	9.044000	0.874058	331.868744	324.256256
1	9.075000	0.904493	331.743744	324.556244
1	9.106000	0.869565	332.500000	325.000000
1	9.137000	0.893333	331.399994	324.600006
1	9.168000	0.885942	331.993744	324.118744
1	9.215000	0.885362	332.268738	324.031250
1	9.246000	0.885797	331.975006	324.024994
0	9.278000	0.846377	333.000000	322.500000
1	9.309000	0.877536	331.956238	323.643738
1	9.340000	0.875362	332.000000	323.000000
1	9.371000	0.857971	332.750000	323.250000
1	9.402000	0.857971	332.000000	322.500000
1	9.449000	0.881159	332.000000	323.500000
1	9.480000	0.857681	331.837494	323.162506
1	9.512000	0.858116	331.906250	324.281250
1	9.543000	0.869565	331.500000	324.000000
1	9.574000	0.861594	331.393738	324.731262
1	9.605000	0.835942	331.274994	323.975006
1	9.636000	0.833188	331.593750	323.968750
1	9.668000	0.846377	332.250000	323.250000
1	9.714000	0.822754	331.568756	323.131256
1	9.746000	0.864203	331.993744	324.181244
1	9.777000	0.848985	331.212494	324.537506
1	9.808000	0.850580	331.156250	324.656250
1	9.839000	0.860290	331.750000	325.125000
1	9.870000	0.855797	331.706238	325.793762
1	9.902000	0.835362	331.562500	326.000000
1	9.948000	0.835942	331.399994	326.475006
1	9.980000	0.839855	331.356262	326.418762
1	10.011000	0.855362	331.087494	326.725006
1	10.042000	0.814638	331.331238	326.281250
1	10.073000	0.833768	331.431244	326.381256
1	10.104000	0.826667	331.500000	326.687500
1	10.136000	0.850580	331.656250	327.031250
1	10.182000	0.831594	331.512482	326.525055
1	10.214000	0.800000	332.000000	325.500000
1	10.245000	0.828841	331.468750	327.531250
0	10.276000	0.685942	329.493744	325.056244
1	10.307000	0.810290	330.906250	328.093750
1	10.338000	0.743333	333.443756	328.493744
1	10.370000	0.832464	330.975006	328.362518
1	10.401000	0.797246	331.781250	329.031250
1	10.448000	0.794058	330.993774	328.918762
1	10.479000	0.831015	331.437500	328.437500
1	10.510000	0.811594	331.250000	328.250000
1	10.541000	0.831594	331.087494	328.037506
1	10.572000	0.857681	331.087494	328.337494
1	10.604000	0.818551	331.649994	328.837494
1	10.635000	0.826667	331.500000	329.500000
1	10.682000	0.851449	331.268738	330.268738
1	10.713000	0.831015	331.562500	329.062500
1	10.744000	0.783188	330.750000	328.750000
1	10.775000	0.869565	330.750000	330.250000
1	10.806000	0.866377	330.962494	330.037506
1	10.838000	0.861449	330.875000	330.000000
1	10.869000	0.852899	330.843750	329.768738
1	10.916000	0.871159	330.906250	329.843750
1	10.947000	0.883768	331.237518	329.975006
1	10.978000	0.894058	331.406250	329.843750
1	11.009000	0.863768	331.500000	329.500000
1	11.040000	0.869565	330.750000	329.750000
1	11.072000	0.883623	331.293671	330.031219
1	11.103000	0.881159	330.750000	328.750000
1	11.134000	0.857536	331.631256	329.356232
1	11.181000	0.839275	330.556244	329.443756
1	11.212000	0.871159	330.768738	329.231262
1	11.243000	0.820725	331.306244	329.193756
1	11.274000	0.811884	330.937531	329.287506
1	11.306000	0.814493	331.687500	330.262512
1	11.337000	0.823188	332.000000	329.500000
1	11.368000	0.788551	331.656250	329.956238
1	11.415000	0.811594	331.250000	331.250000
1	11.446000	0.835942	330.412506	331.600006
1	11.477000	0.837536	331.518738	332.031250
1	11.508000	0.776812	330.000000	331.500000
1	11.540000	0.836377	330.606262	332.418762
1	11.571000	0.838551	330.500000	332.000000
1	11.602000	0.800000	331.000000	330.500000
1	11.649000	0.852899	330.843750	331.768738
1	11.680000	0.839275	330.806244	331.443756
1	11.711000	0.857536	331.068756	331.181244
1	11.742000	0.863043	330.756256	330.993744
1	11.774000	0.854928	330.718750	330.968750
1	11.805000	0.831884	331.000000	331.250000
1	11.836000	0.860870	330.750000	332.000000
0	11.867000	0.355072	347.937500	307.612488
1	11.914000	0.861594	330.968750	331.643738
1	11.945000	0.857681	330.837494	331.162506
1	11.976000	0.839710	330.937500	330.312500
1	12.008000	0.848985	331.212494	330.212494
1	12.039000	0.848406	330.312500	330.562500
1	12.070000	0.841304	331.812500	330.875000
1	12.101000	0.874058	330.868744	329.881256
1	12.148000	0.874058	330.868744	330.118744
1	12.179000	0.865797	330.937500	330.437500
1	12.210000	0.866377	331.212494	330.287506
1	12.242000	0.902753	330.568848	329.981384
1	12.273000	0.866232	331.193756	330.806244
1	12.304000	0.857681	331.087494	329.662506
1	12.335000	0.866232	330.943756	328.193756
1	12.366000	0.904348	331.000000	328.500000
1	12.413000	0.904348	331.000000	328.500000
1	12.444000	0.892754	331.250000	327.750000
1	12.476000	0.903333	330.506256	327.506256
1	12.507000	0.912464	330.674988	328.625000
0	12.538000	0.574058	326.156250	325.856262
1	12.569000	0.907681	330.806244	329.431244
1	12.600000	0.884928	331.024994	329.287506
1	12.647000	0.904928	331.049988	329.599976
1	12.678000	0.927536	330.250000	329.750000
1	12.710000	0.926232	330.806244	328.681244
1	12.741000	0.901015	331.006256	328.506256
1	12.772000	0.951159	331.181244	328.193756
1	12.803000	0.916377	331.306244	327.693756
1	12.834000	0.954928	331.281250	326.906250
1	12.881000	0.913623	331.687500	327.625000
1	12.912000	0.948551	331.393738	327.393738
1	12.944000	0.917971	331.562500	327.437500
1	12.975000	0.921159	331.250000	327.750000
1	13.006000	0.917971	330.750000	328.562500
1	13.037000	0.906812	330.493744	328.193756
1	13.068000	0.925362	330.706238	328.331238
1	13.100000	0.916232	330.600006	328.662506
1	13.146000	0.916667	330.768738	327.593750
1	13.178000	0.901449	330.500000	327.549988
1	13.209000	0.915797	331.281250	327.718750
1	13.240000	0.912899	330.918732	327.681244
1	13.271000	0.904493	330.593750	327.718750
1	13.302000	0.904493	330.993744	328.743744
1	13.334000	0.916812	330.687500	328.625000
1	13.380000	0.939130	330.500000	328.000000
1	13.412000	0.898406	330.843750	328.093750
1	13.443000	0.901449	330.500000	328.549988
1	13.474000	0.903333	330.506256	328.456268
1	13.505000	0.884928	330.987457	328.237518
1	13.536000	0.921884	330.743744	327.806244
0	13.568000	0.394203	353.000000	310.500000
1	13.599000	0.904928	331.375000	328.000000
1	13.646000	0.857681	333.162506	328.337494
1	13.677000	0.898551	331.500000	328.500000
1	13.708000	0.918985	331.268738	329.731262
1	13.739000	0.914203	331.100006	329.662506
1	13.770000	0.904928	331.000000	329.500000
1	13.802000	0.872754	330.649994	329.850006
1	13.833000	0.916667	330.375000	329.750000
1	13.880000	0.911884	331.850006	329.350006
1	13.911000	0.878116	330.868744	329.931244
1	13.942000	0.903188	331.425018	330.274994
1	13.973000	0.911449	331.343750	330.343750
0	14.004000	0.800000	332.000000	329.500000
1	14.036000	0.931015	330.625000	331.625000
1	14.067000	0.921739	330.312500	332.187500
1	14.114000	0.927246	330.537506	332.662506
1	14.145000	0.941159	330.712494	333.037506
1	14.176000	0.933768	331.368744	332.381256
1	14.207000	0.922319	330.799988	331.799988
1	14.238000	0.938116	330.993744	331.006256
1	14.270000	0.929275	331.100006	330.899994
1	14.301000	0.921449	331.750000	330.437500
1	14.332000	0.913768	331.343750	329.893738
0	14.379000	0.808116	346.000000	317.375000
1	14.410000	0.927101	331.443756	332.556244
1	14.441000	0.946667	331.350006	333.149994
1	14.472000	0.902029	331.475006	332.524994
1	14.504000	0.906812	331.506256	332.556244
1	14.535000	0.920580	330.774994	331.774994
0	14.566000	0.646812	327.456268	328.056244
1	14.613000	0.926667	330.687500	331.674988
1	14.644000	0.910145	331.000000	332.000000
0	14.675000	0.861594	331.968750	330.643738
1	14.706000	0.937101	330.975006	332.337494
1	14.738000	0.953188	330.743744	332.256256
1	14.769000	0.920725	331.256256	332.756256
0	14.800000	0.866812	331.968750	332.031250
1	14.847000	0.929275	331.774994	333.587494
1	14.878000	0.858116	331.718750	332.656250
1	14.909000	0.926667	331.312500	333.437500
1	14.940000	0.916812	331.625000	333.737488
1	14.972000	0.900580	331.974976	332.487488
1	15.003000	0.916232	331.199982	332.337494
1	15.034000	0.915942	332.000000	331.500000
0	15.065000	1.377681	342.125000	327.187622
1	15.112000	0.911884	331.287506	331.412506
1	15.143000	0.959710	331.662506	332.037506
1	15.174000	0.966232	331.556244	332.056244
1	15.206000	0.901159	331.487518	331.487518
0	15.237000	0.881015	331.706238	331.731262
1	15.268000	0.924928	331.600006	332.475006
1	15.299000	0.934493	331.474976	332.450012
0	15.346000	1.321739	342.000000	327.500000
1	15.377000	0.950725	331.000000	331.500000
1	15.408000	0.904203	331.818695	331.543732
1	15.440000	0.939130	331.000000	332.500000
1	15.471000	0.934783	331.625000	331.000000
1	15.502000	0.892754	330.500000	331.000000
1	15.533000	0.915797	330.831238	331.406250
1	15.580000	0.920145	331.218750	332.781250
1	15.611000	0.927246	331.662506	333.287506
1	15.642000	0.881015	330.968750	331.843750
1	15.674000	0.910725	331.350006	332.649994
1	15.705000	0.951159	331.306244	333.193756
1	15.736000	0.910145	332.000000	333.500000
1	15.767000	0.912319	331.393738	332.893738
1	15.798000	0.908696	330.875000	333.125000
0	15.845000	0.869275	330.937500	331.500000
1	15.876000	0.867101	330.981262	332.068726
1	15.908000	0.901015	330.506256	332.931244
1	15.939000	0.894493	331.299988	332.424988
0	15.970000	1.361014	341.931244	326.568695
1	16.001000	0.929275	331.100006	334.100006
1	16.032000	0.985507	328.000000	333.500000
1	16.079000	0.878116	331.068756	333.931244
1	16.110000	0.915942	329.500000	334.000000
1	16.142000	0.878116	330.306244	333.868744
1	16.173000	0.857824	331.194244	332.043671
1	16.204000	0.922899	331.212494	333.524994
1	16.235000	0.931015	331.250000	333.500000
0	16.266000	1.415797	342.656250	327.593750
0	16.313000	0.590725	327.000000	328.500000
1	16.344000	0.932753	331.974792	333.524780
1	16.376000	0.902899	331.487488	333.537476
1	16.407000	0.920580	331.225006	334.350006
1	16.438000	0.915942	330.500000	334.000000
0	16.469000	0.557681	333.024994	339.737518
1	16.500000	0.922899	330.600006	333.725006
1	16.532000	0.903333	330.543732	333.506256
1	16.578000	0.936667	330.556244	332.843719
1	16.610000	0.881159	330.250000	332.250000
1	16.641000	0.874203	331.100006	331.850006
1	16.672000	0.938116	330.506256	332.006256
1	16.703000	0.894058	331.406250	331.593750
1	16.734000	0.916377	330.681244	332.381256
1	16.766000	0.903768	331.000000	332.500000
0	16.812000	0.829855	330.312500	331.312500
1	16.844000	0.886957	331.062500	332.687500
0	16.875000	0.839275	330.681244	331.443756
1	16.906000	0.931159	330.643768	332.906219
1	16.937000	0.942754	330.906250	332.581238
1	16.969000	0.921884	331.256256	332.631256
1	17.000000	0.931015	330.625000	332.062500
1	17.047000	0.925507	331.500000	332.299988
1	17.078000	0.915942	332.000000	331.500000
1	17.109000	0.962319	331.500000	333.000000
1	17.140000	0.910145	330.675018	332.674957
1	17.171000	0.959275	331.656250	333.968750
1	17.203000	0.930580	331.618744	334.306244
1	17.234000	0.950580	332.156250	333.156250
1	17.265000	0.926667	330.687500	332.687500
1	17.312000	0.947826	330.937500	332.312500
1	17.343000	0.936377	331.031189	332.518738
1	17.374000	0.939130	331.500000	333.000000
1	17.405000	0.931015	331.062500	333.625000
0	17.437000	0.858116	332.343750	333.656250
1	17.468000	0.947246	330.875000	334.125000
1	17.499000	0.899855	331.456268	333.506256
0	17.530000	0.809275	331.750000	333.250000
1	17.577000	0.907681	331.306244	334.568756
1	17.608000	0.900290	331.949951	335.500000
1	17.639000	0.865797	332.062500	334.812500
1	17.671000	0.863623	331.218750	334.031250
1	17.702000	0.900290	331.500000	334.799988
1	17.733000	0.904348	330.625000	334.625000
0	17.764000	0.713043	332.500000	332.000000
1	17.811000	0.839855	331.418762	334.918762
1	17.842000	0.852754	330.750000	334.875000
0	17.873000	0.347826	348.681244	314.993744
1	17.905000	0.876812	331.112488	336.137512
1	17.936000	0.853188	331.693756	335.618744
0	17.967000	0.813043	331.125000	335.250000
0	17.998000	0.420145	334.956238	343.843750
1	18.045000	0.814058	330.668854	335.681244
1	18.076000	0.867970	331.168884	335.855957
1	18.107000	0.857102	330.812500	336.187500
1	18.139000	0.839275	330.556244	335.443756
1	18.170000	0.881159	330.799988	335.362488
1	18.201000	0.898985	331.106232	335.556244
1	18.232000	0.856522	331.218750	335.156250
1	18.263000	0.903333	330.756256	335.506256
1	18.310000	0.865797	330.812500	335.062500
1	18.341000	0.884928	330.649994	335.287506
0	18.373000	0.573768	327.243744	331.818756
0	18.404000	0.653623	328.424988	331.887512
0	18.435000	0.822319	331.062500	333.437500
1	18.466000	0.834783	330.750000	333.750000
1	18.497000	0.876812	330.887512	334.450012
1	18.544000	0.865217	330.781250	334.468750
1	18.575000	0.883768	330.975006	334.762482
1	18.607000	0.866232	330.943756	334.506256
0	18.638000	1.274638	340.031250	325.668762
1	18.669000	0.902029	330.524994	334.524994
1	18.700000	0.857681	329.912506	333.912506
1	18.731000	0.876812	330.862457	335.137482
1	18.778000	0.916232	329.787506	335.337494
1	18.809000	0.897101	330.512512	335.187500
1	18.841000	0.859275	330.206238	335.043762
1	18.872000	0.892754	330.424988	335.424988
1	18.903000	0.882754	330.731232	334.743744
1	18.934000	0.884928	330.287506	335.287506
1	18.965000	0.866377	331.037506	334.574982
0	18.997000	0.363478	335.456665	327.906616
1	19.043000	0.892754	331.500000	336.000000
1	19.075000	0.924928	330.600006	335.350006
1	19.106000	0.881159	330.750000	334.750000
1	19.137000	0.884203	330.281250	334.668762
1	19.168000	0.874638	330.106262	334.918762
0	19.199000	0.829855	330.437500	333.937500
0	19.231000	0.811884	330.287506	334.712494
1	19.277000	0.885362	331.018738	336.018738
1	19.309000	0.881159	330.125000	335.375000
1	19.340000	0.866232	330.243744	335.206268
1	19.371000	0.866377	330.212494	334.412506
0	19.402000	0.635942	327.199982	330.850006
1	19.433000	0.846377	331.000000	334.500000
1	19.465000	0.901449	330.250000	335.250000
1	19.511000	0.818116	332.268738	334.343750
0	19.543000	1.246377	340.000000	326.500000
1	19.574000	0.842319	330.524994	335.524994
1	19.605000	0.817536	331.356232	334.306244
1	19.636000	0.905507	331.350006	335.975006
1	19.667000	0.917536	330.793732	336.556244
1	19.699000	0.833188	330.593750	334.468750
1	19.730000	0.920725	330.743744	336.243744
1	19.777000	0.885507	330.737488	335.262512
0	19.808000	0.846377	330.562500	333.812500
1	19.839000	0.908841	330.618744	334.618744
0	19.870000	0.834203	331.000000	333.500000
1	19.901000	0.883334	331.006226	334.956177
1	19.933000	0.857971	331.000000	334.500000
0	19.964000	0.843478	330.750000	335.000000
1	20.011000	0.840145	330.506256	335.681244
1	20.042000	0.822319	330.062500	335.437500
1	20.073000	0.852174	330.000000	336.000000
1	20.104000	0.840725	329.656250	335.468750
0	20.135000	0.702754	327.781250	332.406250
1	20.167000	0.882029	331.012451	334.787476
1	20.198000	0.865797	329.812500	334.437500
1	20.245000	0.887536	330.375000	335.200012
1	20.276000	0.866232	330.056244	334.506256
1	20.307000	0.831594	330.537506	335.462494
1	20.338000	0.812464	331.187500	335.812500
1	20.369000	0.823188	330.250000	337.250000
1	20.401000	0.855507	330.631256	338.118744
0	20.432000	0.800000	332.000000	341.500000
1	20.463000	0.857681	330.912506	339.212494
0	20.510000	0.800580	330.000000	338.250000
0	20.541000	0.761014	331.493744	337.568756
0	20.572000	0.784638	330.274994	336.899994
1	20.603000	0.869565	330.500000	337.000000
0	20.635000	0.752319	329.368744	335.443756
1	20.666000	0.894638	330.381256	338.868744
1	20.697000	0.796667	330.568756	336.068756
0	20.744000	0.833768	330.618744	336.431244
1	20.775000	0.884928	331.024994	339.012482
0	20.806000	0.744493	331.293732	336.343781
0	20.837000	0.746377	329.737488	336.262512
0	20.869000	0.812899	330.118713	336.656189
0	20.900000	0.835942	330.587494	336.600006
0	20.931000	0.853333	330.850006	337.149994
1	20.978000	0.916377	330.631256	338.631256
1	21.009000	0.850580	330.356262	336.831238
1	21.040000	0.904058	330.450134	338.587585
0	21.071000	0.886377	331.000000	337.312500
1	21.103000	0.875507	330.093750	337.156250
1	21.134000	0.904928	330.500000	338.000000
1	21.165000	0.869565	331.250000	336.750000
1	21.196000	0.908406	331.649963	337.900024
1	21.243000	0.834783	330.750000	336.250000
1	21.274000	0.939130	330.500000	339.000000
1	21.305000	0.878261	331.250000	338.000000
1	21.337000	0.832899	330.456421	336.656189
0	21.368000	1.146232	332.281250	325.068726
0	21.399000	0.835942	330.412506	335.475006
1	21.430000	0.883623	330.306244	336.306244
1	21.461000	0.884928	330.287506	336.712433
0	21.508000	0.823188	330.000000	335.500000
1	21.539000	0.874638	331.143738	336.893738
1	21.571000	0.846232	331.093750	336.831238
0	21.602000	0.704348	328.950043	334.687469
1	21.633000	0.835942	330.024994	337.524994
0	21.664000	0.794346	329.855743	336.906281
0	21.695000	0.643623	327.006256	334.993744
0	21.742000	0.772754	331.350006	336.899994
1	21.773000	0.866377	331.212494	338.037506
1	21.805000	0.794058	330.968750	335.093750
1	21.836000	0.814058	330.306244	335.306244
0	21.867000	0.741884	333.406250	336.343750
1	21.898000	0.840290	330.662506	335.337494
0	21.929000	0.823188	331.500000	334.000000
1	21.976000	0.898406	331.093750	335.531250
1	22.007000	0.865942	331.187500	335.000000
0	22.039000	0.602899	328.000000	331.500000
1	22.070000	0.883623	331.056244	336.306244
1	22.101000	0.910145	330.500000	337.000000
1	22.132000	0.866812	330.781250	336.031250
1	22.163000	0.946667	330.850006	337.350006
1	22.195000	0.869710	330.143921	335.868835
0	22.241000	0.708116	328.187500	331.812500
1	22.273000	0.887246	330.787506	334.287506
1	22.304000	0.912029	330.631256	334.368744
1	22.335000	0.962319	332.000000	335.500000
1	22.366000	0.864928	331.174927	334.012451
0	22.397000	0.664058	327.225006	331.774994
1	22.429000	0.916377	330.693756	334.618744
1	22.475000	0.922319	330.937500	335.375000
1	22.507000	0.912899	331.368744	334.818756
1	22.538000	0.939130	331.000000	334.500000
1	22.569000	0.848985	330.462494	334.787506
1	22.600000	0.933333	330.500000	335.500000
0	22.631000	0.805942	332.968750	336.156250
1	22.663000	0.876667	331.831238	335.906250
1	22.709000	0.851159	330.631256	335.756256
1	22.741000	0.831594	330.587494	335.537506
1	22.772000	0.877101	331.212494	336.350006
1	22.803000	0.866232	331.193756	337.056244
1	22.834000	0.870145	331.250000	337.500000
0	22.865000	0.759855	331.443756	336.493744
1	22.897000	0.821159	330.187531	337.387482
0	22.928000	0.618551	327.500031	335.350006
0	22.975000	0.809710	330.756256	336.756256
0	23.006000	0.801594	331.031250	337.518738
1	23.037000	0.898841	330.487518	338.800079
0	23.068000	0.696232	327.312500	337.000000
1	23.099000	0.884928	330.712494	338.762482
1	23.131000	0.831015	330.812500	337.437500
0	23.162000	0.788116	331.912506	337.162506
1	23.209000	0.898551	331.000000	338.500000
0	23.240000	0.672899	330.818756	335.318756
0	23.271000	0.797681	332.087494	337.962494
1	23.302000	0.848985	330.774994	338.787506
1	23.333000	0.839710	330.687500	338.062500
1	23.365000	0.875507	330.906250	339.093750
1	23.396000	0.908985	331.062469	339.625031
0	23.443000	0.805942	330.156250	338.156250
1	23.474000	0.866811	331.156281	338.781219
1	23.505000	0.865797	330.937500	338.812500
1	23.536000	0.847101	330.581238	338.581238
0	23.567000	0.347826	355.181244	320.818756
0	23.599000	0.742898	331.187500	336.312500
0	23.630000	0.781884	330.768738	337.268738
0	23.661000	0.752754	330.437500	336.312500
1	23.708000	0.884203	330.718750	338.968750
1	23.739000	0.850580	330.843750	338.168762
0	23.770000	0.800580	331.000000	337.500000
0	23.801000	0.800000	332.000000	337.500000
0	23.833000	0.733768	330.056244	336.443756
1	23.864000	0.794058	329.906250	337.906250
0	23.895000	0.846377	331.250000	338.750000
0	23.942000	0.857681	331.162506	337.162506
1	23.973000	0.876232	331.837463	337.912476
0	24.004000	0.782029	331.049988	337.799988
1	24.035000	0.885942	331.243744	339.006256
1	24.067000	0.898985	330.556244	339.106232
0	24.098000	0.869565	331.500000	338.000000
0	24.129000	0.829854	330.987488	337.662354
0	24.176000	0.724638	329.875000	336.125000
0	24.207000	0.842029	330.500000	337.875000
0	24.238000	0.535942	326.662506	334.412506
0	24.269000	0.857681	330.337494	338.912506
1	24.301000	0.850580	330.343750	338.768738
1	24.332000	0.347826	358.018738	324.156250
0	24.363000	0.805507	330.787506	338.162506
0	24.394000	0.540290	326.725006	334.725006
1	24.441000	0.790290	330.318756	337.693756
0	24.472000	0.825072	330.556244	338.256256
0	24.503000	0.833188	330.593750	337.018738
1	24.535000	0.765072	329.993591	336.493713
0	24.566000	0.818985	331.843750	338.343750
0	24.597000	0.776667	332.593750	337.781250
0	24.628000	0.633188	327.093750	334.906250
1	24.675000	0.884928	330.287506	338.362518
1	24.706000	0.895652	330.500000	338.500000
1	24.737000	0.870725	330.225006	338.475006
1	24.769000	0.912319	330.706238	338.668762
1	24.800000	0.898841	330.462494	339.512482
0	24.831000	0.556522	326.000000	336.500000
1	24.862000	0.869565	330.500000	339.000000
0	24.909000	0.786232	329.043762	337.318726
0	24.940000	0.777681	330.312500	336.687500
0	24.971000	0.852754	330.625000	338.875000
0	25.003000	0.805797	332.000000	339.500000
1	25.034000	0.788551	329.343750	338.343750
0	25.065000	0.798985	329.943756	339.556244
0	25.096000	0.836957	332.000000	341.500000
0	25.127000	0.801159	330.100006	339.975006
1	25.174000	0.891884	330.062500	341.812500
1	25.205000	0.915797	329.656250	342.718750
1	25.237000	0.933768	330.368744	342.943756
1	25.268000	0.920725	330.243744	342.293732
1	25.299000	0.910725	329.649994	342.350006
1	25.330000	0.896667	330.818756	343.443756
1	25.361000	0.916812	329.687500	343.174988
0	25.408000	0.849710	330.356598	343.243805
0	25.439000	0.705362	328.181244	340.193756
0	25.471000	0.707101	327.218750	341.156250
1	25.502000	0.875362	330.075012	345.187500
0	25.533000	0.576957	326.931244	341.006256
1	25.564000	0.887536	328.750000	344.937500
1	25.595000	0.902754	329.531250	344.968750
1	25.627000	0.892754	328.000000	345.500000
1	25.673000	0.922899	329.225006	345.350006
1	25.705000	0.913043	330.062500	345.312500
1	25.736000	0.881159	329.000000	344.500000
0	25.767000	0.721594	329.368744	341.993744
0	25.798000	0.836232	329.512543	344.437469
1	25.829000	0.955362	329.899994	346.274994
0	25.861000	0.504493	333.006256	353.693756
1	25.907000	0.936377	329.481262	346.718750
1	25.939000	0.915942	329.500000	347.000000
1	25.970000	0.938551	329.500000	347.000000
1	26.001000	0.967971	329.043762	346.593750
1	26.032000	0.969565	329.000000	345.875000
1	26.063000	0.950290	329.831207	346.793671
1	26.095000	0.938116	329.493683	346.006256
1	26.141000	0.950580	328.843750	345.218750
0	26.173000	0.743333	329.681244	342.443756
1	26.204000	0.946667	330.350006	346.649994
1	26.235000	0.915072	328.712494	345.712494
1	26.266000	0.962319	329.750000	347.250000
0	26.297000	0.892754	332.000000	345.500000
1	26.329000	0.964927	329.062500	347.187500
0	26.360000	0.590725	326.487488	342.000000
1	26.407000	0.950580	329.156250	346.843750
1	26.438000	0.910145	329.500000	346.500000
1	26.469000	0.933333	328.968750	346.531250
0	26.500000	0.759710	329.537506	343.587494
1	26.531000	0.906377	329.787506	345.412506
1	26.563000	0.903333	329.493744	346.043732
0	26.594000	0.816377	328.868744	344.306244
1	26.641000	0.877536	329.043762	345.956238
1	26.672000	0.898551	329.500000	346.500000
1	26.703000	0.937536	329.468750	346.518738
1	26.734000	0.912464	328.875000	346.875000
1	26.765000	0.904348	330.000000	346.500000
1	26.797000	0.895507	329.431244	345.431244
0	26.828000	0.690145	328.587494	342.037506
0	26.859000	0.690145	328.912506	341.587494
1	26.906000	0.873188	329.143768	345.556183
0	26.937000	0.347826	327.468811	350.818665
0	26.968000	0.648406	328.187500	340.687500
1	26.999000	0.881449	329.287506	345.012482
0	27.031000	0.592899	326.343750	340.218750
0	27.062000	0.812464	329.762512	343.262512
1	27.093000	0.913043	330.000000	344.750000
1	27.140000	0.918406	329.568756	344.756256
1	27.171000	0.862029	328.725006	343.975006
0	27.202000	0.464203	331.693756	352.418793
1	27.233000	0.824493	328.718750	343.406250
1	27.265000	0.866377	329.037506	343.962494
1	27.296000	0.874058	330.118744	343.943756
1	27.327000	0.866377	330.212494	343.787506
1	27.374000	0.878551	330.287506	343.837494
1	27.405000	0.871159	330.531250	344.843750
1	27.436000	0.883623	330.306244	344.193756
1	27.467000	0.899275	330.518738	344.168762
1	27.499000	0.883623	330.306244	344.193756
1	27.530000	0.870290	330.768738	343.481262
1	27.561000	0.879420	330.087494	343.024994
1	27.592000	0.901449	330.024963	343.450012
0	27.639000	0.347826	348.193726	321.318787
1	27.670000	0.885942	330.493744	342.006256
1	27.701000	0.881159	330.362488	342.200012
0	27.733000	0.615797	326.656250	338.718750
1	27.764000	0.869565	331.500000	342.000000
0	27.795000	0.785942	329.956268	339.043854
0	27.826000	0.348985	329.587494	333.287506
0	27.873000	0.521739	324.000000	337.500000
1	27.904000	0.904348	330.625000	341.875000
1	27.935000	0.903333	330.493744	342.506256
1	27.967000	0.918551	331.412506	342.600006
0	27.998000	0.720145	330.406250	339.968750
1	28.029000	0.831594	329.537506	341.462494
1	28.060000	0.904348	331.000000	342.500000
0	28.107000	0.746812	328.756256	339.243744
1	28.138000	0.902029	329.774994	341.524994
0	28.169000	0.465797	324.687500	337.500000
0	28.201000	0.751594	329.437500	338.562500
0	28.232000	0.828841	329.968750	339.418762
0	28.263000	0.857102	330.812500	339.187500
0	28.294000	0.800000	331.000000	336.500000
0	28.325000	0.729420	329.381256	337.068756
1	28.372000	0.912029	330.531250	340.668701
0	28.403000	0.776812	328.000000	337.500000
0	28.435000	0.745072	329.718750	339.281250
1	28.466000	0.920725	329.756256	341.756256
1	28.497000	0.883188	330.012451	340.737488
0	28.528000	0.463768	333.250000	348.250000
0	28.559000	0.562319	324.500000	337.000000
0	28.606000	0.788986	328.975006	338.962494
0	28.637000	0.791884	329.125000	338.125000
1	28.669000	0.855507	329.331482	338.856262
0	28.700000	0.823188	329.250000	338.750000
0	28.731000	0.815942	329.737488	339.312500
0	28.762000	0.735942	330.274994	337.462494
0	28.793000	0.820579	329.637573	339.187439
0	28.840000	0.834783	331.000000	338.500000
0	28.871000	0.558116	325.718750	335.968750
0	28.903000	0.776812	329.500000	338.000000
0	28.934000	0.803188	330.162506	339.037506
0	28.965000	0.835797	330.431244	339.493744
0	28.996000	0.688116	329.974945	337.524994
0	29.027000	0.759275	329.468750	338.531250
0	29.059000	0.779710	329.812500	339.437500
0	29.105000	0.840725	329.531250	340.656250
1	29.137000	0.927681	329.843750	342.656250
0	29.168000	0.522319	325.250000	338.500000
0	29.199000	0.690290	329.568756	339.881256
1	29.230000	0.920725	329.756256	343.756256
1	29.261000	0.903333	329.493744	343.506256
0	29.293000	0.716232	327.662506	340.324982
0	29.339000	0.522899	323.524994	338.475006
1	29.371000	0.866377	329.225006	341.787506
1	29.402000	0.904348	329.250000	342.750000
0	29.433000	0.765217	330.000000	339.500000
1	29.464000	0.912319	330.393738	342.393738
1	29.495000	0.939855	329.518738	342.518738
0	29.527000	0.574928	324.993744	338.293732
1	29.558000	0.961014	329.993744	343.018768
1	29.605000	0.904928	329.500000	343.437500
1	29.636000	0.951159	329.806244	343.806244
0	29.667000	0.811014	329.899994	341.699982
0	29.698000	0.721159	328.500000	340.000000
0	29.729000	0.540725	333.718750	348.718750
1	29.761000	0.920580	329.725006	343.350006
1	29.792000	0.901015	330.193756	342.943756
0	29.839000	0.664638	328.250000	339.062500
1	29.870000	0.913333	330.562500	343.312500
1	29.901000	0.914203	330.100006	343.350006
0	29.932000	0.857681	330.699982	342.662506
0	29.963000	0.374058	334.806244	350.681244
1	29.995000	0.892754	329.000000	342.500000
<\RIGHT-PUPIL-DATA>
<LEFT-PUPIL-DATA>
903	0
0	-0.051000	13.913043	240.000000	320.000000
0	-0.020000	13.913043	240.000000	320.000000
0	0.011000	13.913043	240.000000	320.000000
0	0.042000	13.913043	240.000000	320.000000
0	0.074000	13.913043	240.000000	320.000000
0	0.105000	13.913043	240.000000	320.000000
0	0.136000	13.913043	240.000000	320.000000
0	0.183000	13.913043	240.000000	320.000000
0	0.214000	13.913043	240.000000	320.000000
0	0.245000	13.913043	240.000000	320.000000
0	0.276000	13.913043	240.000000	320.000000
0	0.308000	13.913043	240.000000	320.000000
0	0.339000	13.913043	240.000000	320.000000
0	0.370000	13.913043	240.000000	320.000000
0	0.401000	13.913043	240.000000	320.000000
0	0.448000	13.913043	240.000000	320.000000
0	0.479000	13.913043	240.000000	320.000000
0	0.510000	13.913043	240.000000	320.000000
0	0.542000	13.913043	240.000000	320.000000
0	0.573000	13.913043	240.000000	320.000000
0	0.604000	13.913043	240.000000	320.000000
0	0.635000	13.913043	240.000000	320.000000
0	0.682000	13.913043	240.000000	320.000000
0	0.713000	13.913043	240.000000	320.000000
0	0.744000	13.913043	240.000000	320.000000
0	0.776000	13.913043	240.000000	320.000000
0	0.807000	13.913043	240.000000	320.000000
0	0.838000	13.913043	240.000000	320.000000
0	0.869000	13.913043	240.000000	320.000000
0	0.900000	13.913043	240.000000	320.000000
0	0.947000	13.913043	240.000000	320.000000
0	0.978000	13.913043	240.000000	320.000000
0	1.010000	13.913043	240.000000	320.000000
0	1.041000	13.913043	240.000000	320.000000
0	1.072000	13.913043	240.000000	320.000000
0	1.103000	13.913043	240.000000	320.000000
0	1.134000	13.913043	240.000000	320.000000
0	1.181000	13.913043	240.000000	320.000000
0	1.212000	13.913043	240.000000	320.000000
0	1.244000	13.913043	240.000000	320.000000
0	1.275000	13.913043	240.000000	320.000000
0	1.306000	13.913043	240.000000	320.000000
0	1.337000	13.913043	240.000000	320.000000
0	1.368000	13.913043	240.000000	320.000000
0	1.415000	13.913043	240.000000	320.000000
0	1.446000	13.913043	240.000000	320.000000
0	1.478000	13.913043	240.000000	320.000000
0	1.509000	13.913043	240.000000	320.000000
0	1.540000	13.913043	240.000000	320.000000
0	1.571000	13.913043	240.000000	320.000000
0	1.602000	13.913043	240.000000	320.000000
0	1.634000	13.913043	240.000000	320.000000
0	1.680000	13.913043	240.000000	320.000000
0	1.712000	13.913043	240.000000	320.000000
0	1.743000	13.913043	240.000000	320.000000
0	1.774000	13.913043	240.000000	320.000000
0	1.805000	13.913043	240.000000	320.000000
0	1.836000	13.913043	240.000000	320.000000
0	1.868000	13.913043	240.000000	320.000000
0	1.914000	13.913043	240.000000	320.000000
0	1.946000	13.913043	240.000000	320.000000
0	1.977000	13.913043	240.000000	320.000000
0	2.008000	13.913043	240.000000	320.000000
0	2.039000	13.913043	240.000000	320.000000
0	2.070000	13.913043	240.000000	320.000000
0	2.102000	13.913043	240.000000	320.000000
0	2.148000	13.913043	240.000000	320.000000
0	2.180000	13.913043	240.000000	320.000000
0	2.211000	13.913043	240.000000	320.000000
0	2.242000	13.913043	240.000000	320.000000
0	2.273000	13.913043	240.000000	320.000000
0	2.304000	13.913043	240.000000	320.000000
0	2.336000	13.913043	240.000000	320.000000
0	2.367000	13.913043	240.000000	320.000000
0	2.414000	13.913043	240.000000	320.000000
0	2.445000	13.913043	240.000000	320.000000
0	2.476000	13.913043	240.000000	320.000000
0	2.507000	13.913043	240.000000	320.000000
0	2.538000	13.913043	240.000000	320.000000
0	2.570000	13.913043	240.000000	320.000000
0	2.601000	13.913043	240.000000	320.000000
0	2.648000	13.913043	240.000000	320.000000
0	2.679000	13.913043	240.000000	320.000000
0	2.710000	13.913043	240.000000	320.000000
0	2.741000	13.913043	240.000000	320.000000
0	2.772000	13.913043	240.000000	320.000000
0	2.804000	13.913043	240.000000	320.000000
0	2.835000	13.913043	240.000000	320.000000
0	2.882000	13.913043	240.000000	320.000000
0	2.913000	13.913043	240.000000	320.000000
0	2.944000	13.913043	240.000000	320.000000
0	2.975000	13.913043	240.000000	320.000000
0	3.006000	13.913043	240.000000	320.000000
0	3.038000	13.913043	240.000000	320.000000
0	3.069000	13.913043	240.000000	320.000000
0	3.100000	13.913043	240.000000	320.000000
0	3.147000	13.913043	240.000000	320.000000
0	3.178000	13.913043	240.000000	320.000000
0	3.209000	13.913043	240.000000	320.000000
0	3.240000	13.913043	240.000000	320.000000
0	3.272000	13.913043	240.000000	320.000000
0	3.303000	13.913043	240.000000	320.000000
0	3.334000	13.913043	240.000000	320.000000
0	3.381000	13.913043	240.000000	320.000000
0	3.412000	13.913043	240.000000	320.000000
0	3.443000	13.913043	240.000000	320.000000
0	3.474000	13.913043	240.000000	320.000000
0	3.506000	13.913043	240.000000	320.000000
0	3.537000	13.913043	240.000000	320.000000
0	3.568000	13.913043	240.000000	320.000000
0	3.615000	13.913043	240.000000	320.000000
0	3.646000	13.913043	240.000000	320.000000
0	3.677000	13.913043	240.000000	320.000000
0	3.708000	13.913043	240.000000	320.000000
0	3.740000	13.913043	240.000000	320.000000
0	3.771000	13.913043	240.000000	320.000000
0	3.802000	13.913043	240.000000	320.000000
0	3.833000	13.913043	240.000000	320.000000
0	3.880000	13.913043	240.000000	320.000000
0	3.911000	13.913043	240.000000	320.000000
0	3.942000	13.913043	240.000000	320.000000
0	3.974000	13.913043	240.000000	320.000000
0	4.005000	13.913043	240.000000	320.000000
0	4.036000	13.913043	240.000000	320.000000
0	4.067000	13.913043	240.000000	320.000000
0	4.114000	13.913043	240.000000	320.000000
0	4.145000	13.913043	240.000000	320.000000
0	4.176000	13.913043	240.000000	320.000000
0	4.208000	13.913043	240.000000	320.000000
0	4.239000	13.913043	240.000000	320.000000
0	4.270000	13.913043	240.000000	320.000000
0	4.301000	13.913043	240.000000	320.000000
0	4.332000	13.913043	240.000000	320.000000
0	4.379000	13.913043	240.000000	320.000000
0	4.410000	13.913043	240.000000	320.000000
0	4.442000	13.913043	240.000000	320.000000
0	4.473000	13.913043	240.000000	320.000000
0	4.504000	13.913043	240.000000	320.000000
0	4.535000	13.913043	240.000000	320.000000
0	4.566000	13.913043	240.000000	320.000000
0	4.613000	13.913043	240.000000	320.000000
0	4.644000	13.913043	240.000000	320.000000
0	4.676000	13.913043	240.000000	320.000000
0	4.707000	13.913043	240.000000	320.000000
0	4.738000	13.913043	240.000000	320.000000
0	4.769000	13.913043	240.000000	320.000000
0	4.800000	13.913043	240.000000	320.000000
0	4.847000	13.913043	240.000000	320.000000
0	4.878000	13.913043	240.000000	320.000000
0	4.910000	13.913043	240.000000	320.000000
0	4.941000	13.913043	240.000000	320.000000
0	4.972000	13.913043	240.000000	320.000000
0	5.003000	13.913043	240.000000	320.000000
0	5.034000	13.913043	240.000000	320.000000
0	5.066000	13.913043	240.000000	320.000000
0	5.112000	13.913043	240.000000	320.000000
0	5.144000	13.913043	240.000000	320.000000
0	5.175000	13.913043	240.000000	320.000000
0	5.206000	13.913043	240.000000	320.000000
0	5.237000	13.913043	240.000000	320.000000
0	5.268000	13.913043	240.000000	320.000000
0	5.300000	13.913043	240.000000	320.000000
0	5.346000	13.913043	240.000000	320.000000
0	5.378000	13.913043	240.000000	320.000000
0	5.409000	13.913043	240.000000	320.000000
0	5.440000	13.913043	240.000000	320.000000
0	5.471000	13.913043	240.000000	320.000000
0	5.502000	13.913043	240.000000	320.000000
0	5.534000	13.913043	240.000000	320.000000
0	5.580000	13.913043	240.000000	320.000000
0	5.612000	13.913043	240.000000	320.000000
0	5.643000	13.913043	240.000000	320.000000
0	5.674000	13.913043	240.000000	320.000000
0	5.705000	13.913043	240.000000	320.000000
0	5.736000	13.913043	240.000000	320.000000
0	5.768000	13.913043	240.000000	320.000000
0	5.799000	13.913043	240.000000	320.000000
0	5.846000	13.913043	240.000000	320.000000
0	5.877000	13.913043	240.000000	320.000000
0	5.908000	13.913043	240.000000	320.000000
0	5.939000	13.913043	240.000000	320.000000
0	5.970000	13.913043	240.000000	320.000000
0	6.002000	13.913043	240.000000	320.000000
0	6.033000	13.913043	240.000000	320.000000
0	6.080000	13.913043	240.000000	320.000000
0	6.111000	13.913043	240.000000	320.000000
0	6.142000	13.913043	240.000000	320.000000
0	6.173000	13.913043	240.000000	320.000000
0	6.204000	13.913043	240.000000	320.000000
0	6.236000	13.913043	240.000000	320.000000
0	6.267000	13.913043	240.000000	320.000000
0	6.298000	13.913043	240.000000	320.000000
0	6.345000	13.913043	240.000000	320.000000
0	6.376000	13.913043	240.000000	320.000000
0	6.407000	13.913043	240.000000	320.000000
0	6.438000	13.913043	240.000000	320.000000
0	6.470000	13.913043	240.000000	320.000000
0	6.501000	13.913043	240.000000	320.000000
0	6.532000	13.913043	240.000000	320.000000
0	6.579000	13.913043	240.000000	320.000000
0	6.610000	13.913043	240.000000	320.000000
0	6.641000	13.913043	240.000000	320.000000
0	6.672000	13.913043	240.000000	320.000000
0	6.704000	13.913043	240.000000	320.000000
0	6.735000	13.913043	240.000000	320.000000
0	6.766000	13.913043	240.000000	320.000000
0	6.813000	13.913043	240.000000	320.000000
0	6.844000	13.913043	240.000000	320.000000
0	6.875000	13.913043	240.000000	320.000000
0	6.906000	13.913043	240.000000	320.000000
0	6.938000	13.913043	240.000000	320.000000
0	6.969000	13.913043	240.000000	320.000000
0	7.000000	13.913043	240.000000	320.000000
0	7.031000	13.913043	240.000000	320.000000
0	7.078000	13.913043	240.000000	320.000000
0	7.109000	13.913043	240.000000	320.000000
0	7.140000	13.913043	240.000000	320.000000
0	7.172000	13.913043	240.000000	320.000000
0	7.203000	13.913043	240.000000	320.000000
0	7.234000	13.913043	240.000000	320.000000
0	7.265000	13.913043	240.000000	320.000000
0	7.312000	13.913043	240.000000	320.000000
0	7.343000	13.913043	240.000000	320.000000
0	7.374000	13.913043	240.000000	320.000000
0	7.406000	13.913043	240.000000	320.000000
0	7.437000	13.913043	240.000000	320.000000
0	7.468000	13.913043	240.000000	320.000000
0	7.499000	13.913043	240.000000	320.000000
0	7.546000	13.913043	240.000000	320.000000
0	7.577000	13.913043	240.000000	320.000000
0	7.608000	13.913043	240.000000	320.000000
0	7.640000	13.913043	240.000000	320.000000
0	7.671000	13.913043	240.000000	320.000000
0	7.702000	13.913043	240.000000	320.000000
0	7.733000	13.913043	240.000000	320.000000
0	7.764000	13.913043	240.000000	320.000000
0	7.811000	13.913043	240.000000	320.000000
0	7.842000	13.913043	240.000000	320.000000
0	7.874000	13.913043	240.000000	320.000000
0	7.905000	13.913043	240.000000	320.000000
0	7.936000	13.913043	240.000000	320.000000
0	7.967000	13.913043	240.000000	320.000000
0	7.998000	13.913043	240.000000	320.000000
0	8.045000	13.913043	240.000000	320.000000
0	8.076000	13.913043	240.000000	320.000000
0	8.108000	13.913043	240.000000	320.000000
0	8.139000	13.913043	240.000000	320.000000
0	8.170000	13.913043	240.000000	320.000000
0	8.201000	13.913043	240.000000	320.000000
0	8.232000	13.913043	240.000000	320.000000
0	8.264000	13.913043	240.000000	320.000000
0	8.310000	13.913043	240.000000	320.000000
0	8.342000	13.913043	240.000000	320.000000
0	8.373000	13.913043	240.000000	320.000000
0	8.404000	13.913043	240.000000	320.000000
0	8.435000	13.913043	240.000000	320.000000
0	8.466000	13.913043	240.000000	320.000000
0	8.498000	13.913043	240.000000	320.000000
0	8.544000	13.913043	240.000000	320.000000
0	8.576000	13.913043	240.000000	320.000000
0	8.607000	13.913043	240.000000	320.000000
0	8.638000	13.913043	240.000000	320.000000
0	8.669000	13.913043	240.000000	320.000000
0	8.700000	13.913043	240.000000	320.000000
0	8.732000	13.913043	240.000000	320.000000
0	8.778000	13.913043	240.000000	320.000000
0	8.810000	13.913043	240.000000	320.000000
0	8.841000	13.913043	240.000000	320.000000
0	8.872000	13.913043	240.000000	320.000000
0	8.903000	13.913043	240.000000	320.000000
0	8.934000	13.913043	240.000000	320.000000
0	8.966000	13.913043	240.000000	320.000000
0	8.997000	13.913043	240.000000	320.000000
0	9.044000	13.913043	240.000000	320.000000
0	9.075000	13.913043	240.000000	320.000000
0	9.106000	13.913043	240.000000	320.000000
0	9.137000	13.913043	240.000000	320.000000
0	9.168000	13.913043	240.000000	320.000000
0	9.200000	13.913043	240.000000	320.000000
0	9.231000	13.913043	240.000000	320.000000
0	9.278000	13.913043	240.000000	320.000000
0	9.309000	13.913043	240.000000	320.000000
0	9.340000	13.913043	240.000000	320.000000
0	9.371000	13.913043	240.000000	320.000000
0	9.402000	13.913043	240.000000	320.000000
0	9.434000	13.913043	240.000000	320.000000
0	9.465000	13.913043	240.000000	320.000000
0	9.512000	13.913043	240.000000	320.000000
0	9.543000	13.913043	240.000000	320.000000
0	9.574000	13.913043	240.000000	320.000000
0	9.605000	13.913043	240.000000	320.000000
0	9.636000	13.913043	240.000000	320.000000
0	9.668000	13.913043	240.000000	320.000000
0	9.699000	13.913043	240.000000	320.000000
0	9.730000	13.913043	240.000000	320.000000
0	9.777000	13.913043	240.000000	320.000000
0	9.808000	13.913043	240.000000	320.000000
0	9.839000	13.913043	240.000000	320.000000
0	9.870000	13.913043	240.000000	320.000000
0	9.902000	13.913043	240.000000	320.000000
0	9.933000	13.913043	240.000000	320.000000
0	9.964000	13.913043	240.000000	320.000000
0	10.011000	13.913043	240.000000	320.000000
0	10.042000	13.913043	240.000000	320.000000
0	10.073000	13.913043	240.000000	320.000000
0	10.104000	13.913043	240.000000	320.000000
0	10.136000	13.913043	240.000000	320.000000
0	10.167000	13.913043	240.000000	320.000000
0	10.198000	13.913043	240.000000	320.000000
0	10.245000	13.913043	240.000000	320.000000
0	10.276000	13.913043	240.000000	320.000000
0	10.307000	13.913043	240.000000	320.000000
0	10.338000	13.913043	240.000000	320.000000
0	10.370000	13.913043	240.000000	320.000000
0	10.401000	13.913043	240.000000	320.000000
0	10.432000	13.913043	240.000000	320.000000
0	10.463000	13.913043	240.000000	320.000000
0	10.510000	13.913043	240.000000	320.000000
0	10.541000	13.913043	240.000000	320.000000
0	10.572000	13.913043	240.000000	320.000000
0	10.604000	13.913043	240.000000	320.000000
0	10.635000	13.913043	240.000000	320.000000
0	10.666000	13.913043	240.000000	320.000000
0	10.697000	13.913043	240.000000	320.000000
0	10.744000	13.913043	240.000000	320.000000
0	10.775000	13.913043	240.000000	320.000000
0	10.806000	13.913043	240.000000	320.000000
0	10.838000	13.913043	240.000000	320.000000
0	10.869000	13.913043	240.000000	320.000000
0	10.900000	13.913043	240.000000	320.000000
0	10.931000	13.913043	240.000000	320.000000
0	10.978000	13.913043	240.000000	320.000000
0	11.009000	13.913043	240.000000	320.000000
0	11.040000	13.913043	240.000000	320.000000
0	11.072000	13.913043	240.000000	320.000000
0	11.103000	13.913043	240.000000	320.000000
0	11.134000	13.913043	240.000000	320.000000
0	11.165000	13.913043	240.000000	320.000000
0	11.196000	13.913043	240.000000	320.000000
0	11.243000	13.913043	240.000000	320.000000
0	11.274000	13.913043	240.000000	320.000000
0	11.306000	13.913043	240.000000	320.000000
0	11.337000	13.913043	240.000000	320.000000
0	11.368000	13.913043	240.000000	320.000000
0	11.399000	13.913043	240.000000	320.000000
0	11.430000	13.913043	240.000000	320.000000
0	11.477000	13.913043	240.000000	320.000000
0	11.508000	13.913043	240.000000	320.000000
0	11.540000	13.913043	240.000000	320.000000
0	11.571000	13.913043	240.000000	320.000000
0	11.602000	13.913043	240.000000	320.000000
0	11.633000	13.913043	240.000000	320.000000
0	11.664000	13.913043	240.000000	320.000000
0	11.696000	13.913043	240.000000	320.000000
0	11.742000	13.913043	240.000000	320.000000
0	11.774000	13.913043	240.000000	320.000000
0	11.805000	13.913043	240.000000	320.000000
0	11.836000	13.913043	240.000000	320.000000
0	11.867000	13.913043	240.000000	320.000000
0	11.898000	13.913043	240.000000	320.000000
0	11.930000	13.913043	240.000000	320.000000
0	11.976000	13.913043	240.000000	320.000000
0	12.008000	13.913043	240.000000	320.000000
0	12.039000	13.913043	240.000000	320.000000
0	12.070000	13.913043	240.000000	320.000000
0	12.101000	13.913043	240.000000	320.000000
0	12.132000	13.913043	240.000000	320.000000
0	12.164000	13.913043	240.000000	320.000000
0	12.195000	13.913043	240.000000	320.000000
0	12.242000	13.913043	240.000000	320.000000
0	12.273000	13.913043	240.000000	320.000000
0	12.304000	13.913043	240.000000	320.000000
0	12.335000	13.913043	240.000000	320.000000
0	12.366000	13.913043	240.000000	320.000000
0	12.398000	13.913043	240.000000	320.000000
0	12.429000	13.913043	240.000000	320.000000
0	12.476000	13.913043	240.000000	320.000000
0	12.507000	13.913043	240.000000	320.000000
0	12.538000	13.913043	240.000000	320.000000
0	12.569000	13.913043	240.000000	320.000000
0	12.600000	13.913043	240.000000	320.000000
0	12.632000	13.913043	240.000000	320.000000
0	12.663000	13.913043	240.000000	320.000000
0	12.710000	13.913043	240.000000	320.000000
0	12.741000	13.913043	240.000000	320.000000
0	12.772000	13.913043	240.000000	320.000000
0	12.803000	13.913043	240.000000	320.000000
0	12.834000	13.913043	240.000000	320.000000
0	12.866000	13.913043	240.000000	320.000000
0	12.897000	13.913043	240.000000	320.000000
0	12.928000	13.913043	240.000000	320.000000
0	12.975000	13.913043	240.000000	320.000000
0	13.006000	13.913043	240.000000	320.000000
0	13.037000	13.913043	240.000000	320.000000
0	13.068000	13.913043	240.000000	320.000000
0	13.100000	13.913043	240.000000	320.000000
0	13.131000	13.913043	240.000000	320.000000
0	13.162000	13.913043	240.000000	320.000000
0	13.209000	13.913043	240.000000	320.000000
0	13.240000	13.913043	240.000000	320.000000
0	13.271000	13.913043	240.000000	320.000000
0	13.302000	13.913043	240.000000	320.000000
0	13.334000	13.913043	240.000000	320.000000
0	13.365000	13.913043	240.000000	320.000000
0	13.396000	13.913043	240.000000	320.000000
0	13.443000	13.913043	240.000000	320.000000
0	13.474000	13.913043	240.000000	320.000000
0	13.505000	13.913043	240.000000	320.000000
0	13.536000	13.913043	240.000000	320.000000
0	13.568000	13.913043	240.000000	320.000000
0	13.599000	13.913043	240.000000	320.000000
0	13.630000	13.913043	240.000000	320.000000
0	13.661000	13.913043	240.000000	320.000000
0	13.708000	13.913043	240.000000	320.000000
0	13.739000	13.913043	240.000000	320.000000
0	13.770000	13.913043	240.000000	320.000000
0	13.802000	13.913043	240.000000	320.000000
0	13.833000	13.913043	240.000000	320.000000
0	13.864000	13.913043	240.000000	320.000000
0	13.895000	13.913043	240.000000	320.000000
0	13.942000	13.913043	240.000000	320.000000
0	13.973000	13.913043	240.000000	320.000000
0	14.004000	13.913043	240.000000	320.000000
0	14.036000	13.913043	240.000000	320.000000
0	14.067000	13.913043	240.000000	320.000000
0	14.098000	13.913043	240.000000	320.000000
0	14.129000	13.913043	240.000000	320.000000
0	14.176000	13.913043	240.000000	320.000000
0	14.207000	13.913043	240.000000	320.000000
0	14.238000	13.913043	240.000000	320.000000
0	14.270000	13.913043	240.000000	320.000000
0	14.301000	13.913043	240.000000	320.000000
0	14.332000	13.913043	240.000000	320.000000
0	14.363000	13.913043	240.000000	320.000000
0	14.394000	13.913043	240.000000	320.000000
0	14.441000	13.913043	240.000000	320.000000
0	14.472000	13.913043	240.000000	320.000000
0	14.504000	13.913043	240.000000	320.000000
0	14.535000	13.913043	240.000000	320.000000
0	14.566000	13.913043	240.000000	320.000000
0	14.597000	13.913043	240.000000	320.000000
0	14.628000	13.913043	240.000000	320.000000
0	14.675000	13.913043	240.000000	320.000000
0	14.706000	13.913043	240.000000	320.000000
0	14.738000	13.913043	240.000000	320.000000
0	14.769000	13.913043	240.000000	320.000000
0	14.800000	13.913043	240.000000	320.000000
0	14.831000	13.913043	240.000000	320.000000
0	14.862000	13.913043	240.000000	320.000000
0	14.909000	13.913043	240.000000	320.000000
0	14.940000	13.913043	240.000000	320.000000
0	14.972000	13.913043	240.000000	320.000000
0	15.003000	13.913043	240.000000	320.000000
0	15.034000	13.913043	240.000000	320.000000
0	15.065000	13.913043	240.000000	320.000000
0	15.096000	13.913043	240.000000	320.000000
0	15.128000	13.913043	240.000000	320.000000
0	15.174000	13.913043	240.000000	320.000000
0	15.206000	13.913043	240.000000	320.000000
0	15.237000	13.913043	240.000000	320.000000
0	15.268000	13.913043	240.000000	320.000000
0	15.299000	13.913043	240.000000	320.000000
0	15.330000	13.913043	240.000000	320.000000
0	15.362000	13.913043	240.000000	320.000000
0	15.408000	13.913043	240.000000	320.000000
0	15.440000	13.913043	240.000000	320.000000
0	15.471000	13.913043	240.000000	320.000000
0	15.502000	13.913043	240.000000	320.000000
0	15.533000	13.913043	240.000000	320.000000
0	15.564000	13.913043	240.000000	320.000000
0	15.596000	13.913043	240.000000	320.000000
0	15.642000	13.913043	240.000000	320.000000
0	15.674000	13.913043	240.000000	320.000000
0	15.705000	13.913043	240.000000	320.000000
0	15.736000	13.913043	240.000000	320.000000
0	15.767000	13.913043	240.000000	320.000000
0	15.798000	13.913043	240.000000	320.000000
0	15.830000	13.913043	240.000000	320.000000
0	15.861000	13.913043	240.000000	320.000000
0	15.908000	13.913043	240.000000	320.000000
0	15.939000	13.913043	240.000000	320.000000
0	15.970000	13.913043	240.000000	320.000000
0	16.001000	13.913043	240.000000	320.000000
0	16.032000	13.913043	240.000000	320.000000
0	16.064000	13.913043	240.000000	320.000000
0	16.095000	13.913043	240.000000	320.000000
0	16.126000	13.913043	240.000000	320.000000
0	16.173000	13.913043	240.000000	320.000000
0	16.204000	13.913043	240.000000	320.000000
0	16.235000	13.913043	240.000000	320.000000
0	16.266000	13.913043	240.000000	320.000000
0	16.298000	13.913043	240.000000	320.000000
0	16.329000	13.913043	240.000000	320.000000
0	16.360000	13.913043	240.000000	320.000000
0	16.407000	13.913043	240.000000	320.000000
0	16.438000	13.913043	240.000000	320.000000
0	16.469000	13.913043	240.000000	320.000000
0	16.500000	13.913043	240.000000	320.000000
0	16.532000	13.913043	240.000000	320.000000
0	16.563000	13.913043	240.000000	320.000000
0	16.594000	13.913043	240.000000	320.000000
0	16.641000	13.913043	240.000000	320.000000
0	16.672000	13.913043	240.000000	320.000000
0	16.703000	13.913043	240.000000	320.000000
0	16.734000	13.913043	240.000000	320.000000
0	16.766000	13.913043	240.000000	320.000000
0	16.797000	13.913043	240.000000	320.000000
0	16.828000	13.913043	240.000000	320.000000
0	16.859000	13.913043	240.000000	320.000000
0	16.906000	13.913043	240.000000	320.000000
0	16.937000	13.913043	240.000000	320.000000
0	16.969000	13.913043	240.000000	320.000000
0	17.000000	13.913043	240.000000	320.000000
0	17.031000	13.913043	240.000000	320.000000
0	17.062000	13.913043	240.000000	320.000000
0	17.093000	13.913043	240.000000	320.000000
0	17.140000	13.913043	240.000000	320.000000
0	17.171000	13.913043	240.000000	320.000000
0	17.203000	13.913043	240.000000	320.000000
0	17.234000	13.913043	240.000000	320.000000
0	17.265000	13.913043	240.000000	320.000000
0	17.296000	13.913043	240.000000	320.000000
0	17.327000	13.913043	240.000000	320.000000
0	17.374000	13.913043	240.000000	320.000000
0	17.405000	13.913043	240.000000	320.000000
0	17.437000	13.913043	240.000000	320.000000
0	17.468000	13.913043	240.000000	320.000000
0	17.499000	13.913043	240.000000	320.000000
0	17.530000	13.913043	240.000000	320.000000
0	17.561000	13.913043	240.000000	320.000000
0	17.593000	13.913043	240.000000	320.000000
0	17.639000	13.913043	240.000000	320.000000
0	17.671000	13.913043	240.000000	320.000000
0	17.702000	13.913043	240.000000	320.000000
0	17.733000	13.913043	240.000000	320.000000
0	17.764000	13.913043	240.000000	320.000000
0	17.795000	13.913043	240.000000	320.000000
0	17.827000	13.913043	240.000000	320.000000
0	17.873000	13.913043	240.000000	320.000000
0	17.905000	13.913043	240.000000	320.000000
0	17.936000	13.913043	240.000000	320.000000
0	17.967000	13.913043	240.000000	320.000000
0	17.998000	13.913043	240.000000	320.000000
0	18.029000	13.913043	240.000000	320.000000
0	18.061000	13.913043	240.000000	320.000000
0	18.107000	13.913043	240.000000	320.000000
0	18.139000	13.913043	240.000000	320.000000
0	18.170000	13.913043	240.000000	320.000000
0	18.201000	13.913043	240.000000	320.000000
0	18.232000	13.913043	240.000000	320.000000
0	18.263000	13.913043	240.000000	320.000000
0	18.295000	13.913043	240.000000	320.000000
0	18.326000	13.913043	240.000000	320.000000
0	18.373000	13.913043	240.000000	320.000000
0	18.404000	13.913043	240.000000	320.000000
0	18.435000	13.913043	240.000000	320.000000
0	18.466000	13.913043	240.000000	320.000000
0	18.497000	13.913043	240.000000	320.000000
0	18.529000	13.913043	240.000000	320.000000
0	18.560000	13.913043	240.000000	320.000000
0	18.607000	13.913043	240.000000	320.000000
0	18.638000	13.913043	240.000000	320.000000
0	18.669000	13.913043	240.000000	320.000000
0	18.700000	13.913043	240.000000	320.000000
0	18.731000	13.913043	240.000000	320.000000
0	18.763000	13.913043	240.000000	320.000000
0	18.794000	13.913043	240.000000	320.000000
0	18.841000	13.913043	240.000000	320.000000
0	18.872000	13.913043	240.000000	320.000000
0	18.903000	13.913043	240.000000	320.000000
0	18.934000	13.913043	240.000000	320.000000
0	18.965000	13.913043	240.000000	320.000000
0	18.997000	13.913043	240.000000	320.000000
0	19.028000	13.913043	240.000000	320.000000
0	19.059000	13.913043	240.000000	320.000000
0	19.106000	13.913043	240.000000	320.000000
0	19.137000	13.913043	240.000000	320.000000
0	19.168000	13.913043	240.000000	320.000000
0	19.199000	13.913043	240.000000	320.000000
0	19.231000	13.913043	240.000000	320.000000
0	19.262000	13.913043	240.000000	320.000000
0	19.293000	13.913043	240.000000	320.000000
0	19.340000	13.913043	240.000000	320.000000
0	19.371000	13.913043	240.000000	320.000000
0	19.402000	13.913043	240.000000	320.000000
0	19.433000	13.913043	240.000000	320.000000
0	19.465000	13.913043	240.000000	320.000000
0	19.496000	13.913043	240.000000	320.000000
0	19.527000	13.913043	240.000000	320.000000
0	19.574000	13.913043	240.000000	320.000000
0	19.605000	13.913043	240.000000	320.000000
0	19.636000	13.913043	240.000000	320.000000
0	19.667000	13.913043	240.000000	320.000000
0	19.699000	13.913043	240.000000	320.000000
0	19.730000	13.913043	240.000000	320.000000
0	19.761000	13.913043	240.000000	320.000000
0	19.792000	13.913043	240.000000	320.000000
0	19.839000	13.913043	240.000000	320.000000
0	19.870000	13.913043	240.000000	320.000000
0	19.901000	13.913043	240.000000	320.000000
0	19.933000	13.913043	240.000000	320.000000
0	19.964000	13.913043	240.000000	320.000000
0	19.995000	13.913043	240.000000	320.000000
0	20.026000	13.913043	240.000000	320.000000
0	20.057000	13.913043	240.000000	320.000000
0	20.104000	13.913043	240.000000	320.000000
0	20.135000	13.913043	240.000000	320.000000
0	20.167000	13.913043	240.000000	320.000000
0	20.198000	13.913043	240.000000	320.000000
0	20.229000	13.913043	240.000000	320.000000
0	20.260000	13.913043	240.000000	320.000000
0	20.291000	13.913043	240.000000	320.000000
0	20.338000	13.913043	240.000000	320.000000
0	20.369000	13.913043	240.000000	320.000000
0	20.401000	13.913043	240.000000	320.000000
0	20.432000	13.913043	240.000000	320.000000
0	20.463000	13.913043	240.000000	320.000000
0	20.494000	13.913043	240.000000	320.000000
0	20.525000	13.913043	240.000000	320.000000
0	20.572000	13.913043	240.000000	320.000000
0	20.603000	13.913043	240.000000	320.000000
0	20.635000	13.913043	240.000000	320.000000
0	20.666000	13.913043	240.000000	320.000000
0	20.697000	13.913043	240.000000	320.000000
0	20.728000	13.913043	240.000000	320.000000
0	20.759000	13.913043	240.000000	320.000000
0	20.791000	13.913043	240.000000	320.000000
0	20.837000	13.913043	240.000000	320.000000
0	20.869000	13.913043	240.000000	320.000000
0	20.900000	13.913043	240.000000	320.000000
0	20.931000	13.913043	240.000000	320.000000
0	20.962000	13.913043	240.000000	320.000000
0	20.993000	13.913043	240.000000	320.000000
0	21.025000	13.913043	240.000000	320.000000
0	21.071000	13.913043	240.000000	320.000000
0	21.103000	13.913043	240.000000	320.000000
0	21.134000	13.913043	240.000000	320.000000
0	21.165000	13.913043	240.000000	320.000000
0	21.196000	13.913043	240.000000	320.000000
0	21.227000	13.913043	240.000000	320.000000
0	21.259000	13.913043	240.000000	320.000000
0	21.305000	13.913043	240.000000	320.000000
0	21.337000	13.913043	240.000000	320.000000
0	21.368000	13.913043	240.000000	320.000000
0	21.399000	13.913043	240.000000	320.000000
0	21.430000	13.913043	240.000000	320.000000
0	21.461000	13.913043	240.000000	320.000000
0	21.493000	13.913043	240.000000	320.000000
0	21.524000	13.913043	240.000000	320.000000
0	21.571000	13.913043	240.000000	320.000000
0	21.602000	13.913043	240.000000	320.000000
0	21.633000	13.913043	240.000000	320.000000
0	21.664000	13.913043	240.000000	320.000000
0	21.695000	13.913043	240.000000	320.000000
0	21.727000	13.913043	240.000000	320.000000
0	21.758000	13.913043	240.000000	320.000000
0	21.805000	13.913043	240.000000	320.000000
0	21.836000	13.913043	240.000000	320.000000
0	21.867000	13.913043	240.000000	320.000000
0	21.898000	13.913043	240.000000	320.000000
0	21.929000	13.913043	240.000000	320.000000
0	21.961000	13.913043	240.000000	320.000000
0	21.992000	13.913043	240.000000	320.000000
0	22.039000	13.913043	240.000000	320.000000
0	22.070000	13.913043	240.000000	320.000000
0	22.101000	13.913043	240.000000	320.000000
0	22.132000	13.913043	240.000000	320.000000
0	22.163000	13.913043	240.000000	320.000000
0	22.195000	13.913043	240.000000	320.000000
0	22.226000	13.913043	240.000000	320.000000
0	22.257000	13.913043	240.000000	320.000000
0	22.304000	13.913043	240.000000	320.000000
0	22.335000	13.913043	240.000000	320.000000
0	22.366000	13.913043	240.000000	320.000000
0	22.397000	13.913043	240.000000	320.000000
0	22.429000	13.913043	240.000000	320.000000
0	22.460000	13.913043	240.000000	320.000000
0	22.491000	13.913043	240.000000	320.000000
0	22.538000	13.913043	240.000000	320.000000
0	22.569000	13.913043	240.000000	320.000000
0	22.600000	13.913043	240.000000	320.000000
0	22.631000	13.913043	240.000000	320.000000
0	22.663000	13.913043	240.000000	320.000000
0	22.694000	13.913043	240.000000	320.000000
0	22.725000	13.913043	240.000000	320.000000
0	22.772000	13.913043	240.000000	320.000000
0	22.803000	13.913043	240.000000	320.000000
0	22.834000	13.913043	240.000000	320.000000
0	22.865000	13.913043	240.000000	320.000000
0	22.897000	13.913043	240.000000	320.000000
0	22.928000	13.913043	240.000000	320.000000
0	22.959000	13.913043	240.000000	320.000000
0	22.990000	13.913043	240.000000	320.000000
0	23.037000	13.913043	240.000000	320.000000
0	23.068000	13.913043	240.000000	320.000000
0	23.099000	13.913043	240.000000	320.000000
0	23.131000	13.913043	240.000000	320.000000
0	23.162000	13.913043	240.000000	320.000000
0	23.193000	13.913043	240.000000	320.000000
0	23.224000	13.913043	240.000000	320.000000
0	23.271000	13.913043	240.000000	320.000000
0	23.302000	13.913043	240.000000	320.000000
0	23.333000	13.913043	240.000000	320.000000
0	23.365000	13.913043	240.000000	320.000000
0	23.396000	13.913043	240.000000	320.000000
0	23.427000	13.913043	240.000000	320.000000
0	23.458000	13.913043	240.000000	320.000000
0	23.505000	13.913043	240.000000	320.000000
0	23.536000	13.913043	240.000000	320.000000
0	23.567000	13.913043	240.000000	320.000000
0	23.599000	13.913043	240.000000	320.000000
0	23.630000	13.913043	240.000000	320.000000
0	23.661000	13.913043	240.000000	320.000000
0	23.692000	13.913043	240.000000	320.000000
0	23.723000	13.913043	240.000000	320.000000
0	23.770000	13.913043	240.000000	320.000000
0	23.801000	13.913043	240.000000	320.000000
0	23.833000	13.913043	240.000000	320.000000
0	23.864000	13.913043	240.000000	320.000000
0	23.895000	13.913043	240.000000	320.000000
0	23.926000	13.913043	240.000000	320.000000
0	23.957000	13.913043	240.000000	320.000000
0	24.004000	13.913043	240.000000	320.000000
0	24.035000	13.913043	240.000000	320.000000
0	24.067000	13.913043	240.000000	320.000000
0	24.098000	13.913043	240.000000	320.000000
0	24.129000	13.913043	240.000000	320.000000
0	24.160000	13.913043	240.000000	320.000000
0	24.191000	13.913043	240.000000	320.000000
0	24.223000	13.913043	240.000000	320.000000
0	24.269000	13.913043	240.000000	320.000000
0	24.301000	13.913043	240.000000	320.000000
0	24.332000	13.913043	240.000000	320.000000
0	24.363000	13.913043	240.000000	320.000000
0	24.394000	13.913043	240.000000	320.000000
0	24.425000	13.913043	240.000000	320.000000
0	24.457000	13.913043	240.000000	320.000000
0	24.503000	13.913043	240.000000	320.000000
0	24.535000	13.913043	240.000000	320.000000
0	24.566000	13.913043	240.000000	320.000000
0	24.597000	13.913043	240.000000	320.000000
0	24.628000	13.913043	240.000000	320.000000
0	24.659000	13.913043	240.000000	320.000000
0	24.691000	13.913043	240.000000	320.000000
0	24.722000	13.913043	240.000000	320.000000
0	24.769000	13.913043	240.000000	320.000000
0	24.800000	13.913043	240.000000	320.000000
0	24.831000	13.913043	240.000000	320.000000
0	24.862000	13.913043	240.000000	320.000000
0	24.893000	13.913043	240.000000	320.000000
0	24.925000	13.913043	240.000000	320.000000
0	24.956000	13.913043	240.000000	320.000000
0	25.003000	13.913043	240.000000	320.000000
0	25.034000	13.913043	240.000000	320.000000
0	25.065000	13.913043	240.000000	320.000000
0	25.096000	13.913043	240.000000	320.000000
0	25.127000	13.913043	240.000000	320.000000
0	25.159000	13.913043	240.000000	320.000000
0	25.190000	13.913043	240.000000	320.000000
0	25.237000	13.913043	240.000000	320.000000
0	25.268000	13.913043	240.000000	320.000000
0	25.299000	13.913043	240.000000	320.000000
0	25.330000	13.913043	240.000000	320.000000
0	25.361000	13.913043	240.000000	320.000000
0	25.393000	13.913043	240.000000	320.000000
0	25.424000	13.913043	240.000000	320.000000
0	25.455000	13.913043	240.000000	320.000000
0	25.502000	13.913043	240.000000	320.000000
0	25.533000	13.913043	240.000000	320.000000
0	25.564000	13.913043	240.000000	320.000000
0	25.595000	13.913043	240.000000	320.000000
0	25.627000	13.913043	240.000000	320.000000
0	25.658000	13.913043	240.000000	320.000000
0	25.689000	13.913043	240.000000	320.000000
0	25.736000	13.913043	240.000000	320.000000
0	25.767000	13.913043	240.000000	320.000000
0	25.798000	13.913043	240.000000	320.000000
0	25.829000	13.913043	240.000000	320.000000
0	25.861000	13.913043	240.000000	320.000000
0	25.892000	13.913043	240.000000	320.000000
0	25.923000	13.913043	240.000000	320.000000
0	25.970000	13.913043	240.000000	320.000000
0	26.001000	13.913043	240.000000	320.000000
0	26.032000	13.913043	240.000000	320.000000
0	26.063000	13.913043	240.000000	320.000000
0	26.095000	13.913043	240.000000	320.000000
0	26.126000	13.913043	240.000000	320.000000
0	26.157000	13.913043	240.000000	320.000000
0	26.188000	13.913043	240.000000	320.000000
0	26.235000	13.913043	240.000000	320.000000
0	26.266000	13.913043	240.000000	320.000000
0	26.297000	13.913043	240.000000	320.000000
0	26.329000	13.913043	240.000000	320.000000
0	26.360000	13.913043	240.000000	320.000000
0	26.391000	13.913043	240.000000	320.000000
0	26.422000	13.913043	240.000000	320.000000
0	26.469000	13.913043	240.000000	320.000000
0	26.500000	13.913043	240.000000	320.000000
0	26.531000	13.913043	240.000000	320.000000
0	26.563000	13.913043	240.000000	320.000000
0	26.594000	13.913043	240.000000	320.000000
0	26.625000	13.913043	240.000000	320.000000
0	26.656000	13.913043	240.000000	320.000000
0	26.703000	13.913043	240.000000	320.000000
0	26.734000	13.913043	240.000000	320.000000
0	26.765000	13.913043	240.000000	320.000000
0	26.797000	13.913043	240.000000	320.000000
0	26.828000	13.913043	240.000000	320.000000
0	26.859000	13.913043	240.000000	320.000000
0	26.890000	13.913043	240.000000	320.000000
0	26.921000	13.913043	240.000000	320.000000
0	26.968000	13.913043	240.000000	320.000000
0	26.999000	13.913043	240.000000	320.000000
0	27.031000	13.913043	240.000000	320.000000
0	27.062000	13.913043	240.000000	320.000000
0	27.093000	13.913043	240.000000	320.000000
0	27.124000	13.913043	240.000000	320.000000
0	27.155000	13.913043	240.000000	320.000000
0	27.202000	13.913043	240.000000	320.000000
0	27.233000	13.913043	240.000000	320.000000
0	27.265000	13.913043	240.000000	320.000000
0	27.296000	13.913043	240.000000	320.000000
0	27.327000	13.913043	240.000000	320.000000
0	27.358000	13.913043	240.000000	320.000000
0	27.389000	13.913043	240.000000	320.000000
0	27.436000	13.913043	240.000000	320.000000
0	27.467000	13.913043	240.000000	320.000000
0	27.499000	13.913043	240.000000	320.000000
0	27.530000	13.913043	240.000000	320.000000
0	27.561000	13.913043	240.000000	320.000000
0	27.592000	13.913043	240.000000	320.000000
0	27.623000	13.913043	240.000000	320.000000
0	27.655000	13.913043	240.000000	320.000000
0	27.701000	13.913043	240.000000	320.000000
0	27.733000	13.913043	240.000000	320.000000
0	27.764000	13.913043	240.000000	320.000000
0	27.795000	13.913043	240.000000	320.000000
0	27.826000	13.913043	240.000000	320.000000
0	27.857000	13.913043	240.000000	320.000000
0	27.889000	13.913043	240.000000	320.000000
0	27.935000	13.913043	240.000000	320.000000
0	27.967000	13.913043	240.000000	320.000000
0	27.998000	13.913043	240.000000	320.000000
0	28.029000	13.913043	240.000000	320.000000
0	28.060000	13.913043	240.000000	320.000000
0	28.091000	13.913043	240.000000	320.000000
0	28.123000	13.913043	240.000000	320.000000
0	28.154000	13.913043	240.000000	320.000000
0	28.201000	13.913043	240.000000	320.000000
0	28.232000	13.913043	240.000000	320.000000
0	28.263000	13.913043	240.000000	320.000000
0	28.294000	13.913043	240.000000	320.000000
0	28.325000	13.913043	240.000000	320.000000
0	28.357000	13.913043	240.000000	320.000000
0	28.388000	13.913043	240.000000	320.000000
0	28.435000	13.913043	240.000000	320.000000
0	28.466000	13.913043	240.000000	320.000000
0	28.497000	13.913043	240.000000	320.000000
0	28.528000	13.913043	240.000000	320.000000
0	28.559000	13.913043	240.000000	320.000000
0	28.591000	13.913043	240.000000	320.000000
0	28.622000	13.913043	240.000000	320.000000
0	28.669000	13.913043	240.000000	320.000000
0	28.700000	13.913043	240.000000	320.000000
0	28.731000	13.913043	240.000000	320.000000
0	28.762000	13.913043	240.000000	320.000000
0	28.793000	13.913043	240.000000	320.000000
0	28.825000	13.913043	240.000000	320.000000
0	28.856000	13.913043	240.000000	320.000000
0	28.887000	13.913043	240.000000	320.000000
0	28.934000	13.913043	240.000000	320.000000
0	28.965000	13.913043	240.000000	320.000000
0	28.996000	13.913043	240.000000	320.000000
0	29.027000	13.913043	240.000000	320.000000
0	29.059000	13.913043	240.000000	320.000000
0	29.090000	13.913043	240.000000	320.000000
0	29.121000	13.913043	240.000000	320.000000
0	29.168000	13.913043	240.000000	320.000000
0	29.199000	13.913043	240.000000	320.000000
0	29.230000	13.913043	240.000000	320.000000
0	29.261000	13.913043	240.000000	320.000000
0	29.293000	13.913043	240.000000	320.000000
0	29.324000	13.913043	240.000000	320.000000
0	29.355000	13.913043	240.000000	320.000000
0	29.402000	13.913043	240.000000	320.000000
0	29.433000	13.913043	240.000000	320.000000
0	29.464000	13.913043	240.000000	320.000000
0	29.495000	13.913043	240.000000	320.000000
0	29.527000	13.913043	240.000000	320.000000
0	29.558000	13.913043	240.000000	320.000000
0	29.589000	13.913043	240.000000	320.000000
0	29.620000	13.913043	240.000000	320.000000
0	29.667000	13.913043	240.000000	320.000000
0	29.698000	13.913043	240.000000	320.000000
0	29.729000	13.913043	240.000000	320.000000
0	29.761000	13.913043	240.000000	320.000000
0	29.792000	13.913043	240.000000	320.000000
0	29.823000	13.913043	240.000000	320.000000
0	29.854000	13.913043	240.000000	320.000000
0	29.901000	13.913043	240.000000	320.000000
0	29.932000	13.913043	240.000000	320.000000
0	29.963000	13.913043	240.000000	320.000000
0	29.995000	13.913043	240.000000	320.000000
<\LEFT-PUPIL-DATA>
<RIGHT-PUPIL-ANALYSIS>
1
0	0	17	902	0	0	0.509000	29.518000	0.509000	4.006067	0.000000	0.000000	0.000000	0	3	3	3	3	0	0	0	0.000000	0.000000	0.000000	0.000000	0.000000	0.000000	0.000000	-1.000000	0.000000	0	0.919623	0.559793	0.664251	0.255117	2.997000	-0.118913	-2.062497	-1.000000	0.273574	1	0.919623	0.559793	0.664251	0.255117	2.997000	-1.003224	-2.062497	-1.000000	0.273574
<\RIGHT-PUPIL-ANALYSIS>
<LEFT-PUPIL-ANALYSIS>
1
0	0	17	902	0	0	0.509000	29.518000	0.509000	4.006067	0.000000	0.000000	0.000000	0	3	3	3	3	0	0	0	0.000000	0.000000	0.000000	0.000000	0.000000	0.000000	0.000000	-1.000000	0.000000	0	-0.034783	-0.034783	0.000950	0.000950	0.001000	0.000000	0.000000	-1.000000	0.000000	1	-0.034783	-0.034783	0.000950	0.000950	0.001000	-1000000.000000	-1000000.000000	-1.000000	0.000000
<\LEFT-PUPIL-ANALYSIS>
%%%%%%%%%
%%%%%%%%%
%%%%%%%%%
%%%	Measurement Tiime is: 2017-08-15 09:57:22
%%%	Subject ID is: c57-1mois-F5-0.6b
%%%	Note: 
%%%	RSS: Default Human Relative Spectral Sensitivity
%%%	Pupil Analysis:
%%%
%%%
%%%
%%%	Pulse Index:	0
%%%	Stimulus Session Index:	0
%%%	Right Pupil Stimulated
%%%	Light Metric is Photopic
%%%	Stimulus Start Time(sec):	0.51
%%%	Stimulus Duration(sec):	29.52
%%%	Stimulus Pulse Duration(sec):	0.51
%%%	Right Pulse:	4.01	(Blue )	-	0.00	(Blue )	[Lux ]
%%%	Left Pulse:	0.00	(Blue )	-	0.00	(Blue )	[Lux ]
%%%
%%%		RIGHT	LEFT	R.Pupil Mean	L.Pupil Mean	R.Stim Mean	R.Stim Mean
%%%	INPUT:	RAW DATA	RAW DATA
%%%	STATE:	ABNORMAL	ABNORMAL	ABNORMAL	ABNORMAL	ABNORMAL	ABNORMAL
%%%	MAX(mm):	0.00	0.00	0.00	0.00	0.00	0.00
%%%	MIN(mm):	0.00	0.00	0.00	0.00	0.00	0.00
%%%	DELTA(mm):						
%%%	CH(%):						
%%%	LAT(sec):	0.00	0.00	0.00	0.00	0.00	0.00
%%%	CV(mm/s):	0.00	0.00	0.00	0.00	0.00	0.00
%%%	MCV(mm/s):	0.00	0.00	0.00	0.00	0.00	0.00
%%%	DV(mm/s):	0.00	0.00	0.00	0.00	0.00	0.00
%%%%%%%%%
%%%%%%%%%
%%%%%%%%%
%%%	Right Pupil Profile (1st row -> 1 == valid tracking, 0 == invalid tracking; 2nd row -> time; 3rd row -> diameter (mm))
%%%	1	1	1	1	1	1	1	1	1	1	1	1	1	1	1	1	1	1	1	1	1	1	1	1	1	1	1	1	1	1	1	1	1	1	1	1	0	1	0	0	1	0	0	1	0	0	1	0	1	0	0	1	0	0	1	1	1	0	0	0	0	1	0	1	1	1	1	0	0	0	1	1	1	1	1	1	1	1	1	1	1	1	1	1	1	1	1	1	1	0	1	1	1	1	1	1	1	1	0	1	1	1	1	1	1	1	1	1	1	1	1	1	1	0	1	1	1	1	1	1	1	1	1	1	1	1	1	1	0	1	1	1	1	1	1	1	1	1	1	1	1	1	1	1	1	1	1	1	1	1	1	1	1	1	0	1	1	1	0	1	0	1	1	0	1	1	1	1	1	0	1	0	0	1	1	1	1	1	0	1	0	1	0	1	1	1	1	1	1	1	1	1	1	1	1	1	1	1	1	1	1	1	1	1	1	1	1	0	1	1	1	1	1	1	1	1	1	1	1	1	1	1	1	1	1	1	1	1	1	1	1	1	1	1	1	1	1	1	1	1	1	1	1	1	1	1	1	1	1	0	1	1	1	1	1	1	0	1	1	1	1	1	1	0	0	1	1	1	1	1	1	1	1	1	1	1	1	1	1	1	0	1	1	1	1	1	1	1	1	1	1	1	1	1	1	1	1	1	1	1	1	1	1	1	1	1	1	1	1	1	0	1	1	1	1	1	1	1	1	1	1	1	1	1	1	1	1	1	1	1	1	1	1	1	1	1	1	1	1	1	1	1	1	1	1	1	1	1	1	1	1	1	1	1	1	1	1	1	0	1	1	1	1	1	1	1	1	1	1	1	1	1	1	1	1	1	1	1	0	1	1	1	1	1	1	1	1	1	1	1	1	1	1	1	1	1	1	1	1	1	1	1	1	1	1	1	1	1	1	0	1	1	1	1	1	1	1	1	1	1	1	1	0	1	1	1	1	1	1	1	1	1	1	0	1	1	1	1	1	0	1	1	0	1	1	1	0	1	1	1	1	1	1	1	0	1	1	1	1	0	1	1	0	1	1	1	1	1	1	1	1	1	1	1	1	1	1	0	1	1	1	0	1	1	1	1	1	1	1	1	0	0	1	1	1	1	0	1	1	1	1	1	1	1	1	1	0	1	0	1	1	1	1	1	1	1	1	1	1	1	1	1	1	1	1	0	1	1	0	1	1	1	1	1	1	0	1	1	0	1	1	0	0	1	1	1	1	1	1	1	1	1	1	0	0	0	1	1	1	1	1	0	1	1	1	1	1	1	1	1	1	1	0	1	1	1	1	1	0	0	1	1	1	1	0	1	1	1	0	1	1	1	1	1	1	1	0	1	0	1	1	0	1	1	1	1	0	1	1	1	1	1	1	1	1	0	1	0	0	0	1	0	1	1	0	1	0	0	0	0	0	1	1	1	0	1	1	1	1	1	1	1	1	0	0	1	1	0	1	1	0	1	0	0	0	1	1	1	0	1	0	1	1	0	1	1	1	1	1	0	1	1	1	1	0	1	1	1	1	1	1	0	1	1	1	1	1	1	0	1	0	0	0	1	0	1	1	0	1	0	0	1	1	1	1	0	1	1	1	0	0	0	0	1	1	0	0	0	1	0	0	1	0	1	1	0	0	0	0	0	0	1	1	0	0	1	0	0	1	0	0	0	1	1	1	1	1	0	1	0	0	0	0	1	0	0	0	1	1	1	1	1	1	1	0	0	0	1	0	1	1	1	1	1	1	0	0	1	0	1	1	1	1	1	1	1	1	0	1	1	1	0	1	0	1	1	1	0	1	1	0	1	1	1	1	1	1	0	0	1	0	0	1	0	0	1	1	1	0	1	1	1	1	1	1	1	1	1	1	1	1	0	1	1	0	1	0	0	0	1	1	1	0	1	1	0	1	0	0	0	0	0	0	1	0	0	1	1	0	0	0	0	1	0	0	0	0	0	0	0	0	0	0	0	0	0	1	0	0	1	1	0	0	1	1	0	1	1	0	1	1	1	0	0	0	1	1	0	1	1	0	0	1
%%%	-0.051000	-0.020000	0.011000	0.042000	0.074000	0.120000	0.152000	0.183000	0.214000	0.245000	0.276000	0.308000	0.354000	0.386000	0.417000	0.448000	0.479000	0.510000	0.542000	0.573000	0.620000	0.651000	0.682000	0.713000	0.744000	0.776000	0.807000	0.854000	0.885000	0.916000	0.947000	0.978000	1.010000	1.041000	1.088000	1.119000	1.150000	1.181000	1.212000	1.244000	1.275000	1.306000	1.353000	1.384000	1.415000	1.446000	1.478000	1.509000	1.540000	1.571000	1.618000	1.649000	1.680000	1.712000	1.743000	1.774000	1.805000	1.852000	1.883000	1.914000	1.946000	1.977000	2.008000	2.039000	2.086000	2.117000	2.148000	2.180000	2.211000	2.242000	2.273000	2.304000	2.351000	2.382000	2.414000	2.445000	2.476000	2.507000	2.538000	2.585000	2.616000	2.648000	2.679000	2.710000	2.741000	2.772000	2.819000	2.850000	2.882000	2.913000	2.944000	2.975000	3.006000	3.038000	3.084000	3.116000	3.147000	3.178000	3.209000	3.240000	3.272000	3.318000	3.350000	3.381000	3.412000	3.443000	3.474000	3.506000	3.552000	3.584000	3.615000	3.646000	3.677000	3.708000	3.740000	3.771000	3.818000	3.849000	3.880000	3.911000	3.942000	3.974000	4.005000	4.052000	4.083000	4.114000	4.145000	4.176000	4.208000	4.239000	4.286000	4.317000	4.348000	4.379000	4.410000	4.442000	4.473000	4.504000	4.551000	4.582000	4.613000	4.644000	4.676000	4.707000	4.738000	4.785000	4.816000	4.847000	4.878000	4.910000	4.941000	4.972000	5.019000	5.050000	5.081000	5.112000	5.144000	5.175000	5.206000	5.237000	5.284000	5.315000	5.346000	5.378000	5.409000	5.440000	5.471000	5.518000	5.549000	5.580000	5.612000	5.643000	5.674000	5.705000	5.736000	5.783000	5.814000	5.846000	5.877000	5.908000	5.939000	5.970000	6.017000	6.048000	6.080000	6.111000	6.142000	6.173000	6.204000	6.236000	6.282000	6.314000	6.345000	6.376000	6.407000	6.438000	6.470000	6.516000	6.548000	6.579000	6.610000	6.641000	6.672000	6.704000	6.750000	6.782000	6.813000	6.844000	6.875000	6.906000	6.938000	6.969000	7.016000	7.047000	7.078000	7.109000	7.140000	7.172000	7.203000	7.250000	7.281000	7.312000	7.343000	7.374000	7.406000	7.437000	7.484000	7.515000	7.546000	7.577000	7.608000	7.640000	7.671000	7.702000	7.749000	7.780000	7.811000	7.842000	7.874000	7.905000	7.936000	7.983000	8.014000	8.045000	8.076000	8.108000	8.139000	8.170000	8.217000	8.248000	8.279000	8.310000	8.342000	8.373000	8.404000	8.435000	8.482000	8.513000	8.544000	8.576000	8.607000	8.638000	8.669000	8.716000	8.747000	8.778000	8.810000	8.841000	8.872000	8.903000	8.950000	8.981000	9.012000	9.044000	9.075000	9.106000	9.137000	9.168000	9.215000	9.246000	9.278000	9.309000	9.340000	9.371000	9.402000	9.449000	9.480000	9.512000	9.543000	9.574000	9.605000	9.636000	9.668000	9.714000	9.746000	9.777000	9.808000	9.839000	9.870000	9.902000	9.948000	9.980000	10.011000	10.042000	10.073000	10.104000	10.136000	10.182000	10.214000	10.245000	10.276000	10.307000	10.338000	10.370000	10.401000	10.448000	10.479000	10.510000	10.541000	10.572000	10.604000	10.635000	10.682000	10.713000	10.744000	10.775000	10.806000	10.838000	10.869000	10.916000	10.947000	10.978000	11.009000	11.040000	11.072000	11.103000	11.134000	11.181000	11.212000	11.243000	11.274000	11.306000	11.337000	11.368000	11.415000	11.446000	11.477000	11.508000	11.540000	11.571000	11.602000	11.649000	11.680000	11.711000	11.742000	11.774000	11.805000	11.836000	11.867000	11.914000	11.945000	11.976000	12.008000	12.039000	12.070000	12.101000	12.148000	12.179000	12.210000	12.242000	12.273000	12.304000	12.335000	12.366000	12.413000	12.444000	12.476000	12.507000	12.538000	12.569000	12.600000	12.647000	12.678000	12.710000	12.741000	12.772000	12.803000	12.834000	12.881000	12.912000	12.944000	12.975000	13.006000	13.037000	13.068000	13.100000	13.146000	13.178000	13.209000	13.240000	13.271000	13.302000	13.334000	13.380000	13.412000	13.443000	13.474000	13.505000	13.536000	13.568000	13.599000	13.646000	13.677000	13.708000	13.739000	13.770000	13.802000	13.833000	13.880000	13.911000	13.942000	13.973000	14.004000	14.036000	14.067000	14.114000	14.145000	14.176000	14.207000	14.238000	14.270000	14.301000	14.332000	14.379000	14.410000	14.441000	14.472000	14.504000	14.535000	14.566000	14.613000	14.644000	14.675000	14.706000	14.738000	14.769000	14.800000	14.847000	14.878000	14.909000	14.940000	14.972000	15.003000	15.034000	15.065000	15.112000	15.143000	15.174000	15.206000	15.237000	15.268000	15.299000	15.346000	15.377000	15.408000	15.440000	15.471000	15.502000	15.533000	15.580000	15.611000	15.642000	15.674000	15.705000	15.736000	15.767000	15.798000	15.845000	15.876000	15.908000	15.939000	15.970000	16.001000	16.032000	16.079000	16.110000	16.142000	16.173000	16.204000	16.235000	16.266000	16.313000	16.344000	16.376000	16.407000	16.438000	16.469000	16.500000	16.532000	16.578000	16.610000	16.641000	16.672000	16.703000	16.734000	16.766000	16.812000	16.844000	16.875000	16.906000	16.937000	16.969000	17.000000	17.047000	17.078000	17.109000	17.140000	17.171000	17.203000	17.234000	17.265000	17.312000	17.343000	17.374000	17.405000	17.437000	17.468000	17.499000	17.530000	17.577000	17.608000	17.639000	17.671000	17.702000	17.733000	17.764000	17.811000	17.842000	17.873000	17.905000	17.936000	17.967000	17.998000	18.045000	18.076000	18.107000	18.139000	18.170000	18.201000	18.232000	18.263000	18.310000	18.341000	18.373000	18.404000	18.435000	18.466000	18.497000	18.544000	18.575000	18.607000	18.638000	18.669000	18.700000	18.731000	18.778000	18.809000	18.841000	18.872000	18.903000	18.934000	18.965000	18.997000	19.043000	19.075000	19.106000	19.137000	19.168000	19.199000	19.231000	19.277000	19.309000	19.340000	19.371000	19.402000	19.433000	19.465000	19.511000	19.543000	19.574000	19.605000	19.636000	19.667000	19.699000	19.730000	19.777000	19.808000	19.839000	19.870000	19.901000	19.933000	19.964000	20.011000	20.042000	20.073000	20.104000	20.135000	20.167000	20.198000	20.245000	20.276000	20.307000	20.338000	20.369000	20.401000	20.432000	20.463000	20.510000	20.541000	20.572000	20.603000	20.635000	20.666000	20.697000	20.744000	20.775000	20.806000	20.837000	20.869000	20.900000	20.931000	20.978000	21.009000	21.040000	21.071000	21.103000	21.134000	21.165000	21.196000	21.243000	21.274000	21.305000	21.337000	21.368000	21.399000	21.430000	21.461000	21.508000	21.539000	21.571000	21.602000	21.633000	21.664000	21.695000	21.742000	21.773000	21.805000	21.836000	21.867000	21.898000	21.929000	21.976000	22.007000	22.039000	22.070000	22.101000	22.132000	22.163000	22.195000	22.241000	22.273000	22.304000	22.335000	22.366000	22.397000	22.429000	22.475000	22.507000	22.538000	22.569000	22.600000	22.631000	22.663000	22.709000	22.741000	22.772000	22.803000	22.834000	22.865000	22.897000	22.928000	22.975000	23.006000	23.037000	23.068000	23.099000	23.131000	23.162000	23.209000	23.240000	23.271000	23.302000	23.333000	23.365000	23.396000	23.443000	23.474000	23.505000	23.536000	23.567000	23.599000	23.630000	23.661000	23.708000	23.739000	23.770000	23.801000	23.833000	23.864000	23.895000	23.942000	23.973000	24.004000	24.035000	24.067000	24.098000	24.129000	24.176000	24.207000	24.238000	24.269000	24.301000	24.332000	24.363000	24.394000	24.441000	24.472000	24.503000	24.535000	24.566000	24.597000	24.628000	24.675000	24.706000	24.737000	24.769000	24.800000	24.831000	24.862000	24.909000	24.940000	24.971000	25.003000	25.034000	25.065000	25.096000	25.127000	25.174000	25.205000	25.237000	25.268000	25.299000	25.330000	25.361000	25.408000	25.439000	25.471000	25.502000	25.533000	25.564000	25.595000	25.627000	25.673000	25.705000	25.736000	25.767000	25.798000	25.829000	25.861000	25.907000	25.939000	25.970000	26.001000	26.032000	26.063000	26.095000	26.141000	26.173000	26.204000	26.235000	26.266000	26.297000	26.329000	26.360000	26.407000	26.438000	26.469000	26.500000	26.531000	26.563000	26.594000	26.641000	26.672000	26.703000	26.734000	26.765000	26.797000	26.828000	26.859000	26.906000	26.937000	26.968000	26.999000	27.031000	27.062000	27.093000	27.140000	27.171000	27.202000	27.233000	27.265000	27.296000	27.327000	27.374000	27.405000	27.436000	27.467000	27.499000	27.530000	27.561000	27.592000	27.639000	27.670000	27.701000	27.733000	27.764000	27.795000	27.826000	27.873000	27.904000	27.935000	27.967000	27.998000	28.029000	28.060000	28.107000	28.138000	28.169000	28.201000	28.232000	28.263000	28.294000	28.325000	28.372000	28.403000	28.435000	28.466000	28.497000	28.528000	28.559000	28.606000	28.637000	28.669000	28.700000	28.731000	28.762000	28.793000	28.840000	28.871000	28.903000	28.934000	28.965000	28.996000	29.027000	29.059000	29.105000	29.137000	29.168000	29.199000	29.230000	29.261000	29.293000	29.339000	29.371000	29.402000	29.433000	29.464000	29.495000	29.527000	29.558000	29.605000	29.636000	29.667000	29.698000	29.729000	29.761000	29.792000	29.839000	29.870000	29.901000	29.932000	29.963000	29.995000
%%%	0.985507	0.885942	0.920725	0.932029	0.917391	0.937536	0.922899	0.907971	0.935362	0.912029	0.916232	0.937971	0.903333	0.925072	0.922319	0.922319	0.911160	0.915942	0.904348	0.924928	0.910145	0.926667	0.923333	0.913043	0.904348	0.920145	0.894058	0.869565	0.829855	0.800000	0.759275	0.747971	0.718841	0.672319	0.660870	0.639275	0.347826	0.614493	0.483623	0.360725	0.380435	0.468551	0.398985	0.347826	0.353333	0.347826	0.566232	0.353768	0.556522	0.377681	0.347826	0.567971	0.366667	0.386377	0.347826	0.588551	0.603333	0.568116	0.355072	0.373333	0.359710	0.622319	0.347826	0.614493	0.660870	0.634783	0.635797	0.376812	0.402899	0.359855	0.664203	0.666812	0.664638	0.670580	0.679275	0.651594	0.698841	0.692029	0.670145	0.690290	0.672754	0.697246	0.707971	0.706812	0.695652	0.714493	0.718986	0.707101	0.720580	0.417391	0.722319	0.716232	0.689710	0.727246	0.731014	0.743333	0.695072	0.730435	0.609855	0.742029	0.730435	0.672319	0.730435	0.742898	0.730435	0.720580	0.736377	0.740290	0.742898	0.711884	0.705797	0.406377	0.733768	0.448116	0.690290	0.718986	0.716232	0.717971	0.720725	0.729855	0.717246	0.741884	0.718551	0.737971	0.733768	0.744203	0.733768	0.761884	0.595942	0.733768	0.773768	0.748551	0.730435	0.742898	0.730435	0.744203	0.753333	0.735797	0.752319	0.730580	0.752899	0.752899	0.744058	0.748551	0.730435	0.745507	0.742898	0.746667	0.752319	0.733623	0.718406	0.761594	0.743333	0.739130	0.495652	0.765942	0.750580	0.755507	0.468551	0.765217	0.465797	0.744058	0.760290	0.571159	0.733188	0.723333	0.736377	0.747826	0.724493	0.347826	0.742029	0.372464	0.347826	0.707536	0.720580	0.742029	0.724493	0.730435	0.347826	0.719275	0.394203	0.742898	0.496377	0.781015	0.761014	0.756812	0.779275	0.787536	0.792464	0.783188	0.799420	0.789710	0.794638	0.814058	0.801159	0.767971	0.795652	0.800725	0.800000	0.735362	0.792464	0.770580	0.776812	0.761014	0.761449	0.791884	0.759710	0.730435	0.787536	0.764203	0.801015	0.800000	0.800000	0.800580	0.776812	0.814638	0.839275	0.825507	0.800000	0.800000	0.834783	0.811594	0.800000	0.813623	0.822899	0.814058	0.823188	0.818406	0.825072	0.811594	0.831015	0.835942	0.790725	0.817971	0.846377	0.835362	0.829275	0.821159	0.834058	0.800000	0.834783	0.869565	0.801159	0.833768	0.835942	0.857102	0.823188	0.835362	0.826087	0.542464	0.814058	0.847246	0.816812	0.851015	0.847971	0.820725	0.424928	0.800000	0.866232	0.823333	0.858116	0.829275	0.849420	0.800000	0.800000	0.892754	0.876232	0.885362	0.877536	0.895652	0.885362	0.896812	0.876812	0.874058	0.904493	0.869565	0.893333	0.885942	0.885362	0.885797	0.846377	0.877536	0.875362	0.857971	0.857971	0.881159	0.857681	0.858116	0.869565	0.861594	0.835942	0.833188	0.846377	0.822754	0.864203	0.848985	0.850580	0.860290	0.855797	0.835362	0.835942	0.839855	0.855362	0.814638	0.833768	0.826667	0.850580	0.831594	0.800000	0.828841	0.685942	0.810290	0.743333	0.832464	0.797246	0.794058	0.831015	0.811594	0.831594	0.857681	0.818551	0.826667	0.851449	0.831015	0.783188	0.869565	0.866377	0.861449	0.852899	0.871159	0.883768	0.894058	0.863768	0.869565	0.883623	0.881159	0.857536	0.839275	0.871159	0.820725	0.811884	0.814493	0.823188	0.788551	0.811594	0.835942	0.837536	0.776812	0.836377	0.838551	0.800000	0.852899	0.839275	0.857536	0.863043	0.854928	0.831884	0.860870	0.355072	0.861594	0.857681	0.839710	0.848985	0.848406	0.841304	0.874058	0.874058	0.865797	0.866377	0.902753	0.866232	0.857681	0.866232	0.904348	0.904348	0.892754	0.903333	0.912464	0.574058	0.907681	0.884928	0.904928	0.927536	0.926232	0.901015	0.951159	0.916377	0.954928	0.913623	0.948551	0.917971	0.921159	0.917971	0.906812	0.925362	0.916232	0.916667	0.901449	0.915797	0.912899	0.904493	0.904493	0.916812	0.939130	0.898406	0.901449	0.903333	0.884928	0.921884	0.394203	0.904928	0.857681	0.898551	0.918985	0.914203	0.904928	0.872754	0.916667	0.911884	0.878116	0.903188	0.911449	0.800000	0.931015	0.921739	0.927246	0.941159	0.933768	0.922319	0.938116	0.929275	0.921449	0.913768	0.808116	0.927101	0.946667	0.902029	0.906812	0.920580	0.646812	0.926667	0.910145	0.861594	0.937101	0.953188	0.920725	0.866812	0.929275	0.858116	0.926667	0.916812	0.900580	0.916232	0.915942	1.377681	0.911884	0.959710	0.966232	0.901159	0.881015	0.924928	0.934493	1.321739	0.950725	0.904203	0.939130	0.934783	0.892754	0.915797	0.920145	0.927246	0.881015	0.910725	0.951159	0.910145	0.912319	0.908696	0.869275	0.867101	0.901015	0.894493	1.361014	0.929275	0.985507	0.878116	0.915942	0.878116	0.857824	0.922899	0.931015	1.415797	0.590725	0.932753	0.902899	0.920580	0.915942	0.557681	0.922899	0.903333	0.936667	0.881159	0.874203	0.938116	0.894058	0.916377	0.903768	0.829855	0.886957	0.839275	0.931159	0.942754	0.921884	0.931015	0.925507	0.915942	0.962319	0.910145	0.959275	0.930580	0.950580	0.926667	0.947826	0.936377	0.939130	0.931015	0.858116	0.947246	0.899855	0.809275	0.907681	0.900290	0.865797	0.863623	0.900290	0.904348	0.713043	0.839855	0.852754	0.347826	0.876812	0.853188	0.813043	0.420145	0.814058	0.867970	0.857102	0.839275	0.881159	0.898985	0.856522	0.903333	0.865797	0.884928	0.573768	0.653623	0.822319	0.834783	0.876812	0.865217	0.883768	0.866232	1.274638	0.902029	0.857681	0.876812	0.916232	0.897101	0.859275	0.892754	0.882754	0.884928	0.866377	0.363478	0.892754	0.924928	0.881159	0.884203	0.874638	0.829855	0.811884	0.885362	0.881159	0.866232	0.866377	0.635942	0.846377	0.901449	0.818116	1.246377	0.842319	0.817536	0.905507	0.917536	0.833188	0.920725	0.885507	0.846377	0.908841	0.834203	0.883334	0.857971	0.843478	0.840145	0.822319	0.852174	0.840725	0.702754	0.882029	0.865797	0.887536	0.866232	0.831594	0.812464	0.823188	0.855507	0.800000	0.857681	0.800580	0.761014	0.784638	0.869565	0.752319	0.894638	0.796667	0.833768	0.884928	0.744493	0.746377	0.812899	0.835942	0.853333	0.916377	0.850580	0.904058	0.886377	0.875507	0.904928	0.869565	0.908406	0.834783	0.939130	0.878261	0.832899	1.146232	0.835942	0.883623	0.884928	0.823188	0.874638	0.846232	0.704348	0.835942	0.794346	0.643623	0.772754	0.866377	0.794058	0.814058	0.741884	0.840290	0.823188	0.898406	0.865942	0.602899	0.883623	0.910145	0.866812	0.946667	0.869710	0.708116	0.887246	0.912029	0.962319	0.864928	0.664058	0.916377	0.922319	0.912899	0.939130	0.848985	0.933333	0.805942	0.876667	0.851159	0.831594	0.877101	0.866232	0.870145	0.759855	0.821159	0.618551	0.809710	0.801594	0.898841	0.696232	0.884928	0.831015	0.788116	0.898551	0.672899	0.797681	0.848985	0.839710	0.875507	0.908985	0.805942	0.866811	0.865797	0.847101	0.347826	0.742898	0.781884	0.752754	0.884203	0.850580	0.800580	0.800000	0.733768	0.794058	0.846377	0.857681	0.876232	0.782029	0.885942	0.898985	0.869565	0.829854	0.724638	0.842029	0.535942	0.857681	0.850580	0.347826	0.805507	0.540290	0.790290	0.825072	0.833188	0.765072	0.818985	0.776667	0.633188	0.884928	0.895652	0.870725	0.912319	0.898841	0.556522	0.869565	0.786232	0.777681	0.852754	0.805797	0.788551	0.798985	0.836957	0.801159	0.891884	0.915797	0.933768	0.920725	0.910725	0.896667	0.916812	0.849710	0.705362	0.707101	0.875362	0.576957	0.887536	0.902754	0.892754	0.922899	0.913043	0.881159	0.721594	0.836232	0.955362	0.504493	0.936377	0.915942	0.938551	0.967971	0.969565	0.950290	0.938116	0.950580	0.743333	0.946667	0.915072	0.962319	0.892754	0.964927	0.590725	0.950580	0.910145	0.933333	0.759710	0.906377	0.903333	0.816377	0.877536	0.898551	0.937536	0.912464	0.904348	0.895507	0.690145	0.690145	0.873188	0.347826	0.648406	0.881449	0.592899	0.812464	0.913043	0.918406	0.862029	0.464203	0.824493	0.866377	0.874058	0.866377	0.878551	0.871159	0.883623	0.899275	0.883623	0.870290	0.879420	0.901449	0.347826	0.885942	0.881159	0.615797	0.869565	0.785942	0.348985	0.521739	0.904348	0.903333	0.918551	0.720145	0.831594	0.904348	0.746812	0.902029	0.465797	0.751594	0.828841	0.857102	0.800000	0.729420	0.912029	0.776812	0.745072	0.920725	0.883188	0.463768	0.562319	0.788986	0.791884	0.855507	0.823188	0.815942	0.735942	0.820579	0.834783	0.558116	0.776812	0.803188	0.835797	0.688116	0.759275	0.779710	0.840725	0.927681	0.522319	0.690290	0.920725	0.903333	0.716232	0.522899	0.866377	0.904348	0.765217	0.912319	0.939855	0.574928	0.961014	0.904928	0.951159	0.811014	0.721159	0.540725	0.920580	0.901015	0.664638	0.913333	0.914203	0.857681	0.374058	0.892754
%%%	Left Pupil Profile (1st row -> 1 == valid tracking, 0 == invalid tracking; 2nd row -> time; 3rd row -> diameter (mm))
%%%	0	0	0	0	0	0	0	0	0	0	0	0	0	0	0	0	0	0	0	0	0	0	0	0	0	0	0	0	0	0	0	0	0	0	0	0	0	0	0	0	0	0	0	0	0	0	0	0	0	0	0	0	0	0	0	0	0	0	0	0	0	0	0	0	0	0	0	0	0	0	0	0	0	0	0	0	0	0	0	0	0	0	0	0	0	0	0	0	0	0	0	0	0	0	0	0	0	0	0	0	0	0	0	0	0	0	0	0	0	0	0	0	0	0	0	0	0	0	0	0	0	0	0	0	0	0	0	0	0	0	0	0	0	0	0	0	0	0	0	0	0	0	0	0	0	0	0	0	0	0	0	0	0	0	0	0	0	0	0	0	0	0	0	0	0	0	0	0	0	0	0	0	0	0	0	0	0	0	0	0	0	0	0	0	0	0	0	0	0	0	0	0	0	0	0	0	0	0	0	0	0	0	0	0	0	0	0	0	0	0	0	0	0	0	0	0	0	0	0	0	0	0	0	0	0	0	0	0	0	0	0	0	0	0	0	0	0	0	0	0	0	0	0	0	0	0	0	0	0	0	0	0	0	0	0	0	0	0	0	0	0	0	0	0	0	0	0	0	0	0	0	0	0	0	0	0	0	0	0	0	0	0	0	0	0	0	0	0	0	0	0	0	0	0	0	0	0	0	0	0	0	0	0	0	0	0	0	0	0	0	0	0	0	0	0	0	0	0	0	0	0	0	0	0	0	0	0	0	0	0	0	0	0	0	0	0	0	0	0	0	0	0	0	0	0	0	0	0	0	0	0	0	0	0	0	0	0	0	0	0	0	0	0	0	0	0	0	0	0	0	0	0	0	0	0	0	0	0	0	0	0	0	0	0	0	0	0	0	0	0	0	0	0	0	0	0	0	0	0	0	0	0	0	0	0	0	0	0	0	0	0	0	0	0	0	0	0	0	0	0	0	0	0	0	0	0	0	0	0	0	0	0	0	0	0	0	0	0	0	0	0	0	0	0	0	0	0	0	0	0	0	0	0	0	0	0	0	0	0	0	0	0	0	0	0	0	0	0	0	0	0	0	0	0	0	0	0	0	0	0	0	0	0	0	0	0	0	0	0	0	0	0	0	0	0	0	0	0	0	0	0	0	0	0	0	0	0	0	0	0	0	0	0	0	0	0	0	0	0	0	0	0	0	0	0	0	0	0	0	0	0	0	0	0	0	0	0	0	0	0	0	0	0	0	0	0	0	0	0	0	0	0	0	0	0	0	0	0	0	0	0	0	0	0	0	0	0	0	0	0	0	0	0	0	0	0	0	0	0	0	0	0	0	0	0	0	0	0	0	0	0	0	0	0	0	0	0	0	0	0	0	0	0	0	0	0	0	0	0	0	0	0	0	0	0	0	0	0	0	0	0	0	0	0	0	0	0	0	0	0	0	0	0	0	0	0	0	0	0	0	0	0	0	0	0	0	0	0	0	0	0	0	0	0	0	0	0	0	0	0	0	0	0	0	0	0	0	0	0	0	0	0	0	0	0	0	0	0	0	0	0	0	0	0	0	0	0	0	0	0	0	0	0	0	0	0	0	0	0	0	0	0	0	0	0	0	0	0	0	0	0	0	0	0	0	0	0	0	0	0	0	0	0	0	0	0	0	0	0	0	0	0	0	0	0	0	0	0	0	0	0	0	0	0	0	0	0	0	0	0	0	0	0	0	0	0	0	0	0	0	0	0	0	0	0	0	0	0	0	0	0	0	0	0	0	0	0	0	0	0	0	0	0	0	0	0	0	0	0	0	0	0	0	0	0	0	0	0	0	0	0	0	0	0	0	0	0	0	0	0	0	0	0	0	0	0	0	0	0	0	0	0	0	0	0	0	0	0	0	0	0	0	0	0	0	0	0	0	0	0	0	0	0	0	0	0	0	0	0	0	0	0	0	0	0	0	0	0	0	0	0	0	0	0	0	0	0	0	0	0	0	0	0	0	0	0	0	0	0	0	0	0	0	0	0	0	0	0	0	0	0	0	0	0	0	0	0	0	0	0	0	0	0
%%%	-0.051000	-0.020000	0.011000	0.042000	0.074000	0.105000	0.136000	0.183000	0.214000	0.245000	0.276000	0.308000	0.339000	0.370000	0.401000	0.448000	0.479000	0.510000	0.542000	0.573000	0.604000	0.635000	0.682000	0.713000	0.744000	0.776000	0.807000	0.838000	0.869000	0.900000	0.947000	0.978000	1.010000	1.041000	1.072000	1.103000	1.134000	1.181000	1.212000	1.244000	1.275000	1.306000	1.337000	1.368000	1.415000	1.446000	1.478000	1.509000	1.540000	1.571000	1.602000	1.634000	1.680000	1.712000	1.743000	1.774000	1.805000	1.836000	1.868000	1.914000	1.946000	1.977000	2.008000	2.039000	2.070000	2.102000	2.148000	2.180000	2.211000	2.242000	2.273000	2.304000	2.336000	2.367000	2.414000	2.445000	2.476000	2.507000	2.538000	2.570000	2.601000	2.648000	2.679000	2.710000	2.741000	2.772000	2.804000	2.835000	2.882000	2.913000	2.944000	2.975000	3.006000	3.038000	3.069000	3.100000	3.147000	3.178000	3.209000	3.240000	3.272000	3.303000	3.334000	3.381000	3.412000	3.443000	3.474000	3.506000	3.537000	3.568000	3.615000	3.646000	3.677000	3.708000	3.740000	3.771000	3.802000	3.833000	3.880000	3.911000	3.942000	3.974000	4.005000	4.036000	4.067000	4.114000	4.145000	4.176000	4.208000	4.239000	4.270000	4.301000	4.332000	4.379000	4.410000	4.442000	4.473000	4.504000	4.535000	4.566000	4.613000	4.644000	4.676000	4.707000	4.738000	4.769000	4.800000	4.847000	4.878000	4.910000	4.941000	4.972000	5.003000	5.034000	5.066000	5.112000	5.144000	5.175000	5.206000	5.237000	5.268000	5.300000	5.346000	5.378000	5.409000	5.440000	5.471000	5.502000	5.534000	5.580000	5.612000	5.643000	5.674000	5.705000	5.736000	5.768000	5.799000	5.846000	5.877000	5.908000	5.939000	5.970000	6.002000	6.033000	6.080000	6.111000	6.142000	6.173000	6.204000	6.236000	6.267000	6.298000	6.345000	6.376000	6.407000	6.438000	6.470000	6.501000	6.532000	6.579000	6.610000	6.641000	6.672000	6.704000	6.735000	6.766000	6.813000	6.844000	6.875000	6.906000	6.938000	6.969000	7.000000	7.031000	7.078000	7.109000	7.140000	7.172000	7.203000	7.234000	7.265000	7.312000	7.343000	7.374000	7.406000	7.437000	7.468000	7.499000	7.546000	7.577000	7.608000	7.640000	7.671000	7.702000	7.733000	7.764000	7.811000	7.842000	7.874000	7.905000	7.936000	7.967000	7.998000	8.045000	8.076000	8.108000	8.139000	8.170000	8.201000	8.232000	8.264000	8.310000	8.342000	8.373000	8.404000	8.435000	8.466000	8.498000	8.544000	8.576000	8.607000	8.638000	8.669000	8.700000	8.732000	8.778000	8.810000	8.841000	8.872000	8.903000	8.934000	8.966000	8.997000	9.044000	9.075000	9.106000	9.137000	9.168000	9.200000	9.231000	9.278000	9.309000	9.340000	9.371000	9.402000	9.434000	9.465000	9.512000	9.543000	9.574000	9.605000	9.636000	9.668000	9.699000	9.730000	9.777000	9.808000	9.839000	9.870000	9.902000	9.933000	9.964000	10.011000	10.042000	10.073000	10.104000	10.136000	10.167000	10.198000	10.245000	10.276000	10.307000	10.338000	10.370000	10.401000	10.432000	10.463000	10.510000	10.541000	10.572000	10.604000	10.635000	10.666000	10.697000	10.744000	10.775000	10.806000	10.838000	10.869000	10.900000	10.931000	10.978000	11.009000	11.040000	11.072000	11.103000	11.134000	11.165000	11.196000	11.243000	11.274000	11.306000	11.337000	11.368000	11.399000	11.430000	11.477000	11.508000	11.540000	11.571000	11.602000	11.633000	11.664000	11.696000	11.742000	11.774000	11.805000	11.836000	11.867000	11.898000	11.930000	11.976000	12.008000	12.039000	12.070000	12.101000	12.132000	12.164000	12.195000	12.242000	12.273000	12.304000	12.335000	12.366000	12.398000	12.429000	12.476000	12.507000	12.538000	12.569000	12.600000	12.632000	12.663000	12.710000	12.741000	12.772000	12.803000	12.834000	12.866000	12.897000	12.928000	12.975000	13.006000	13.037000	13.068000	13.100000	13.131000	13.162000	13.209000	13.240000	13.271000	13.302000	13.334000	13.365000	13.396000	13.443000	13.474000	13.505000	13.536000	13.568000	13.599000	13.630000	13.661000	13.708000	13.739000	13.770000	13.802000	13.833000	13.864000	13.895000	13.942000	13.973000	14.004000	14.036000	14.067000	14.098000	14.129000	14.176000	14.207000	14.238000	14.270000	14.301000	14.332000	14.363000	14.394000	14.441000	14.472000	14.504000	14.535000	14.566000	14.597000	14.628000	14.675000	14.706000	14.738000	14.769000	14.800000	14.831000	14.862000	14.909000	14.940000	14.972000	15.003000	15.034000	15.065000	15.096000	15.128000	15.174000	15.206000	15.237000	15.268000	15.299000	15.330000	15.362000	15.408000	15.440000	15.471000	15.502000	15.533000	15.564000	15.596000	15.642000	15.674000	15.705000	15.736000	15.767000	15.798000	15.830000	15.861000	15.908000	15.939000	15.970000	16.001000	16.032000	16.064000	16.095000	16.126000	16.173000	16.204000	16.235000	16.266000	16.298000	16.329000	16.360000	16.407000	16.438000	16.469000	16.500000	16.532000	16.563000	16.594000	16.641000	16.672000	16.703000	16.734000	16.766000	16.797000	16.828000	16.859000	16.906000	16.937000	16.969000	17.000000	17.031000	17.062000	17.093000	17.140000	17.171000	17.203000	17.234000	17.265000	17.296000	17.327000	17.374000	17.405000	17.437000	17.468000	17.499000	17.530000	17.561000	17.593000	17.639000	17.671000	17.702000	17.733000	17.764000	17.795000	17.827000	17.873000	17.905000	17.936000	17.967000	17.998000	18.029000	18.061000	18.107000	18.139000	18.170000	18.201000	18.232000	18.263000	18.295000	18.326000	18.373000	18.404000	18.435000	18.466000	18.497000	18.529000	18.560000	18.607000	18.638000	18.669000	18.700000	18.731000	18.763000	18.794000	18.841000	18.872000	18.903000	18.934000	18.965000	18.997000	19.028000	19.059000	19.106000	19.137000	19.168000	19.199000	19.231000	19.262000	19.293000	19.340000	19.371000	19.402000	19.433000	19.465000	19.496000	19.527000	19.574000	19.605000	19.636000	19.667000	19.699000	19.730000	19.761000	19.792000	19.839000	19.870000	19.901000	19.933000	19.964000	19.995000	20.026000	20.057000	20.104000	20.135000	20.167000	20.198000	20.229000	20.260000	20.291000	20.338000	20.369000	20.401000	20.432000	20.463000	20.494000	20.525000	20.572000	20.603000	20.635000	20.666000	20.697000	20.728000	20.759000	20.791000	20.837000	20.869000	20.900000	20.931000	20.962000	20.993000	21.025000	21.071000	21.103000	21.134000	21.165000	21.196000	21.227000	21.259000	21.305000	21.337000	21.368000	21.399000	21.430000	21.461000	21.493000	21.524000	21.571000	21.602000	21.633000	21.664000	21.695000	21.727000	21.758000	21.805000	21.836000	21.867000	21.898000	21.929000	21.961000	21.992000	22.039000	22.070000	22.101000	22.132000	22.163000	22.195000	22.226000	22.257000	22.304000	22.335000	22.366000	22.397000	22.429000	22.460000	22.491000	22.538000	22.569000	22.600000	22.631000	22.663000	22.694000	22.725000	22.772000	22.803000	22.834000	22.865000	22.897000	22.928000	22.959000	22.990000	23.037000	23.068000	23.099000	23.131000	23.162000	23.193000	23.224000	23.271000	23.302000	23.333000	23.365000	23.396000	23.427000	23.458000	23.505000	23.536000	23.567000	23.599000	23.630000	23.661000	23.692000	23.723000	23.770000	23.801000	23.833000	23.864000	23.895000	23.926000	23.957000	24.004000	24.035000	24.067000	24.098000	24.129000	24.160000	24.191000	24.223000	24.269000	24.301000	24.332000	24.363000	24.394000	24.425000	24.457000	24.503000	24.535000	24.566000	24.597000	24.628000	24.659000	24.691000	24.722000	24.769000	24.800000	24.831000	24.862000	24.893000	24.925000	24.956000	25.003000	25.034000	25.065000	25.096000	25.127000	25.159000	25.190000	25.237000	25.268000	25.299000	25.330000	25.361000	25.393000	25.424000	25.455000	25.502000	25.533000	25.564000	25.595000	25.627000	25.658000	25.689000	25.736000	25.767000	25.798000	25.829000	25.861000	25.892000	25.923000	25.970000	26.001000	26.032000	26.063000	26.095000	26.126000	26.157000	26.188000	26.235000	26.266000	26.297000	26.329000	26.360000	26.391000	26.422000	26.469000	26.500000	26.531000	26.563000	26.594000	26.625000	26.656000	26.703000	26.734000	26.765000	26.797000	26.828000	26.859000	26.890000	26.921000	26.968000	26.999000	27.031000	27.062000	27.093000	27.124000	27.155000	27.202000	27.233000	27.265000	27.296000	27.327000	27.358000	27.389000	27.436000	27.467000	27.499000	27.530000	27.561000	27.592000	27.623000	27.655000	27.701000	27.733000	27.764000	27.795000	27.826000	27.857000	27.889000	27.935000	27.967000	27.998000	28.029000	28.060000	28.091000	28.123000	28.154000	28.201000	28.232000	28.263000	28.294000	28.325000	28.357000	28.388000	28.435000	28.466000	28.497000	28.528000	28.559000	28.591000	28.622000	28.669000	28.700000	28.731000	28.762000	28.793000	28.825000	28.856000	28.887000	28.934000	28.965000	28.996000	29.027000	29.059000	29.090000	29.121000	29.168000	29.199000	29.230000	29.261000	29.293000	29.324000	29.355000	29.402000	29.433000	29.464000	29.495000	29.527000	29.558000	29.589000	29.620000	29.667000	29.698000	29.729000	29.761000	29.792000	29.823000	29.854000	29.901000	29.932000	29.963000	29.995000
%%%	13.913043	13.913043	13.913043	13.913043	13.913043	13.913043	13.913043	13.913043	13.913043	13.913043	13.913043	13.913043	13.913043	13.913043	13.913043	13.913043	13.913043	13.913043	13.913043	13.913043	13.913043	13.913043	13.913043	13.913043	13.913043	13.913043	13.913043	13.913043	13.913043	13.913043	13.913043	13.913043	13.913043	13.913043	13.913043	13.913043	13.913043	13.913043	13.913043	13.913043	13.913043	13.913043	13.913043	13.913043	13.913043	13.913043	13.913043	13.913043	13.913043	13.913043	13.913043	13.913043	13.913043	13.913043	13.913043	13.913043	13.913043	13.913043	13.913043	13.913043	13.913043	13.913043	13.913043	13.913043	13.913043	13.913043	13.913043	13.913043	13.913043	13.913043	13.913043	13.913043	13.913043	13.913043	13.913043	13.913043	13.913043	13.913043	13.913043	13.913043	13.913043	13.913043	13.913043	13.913043	13.913043	13.913043	13.913043	13.913043	13.913043	13.913043	13.913043	13.913043	13.913043	13.913043	13.913043	13.913043	13.913043	13.913043	13.913043	13.913043	13.913043	13.913043	13.913043	13.913043	13.913043	13.913043	13.913043	13.913043	13.913043	13.913043	13.913043	13.913043	13.913043	13.913043	13.913043	13.913043	13.913043	13.913043	13.913043	13.913043	13.913043	13.913043	13.913043	13.913043	13.913043	13.913043	13.913043	13.913043	13.913043	13.913043	13.913043	13.913043	13.913043	13.913043	13.913043	13.913043	13.913043	13.913043	13.913043	13.913043	13.913043	13.913043	13.913043	13.913043	13.913043	13.913043	13.913043	13.913043	13.913043	13.913043	13.913043	13.913043	13.913043	13.913043	13.913043	13.913043	13.913043	13.913043	13.913043	13.913043	13.913043	13.913043	13.913043	13.913043	13.913043	13.913043	13.913043	13.913043	13.913043	13.913043	13.913043	13.913043	13.913043	13.913043	13.913043	13.913043	13.913043	13.913043	13.913043	13.913043	13.913043	13.913043	13.913043	13.913043	13.913043	13.913043	13.913043	13.913043	13.913043	13.913043	13.913043	13.913043	13.913043	13.913043	13.913043	13.913043	13.913043	13.913043	13.913043	13.913043	13.913043	13.913043	13.913043	13.913043	13.913043	13.913043	13.913043	13.913043	13.913043	13.913043	13.913043	13.913043	13.913043	13.913043	13.913043	13.913043	13.913043	13.913043	13.913043	13.913043	13.913043	13.913043	13.913043	13.913043	13.913043	13.913043	13.913043	13.913043	13.913043	13.913043	13.913043	13.913043	13.913043	13.913043	13.913043	13.913043	13.913043	13.913043	13.913043	13.913043	13.913043	13.913043	13.913043	13.913043	13.913043	13.913043	13.913043	13.913043	13.913043	13.913043	13.913043	13.913043	13.913043	13.913043	13.913043	13.913043	13.913043	13.913043	13.913043	13.913043	13.913043	13.913043	13.913043	13.913043	13.913043	13.913043	13.913043	13.913043	13.913043	13.913043	13.913043	13.913043	13.913043	13.913043	13.913043	13.913043	13.913043	13.913043	13.913043	13.913043	13.913043	13.913043	13.913043	13.913043	13.913043	13.913043	13.913043	13.913043	13.913043	13.913043	13.913043	13.913043	13.913043	13.913043	13.913043	13.913043	13.913043	13.913043	13.913043	13.913043	13.913043	13.913043	13.913043	13.913043	13.913043	13.913043	13.913043	13.913043	13.913043	13.913043	13.913043	13.913043	13.913043	13.913043	13.913043	13.913043	13.913043	13.913043	13.913043	13.913043	13.913043	13.913043	13.913043	13.913043	13.913043	13.913043	13.913043	13.913043	13.913043	13.913043	13.913043	13.913043	13.913043	13.913043	13.913043	13.913043	13.913043	13.913043	13.913043	13.913043	13.913043	13.913043	13.913043	13.913043	13.913043	13.913043	13.913043	13.913043	13.913043	13.913043	13.913043	13.913043	13.913043	13.913043	13.913043	13.913043	13.913043	13.913043	13.913043	13.913043	13.913043	13.913043	13.913043	13.913043	13.913043	13.913043	13.913043	13.913043	13.913043	13.913043	13.913043	13.913043	13.913043	13.913043	13.913043	13.913043	13.913043	13.913043	13.913043	13.913043	13.913043	13.913043	13.913043	13.913043	13.913043	13.913043	13.913043	13.913043	13.913043	13.913043	13.913043	13.913043	13.913043	13.913043	13.913043	13.913043	13.913043	13.913043	13.913043	13.913043	13.913043	13.913043	13.913043	13.913043	13.913043	13.913043	13.913043	13.913043	13.913043	13.913043	13.913043	13.913043	13.913043	13.913043	13.913043	13.913043	13.913043	13.913043	13.913043	13.913043	13.913043	13.913043	13.913043	13.913043	13.913043	13.913043	13.913043	13.913043	13.913043	13.913043	13.913043	13.913043	13.913043	13.913043	13.913043	13.913043	13.913043	13.913043	13.913043	13.913043	13.913043	13.913043	13.913043	13.913043	13.913043	13.913043	13.913043	13.913043	13.913043	13.913043	13.913043	13.913043	13.913043	13.913043	13.913043	13.913043	13.913043	13.913043	13.913043	13.913043	13.913043	13.913043	13.913043	13.913043	13.913043	13.913043	13.913043	13.913043	13.913043	13.913043	13.913043	13.913043	13.913043	13.913043	13.913043	13.913043	13.913043	13.913043	13.913043	13.913043	13.913043	13.913043	13.913043	13.913043	13.913043	13.913043	13.913043	13.913043	13.913043	13.913043	13.913043	13.913043	13.913043	13.913043	13.913043	13.913043	13.913043	13.913043	13.913043	13.913043	13.913043	13.913043	13.913043	13.913043	13.913043	13.913043	13.913043	13.913043	13.913043	13.913043	13.913043	13.913043	13.913043	13.913043	13.913043	13.913043	13.913043	13.913043	13.913043	13.913043	13.913043	13.913043	13.913043	13.913043	13.913043	13.913043	13.913043	13.913043	13.913043	13.913043	13.913043	13.913043	13.913043	13.913043	13.913043	13.913043	13.913043	13.913043	13.913043	13.913043	13.913043	13.913043	13.913043	13.913043	13.913043	13.913043	13.913043	13.913043	13.913043	13.913043	13.913043	13.913043	13.913043	13.913043	13.913043	13.913043	13.913043	13.913043	13.913043	13.913043	13.913043	13.913043	13.913043	13.913043	13.913043	13.913043	13.913043	13.913043	13.913043	13.913043	13.913043	13.913043	13.913043	13.913043	13.913043	13.913043	13.913043	13.913043	13.913043	13.913043	13.913043	13.913043	13.913043	13.913043	13.913043	13.913043	13.913043	13.913043	13.913043	13.913043	13.913043	13.913043	13.913043	13.913043	13.913043	13.913043	13.913043	13.913043	13.913043	13.913043	13.913043	13.913043	13.913043	13.913043	13.913043	13.913043	13.913043	13.913043	13.913043	13.913043	13.913043	13.913043	13.913043	13.913043	13.913043	13.913043	13.913043	13.913043	13.913043	13.913043	13.913043	13.913043	13.913043	13.913043	13.913043	13.913043	13.913043	13.913043	13.913043	13.913043	13.913043	13.913043	13.913043	13.913043	13.913043	13.913043	13.913043	13.913043	13.913043	13.913043	13.913043	13.913043	13.913043	13.913043	13.913043	13.913043	13.913043	13.913043	13.913043	13.913043	13.913043	13.913043	13.913043	13.913043	13.913043	13.913043	13.913043	13.913043	13.913043	13.913043	13.913043	13.913043	13.913043	13.913043	13.913043	13.913043	13.913043	13.913043	13.913043	13.913043	13.913043	13.913043	13.913043	13.913043	13.913043	13.913043	13.913043	13.913043	13.913043	13.913043	13.913043	13.913043	13.913043	13.913043	13.913043	13.913043	13.913043	13.913043	13.913043	13.913043	13.913043	13.913043	13.913043	13.913043	13.913043	13.913043	13.913043	13.913043	13.913043	13.913043	13.913043	13.913043	13.913043	13.913043	13.913043	13.913043	13.913043	13.913043	13.913043	13.913043	13.913043	13.913043	13.913043	13.913043	13.913043	13.913043	13.913043	13.913043	13.913043	13.913043	13.913043	13.913043	13.913043	13.913043	13.913043	13.913043	13.913043	13.913043	13.913043	13.913043	13.913043	13.913043	13.913043	13.913043	13.913043	13.913043	13.913043	13.913043	13.913043	13.913043	13.913043	13.913043	13.913043	13.913043	13.913043	13.913043	13.913043	13.913043	13.913043	13.913043	13.913043	13.913043	13.913043	13.913043	13.913043	13.913043	13.913043	13.913043	13.913043	13.913043	13.913043	13.913043	13.913043	13.913043	13.913043	13.913043	13.913043	13.913043	13.913043	13.913043	13.913043	13.913043	13.913043	13.913043	13.913043	13.913043	13.913043	13.913043	13.913043	13.913043	13.913043	13.913043	13.913043	13.913043	13.913043	13.913043	13.913043	13.913043	13.913043	13.913043	13.913043	13.913043	13.913043	13.913043	13.913043	13.913043	13.913043	13.913043	13.913043	13.913043	13.913043	13.913043	13.913043	13.913043	13.913043	13.913043	13.913043	13.913043	13.913043	13.913043	13.913043	13.913043	13.913043	13.913043	13.913043	13.913043	13.913043	13.913043	13.913043	13.913043	13.913043	13.913043	13.913043	13.913043	13.913043	13.913043	13.913043	13.913043	13.913043	13.913043	13.913043	13.913043	13.913043	13.913043	13.913043	13.913043	13.913043	13.913043	13.913043	13.913043	13.913043	13.913043	13.913043	13.913043	13.913043	13.913043	13.913043	13.913043	13.913043	13.913043	13.913043	13.913043	13.913043	13.913043	13.913043	13.913043	13.913043	13.913043	13.913043	13.913043	13.913043	13.913043	13.913043	13.913043	13.913043	13.913043	13.913043	13.913043	13.913043	13.913043	13.913043	13.913043	13.913043	13.913043	13.913043	13.913043	13.913043	13.913043	13.913043	13.913043	13.913043	13.913043	13.913043	13.913043	13.913043	13.913043	13.913043	13.913043	13.913043	13.913043	13.913043	13.913043	13.913043	13.913043	13.913043	13.913043	13.913043	13.913043	13.913043	13.913043	13.913043	13.913043	13.913043
%%%	Pulse Index	Stimulus Section Index	Stimulus Section Start Index	Stimulus Section End Index	Pupil Stimulated: 0 = Right, 1 = Left, 2 = Both	Light Metric: 0 = Photopic, 1 = Scopotic, 2 = Radiometric	Stimulus Start Time	Stimulus Duration	Stimulus Pulse Duration	Right Pulse Max Level	Right Pulse Max Color (0123 = WRGB)	Right Pulse Min Level	Right Pulse Min Color (0123 = WRGB)	Left Pulse Max Level	Left Pulse Max Color (0123 = WRGB)	Left Pulse Min Level	Left Pulse Min Color (0123 = WRGB)	Right Data Input Type (0 == RAW DATA, 1 == FITTED DATA, 2 == M. OVERRIDED)	Right ANALYSIS STATE (0 == ABNORMAL, 1 == NORMAL)	Right MAX (mm) (EMPTY if INVALID)	Right MIN (mm) (EMPTY if INVALID)	Right DELTA (mm) (EMPTY if INVALID)	Right CH (%) (EMPTY if INVALID)	Right LAT (sec) (EMPTY if INVALID)	Right CV (mm/s) (EMPTY if INVALID)	Right MCV (mm/s) (EMPTY if INVALID)	Right DV (mm/s) (EMPTY if INVALID)	Left Data Input Type (0 == RAW DATA, 1 == FITTED DATA, 2 == M. OVERRIDED)	Left ANALYSIS STATE (0 == ABNORMAL, 1 == NORMAL)	Left MAX (mm) (EMPTY if INVALID)	Left MIN (mm) (EMPTY if INVALID)	Left DELTA (mm) (EMPTY if INVALID)	Left CH (%) (EMPTY if INVALID)	Left LAT (sec) (EMPTY if INVALID)	Left CV (mm/s) (EMPTY if INVALID)	Left MCV (mm/s) (EMPTY if INVALID)	Left DV (mm/s) (EMPTY if INVALID)
%%%	0	0	17	902	0	0	0.51	29.52	0.51	4.01	3	0.00	3	0.00	3	0.00	3	0	0	0.00	0.00			0.00	0.00	0.00	0.00	0	0	0.00	0.00			0.00	0.00	0.00	0.00
%%%%%%%%%
%%%%%%%%%
%%%%%%%%%
<\SESSION>
