<SESSION>
<VERSION>
2
<\VERSION>
<DATE>
2017-08-15 10:03:51
<\DATE>
<SUBJECT-ID>
c57-1mois-M2-0.6b
<\SUBJECT-ID>
<NOTE>

<\NOTE>
<MIN-MAX-PLOT>
0.100000 51880.761719
<\MIN-MAX-PLOT>
<STIMULUS-DEFINED>
Default
Default Human Relative Spectral Sensitivity
1	0
1	0.500000	0.500000	29.000000	3	3	0.600000	-100.000000	0.100000	-100.000000	0
<\STIMULUS-DEFINED>
<STIMULUS-GENERATED>
4
0	0	0.000000	3	0.000000	0.000000	3	0.000000	0.000000
0	1	0.509000	3	0.075823	4.006067	3	0.000000	0.000000
0	4	1.018000	3	0.000000	0.000000	3	0.000000	0.000000
-1	5	30.028000	0	0.000000	0.000000	0	0.000000	0.000000
<\STIMULUS-GENERATED>
<RIGHT-PUPIL-DATA>
903	1
0	-0.051000	0.585942	344.431244	293.056244
1	-0.019000	0.919855	341.743744	297.806244
1	0.012000	0.892754	341.424988	298.125000
0	0.043000	0.540725	344.531250	293.468750
1	0.074000	0.920725	342.381226	297.668762
1	0.121000	0.885942	341.306183	298.306183
1	0.152000	0.930435	342.000000	298.500000
0	0.183000	0.484058	347.487427	293.950012
1	0.215000	0.947246	341.625000	298.125000
0	0.246000	1.176667	344.956238	286.468750
1	0.277000	0.956522	341.812500	298.312500
1	0.308000	0.935362	342.362488	298.250000
0	0.355000	1.442899	350.062500	286.000000
1	0.386000	0.931594	341.600006	297.912506
1	0.417000	0.914493	341.312500	298.262512
1	0.449000	0.938551	341.500000	298.487488
0	0.480000	0.838551	340.437500	297.437500
1	0.511000	0.921159	341.750000	299.250000
1	0.542000	0.927246	342.287506	298.412506
1	0.573000	0.926667	341.687500	298.125000
1	0.620000	0.939855	342.031250	298.468750
1	0.651000	0.902029	341.524994	298.475006
1	0.683000	0.925507	342.062500	298.187500
1	0.714000	0.939275	341.756256	297.943756
1	0.745000	0.936232	342.562500	298.062500
1	0.776000	0.904348	341.500000	298.500000
0	0.807000	0.695797	345.993744	298.006256
1	0.854000	0.869565	341.937500	299.187500
0	0.885000	0.800000	340.500000	298.500000
0	0.917000	0.347826	373.556244	276.993683
1	0.948000	0.818551	342.162506	299.712494
1	0.979000	0.746667	341.587494	299.600006
0	1.010000	0.347826	349.018738	267.981262
0	1.041000	0.467971	345.243744	295.481171
1	1.088000	0.672899	342.818756	300.306244
0	1.119000	0.353768	359.468750	271.406250
0	1.151000	0.627246	341.975006	299.975006
1	1.182000	0.406377	339.100006	303.350006
0	1.213000	0.440145	364.181244	271.818756
0	1.244000	0.417971	344.750000	298.000000
0	1.275000	0.365072	344.931244	297.243744
0	1.307000	0.397246	369.031250	281.518738
0	1.353000	0.435507	341.406250	302.768738
0	1.385000	0.347826	367.975067	270.750092
0	1.416000	0.366232	366.293732	272.743744
0	1.447000	0.348406	358.875000	270.500000
0	1.478000	0.406377	344.350006	298.649994
0	1.509000	0.368116	344.737488	297.375000
0	1.541000	0.459855	341.381256	302.618744
0	1.587000	0.351015	344.412506	298.012482
0	1.619000	0.347826	367.543732	272.543732
0	1.650000	0.394493	361.024994	272.850006
0	1.681000	0.351594	344.875000	297.937500
0	1.712000	0.347826	359.981293	271.543854
0	1.743000	0.370580	364.818756	272.181244
0	1.775000	0.348406	357.831177	272.331299
0	1.821000	0.359855	353.431244	269.568756
1	1.853000	0.557246	343.093750	302.018738
0	1.884000	0.353768	360.125000	272.562500
0	1.915000	0.370725	344.887482	298.662506
0	1.946000	0.591304	367.500000	279.500000
0	1.977000	0.347826	366.975006	272.225006
1	2.009000	0.371884	340.162506	304.162506
0	2.040000	0.417246	340.206268	304.843719
0	2.087000	0.540290	341.725006	301.274994
0	2.118000	0.347826	366.343842	279.181244
0	2.149000	0.347826	362.318756	270.181244
0	2.180000	0.574493	363.000000	274.187500
1	2.211000	0.364058	345.662506	297.274994
0	2.243000	0.348841	347.381256	267.568756
0	2.274000	0.347826	366.712494	279.537506
0	2.321000	0.428841	366.343750	274.343750
0	2.352000	0.347826	364.468567	271.531250
0	2.383000	0.347826	359.018585	271.306305
0	2.414000	0.488116	340.037506	302.975006
0	2.445000	0.374928	344.806244	297.243744
0	2.477000	0.523333	341.518738	302.518738
1	2.508000	0.601594	342.593750	300.906250
0	2.555000	0.540290	341.524994	302.274994
1	2.586000	0.488116	340.524994	303.262482
1	2.617000	0.388406	345.424988	297.424988
0	2.648000	0.463768	340.000000	303.000000
0	2.680000	0.364203	363.306244	273.506256
1	2.711000	0.347826	345.174988	297.487488
0	2.742000	0.511884	340.350006	302.600006
0	2.773000	0.591304	340.500000	300.500000
0	2.820000	0.370580	345.181244	298.181244
0	2.851000	0.466232	363.506256	273.806244
0	2.882000	0.428406	366.350006	275.899994
1	2.914000	0.625072	341.681244	302.243744
1	2.945000	0.643478	342.000000	302.000000
0	2.976000	0.504348	372.125000	280.875000
0	3.007000	0.347826	367.206329	273.406281
1	3.054000	0.407536	345.100006	297.850006
0	3.085000	0.375507	378.781250	290.331238
0	3.116000	0.397246	345.281250	298.031250
1	3.148000	0.370580	345.818756	297.356232
0	3.179000	0.375507	344.781250	298.218750
0	3.210000	0.431014	339.000000	305.375000
1	3.241000	0.663623	341.781250	301.781250
0	3.288000	0.620290	342.500000	303.000000
0	3.319000	0.440580	338.750000	305.250000
0	3.350000	0.347826	358.531128	271.456238
0	3.382000	0.384058	360.774994	274.337494
0	3.413000	0.405797	359.000000	273.000000
0	3.444000	0.353188	359.431244	273.056244
0	3.475000	0.381449	362.574982	272.774994
0	3.506000	0.591304	340.500000	300.500000
0	3.553000	0.347826	359.331299	278.981262
0	3.584000	0.540290	339.725006	303.524994
1	3.616000	0.672464	341.674988	301.362488
0	3.647000	0.348985	359.368744	272.993744
0	3.678000	0.399855	361.056244	273.556244
0	3.709000	0.620290	341.575012	302.924988
0	3.740000	0.539130	365.125000	276.375000
0	3.772000	0.427536	359.000000	273.125000
1	3.818000	0.366232	345.743744	297.243744
0	3.850000	0.463623	361.781250	273.156250
0	3.881000	0.348406	352.531555	269.668762
0	3.912000	0.411594	372.812500	284.687500
0	3.943000	0.522319	356.500000	272.000000
1	3.974000	0.475362	338.500000	304.500000
0	4.006000	0.428841	344.456268	297.356232
0	4.052000	0.498985	339.068756	303.681244
1	4.084000	0.692754	340.906250	301.031250
0	4.115000	0.417391	359.000000	273.000000
0	4.146000	0.347826	357.981232	272.281281
0	4.177000	0.399855	362.443756	273.743744
0	4.208000	0.503188	367.725006	276.274994
1	4.240000	0.705362	342.193756	301.168732
0	4.286000	0.363188	345.962494	296.475006
0	4.318000	0.359275	365.281250	279.656250
0	4.349000	0.411449	345.156250	296.718750
0	4.380000	0.348841	359.368744	271.631256
0	4.411000	0.417391	345.000000	297.000000
0	4.442000	0.421159	344.875000	298.000000
0	4.474000	0.474928	363.568695	274.931183
0	4.505000	0.660870	342.500000	302.500000
0	4.552000	0.417246	345.993744	298.243744
0	4.583000	0.417391	346.000000	299.000000
0	4.614000	0.348985	356.850006	272.850006
0	4.645000	0.475362	366.000000	277.000000
0	4.676000	0.370580	346.181244	298.681244
0	4.708000	0.362319	377.656250	293.343750
1	4.739000	0.416667	346.018738	299.018738
1	4.786000	0.372464	345.862488	298.862488
0	4.817000	0.389275	345.412506	299.624969
0	4.848000	0.390580	370.893738	281.543762
0	4.879000	0.347826	365.131256	285.443756
0	4.910000	0.399275	363.018738	274.981262
1	4.942000	0.690145	341.949982	304.587494
0	4.973000	0.521739	377.250000	295.250000
0	5.020000	0.456667	345.681274	301.356201
0	5.051000	0.347826	354.343750	272.843750
1	5.082000	0.423333	338.143738	308.093750
0	5.113000	0.591304	366.000000	281.000000
0	5.144000	0.434783	345.375000	300.625000
0	5.176000	0.370580	346.181244	300.181244
0	5.207000	0.352319	361.893616	275.568726
1	5.238000	0.540290	340.100006	307.524994
1	5.285000	0.707101	341.206238	304.831238
0	5.316000	0.347826	365.343750	280.156250
1	5.347000	0.706377	341.149963	305.849976
1	5.378000	0.676667	341.093750	305.718750
0	5.410000	0.347826	359.018738	274.843750
1	5.441000	0.684203	341.518738	305.418762
0	5.472000	0.378841	345.562500	300.437500
0	5.519000	0.416667	343.981262	301.018738
0	5.550000	0.431594	345.024994	300.975006
1	5.581000	0.707536	341.162506	304.787506
0	5.612000	0.399275	344.968811	300.868774
0	5.644000	0.347826	371.543732	290.993744
0	5.675000	0.378841	362.324951	278.737549
0	5.706000	0.347826	363.218567	290.518982
1	5.753000	0.690725	341.437500	304.687500
0	5.784000	0.490580	366.143738	281.081238
1	5.815000	0.701594	341.093750	305.031250
1	5.846000	0.707536	340.837494	304.837494
0	5.878000	0.353333	367.912506	283.362518
0	5.909000	0.442899	358.500000	275.500000
0	5.940000	0.556522	362.000000	280.000000
0	5.971000	0.529275	361.412506	276.462494
1	6.018000	0.705942	341.156250	303.843750
0	6.049000	0.587536	366.687500	282.250000
1	6.080000	0.694058	341.343750	303.968750
0	6.112000	0.570725	338.912506	305.212494
0	6.143000	0.347826	361.306244	286.631256
0	6.174000	0.565797	338.875000	306.125000
0	6.205000	0.355072	355.612488	274.062500
0	6.252000	0.362464	362.006226	275.481262
0	6.283000	0.404203	343.968781	300.618866
0	6.314000	0.428985	360.500000	276.500000
0	6.346000	0.390290	360.618744	276.943756
0	6.377000	1.240580	357.500000	289.500000
0	6.408000	0.457101	360.687500	276.625000
0	6.439000	0.459855	361.381256	275.381256
0	6.486000	0.396377	362.006195	275.056183
1	6.517000	0.718841	341.250000	304.250000
0	6.548000	0.502754	373.281250	288.281250
0	6.580000	0.388406	375.424988	294.575012
0	6.611000	0.415797	344.031250	300.781250
0	6.642000	0.648985	339.662506	304.087494
0	6.673000	0.382029	360.125000	274.487488
0	6.704000	0.530145	342.012573	301.387451
0	6.751000	0.431884	342.937500	299.812500
1	6.782000	0.409855	344.149994	298.350006
0	6.814000	0.442319	344.524994	299.149994
1	6.845000	0.718841	340.750000	302.750000
0	6.876000	0.615362	363.537506	279.337494
1	6.907000	0.698406	340.956238	302.281250
0	6.938000	0.418406	360.756256	274.193756
0	6.985000	0.583333	338.106232	302.918732
1	7.016000	0.405507	343.962494	297.600006
0	7.048000	0.596812	338.412506	303.587494
1	7.079000	0.347826	343.193756	269.506256
0	7.110000	0.388406	344.424988	296.575012
1	7.141000	0.720725	340.993744	301.993744
0	7.172000	0.631014	363.437500	278.062500
0	7.219000	0.371015	357.250000	272.750000
0	7.250000	0.387536	360.625000	273.062500
1	7.282000	0.730435	341.000000	302.000000
0	7.313000	0.428985	374.500000	286.500000
0	7.344000	0.394203	375.500000	289.500000
0	7.375000	0.388986	361.399994	274.399994
0	7.406000	0.463768	360.000000	276.000000
1	7.438000	0.348406	344.018738	298.343750
0	7.484000	0.602899	338.875000	303.625000
0	7.516000	0.579275	362.056244	277.181244
1	7.547000	0.692899	340.968750	303.031250
0	7.578000	0.521739	365.750000	277.250000
0	7.609000	0.535942	364.587494	277.412506
1	7.640000	0.720145	341.606262	303.706238
1	7.672000	0.742898	340.687500	304.312500
0	7.718000	0.579710	339.500000	306.500000
0	7.750000	0.637681	342.174988	305.174988
0	7.781000	0.374928	376.243744	291.806244
0	7.812000	0.407536	343.100006	301.850006
0	7.843000	0.423188	376.000000	293.500000
0	7.874000	0.446232	363.218750	277.406250
1	7.906000	0.382609	356.500000	274.500000
0	7.937000	0.437971	336.537506	307.537506
0	7.984000	0.353768	344.906250	300.593750
0	8.015000	1.133188	334.218750	290.281250
1	8.046000	0.711884	341.100006	305.850006
1	8.077000	0.529275	337.600006	309.412506
1	8.108000	0.720145	340.693726	307.343750
1	8.140000	0.478261	365.750000	281.750000
0	8.171000	0.347826	358.156250	276.843750
1	8.218000	0.465797	335.812500	310.500000
0	8.249000	0.371159	344.843750	301.656250
0	8.280000	0.609855	342.649994	306.274994
0	8.311000	0.388116	365.087494	279.350006
0	8.342000	0.435942	343.387482	302.237518
1	8.374000	0.695072	340.000000	306.500000
1	8.405000	0.702319	339.862518	306.762482
1	8.452000	0.530290	364.668732	282.368744
1	8.483000	0.425072	336.881256	310.068756
0	8.514000	0.377536	344.456238	302.281250
1	8.545000	0.716812	339.937500	306.937500
0	8.576000	0.496667	335.818756	309.131256
0	8.608000	0.359855	369.318756	285.856232
0	8.639000	0.387101	369.606232	291.443756
0	8.670000	0.429420	336.693756	309.318756
1	8.717000	0.457681	336.350006	309.350006
0	8.748000	0.394203	345.000000	300.000000
0	8.779000	0.442899	336.500000	308.625000
0	8.810000	0.568551	341.256317	303.068756
1	8.842000	0.739710	339.250000	305.625000
0	8.873000	0.568551	366.693756	285.068756
0	8.904000	0.451594	371.250000	288.750000
0	8.951000	0.347826	334.656250	277.593750
0	8.982000	0.417391	360.500000	277.500000
0	9.013000	0.637681	364.000000	280.000000
1	9.044000	0.751015	339.462494	304.537506
1	9.076000	0.718551	340.087494	304.912506
0	9.107000	0.442029	360.537537	277.125000
0	9.138000	0.405797	359.500000	276.500000
1	9.169000	0.746667	339.412506	304.399994
0	9.216000	0.347826	350.343750	273.156250
0	9.247000	0.347826	367.306274	289.681274
0	9.278000	0.347826	364.843750	284.656250
0	9.310000	0.365217	367.500000	282.000000
0	9.341000	0.713623	359.250000	281.250000
0	9.372000	0.627681	342.218750	304.718750
0	9.403000	0.648985	336.600006	304.024994
0	9.450000	0.692754	353.937500	279.062500
1	9.481000	0.733623	338.537506	305.212494
0	9.512000	0.614493	342.750000	304.750000
1	9.544000	0.730435	339.750000	304.750000
0	9.575000	0.389710	342.843750	300.406250
1	9.606000	0.747971	339.618744	305.806244
0	9.637000	0.364203	357.306274	275.493774
0	9.684000	0.353768	343.906250	301.093750
0	9.715000	0.672464	337.250000	305.750000
1	9.746000	0.742029	339.325012	305.737488
0	9.778000	0.372464	343.674988	301.137512
0	9.809000	0.615797	336.718750	306.418762
0	9.840000	1.086957	351.187500	289.937500
0	9.871000	0.569131	370.031281	291.143768
1	9.902000	0.700580	339.062500	305.812500
0	9.949000	0.398841	355.574982	277.912506
1	9.980000	0.752899	339.206238	306.418762
0	10.012000	0.438406	342.331238	302.093750
0	10.043000	0.402754	356.906250	279.781250
1	10.074000	0.463768	334.875000	310.125000
0	10.105000	0.624203	337.081238	307.468750
0	10.136000	0.347826	362.031372	277.281433
1	10.183000	0.739130	339.593750	305.718750
0	10.214000	0.557246	341.018738	303.656250
0	10.246000	0.348406	356.843719	276.156219
0	10.277000	0.510145	370.500000	290.500000
1	10.308000	0.748841	339.381256	305.431244
0	10.339000	0.478261	335.250000	309.000000
0	10.370000	0.347826	357.181244	278.493744
0	10.417000	0.637681	337.825012	307.174988
0	10.448000	0.522319	357.500000	279.500000
0	10.480000	0.471304	361.437500	280.899780
0	10.511000	0.451594	334.500000	309.750000
0	10.542000	0.406377	343.199982	301.649994
1	10.573000	0.745072	338.718750	305.343750
0	10.604000	0.452174	360.500000	286.500000
0	10.636000	0.353768	342.406250	300.906250
0	10.682000	0.602754	341.606262	304.393738
0	10.714000	0.347826	364.018372	286.781311
1	10.745000	0.713623	339.750000	306.500000
0	10.776000	0.359275	361.343750	279.206238
0	10.807000	0.705072	338.156219	306.768707
1	10.838000	0.446667	334.787506	309.787506
1	10.870000	0.734203	338.812500	306.549988
0	10.916000	0.365942	343.043793	301.481293
0	10.948000	0.521739	360.000000	279.000000
0	10.979000	0.358841	362.006378	278.506195
0	11.010000	0.410290	360.093750	278.093750
0	11.041000	0.653623	340.825012	306.112488
1	11.072000	0.730435	340.250000	306.750000
0	11.104000	0.451015	342.475006	304.274994
1	11.150000	0.714058	339.006256	308.293732
0	11.182000	0.627101	338.043732	309.256256
1	11.213000	0.722899	338.975006	308.475006
0	11.244000	0.485797	335.762421	311.975006
0	11.275000	0.466232	342.193756	304.806244
0	11.306000	0.591304	344.500000	308.500000
1	11.338000	0.721015	339.968750	308.393738
0	11.369000	0.486957	360.500000	284.500000
0	11.416000	0.353188	367.068756	283.931244
1	11.447000	0.751015	339.537506	307.537506
0	11.478000	0.347826	355.443756	280.493744
1	11.509000	0.742319	338.337494	308.337494
0	11.540000	0.418551	361.774994	286.012482
0	11.572000	0.406377	363.350006	281.350006
0	11.603000	0.492754	341.000000	304.500000
1	11.650000	0.745362	338.643677	307.293762
0	11.681000	0.407101	356.843750	277.343750
1	11.712000	0.722899	338.975006	306.662506
1	11.743000	0.736377	339.843750	306.406250
1	11.774000	0.739130	339.250000	306.250000
0	11.806000	1.602754	350.968750	292.968750
0	11.837000	0.407971	342.093750	301.893738
0	11.868000	0.802610	368.262115	290.962433
0	11.915000	0.347826	346.468750	282.781250
1	11.946000	0.718841	339.012512	306.337524
1	11.977000	0.610145	341.500000	305.250000
0	12.008000	0.392754	362.031250	285.843750
1	12.040000	0.742754	338.668762	304.581238
0	12.071000	0.486957	368.500000	288.500000
1	12.102000	0.760290	337.812500	304.437500
0	12.149000	0.583623	340.568756	303.118744
0	12.180000	0.450580	357.593750	276.718750
0	12.211000	0.417101	354.950012	277.000000
0	12.242000	0.370580	343.181244	302.356232
0	12.274000	0.689710	339.406250	307.593750
0	12.305000	1.281014	358.218750	294.031250
0	12.336000	0.534203	358.400085	283.312561
0	12.383000	0.432029	364.906250	283.093750
1	12.414000	0.742898	338.687500	308.312500
1	12.445000	0.751738	338.556488	308.468475
0	12.476000	0.521739	362.500000	284.500000
0	12.508000	0.534203	334.437500	311.187500
1	12.539000	0.758116	338.531250	308.493774
0	12.570000	0.509855	334.662506	310.337494
1	12.601000	0.744493	338.693756	309.806244
0	12.648000	0.347826	370.493622	295.793671
1	12.679000	0.764638	338.000000	310.500000
0	12.710000	0.402754	354.606171	281.881317
1	12.742000	0.347826	358.656250	288.656250
0	12.773000	0.479420	361.975006	285.274994
0	12.804000	1.185942	352.981232	290.443756
1	12.835000	0.750290	338.381256	308.793732
0	12.882000	0.347826	368.843750	292.168701
0	12.913000	0.453623	333.674988	312.312500
0	12.944000	0.579710	335.500000	310.500000
0	12.976000	0.556522	362.500000	284.500000
0	13.007000	0.452174	334.000000	312.000000
0	13.038000	0.440580	366.500000	288.500000
0	13.069000	0.363623	341.956238	304.468750
0	13.116000	0.440580	356.750000	282.750000
0	13.147000	0.485507	333.512512	312.012512
1	13.178000	0.644348	341.000000	307.575012
0	13.210000	0.591304	340.500000	308.500000
0	13.241000	0.468986	342.250000	304.250000
1	13.272000	0.755942	338.500000	308.375000
0	13.303000	0.390145	342.350006	303.637482
0	13.334000	0.475362	364.500000	282.500000
0	13.381000	0.429420	342.056244	304.681244
0	13.412000	0.540725	359.281250	283.468750
0	13.444000	0.447101	341.418762	306.418762
0	13.475000	0.684058	356.500000	284.500000
0	13.506000	0.347826	366.443756	290.681244
0	13.537000	0.459855	333.618744	312.618744
0	13.568000	0.494058	360.218750	284.856262
0	13.615000	0.684058	340.500000	312.500000
0	13.646000	0.451449	342.268738	307.518738
1	13.678000	0.753623	338.000000	311.000000
0	13.709000	0.560290	368.875000	290.000000
1	13.740000	0.781884	337.106262	310.268738
0	13.771000	0.371159	365.843750	289.656250
0	13.802000	0.463623	340.743744	307.693756
0	13.849000	0.532029	333.593750	313.468750
0	13.880000	0.503188	332.149994	313.524994
0	13.912000	0.451594	362.750000	286.562500
0	13.943000	1.527246	354.512482	299.975006
0	13.974000	0.361594	370.018738	291.206238
0	14.005000	0.591449	334.993744	312.493744
0	14.036000	0.463623	365.656250	289.656250
0	14.068000	0.359420	360.950012	284.450012
0	14.114000	0.559275	361.081238	286.956238
0	14.146000	0.391159	341.881256	307.131256
0	14.177000	0.585507	334.875000	313.875000
0	14.208000	0.520580	357.225006	286.774994
0	14.239000	0.591304	332.500000	316.500000
0	14.270000	0.518841	333.299988	315.549988
1	14.302000	0.740290	337.762482	311.787506
0	14.348000	0.401159	359.024994	284.537506
0	14.380000	0.347826	355.843750	281.656250
1	14.411000	0.713768	338.768738	312.768738
0	14.442000	0.418406	360.943756	285.756256
0	14.473000	0.348841	340.868744	306.368744
0	14.504000	0.477681	332.375000	314.625000
0	14.536000	0.732029	336.093750	310.906250
0	14.567000	0.359855	357.556244	281.681244
0	14.614000	0.350145	370.368652	309.618713
0	14.645000	0.360870	354.343750	282.031250
1	14.676000	0.743623	337.681244	310.368744
1	14.707000	0.760290	337.562500	310.437500
0	14.738000	0.364493	342.906250	305.268738
0	14.770000	0.418551	372.899994	297.225006
0	14.801000	0.496812	333.850006	311.149994
0	14.848000	0.347826	370.493713	295.718750
0	14.879000	0.641303	358.993744	282.831512
0	14.910000	0.678406	339.243744	310.243744
0	14.941000	0.370580	365.068756	287.818756
0	14.972000	0.417971	359.500000	282.000000
1	15.004000	0.753767	337.556122	309.443878
0	15.035000	0.531884	368.375000	289.375000
0	15.082000	0.353188	342.931244	302.568756
1	15.113000	0.522899	333.475006	310.475006
1	15.144000	0.484928	332.962494	310.037506
0	15.175000	0.347826	358.312500	280.687500
1	15.206000	0.770145	337.062500	307.312500
1	15.238000	0.792464	338.024994	307.975006
0	15.269000	0.638551	362.562500	285.375000
0	15.300000	1.344493	357.318756	295.181244
0	15.347000	0.347826	332.531311	281.818420
0	15.378000	1.587971	348.568756	300.568756
0	15.409000	0.797826	360.562500	288.500000
0	15.440000	0.371159	342.843750	303.656250
0	15.472000	1.724638	352.512512	301.237549
0	15.503000	0.684203	334.468750	307.481262
0	15.534000	0.424928	339.100006	303.899994
0	15.581000	0.371159	366.993744	288.381134
0	15.612000	0.425507	340.125000	302.875000
0	15.643000	0.366377	366.524994	290.399994
0	15.674000	0.429420	338.943756	304.943756
0	15.706000	0.417391	371.500000	297.500000
0	15.737000	0.379855	354.906250	280.718750
1	15.768000	0.759855	336.443756	311.306244
0	15.799000	0.394203	339.250000	304.750000
1	15.846000	0.781594	336.218750	310.143738
0	15.877000	0.495797	359.168732	283.181244
1	15.908000	0.800000	336.250000	309.250000
0	15.940000	1.705797	348.750000	298.625000
0	15.971000	0.440290	370.837494	295.837494
0	16.002000	0.429855	339.687500	305.312500
0	16.033000	0.429855	341.312500	305.375000
1	16.080000	0.800000	336.500000	310.500000
0	16.111000	0.428406	339.912506	304.350006
1	16.142000	0.814058	335.806244	310.693756
0	16.174000	0.372899	352.756256	280.631256
0	16.205000	0.724493	338.906250	310.718750
0	16.236000	0.440580	370.250000	292.250000
1	16.267000	0.505072	331.981262	311.718750
0	16.314000	1.125073	354.993744	292.006256
1	16.345000	0.840145	336.681244	308.318756
0	16.376000	0.487681	341.018738	304.756226
0	16.408000	0.429855	356.812500	283.687500
1	16.439000	0.835362	336.500000	309.625000
0	16.470000	0.640725	331.968750	310.106262
1	16.501000	0.511159	331.343750	312.368774
0	16.532000	1.150145	358.725006	297.024994
1	16.579000	0.800290	336.962494	309.937531
0	16.610000	1.222899	358.449982	295.574982
1	16.642000	0.800580	337.000000	310.000000
1	16.673000	0.812464	337.012512	309.737488
1	16.704000	0.840725	336.531250	310.081238
0	16.735000	0.478261	361.250000	284.250000
0	16.766000	1.356522	354.500000	296.500000
0	16.813000	0.451015	339.350006	305.725006
1	16.844000	0.848406	336.812500	311.437500
0	16.876000	0.703188	339.225006	311.850006
0	16.907000	0.689710	332.593750	312.031250
1	16.938000	0.831015	336.562500	311.437500
0	16.969000	1.518841	356.500000	308.500000
0	17.000000	0.457246	341.456238	304.343750
0	17.047000	0.347826	363.843750	290.018738
0	17.078000	0.392319	342.418732	305.081268
0	17.110000	0.414928	340.756317	304.856293
1	17.141000	0.835797	337.118744	311.506256
0	17.172000	0.577826	331.856262	312.906311
0	17.203000	0.417391	340.500000	306.500000
0	17.234000	0.614493	332.000000	313.000000
0	17.266000	0.429855	369.687500	298.687500
0	17.312000	1.031884	344.500000	290.500000
1	17.344000	0.835362	337.375000	311.437500
0	17.375000	0.405942	340.606293	304.943756
0	17.406000	0.401015	340.506256	305.006256
1	17.437000	0.835362	336.625000	310.500000
0	17.468000	0.425072	357.881256	282.318756
0	17.500000	0.348406	358.375000	287.625000
0	17.546000	0.450580	340.281250	304.281250
0	17.578000	0.522899	358.774994	285.725006
1	17.609000	0.846377	336.500000	310.500000
1	17.640000	0.869565	336.000000	311.000000
0	17.671000	0.428985	369.250000	293.250000
1	17.702000	0.869565	337.250000	310.250000
0	17.734000	0.455797	341.581238	303.656250
1	17.780000	0.886377	337.000000	309.000000
0	17.812000	0.481159	342.000000	303.000000
1	17.843000	0.887101	336.931244	308.681244
0	17.874000	0.563188	360.899994	284.975006
0	17.905000	1.182029	363.000000	307.250000
1	17.936000	0.891884	336.812500	309.437500
0	17.968000	0.354493	357.899994	287.587494
0	17.999000	1.889855	348.500000	304.500000
0	18.046000	0.452174	361.500000	283.500000
1	18.077000	0.884058	337.000000	309.000000
1	18.108000	0.883768	336.762482	308.762482
1	18.139000	0.877536	337.606262	308.956238
0	18.170000	0.446377	341.000000	303.500000
0	18.202000	1.337392	352.600250	293.675079
0	18.233000	0.438551	340.062500	302.562500
0	18.280000	0.525507	365.312500	288.437500
0	18.311000	0.672899	339.681244	309.181244
1	18.342000	0.809419	338.294159	310.793671
0	18.373000	1.147826	357.500000	299.500000
0	18.404000	0.605362	361.431244	286.731232
1	18.436000	0.878406	336.193756	309.368744
0	18.467000	0.466377	370.662506	293.287506
0	18.514000	0.680145	339.518768	307.493744
0	18.545000	0.752899	338.581238	308.418762
0	18.576000	0.522319	331.500000	311.500000
1	18.607000	0.847101	336.643738	308.581238
1	18.638000	0.863768	336.312500	308.812500
0	18.670000	0.460725	340.356232	303.293732
1	18.701000	0.831594	336.537506	309.462494
0	18.732000	0.648406	340.312500	308.312500
1	18.779000	0.870290	335.956238	309.106262
0	18.810000	0.558116	330.981262	312.018738
1	18.841000	0.840290	337.100006	308.524994
0	18.872000	0.425942	341.118744	302.318756
0	18.904000	0.635797	367.868744	289.168732
0	18.935000	1.685362	349.818695	296.143768
0	18.966000	1.277826	351.968750	290.018738
0	19.013000	1.356522	356.500000	302.500000
1	19.044000	0.857681	337.087494	308.662506
0	19.075000	0.442899	339.875000	302.137512
0	19.106000	1.135797	351.556244	289.806244
1	19.138000	0.857102	336.062500	306.674988
0	19.169000	0.459855	340.381256	300.381256
1	19.200000	0.842898	336.500000	306.437500
0	19.231000	1.154928	350.643738	291.593750
1	19.278000	0.839710	336.687500	307.062500
0	19.309000	0.501015	357.993744	281.243744
0	19.340000	0.530290	331.368744	310.956268
0	19.372000	0.672899	339.681244	306.818756
0	19.403000	0.457536	340.368744	301.693756
0	19.434000	0.440580	362.000000	284.000000
0	19.465000	0.477681	340.625000	301.625000
0	19.512000	0.486957	371.750000	295.750000
0	19.543000	0.468406	340.225006	301.774994
0	19.574000	0.468841	340.231262	300.768738
1	19.606000	0.863623	336.781250	306.781250
0	19.637000	0.378841	367.750000	289.312500
0	19.668000	1.008696	352.000000	292.000000
1	19.699000	0.876667	336.168762	308.093750
0	19.730000	0.387826	344.456757	304.356781
0	19.777000	0.494638	340.118744	303.943756
1	19.808000	0.911449	336.656250	308.281250
1	19.840000	0.904928	336.625000	307.500000
1	19.871000	0.881159	337.250000	307.250000
0	19.902000	0.588551	360.768738	283.406250
1	19.933000	0.912319	337.268738	307.706238
0	19.964000	0.742898	364.562500	289.687500
1	20.011000	0.899710	336.774994	308.475006
1	20.042000	0.904493	336.806244	308.743744
0	20.074000	0.464638	341.312500	303.312500
0	20.105000	0.490725	340.812500	303.437500
0	20.136000	1.238406	357.456238	295.456238
0	20.167000	0.557681	341.024994	304.975006
1	20.198000	0.883623	337.006256	308.681244
0	20.245000	0.446667	341.212494	303.212494
0	20.276000	0.474638	358.812500	281.375000
1	20.308000	0.898985	336.806244	308.506256
1	20.339000	0.903188	336.787506	308.425018
0	20.370000	0.543623	360.931244	284.181244
1	20.401000	0.858116	336.706238	308.656250
0	20.432000	0.972174	345.037476	293.124878
0	20.464000	0.492754	340.968750	303.843750
1	20.510000	0.903188	336.574982	309.212494
1	20.542000	0.885362	336.968750	309.268738
0	20.573000	0.450580	341.281250	302.393738
1	20.604000	0.901015	336.818756	307.931244
1	20.635000	0.920725	337.243744	307.756256
0	20.666000	1.234783	351.500000	291.500000
1	20.698000	0.913623	337.125000	307.687500
0	20.744000	0.490580	341.156250	303.018738
0	20.776000	1.704348	348.500000	296.500000
0	20.807000	1.313623	359.112488	301.750000
0	20.838000	1.008696	349.000000	288.000000
1	20.869000	0.915652	337.950012	308.637512
0	20.900000	0.521739	366.500000	288.500000
0	20.932000	0.530435	341.250000	302.500000
0	20.978000	0.591304	360.500000	280.500000
1	21.010000	0.920580	337.225006	307.225006
0	21.041000	0.690725	340.562500	305.437500
0	21.072000	1.160290	356.312500	291.887512
0	21.103000	0.509420	340.831177	302.318665
0	21.134000	0.670580	365.681244	287.368744
1	21.166000	0.923333	336.531250	307.593750
0	21.197000	0.539710	363.500000	285.500000
0	21.244000	0.695652	356.500000	282.500000
1	21.275000	0.938551	336.250000	307.500000
0	21.306000	1.205797	352.812500	289.562500
1	21.337000	0.896232	336.825012	307.174988
0	21.368000	1.195072	356.387512	294.437500
1	21.400000	1.286957	350.000000	288.000000
0	21.431000	1.797101	351.000000	298.000000
1	21.478000	0.920145	336.718750	305.781250
0	21.509000	1.710145	349.000000	296.500000
0	21.540000	1.766377	350.100006	298.024994
0	21.571000	0.572754	370.850006	296.962494
1	21.602000	0.927536	335.375000	307.625000
0	21.634000	0.504493	363.993744	284.381256
0	21.665000	1.794638	350.318756	298.318756
0	21.712000	1.704348	348.500000	300.500000
1	21.743000	0.901449	336.450012	306.450012
0	21.774000	0.531014	369.625000	291.387512
0	21.805000	1.846377	349.312500	295.687500
1	21.836000	0.886957	336.500000	306.000000
0	21.868000	0.914493	356.262512	296.737488
1	21.899000	0.869565	336.750000	306.250000
1	21.930000	0.887536	336.062500	306.750000
0	21.977000	0.427681	340.031250	301.656250
0	22.008000	0.433623	340.024994	301.399994
0	22.039000	0.521015	358.331238	283.518738
1	22.070000	0.875362	336.125000	307.125000
0	22.102000	0.458985	340.693817	301.319000
0	22.133000	1.731449	349.381256	296.918732
0	22.164000	1.426087	352.500000	296.500000
1	22.211000	0.872319	336.268738	305.718750
0	22.242000	1.416232	355.350006	295.350006
0	22.273000	0.451594	339.750000	299.375000
0	22.304000	0.347826	352.018738	283.843750
0	22.336000	1.382029	352.812500	302.812500
0	22.367000	1.583623	349.256256	299.193756
0	22.398000	0.611594	358.500000	285.000000
0	22.445000	1.308696	356.750000	293.750000
0	22.476000	1.827246	352.462494	301.725006
0	22.507000	1.339130	353.687500	293.562500
1	22.538000	0.884203	336.718750	307.281250
0	22.570000	1.081594	352.556244	293.556244
0	22.601000	1.797101	352.500000	300.500000
0	22.632000	0.707101	340.156250	304.606262
0	22.663000	0.660870	360.500000	284.500000
1	22.710000	0.883768	337.024994	306.774994
0	22.741000	1.176667	353.593750	298.343750
1	22.772000	0.881159	336.799988	307.362488
1	22.804000	0.878406	336.193756	308.068756
1	22.835000	0.874638	335.918762	307.143738
1	22.866000	0.891159	336.381256	306.918732
0	22.897000	0.457101	370.625000	293.375000
0	22.944000	0.455797	369.706238	292.293762
1	22.975000	0.886812	336.743744	306.743744
1	23.006000	0.913623	336.687500	305.687500
1	23.038000	0.857971	337.500000	306.500000
0	23.069000	0.509275	341.362488	301.687500
0	23.100000	0.539710	340.750000	302.750000
0	23.131000	0.661449	365.750000	286.750000
0	23.178000	0.435362	340.424988	301.924988
0	23.209000	0.504493	340.993744	303.056244
0	23.240000	0.551594	361.375000	283.612488
0	23.272000	0.483623	341.256256	300.943756
0	23.303000	0.521739	363.000000	283.000000
0	23.334000	0.591304	331.500000	309.500000
1	23.365000	0.883623	337.693756	306.693756
0	23.396000	0.666667	366.500000	293.500000
0	23.443000	1.037681	357.625000	300.875000
1	23.474000	0.885942	336.993744	306.693756
1	23.506000	0.881015	336.968750	307.031250
0	23.537000	0.444928	339.812500	300.424988
0	23.568000	0.620290	362.575012	284.312500
0	23.599000	1.375507	356.768524	293.106232
1	23.630000	0.899275	336.831177	306.481262
0	23.662000	1.674927	351.943756	297.818756
1	23.708000	0.872464	336.924988	306.075012
0	23.740000	1.147826	360.500000	296.500000
0	23.771000	0.451594	340.375000	300.250000
0	23.802000	0.459855	341.381256	300.381256
0	23.833000	0.591304	360.500000	284.500000
1	23.864000	0.861014	336.618744	307.006256
0	23.911000	0.614058	360.568756	282.443756
0	23.942000	0.583188	362.750000	285.125000
1	23.974000	0.857971	336.375000	307.125000
0	24.005000	1.588406	346.500000	296.500000
0	24.036000	0.469565	369.500000	291.500000
0	24.067000	0.670580	339.631256	305.368744
1	24.098000	0.865797	336.937500	306.812500
0	24.130000	1.409855	356.324982	295.225006
0	24.176000	1.192319	358.131256	294.131256
1	24.208000	0.848985	337.212494	306.787506
0	24.239000	0.591304	368.500000	288.500000
1	24.270000	0.821594	336.943756	307.806244
0	24.301000	0.572754	360.962494	285.037506
1	24.332000	0.848116	336.249939	307.812439
1	24.364000	0.892754	337.000000	307.000000
0	24.395000	0.434203	339.387512	300.612488
1	24.442000	0.876812	336.137512	306.487488
0	24.473000	0.347826	357.018738	299.981262
0	24.504000	0.613188	363.631256	284.181244
0	24.535000	0.463768	340.500000	301.500000
0	24.566000	0.792319	363.993744	286.493744
1	24.598000	0.875362	337.187500	306.062500
0	24.629000	0.452174	340.281250	300.656250
0	24.676000	0.466232	340.193756	300.806244
0	24.707000	0.561449	365.812500	286.062500
0	24.738000	0.347826	371.518738	286.156250
1	24.769000	0.857102	337.062500	306.812500
0	24.800000	1.771739	349.500000	295.437500
0	24.832000	0.962319	360.500000	300.500000
0	24.863000	0.592464	368.512482	289.475006
0	24.910000	0.477681	340.625000	300.625000
0	24.941000	0.584203	367.906250	288.406250
1	24.972000	0.829275	336.662506	305.949982
0	25.003000	0.440290	358.899994	280.287506
1	25.034000	0.869565	335.500000	305.500000
0	25.066000	0.560290	355.924988	279.312500
0	25.097000	0.614493	367.000000	288.000000
0	25.128000	1.026812	360.268738	305.218750
0	25.175000	0.420580	340.837494	299.725006
0	25.206000	0.347826	360.018738	279.518738
1	25.237000	1.859855	349.868744	295.868744
0	25.268000	0.618986	362.406250	281.406250
0	25.300000	0.452174	340.750000	298.250000
1	25.331000	0.835797	336.618744	305.568756
0	25.362000	0.485942	340.281219	299.943756
0	25.409000	0.347826	368.406281	317.506378
0	25.440000	0.492029	365.793762	285.093750
0	25.471000	0.626087	367.500000	286.500000
0	25.502000	1.216812	352.500000	289.875000
0	25.534000	0.397246	340.031250	299.468750
1	25.565000	0.833768	336.631256	305.006256
0	25.596000	0.696812	357.975006	280.024994
0	25.643000	0.539710	361.500000	280.500000
0	25.674000	1.351594	355.250000	289.812500
0	25.705000	1.396232	356.612488	291.812500
0	25.736000	0.544928	369.500000	285.500000
0	25.768000	1.800580	350.000000	296.000000
0	25.799000	1.704348	352.500000	300.500000
0	25.830000	0.396667	356.931244	275.443756
0	25.861000	1.443478	354.500000	294.500000
0	25.908000	0.417391	363.000000	285.000000
0	25.939000	0.428985	364.500000	282.500000
0	25.970000	1.529275	354.975006	295.524994
0	26.002000	0.696812	362.975006	284.087494
0	26.033000	0.566232	363.131226	283.118835
1	26.064000	0.848985	336.787506	305.399994
1	26.095000	0.848841	337.193756	306.193756
0	26.142000	1.344058	357.312500	292.687500
0	26.173000	0.591304	360.500000	284.500000
0	26.204000	0.590145	362.037506	282.725006
1	26.236000	0.857681	337.087494	307.087494
0	26.267000	0.607536	362.462494	282.412506
0	26.298000	0.567971	370.093719	289.856293
0	26.329000	1.359420	358.112488	291.887512
0	26.376000	0.386957	352.406250	276.031250
0	26.407000	0.628696	361.587158	282.024902
0	26.438000	0.579855	370.593750	291.843750
0	26.470000	0.733333	367.250000	287.500000
0	26.501000	1.356522	356.750000	295.250000
0	26.532000	0.541884	361.531250	283.468750
0	26.563000	0.529710	332.593750	309.643738
0	26.594000	1.268406	358.912506	296.175018
0	26.641000	0.424928	339.899994	300.675018
0	26.672000	1.268406	358.100006	291.824982
1	26.704000	0.482754	341.068756	301.006256
0	26.735000	0.468986	340.500000	301.424988
0	26.766000	0.841884	336.893738	306.518738
0	26.797000	1.244203	352.368744	290.618866
0	26.828000	1.174784	360.162201	292.337616
0	26.875000	0.591449	366.368744	287.493744
0	26.906000	1.211449	356.656250	292.468750
0	26.938000	0.521739	364.500000	284.500000
1	26.969000	0.869565	337.000000	307.000000
0	27.000000	0.497536	362.193512	282.881256
1	27.031000	0.826087	337.000000	307.500000
0	27.062000	0.765942	338.468750	306.606262
0	27.109000	0.677101	365.225006	291.225006
0	27.140000	1.704348	348.500000	296.500000
0	27.172000	0.424928	340.899994	300.899994
0	27.203000	1.171015	352.500000	286.500000
0	27.234000	0.684638	361.937592	283.475006
0	27.265000	1.763768	352.074951	296.450012
0	27.296000	0.633623	361.100006	281.087494
0	27.328000	0.587246	362.687500	285.150024
0	27.374000	0.459710	340.399994	300.399994
0	27.406000	0.527681	368.406250	289.218750
0	27.437000	0.638406	366.481262	286.793762
0	27.468000	0.486957	340.500000	298.500000
0	27.499000	0.486957	357.031250	278.031250
1	27.530000	0.869565	336.500000	304.500000
0	27.562000	0.459710	340.350006	298.399994
0	27.608000	1.147826	359.500000	303.500000
0	27.640000	0.361449	367.500000	285.012512
0	27.671000	0.468551	370.756256	292.181244
0	27.702000	1.748986	351.712494	296.287506
0	27.733000	0.609275	368.750000	289.750000
0	27.764000	0.672319	362.843750	285.843750
1	27.796000	0.866667	336.187500	305.312500
0	27.842000	0.484493	340.906250	298.943726
0	27.874000	1.286377	359.000000	297.500000
0	27.905000	0.592319	361.243744	280.756256
1	27.936000	0.892898	336.406250	304.406250
0	27.967000	0.494058	340.856262	299.818726
0	27.998000	1.782898	349.187531	294.812469
1	28.030000	0.874928	336.931244	305.181244
0	28.061000	0.432029	341.018738	299.806335
0	28.108000	0.542319	368.462494	289.212494
0	28.139000	0.570290	362.218750	283.831238
0	28.170000	1.309421	358.143707	294.156464
0	28.201000	1.742464	350.306244	294.693756
0	28.232000	0.707681	366.806244	287.806244
0	28.264000	1.176812	356.375000	288.125000
1	28.295000	0.866812	336.031250	305.031250
1	28.326000	0.868406	336.274994	304.912506
0	28.373000	1.277827	355.093475	297.856354
0	28.404000	0.560290	339.062500	301.187500
0	28.435000	1.332464	354.412506	290.537506
0	28.466000	0.690145	367.412506	291.912506
0	28.498000	1.322319	355.500000	293.049988
0	28.529000	0.590290	359.193756	280.543732
0	28.560000	1.165362	350.493744	285.243744
0	28.607000	0.459275	340.393738	299.243774
0	28.638000	1.712899	346.318756	296.368744
0	28.669000	0.446377	340.624817	299.437561
0	28.700000	1.866667	350.000000	297.000000
0	28.732000	1.426087	353.500000	295.500000
0	28.763000	1.310145	356.000000	299.000000
0	28.794000	0.531014	368.250000	288.375000
1	28.841000	0.878116	336.068756	306.931244
0	28.872000	0.505072	362.281250	284.018738
0	28.903000	0.448985	340.225006	300.412506
0	28.934000	0.450725	341.250000	299.375000
0	28.966000	0.533333	369.500000	289.500000
0	28.997000	0.477246	366.056244	283.368744
0	29.028000	1.631594	349.725006	295.912506
0	29.075000	1.286957	358.000000	292.000000
0	29.106000	1.253333	352.475006	286.725006
0	29.137000	0.433623	340.562592	299.650177
0	29.168000	0.672464	369.500000	289.500000
0	29.200000	1.558841	355.562469	296.412506
0	29.231000	0.730435	367.500000	289.500000
0	29.262000	0.624928	361.499969	282.287506
0	29.293000	1.670580	348.781219	295.806244
0	29.340000	0.503188	340.725006	298.274994
0	29.371000	0.521739	358.500000	278.500000
0	29.402000	1.290580	351.956238	286.581238
0	29.434000	1.229275	350.662506	287.337494
0	29.465000	1.324927	355.787506	287.475006
0	29.496000	0.591304	368.500000	288.500000
0	29.527000	0.426087	373.000000	300.000000
0	29.574000	0.626087	360.500000	284.500000
1	29.605000	0.866377	336.962494	305.212494
1	29.636000	0.874058	337.118744	304.118744
0	29.668000	0.660870	370.500000	288.500000
0	29.699000	0.416667	341.018738	297.268738
0	29.730000	1.191304	351.500000	285.750000
0	29.761000	0.401594	359.018738	275.031250
0	29.792000	1.805942	351.081238	294.531250
0	29.839000	1.231884	356.000000	289.500000
0	29.870000	1.712029	351.618744	292.881256
0	29.902000	0.670145	361.187500	282.625000
0	29.933000	0.573333	368.149994	286.887421
0	29.964000	1.136232	352.375000	288.875000
0	29.995000	1.398551	357.762512	290.412537
<\RIGHT-PUPIL-DATA>
<LEFT-PUPIL-DATA>
903	0
0	-0.050000	13.913043	240.000000	320.000000
0	-0.019000	13.913043	240.000000	320.000000
0	0.012000	13.913043	240.000000	320.000000
0	0.043000	13.913043	240.000000	320.000000
0	0.074000	13.913043	240.000000	320.000000
0	0.106000	13.913043	240.000000	320.000000
0	0.137000	13.913043	240.000000	320.000000
0	0.168000	13.913043	240.000000	320.000000
0	0.215000	13.913043	240.000000	320.000000
0	0.246000	13.913043	240.000000	320.000000
0	0.277000	13.913043	240.000000	320.000000
0	0.308000	13.913043	240.000000	320.000000
0	0.340000	13.913043	240.000000	320.000000
0	0.371000	13.913043	240.000000	320.000000
0	0.402000	13.913043	240.000000	320.000000
0	0.449000	13.913043	240.000000	320.000000
0	0.480000	13.913043	240.000000	320.000000
0	0.511000	13.913043	240.000000	320.000000
0	0.542000	13.913043	240.000000	320.000000
0	0.574000	13.913043	240.000000	320.000000
0	0.605000	13.913043	240.000000	320.000000
0	0.636000	13.913043	240.000000	320.000000
0	0.683000	13.913043	240.000000	320.000000
0	0.714000	13.913043	240.000000	320.000000
0	0.745000	13.913043	240.000000	320.000000
0	0.776000	13.913043	240.000000	320.000000
0	0.808000	13.913043	240.000000	320.000000
0	0.839000	13.913043	240.000000	320.000000
0	0.870000	13.913043	240.000000	320.000000
0	0.901000	13.913043	240.000000	320.000000
0	0.948000	13.913043	240.000000	320.000000
0	0.979000	13.913043	240.000000	320.000000
0	1.010000	13.913043	240.000000	320.000000
0	1.042000	13.913043	240.000000	320.000000
0	1.073000	13.913043	240.000000	320.000000
0	1.104000	13.913043	240.000000	320.000000
0	1.135000	13.913043	240.000000	320.000000
0	1.166000	13.913043	240.000000	320.000000
0	1.213000	13.913043	240.000000	320.000000
0	1.244000	13.913043	240.000000	320.000000
0	1.276000	13.913043	240.000000	320.000000
0	1.307000	13.913043	240.000000	320.000000
0	1.338000	13.913043	240.000000	320.000000
0	1.369000	13.913043	240.000000	320.000000
0	1.400000	13.913043	240.000000	320.000000
0	1.447000	13.913043	240.000000	320.000000
0	1.478000	13.913043	240.000000	320.000000
0	1.510000	13.913043	240.000000	320.000000
0	1.541000	13.913043	240.000000	320.000000
0	1.572000	13.913043	240.000000	320.000000
0	1.603000	13.913043	240.000000	320.000000
0	1.634000	13.913043	240.000000	320.000000
0	1.681000	13.913043	240.000000	320.000000
0	1.712000	13.913043	240.000000	320.000000
0	1.744000	13.913043	240.000000	320.000000
0	1.775000	13.913043	240.000000	320.000000
0	1.806000	13.913043	240.000000	320.000000
0	1.837000	13.913043	240.000000	320.000000
0	1.868000	13.913043	240.000000	320.000000
0	1.900000	13.913043	240.000000	320.000000
0	1.946000	13.913043	240.000000	320.000000
0	1.978000	13.913043	240.000000	320.000000
0	2.009000	13.913043	240.000000	320.000000
0	2.040000	13.913043	240.000000	320.000000
0	2.071000	13.913043	240.000000	320.000000
0	2.102000	13.913043	240.000000	320.000000
0	2.134000	13.913043	240.000000	320.000000
0	2.180000	13.913043	240.000000	320.000000
0	2.212000	13.913043	240.000000	320.000000
0	2.243000	13.913043	240.000000	320.000000
0	2.274000	13.913043	240.000000	320.000000
0	2.305000	13.913043	240.000000	320.000000
0	2.336000	13.913043	240.000000	320.000000
0	2.368000	13.913043	240.000000	320.000000
0	2.414000	13.913043	240.000000	320.000000
0	2.446000	13.913043	240.000000	320.000000
0	2.477000	13.913043	240.000000	320.000000
0	2.508000	13.913043	240.000000	320.000000
0	2.539000	13.913043	240.000000	320.000000
0	2.570000	13.913043	240.000000	320.000000
0	2.602000	13.913043	240.000000	320.000000
0	2.633000	13.913043	240.000000	320.000000
0	2.680000	13.913043	240.000000	320.000000
0	2.711000	13.913043	240.000000	320.000000
0	2.742000	13.913043	240.000000	320.000000
0	2.773000	13.913043	240.000000	320.000000
0	2.805000	13.913043	240.000000	320.000000
0	2.836000	13.913043	240.000000	320.000000
0	2.867000	13.913043	240.000000	320.000000
0	2.914000	13.913043	240.000000	320.000000
0	2.945000	13.913043	240.000000	320.000000
0	2.976000	13.913043	240.000000	320.000000
0	3.007000	13.913043	240.000000	320.000000
0	3.039000	13.913043	240.000000	320.000000
0	3.070000	13.913043	240.000000	320.000000
0	3.101000	13.913043	240.000000	320.000000
0	3.148000	13.913043	240.000000	320.000000
0	3.179000	13.913043	240.000000	320.000000
0	3.210000	13.913043	240.000000	320.000000
0	3.241000	13.913043	240.000000	320.000000
0	3.273000	13.913043	240.000000	320.000000
0	3.304000	13.913043	240.000000	320.000000
0	3.335000	13.913043	240.000000	320.000000
0	3.366000	13.913043	240.000000	320.000000
0	3.413000	13.913043	240.000000	320.000000
0	3.444000	13.913043	240.000000	320.000000
0	3.475000	13.913043	240.000000	320.000000
0	3.507000	13.913043	240.000000	320.000000
0	3.538000	13.913043	240.000000	320.000000
0	3.569000	13.913043	240.000000	320.000000
0	3.600000	13.913043	240.000000	320.000000
0	3.647000	13.913043	240.000000	320.000000
0	3.678000	13.913043	240.000000	320.000000
0	3.709000	13.913043	240.000000	320.000000
0	3.741000	13.913043	240.000000	320.000000
0	3.772000	13.913043	240.000000	320.000000
0	3.803000	13.913043	240.000000	320.000000
0	3.834000	13.913043	240.000000	320.000000
0	3.881000	13.913043	240.000000	320.000000
0	3.912000	13.913043	240.000000	320.000000
0	3.943000	13.913043	240.000000	320.000000
0	3.975000	13.913043	240.000000	320.000000
0	4.006000	13.913043	240.000000	320.000000
0	4.037000	13.913043	240.000000	320.000000
0	4.068000	13.913043	240.000000	320.000000
0	4.099000	13.913043	240.000000	320.000000
0	4.146000	13.913043	240.000000	320.000000
0	4.177000	13.913043	240.000000	320.000000
0	4.209000	13.913043	240.000000	320.000000
0	4.240000	13.913043	240.000000	320.000000
0	4.271000	13.913043	240.000000	320.000000
0	4.302000	13.913043	240.000000	320.000000
0	4.333000	13.913043	240.000000	320.000000
0	4.380000	13.913043	240.000000	320.000000
0	4.411000	13.913043	240.000000	320.000000
0	4.443000	13.913043	240.000000	320.000000
0	4.474000	13.913043	240.000000	320.000000
0	4.505000	13.913043	240.000000	320.000000
0	4.536000	13.913043	240.000000	320.000000
0	4.567000	13.913043	240.000000	320.000000
0	4.614000	13.913043	240.000000	320.000000
0	4.645000	13.913043	240.000000	320.000000
0	4.677000	13.913043	240.000000	320.000000
0	4.708000	13.913043	240.000000	320.000000
0	4.739000	13.913043	240.000000	320.000000
0	4.770000	13.913043	240.000000	320.000000
0	4.801000	13.913043	240.000000	320.000000
0	4.833000	13.913043	240.000000	320.000000
0	4.879000	13.913043	240.000000	320.000000
0	4.911000	13.913043	240.000000	320.000000
0	4.942000	13.913043	240.000000	320.000000
0	4.973000	13.913043	240.000000	320.000000
0	5.004000	13.913043	240.000000	320.000000
0	5.035000	13.913043	240.000000	320.000000
0	5.067000	13.913043	240.000000	320.000000
0	5.098000	13.913043	240.000000	320.000000
0	5.145000	13.913043	240.000000	320.000000
0	5.176000	13.913043	240.000000	320.000000
0	5.207000	13.913043	240.000000	320.000000
0	5.238000	13.913043	240.000000	320.000000
0	5.269000	13.913043	240.000000	320.000000
0	5.301000	13.913043	240.000000	320.000000
0	5.332000	13.913043	240.000000	320.000000
0	5.379000	13.913043	240.000000	320.000000
0	5.410000	13.913043	240.000000	320.000000
0	5.441000	13.913043	240.000000	320.000000
0	5.472000	13.913043	240.000000	320.000000
0	5.503000	13.913043	240.000000	320.000000
0	5.535000	13.913043	240.000000	320.000000
0	5.566000	13.913043	240.000000	320.000000
0	5.613000	13.913043	240.000000	320.000000
0	5.644000	13.913043	240.000000	320.000000
0	5.675000	13.913043	240.000000	320.000000
0	5.706000	13.913043	240.000000	320.000000
0	5.737000	13.913043	240.000000	320.000000
0	5.769000	13.913043	240.000000	320.000000
0	5.800000	13.913043	240.000000	320.000000
0	5.831000	13.913043	240.000000	320.000000
0	5.878000	13.913043	240.000000	320.000000
0	5.909000	13.913043	240.000000	320.000000
0	5.940000	13.913043	240.000000	320.000000
0	5.971000	13.913043	240.000000	320.000000
0	6.003000	13.913043	240.000000	320.000000
0	6.034000	13.913043	240.000000	320.000000
0	6.065000	13.913043	240.000000	320.000000
0	6.112000	13.913043	240.000000	320.000000
0	6.143000	13.913043	240.000000	320.000000
0	6.174000	13.913043	240.000000	320.000000
0	6.205000	13.913043	240.000000	320.000000
0	6.237000	13.913043	240.000000	320.000000
0	6.268000	13.913043	240.000000	320.000000
0	6.299000	13.913043	240.000000	320.000000
0	6.346000	13.913043	240.000000	320.000000
0	6.377000	13.913043	240.000000	320.000000
0	6.408000	13.913043	240.000000	320.000000
0	6.439000	13.913043	240.000000	320.000000
0	6.471000	13.913043	240.000000	320.000000
0	6.502000	13.913043	240.000000	320.000000
0	6.533000	13.913043	240.000000	320.000000
0	6.564000	13.913043	240.000000	320.000000
0	6.611000	13.913043	240.000000	320.000000
0	6.642000	13.913043	240.000000	320.000000
0	6.673000	13.913043	240.000000	320.000000
0	6.705000	13.913043	240.000000	320.000000
0	6.736000	13.913043	240.000000	320.000000
0	6.767000	13.913043	240.000000	320.000000
0	6.798000	13.913043	240.000000	320.000000
0	6.845000	13.913043	240.000000	320.000000
0	6.876000	13.913043	240.000000	320.000000
0	6.907000	13.913043	240.000000	320.000000
0	6.939000	13.913043	240.000000	320.000000
0	6.970000	13.913043	240.000000	320.000000
0	7.001000	13.913043	240.000000	320.000000
0	7.032000	13.913043	240.000000	320.000000
0	7.079000	13.913043	240.000000	320.000000
0	7.110000	13.913043	240.000000	320.000000
0	7.141000	13.913043	240.000000	320.000000
0	7.173000	13.913043	240.000000	320.000000
0	7.204000	13.913043	240.000000	320.000000
0	7.235000	13.913043	240.000000	320.000000
0	7.266000	13.913043	240.000000	320.000000
0	7.297000	13.913043	240.000000	320.000000
0	7.344000	13.913043	240.000000	320.000000
0	7.375000	13.913043	240.000000	320.000000
0	7.407000	13.913043	240.000000	320.000000
0	7.438000	13.913043	240.000000	320.000000
0	7.469000	13.913043	240.000000	320.000000
0	7.500000	13.913043	240.000000	320.000000
0	7.531000	13.913043	240.000000	320.000000
0	7.578000	13.913043	240.000000	320.000000
0	7.609000	13.913043	240.000000	320.000000
0	7.641000	13.913043	240.000000	320.000000
0	7.672000	13.913043	240.000000	320.000000
0	7.703000	13.913043	240.000000	320.000000
0	7.734000	13.913043	240.000000	320.000000
0	7.765000	13.913043	240.000000	320.000000
0	7.812000	13.913043	240.000000	320.000000
0	7.843000	13.913043	240.000000	320.000000
0	7.875000	13.913043	240.000000	320.000000
0	7.906000	13.913043	240.000000	320.000000
0	7.937000	13.913043	240.000000	320.000000
0	7.968000	13.913043	240.000000	320.000000
0	7.999000	13.913043	240.000000	320.000000
0	8.031000	13.913043	240.000000	320.000000
0	8.077000	13.913043	240.000000	320.000000
0	8.109000	13.913043	240.000000	320.000000
0	8.140000	13.913043	240.000000	320.000000
0	8.171000	13.913043	240.000000	320.000000
0	8.202000	13.913043	240.000000	320.000000
0	8.233000	13.913043	240.000000	320.000000
0	8.265000	13.913043	240.000000	320.000000
0	8.311000	13.913043	240.000000	320.000000
0	8.343000	13.913043	240.000000	320.000000
0	8.374000	13.913043	240.000000	320.000000
0	8.405000	13.913043	240.000000	320.000000
0	8.436000	13.913043	240.000000	320.000000
0	8.467000	13.913043	240.000000	320.000000
0	8.499000	13.913043	240.000000	320.000000
0	8.545000	13.913043	240.000000	320.000000
0	8.577000	13.913043	240.000000	320.000000
0	8.608000	13.913043	240.000000	320.000000
0	8.639000	13.913043	240.000000	320.000000
0	8.670000	13.913043	240.000000	320.000000
0	8.701000	13.913043	240.000000	320.000000
0	8.733000	13.913043	240.000000	320.000000
0	8.764000	13.913043	240.000000	320.000000
0	8.811000	13.913043	240.000000	320.000000
0	8.842000	13.913043	240.000000	320.000000
0	8.873000	13.913043	240.000000	320.000000
0	8.904000	13.913043	240.000000	320.000000
0	8.935000	13.913043	240.000000	320.000000
0	8.967000	13.913043	240.000000	320.000000
0	8.998000	13.913043	240.000000	320.000000
0	9.045000	13.913043	240.000000	320.000000
0	9.076000	13.913043	240.000000	320.000000
0	9.107000	13.913043	240.000000	320.000000
0	9.138000	13.913043	240.000000	320.000000
0	9.169000	13.913043	240.000000	320.000000
0	9.201000	13.913043	240.000000	320.000000
0	9.232000	13.913043	240.000000	320.000000
0	9.263000	13.913043	240.000000	320.000000
0	9.310000	13.913043	240.000000	320.000000
0	9.341000	13.913043	240.000000	320.000000
0	9.372000	13.913043	240.000000	320.000000
0	9.403000	13.913043	240.000000	320.000000
0	9.435000	13.913043	240.000000	320.000000
0	9.466000	13.913043	240.000000	320.000000
0	9.497000	13.913043	240.000000	320.000000
0	9.544000	13.913043	240.000000	320.000000
0	9.575000	13.913043	240.000000	320.000000
0	9.606000	13.913043	240.000000	320.000000
0	9.637000	13.913043	240.000000	320.000000
0	9.669000	13.913043	240.000000	320.000000
0	9.700000	13.913043	240.000000	320.000000
0	9.731000	13.913043	240.000000	320.000000
0	9.778000	13.913043	240.000000	320.000000
0	9.809000	13.913043	240.000000	320.000000
0	9.840000	13.913043	240.000000	320.000000
0	9.871000	13.913043	240.000000	320.000000
0	9.903000	13.913043	240.000000	320.000000
0	9.934000	13.913043	240.000000	320.000000
0	9.965000	13.913043	240.000000	320.000000
0	9.996000	13.913043	240.000000	320.000000
0	10.043000	13.913043	240.000000	320.000000
0	10.074000	13.913043	240.000000	320.000000
0	10.105000	13.913043	240.000000	320.000000
0	10.137000	13.913043	240.000000	320.000000
0	10.168000	13.913043	240.000000	320.000000
0	10.199000	13.913043	240.000000	320.000000
0	10.230000	13.913043	240.000000	320.000000
0	10.277000	13.913043	240.000000	320.000000
0	10.308000	13.913043	240.000000	320.000000
0	10.339000	13.913043	240.000000	320.000000
0	10.371000	13.913043	240.000000	320.000000
0	10.402000	13.913043	240.000000	320.000000
0	10.433000	13.913043	240.000000	320.000000
0	10.464000	13.913043	240.000000	320.000000
0	10.511000	13.913043	240.000000	320.000000
0	10.542000	13.913043	240.000000	320.000000
0	10.573000	13.913043	240.000000	320.000000
0	10.605000	13.913043	240.000000	320.000000
0	10.636000	13.913043	240.000000	320.000000
0	10.667000	13.913043	240.000000	320.000000
0	10.698000	13.913043	240.000000	320.000000
0	10.729000	13.913043	240.000000	320.000000
0	10.776000	13.913043	240.000000	320.000000
0	10.807000	13.913043	240.000000	320.000000
0	10.839000	13.913043	240.000000	320.000000
0	10.870000	13.913043	240.000000	320.000000
0	10.901000	13.913043	240.000000	320.000000
0	10.932000	13.913043	240.000000	320.000000
0	10.963000	13.913043	240.000000	320.000000
0	11.010000	13.913043	240.000000	320.000000
0	11.041000	13.913043	240.000000	320.000000
0	11.073000	13.913043	240.000000	320.000000
0	11.104000	13.913043	240.000000	320.000000
0	11.135000	13.913043	240.000000	320.000000
0	11.166000	13.913043	240.000000	320.000000
0	11.197000	13.913043	240.000000	320.000000
0	11.229000	13.913043	240.000000	320.000000
0	11.275000	13.913043	240.000000	320.000000
0	11.307000	13.913043	240.000000	320.000000
0	11.338000	13.913043	240.000000	320.000000
0	11.369000	13.913043	240.000000	320.000000
0	11.400000	13.913043	240.000000	320.000000
0	11.431000	13.913043	240.000000	320.000000
0	11.463000	13.913043	240.000000	320.000000
0	11.509000	13.913043	240.000000	320.000000
0	11.541000	13.913043	240.000000	320.000000
0	11.572000	13.913043	240.000000	320.000000
0	11.603000	13.913043	240.000000	320.000000
0	11.634000	13.913043	240.000000	320.000000
0	11.665000	13.913043	240.000000	320.000000
0	11.697000	13.913043	240.000000	320.000000
0	11.743000	13.913043	240.000000	320.000000
0	11.775000	13.913043	240.000000	320.000000
0	11.806000	13.913043	240.000000	320.000000
0	11.837000	13.913043	240.000000	320.000000
0	11.868000	13.913043	240.000000	320.000000
0	11.899000	13.913043	240.000000	320.000000
0	11.931000	13.913043	240.000000	320.000000
0	11.962000	13.913043	240.000000	320.000000
0	12.009000	13.913043	240.000000	320.000000
0	12.040000	13.913043	240.000000	320.000000
0	12.071000	13.913043	240.000000	320.000000
0	12.102000	13.913043	240.000000	320.000000
0	12.133000	13.913043	240.000000	320.000000
0	12.165000	13.913043	240.000000	320.000000
0	12.196000	13.913043	240.000000	320.000000
0	12.243000	13.913043	240.000000	320.000000
0	12.274000	13.913043	240.000000	320.000000
0	12.305000	13.913043	240.000000	320.000000
0	12.336000	13.913043	240.000000	320.000000
0	12.367000	13.913043	240.000000	320.000000
0	12.399000	13.913043	240.000000	320.000000
0	12.430000	13.913043	240.000000	320.000000
0	12.477000	13.913043	240.000000	320.000000
0	12.508000	13.913043	240.000000	320.000000
0	12.539000	13.913043	240.000000	320.000000
0	12.570000	13.913043	240.000000	320.000000
0	12.601000	13.913043	240.000000	320.000000
0	12.633000	13.913043	240.000000	320.000000
0	12.664000	13.913043	240.000000	320.000000
0	12.695000	13.913043	240.000000	320.000000
0	12.742000	13.913043	240.000000	320.000000
0	12.773000	13.913043	240.000000	320.000000
0	12.804000	13.913043	240.000000	320.000000
0	12.835000	13.913043	240.000000	320.000000
0	12.867000	13.913043	240.000000	320.000000
0	12.898000	13.913043	240.000000	320.000000
0	12.929000	13.913043	240.000000	320.000000
0	12.976000	13.913043	240.000000	320.000000
0	13.007000	13.913043	240.000000	320.000000
0	13.038000	13.913043	240.000000	320.000000
0	13.069000	13.913043	240.000000	320.000000
0	13.101000	13.913043	240.000000	320.000000
0	13.132000	13.913043	240.000000	320.000000
0	13.163000	13.913043	240.000000	320.000000
0	13.194000	13.913043	240.000000	320.000000
0	13.241000	13.913043	240.000000	320.000000
0	13.272000	13.913043	240.000000	320.000000
0	13.303000	13.913043	240.000000	320.000000
0	13.335000	13.913043	240.000000	320.000000
0	13.366000	13.913043	240.000000	320.000000
0	13.397000	13.913043	240.000000	320.000000
0	13.428000	13.913043	240.000000	320.000000
0	13.475000	13.913043	240.000000	320.000000
0	13.506000	13.913043	240.000000	320.000000
0	13.537000	13.913043	240.000000	320.000000
0	13.569000	13.913043	240.000000	320.000000
0	13.600000	13.913043	240.000000	320.000000
0	13.631000	13.913043	240.000000	320.000000
0	13.662000	13.913043	240.000000	320.000000
0	13.709000	13.913043	240.000000	320.000000
0	13.740000	13.913043	240.000000	320.000000
0	13.771000	13.913043	240.000000	320.000000
0	13.803000	13.913043	240.000000	320.000000
0	13.834000	13.913043	240.000000	320.000000
0	13.865000	13.913043	240.000000	320.000000
0	13.896000	13.913043	240.000000	320.000000
0	13.927000	13.913043	240.000000	320.000000
0	13.974000	13.913043	240.000000	320.000000
0	14.005000	13.913043	240.000000	320.000000
0	14.037000	13.913043	240.000000	320.000000
0	14.068000	13.913043	240.000000	320.000000
0	14.099000	13.913043	240.000000	320.000000
0	14.130000	13.913043	240.000000	320.000000
0	14.161000	13.913043	240.000000	320.000000
0	14.208000	13.913043	240.000000	320.000000
0	14.239000	13.913043	240.000000	320.000000
0	14.271000	13.913043	240.000000	320.000000
0	14.302000	13.913043	240.000000	320.000000
0	14.333000	13.913043	240.000000	320.000000
0	14.364000	13.913043	240.000000	320.000000
0	14.395000	13.913043	240.000000	320.000000
0	14.442000	13.913043	240.000000	320.000000
0	14.473000	13.913043	240.000000	320.000000
0	14.505000	13.913043	240.000000	320.000000
0	14.536000	13.913043	240.000000	320.000000
0	14.567000	13.913043	240.000000	320.000000
0	14.598000	13.913043	240.000000	320.000000
0	14.629000	13.913043	240.000000	320.000000
0	14.661000	13.913043	240.000000	320.000000
0	14.707000	13.913043	240.000000	320.000000
0	14.739000	13.913043	240.000000	320.000000
0	14.770000	13.913043	240.000000	320.000000
0	14.801000	13.913043	240.000000	320.000000
0	14.832000	13.913043	240.000000	320.000000
0	14.863000	13.913043	240.000000	320.000000
0	14.895000	13.913043	240.000000	320.000000
0	14.941000	13.913043	240.000000	320.000000
0	14.973000	13.913043	240.000000	320.000000
0	15.004000	13.913043	240.000000	320.000000
0	15.035000	13.913043	240.000000	320.000000
0	15.066000	13.913043	240.000000	320.000000
0	15.097000	13.913043	240.000000	320.000000
0	15.129000	13.913043	240.000000	320.000000
0	15.175000	13.913043	240.000000	320.000000
0	15.207000	13.913043	240.000000	320.000000
0	15.238000	13.913043	240.000000	320.000000
0	15.269000	13.913043	240.000000	320.000000
0	15.300000	13.913043	240.000000	320.000000
0	15.331000	13.913043	240.000000	320.000000
0	15.363000	13.913043	240.000000	320.000000
0	15.394000	13.913043	240.000000	320.000000
0	15.441000	13.913043	240.000000	320.000000
0	15.472000	13.913043	240.000000	320.000000
0	15.503000	13.913043	240.000000	320.000000
0	15.534000	13.913043	240.000000	320.000000
0	15.565000	13.913043	240.000000	320.000000
0	15.597000	13.913043	240.000000	320.000000
0	15.628000	13.913043	240.000000	320.000000
0	15.675000	13.913043	240.000000	320.000000
0	15.706000	13.913043	240.000000	320.000000
0	15.737000	13.913043	240.000000	320.000000
0	15.768000	13.913043	240.000000	320.000000
0	15.799000	13.913043	240.000000	320.000000
0	15.831000	13.913043	240.000000	320.000000
0	15.862000	13.913043	240.000000	320.000000
0	15.893000	13.913043	240.000000	320.000000
0	15.940000	13.913043	240.000000	320.000000
0	15.971000	13.913043	240.000000	320.000000
0	16.002000	13.913043	240.000000	320.000000
0	16.033000	13.913043	240.000000	320.000000
0	16.065000	13.913043	240.000000	320.000000
0	16.096000	13.913043	240.000000	320.000000
0	16.127000	13.913043	240.000000	320.000000
0	16.174000	13.913043	240.000000	320.000000
0	16.205000	13.913043	240.000000	320.000000
0	16.236000	13.913043	240.000000	320.000000
0	16.267000	13.913043	240.000000	320.000000
0	16.299000	13.913043	240.000000	320.000000
0	16.330000	13.913043	240.000000	320.000000
0	16.361000	13.913043	240.000000	320.000000
0	16.408000	13.913043	240.000000	320.000000
0	16.439000	13.913043	240.000000	320.000000
0	16.470000	13.913043	240.000000	320.000000
0	16.501000	13.913043	240.000000	320.000000
0	16.533000	13.913043	240.000000	320.000000
0	16.564000	13.913043	240.000000	320.000000
0	16.595000	13.913043	240.000000	320.000000
0	16.626000	13.913043	240.000000	320.000000
0	16.673000	13.913043	240.000000	320.000000
0	16.704000	13.913043	240.000000	320.000000
0	16.735000	13.913043	240.000000	320.000000
0	16.767000	13.913043	240.000000	320.000000
0	16.798000	13.913043	240.000000	320.000000
0	16.829000	13.913043	240.000000	320.000000
0	16.860000	13.913043	240.000000	320.000000
0	16.907000	13.913043	240.000000	320.000000
0	16.938000	13.913043	240.000000	320.000000
0	16.969000	13.913043	240.000000	320.000000
0	17.001000	13.913043	240.000000	320.000000
0	17.032000	13.913043	240.000000	320.000000
0	17.063000	13.913043	240.000000	320.000000
0	17.094000	13.913043	240.000000	320.000000
0	17.125000	13.913043	240.000000	320.000000
0	17.172000	13.913043	240.000000	320.000000
0	17.203000	13.913043	240.000000	320.000000
0	17.235000	13.913043	240.000000	320.000000
0	17.266000	13.913043	240.000000	320.000000
0	17.297000	13.913043	240.000000	320.000000
0	17.328000	13.913043	240.000000	320.000000
0	17.359000	13.913043	240.000000	320.000000
0	17.406000	13.913043	240.000000	320.000000
0	17.437000	13.913043	240.000000	320.000000
0	17.469000	13.913043	240.000000	320.000000
0	17.500000	13.913043	240.000000	320.000000
0	17.531000	13.913043	240.000000	320.000000
0	17.562000	13.913043	240.000000	320.000000
0	17.593000	13.913043	240.000000	320.000000
0	17.640000	13.913043	240.000000	320.000000
0	17.671000	13.913043	240.000000	320.000000
0	17.703000	13.913043	240.000000	320.000000
0	17.734000	13.913043	240.000000	320.000000
0	17.765000	13.913043	240.000000	320.000000
0	17.796000	13.913043	240.000000	320.000000
0	17.827000	13.913043	240.000000	320.000000
0	17.859000	13.913043	240.000000	320.000000
0	17.905000	13.913043	240.000000	320.000000
0	17.937000	13.913043	240.000000	320.000000
0	17.968000	13.913043	240.000000	320.000000
0	17.999000	13.913043	240.000000	320.000000
0	18.030000	13.913043	240.000000	320.000000
0	18.061000	13.913043	240.000000	320.000000
0	18.093000	13.913043	240.000000	320.000000
0	18.139000	13.913043	240.000000	320.000000
0	18.171000	13.913043	240.000000	320.000000
0	18.202000	13.913043	240.000000	320.000000
0	18.233000	13.913043	240.000000	320.000000
0	18.264000	13.913043	240.000000	320.000000
0	18.295000	13.913043	240.000000	320.000000
0	18.327000	13.913043	240.000000	320.000000
0	18.373000	13.913043	240.000000	320.000000
0	18.405000	13.913043	240.000000	320.000000
0	18.436000	13.913043	240.000000	320.000000
0	18.467000	13.913043	240.000000	320.000000
0	18.498000	13.913043	240.000000	320.000000
0	18.529000	13.913043	240.000000	320.000000
0	18.561000	13.913043	240.000000	320.000000
0	18.592000	13.913043	240.000000	320.000000
0	18.639000	13.913043	240.000000	320.000000
0	18.670000	13.913043	240.000000	320.000000
0	18.701000	13.913043	240.000000	320.000000
0	18.732000	13.913043	240.000000	320.000000
0	18.763000	13.913043	240.000000	320.000000
0	18.795000	13.913043	240.000000	320.000000
0	18.826000	13.913043	240.000000	320.000000
0	18.873000	13.913043	240.000000	320.000000
0	18.904000	13.913043	240.000000	320.000000
0	18.935000	13.913043	240.000000	320.000000
0	18.966000	13.913043	240.000000	320.000000
0	18.997000	13.913043	240.000000	320.000000
0	19.029000	13.913043	240.000000	320.000000
0	19.060000	13.913043	240.000000	320.000000
0	19.107000	13.913043	240.000000	320.000000
0	19.138000	13.913043	240.000000	320.000000
0	19.169000	13.913043	240.000000	320.000000
0	19.200000	13.913043	240.000000	320.000000
0	19.231000	13.913043	240.000000	320.000000
0	19.263000	13.913043	240.000000	320.000000
0	19.294000	13.913043	240.000000	320.000000
0	19.325000	13.913043	240.000000	320.000000
0	19.372000	13.913043	240.000000	320.000000
0	19.403000	13.913043	240.000000	320.000000
0	19.434000	13.913043	240.000000	320.000000
0	19.465000	13.913043	240.000000	320.000000
0	19.497000	13.913043	240.000000	320.000000
0	19.528000	13.913043	240.000000	320.000000
0	19.559000	13.913043	240.000000	320.000000
0	19.606000	13.913043	240.000000	320.000000
0	19.637000	13.913043	240.000000	320.000000
0	19.668000	13.913043	240.000000	320.000000
0	19.699000	13.913043	240.000000	320.000000
0	19.731000	13.913043	240.000000	320.000000
0	19.762000	13.913043	240.000000	320.000000
0	19.793000	13.913043	240.000000	320.000000
0	19.840000	13.913043	240.000000	320.000000
0	19.871000	13.913043	240.000000	320.000000
0	19.902000	13.913043	240.000000	320.000000
0	19.933000	13.913043	240.000000	320.000000
0	19.965000	13.913043	240.000000	320.000000
0	19.996000	13.913043	240.000000	320.000000
0	20.027000	13.913043	240.000000	320.000000
0	20.058000	13.913043	240.000000	320.000000
0	20.105000	13.913043	240.000000	320.000000
0	20.136000	13.913043	240.000000	320.000000
0	20.167000	13.913043	240.000000	320.000000
0	20.199000	13.913043	240.000000	320.000000
0	20.230000	13.913043	240.000000	320.000000
0	20.261000	13.913043	240.000000	320.000000
0	20.292000	13.913043	240.000000	320.000000
0	20.339000	13.913043	240.000000	320.000000
0	20.370000	13.913043	240.000000	320.000000
0	20.401000	13.913043	240.000000	320.000000
0	20.433000	13.913043	240.000000	320.000000
0	20.464000	13.913043	240.000000	320.000000
0	20.495000	13.913043	240.000000	320.000000
0	20.526000	13.913043	240.000000	320.000000
0	20.573000	13.913043	240.000000	320.000000
0	20.604000	13.913043	240.000000	320.000000
0	20.635000	13.913043	240.000000	320.000000
0	20.667000	13.913043	240.000000	320.000000
0	20.698000	13.913043	240.000000	320.000000
0	20.729000	13.913043	240.000000	320.000000
0	20.760000	13.913043	240.000000	320.000000
0	20.791000	13.913043	240.000000	320.000000
0	20.838000	13.913043	240.000000	320.000000
0	20.869000	13.913043	240.000000	320.000000
0	20.901000	13.913043	240.000000	320.000000
0	20.932000	13.913043	240.000000	320.000000
0	20.963000	13.913043	240.000000	320.000000
0	20.994000	13.913043	240.000000	320.000000
0	21.025000	13.913043	240.000000	320.000000
0	21.057000	13.913043	240.000000	320.000000
0	21.103000	13.913043	240.000000	320.000000
0	21.135000	13.913043	240.000000	320.000000
0	21.166000	13.913043	240.000000	320.000000
0	21.197000	13.913043	240.000000	320.000000
0	21.228000	13.913043	240.000000	320.000000
0	21.259000	13.913043	240.000000	320.000000
0	21.291000	13.913043	240.000000	320.000000
0	21.337000	13.913043	240.000000	320.000000
0	21.369000	13.913043	240.000000	320.000000
0	21.400000	13.913043	240.000000	320.000000
0	21.431000	13.913043	240.000000	320.000000
0	21.462000	13.913043	240.000000	320.000000
0	21.493000	13.913043	240.000000	320.000000
0	21.525000	13.913043	240.000000	320.000000
0	21.571000	13.913043	240.000000	320.000000
0	21.603000	13.913043	240.000000	320.000000
0	21.634000	13.913043	240.000000	320.000000
0	21.665000	13.913043	240.000000	320.000000
0	21.696000	13.913043	240.000000	320.000000
0	21.727000	13.913043	240.000000	320.000000
0	21.759000	13.913043	240.000000	320.000000
0	21.790000	13.913043	240.000000	320.000000
0	21.837000	13.913043	240.000000	320.000000
0	21.868000	13.913043	240.000000	320.000000
0	21.899000	13.913043	240.000000	320.000000
0	21.930000	13.913043	240.000000	320.000000
0	21.961000	13.913043	240.000000	320.000000
0	21.993000	13.913043	240.000000	320.000000
0	22.024000	13.913043	240.000000	320.000000
0	22.071000	13.913043	240.000000	320.000000
0	22.102000	13.913043	240.000000	320.000000
0	22.133000	13.913043	240.000000	320.000000
0	22.164000	13.913043	240.000000	320.000000
0	22.195000	13.913043	240.000000	320.000000
0	22.227000	13.913043	240.000000	320.000000
0	22.258000	13.913043	240.000000	320.000000
0	22.305000	13.913043	240.000000	320.000000
0	22.336000	13.913043	240.000000	320.000000
0	22.367000	13.913043	240.000000	320.000000
0	22.398000	13.913043	240.000000	320.000000
0	22.429000	13.913043	240.000000	320.000000
0	22.461000	13.913043	240.000000	320.000000
0	22.492000	13.913043	240.000000	320.000000
0	22.523000	13.913043	240.000000	320.000000
0	22.570000	13.913043	240.000000	320.000000
0	22.601000	13.913043	240.000000	320.000000
0	22.632000	13.913043	240.000000	320.000000
0	22.663000	13.913043	240.000000	320.000000
0	22.695000	13.913043	240.000000	320.000000
0	22.726000	13.913043	240.000000	320.000000
0	22.757000	13.913043	240.000000	320.000000
0	22.804000	13.913043	240.000000	320.000000
0	22.835000	13.913043	240.000000	320.000000
0	22.866000	13.913043	240.000000	320.000000
0	22.897000	13.913043	240.000000	320.000000
0	22.929000	13.913043	240.000000	320.000000
0	22.960000	13.913043	240.000000	320.000000
0	22.991000	13.913043	240.000000	320.000000
0	23.038000	13.913043	240.000000	320.000000
0	23.069000	13.913043	240.000000	320.000000
0	23.100000	13.913043	240.000000	320.000000
0	23.131000	13.913043	240.000000	320.000000
0	23.163000	13.913043	240.000000	320.000000
0	23.194000	13.913043	240.000000	320.000000
0	23.225000	13.913043	240.000000	320.000000
0	23.256000	13.913043	240.000000	320.000000
0	23.303000	13.913043	240.000000	320.000000
0	23.334000	13.913043	240.000000	320.000000
0	23.365000	13.913043	240.000000	320.000000
0	23.397000	13.913043	240.000000	320.000000
0	23.428000	13.913043	240.000000	320.000000
0	23.459000	13.913043	240.000000	320.000000
0	23.490000	13.913043	240.000000	320.000000
0	23.537000	13.913043	240.000000	320.000000
0	23.568000	13.913043	240.000000	320.000000
0	23.599000	13.913043	240.000000	320.000000
0	23.631000	13.913043	240.000000	320.000000
0	23.662000	13.913043	240.000000	320.000000
0	23.693000	13.913043	240.000000	320.000000
0	23.724000	13.913043	240.000000	320.000000
0	23.771000	13.913043	240.000000	320.000000
0	23.802000	13.913043	240.000000	320.000000
0	23.833000	13.913043	240.000000	320.000000
0	23.865000	13.913043	240.000000	320.000000
0	23.896000	13.913043	240.000000	320.000000
0	23.927000	13.913043	240.000000	320.000000
0	23.958000	13.913043	240.000000	320.000000
0	23.989000	13.913043	240.000000	320.000000
0	24.036000	13.913043	240.000000	320.000000
0	24.067000	13.913043	240.000000	320.000000
0	24.099000	13.913043	240.000000	320.000000
0	24.130000	13.913043	240.000000	320.000000
0	24.161000	13.913043	240.000000	320.000000
0	24.192000	13.913043	240.000000	320.000000
0	24.223000	13.913043	240.000000	320.000000
0	24.270000	13.913043	240.000000	320.000000
0	24.301000	13.913043	240.000000	320.000000
0	24.333000	13.913043	240.000000	320.000000
0	24.364000	13.913043	240.000000	320.000000
0	24.395000	13.913043	240.000000	320.000000
0	24.426000	13.913043	240.000000	320.000000
0	24.457000	13.913043	240.000000	320.000000
0	24.504000	13.913043	240.000000	320.000000
0	24.535000	13.913043	240.000000	320.000000
0	24.567000	13.913043	240.000000	320.000000
0	24.598000	13.913043	240.000000	320.000000
0	24.629000	13.913043	240.000000	320.000000
0	24.660000	13.913043	240.000000	320.000000
0	24.691000	13.913043	240.000000	320.000000
0	24.723000	13.913043	240.000000	320.000000
0	24.769000	13.913043	240.000000	320.000000
0	24.801000	13.913043	240.000000	320.000000
0	24.832000	13.913043	240.000000	320.000000
0	24.863000	13.913043	240.000000	320.000000
0	24.894000	13.913043	240.000000	320.000000
0	24.925000	13.913043	240.000000	320.000000
0	24.957000	13.913043	240.000000	320.000000
0	24.988000	13.913043	240.000000	320.000000
0	25.035000	13.913043	240.000000	320.000000
0	25.066000	13.913043	240.000000	320.000000
0	25.097000	13.913043	240.000000	320.000000
0	25.128000	13.913043	240.000000	320.000000
0	25.159000	13.913043	240.000000	320.000000
0	25.191000	13.913043	240.000000	320.000000
0	25.222000	13.913043	240.000000	320.000000
0	25.269000	13.913043	240.000000	320.000000
0	25.300000	13.913043	240.000000	320.000000
0	25.331000	13.913043	240.000000	320.000000
0	25.362000	13.913043	240.000000	320.000000
0	25.393000	13.913043	240.000000	320.000000
0	25.425000	13.913043	240.000000	320.000000
0	25.456000	13.913043	240.000000	320.000000
0	25.503000	13.913043	240.000000	320.000000
0	25.534000	13.913043	240.000000	320.000000
0	25.565000	13.913043	240.000000	320.000000
0	25.596000	13.913043	240.000000	320.000000
0	25.627000	13.913043	240.000000	320.000000
0	25.659000	13.913043	240.000000	320.000000
0	25.690000	13.913043	240.000000	320.000000
0	25.721000	13.913043	240.000000	320.000000
0	25.768000	13.913043	240.000000	320.000000
0	25.799000	13.913043	240.000000	320.000000
0	25.830000	13.913043	240.000000	320.000000
0	25.861000	13.913043	240.000000	320.000000
0	25.893000	13.913043	240.000000	320.000000
0	25.924000	13.913043	240.000000	320.000000
0	25.955000	13.913043	240.000000	320.000000
0	26.002000	13.913043	240.000000	320.000000
0	26.033000	13.913043	240.000000	320.000000
0	26.064000	13.913043	240.000000	320.000000
0	26.095000	13.913043	240.000000	320.000000
0	26.127000	13.913043	240.000000	320.000000
0	26.158000	13.913043	240.000000	320.000000
0	26.189000	13.913043	240.000000	320.000000
0	26.236000	13.913043	240.000000	320.000000
0	26.267000	13.913043	240.000000	320.000000
0	26.298000	13.913043	240.000000	320.000000
0	26.329000	13.913043	240.000000	320.000000
0	26.361000	13.913043	240.000000	320.000000
0	26.392000	13.913043	240.000000	320.000000
0	26.423000	13.913043	240.000000	320.000000
0	26.454000	13.913043	240.000000	320.000000
0	26.501000	13.913043	240.000000	320.000000
0	26.532000	13.913043	240.000000	320.000000
0	26.563000	13.913043	240.000000	320.000000
0	26.595000	13.913043	240.000000	320.000000
0	26.626000	13.913043	240.000000	320.000000
0	26.657000	13.913043	240.000000	320.000000
0	26.688000	13.913043	240.000000	320.000000
0	26.735000	13.913043	240.000000	320.000000
0	26.766000	13.913043	240.000000	320.000000
0	26.797000	13.913043	240.000000	320.000000
0	26.829000	13.913043	240.000000	320.000000
0	26.860000	13.913043	240.000000	320.000000
0	26.891000	13.913043	240.000000	320.000000
0	26.922000	13.913043	240.000000	320.000000
0	26.969000	13.913043	240.000000	320.000000
0	27.000000	13.913043	240.000000	320.000000
0	27.031000	13.913043	240.000000	320.000000
0	27.063000	13.913043	240.000000	320.000000
0	27.094000	13.913043	240.000000	320.000000
0	27.125000	13.913043	240.000000	320.000000
0	27.156000	13.913043	240.000000	320.000000
0	27.187000	13.913043	240.000000	320.000000
0	27.234000	13.913043	240.000000	320.000000
0	27.265000	13.913043	240.000000	320.000000
0	27.297000	13.913043	240.000000	320.000000
0	27.328000	13.913043	240.000000	320.000000
0	27.359000	13.913043	240.000000	320.000000
0	27.390000	13.913043	240.000000	320.000000
0	27.421000	13.913043	240.000000	320.000000
0	27.468000	13.913043	240.000000	320.000000
0	27.499000	13.913043	240.000000	320.000000
0	27.531000	13.913043	240.000000	320.000000
0	27.562000	13.913043	240.000000	320.000000
0	27.593000	13.913043	240.000000	320.000000
0	27.624000	13.913043	240.000000	320.000000
0	27.655000	13.913043	240.000000	320.000000
0	27.702000	13.913043	240.000000	320.000000
0	27.733000	13.913043	240.000000	320.000000
0	27.765000	13.913043	240.000000	320.000000
0	27.796000	13.913043	240.000000	320.000000
0	27.827000	13.913043	240.000000	320.000000
0	27.858000	13.913043	240.000000	320.000000
0	27.889000	13.913043	240.000000	320.000000
0	27.921000	13.913043	240.000000	320.000000
0	27.967000	13.913043	240.000000	320.000000
0	27.999000	13.913043	240.000000	320.000000
0	28.030000	13.913043	240.000000	320.000000
0	28.061000	13.913043	240.000000	320.000000
0	28.092000	13.913043	240.000000	320.000000
0	28.123000	13.913043	240.000000	320.000000
0	28.155000	13.913043	240.000000	320.000000
0	28.201000	13.913043	240.000000	320.000000
0	28.233000	13.913043	240.000000	320.000000
0	28.264000	13.913043	240.000000	320.000000
0	28.295000	13.913043	240.000000	320.000000
0	28.326000	13.913043	240.000000	320.000000
0	28.357000	13.913043	240.000000	320.000000
0	28.389000	13.913043	240.000000	320.000000
0	28.435000	13.913043	240.000000	320.000000
0	28.467000	13.913043	240.000000	320.000000
0	28.498000	13.913043	240.000000	320.000000
0	28.529000	13.913043	240.000000	320.000000
0	28.560000	13.913043	240.000000	320.000000
0	28.591000	13.913043	240.000000	320.000000
0	28.623000	13.913043	240.000000	320.000000
0	28.654000	13.913043	240.000000	320.000000
0	28.701000	13.913043	240.000000	320.000000
0	28.732000	13.913043	240.000000	320.000000
0	28.763000	13.913043	240.000000	320.000000
0	28.794000	13.913043	240.000000	320.000000
0	28.825000	13.913043	240.000000	320.000000
0	28.857000	13.913043	240.000000	320.000000
0	28.888000	13.913043	240.000000	320.000000
0	28.919000	13.913043	240.000000	320.000000
0	28.966000	13.913043	240.000000	320.000000
0	28.997000	13.913043	240.000000	320.000000
0	29.028000	13.913043	240.000000	320.000000
0	29.059000	13.913043	240.000000	320.000000
0	29.091000	13.913043	240.000000	320.000000
0	29.122000	13.913043	240.000000	320.000000
0	29.153000	13.913043	240.000000	320.000000
0	29.200000	13.913043	240.000000	320.000000
0	29.231000	13.913043	240.000000	320.000000
0	29.262000	13.913043	240.000000	320.000000
0	29.293000	13.913043	240.000000	320.000000
0	29.325000	13.913043	240.000000	320.000000
0	29.356000	13.913043	240.000000	320.000000
0	29.387000	13.913043	240.000000	320.000000
0	29.434000	13.913043	240.000000	320.000000
0	29.465000	13.913043	240.000000	320.000000
0	29.496000	13.913043	240.000000	320.000000
0	29.527000	13.913043	240.000000	320.000000
0	29.559000	13.913043	240.000000	320.000000
0	29.590000	13.913043	240.000000	320.000000
0	29.621000	13.913043	240.000000	320.000000
0	29.652000	13.913043	240.000000	320.000000
0	29.699000	13.913043	240.000000	320.000000
0	29.730000	13.913043	240.000000	320.000000
0	29.761000	13.913043	240.000000	320.000000
0	29.793000	13.913043	240.000000	320.000000
0	29.824000	13.913043	240.000000	320.000000
0	29.855000	13.913043	240.000000	320.000000
0	29.886000	13.913043	240.000000	320.000000
0	29.933000	13.913043	240.000000	320.000000
0	29.964000	13.913043	240.000000	320.000000
0	29.995000	13.913043	240.000000	320.000000
<\LEFT-PUPIL-DATA>
<RIGHT-PUPIL-ANALYSIS>
1
0	0	17	902	0	0	0.509000	29.518999	0.509000	4.006067	0.000000	0.000000	0.000000	0	3	3	3	3	0	0	0	0.000000	0.000000	0.000000	0.000000	0.000000	0.000000	0.000000	-1.000000	0.000000	0	0.934598	0.532894	0.686032	0.223040	0.298000	-0.055492	-0.069769	-1.000000	1.170161	1	0.934598	0.532894	0.686032	0.223040	0.298000	-0.055434	-0.061595	-1.000000	1.167236
<\RIGHT-PUPIL-ANALYSIS>
<LEFT-PUPIL-ANALYSIS>
1
0	0	17	902	0	0	0.509000	29.518999	0.509000	4.006067	0.000000	0.000000	0.000000	0	3	3	3	3	0	0	0	0.000000	0.000000	0.000000	0.000000	0.000000	0.000000	0.000000	-1.000000	0.000000	0	-0.034783	-0.034783	0.000950	0.000950	0.002000	0.000000	0.000000	-1.000000	0.000000	1	-0.034783	-0.034783	0.000950	0.000950	0.002000	-1000000.000000	-1000000.000000	-1.000000	0.000000
<\LEFT-PUPIL-ANALYSIS>
%%%%%%%%%
%%%%%%%%%
%%%%%%%%%
%%%	Measurement Tiime is: 2017-08-15 10:03:51
%%%	Subject ID is: c57-1mois-M2-0.6b
%%%	Note: 
%%%	RSS: Default Human Relative Spectral Sensitivity
%%%	Pupil Analysis:
%%%
%%%
%%%
%%%	Pulse Index:	0
%%%	Stimulus Session Index:	0
%%%	Right Pupil Stimulated
%%%	Light Metric is Photopic
%%%	Stimulus Start Time(sec):	0.51
%%%	Stimulus Duration(sec):	29.52
%%%	Stimulus Pulse Duration(sec):	0.51
%%%	Right Pulse:	4.01	(Blue )	-	0.00	(Blue )	[Lux ]
%%%	Left Pulse:	0.00	(Blue )	-	0.00	(Blue )	[Lux ]
%%%
%%%		RIGHT	LEFT	R.Pupil Mean	L.Pupil Mean	R.Stim Mean	R.Stim Mean
%%%	INPUT:	RAW DATA	RAW DATA
%%%	STATE:	ABNORMAL	ABNORMAL	ABNORMAL	ABNORMAL	ABNORMAL	ABNORMAL
%%%	MAX(mm):	0.00	0.00	0.00	0.00	0.00	0.00
%%%	MIN(mm):	0.00	0.00	0.00	0.00	0.00	0.00
%%%	DELTA(mm):						
%%%	CH(%):						
%%%	LAT(sec):	0.00	0.00	0.00	0.00	0.00	0.00
%%%	CV(mm/s):	0.00	0.00	0.00	0.00	0.00	0.00
%%%	MCV(mm/s):	0.00	0.00	0.00	0.00	0.00	0.00
%%%	DV(mm/s):	0.00	0.00	0.00	0.00	0.00	0.00
%%%%%%%%%
%%%%%%%%%
%%%%%%%%%
%%%	Right Pupil Profile (1st row -> 1 == valid tracking, 0 == invalid tracking; 2nd row -> time; 3rd row -> diameter (mm))
%%%	0	1	1	0	1	1	1	0	1	0	1	1	0	1	1	1	0	1	1	1	1	1	1	1	1	1	0	1	0	0	1	1	0	0	1	0	0	1	0	0	0	0	0	0	0	0	0	0	0	0	0	0	0	0	0	0	0	1	0	0	0	0	1	0	0	0	0	0	1	0	0	0	0	0	0	0	0	1	0	1	1	0	0	1	0	0	0	0	0	1	1	0	0	1	0	0	1	0	0	1	0	0	0	0	0	0	0	0	0	0	1	0	0	0	0	0	1	0	0	0	0	1	0	0	1	0	0	0	0	1	0	0	0	0	0	0	0	0	0	0	0	0	0	0	1	1	0	0	0	0	1	0	0	0	1	0	0	0	0	1	1	0	1	1	0	1	0	0	0	1	0	0	0	0	1	0	1	1	0	0	0	0	1	0	1	0	0	0	0	0	0	0	0	0	0	0	0	1	0	0	0	0	0	0	0	1	0	1	0	1	0	0	1	0	1	0	1	0	0	0	1	0	0	0	0	1	0	0	1	0	0	1	1	0	0	0	0	0	0	1	0	0	0	1	1	1	1	0	1	0	0	0	0	1	1	1	1	0	1	0	0	0	0	1	0	0	0	1	0	0	0	0	0	1	1	0	0	1	0	0	0	0	0	0	0	0	1	0	1	0	1	0	0	0	1	0	0	0	0	1	0	1	0	0	1	0	0	1	0	0	0	1	0	0	0	0	0	0	0	1	0	0	0	0	1	0	0	1	1	0	0	0	0	0	1	0	1	0	1	0	0	0	1	0	0	1	0	1	0	0	0	1	0	1	1	1	0	0	0	0	1	1	0	1	0	1	0	0	0	0	0	0	0	0	1	1	0	0	1	0	1	0	1	0	1	0	0	1	0	0	0	0	0	0	0	0	0	1	0	0	1	0	0	0	0	0	0	0	0	0	0	0	1	0	1	0	0	0	0	0	0	0	0	0	0	0	0	0	0	0	0	1	0	0	1	0	0	0	0	0	0	0	1	1	0	0	0	0	0	0	0	0	1	0	0	1	1	0	1	1	0	0	0	0	0	0	0	0	0	0	0	0	0	0	0	1	0	1	0	1	0	0	0	0	1	0	1	0	0	0	1	0	1	0	0	1	0	1	0	1	0	1	1	1	0	0	0	1	0	0	1	0	0	0	0	0	1	0	0	0	0	0	1	0	0	1	0	0	0	0	1	1	0	1	0	1	0	1	0	0	1	0	0	0	1	1	1	0	0	0	0	0	1	0	0	1	0	0	0	0	1	1	0	1	0	1	0	1	0	0	0	0	0	1	0	0	1	0	1	0	1	0	0	0	0	0	0	0	0	0	1	0	0	1	0	0	1	1	1	0	1	0	1	1	0	0	0	0	1	0	0	1	1	0	1	0	0	1	1	0	1	1	0	1	0	0	0	0	1	0	0	0	1	0	0	0	0	1	0	0	1	0	1	0	1	0	1	0	0	0	1	0	0	0	1	0	0	1	0	1	1	0	0	0	1	0	0	0	1	0	0	0	0	0	0	0	0	0	1	0	0	0	0	1	0	1	1	1	1	0	0	1	1	1	0	0	0	0	0	0	0	0	0	1	0	0	1	1	0	0	0	1	0	1	0	0	0	0	1	0	0	1	0	0	0	1	0	0	1	0	1	0	1	1	0	1	0	0	0	0	1	0	0	0	0	1	0	0	0	0	0	1	0	1	0	0	0	0	0	1	0	0	1	0	0	0	0	0	0	1	0	0	0	0	0	0	0	0	0	0	0	0	0	0	1	1	0	0	0	1	0	0	0	0	0	0	0	0	0	0	0	0	0	1	0	0	0	0	0	0	0	1	0	1	0	0	0	0	0	0	0	0	0	0	0	0	0	0	1	0	0	0	0	0	0	0	1	0	0	0	1	0	0	1	0	0	0	0	0	0	0	1	1	0	0	0	0	0	0	0	0	0	0	0	0	0	0	1	0	0	0	0	0	0	0	0	0	0	0	0	0	0	0	0	0	0	0	0	0	0	1	1	0	0	0	0	0	0	0	0	0	0	0
%%%	-0.051000	-0.019000	0.012000	0.043000	0.074000	0.121000	0.152000	0.183000	0.215000	0.246000	0.277000	0.308000	0.355000	0.386000	0.417000	0.449000	0.480000	0.511000	0.542000	0.573000	0.620000	0.651000	0.683000	0.714000	0.745000	0.776000	0.807000	0.854000	0.885000	0.917000	0.948000	0.979000	1.010000	1.041000	1.088000	1.119000	1.151000	1.182000	1.213000	1.244000	1.275000	1.307000	1.353000	1.385000	1.416000	1.447000	1.478000	1.509000	1.541000	1.587000	1.619000	1.650000	1.681000	1.712000	1.743000	1.775000	1.821000	1.853000	1.884000	1.915000	1.946000	1.977000	2.009000	2.040000	2.087000	2.118000	2.149000	2.180000	2.211000	2.243000	2.274000	2.321000	2.352000	2.383000	2.414000	2.445000	2.477000	2.508000	2.555000	2.586000	2.617000	2.648000	2.680000	2.711000	2.742000	2.773000	2.820000	2.851000	2.882000	2.914000	2.945000	2.976000	3.007000	3.054000	3.085000	3.116000	3.148000	3.179000	3.210000	3.241000	3.288000	3.319000	3.350000	3.382000	3.413000	3.444000	3.475000	3.506000	3.553000	3.584000	3.616000	3.647000	3.678000	3.709000	3.740000	3.772000	3.818000	3.850000	3.881000	3.912000	3.943000	3.974000	4.006000	4.052000	4.084000	4.115000	4.146000	4.177000	4.208000	4.240000	4.286000	4.318000	4.349000	4.380000	4.411000	4.442000	4.474000	4.505000	4.552000	4.583000	4.614000	4.645000	4.676000	4.708000	4.739000	4.786000	4.817000	4.848000	4.879000	4.910000	4.942000	4.973000	5.020000	5.051000	5.082000	5.113000	5.144000	5.176000	5.207000	5.238000	5.285000	5.316000	5.347000	5.378000	5.410000	5.441000	5.472000	5.519000	5.550000	5.581000	5.612000	5.644000	5.675000	5.706000	5.753000	5.784000	5.815000	5.846000	5.878000	5.909000	5.940000	5.971000	6.018000	6.049000	6.080000	6.112000	6.143000	6.174000	6.205000	6.252000	6.283000	6.314000	6.346000	6.377000	6.408000	6.439000	6.486000	6.517000	6.548000	6.580000	6.611000	6.642000	6.673000	6.704000	6.751000	6.782000	6.814000	6.845000	6.876000	6.907000	6.938000	6.985000	7.016000	7.048000	7.079000	7.110000	7.141000	7.172000	7.219000	7.250000	7.282000	7.313000	7.344000	7.375000	7.406000	7.438000	7.484000	7.516000	7.547000	7.578000	7.609000	7.640000	7.672000	7.718000	7.750000	7.781000	7.812000	7.843000	7.874000	7.906000	7.937000	7.984000	8.015000	8.046000	8.077000	8.108000	8.140000	8.171000	8.218000	8.249000	8.280000	8.311000	8.342000	8.374000	8.405000	8.452000	8.483000	8.514000	8.545000	8.576000	8.608000	8.639000	8.670000	8.717000	8.748000	8.779000	8.810000	8.842000	8.873000	8.904000	8.951000	8.982000	9.013000	9.044000	9.076000	9.107000	9.138000	9.169000	9.216000	9.247000	9.278000	9.310000	9.341000	9.372000	9.403000	9.450000	9.481000	9.512000	9.544000	9.575000	9.606000	9.637000	9.684000	9.715000	9.746000	9.778000	9.809000	9.840000	9.871000	9.902000	9.949000	9.980000	10.012000	10.043000	10.074000	10.105000	10.136000	10.183000	10.214000	10.246000	10.277000	10.308000	10.339000	10.370000	10.417000	10.448000	10.480000	10.511000	10.542000	10.573000	10.604000	10.636000	10.682000	10.714000	10.745000	10.776000	10.807000	10.838000	10.870000	10.916000	10.948000	10.979000	11.010000	11.041000	11.072000	11.104000	11.150000	11.182000	11.213000	11.244000	11.275000	11.306000	11.338000	11.369000	11.416000	11.447000	11.478000	11.509000	11.540000	11.572000	11.603000	11.650000	11.681000	11.712000	11.743000	11.774000	11.806000	11.837000	11.868000	11.915000	11.946000	11.977000	12.008000	12.040000	12.071000	12.102000	12.149000	12.180000	12.211000	12.242000	12.274000	12.305000	12.336000	12.383000	12.414000	12.445000	12.476000	12.508000	12.539000	12.570000	12.601000	12.648000	12.679000	12.710000	12.742000	12.773000	12.804000	12.835000	12.882000	12.913000	12.944000	12.976000	13.007000	13.038000	13.069000	13.116000	13.147000	13.178000	13.210000	13.241000	13.272000	13.303000	13.334000	13.381000	13.412000	13.444000	13.475000	13.506000	13.537000	13.568000	13.615000	13.646000	13.678000	13.709000	13.740000	13.771000	13.802000	13.849000	13.880000	13.912000	13.943000	13.974000	14.005000	14.036000	14.068000	14.114000	14.146000	14.177000	14.208000	14.239000	14.270000	14.302000	14.348000	14.380000	14.411000	14.442000	14.473000	14.504000	14.536000	14.567000	14.614000	14.645000	14.676000	14.707000	14.738000	14.770000	14.801000	14.848000	14.879000	14.910000	14.941000	14.972000	15.004000	15.035000	15.082000	15.113000	15.144000	15.175000	15.206000	15.238000	15.269000	15.300000	15.347000	15.378000	15.409000	15.440000	15.472000	15.503000	15.534000	15.581000	15.612000	15.643000	15.674000	15.706000	15.737000	15.768000	15.799000	15.846000	15.877000	15.908000	15.940000	15.971000	16.002000	16.033000	16.080000	16.111000	16.142000	16.174000	16.205000	16.236000	16.267000	16.314000	16.345000	16.376000	16.408000	16.439000	16.470000	16.501000	16.532000	16.579000	16.610000	16.642000	16.673000	16.704000	16.735000	16.766000	16.813000	16.844000	16.876000	16.907000	16.938000	16.969000	17.000000	17.047000	17.078000	17.110000	17.141000	17.172000	17.203000	17.234000	17.266000	17.312000	17.344000	17.375000	17.406000	17.437000	17.468000	17.500000	17.546000	17.578000	17.609000	17.640000	17.671000	17.702000	17.734000	17.780000	17.812000	17.843000	17.874000	17.905000	17.936000	17.968000	17.999000	18.046000	18.077000	18.108000	18.139000	18.170000	18.202000	18.233000	18.280000	18.311000	18.342000	18.373000	18.404000	18.436000	18.467000	18.514000	18.545000	18.576000	18.607000	18.638000	18.670000	18.701000	18.732000	18.779000	18.810000	18.841000	18.872000	18.904000	18.935000	18.966000	19.013000	19.044000	19.075000	19.106000	19.138000	19.169000	19.200000	19.231000	19.278000	19.309000	19.340000	19.372000	19.403000	19.434000	19.465000	19.512000	19.543000	19.574000	19.606000	19.637000	19.668000	19.699000	19.730000	19.777000	19.808000	19.840000	19.871000	19.902000	19.933000	19.964000	20.011000	20.042000	20.074000	20.105000	20.136000	20.167000	20.198000	20.245000	20.276000	20.308000	20.339000	20.370000	20.401000	20.432000	20.464000	20.510000	20.542000	20.573000	20.604000	20.635000	20.666000	20.698000	20.744000	20.776000	20.807000	20.838000	20.869000	20.900000	20.932000	20.978000	21.010000	21.041000	21.072000	21.103000	21.134000	21.166000	21.197000	21.244000	21.275000	21.306000	21.337000	21.368000	21.400000	21.431000	21.478000	21.509000	21.540000	21.571000	21.602000	21.634000	21.665000	21.712000	21.743000	21.774000	21.805000	21.836000	21.868000	21.899000	21.930000	21.977000	22.008000	22.039000	22.070000	22.102000	22.133000	22.164000	22.211000	22.242000	22.273000	22.304000	22.336000	22.367000	22.398000	22.445000	22.476000	22.507000	22.538000	22.570000	22.601000	22.632000	22.663000	22.710000	22.741000	22.772000	22.804000	22.835000	22.866000	22.897000	22.944000	22.975000	23.006000	23.038000	23.069000	23.100000	23.131000	23.178000	23.209000	23.240000	23.272000	23.303000	23.334000	23.365000	23.396000	23.443000	23.474000	23.506000	23.537000	23.568000	23.599000	23.630000	23.662000	23.708000	23.740000	23.771000	23.802000	23.833000	23.864000	23.911000	23.942000	23.974000	24.005000	24.036000	24.067000	24.098000	24.130000	24.176000	24.208000	24.239000	24.270000	24.301000	24.332000	24.364000	24.395000	24.442000	24.473000	24.504000	24.535000	24.566000	24.598000	24.629000	24.676000	24.707000	24.738000	24.769000	24.800000	24.832000	24.863000	24.910000	24.941000	24.972000	25.003000	25.034000	25.066000	25.097000	25.128000	25.175000	25.206000	25.237000	25.268000	25.300000	25.331000	25.362000	25.409000	25.440000	25.471000	25.502000	25.534000	25.565000	25.596000	25.643000	25.674000	25.705000	25.736000	25.768000	25.799000	25.830000	25.861000	25.908000	25.939000	25.970000	26.002000	26.033000	26.064000	26.095000	26.142000	26.173000	26.204000	26.236000	26.267000	26.298000	26.329000	26.376000	26.407000	26.438000	26.470000	26.501000	26.532000	26.563000	26.594000	26.641000	26.672000	26.704000	26.735000	26.766000	26.797000	26.828000	26.875000	26.906000	26.938000	26.969000	27.000000	27.031000	27.062000	27.109000	27.140000	27.172000	27.203000	27.234000	27.265000	27.296000	27.328000	27.374000	27.406000	27.437000	27.468000	27.499000	27.530000	27.562000	27.608000	27.640000	27.671000	27.702000	27.733000	27.764000	27.796000	27.842000	27.874000	27.905000	27.936000	27.967000	27.998000	28.030000	28.061000	28.108000	28.139000	28.170000	28.201000	28.232000	28.264000	28.295000	28.326000	28.373000	28.404000	28.435000	28.466000	28.498000	28.529000	28.560000	28.607000	28.638000	28.669000	28.700000	28.732000	28.763000	28.794000	28.841000	28.872000	28.903000	28.934000	28.966000	28.997000	29.028000	29.075000	29.106000	29.137000	29.168000	29.200000	29.231000	29.262000	29.293000	29.340000	29.371000	29.402000	29.434000	29.465000	29.496000	29.527000	29.574000	29.605000	29.636000	29.668000	29.699000	29.730000	29.761000	29.792000	29.839000	29.870000	29.902000	29.933000	29.964000	29.995000
%%%	0.585942	0.919855	0.892754	0.540725	0.920725	0.885942	0.930435	0.484058	0.947246	1.176667	0.956522	0.935362	1.442899	0.931594	0.914493	0.938551	0.838551	0.921159	0.927246	0.926667	0.939855	0.902029	0.925507	0.939275	0.936232	0.904348	0.695797	0.869565	0.800000	0.347826	0.818551	0.746667	0.347826	0.467971	0.672899	0.353768	0.627246	0.406377	0.440145	0.417971	0.365072	0.397246	0.435507	0.347826	0.366232	0.348406	0.406377	0.368116	0.459855	0.351015	0.347826	0.394493	0.351594	0.347826	0.370580	0.348406	0.359855	0.557246	0.353768	0.370725	0.591304	0.347826	0.371884	0.417246	0.540290	0.347826	0.347826	0.574493	0.364058	0.348841	0.347826	0.428841	0.347826	0.347826	0.488116	0.374928	0.523333	0.601594	0.540290	0.488116	0.388406	0.463768	0.364203	0.347826	0.511884	0.591304	0.370580	0.466232	0.428406	0.625072	0.643478	0.504348	0.347826	0.407536	0.375507	0.397246	0.370580	0.375507	0.431014	0.663623	0.620290	0.440580	0.347826	0.384058	0.405797	0.353188	0.381449	0.591304	0.347826	0.540290	0.672464	0.348985	0.399855	0.620290	0.539130	0.427536	0.366232	0.463623	0.348406	0.411594	0.522319	0.475362	0.428841	0.498985	0.692754	0.417391	0.347826	0.399855	0.503188	0.705362	0.363188	0.359275	0.411449	0.348841	0.417391	0.421159	0.474928	0.660870	0.417246	0.417391	0.348985	0.475362	0.370580	0.362319	0.416667	0.372464	0.389275	0.390580	0.347826	0.399275	0.690145	0.521739	0.456667	0.347826	0.423333	0.591304	0.434783	0.370580	0.352319	0.540290	0.707101	0.347826	0.706377	0.676667	0.347826	0.684203	0.378841	0.416667	0.431594	0.707536	0.399275	0.347826	0.378841	0.347826	0.690725	0.490580	0.701594	0.707536	0.353333	0.442899	0.556522	0.529275	0.705942	0.587536	0.694058	0.570725	0.347826	0.565797	0.355072	0.362464	0.404203	0.428985	0.390290	1.240580	0.457101	0.459855	0.396377	0.718841	0.502754	0.388406	0.415797	0.648985	0.382029	0.530145	0.431884	0.409855	0.442319	0.718841	0.615362	0.698406	0.418406	0.583333	0.405507	0.596812	0.347826	0.388406	0.720725	0.631014	0.371015	0.387536	0.730435	0.428985	0.394203	0.388986	0.463768	0.348406	0.602899	0.579275	0.692899	0.521739	0.535942	0.720145	0.742898	0.579710	0.637681	0.374928	0.407536	0.423188	0.446232	0.382609	0.437971	0.353768	1.133188	0.711884	0.529275	0.720145	0.478261	0.347826	0.465797	0.371159	0.609855	0.388116	0.435942	0.695072	0.702319	0.530290	0.425072	0.377536	0.716812	0.496667	0.359855	0.387101	0.429420	0.457681	0.394203	0.442899	0.568551	0.739710	0.568551	0.451594	0.347826	0.417391	0.637681	0.751015	0.718551	0.442029	0.405797	0.746667	0.347826	0.347826	0.347826	0.365217	0.713623	0.627681	0.648985	0.692754	0.733623	0.614493	0.730435	0.389710	0.747971	0.364203	0.353768	0.672464	0.742029	0.372464	0.615797	1.086957	0.569131	0.700580	0.398841	0.752899	0.438406	0.402754	0.463768	0.624203	0.347826	0.739130	0.557246	0.348406	0.510145	0.748841	0.478261	0.347826	0.637681	0.522319	0.471304	0.451594	0.406377	0.745072	0.452174	0.353768	0.602754	0.347826	0.713623	0.359275	0.705072	0.446667	0.734203	0.365942	0.521739	0.358841	0.410290	0.653623	0.730435	0.451015	0.714058	0.627101	0.722899	0.485797	0.466232	0.591304	0.721015	0.486957	0.353188	0.751015	0.347826	0.742319	0.418551	0.406377	0.492754	0.745362	0.407101	0.722899	0.736377	0.739130	1.602754	0.407971	0.802610	0.347826	0.718841	0.610145	0.392754	0.742754	0.486957	0.760290	0.583623	0.450580	0.417101	0.370580	0.689710	1.281014	0.534203	0.432029	0.742898	0.751738	0.521739	0.534203	0.758116	0.509855	0.744493	0.347826	0.764638	0.402754	0.347826	0.479420	1.185942	0.750290	0.347826	0.453623	0.579710	0.556522	0.452174	0.440580	0.363623	0.440580	0.485507	0.644348	0.591304	0.468986	0.755942	0.390145	0.475362	0.429420	0.540725	0.447101	0.684058	0.347826	0.459855	0.494058	0.684058	0.451449	0.753623	0.560290	0.781884	0.371159	0.463623	0.532029	0.503188	0.451594	1.527246	0.361594	0.591449	0.463623	0.359420	0.559275	0.391159	0.585507	0.520580	0.591304	0.518841	0.740290	0.401159	0.347826	0.713768	0.418406	0.348841	0.477681	0.732029	0.359855	0.350145	0.360870	0.743623	0.760290	0.364493	0.418551	0.496812	0.347826	0.641303	0.678406	0.370580	0.417971	0.753767	0.531884	0.353188	0.522899	0.484928	0.347826	0.770145	0.792464	0.638551	1.344493	0.347826	1.587971	0.797826	0.371159	1.724638	0.684203	0.424928	0.371159	0.425507	0.366377	0.429420	0.417391	0.379855	0.759855	0.394203	0.781594	0.495797	0.800000	1.705797	0.440290	0.429855	0.429855	0.800000	0.428406	0.814058	0.372899	0.724493	0.440580	0.505072	1.125073	0.840145	0.487681	0.429855	0.835362	0.640725	0.511159	1.150145	0.800290	1.222899	0.800580	0.812464	0.840725	0.478261	1.356522	0.451015	0.848406	0.703188	0.689710	0.831015	1.518841	0.457246	0.347826	0.392319	0.414928	0.835797	0.577826	0.417391	0.614493	0.429855	1.031884	0.835362	0.405942	0.401015	0.835362	0.425072	0.348406	0.450580	0.522899	0.846377	0.869565	0.428985	0.869565	0.455797	0.886377	0.481159	0.887101	0.563188	1.182029	0.891884	0.354493	1.889855	0.452174	0.884058	0.883768	0.877536	0.446377	1.337392	0.438551	0.525507	0.672899	0.809419	1.147826	0.605362	0.878406	0.466377	0.680145	0.752899	0.522319	0.847101	0.863768	0.460725	0.831594	0.648406	0.870290	0.558116	0.840290	0.425942	0.635797	1.685362	1.277826	1.356522	0.857681	0.442899	1.135797	0.857102	0.459855	0.842898	1.154928	0.839710	0.501015	0.530290	0.672899	0.457536	0.440580	0.477681	0.486957	0.468406	0.468841	0.863623	0.378841	1.008696	0.876667	0.387826	0.494638	0.911449	0.904928	0.881159	0.588551	0.912319	0.742898	0.899710	0.904493	0.464638	0.490725	1.238406	0.557681	0.883623	0.446667	0.474638	0.898985	0.903188	0.543623	0.858116	0.972174	0.492754	0.903188	0.885362	0.450580	0.901015	0.920725	1.234783	0.913623	0.490580	1.704348	1.313623	1.008696	0.915652	0.521739	0.530435	0.591304	0.920580	0.690725	1.160290	0.509420	0.670580	0.923333	0.539710	0.695652	0.938551	1.205797	0.896232	1.195072	1.286957	1.797101	0.920145	1.710145	1.766377	0.572754	0.927536	0.504493	1.794638	1.704348	0.901449	0.531014	1.846377	0.886957	0.914493	0.869565	0.887536	0.427681	0.433623	0.521015	0.875362	0.458985	1.731449	1.426087	0.872319	1.416232	0.451594	0.347826	1.382029	1.583623	0.611594	1.308696	1.827246	1.339130	0.884203	1.081594	1.797101	0.707101	0.660870	0.883768	1.176667	0.881159	0.878406	0.874638	0.891159	0.457101	0.455797	0.886812	0.913623	0.857971	0.509275	0.539710	0.661449	0.435362	0.504493	0.551594	0.483623	0.521739	0.591304	0.883623	0.666667	1.037681	0.885942	0.881015	0.444928	0.620290	1.375507	0.899275	1.674927	0.872464	1.147826	0.451594	0.459855	0.591304	0.861014	0.614058	0.583188	0.857971	1.588406	0.469565	0.670580	0.865797	1.409855	1.192319	0.848985	0.591304	0.821594	0.572754	0.848116	0.892754	0.434203	0.876812	0.347826	0.613188	0.463768	0.792319	0.875362	0.452174	0.466232	0.561449	0.347826	0.857102	1.771739	0.962319	0.592464	0.477681	0.584203	0.829275	0.440290	0.869565	0.560290	0.614493	1.026812	0.420580	0.347826	1.859855	0.618986	0.452174	0.835797	0.485942	0.347826	0.492029	0.626087	1.216812	0.397246	0.833768	0.696812	0.539710	1.351594	1.396232	0.544928	1.800580	1.704348	0.396667	1.443478	0.417391	0.428985	1.529275	0.696812	0.566232	0.848985	0.848841	1.344058	0.591304	0.590145	0.857681	0.607536	0.567971	1.359420	0.386957	0.628696	0.579855	0.733333	1.356522	0.541884	0.529710	1.268406	0.424928	1.268406	0.482754	0.468986	0.841884	1.244203	1.174784	0.591449	1.211449	0.521739	0.869565	0.497536	0.826087	0.765942	0.677101	1.704348	0.424928	1.171015	0.684638	1.763768	0.633623	0.587246	0.459710	0.527681	0.638406	0.486957	0.486957	0.869565	0.459710	1.147826	0.361449	0.468551	1.748986	0.609275	0.672319	0.866667	0.484493	1.286377	0.592319	0.892898	0.494058	1.782898	0.874928	0.432029	0.542319	0.570290	1.309421	1.742464	0.707681	1.176812	0.866812	0.868406	1.277827	0.560290	1.332464	0.690145	1.322319	0.590290	1.165362	0.459275	1.712899	0.446377	1.866667	1.426087	1.310145	0.531014	0.878116	0.505072	0.448985	0.450725	0.533333	0.477246	1.631594	1.286957	1.253333	0.433623	0.672464	1.558841	0.730435	0.624928	1.670580	0.503188	0.521739	1.290580	1.229275	1.324927	0.591304	0.426087	0.626087	0.866377	0.874058	0.660870	0.416667	1.191304	0.401594	1.805942	1.231884	1.712029	0.670145	0.573333	1.136232	1.398551
%%%	Left Pupil Profile (1st row -> 1 == valid tracking, 0 == invalid tracking; 2nd row -> time; 3rd row -> diameter (mm))
%%%	0	0	0	0	0	0	0	0	0	0	0	0	0	0	0	0	0	0	0	0	0	0	0	0	0	0	0	0	0	0	0	0	0	0	0	0	0	0	0	0	0	0	0	0	0	0	0	0	0	0	0	0	0	0	0	0	0	0	0	0	0	0	0	0	0	0	0	0	0	0	0	0	0	0	0	0	0	0	0	0	0	0	0	0	0	0	0	0	0	0	0	0	0	0	0	0	0	0	0	0	0	0	0	0	0	0	0	0	0	0	0	0	0	0	0	0	0	0	0	0	0	0	0	0	0	0	0	0	0	0	0	0	0	0	0	0	0	0	0	0	0	0	0	0	0	0	0	0	0	0	0	0	0	0	0	0	0	0	0	0	0	0	0	0	0	0	0	0	0	0	0	0	0	0	0	0	0	0	0	0	0	0	0	0	0	0	0	0	0	0	0	0	0	0	0	0	0	0	0	0	0	0	0	0	0	0	0	0	0	0	0	0	0	0	0	0	0	0	0	0	0	0	0	0	0	0	0	0	0	0	0	0	0	0	0	0	0	0	0	0	0	0	0	0	0	0	0	0	0	0	0	0	0	0	0	0	0	0	0	0	0	0	0	0	0	0	0	0	0	0	0	0	0	0	0	0	0	0	0	0	0	0	0	0	0	0	0	0	0	0	0	0	0	0	0	0	0	0	0	0	0	0	0	0	0	0	0	0	0	0	0	0	0	0	0	0	0	0	0	0	0	0	0	0	0	0	0	0	0	0	0	0	0	0	0	0	0	0	0	0	0	0	0	0	0	0	0	0	0	0	0	0	0	0	0	0	0	0	0	0	0	0	0	0	0	0	0	0	0	0	0	0	0	0	0	0	0	0	0	0	0	0	0	0	0	0	0	0	0	0	0	0	0	0	0	0	0	0	0	0	0	0	0	0	0	0	0	0	0	0	0	0	0	0	0	0	0	0	0	0	0	0	0	0	0	0	0	0	0	0	0	0	0	0	0	0	0	0	0	0	0	0	0	0	0	0	0	0	0	0	0	0	0	0	0	0	0	0	0	0	0	0	0	0	0	0	0	0	0	0	0	0	0	0	0	0	0	0	0	0	0	0	0	0	0	0	0	0	0	0	0	0	0	0	0	0	0	0	0	0	0	0	0	0	0	0	0	0	0	0	0	0	0	0	0	0	0	0	0	0	0	0	0	0	0	0	0	0	0	0	0	0	0	0	0	0	0	0	0	0	0	0	0	0	0	0	0	0	0	0	0	0	0	0	0	0	0	0	0	0	0	0	0	0	0	0	0	0	0	0	0	0	0	0	0	0	0	0	0	0	0	0	0	0	0	0	0	0	0	0	0	0	0	0	0	0	0	0	0	0	0	0	0	0	0	0	0	0	0	0	0	0	0	0	0	0	0	0	0	0	0	0	0	0	0	0	0	0	0	0	0	0	0	0	0	0	0	0	0	0	0	0	0	0	0	0	0	0	0	0	0	0	0	0	0	0	0	0	0	0	0	0	0	0	0	0	0	0	0	0	0	0	0	0	0	0	0	0	0	0	0	0	0	0	0	0	0	0	0	0	0	0	0	0	0	0	0	0	0	0	0	0	0	0	0	0	0	0	0	0	0	0	0	0	0	0	0	0	0	0	0	0	0	0	0	0	0	0	0	0	0	0	0	0	0	0	0	0	0	0	0	0	0	0	0	0	0	0	0	0	0	0	0	0	0	0	0	0	0	0	0	0	0	0	0	0	0	0	0	0	0	0	0	0	0	0	0	0	0	0	0	0	0	0	0	0	0	0	0	0	0	0	0	0	0	0	0	0	0	0	0	0	0	0	0	0	0	0	0	0	0	0	0	0	0	0	0	0	0	0	0	0	0	0	0	0	0	0	0	0	0	0	0	0	0	0	0	0	0	0	0	0	0	0	0	0	0	0	0	0	0	0	0	0	0	0	0	0	0	0	0	0	0	0	0	0	0	0	0	0	0	0	0	0	0	0	0	0	0	0	0	0	0	0	0	0	0	0	0	0	0	0	0	0	0	0	0	0	0	0	0	0	0
%%%	-0.050000	-0.019000	0.012000	0.043000	0.074000	0.106000	0.137000	0.168000	0.215000	0.246000	0.277000	0.308000	0.340000	0.371000	0.402000	0.449000	0.480000	0.511000	0.542000	0.574000	0.605000	0.636000	0.683000	0.714000	0.745000	0.776000	0.808000	0.839000	0.870000	0.901000	0.948000	0.979000	1.010000	1.042000	1.073000	1.104000	1.135000	1.166000	1.213000	1.244000	1.276000	1.307000	1.338000	1.369000	1.400000	1.447000	1.478000	1.510000	1.541000	1.572000	1.603000	1.634000	1.681000	1.712000	1.744000	1.775000	1.806000	1.837000	1.868000	1.900000	1.946000	1.978000	2.009000	2.040000	2.071000	2.102000	2.134000	2.180000	2.212000	2.243000	2.274000	2.305000	2.336000	2.368000	2.414000	2.446000	2.477000	2.508000	2.539000	2.570000	2.602000	2.633000	2.680000	2.711000	2.742000	2.773000	2.805000	2.836000	2.867000	2.914000	2.945000	2.976000	3.007000	3.039000	3.070000	3.101000	3.148000	3.179000	3.210000	3.241000	3.273000	3.304000	3.335000	3.366000	3.413000	3.444000	3.475000	3.507000	3.538000	3.569000	3.600000	3.647000	3.678000	3.709000	3.741000	3.772000	3.803000	3.834000	3.881000	3.912000	3.943000	3.975000	4.006000	4.037000	4.068000	4.099000	4.146000	4.177000	4.209000	4.240000	4.271000	4.302000	4.333000	4.380000	4.411000	4.443000	4.474000	4.505000	4.536000	4.567000	4.614000	4.645000	4.677000	4.708000	4.739000	4.770000	4.801000	4.833000	4.879000	4.911000	4.942000	4.973000	5.004000	5.035000	5.067000	5.098000	5.145000	5.176000	5.207000	5.238000	5.269000	5.301000	5.332000	5.379000	5.410000	5.441000	5.472000	5.503000	5.535000	5.566000	5.613000	5.644000	5.675000	5.706000	5.737000	5.769000	5.800000	5.831000	5.878000	5.909000	5.940000	5.971000	6.003000	6.034000	6.065000	6.112000	6.143000	6.174000	6.205000	6.237000	6.268000	6.299000	6.346000	6.377000	6.408000	6.439000	6.471000	6.502000	6.533000	6.564000	6.611000	6.642000	6.673000	6.705000	6.736000	6.767000	6.798000	6.845000	6.876000	6.907000	6.939000	6.970000	7.001000	7.032000	7.079000	7.110000	7.141000	7.173000	7.204000	7.235000	7.266000	7.297000	7.344000	7.375000	7.407000	7.438000	7.469000	7.500000	7.531000	7.578000	7.609000	7.641000	7.672000	7.703000	7.734000	7.765000	7.812000	7.843000	7.875000	7.906000	7.937000	7.968000	7.999000	8.031000	8.077000	8.109000	8.140000	8.171000	8.202000	8.233000	8.265000	8.311000	8.343000	8.374000	8.405000	8.436000	8.467000	8.499000	8.545000	8.577000	8.608000	8.639000	8.670000	8.701000	8.733000	8.764000	8.811000	8.842000	8.873000	8.904000	8.935000	8.967000	8.998000	9.045000	9.076000	9.107000	9.138000	9.169000	9.201000	9.232000	9.263000	9.310000	9.341000	9.372000	9.403000	9.435000	9.466000	9.497000	9.544000	9.575000	9.606000	9.637000	9.669000	9.700000	9.731000	9.778000	9.809000	9.840000	9.871000	9.903000	9.934000	9.965000	9.996000	10.043000	10.074000	10.105000	10.137000	10.168000	10.199000	10.230000	10.277000	10.308000	10.339000	10.371000	10.402000	10.433000	10.464000	10.511000	10.542000	10.573000	10.605000	10.636000	10.667000	10.698000	10.729000	10.776000	10.807000	10.839000	10.870000	10.901000	10.932000	10.963000	11.010000	11.041000	11.073000	11.104000	11.135000	11.166000	11.197000	11.229000	11.275000	11.307000	11.338000	11.369000	11.400000	11.431000	11.463000	11.509000	11.541000	11.572000	11.603000	11.634000	11.665000	11.697000	11.743000	11.775000	11.806000	11.837000	11.868000	11.899000	11.931000	11.962000	12.009000	12.040000	12.071000	12.102000	12.133000	12.165000	12.196000	12.243000	12.274000	12.305000	12.336000	12.367000	12.399000	12.430000	12.477000	12.508000	12.539000	12.570000	12.601000	12.633000	12.664000	12.695000	12.742000	12.773000	12.804000	12.835000	12.867000	12.898000	12.929000	12.976000	13.007000	13.038000	13.069000	13.101000	13.132000	13.163000	13.194000	13.241000	13.272000	13.303000	13.335000	13.366000	13.397000	13.428000	13.475000	13.506000	13.537000	13.569000	13.600000	13.631000	13.662000	13.709000	13.740000	13.771000	13.803000	13.834000	13.865000	13.896000	13.927000	13.974000	14.005000	14.037000	14.068000	14.099000	14.130000	14.161000	14.208000	14.239000	14.271000	14.302000	14.333000	14.364000	14.395000	14.442000	14.473000	14.505000	14.536000	14.567000	14.598000	14.629000	14.661000	14.707000	14.739000	14.770000	14.801000	14.832000	14.863000	14.895000	14.941000	14.973000	15.004000	15.035000	15.066000	15.097000	15.129000	15.175000	15.207000	15.238000	15.269000	15.300000	15.331000	15.363000	15.394000	15.441000	15.472000	15.503000	15.534000	15.565000	15.597000	15.628000	15.675000	15.706000	15.737000	15.768000	15.799000	15.831000	15.862000	15.893000	15.940000	15.971000	16.002000	16.033000	16.065000	16.096000	16.127000	16.174000	16.205000	16.236000	16.267000	16.299000	16.330000	16.361000	16.408000	16.439000	16.470000	16.501000	16.533000	16.564000	16.595000	16.626000	16.673000	16.704000	16.735000	16.767000	16.798000	16.829000	16.860000	16.907000	16.938000	16.969000	17.001000	17.032000	17.063000	17.094000	17.125000	17.172000	17.203000	17.235000	17.266000	17.297000	17.328000	17.359000	17.406000	17.437000	17.469000	17.500000	17.531000	17.562000	17.593000	17.640000	17.671000	17.703000	17.734000	17.765000	17.796000	17.827000	17.859000	17.905000	17.937000	17.968000	17.999000	18.030000	18.061000	18.093000	18.139000	18.171000	18.202000	18.233000	18.264000	18.295000	18.327000	18.373000	18.405000	18.436000	18.467000	18.498000	18.529000	18.561000	18.592000	18.639000	18.670000	18.701000	18.732000	18.763000	18.795000	18.826000	18.873000	18.904000	18.935000	18.966000	18.997000	19.029000	19.060000	19.107000	19.138000	19.169000	19.200000	19.231000	19.263000	19.294000	19.325000	19.372000	19.403000	19.434000	19.465000	19.497000	19.528000	19.559000	19.606000	19.637000	19.668000	19.699000	19.731000	19.762000	19.793000	19.840000	19.871000	19.902000	19.933000	19.965000	19.996000	20.027000	20.058000	20.105000	20.136000	20.167000	20.199000	20.230000	20.261000	20.292000	20.339000	20.370000	20.401000	20.433000	20.464000	20.495000	20.526000	20.573000	20.604000	20.635000	20.667000	20.698000	20.729000	20.760000	20.791000	20.838000	20.869000	20.901000	20.932000	20.963000	20.994000	21.025000	21.057000	21.103000	21.135000	21.166000	21.197000	21.228000	21.259000	21.291000	21.337000	21.369000	21.400000	21.431000	21.462000	21.493000	21.525000	21.571000	21.603000	21.634000	21.665000	21.696000	21.727000	21.759000	21.790000	21.837000	21.868000	21.899000	21.930000	21.961000	21.993000	22.024000	22.071000	22.102000	22.133000	22.164000	22.195000	22.227000	22.258000	22.305000	22.336000	22.367000	22.398000	22.429000	22.461000	22.492000	22.523000	22.570000	22.601000	22.632000	22.663000	22.695000	22.726000	22.757000	22.804000	22.835000	22.866000	22.897000	22.929000	22.960000	22.991000	23.038000	23.069000	23.100000	23.131000	23.163000	23.194000	23.225000	23.256000	23.303000	23.334000	23.365000	23.397000	23.428000	23.459000	23.490000	23.537000	23.568000	23.599000	23.631000	23.662000	23.693000	23.724000	23.771000	23.802000	23.833000	23.865000	23.896000	23.927000	23.958000	23.989000	24.036000	24.067000	24.099000	24.130000	24.161000	24.192000	24.223000	24.270000	24.301000	24.333000	24.364000	24.395000	24.426000	24.457000	24.504000	24.535000	24.567000	24.598000	24.629000	24.660000	24.691000	24.723000	24.769000	24.801000	24.832000	24.863000	24.894000	24.925000	24.957000	24.988000	25.035000	25.066000	25.097000	25.128000	25.159000	25.191000	25.222000	25.269000	25.300000	25.331000	25.362000	25.393000	25.425000	25.456000	25.503000	25.534000	25.565000	25.596000	25.627000	25.659000	25.690000	25.721000	25.768000	25.799000	25.830000	25.861000	25.893000	25.924000	25.955000	26.002000	26.033000	26.064000	26.095000	26.127000	26.158000	26.189000	26.236000	26.267000	26.298000	26.329000	26.361000	26.392000	26.423000	26.454000	26.501000	26.532000	26.563000	26.595000	26.626000	26.657000	26.688000	26.735000	26.766000	26.797000	26.829000	26.860000	26.891000	26.922000	26.969000	27.000000	27.031000	27.063000	27.094000	27.125000	27.156000	27.187000	27.234000	27.265000	27.297000	27.328000	27.359000	27.390000	27.421000	27.468000	27.499000	27.531000	27.562000	27.593000	27.624000	27.655000	27.702000	27.733000	27.765000	27.796000	27.827000	27.858000	27.889000	27.921000	27.967000	27.999000	28.030000	28.061000	28.092000	28.123000	28.155000	28.201000	28.233000	28.264000	28.295000	28.326000	28.357000	28.389000	28.435000	28.467000	28.498000	28.529000	28.560000	28.591000	28.623000	28.654000	28.701000	28.732000	28.763000	28.794000	28.825000	28.857000	28.888000	28.919000	28.966000	28.997000	29.028000	29.059000	29.091000	29.122000	29.153000	29.200000	29.231000	29.262000	29.293000	29.325000	29.356000	29.387000	29.434000	29.465000	29.496000	29.527000	29.559000	29.590000	29.621000	29.652000	29.699000	29.730000	29.761000	29.793000	29.824000	29.855000	29.886000	29.933000	29.964000	29.995000
%%%	13.913043	13.913043	13.913043	13.913043	13.913043	13.913043	13.913043	13.913043	13.913043	13.913043	13.913043	13.913043	13.913043	13.913043	13.913043	13.913043	13.913043	13.913043	13.913043	13.913043	13.913043	13.913043	13.913043	13.913043	13.913043	13.913043	13.913043	13.913043	13.913043	13.913043	13.913043	13.913043	13.913043	13.913043	13.913043	13.913043	13.913043	13.913043	13.913043	13.913043	13.913043	13.913043	13.913043	13.913043	13.913043	13.913043	13.913043	13.913043	13.913043	13.913043	13.913043	13.913043	13.913043	13.913043	13.913043	13.913043	13.913043	13.913043	13.913043	13.913043	13.913043	13.913043	13.913043	13.913043	13.913043	13.913043	13.913043	13.913043	13.913043	13.913043	13.913043	13.913043	13.913043	13.913043	13.913043	13.913043	13.913043	13.913043	13.913043	13.913043	13.913043	13.913043	13.913043	13.913043	13.913043	13.913043	13.913043	13.913043	13.913043	13.913043	13.913043	13.913043	13.913043	13.913043	13.913043	13.913043	13.913043	13.913043	13.913043	13.913043	13.913043	13.913043	13.913043	13.913043	13.913043	13.913043	13.913043	13.913043	13.913043	13.913043	13.913043	13.913043	13.913043	13.913043	13.913043	13.913043	13.913043	13.913043	13.913043	13.913043	13.913043	13.913043	13.913043	13.913043	13.913043	13.913043	13.913043	13.913043	13.913043	13.913043	13.913043	13.913043	13.913043	13.913043	13.913043	13.913043	13.913043	13.913043	13.913043	13.913043	13.913043	13.913043	13.913043	13.913043	13.913043	13.913043	13.913043	13.913043	13.913043	13.913043	13.913043	13.913043	13.913043	13.913043	13.913043	13.913043	13.913043	13.913043	13.913043	13.913043	13.913043	13.913043	13.913043	13.913043	13.913043	13.913043	13.913043	13.913043	13.913043	13.913043	13.913043	13.913043	13.913043	13.913043	13.913043	13.913043	13.913043	13.913043	13.913043	13.913043	13.913043	13.913043	13.913043	13.913043	13.913043	13.913043	13.913043	13.913043	13.913043	13.913043	13.913043	13.913043	13.913043	13.913043	13.913043	13.913043	13.913043	13.913043	13.913043	13.913043	13.913043	13.913043	13.913043	13.913043	13.913043	13.913043	13.913043	13.913043	13.913043	13.913043	13.913043	13.913043	13.913043	13.913043	13.913043	13.913043	13.913043	13.913043	13.913043	13.913043	13.913043	13.913043	13.913043	13.913043	13.913043	13.913043	13.913043	13.913043	13.913043	13.913043	13.913043	13.913043	13.913043	13.913043	13.913043	13.913043	13.913043	13.913043	13.913043	13.913043	13.913043	13.913043	13.913043	13.913043	13.913043	13.913043	13.913043	13.913043	13.913043	13.913043	13.913043	13.913043	13.913043	13.913043	13.913043	13.913043	13.913043	13.913043	13.913043	13.913043	13.913043	13.913043	13.913043	13.913043	13.913043	13.913043	13.913043	13.913043	13.913043	13.913043	13.913043	13.913043	13.913043	13.913043	13.913043	13.913043	13.913043	13.913043	13.913043	13.913043	13.913043	13.913043	13.913043	13.913043	13.913043	13.913043	13.913043	13.913043	13.913043	13.913043	13.913043	13.913043	13.913043	13.913043	13.913043	13.913043	13.913043	13.913043	13.913043	13.913043	13.913043	13.913043	13.913043	13.913043	13.913043	13.913043	13.913043	13.913043	13.913043	13.913043	13.913043	13.913043	13.913043	13.913043	13.913043	13.913043	13.913043	13.913043	13.913043	13.913043	13.913043	13.913043	13.913043	13.913043	13.913043	13.913043	13.913043	13.913043	13.913043	13.913043	13.913043	13.913043	13.913043	13.913043	13.913043	13.913043	13.913043	13.913043	13.913043	13.913043	13.913043	13.913043	13.913043	13.913043	13.913043	13.913043	13.913043	13.913043	13.913043	13.913043	13.913043	13.913043	13.913043	13.913043	13.913043	13.913043	13.913043	13.913043	13.913043	13.913043	13.913043	13.913043	13.913043	13.913043	13.913043	13.913043	13.913043	13.913043	13.913043	13.913043	13.913043	13.913043	13.913043	13.913043	13.913043	13.913043	13.913043	13.913043	13.913043	13.913043	13.913043	13.913043	13.913043	13.913043	13.913043	13.913043	13.913043	13.913043	13.913043	13.913043	13.913043	13.913043	13.913043	13.913043	13.913043	13.913043	13.913043	13.913043	13.913043	13.913043	13.913043	13.913043	13.913043	13.913043	13.913043	13.913043	13.913043	13.913043	13.913043	13.913043	13.913043	13.913043	13.913043	13.913043	13.913043	13.913043	13.913043	13.913043	13.913043	13.913043	13.913043	13.913043	13.913043	13.913043	13.913043	13.913043	13.913043	13.913043	13.913043	13.913043	13.913043	13.913043	13.913043	13.913043	13.913043	13.913043	13.913043	13.913043	13.913043	13.913043	13.913043	13.913043	13.913043	13.913043	13.913043	13.913043	13.913043	13.913043	13.913043	13.913043	13.913043	13.913043	13.913043	13.913043	13.913043	13.913043	13.913043	13.913043	13.913043	13.913043	13.913043	13.913043	13.913043	13.913043	13.913043	13.913043	13.913043	13.913043	13.913043	13.913043	13.913043	13.913043	13.913043	13.913043	13.913043	13.913043	13.913043	13.913043	13.913043	13.913043	13.913043	13.913043	13.913043	13.913043	13.913043	13.913043	13.913043	13.913043	13.913043	13.913043	13.913043	13.913043	13.913043	13.913043	13.913043	13.913043	13.913043	13.913043	13.913043	13.913043	13.913043	13.913043	13.913043	13.913043	13.913043	13.913043	13.913043	13.913043	13.913043	13.913043	13.913043	13.913043	13.913043	13.913043	13.913043	13.913043	13.913043	13.913043	13.913043	13.913043	13.913043	13.913043	13.913043	13.913043	13.913043	13.913043	13.913043	13.913043	13.913043	13.913043	13.913043	13.913043	13.913043	13.913043	13.913043	13.913043	13.913043	13.913043	13.913043	13.913043	13.913043	13.913043	13.913043	13.913043	13.913043	13.913043	13.913043	13.913043	13.913043	13.913043	13.913043	13.913043	13.913043	13.913043	13.913043	13.913043	13.913043	13.913043	13.913043	13.913043	13.913043	13.913043	13.913043	13.913043	13.913043	13.913043	13.913043	13.913043	13.913043	13.913043	13.913043	13.913043	13.913043	13.913043	13.913043	13.913043	13.913043	13.913043	13.913043	13.913043	13.913043	13.913043	13.913043	13.913043	13.913043	13.913043	13.913043	13.913043	13.913043	13.913043	13.913043	13.913043	13.913043	13.913043	13.913043	13.913043	13.913043	13.913043	13.913043	13.913043	13.913043	13.913043	13.913043	13.913043	13.913043	13.913043	13.913043	13.913043	13.913043	13.913043	13.913043	13.913043	13.913043	13.913043	13.913043	13.913043	13.913043	13.913043	13.913043	13.913043	13.913043	13.913043	13.913043	13.913043	13.913043	13.913043	13.913043	13.913043	13.913043	13.913043	13.913043	13.913043	13.913043	13.913043	13.913043	13.913043	13.913043	13.913043	13.913043	13.913043	13.913043	13.913043	13.913043	13.913043	13.913043	13.913043	13.913043	13.913043	13.913043	13.913043	13.913043	13.913043	13.913043	13.913043	13.913043	13.913043	13.913043	13.913043	13.913043	13.913043	13.913043	13.913043	13.913043	13.913043	13.913043	13.913043	13.913043	13.913043	13.913043	13.913043	13.913043	13.913043	13.913043	13.913043	13.913043	13.913043	13.913043	13.913043	13.913043	13.913043	13.913043	13.913043	13.913043	13.913043	13.913043	13.913043	13.913043	13.913043	13.913043	13.913043	13.913043	13.913043	13.913043	13.913043	13.913043	13.913043	13.913043	13.913043	13.913043	13.913043	13.913043	13.913043	13.913043	13.913043	13.913043	13.913043	13.913043	13.913043	13.913043	13.913043	13.913043	13.913043	13.913043	13.913043	13.913043	13.913043	13.913043	13.913043	13.913043	13.913043	13.913043	13.913043	13.913043	13.913043	13.913043	13.913043	13.913043	13.913043	13.913043	13.913043	13.913043	13.913043	13.913043	13.913043	13.913043	13.913043	13.913043	13.913043	13.913043	13.913043	13.913043	13.913043	13.913043	13.913043	13.913043	13.913043	13.913043	13.913043	13.913043	13.913043	13.913043	13.913043	13.913043	13.913043	13.913043	13.913043	13.913043	13.913043	13.913043	13.913043	13.913043	13.913043	13.913043	13.913043	13.913043	13.913043	13.913043	13.913043	13.913043	13.913043	13.913043	13.913043	13.913043	13.913043	13.913043	13.913043	13.913043	13.913043	13.913043	13.913043	13.913043	13.913043	13.913043	13.913043	13.913043	13.913043	13.913043	13.913043	13.913043	13.913043	13.913043	13.913043	13.913043	13.913043	13.913043	13.913043	13.913043	13.913043	13.913043	13.913043	13.913043	13.913043	13.913043	13.913043	13.913043	13.913043	13.913043	13.913043	13.913043	13.913043	13.913043	13.913043	13.913043	13.913043	13.913043	13.913043	13.913043	13.913043	13.913043	13.913043	13.913043	13.913043	13.913043	13.913043	13.913043	13.913043	13.913043	13.913043	13.913043	13.913043	13.913043	13.913043	13.913043	13.913043	13.913043	13.913043	13.913043	13.913043	13.913043	13.913043	13.913043	13.913043	13.913043	13.913043	13.913043	13.913043	13.913043	13.913043	13.913043	13.913043	13.913043	13.913043	13.913043	13.913043	13.913043	13.913043	13.913043	13.913043	13.913043	13.913043	13.913043	13.913043	13.913043	13.913043	13.913043	13.913043	13.913043	13.913043	13.913043	13.913043	13.913043	13.913043	13.913043	13.913043	13.913043	13.913043	13.913043	13.913043	13.913043	13.913043	13.913043	13.913043	13.913043	13.913043	13.913043	13.913043	13.913043	13.913043	13.913043	13.913043	13.913043	13.913043	13.913043	13.913043	13.913043	13.913043	13.913043	13.913043	13.913043	13.913043	13.913043	13.913043	13.913043
%%%	Pulse Index	Stimulus Section Index	Stimulus Section Start Index	Stimulus Section End Index	Pupil Stimulated: 0 = Right, 1 = Left, 2 = Both	Light Metric: 0 = Photopic, 1 = Scopotic, 2 = Radiometric	Stimulus Start Time	Stimulus Duration	Stimulus Pulse Duration	Right Pulse Max Level	Right Pulse Max Color (0123 = WRGB)	Right Pulse Min Level	Right Pulse Min Color (0123 = WRGB)	Left Pulse Max Level	Left Pulse Max Color (0123 = WRGB)	Left Pulse Min Level	Left Pulse Min Color (0123 = WRGB)	Right Data Input Type (0 == RAW DATA, 1 == FITTED DATA, 2 == M. OVERRIDED)	Right ANALYSIS STATE (0 == ABNORMAL, 1 == NORMAL)	Right MAX (mm) (EMPTY if INVALID)	Right MIN (mm) (EMPTY if INVALID)	Right DELTA (mm) (EMPTY if INVALID)	Right CH (%) (EMPTY if INVALID)	Right LAT (sec) (EMPTY if INVALID)	Right CV (mm/s) (EMPTY if INVALID)	Right MCV (mm/s) (EMPTY if INVALID)	Right DV (mm/s) (EMPTY if INVALID)	Left Data Input Type (0 == RAW DATA, 1 == FITTED DATA, 2 == M. OVERRIDED)	Left ANALYSIS STATE (0 == ABNORMAL, 1 == NORMAL)	Left MAX (mm) (EMPTY if INVALID)	Left MIN (mm) (EMPTY if INVALID)	Left DELTA (mm) (EMPTY if INVALID)	Left CH (%) (EMPTY if INVALID)	Left LAT (sec) (EMPTY if INVALID)	Left CV (mm/s) (EMPTY if INVALID)	Left MCV (mm/s) (EMPTY if INVALID)	Left DV (mm/s) (EMPTY if INVALID)
%%%	0	0	17	902	0	0	0.51	29.52	0.51	4.01	3	0.00	3	0.00	3	0.00	3	0	0	0.00	0.00			0.00	0.00	0.00	0.00	0	0	0.00	0.00			0.00	0.00	0.00	0.00
%%%%%%%%%
%%%%%%%%%
%%%%%%%%%
<\SESSION>
