<SESSION>
<VERSION>
2
<\VERSION>
<DATE>
2017-08-15 09:43:58
<\DATE>
<SUBJECT-ID>
c57-1mois-m1-0.6b
<\SUBJECT-ID>
<NOTE>

<\NOTE>
<MIN-MAX-PLOT>
0.100000 51880.761719
<\MIN-MAX-PLOT>
<STIMULUS-DEFINED>
Default
Default Human Relative Spectral Sensitivity
1	0
1	0.500000	0.500000	29.000000	3	3	0.600000	-100.000000	0.100000	-100.000000	0
<\STIMULUS-DEFINED>
<STIMULUS-GENERATED>
4
0	0	0.000000	3	0.000000	0.000000	3	0.000000	0.000000
0	1	0.509000	3	0.075823	4.006067	3	0.000000	0.000000
0	4	1.017000	3	0.000000	0.000000	3	0.000000	0.000000
-1	5	30.026001	0	0.000000	0.000000	0	0.000000	0.000000
<\STIMULUS-GENERATED>
<RIGHT-PUPIL-DATA>
903	1
1	-0.066000	0.865797	318.062500	263.062500
0	-0.035000	0.429855	325.812500	257.937500
1	-0.004000	0.866667	318.500000	262.250000
0	0.043000	0.600580	322.625000	258.375000
1	0.074000	0.893333	318.399994	262.600006
1	0.105000	0.937826	320.493500	263.306244
1	0.136000	0.904348	318.875000	262.625000
1	0.168000	0.885507	318.625000	263.125000
1	0.199000	0.893333	318.399994	263.399994
1	0.230000	0.876232	318.774994	262.912506
0	0.261000	0.872754	319.100006	263.350006
1	0.308000	0.864203	318.243744	262.993744
1	0.339000	0.834783	317.750000	262.750000
1	0.370000	0.884928	318.287506	262.274994
1	0.402000	0.881594	318.818756	262.318756
1	0.433000	0.904348	318.500000	262.000000
1	0.464000	0.840725	317.793762	263.043762
1	0.495000	0.893623	320.162415	263.137390
1	0.542000	0.910145	320.325012	263.362488
1	0.573000	0.881159	318.750000	263.750000
0	0.604000	0.417391	325.875000	258.875000
0	0.636000	0.811884	318.162506	264.162506
0	0.667000	0.374493	326.625000	259.687500
0	0.698000	0.857971	316.500000	264.000000
1	0.729000	0.794493	318.087494	263.100006
1	0.760000	0.858116	319.906250	263.906250
1	0.807000	0.881015	319.656250	263.656250
1	0.838000	0.776667	317.906250	263.906250
1	0.870000	0.834783	320.000000	263.500000
0	0.901000	0.379855	325.718750	258.281250
0	0.932000	0.664203	318.193756	265.756256
0	0.963000	0.524203	316.468750	267.718750
0	0.994000	0.347826	324.481262	259.856262
1	1.041000	0.485797	317.225006	267.225006
0	1.072000	0.347826	348.343658	241.818756
0	1.104000	0.596812	319.412506	264.587494
0	1.135000	0.347826	348.306671	242.681122
0	1.166000	0.440145	319.118744	265.818756
1	1.197000	0.449420	318.406250	266.343750
0	1.228000	0.565797	320.875000	264.912415
0	1.275000	0.391304	355.000000	247.000000
0	1.306000	0.452174	354.750000	252.250000
0	1.338000	0.417391	317.500000	267.000000
0	1.369000	0.347826	335.318756	258.818756
0	1.400000	0.370725	352.399994	244.287506
0	1.431000	0.504493	355.993744	249.993744
0	1.462000	0.405797	318.325012	266.875000
0	1.494000	0.347826	353.293671	243.806244
0	1.540000	0.376812	358.812500	254.187500
0	1.572000	0.566377	320.600006	263.100006
0	1.603000	0.347826	326.568756	257.818756
0	1.634000	0.573333	320.125000	264.750000
0	1.665000	0.347826	351.456055	242.693726
0	1.696000	0.486377	317.750000	266.500000
0	1.728000	0.347826	351.181244	241.506256
0	1.774000	0.565217	350.000000	246.000000
0	1.806000	0.543188	317.800018	265.449982
0	1.837000	0.347826	351.356293	254.306305
0	1.868000	0.347826	353.018738	242.731262
0	1.899000	0.347826	356.443695	255.643707
1	1.930000	0.540290	317.524994	265.524994
1	1.962000	0.461884	317.506256	267.256256
0	2.008000	0.347826	354.993744	256.256256
0	2.040000	0.347826	348.818665	243.331177
0	2.071000	0.585362	318.031250	264.581238
0	2.102000	0.515942	317.500000	265.500000
0	2.133000	0.616812	318.750000	263.250000
0	2.164000	0.348985	354.018738	244.393738
0	2.196000	0.354203	352.468719	251.056488
0	2.227000	0.458841	317.387482	265.749969
0	2.274000	0.531594	317.524994	265.399994
1	2.305000	0.669275	318.649994	262.162506
0	2.336000	0.574493	317.000000	264.737488
0	2.367000	0.370580	324.681244	257.181244
0	2.398000	0.378551	325.150055	256.749969
1	2.430000	0.707681	319.818756	261.181244
0	2.461000	0.486957	317.000000	265.500000
0	2.508000	0.355362	353.393402	243.043488
0	2.539000	0.347826	349.506378	243.781219
0	2.570000	0.662899	319.212494	261.274994
0	2.601000	0.347826	352.368744	240.306244
0	2.632000	0.347826	325.181244	257.193695
1	2.664000	0.691884	319.000000	261.937500
1	2.695000	0.707101	318.793762	261.831238
0	2.742000	0.510145	355.000000	250.500000
0	2.773000	0.502754	316.281250	265.018738
0	2.804000	0.347826	350.493744	243.993744
1	2.835000	0.712464	318.875000	261.125000
0	2.866000	0.347826	339.993744	253.556244
1	2.898000	0.708116	319.812500	261.187500
0	2.929000	0.489275	322.975006	258.524994
0	2.960000	0.347826	359.181274	253.656250
1	3.007000	0.729275	319.087494	261.475006
1	3.038000	0.529420	317.568756	264.681244
0	3.069000	0.348985	356.537506	256.149994
0	3.100000	0.532029	317.406250	264.593750
1	3.132000	0.511449	317.393738	264.906250
1	3.163000	0.672464	318.750000	261.250000
0	3.194000	0.689710	320.593750	261.906250
0	3.241000	0.353333	352.087494	249.087494
0	3.272000	0.365072	325.068756	257.243744
1	3.303000	0.719275	319.018829	260.018707
0	3.334000	0.347826	324.993774	256.956238
1	3.366000	0.689710	318.593750	261.968750
0	3.397000	0.484203	316.968750	265.968750
1	3.428000	0.689710	319.593750	261.093750
0	3.475000	0.389710	325.031250	257.593750
0	3.506000	0.347826	350.181244	240.006256
0	3.537000	0.353768	325.081238	255.093750
0	3.568000	0.488116	323.962494	256.975006
1	3.600000	0.721594	320.018707	260.031281
0	3.631000	0.353188	325.881256	255.068756
0	3.662000	0.358841	325.837494	255.024994
0	3.693000	0.348985	348.149994	235.149994
0	3.740000	0.347826	350.843658	243.681122
0	3.771000	0.347826	343.193695	233.981293
1	3.802000	0.522319	317.750000	264.500000
1	3.834000	0.707101	318.843750	260.156250
0	3.865000	0.376667	325.281250	255.406250
1	3.896000	0.744203	319.293762	259.293762
0	3.927000	0.672319	319.343750	260.843750
1	3.974000	0.742319	319.337494	258.337494
1	4.005000	0.788406	320.125000	258.125000
1	4.036000	0.787971	320.931244	259.318756
1	4.068000	0.758116	319.718750	259.406250
0	4.099000	0.347826	342.693695	235.643585
0	4.130000	0.718551	318.162506	260.087494
0	4.161000	0.714927	318.281372	261.043762
0	4.192000	0.713768	318.318726	260.143738
1	4.239000	0.834783	319.500000	259.000000
1	4.270000	0.762319	319.187500	258.812500
1	4.302000	0.762899	319.874969	258.524994
0	4.333000	0.595942	317.612518	262.024994
0	4.364000	0.568551	317.118744	261.756256
0	4.395000	0.365797	325.750000	253.750000
0	4.426000	0.373188	325.793762	253.393738
1	4.473000	0.733623	318.725006	259.537506
1	4.504000	0.718551	318.912506	260.087494
0	4.536000	0.347826	350.181244	240.993744
0	4.567000	0.350725	355.956329	251.456268
0	4.598000	0.347826	346.781342	239.718719
0	4.629000	0.544638	321.962494	254.537506
1	4.660000	0.795072	319.000000	258.000000
0	4.707000	0.391884	324.875000	253.375000
1	4.738000	0.786812	318.731232	258.306244
1	4.770000	0.749420	319.331238	257.406250
1	4.801000	0.796667	319.481232	258.056244
1	4.832000	0.814638	319.706238	258.718750
0	4.863000	0.347826	356.193695	251.843536
1	4.894000	0.814638	319.281250	259.718750
1	4.926000	0.814638	318.281250	259.281250
1	4.972000	0.788986	317.799896	258.962494
1	5.004000	0.765072	318.493744	257.993744
0	5.035000	0.742029	317.500000	257.000000
1	5.066000	0.800580	319.000000	258.125000
1	5.097000	0.761594	318.543762	257.543762
1	5.128000	0.788406	319.500000	257.000000
1	5.160000	0.791884	319.000000	258.000000
1	5.206000	0.747826	318.000000	258.000000
1	5.238000	0.811594	319.000000	258.500000
1	5.269000	0.761014	318.506256	258.568756
0	5.300000	0.379275	325.431244	253.443756
1	5.331000	0.773913	318.500000	258.000000
1	5.362000	0.371159	325.843750	252.843750
1	5.394000	0.769420	318.318756	257.431244
1	5.440000	0.760290	317.737488	257.562500
1	5.472000	0.791304	319.312500	256.937500
1	5.503000	0.778841	318.937500	256.812500
1	5.534000	0.765217	318.500000	258.000000
1	5.565000	0.746812	318.556244	258.368744
0	5.596000	0.359420	351.750000	242.750000
0	5.628000	0.726232	318.381256	258.118744
1	5.659000	0.777101	318.587494	257.662506
1	5.706000	0.805942	319.156250	257.156250
0	5.737000	0.695652	316.500000	256.000000
1	5.768000	0.786232	319.706238	257.043762
1	5.799000	0.741449	319.225006	256.774994
1	5.830000	0.547826	317.500000	261.000000
0	5.862000	0.347826	350.693207	241.756073
1	5.893000	0.731594	318.475006	258.100006
1	5.940000	0.782464	319.743744	258.868744
1	5.971000	0.468406	318.225006	264.512482
1	6.002000	0.821159	319.962433	258.612518
1	6.033000	0.725072	318.068756	258.931244
1	6.064000	0.751015	317.824982	258.537506
1	6.096000	0.792464	319.350006	258.024994
0	6.127000	0.748406	318.750000	257.612488
0	6.158000	0.371159	325.343750	252.156250
1	6.205000	0.745797	319.287506	257.287506
0	6.236000	0.347826	347.856293	234.506622
1	6.267000	0.817246	319.743744	257.681244
1	6.298000	0.811884	319.287506	258.699982
1	6.330000	0.531594	317.212494	263.600006
1	6.361000	0.773188	318.856262	259.143738
0	6.392000	0.748985	318.600006	258.725006
0	6.439000	0.538551	317.250000	262.562500
1	6.470000	0.778551	319.174835	258.174957
0	6.501000	0.748551	318.356262	258.206238
1	6.532000	0.796667	319.068756	257.481232
0	6.564000	0.733623	318.212494	256.725006
0	6.595000	0.397101	325.200012	252.549988
1	6.626000	0.528841	317.406250	262.593750
0	6.673000	0.347826	350.818756	239.343719
1	6.704000	0.755362	318.475006	258.524994
1	6.735000	0.800725	318.893738	258.518738
1	6.766000	0.800000	318.500000	258.000000
1	6.798000	0.746232	318.718750	257.781250
1	6.829000	0.759710	317.587494	257.412506
0	6.860000	0.695652	320.500000	256.000000
0	6.891000	0.788406	316.500000	256.000000
0	6.938000	0.363623	325.531250	251.956238
1	6.969000	0.394493	325.162506	251.837494
1	7.000000	0.751015	319.337494	257.462494
1	7.032000	0.760290	318.437500	257.562500
1	7.063000	0.749275	318.487488	258.199951
1	7.094000	0.509420	317.062500	263.375000
0	7.125000	0.712899	317.243744	258.881256
1	7.172000	0.735217	318.281250	257.743652
0	7.203000	0.741884	318.293762	258.343750
0	7.234000	0.347826	350.693207	241.193695
1	7.266000	0.788406	319.500000	257.000000
0	7.297000	0.429275	351.337494	240.337494
1	7.328000	0.386232	325.043762	253.393738
0	7.359000	0.347826	353.693756	240.593719
0	7.406000	0.533768	316.631256	262.181244
1	7.437000	0.800000	319.875000	259.125000
0	7.468000	0.365217	356.687500	256.312500
0	7.500000	0.394203	357.000000	253.500000
0	7.531000	0.486957	316.500000	264.000000
1	7.562000	0.770145	318.562500	258.375000
1	7.593000	0.747536	318.312500	258.625000
0	7.624000	0.748985	319.475006	258.399994
1	7.671000	0.796232	319.937500	258.125000
1	7.702000	0.809710	319.868744	258.243744
1	7.734000	0.769710	319.693695	258.693817
0	7.765000	0.407971	325.856232	254.893768
0	7.796000	0.753623	319.500000	261.000000
0	7.827000	0.360725	353.506256	243.993744
0	7.858000	0.540290	353.774994	249.524994
0	7.905000	0.490725	323.812500	254.062500
1	7.936000	0.822754	319.431244	258.631256
1	7.968000	0.833768	320.381256	258.431244
0	7.999000	0.347826	352.993713	240.468750
1	8.030000	0.780290	317.712494	258.212494
1	8.061000	0.860290	320.625000	257.937500
0	8.092000	0.440580	325.500000	253.000000
0	8.124000	0.347826	351.681335	242.818787
1	8.170000	0.752319	317.856232	258.443756
1	8.202000	0.857536	320.068756	258.931244
1	8.233000	0.827681	319.081238	257.518799
0	8.264000	0.453768	356.718750	247.293762
0	8.295000	0.695652	320.500000	256.000000
0	8.326000	0.452754	324.375000	252.500000
1	8.358000	0.823333	319.906250	256.656250
1	8.404000	0.742029	319.500000	257.000000
1	8.436000	0.730435	318.500000	258.000000
0	8.467000	0.353188	325.931244	253.568756
0	8.498000	0.349420	323.843750	252.018738
0	8.529000	0.736232	318.000000	257.500000
0	8.560000	0.739710	317.262512	257.712524
0	8.592000	0.723333	317.968750	257.393738
0	8.638000	0.347826	348.543732	236.656281
1	8.670000	0.814203	320.312469	256.287506
0	8.701000	0.347826	350.443756	242.556244
0	8.732000	0.347826	342.343658	229.018707
1	8.763000	0.758986	319.431274	256.868835
1	8.794000	0.748551	319.268738	257.356262
1	8.826000	0.722319	318.125000	258.000000
1	8.857000	0.766377	319.475006	258.225006
1	8.904000	0.800580	320.000000	257.549988
1	8.935000	0.787971	319.681244	257.806244
1	8.966000	0.792319	318.881256	257.131256
1	8.997000	0.836232	320.531250	257.031250
0	9.028000	0.417391	323.500000	253.000000
0	9.060000	0.881159	324.500000	256.000000
1	9.091000	0.774638	319.606262	257.606262
1	9.138000	0.842898	320.500000	258.562500
1	9.169000	0.855797	320.331238	258.343750
1	9.200000	0.811594	319.000000	258.500000
1	9.231000	0.840290	318.574982	257.662506
1	9.262000	0.814058	318.731232	257.306244
1	9.294000	0.805797	319.500000	258.000000
1	9.325000	0.866377	319.787506	257.962494
0	9.372000	0.521015	314.518738	260.231262
1	9.403000	0.483333	295.981262	243.106262
1	9.434000	0.903188	290.574982	231.274994
1	9.465000	0.908696	288.500000	228.750000
0	9.497000	0.510145	274.000000	227.500000
1	9.528000	0.579710	248.500000	218.000000
0	9.559000	0.347826	233.024963	199.500061
1	9.590000	0.934928	226.006256	206.493744
0	9.637000	0.634638	231.118744	212.181244
0	9.668000	0.713043	245.000000	212.000000
1	9.699000	0.939130	259.500000	205.000000
0	9.731000	0.614638	271.656250	209.093750
0	9.762000	0.510145	288.500000	228.000000
1	9.793000	0.928841	304.906250	238.643738
1	9.824000	0.931449	308.418732	247.068756
1	9.871000	0.992898	311.781250	251.656250
0	9.902000	0.695797	317.318756	253.006256
1	9.933000	1.037681	313.112488	252.562500
0	9.965000	0.937536	311.031250	251.031250
0	9.996000	1.707681	327.743744	244.693756
1	10.027000	1.044058	314.500000	254.000000
1	10.058000	1.040290	314.537506	255.412506
1	10.105000	1.043478	314.500000	256.000000
1	10.136000	1.055652	315.412506	256.100006
1	10.167000	1.061449	315.750000	256.750000
1	10.199000	1.064638	315.625000	255.687500
1	10.230000	1.061449	315.750000	256.625000
1	10.261000	1.070580	316.093719	257.131256
1	10.292000	1.078841	316.000000	256.549988
1	10.323000	1.059275	316.718750	256.293762
1	10.370000	1.061449	317.250000	256.250000
1	10.401000	1.066667	315.500000	257.000000
1	10.433000	1.078261	317.125000	257.125000
1	10.464000	1.090290	317.818756	257.356232
1	10.495000	1.082029	317.437500	258.062500
1	10.526000	1.082754	316.993744	258.943756
1	10.557000	1.066232	316.693756	260.193756
1	10.604000	1.044638	316.524994	259.524994
1	10.635000	1.062464	316.718750	260.281250
1	10.667000	1.057536	316.743744	260.181244
1	10.698000	1.060870	317.000000	260.000000
1	10.729000	1.058116	316.843750	259.718750
1	10.760000	1.042754	317.018738	259.518738
1	10.791000	1.063768	317.000000	259.250000
1	10.838000	1.062899	317.237518	259.237518
1	10.869000	1.020290	315.500000	259.000000
1	10.901000	1.042754	318.018738	259.406250
1	10.932000	1.062029	317.774994	261.212494
1	10.963000	1.053333	317.087494	261.600006
1	10.994000	1.060290	317.200012	262.299988
1	11.025000	1.048841	316.681244	262.881256
1	11.057000	1.017391	316.312500	261.812500
1	11.103000	1.042754	316.518738	261.481262
1	11.135000	1.013768	316.581238	261.456238
1	11.166000	1.026087	316.406250	261.156250
0	11.197000	0.834783	311.500000	259.000000
1	11.228000	1.007681	317.006287	260.581299
0	11.259000	0.920725	315.743744	258.756256
1	11.291000	0.968551	316.943756	259.943756
1	11.337000	0.992029	316.768738	260.343750
1	11.369000	0.981594	316.943756	259.631256
1	11.400000	0.950725	316.500000	258.000000
1	11.431000	0.963623	316.406250	260.968750
0	11.462000	0.872464	314.549988	259.825012
1	11.493000	0.959855	316.306244	261.318756
1	11.525000	0.981594	316.368744	262.056244
0	11.571000	0.414493	353.250000	254.500000
1	11.603000	0.950290	315.818787	260.793701
1	11.634000	0.940290	316.549957	260.524994
1	11.665000	0.939130	316.500000	260.000000
1	11.696000	0.947246	316.125000	259.375000
0	11.727000	0.572899	320.193756	255.131256
0	11.759000	0.875507	315.406250	259.156250
0	11.790000	0.347826	347.256134	243.306427
1	11.837000	0.987971	316.756256	259.743744
0	11.868000	0.796812	314.037506	260.412506
1	11.899000	0.951015	316.287506	261.162506
1	11.930000	0.951449	316.706238	261.331238
1	11.961000	0.915942	316.500000	261.000000
1	11.993000	0.957681	316.725006	260.774994
1	12.024000	0.876232	314.162506	259.637482
1	12.055000	0.963768	316.500000	260.000000
1	12.102000	0.960290	317.250000	259.937500
1	12.133000	0.955362	317.225006	259.899994
1	12.164000	0.970290	317.043762	259.043762
1	12.195000	0.940580	317.549988	259.537476
1	12.227000	0.960290	317.137512	259.762512
1	12.258000	0.964058	317.024994	261.024994
1	12.289000	0.959420	316.500000	260.500000
1	12.336000	0.904348	316.500000	260.000000
1	12.367000	0.937536	316.531250	261.031250
1	12.398000	0.896232	315.125000	260.187500
1	12.429000	0.817391	313.000000	259.500000
0	12.461000	0.839710	314.562500	259.687500
1	12.492000	0.913043	316.500000	259.750000
0	12.523000	0.788406	316.500000	260.000000
1	12.570000	0.886957	316.625000	259.875000
0	12.601000	0.788406	314.375000	258.875000
0	12.632000	0.818406	314.793732	260.368744
0	12.663000	0.811449	314.843750	260.656250
0	12.695000	0.729275	314.087494	262.475006
1	12.726000	0.836377	314.468750	261.181213
1	12.757000	0.885797	316.337494	260.975006
1	12.788000	0.836377	315.406250	259.531250
1	12.835000	0.844058	315.750000	260.062500
1	12.866000	0.881159	317.000000	259.500000
1	12.897000	0.923333	316.468750	259.531250
0	12.929000	0.811594	314.500000	258.000000
1	12.960000	0.929855	317.424988	260.424988
0	12.991000	0.420725	323.256256	255.243744
1	13.022000	0.865797	316.062500	261.187500
0	13.069000	0.565797	321.125000	258.875000
0	13.100000	0.801594	314.018738	261.818665
1	13.131000	0.902754	316.518738	261.531250
1	13.163000	0.916812	316.812500	260.625000
0	13.194000	0.591884	312.637512	264.500000
0	13.225000	0.382609	322.500000	254.000000
1	13.256000	0.860145	316.081238	259.793762
1	13.303000	0.820145	315.718750	259.218750
1	13.334000	0.853188	316.243744	259.131256
1	13.365000	0.884203	317.281250	260.281250
1	13.397000	0.862029	316.350006	261.024994
0	13.428000	0.801594	313.968750	260.131287
1	13.459000	0.834783	315.000000	261.500000
1	13.490000	0.865797	316.187500	260.937500
1	13.521000	0.764638	313.500000	260.500000
1	13.568000	0.376232	322.225006	255.287506
1	13.599000	0.831015	315.937500	260.562500
0	13.631000	0.789710	314.281250	261.006226
1	13.662000	0.855797	316.343750	260.331238
1	13.693000	0.872464	317.000000	260.000000
1	13.724000	0.858116	316.656250	260.343750
1	13.755000	0.857102	316.937500	261.062500
0	13.802000	0.795072	315.062500	261.424988
1	13.833000	0.763623	313.481262	261.218750
0	13.865000	0.788406	313.250000	260.250000
0	13.896000	0.571014	312.000000	264.500000
0	13.927000	0.347826	348.306366	241.818939
1	13.958000	0.866232	316.056244	258.943756
1	13.989000	0.814203	315.287506	259.712494
1	14.036000	0.877536	315.956238	259.043762
1	14.067000	0.857681	316.662506	259.087494
1	14.099000	0.809855	315.600006	259.600006
1	14.130000	0.833623	315.975006	259.975006
1	14.161000	0.814058	315.306244	260.693756
0	14.192000	0.388406	322.424988	255.424988
1	14.223000	0.792464	314.037506	260.024994
1	14.255000	0.794058	315.018738	260.018738
1	14.301000	0.831015	314.375000	259.437500
0	14.333000	0.603333	312.618744	262.618744
1	14.364000	0.398406	322.031250	253.531250
0	14.395000	0.544493	320.568756	255.431244
1	14.426000	0.785507	315.250000	258.500000
0	14.457000	0.407536	321.850006	252.899994
0	14.489000	0.725072	314.068756	259.068756
0	14.535000	0.540290	319.475006	255.725006
1	14.567000	0.805797	315.000000	259.500000
1	14.598000	0.551594	312.112488	264.387512
0	14.629000	0.368986	320.562500	254.562500
0	14.660000	0.727101	313.118744	258.943756
0	14.691000	0.390145	321.449982	252.600006
1	14.723000	0.848406	315.812500	258.562500
0	14.769000	0.811449	314.843750	259.656250
1	14.801000	0.801594	313.968750	260.531250
0	14.832000	0.829275	313.962494	260.537506
0	14.863000	0.564203	322.006195	258.943756
1	14.894000	0.873333	316.549988	259.875000
0	14.925000	0.347826	352.456268	256.856232
1	14.957000	0.916377	319.681244	257.693756
1	14.988000	0.918841	320.312500	259.187500
1	15.035000	0.840725	318.468750	258.531250
1	15.066000	0.855362	320.337494	258.962494
1	15.097000	0.866377	320.412506	259.962494
1	15.128000	0.902754	320.481262	260.468750
1	15.159000	0.885942	319.993744	259.268768
0	15.191000	0.595797	313.431244	262.693756
0	15.222000	0.755942	305.500000	268.125000
1	15.269000	0.866232	307.193756	269.806244
1	15.300000	0.848985	310.462494	269.787506
0	15.331000	0.394638	321.181244	261.631256
0	15.362000	0.852754	316.250000	263.875000
1	15.393000	0.881159	315.750000	262.750000
1	15.425000	0.894638	315.818756	262.381256
1	15.456000	0.951159	317.181244	262.193756
1	15.503000	0.951015	317.087494	261.837494
1	15.534000	0.940290	316.975006	261.475006
1	15.565000	0.983188	318.875000	262.000000
1	15.596000	0.987536	318.312500	261.799988
1	15.627000	0.970290	318.043762	261.531250
1	15.659000	0.973913	319.500000	261.000000
1	15.690000	1.020290	319.750000	260.250000
1	15.721000	1.052754	319.125000	259.875000
1	15.768000	1.061014	319.731232	259.231232
1	15.799000	1.079420	319.024994	258.975006
1	15.830000	1.043333	319.506256	258.506256
1	15.861000	1.010580	320.031250	258.581238
1	15.893000	1.025072	319.806244	259.243744
1	15.924000	1.020290	319.500000	259.000000
1	15.955000	1.026087	319.437500	258.812500
1	15.986000	1.008696	319.500000	259.000000
1	16.033000	1.005362	319.243744	258.318756
0	16.064000	0.800580	316.000000	257.000000
1	16.095000	1.026232	320.193756	257.243744
0	16.127000	0.858116	316.718750	256.343750
1	16.158000	1.043333	320.006256	256.993744
1	16.189000	1.037681	320.000000	257.000000
1	16.220000	1.026087	320.375000	256.625000
1	16.267000	1.018116	320.343750	257.293762
1	16.298000	1.034203	319.875000	257.500000
1	16.329000	1.058116	319.656250	258.406250
1	16.361000	1.008696	319.500000	259.000000
1	16.392000	1.037101	319.600006	259.087494
1	16.423000	1.062029	319.274994	258.712494
1	16.454000	1.014493	318.624969	257.875031
1	16.501000	1.010725	318.737518	258.024994
1	16.532000	1.017391	319.250000	257.250000
1	16.563000	0.991884	318.375000	257.250000
1	16.595000	0.997101	319.662476	256.875000
1	16.626000	1.007102	318.518738	256.531250
1	16.657000	1.003333	318.818756	257.181244
1	16.688000	0.973913	318.250000	258.250000
1	16.719000	0.988116	318.725006	258.162506
1	16.766000	1.006377	318.024994	259.524994
1	16.797000	0.975362	316.937500	260.174988
1	16.829000	0.978406	317.818787	259.968750
1	16.860000	0.989710	318.656250	259.656250
1	16.891000	0.981449	317.350006	258.850006
1	16.922000	0.998985	318.631256	259.131256
1	16.953000	0.990290	318.618683	259.243744
1	17.000000	0.962319	318.500000	258.000000
1	17.031000	1.008696	319.500000	259.000000
1	17.063000	1.017971	319.375000	258.625000
1	17.094000	0.971159	318.593750	258.031250
1	17.125000	1.017971	319.687500	258.625000
1	17.156000	0.973913	320.500000	260.000000
1	17.187000	0.994638	318.868744	259.143768
1	17.234000	0.988551	318.106262	259.268738
1	17.265000	0.985362	318.093750	259.843750
0	17.297000	0.510145	323.500000	253.000000
1	17.328000	0.989710	318.706238	260.356323
1	17.359000	0.964058	317.600006	259.600006
0	17.390000	0.885507	316.299988	258.262512
1	17.421000	0.988551	317.706390	258.718781
1	17.453000	0.968985	317.937500	258.437500
1	17.499000	0.972319	318.531250	259.531250
1	17.531000	0.926667	317.437500	258.562500
1	17.562000	0.951594	317.812500	258.812500
1	17.593000	0.959710	319.037506	259.662506
1	17.624000	0.972464	318.825012	259.987488
0	17.655000	0.347826	349.918762	243.293762
0	17.687000	0.860145	315.793762	260.356262
0	17.733000	0.347826	345.293671	244.668671
0	17.765000	0.874928	316.881256	259.931244
1	17.796000	0.951159	319.193756	261.181244
1	17.827000	0.936667	317.506256	260.443756
0	17.858000	0.888406	318.125000	259.750000
1	17.889000	0.857681	316.662506	259.837494
0	17.921000	0.895507	316.681244	260.568756
1	17.967000	0.926667	319.312500	260.312500
1	17.999000	0.950580	318.843750	260.843750
0	18.030000	0.810290	316.093750	260.643738
1	18.061000	0.938551	319.000000	261.000000
1	18.092000	0.959275	319.406250	262.343750
0	18.123000	0.885797	316.774994	260.024994
1	18.155000	0.973913	320.500000	260.000000
1	18.186000	0.943623	317.743744	260.431244
1	18.233000	0.951015	318.912506	260.837494
1	18.264000	0.932754	319.500000	260.450012
1	18.295000	0.927101	318.318756	258.681244
0	18.326000	0.566377	323.149994	255.850006
1	18.357000	0.924928	317.662506	260.462494
0	18.389000	1.531014	330.500000	250.000000
1	18.420000	0.921884	318.368744	260.806244
0	18.467000	0.522464	321.781250	257.268738
1	18.498000	0.939130	319.500000	262.000000
1	18.529000	0.886957	317.000000	260.000000
1	18.560000	0.972464	319.075012	260.987488
0	18.591000	0.865797	317.812500	259.750000
1	18.623000	0.950580	319.218750	260.218750
1	18.654000	0.915942	318.750000	259.750000
1	18.701000	0.907391	318.643372	259.681152
1	18.732000	0.803623	315.956238	259.981262
1	18.763000	0.927681	318.843750	260.343750
0	18.794000	0.800580	317.000000	261.000000
1	18.825000	0.914203	317.649994	261.337494
1	18.857000	0.917246	317.406250	260.631226
0	18.888000	0.858116	316.156250	261.156250
1	18.919000	0.932899	318.368774	260.618774
1	18.966000	0.968985	318.937500	261.062500
1	18.997000	0.955942	319.737488	260.750000
1	19.028000	0.855507	316.193756	259.693756
1	19.059000	0.966812	319.831238	260.406250
1	19.091000	0.951594	319.812500	260.674988
1	19.122000	0.921739	319.500000	260.500000
0	19.153000	0.388406	326.156830	255.406891
0	19.200000	0.825362	315.893738	261.718750
1	19.231000	0.938551	319.000000	262.012512
1	19.262000	0.947246	318.500000	261.875000
1	19.293000	0.904348	317.562500	261.562500
1	19.325000	0.894638	319.068756	261.131256
0	19.356000	0.828986	317.031250	261.031250
0	19.387000	0.804928	316.187500	261.062500
0	19.434000	0.849420	317.156250	260.281250
1	19.465000	0.865797	318.812500	259.937500
0	19.496000	0.881159	317.000000	259.500000
0	19.527000	0.634203	314.125000	264.875000
0	19.559000	0.383623	325.443756	255.543732
0	19.590000	0.881159	316.500000	264.000000
1	19.621000	0.881449	316.687531	260.987457
1	19.652000	0.883623	317.056244	261.306244
0	19.699000	0.814493	315.687500	260.737488
1	19.730000	0.840290	315.662506	260.662506
0	19.761000	0.896232	317.875000	260.125000
1	19.793000	0.915942	318.875000	260.625000
1	19.824000	0.916812	319.312500	260.812500
0	19.855000	0.858116	316.643738	259.906250
0	19.886000	0.788116	315.287506	261.662506
0	19.933000	0.805507	315.162506	261.837494
0	19.964000	0.866377	316.787506	261.975006
0	19.995000	0.834783	316.000000	262.500000
0	20.027000	0.881159	320.500000	264.000000
1	20.058000	0.924928	318.212494	261.337494
0	20.089000	0.572754	313.725006	264.725006
1	20.120000	0.904493	318.743744	261.043732
1	20.151000	0.829275	316.462494	261.037506
1	20.198000	0.910145	319.000000	261.000000
1	20.229000	0.862029	318.350006	260.024994
0	20.261000	0.381159	324.262512	254.262512
0	20.292000	0.573768	314.181305	265.118683
1	20.323000	0.579710	314.000000	265.500000
0	20.354000	0.579275	314.356293	265.943756
0	20.385000	0.695072	314.625000	264.000000
0	20.432000	0.574493	314.250000	265.737488
1	20.463000	0.874928	318.306244	260.181244
1	20.495000	0.875507	318.281250	260.156250
1	20.526000	0.905072	317.681274	259.481262
0	20.557000	0.375072	352.175018	245.649994
0	20.588000	0.834783	317.500000	259.000000
1	20.619000	0.886232	318.293457	260.056030
0	20.651000	0.800580	317.000000	260.000000
1	20.697000	0.913043	317.500000	261.500000
1	20.729000	0.850580	317.418762	260.831238
0	20.760000	0.788406	316.500000	260.000000
0	20.791000	0.840145	316.506256	261.506256
0	20.822000	0.495072	322.625000	257.000000
0	20.853000	0.788406	316.500000	264.000000
1	20.885000	0.884928	318.762482	261.237518
0	20.931000	0.347826	352.693695	257.306427
0	20.963000	0.381449	325.300385	255.500092
1	20.994000	0.901449	318.549988	260.750000
1	21.025000	0.796232	317.062500	260.937500
0	21.056000	0.608116	315.250000	264.250000
1	21.087000	0.866232	318.056244	261.056244
0	21.119000	0.399420	324.250000	256.062500
1	21.165000	0.786522	315.831268	263.018707
1	21.197000	0.360724	324.993408	256.031372
0	21.228000	0.881159	316.500000	264.000000
0	21.259000	0.788406	316.500000	260.000000
1	21.290000	0.923188	318.593750	261.531250
1	21.321000	0.951159	319.193756	261.806244
1	21.353000	0.939710	319.537476	261.450012
1	21.384000	0.953768	319.231201	261.318787
1	21.431000	0.952754	319.250000	261.312500
1	21.462000	0.950580	319.343750	262.156250
1	21.493000	0.968406	318.962494	262.912506
1	21.524000	0.947971	318.631256	262.368744
0	21.555000	0.788406	316.500000	264.000000
1	21.587000	0.931015	319.375000	262.424988
1	21.618000	0.926667	318.875000	261.437500
1	21.665000	0.907102	318.293762	261.031250
1	21.696000	0.878261	318.250000	260.500000
0	21.727000	0.743623	316.318756	262.681244
0	21.758000	0.387536	324.437500	254.062500
0	21.789000	0.788116	316.337494	260.287506
1	21.821000	0.803913	316.768738	260.018738
1	21.852000	0.912029	318.618744	261.368744
1	21.899000	0.808551	315.618744	261.806244
0	21.930000	0.782609	315.562500	262.437500
1	21.961000	0.852029	316.243744	261.368744
0	21.992000	0.418551	323.824982	255.975006
1	22.023000	0.852899	315.893768	261.768646
1	22.055000	0.893333	318.399994	260.837494
0	22.086000	0.805507	315.987518	260.162506
0	22.117000	0.601594	314.656250	265.343750
1	22.164000	0.868551	317.781281	260.056244
1	22.195000	0.874928	317.931244	260.381256
0	22.226000	0.846812	317.131256	260.931244
0	22.257000	0.788406	316.500000	260.000000
0	22.289000	0.703333	322.068756	260.243744
0	22.320000	0.390725	324.424988	255.575012
1	22.351000	0.863623	317.218750	262.031250
0	22.398000	0.601884	314.343719	265.643707
0	22.429000	0.876232	316.912506	261.637482
1	22.460000	0.910725	318.649994	261.049957
0	22.491000	0.857681	316.162506	260.337494
1	22.523000	0.408116	324.125000	254.875000
1	22.554000	0.899855	318.456268	260.493744
0	22.585000	0.783188	316.625000	260.250000
1	22.632000	0.885362	318.643738	261.031250
0	22.663000	0.348841	324.868744	255.631256
0	22.694000	0.347826	350.993622	257.356293
0	22.725000	0.657681	314.662506	265.162506
0	22.757000	0.789420	315.343750	261.018738
1	22.788000	0.846377	316.500000	261.000000
1	22.819000	0.848985	316.787506	259.787506
0	22.850000	0.388406	325.424988	255.174988
1	22.897000	0.865797	318.312500	259.812500
0	22.928000	0.498406	322.406250	254.093750
1	22.959000	0.892464	318.587494	259.899994
1	22.991000	0.865797	318.562500	259.937500
1	23.022000	0.901449	318.549988	260.500000
0	23.053000	0.689710	314.968750	262.406250
0	23.084000	0.794493	316.449982	261.975006
1	23.131000	0.914203	319.137482	261.350006
1	23.162000	0.914203	319.350006	260.850006
1	23.193000	0.904348	320.500000	260.000000
0	23.225000	0.545072	315.456238	264.456238
1	23.256000	0.837536	318.543762	259.031250
1	23.287000	0.858116	318.718750	259.906250
0	23.318000	0.549420	316.406250	264.406250
1	23.365000	0.906232	318.606262	260.581238
0	23.396000	0.672899	315.181244	262.181244
1	23.427000	0.884928	318.712494	261.287506
1	23.459000	0.915797	319.593750	261.668762
1	23.490000	0.834493	315.987427	261.024963
0	23.521000	0.796232	317.062500	260.875000
0	23.552000	0.801159	317.475006	258.975006
0	23.583000	0.581014	315.093750	264.406250
0	23.630000	0.347826	352.318756	244.568756
1	23.661000	0.845363	318.456299	259.381226
1	23.693000	0.842319	318.524994	259.712494
0	23.724000	0.347826	349.793732	255.318756
0	23.755000	0.565072	314.118744	264.181244
0	23.786000	0.608841	314.243744	265.243744
1	23.817000	0.801159	315.975006	261.024994
1	23.864000	0.592319	314.543701	265.231201
0	23.895000	0.768116	315.500000	259.750000
1	23.927000	0.790000	316.956268	260.306183
0	23.958000	0.660870	314.500000	262.000000
0	23.989000	0.405507	324.399994	254.037506
1	24.020000	0.887971	318.793732	259.631256
1	24.051000	0.912029	319.668701	260.368652
1	24.083000	0.833188	317.593750	260.593750
0	24.129000	0.904348	318.500000	260.000000
1	24.161000	0.927101	319.406281	262.431183
0	24.192000	0.661884	315.543732	263.756256
0	24.223000	0.753768	316.656250	260.593750
1	24.254000	0.416377	324.756256	254.243744
0	24.285000	0.805942	317.156250	260.843750
0	24.317000	0.347826	354.337219	246.825012
0	24.363000	0.383333	325.506226	254.731262
0	24.395000	0.347826	352.218781	247.006256
1	24.426000	0.796667	317.056244	260.056244
0	24.457000	0.394058	324.531250	254.531250
0	24.488000	0.794203	316.500000	261.500000
0	24.519000	0.761014	316.568756	262.743744
0	24.551000	0.351594	352.687500	258.437500
1	24.597000	0.819420	316.362488	261.837463
1	24.629000	0.824493	316.281250	261.593750
1	24.660000	0.913188	319.556244	261.568756
1	24.691000	0.863768	318.125000	260.875000
1	24.722000	0.832029	318.531250	260.531250
1	24.753000	0.872464	319.075012	260.549988
1	24.785000	0.839855	318.418762	261.581238
0	24.816000	0.363188	347.962494	243.962494
1	24.863000	0.857681	318.412506	262.162506
1	24.894000	0.894927	318.431244	262.568756
1	24.925000	0.855942	318.687500	261.362488
1	24.956000	0.843623	318.506256	261.256256
1	24.987000	0.853333	318.600006	261.225006
0	25.019000	0.436812	323.862518	255.037506
1	25.050000	0.763623	317.606262	260.468750
0	25.097000	0.620580	315.662506	264.037506
0	25.128000	0.548406	315.375000	265.375000
1	25.159000	0.848985	318.537506	261.537506
0	25.190000	0.782029	316.950012	261.299988
1	25.221000	0.855362	316.337494	262.287506
0	25.253000	0.787971	316.693695	261.193756
1	25.284000	0.842319	318.699982	260.524994
0	25.331000	0.362464	324.781250	254.968750
1	25.362000	0.865797	318.062500	260.062500
0	25.393000	0.556522	315.500000	263.000000
1	25.424000	0.924928	319.537506	260.399994
0	25.455000	0.395507	325.456268	253.981232
0	25.487000	0.397101	325.450012	254.299988
0	25.518000	0.428985	325.500000	255.000000
0	25.549000	0.576812	314.000000	265.000000
1	25.596000	0.858116	317.656250	261.093750
0	25.627000	0.605507	314.587494	264.587494
1	25.658000	0.855507	318.256256	259.693756
0	25.689000	0.835942	317.975006	259.475006
0	25.721000	0.380725	325.293762	253.743774
1	25.752000	0.869565	318.250000	259.750000
0	25.783000	0.381594	325.243744	254.756256
0	25.830000	0.361449	352.637482	241.512543
1	25.861000	0.813623	317.312500	259.312500
0	25.892000	0.788551	316.056458	260.918823
0	25.923000	0.796232	317.062500	260.875000
0	25.955000	0.607101	314.468750	265.281250
0	25.986000	0.384203	324.331268	255.256256
0	26.017000	0.858116	318.156250	260.156250
1	26.048000	0.548985	315.399994	266.037506
0	26.095000	0.351304	350.768372	243.081116
1	26.126000	0.586377	313.875000	264.937500
1	26.157000	0.852754	318.250000	259.625000
1	26.189000	0.815942	316.262512	260.637512
0	26.220000	0.399420	356.937500	256.937500
0	26.251000	0.597101	314.612488	265.424988
0	26.282000	0.549420	314.593750	265.406250
1	26.329000	0.881159	318.362488	262.799988
0	26.360000	0.751159	316.393616	263.231384
1	26.391000	0.855362	318.324982	262.662506
0	26.423000	0.388986	325.274994	257.600006
0	26.454000	0.833768	318.568756	261.431244
0	26.485000	0.510145	316.500000	264.000000
0	26.516000	0.566232	315.943756	265.868744
0	26.563000	0.742029	317.500000	263.000000
0	26.594000	0.347826	346.506287	238.368652
0	26.625000	0.755507	316.618744	261.381256
0	26.657000	0.814058	317.306244	261.731232
1	26.688000	0.579710	315.000000	266.500000
0	26.719000	0.372754	324.850006	257.350006
1	26.750000	0.915797	319.406250	262.656250
0	26.781000	0.788696	317.037506	261.912506
0	26.828000	0.347826	359.156464	256.018707
0	26.859000	0.787971	315.681244	263.018768
0	26.891000	0.387536	324.812500	255.937500
1	26.922000	0.881159	319.000000	261.500000
1	26.953000	0.918551	319.300018	261.412506
1	26.984000	0.944928	319.000000	261.500000
1	27.015000	0.929710	319.393738	261.406250
0	27.062000	0.347826	350.343750	244.843750
0	27.093000	0.805942	307.156250	275.593750
1	27.125000	0.931594	303.524994	270.962494
0	27.156000	0.855362	308.212494	270.712494
1	27.187000	0.841739	311.287476	270.500000
1	27.218000	1.018116	316.343781	267.656219
1	27.249000	0.889710	314.393738	264.393738
1	27.296000	0.984203	314.918762	262.981262
1	27.327000	1.009275	316.012512	261.500000
1	27.359000	1.005942	317.218750	260.031250
1	27.390000	0.987536	317.312500	258.312500
1	27.421000	1.007102	318.518738	259.518738
1	27.452000	1.026667	318.250000	259.750000
0	27.483000	1.110724	337.162476	242.950073
1	27.515000	1.008696	318.500000	259.000000
1	27.561000	1.048985	318.949982	258.962494
1	27.593000	1.044638	319.475006	258.975006
0	27.624000	0.477101	326.350006	251.350006
0	27.655000	0.473333	324.437500	251.562500
1	27.686000	1.034203	319.750000	259.000000
1	27.717000	1.020725	319.356232	259.631256
1	27.749000	1.008696	319.500000	259.000000
1	27.795000	1.031594	319.587494	260.287506
1	27.827000	1.044638	319.475006	260.475006
1	27.858000	0.990290	318.631256	259.318756
1	27.889000	1.020290	319.500000	261.000000
1	27.920000	1.061449	320.187500	260.750000
1	27.951000	1.044638	319.475006	260.975006
1	27.983000	1.084058	319.000000	260.000000
1	28.014000	1.010580	318.281250	259.568726
1	28.061000	1.048841	318.681244	259.943756
1	28.092000	1.057102	318.312500	260.250000
1	28.123000	1.020290	316.562500	259.937500
1	28.154000	1.066232	317.806244	261.368744
1	28.185000	1.077971	317.737457	261.987518
1	28.217000	1.078841	318.000000	261.500000
1	28.248000	1.081594	317.993744	261.743744
1	28.295000	1.089710	317.843750	261.843750
1	28.326000	1.091884	317.812500	261.812500
1	28.357000	1.118551	318.950012	261.837524
1	28.388000	1.066812	318.781250	261.218750
1	28.419000	1.083333	318.981262	261.531250
1	28.451000	1.078841	319.000000	261.500000
1	28.482000	1.065362	318.256226	261.306274
1	28.529000	1.061449	317.750000	262.250000
0	28.560000	0.602899	324.500000	256.000000
1	28.591000	1.000145	316.881256	262.881256
1	28.622000	1.017971	316.375000	263.312500
1	28.653000	0.977246	315.956268	263.006256
0	28.685000	0.904348	314.500000	260.000000
1	28.716000	0.976667	317.031250	262.031250
1	28.747000	0.992464	318.124939	262.025024
1	28.794000	0.965797	317.562500	262.062500
1	28.825000	0.958116	317.281250	261.768738
1	28.856000	0.997101	318.250000	261.750000
1	28.887000	0.970290	317.056335	262.081238
1	28.919000	0.987536	318.125000	262.312500
1	28.950000	0.990725	317.750000	262.750000
1	28.981000	0.990145	317.774994	262.774994
0	29.028000	0.890000	315.681213	261.431274
1	29.059000	0.977681	316.937500	262.937500
1	29.090000	1.005942	316.518738	263.968750
1	29.121000	0.985362	316.718750	263.281250
1	29.153000	0.981449	316.850006	263.649994
1	29.184000	0.970435	316.474976	262.462402
1	29.215000	0.914493	315.375000	262.000000
0	29.262000	0.896812	315.850006	262.587494
1	29.293000	0.978986	317.956238	262.918762
1	29.324000	0.951449	317.781219	263.293732
1	29.355000	0.857971	315.750000	262.250000
0	29.387000	0.840580	314.500000	262.000000
1	29.418000	0.881159	316.000000	262.500000
1	29.449000	0.936377	317.518738	263.518738
0	29.480000	0.865797	316.062500	263.062500
1	29.527000	0.881159	316.362488	263.799988
1	29.558000	0.892898	316.406250	264.593750
0	29.589000	0.397681	323.524994	257.712494
0	29.621000	0.396812	350.912506	258.912506
0	29.652000	0.550725	321.000000	258.000000
1	29.683000	0.835942	314.475006	262.024994
0	29.714000	0.838406	314.531250	261.043762
1	29.761000	0.883188	316.262512	261.000000
0	29.792000	0.614058	311.856232	265.306244
1	29.823000	0.904493	316.056244	261.743744
1	29.855000	0.949420	317.368713	262.781250
0	29.886000	0.863768	316.000000	262.500000
1	29.917000	0.959420	317.500000	263.750000
1	29.948000	0.857536	314.818756	263.568756
1	29.995000	0.840145	314.506256	263.306244
<\RIGHT-PUPIL-DATA>
<LEFT-PUPIL-DATA>
902	0
0	-0.066000	13.913043	240.000000	320.000000
0	-0.020000	13.913043	240.000000	320.000000
0	0.012000	13.913043	240.000000	320.000000
0	0.043000	13.913043	240.000000	320.000000
0	0.074000	13.913043	240.000000	320.000000
0	0.105000	13.913043	240.000000	320.000000
0	0.136000	13.913043	240.000000	320.000000
0	0.168000	13.913043	240.000000	320.000000
0	0.199000	13.913043	240.000000	320.000000
0	0.246000	13.913043	240.000000	320.000000
0	0.277000	13.913043	240.000000	320.000000
0	0.308000	13.913043	240.000000	320.000000
0	0.339000	13.913043	240.000000	320.000000
0	0.370000	13.913043	240.000000	320.000000
0	0.402000	13.913043	240.000000	320.000000
0	0.433000	13.913043	240.000000	320.000000
0	0.480000	13.913043	240.000000	320.000000
0	0.511000	13.913043	240.000000	320.000000
0	0.542000	13.913043	240.000000	320.000000
0	0.573000	13.913043	240.000000	320.000000
0	0.604000	13.913043	240.000000	320.000000
0	0.636000	13.913043	240.000000	320.000000
0	0.667000	13.913043	240.000000	320.000000
0	0.714000	13.913043	240.000000	320.000000
0	0.745000	13.913043	240.000000	320.000000
0	0.776000	13.913043	240.000000	320.000000
0	0.807000	13.913043	240.000000	320.000000
0	0.838000	13.913043	240.000000	320.000000
0	0.870000	13.913043	240.000000	320.000000
0	0.901000	13.913043	240.000000	320.000000
0	0.932000	13.913043	240.000000	320.000000
0	0.979000	13.913043	240.000000	320.000000
0	1.010000	13.913043	240.000000	320.000000
0	1.041000	13.913043	240.000000	320.000000
0	1.072000	13.913043	240.000000	320.000000
0	1.104000	13.913043	240.000000	320.000000
0	1.135000	13.913043	240.000000	320.000000
0	1.166000	13.913043	240.000000	320.000000
0	1.197000	13.913043	240.000000	320.000000
0	1.244000	13.913043	240.000000	320.000000
0	1.275000	13.913043	240.000000	320.000000
0	1.306000	13.913043	240.000000	320.000000
0	1.338000	13.913043	240.000000	320.000000
0	1.369000	13.913043	240.000000	320.000000
0	1.400000	13.913043	240.000000	320.000000
0	1.431000	13.913043	240.000000	320.000000
0	1.478000	13.913043	240.000000	320.000000
0	1.509000	13.913043	240.000000	320.000000
0	1.540000	13.913043	240.000000	320.000000
0	1.572000	13.913043	240.000000	320.000000
0	1.603000	13.913043	240.000000	320.000000
0	1.634000	13.913043	240.000000	320.000000
0	1.665000	13.913043	240.000000	320.000000
0	1.712000	13.913043	240.000000	320.000000
0	1.743000	13.913043	240.000000	320.000000
0	1.774000	13.913043	240.000000	320.000000
0	1.806000	13.913043	240.000000	320.000000
0	1.837000	13.913043	240.000000	320.000000
0	1.868000	13.913043	240.000000	320.000000
0	1.899000	13.913043	240.000000	320.000000
0	1.930000	13.913043	240.000000	320.000000
0	1.977000	13.913043	240.000000	320.000000
0	2.008000	13.913043	240.000000	320.000000
0	2.040000	13.913043	240.000000	320.000000
0	2.071000	13.913043	240.000000	320.000000
0	2.102000	13.913043	240.000000	320.000000
0	2.133000	13.913043	240.000000	320.000000
0	2.164000	13.913043	240.000000	320.000000
0	2.211000	13.913043	240.000000	320.000000
0	2.242000	13.913043	240.000000	320.000000
0	2.274000	13.913043	240.000000	320.000000
0	2.305000	13.913043	240.000000	320.000000
0	2.336000	13.913043	240.000000	320.000000
0	2.367000	13.913043	240.000000	320.000000
0	2.398000	13.913043	240.000000	320.000000
0	2.445000	13.913043	240.000000	320.000000
0	2.476000	13.913043	240.000000	320.000000
0	2.508000	13.913043	240.000000	320.000000
0	2.539000	13.913043	240.000000	320.000000
0	2.570000	13.913043	240.000000	320.000000
0	2.601000	13.913043	240.000000	320.000000
0	2.632000	13.913043	240.000000	320.000000
0	2.664000	13.913043	240.000000	320.000000
0	2.710000	13.913043	240.000000	320.000000
0	2.742000	13.913043	240.000000	320.000000
0	2.773000	13.913043	240.000000	320.000000
0	2.804000	13.913043	240.000000	320.000000
0	2.835000	13.913043	240.000000	320.000000
0	2.866000	13.913043	240.000000	320.000000
0	2.898000	13.913043	240.000000	320.000000
0	2.944000	13.913043	240.000000	320.000000
0	2.976000	13.913043	240.000000	320.000000
0	3.007000	13.913043	240.000000	320.000000
0	3.038000	13.913043	240.000000	320.000000
0	3.069000	13.913043	240.000000	320.000000
0	3.100000	13.913043	240.000000	320.000000
0	3.132000	13.913043	240.000000	320.000000
0	3.178000	13.913043	240.000000	320.000000
0	3.210000	13.913043	240.000000	320.000000
0	3.241000	13.913043	240.000000	320.000000
0	3.272000	13.913043	240.000000	320.000000
0	3.303000	13.913043	240.000000	320.000000
0	3.334000	13.913043	240.000000	320.000000
0	3.366000	13.913043	240.000000	320.000000
0	3.397000	13.913043	240.000000	320.000000
0	3.444000	13.913043	240.000000	320.000000
0	3.475000	13.913043	240.000000	320.000000
0	3.506000	13.913043	240.000000	320.000000
0	3.537000	13.913043	240.000000	320.000000
0	3.568000	13.913043	240.000000	320.000000
0	3.600000	13.913043	240.000000	320.000000
0	3.631000	13.913043	240.000000	320.000000
0	3.678000	13.913043	240.000000	320.000000
0	3.709000	13.913043	240.000000	320.000000
0	3.740000	13.913043	240.000000	320.000000
0	3.771000	13.913043	240.000000	320.000000
0	3.802000	13.913043	240.000000	320.000000
0	3.834000	13.913043	240.000000	320.000000
0	3.865000	13.913043	240.000000	320.000000
0	3.912000	13.913043	240.000000	320.000000
0	3.943000	13.913043	240.000000	320.000000
0	3.974000	13.913043	240.000000	320.000000
0	4.005000	13.913043	240.000000	320.000000
0	4.036000	13.913043	240.000000	320.000000
0	4.068000	13.913043	240.000000	320.000000
0	4.099000	13.913043	240.000000	320.000000
0	4.130000	13.913043	240.000000	320.000000
0	4.177000	13.913043	240.000000	320.000000
0	4.208000	13.913043	240.000000	320.000000
0	4.239000	13.913043	240.000000	320.000000
0	4.270000	13.913043	240.000000	320.000000
0	4.302000	13.913043	240.000000	320.000000
0	4.333000	13.913043	240.000000	320.000000
0	4.364000	13.913043	240.000000	320.000000
0	4.411000	13.913043	240.000000	320.000000
0	4.442000	13.913043	240.000000	320.000000
0	4.473000	13.913043	240.000000	320.000000
0	4.504000	13.913043	240.000000	320.000000
0	4.536000	13.913043	240.000000	320.000000
0	4.567000	13.913043	240.000000	320.000000
0	4.598000	13.913043	240.000000	320.000000
0	4.645000	13.913043	240.000000	320.000000
0	4.676000	13.913043	240.000000	320.000000
0	4.707000	13.913043	240.000000	320.000000
0	4.738000	13.913043	240.000000	320.000000
0	4.770000	13.913043	240.000000	320.000000
0	4.801000	13.913043	240.000000	320.000000
0	4.832000	13.913043	240.000000	320.000000
0	4.863000	13.913043	240.000000	320.000000
0	4.910000	13.913043	240.000000	320.000000
0	4.941000	13.913043	240.000000	320.000000
0	4.972000	13.913043	240.000000	320.000000
0	5.004000	13.913043	240.000000	320.000000
0	5.035000	13.913043	240.000000	320.000000
0	5.066000	13.913043	240.000000	320.000000
0	5.097000	13.913043	240.000000	320.000000
0	5.128000	13.913043	240.000000	320.000000
0	5.175000	13.913043	240.000000	320.000000
0	5.206000	13.913043	240.000000	320.000000
0	5.238000	13.913043	240.000000	320.000000
0	5.269000	13.913043	240.000000	320.000000
0	5.300000	13.913043	240.000000	320.000000
0	5.331000	13.913043	240.000000	320.000000
0	5.362000	13.913043	240.000000	320.000000
0	5.409000	13.913043	240.000000	320.000000
0	5.440000	13.913043	240.000000	320.000000
0	5.472000	13.913043	240.000000	320.000000
0	5.503000	13.913043	240.000000	320.000000
0	5.534000	13.913043	240.000000	320.000000
0	5.565000	13.913043	240.000000	320.000000
0	5.596000	13.913043	240.000000	320.000000
0	5.643000	13.913043	240.000000	320.000000
0	5.674000	13.913043	240.000000	320.000000
0	5.706000	13.913043	240.000000	320.000000
0	5.737000	13.913043	240.000000	320.000000
0	5.768000	13.913043	240.000000	320.000000
0	5.799000	13.913043	240.000000	320.000000
0	5.830000	13.913043	240.000000	320.000000
0	5.862000	13.913043	240.000000	320.000000
0	5.908000	13.913043	240.000000	320.000000
0	5.940000	13.913043	240.000000	320.000000
0	5.971000	13.913043	240.000000	320.000000
0	6.002000	13.913043	240.000000	320.000000
0	6.033000	13.913043	240.000000	320.000000
0	6.064000	13.913043	240.000000	320.000000
0	6.096000	13.913043	240.000000	320.000000
0	6.142000	13.913043	240.000000	320.000000
0	6.174000	13.913043	240.000000	320.000000
0	6.205000	13.913043	240.000000	320.000000
0	6.236000	13.913043	240.000000	320.000000
0	6.267000	13.913043	240.000000	320.000000
0	6.298000	13.913043	240.000000	320.000000
0	6.330000	13.913043	240.000000	320.000000
0	6.376000	13.913043	240.000000	320.000000
0	6.408000	13.913043	240.000000	320.000000
0	6.439000	13.913043	240.000000	320.000000
0	6.470000	13.913043	240.000000	320.000000
0	6.501000	13.913043	240.000000	320.000000
0	6.532000	13.913043	240.000000	320.000000
0	6.564000	13.913043	240.000000	320.000000
0	6.595000	13.913043	240.000000	320.000000
0	6.642000	13.913043	240.000000	320.000000
0	6.673000	13.913043	240.000000	320.000000
0	6.704000	13.913043	240.000000	320.000000
0	6.735000	13.913043	240.000000	320.000000
0	6.766000	13.913043	240.000000	320.000000
0	6.798000	13.913043	240.000000	320.000000
0	6.829000	13.913043	240.000000	320.000000
0	6.876000	13.913043	240.000000	320.000000
0	6.907000	13.913043	240.000000	320.000000
0	6.938000	13.913043	240.000000	320.000000
0	6.969000	13.913043	240.000000	320.000000
0	7.000000	13.913043	240.000000	320.000000
0	7.032000	13.913043	240.000000	320.000000
0	7.063000	13.913043	240.000000	320.000000
0	7.110000	13.913043	240.000000	320.000000
0	7.141000	13.913043	240.000000	320.000000
0	7.172000	13.913043	240.000000	320.000000
0	7.203000	13.913043	240.000000	320.000000
0	7.234000	13.913043	240.000000	320.000000
0	7.266000	13.913043	240.000000	320.000000
0	7.297000	13.913043	240.000000	320.000000
0	7.328000	13.913043	240.000000	320.000000
0	7.375000	13.913043	240.000000	320.000000
0	7.406000	13.913043	240.000000	320.000000
0	7.437000	13.913043	240.000000	320.000000
0	7.468000	13.913043	240.000000	320.000000
0	7.500000	13.913043	240.000000	320.000000
0	7.531000	13.913043	240.000000	320.000000
0	7.562000	13.913043	240.000000	320.000000
0	7.609000	13.913043	240.000000	320.000000
0	7.640000	13.913043	240.000000	320.000000
0	7.671000	13.913043	240.000000	320.000000
0	7.702000	13.913043	240.000000	320.000000
0	7.734000	13.913043	240.000000	320.000000
0	7.765000	13.913043	240.000000	320.000000
0	7.796000	13.913043	240.000000	320.000000
0	7.843000	13.913043	240.000000	320.000000
0	7.874000	13.913043	240.000000	320.000000
0	7.905000	13.913043	240.000000	320.000000
0	7.936000	13.913043	240.000000	320.000000
0	7.968000	13.913043	240.000000	320.000000
0	7.999000	13.913043	240.000000	320.000000
0	8.030000	13.913043	240.000000	320.000000
0	8.061000	13.913043	240.000000	320.000000
0	8.108000	13.913043	240.000000	320.000000
0	8.139000	13.913043	240.000000	320.000000
0	8.170000	13.913043	240.000000	320.000000
0	8.202000	13.913043	240.000000	320.000000
0	8.233000	13.913043	240.000000	320.000000
0	8.264000	13.913043	240.000000	320.000000
0	8.295000	13.913043	240.000000	320.000000
0	8.342000	13.913043	240.000000	320.000000
0	8.373000	13.913043	240.000000	320.000000
0	8.404000	13.913043	240.000000	320.000000
0	8.436000	13.913043	240.000000	320.000000
0	8.467000	13.913043	240.000000	320.000000
0	8.498000	13.913043	240.000000	320.000000
0	8.529000	13.913043	240.000000	320.000000
0	8.576000	13.913043	240.000000	320.000000
0	8.607000	13.913043	240.000000	320.000000
0	8.638000	13.913043	240.000000	320.000000
0	8.670000	13.913043	240.000000	320.000000
0	8.701000	13.913043	240.000000	320.000000
0	8.732000	13.913043	240.000000	320.000000
0	8.763000	13.913043	240.000000	320.000000
0	8.794000	13.913043	240.000000	320.000000
0	8.841000	13.913043	240.000000	320.000000
0	8.872000	13.913043	240.000000	320.000000
0	8.904000	13.913043	240.000000	320.000000
0	8.935000	13.913043	240.000000	320.000000
0	8.966000	13.913043	240.000000	320.000000
0	8.997000	13.913043	240.000000	320.000000
0	9.028000	13.913043	240.000000	320.000000
0	9.060000	13.913043	240.000000	320.000000
0	9.106000	13.913043	240.000000	320.000000
0	9.138000	13.913043	240.000000	320.000000
0	9.169000	13.913043	240.000000	320.000000
0	9.200000	13.913043	240.000000	320.000000
0	9.231000	13.913043	240.000000	320.000000
0	9.262000	13.913043	240.000000	320.000000
0	9.294000	13.913043	240.000000	320.000000
0	9.340000	13.913043	240.000000	320.000000
0	9.372000	13.913043	240.000000	320.000000
0	9.403000	13.913043	240.000000	320.000000
0	9.434000	13.913043	240.000000	320.000000
0	9.465000	13.913043	240.000000	320.000000
0	9.497000	13.913043	240.000000	320.000000
0	9.528000	13.913043	240.000000	320.000000
0	9.575000	13.913043	240.000000	320.000000
0	9.606000	13.913043	240.000000	320.000000
0	9.637000	13.913043	240.000000	320.000000
0	9.668000	13.913043	240.000000	320.000000
0	9.699000	13.913043	240.000000	320.000000
0	9.731000	13.913043	240.000000	320.000000
0	9.762000	13.913043	240.000000	320.000000
0	9.793000	13.913043	240.000000	320.000000
0	9.840000	13.913043	240.000000	320.000000
0	9.871000	13.913043	240.000000	320.000000
0	9.902000	13.913043	240.000000	320.000000
0	9.933000	13.913043	240.000000	320.000000
0	9.965000	13.913043	240.000000	320.000000
0	9.996000	13.913043	240.000000	320.000000
0	10.027000	13.913043	240.000000	320.000000
0	10.074000	13.913043	240.000000	320.000000
0	10.105000	13.913043	240.000000	320.000000
0	10.136000	13.913043	240.000000	320.000000
0	10.167000	13.913043	240.000000	320.000000
0	10.199000	13.913043	240.000000	320.000000
0	10.230000	13.913043	240.000000	320.000000
0	10.261000	13.913043	240.000000	320.000000
0	10.308000	13.913043	240.000000	320.000000
0	10.339000	13.913043	240.000000	320.000000
0	10.370000	13.913043	240.000000	320.000000
0	10.401000	13.913043	240.000000	320.000000
0	10.433000	13.913043	240.000000	320.000000
0	10.464000	13.913043	240.000000	320.000000
0	10.495000	13.913043	240.000000	320.000000
0	10.526000	13.913043	240.000000	320.000000
0	10.573000	13.913043	240.000000	320.000000
0	10.604000	13.913043	240.000000	320.000000
0	10.635000	13.913043	240.000000	320.000000
0	10.667000	13.913043	240.000000	320.000000
0	10.698000	13.913043	240.000000	320.000000
0	10.729000	13.913043	240.000000	320.000000
0	10.760000	13.913043	240.000000	320.000000
0	10.807000	13.913043	240.000000	320.000000
0	10.838000	13.913043	240.000000	320.000000
0	10.869000	13.913043	240.000000	320.000000
0	10.901000	13.913043	240.000000	320.000000
0	10.932000	13.913043	240.000000	320.000000
0	10.963000	13.913043	240.000000	320.000000
0	10.994000	13.913043	240.000000	320.000000
0	11.041000	13.913043	240.000000	320.000000
0	11.072000	13.913043	240.000000	320.000000
0	11.103000	13.913043	240.000000	320.000000
0	11.135000	13.913043	240.000000	320.000000
0	11.166000	13.913043	240.000000	320.000000
0	11.197000	13.913043	240.000000	320.000000
0	11.228000	13.913043	240.000000	320.000000
0	11.259000	13.913043	240.000000	320.000000
0	11.306000	13.913043	240.000000	320.000000
0	11.337000	13.913043	240.000000	320.000000
0	11.369000	13.913043	240.000000	320.000000
0	11.400000	13.913043	240.000000	320.000000
0	11.431000	13.913043	240.000000	320.000000
0	11.462000	13.913043	240.000000	320.000000
0	11.493000	13.913043	240.000000	320.000000
0	11.540000	13.913043	240.000000	320.000000
0	11.571000	13.913043	240.000000	320.000000
0	11.603000	13.913043	240.000000	320.000000
0	11.634000	13.913043	240.000000	320.000000
0	11.665000	13.913043	240.000000	320.000000
0	11.696000	13.913043	240.000000	320.000000
0	11.727000	13.913043	240.000000	320.000000
0	11.774000	13.913043	240.000000	320.000000
0	11.805000	13.913043	240.000000	320.000000
0	11.837000	13.913043	240.000000	320.000000
0	11.868000	13.913043	240.000000	320.000000
0	11.899000	13.913043	240.000000	320.000000
0	11.930000	13.913043	240.000000	320.000000
0	11.961000	13.913043	240.000000	320.000000
0	11.993000	13.913043	240.000000	320.000000
0	12.039000	13.913043	240.000000	320.000000
0	12.071000	13.913043	240.000000	320.000000
0	12.102000	13.913043	240.000000	320.000000
0	12.133000	13.913043	240.000000	320.000000
0	12.164000	13.913043	240.000000	320.000000
0	12.195000	13.913043	240.000000	320.000000
0	12.227000	13.913043	240.000000	320.000000
0	12.273000	13.913043	240.000000	320.000000
0	12.305000	13.913043	240.000000	320.000000
0	12.336000	13.913043	240.000000	320.000000
0	12.367000	13.913043	240.000000	320.000000
0	12.398000	13.913043	240.000000	320.000000
0	12.429000	13.913043	240.000000	320.000000
0	12.461000	13.913043	240.000000	320.000000
0	12.507000	13.913043	240.000000	320.000000
0	12.539000	13.913043	240.000000	320.000000
0	12.570000	13.913043	240.000000	320.000000
0	12.601000	13.913043	240.000000	320.000000
0	12.632000	13.913043	240.000000	320.000000
0	12.663000	13.913043	240.000000	320.000000
0	12.695000	13.913043	240.000000	320.000000
0	12.726000	13.913043	240.000000	320.000000
0	12.773000	13.913043	240.000000	320.000000
0	12.804000	13.913043	240.000000	320.000000
0	12.835000	13.913043	240.000000	320.000000
0	12.866000	13.913043	240.000000	320.000000
0	12.897000	13.913043	240.000000	320.000000
0	12.929000	13.913043	240.000000	320.000000
0	12.960000	13.913043	240.000000	320.000000
0	13.007000	13.913043	240.000000	320.000000
0	13.038000	13.913043	240.000000	320.000000
0	13.069000	13.913043	240.000000	320.000000
0	13.100000	13.913043	240.000000	320.000000
0	13.131000	13.913043	240.000000	320.000000
0	13.163000	13.913043	240.000000	320.000000
0	13.194000	13.913043	240.000000	320.000000
0	13.225000	13.913043	240.000000	320.000000
0	13.272000	13.913043	240.000000	320.000000
0	13.303000	13.913043	240.000000	320.000000
0	13.334000	13.913043	240.000000	320.000000
0	13.365000	13.913043	240.000000	320.000000
0	13.397000	13.913043	240.000000	320.000000
0	13.428000	13.913043	240.000000	320.000000
0	13.459000	13.913043	240.000000	320.000000
0	13.506000	13.913043	240.000000	320.000000
0	13.537000	13.913043	240.000000	320.000000
0	13.568000	13.913043	240.000000	320.000000
0	13.599000	13.913043	240.000000	320.000000
0	13.631000	13.913043	240.000000	320.000000
0	13.662000	13.913043	240.000000	320.000000
0	13.693000	13.913043	240.000000	320.000000
0	13.724000	13.913043	240.000000	320.000000
0	13.771000	13.913043	240.000000	320.000000
0	13.802000	13.913043	240.000000	320.000000
0	13.833000	13.913043	240.000000	320.000000
0	13.865000	13.913043	240.000000	320.000000
0	13.896000	13.913043	240.000000	320.000000
0	13.927000	13.913043	240.000000	320.000000
0	13.958000	13.913043	240.000000	320.000000
0	14.005000	13.913043	240.000000	320.000000
0	14.036000	13.913043	240.000000	320.000000
0	14.067000	13.913043	240.000000	320.000000
0	14.099000	13.913043	240.000000	320.000000
0	14.130000	13.913043	240.000000	320.000000
0	14.161000	13.913043	240.000000	320.000000
0	14.192000	13.913043	240.000000	320.000000
0	14.239000	13.913043	240.000000	320.000000
0	14.270000	13.913043	240.000000	320.000000
0	14.301000	13.913043	240.000000	320.000000
0	14.333000	13.913043	240.000000	320.000000
0	14.364000	13.913043	240.000000	320.000000
0	14.395000	13.913043	240.000000	320.000000
0	14.426000	13.913043	240.000000	320.000000
0	14.457000	13.913043	240.000000	320.000000
0	14.504000	13.913043	240.000000	320.000000
0	14.535000	13.913043	240.000000	320.000000
0	14.567000	13.913043	240.000000	320.000000
0	14.598000	13.913043	240.000000	320.000000
0	14.629000	13.913043	240.000000	320.000000
0	14.660000	13.913043	240.000000	320.000000
0	14.691000	13.913043	240.000000	320.000000
0	14.738000	13.913043	240.000000	320.000000
0	14.769000	13.913043	240.000000	320.000000
0	14.801000	13.913043	240.000000	320.000000
0	14.832000	13.913043	240.000000	320.000000
0	14.863000	13.913043	240.000000	320.000000
0	14.894000	13.913043	240.000000	320.000000
0	14.925000	13.913043	240.000000	320.000000
0	14.972000	13.913043	240.000000	320.000000
0	15.003000	13.913043	240.000000	320.000000
0	15.035000	13.913043	240.000000	320.000000
0	15.066000	13.913043	240.000000	320.000000
0	15.097000	13.913043	240.000000	320.000000
0	15.128000	13.913043	240.000000	320.000000
0	15.159000	13.913043	240.000000	320.000000
0	15.191000	13.913043	240.000000	320.000000
0	15.237000	13.913043	240.000000	320.000000
0	15.269000	13.913043	240.000000	320.000000
0	15.300000	13.913043	240.000000	320.000000
0	15.331000	13.913043	240.000000	320.000000
0	15.362000	13.913043	240.000000	320.000000
0	15.393000	13.913043	240.000000	320.000000
0	15.425000	13.913043	240.000000	320.000000
0	15.471000	13.913043	240.000000	320.000000
0	15.503000	13.913043	240.000000	320.000000
0	15.534000	13.913043	240.000000	320.000000
0	15.565000	13.913043	240.000000	320.000000
0	15.596000	13.913043	240.000000	320.000000
0	15.627000	13.913043	240.000000	320.000000
0	15.659000	13.913043	240.000000	320.000000
0	15.705000	13.913043	240.000000	320.000000
0	15.737000	13.913043	240.000000	320.000000
0	15.768000	13.913043	240.000000	320.000000
0	15.799000	13.913043	240.000000	320.000000
0	15.830000	13.913043	240.000000	320.000000
0	15.861000	13.913043	240.000000	320.000000
0	15.893000	13.913043	240.000000	320.000000
0	15.924000	13.913043	240.000000	320.000000
0	15.971000	13.913043	240.000000	320.000000
0	16.002000	13.913043	240.000000	320.000000
0	16.033000	13.913043	240.000000	320.000000
0	16.064000	13.913043	240.000000	320.000000
0	16.095000	13.913043	240.000000	320.000000
0	16.127000	13.913043	240.000000	320.000000
0	16.158000	13.913043	240.000000	320.000000
0	16.205000	13.913043	240.000000	320.000000
0	16.236000	13.913043	240.000000	320.000000
0	16.267000	13.913043	240.000000	320.000000
0	16.298000	13.913043	240.000000	320.000000
0	16.329000	13.913043	240.000000	320.000000
0	16.361000	13.913043	240.000000	320.000000
0	16.392000	13.913043	240.000000	320.000000
0	16.439000	13.913043	240.000000	320.000000
0	16.470000	13.913043	240.000000	320.000000
0	16.501000	13.913043	240.000000	320.000000
0	16.532000	13.913043	240.000000	320.000000
0	16.563000	13.913043	240.000000	320.000000
0	16.595000	13.913043	240.000000	320.000000
0	16.626000	13.913043	240.000000	320.000000
0	16.657000	13.913043	240.000000	320.000000
0	16.704000	13.913043	240.000000	320.000000
0	16.735000	13.913043	240.000000	320.000000
0	16.766000	13.913043	240.000000	320.000000
0	16.797000	13.913043	240.000000	320.000000
0	16.829000	13.913043	240.000000	320.000000
0	16.860000	13.913043	240.000000	320.000000
0	16.891000	13.913043	240.000000	320.000000
0	16.938000	13.913043	240.000000	320.000000
0	16.969000	13.913043	240.000000	320.000000
0	17.000000	13.913043	240.000000	320.000000
0	17.031000	13.913043	240.000000	320.000000
0	17.063000	13.913043	240.000000	320.000000
0	17.094000	13.913043	240.000000	320.000000
0	17.125000	13.913043	240.000000	320.000000
0	17.156000	13.913043	240.000000	320.000000
0	17.203000	13.913043	240.000000	320.000000
0	17.234000	13.913043	240.000000	320.000000
0	17.265000	13.913043	240.000000	320.000000
0	17.297000	13.913043	240.000000	320.000000
0	17.328000	13.913043	240.000000	320.000000
0	17.359000	13.913043	240.000000	320.000000
0	17.390000	13.913043	240.000000	320.000000
0	17.437000	13.913043	240.000000	320.000000
0	17.468000	13.913043	240.000000	320.000000
0	17.499000	13.913043	240.000000	320.000000
0	17.531000	13.913043	240.000000	320.000000
0	17.562000	13.913043	240.000000	320.000000
0	17.593000	13.913043	240.000000	320.000000
0	17.624000	13.913043	240.000000	320.000000
0	17.671000	13.913043	240.000000	320.000000
0	17.702000	13.913043	240.000000	320.000000
0	17.733000	13.913043	240.000000	320.000000
0	17.765000	13.913043	240.000000	320.000000
0	17.796000	13.913043	240.000000	320.000000
0	17.827000	13.913043	240.000000	320.000000
0	17.858000	13.913043	240.000000	320.000000
0	17.889000	13.913043	240.000000	320.000000
0	17.936000	13.913043	240.000000	320.000000
0	17.967000	13.913043	240.000000	320.000000
0	17.999000	13.913043	240.000000	320.000000
0	18.030000	13.913043	240.000000	320.000000
0	18.061000	13.913043	240.000000	320.000000
0	18.092000	13.913043	240.000000	320.000000
0	18.123000	13.913043	240.000000	320.000000
0	18.170000	13.913043	240.000000	320.000000
0	18.201000	13.913043	240.000000	320.000000
0	18.233000	13.913043	240.000000	320.000000
0	18.264000	13.913043	240.000000	320.000000
0	18.295000	13.913043	240.000000	320.000000
0	18.326000	13.913043	240.000000	320.000000
0	18.357000	13.913043	240.000000	320.000000
0	18.404000	13.913043	240.000000	320.000000
0	18.435000	13.913043	240.000000	320.000000
0	18.467000	13.913043	240.000000	320.000000
0	18.498000	13.913043	240.000000	320.000000
0	18.529000	13.913043	240.000000	320.000000
0	18.560000	13.913043	240.000000	320.000000
0	18.591000	13.913043	240.000000	320.000000
0	18.623000	13.913043	240.000000	320.000000
0	18.669000	13.913043	240.000000	320.000000
0	18.701000	13.913043	240.000000	320.000000
0	18.732000	13.913043	240.000000	320.000000
0	18.763000	13.913043	240.000000	320.000000
0	18.794000	13.913043	240.000000	320.000000
0	18.825000	13.913043	240.000000	320.000000
0	18.857000	13.913043	240.000000	320.000000
0	18.903000	13.913043	240.000000	320.000000
0	18.935000	13.913043	240.000000	320.000000
0	18.966000	13.913043	240.000000	320.000000
0	18.997000	13.913043	240.000000	320.000000
0	19.028000	13.913043	240.000000	320.000000
0	19.059000	13.913043	240.000000	320.000000
0	19.091000	13.913043	240.000000	320.000000
0	19.122000	13.913043	240.000000	320.000000
0	19.169000	13.913043	240.000000	320.000000
0	19.200000	13.913043	240.000000	320.000000
0	19.231000	13.913043	240.000000	320.000000
0	19.262000	13.913043	240.000000	320.000000
0	19.293000	13.913043	240.000000	320.000000
0	19.325000	13.913043	240.000000	320.000000
0	19.356000	13.913043	240.000000	320.000000
0	19.403000	13.913043	240.000000	320.000000
0	19.434000	13.913043	240.000000	320.000000
0	19.465000	13.913043	240.000000	320.000000
0	19.496000	13.913043	240.000000	320.000000
0	19.527000	13.913043	240.000000	320.000000
0	19.559000	13.913043	240.000000	320.000000
0	19.590000	13.913043	240.000000	320.000000
0	19.637000	13.913043	240.000000	320.000000
0	19.668000	13.913043	240.000000	320.000000
0	19.699000	13.913043	240.000000	320.000000
0	19.730000	13.913043	240.000000	320.000000
0	19.761000	13.913043	240.000000	320.000000
0	19.793000	13.913043	240.000000	320.000000
0	19.824000	13.913043	240.000000	320.000000
0	19.855000	13.913043	240.000000	320.000000
0	19.902000	13.913043	240.000000	320.000000
0	19.933000	13.913043	240.000000	320.000000
0	19.964000	13.913043	240.000000	320.000000
0	19.995000	13.913043	240.000000	320.000000
0	20.027000	13.913043	240.000000	320.000000
0	20.058000	13.913043	240.000000	320.000000
0	20.089000	13.913043	240.000000	320.000000
0	20.136000	13.913043	240.000000	320.000000
0	20.167000	13.913043	240.000000	320.000000
0	20.198000	13.913043	240.000000	320.000000
0	20.229000	13.913043	240.000000	320.000000
0	20.261000	13.913043	240.000000	320.000000
0	20.292000	13.913043	240.000000	320.000000
0	20.323000	13.913043	240.000000	320.000000
0	20.370000	13.913043	240.000000	320.000000
0	20.401000	13.913043	240.000000	320.000000
0	20.432000	13.913043	240.000000	320.000000
0	20.463000	13.913043	240.000000	320.000000
0	20.495000	13.913043	240.000000	320.000000
0	20.526000	13.913043	240.000000	320.000000
0	20.557000	13.913043	240.000000	320.000000
0	20.588000	13.913043	240.000000	320.000000
0	20.635000	13.913043	240.000000	320.000000
0	20.666000	13.913043	240.000000	320.000000
0	20.697000	13.913043	240.000000	320.000000
0	20.729000	13.913043	240.000000	320.000000
0	20.760000	13.913043	240.000000	320.000000
0	20.791000	13.913043	240.000000	320.000000
0	20.822000	13.913043	240.000000	320.000000
0	20.869000	13.913043	240.000000	320.000000
0	20.900000	13.913043	240.000000	320.000000
0	20.931000	13.913043	240.000000	320.000000
0	20.963000	13.913043	240.000000	320.000000
0	20.994000	13.913043	240.000000	320.000000
0	21.025000	13.913043	240.000000	320.000000
0	21.056000	13.913043	240.000000	320.000000
0	21.087000	13.913043	240.000000	320.000000
0	21.134000	13.913043	240.000000	320.000000
0	21.165000	13.913043	240.000000	320.000000
0	21.197000	13.913043	240.000000	320.000000
0	21.228000	13.913043	240.000000	320.000000
0	21.259000	13.913043	240.000000	320.000000
0	21.290000	13.913043	240.000000	320.000000
0	21.321000	13.913043	240.000000	320.000000
0	21.368000	13.913043	240.000000	320.000000
0	21.399000	13.913043	240.000000	320.000000
0	21.431000	13.913043	240.000000	320.000000
0	21.462000	13.913043	240.000000	320.000000
0	21.493000	13.913043	240.000000	320.000000
0	21.524000	13.913043	240.000000	320.000000
0	21.555000	13.913043	240.000000	320.000000
0	21.602000	13.913043	240.000000	320.000000
0	21.633000	13.913043	240.000000	320.000000
0	21.665000	13.913043	240.000000	320.000000
0	21.696000	13.913043	240.000000	320.000000
0	21.727000	13.913043	240.000000	320.000000
0	21.758000	13.913043	240.000000	320.000000
0	21.789000	13.913043	240.000000	320.000000
0	21.821000	13.913043	240.000000	320.000000
0	21.867000	13.913043	240.000000	320.000000
0	21.899000	13.913043	240.000000	320.000000
0	21.930000	13.913043	240.000000	320.000000
0	21.961000	13.913043	240.000000	320.000000
0	21.992000	13.913043	240.000000	320.000000
0	22.023000	13.913043	240.000000	320.000000
0	22.055000	13.913043	240.000000	320.000000
0	22.101000	13.913043	240.000000	320.000000
0	22.133000	13.913043	240.000000	320.000000
0	22.164000	13.913043	240.000000	320.000000
0	22.195000	13.913043	240.000000	320.000000
0	22.226000	13.913043	240.000000	320.000000
0	22.257000	13.913043	240.000000	320.000000
0	22.289000	13.913043	240.000000	320.000000
0	22.335000	13.913043	240.000000	320.000000
0	22.367000	13.913043	240.000000	320.000000
0	22.398000	13.913043	240.000000	320.000000
0	22.429000	13.913043	240.000000	320.000000
0	22.460000	13.913043	240.000000	320.000000
0	22.491000	13.913043	240.000000	320.000000
0	22.523000	13.913043	240.000000	320.000000
0	22.554000	13.913043	240.000000	320.000000
0	22.601000	13.913043	240.000000	320.000000
0	22.632000	13.913043	240.000000	320.000000
0	22.663000	13.913043	240.000000	320.000000
0	22.694000	13.913043	240.000000	320.000000
0	22.725000	13.913043	240.000000	320.000000
0	22.757000	13.913043	240.000000	320.000000
0	22.788000	13.913043	240.000000	320.000000
0	22.835000	13.913043	240.000000	320.000000
0	22.866000	13.913043	240.000000	320.000000
0	22.897000	13.913043	240.000000	320.000000
0	22.928000	13.913043	240.000000	320.000000
0	22.959000	13.913043	240.000000	320.000000
0	22.991000	13.913043	240.000000	320.000000
0	23.022000	13.913043	240.000000	320.000000
0	23.069000	13.913043	240.000000	320.000000
0	23.100000	13.913043	240.000000	320.000000
0	23.131000	13.913043	240.000000	320.000000
0	23.162000	13.913043	240.000000	320.000000
0	23.193000	13.913043	240.000000	320.000000
0	23.225000	13.913043	240.000000	320.000000
0	23.256000	13.913043	240.000000	320.000000
0	23.287000	13.913043	240.000000	320.000000
0	23.334000	13.913043	240.000000	320.000000
0	23.365000	13.913043	240.000000	320.000000
0	23.396000	13.913043	240.000000	320.000000
0	23.427000	13.913043	240.000000	320.000000
0	23.459000	13.913043	240.000000	320.000000
0	23.490000	13.913043	240.000000	320.000000
0	23.521000	13.913043	240.000000	320.000000
0	23.568000	13.913043	240.000000	320.000000
0	23.599000	13.913043	240.000000	320.000000
0	23.630000	13.913043	240.000000	320.000000
0	23.661000	13.913043	240.000000	320.000000
0	23.693000	13.913043	240.000000	320.000000
0	23.724000	13.913043	240.000000	320.000000
0	23.755000	13.913043	240.000000	320.000000
0	23.802000	13.913043	240.000000	320.000000
0	23.833000	13.913043	240.000000	320.000000
0	23.864000	13.913043	240.000000	320.000000
0	23.895000	13.913043	240.000000	320.000000
0	23.927000	13.913043	240.000000	320.000000
0	23.958000	13.913043	240.000000	320.000000
0	23.989000	13.913043	240.000000	320.000000
0	24.020000	13.913043	240.000000	320.000000
0	24.067000	13.913043	240.000000	320.000000
0	24.098000	13.913043	240.000000	320.000000
0	24.129000	13.913043	240.000000	320.000000
0	24.161000	13.913043	240.000000	320.000000
0	24.192000	13.913043	240.000000	320.000000
0	24.223000	13.913043	240.000000	320.000000
0	24.254000	13.913043	240.000000	320.000000
0	24.301000	13.913043	240.000000	320.000000
0	24.332000	13.913043	240.000000	320.000000
0	24.363000	13.913043	240.000000	320.000000
0	24.395000	13.913043	240.000000	320.000000
0	24.426000	13.913043	240.000000	320.000000
0	24.457000	13.913043	240.000000	320.000000
0	24.488000	13.913043	240.000000	320.000000
0	24.519000	13.913043	240.000000	320.000000
0	24.566000	13.913043	240.000000	320.000000
0	24.597000	13.913043	240.000000	320.000000
0	24.629000	13.913043	240.000000	320.000000
0	24.660000	13.913043	240.000000	320.000000
0	24.691000	13.913043	240.000000	320.000000
0	24.722000	13.913043	240.000000	320.000000
0	24.753000	13.913043	240.000000	320.000000
0	24.800000	13.913043	240.000000	320.000000
0	24.831000	13.913043	240.000000	320.000000
0	24.863000	13.913043	240.000000	320.000000
0	24.894000	13.913043	240.000000	320.000000
0	24.925000	13.913043	240.000000	320.000000
0	24.956000	13.913043	240.000000	320.000000
0	24.987000	13.913043	240.000000	320.000000
0	25.019000	13.913043	240.000000	320.000000
0	25.065000	13.913043	240.000000	320.000000
0	25.097000	13.913043	240.000000	320.000000
0	25.128000	13.913043	240.000000	320.000000
0	25.159000	13.913043	240.000000	320.000000
0	25.190000	13.913043	240.000000	320.000000
0	25.221000	13.913043	240.000000	320.000000
0	25.253000	13.913043	240.000000	320.000000
0	25.299000	13.913043	240.000000	320.000000
0	25.331000	13.913043	240.000000	320.000000
0	25.362000	13.913043	240.000000	320.000000
0	25.393000	13.913043	240.000000	320.000000
0	25.424000	13.913043	240.000000	320.000000
0	25.455000	13.913043	240.000000	320.000000
0	25.487000	13.913043	240.000000	320.000000
0	25.533000	13.913043	240.000000	320.000000
0	25.565000	13.913043	240.000000	320.000000
0	25.596000	13.913043	240.000000	320.000000
0	25.627000	13.913043	240.000000	320.000000
0	25.658000	13.913043	240.000000	320.000000
0	25.689000	13.913043	240.000000	320.000000
0	25.721000	13.913043	240.000000	320.000000
0	25.752000	13.913043	240.000000	320.000000
0	25.799000	13.913043	240.000000	320.000000
0	25.830000	13.913043	240.000000	320.000000
0	25.861000	13.913043	240.000000	320.000000
0	25.892000	13.913043	240.000000	320.000000
0	25.923000	13.913043	240.000000	320.000000
0	25.955000	13.913043	240.000000	320.000000
0	25.986000	13.913043	240.000000	320.000000
0	26.033000	13.913043	240.000000	320.000000
0	26.064000	13.913043	240.000000	320.000000
0	26.095000	13.913043	240.000000	320.000000
0	26.126000	13.913043	240.000000	320.000000
0	26.157000	13.913043	240.000000	320.000000
0	26.189000	13.913043	240.000000	320.000000
0	26.220000	13.913043	240.000000	320.000000
0	26.267000	13.913043	240.000000	320.000000
0	26.298000	13.913043	240.000000	320.000000
0	26.329000	13.913043	240.000000	320.000000
0	26.360000	13.913043	240.000000	320.000000
0	26.391000	13.913043	240.000000	320.000000
0	26.423000	13.913043	240.000000	320.000000
0	26.454000	13.913043	240.000000	320.000000
0	26.485000	13.913043	240.000000	320.000000
0	26.532000	13.913043	240.000000	320.000000
0	26.563000	13.913043	240.000000	320.000000
0	26.594000	13.913043	240.000000	320.000000
0	26.625000	13.913043	240.000000	320.000000
0	26.657000	13.913043	240.000000	320.000000
0	26.688000	13.913043	240.000000	320.000000
0	26.719000	13.913043	240.000000	320.000000
0	26.766000	13.913043	240.000000	320.000000
0	26.797000	13.913043	240.000000	320.000000
0	26.828000	13.913043	240.000000	320.000000
0	26.859000	13.913043	240.000000	320.000000
0	26.891000	13.913043	240.000000	320.000000
0	26.922000	13.913043	240.000000	320.000000
0	26.953000	13.913043	240.000000	320.000000
0	27.000000	13.913043	240.000000	320.000000
0	27.031000	13.913043	240.000000	320.000000
0	27.062000	13.913043	240.000000	320.000000
0	27.093000	13.913043	240.000000	320.000000
0	27.125000	13.913043	240.000000	320.000000
0	27.156000	13.913043	240.000000	320.000000
0	27.187000	13.913043	240.000000	320.000000
0	27.218000	13.913043	240.000000	320.000000
0	27.265000	13.913043	240.000000	320.000000
0	27.296000	13.913043	240.000000	320.000000
0	27.327000	13.913043	240.000000	320.000000
0	27.359000	13.913043	240.000000	320.000000
0	27.390000	13.913043	240.000000	320.000000
0	27.421000	13.913043	240.000000	320.000000
0	27.452000	13.913043	240.000000	320.000000
0	27.499000	13.913043	240.000000	320.000000
0	27.530000	13.913043	240.000000	320.000000
0	27.561000	13.913043	240.000000	320.000000
0	27.593000	13.913043	240.000000	320.000000
0	27.624000	13.913043	240.000000	320.000000
0	27.655000	13.913043	240.000000	320.000000
0	27.686000	13.913043	240.000000	320.000000
0	27.733000	13.913043	240.000000	320.000000
0	27.764000	13.913043	240.000000	320.000000
0	27.795000	13.913043	240.000000	320.000000
0	27.827000	13.913043	240.000000	320.000000
0	27.858000	13.913043	240.000000	320.000000
0	27.889000	13.913043	240.000000	320.000000
0	27.920000	13.913043	240.000000	320.000000
0	27.951000	13.913043	240.000000	320.000000
0	27.998000	13.913043	240.000000	320.000000
0	28.029000	13.913043	240.000000	320.000000
0	28.061000	13.913043	240.000000	320.000000
0	28.092000	13.913043	240.000000	320.000000
0	28.123000	13.913043	240.000000	320.000000
0	28.154000	13.913043	240.000000	320.000000
0	28.185000	13.913043	240.000000	320.000000
0	28.232000	13.913043	240.000000	320.000000
0	28.263000	13.913043	240.000000	320.000000
0	28.295000	13.913043	240.000000	320.000000
0	28.326000	13.913043	240.000000	320.000000
0	28.357000	13.913043	240.000000	320.000000
0	28.388000	13.913043	240.000000	320.000000
0	28.419000	13.913043	240.000000	320.000000
0	28.466000	13.913043	240.000000	320.000000
0	28.497000	13.913043	240.000000	320.000000
0	28.529000	13.913043	240.000000	320.000000
0	28.560000	13.913043	240.000000	320.000000
0	28.591000	13.913043	240.000000	320.000000
0	28.622000	13.913043	240.000000	320.000000
0	28.653000	13.913043	240.000000	320.000000
0	28.685000	13.913043	240.000000	320.000000
0	28.731000	13.913043	240.000000	320.000000
0	28.763000	13.913043	240.000000	320.000000
0	28.794000	13.913043	240.000000	320.000000
0	28.825000	13.913043	240.000000	320.000000
0	28.856000	13.913043	240.000000	320.000000
0	28.887000	13.913043	240.000000	320.000000
0	28.919000	13.913043	240.000000	320.000000
0	28.950000	13.913043	240.000000	320.000000
0	28.997000	13.913043	240.000000	320.000000
0	29.028000	13.913043	240.000000	320.000000
0	29.059000	13.913043	240.000000	320.000000
0	29.090000	13.913043	240.000000	320.000000
0	29.121000	13.913043	240.000000	320.000000
0	29.153000	13.913043	240.000000	320.000000
0	29.184000	13.913043	240.000000	320.000000
0	29.231000	13.913043	240.000000	320.000000
0	29.262000	13.913043	240.000000	320.000000
0	29.293000	13.913043	240.000000	320.000000
0	29.324000	13.913043	240.000000	320.000000
0	29.355000	13.913043	240.000000	320.000000
0	29.387000	13.913043	240.000000	320.000000
0	29.418000	13.913043	240.000000	320.000000
0	29.465000	13.913043	240.000000	320.000000
0	29.496000	13.913043	240.000000	320.000000
0	29.527000	13.913043	240.000000	320.000000
0	29.558000	13.913043	240.000000	320.000000
0	29.589000	13.913043	240.000000	320.000000
0	29.621000	13.913043	240.000000	320.000000
0	29.652000	13.913043	240.000000	320.000000
0	29.683000	13.913043	240.000000	320.000000
0	29.730000	13.913043	240.000000	320.000000
0	29.761000	13.913043	240.000000	320.000000
0	29.792000	13.913043	240.000000	320.000000
0	29.823000	13.913043	240.000000	320.000000
0	29.855000	13.913043	240.000000	320.000000
0	29.886000	13.913043	240.000000	320.000000
0	29.917000	13.913043	240.000000	320.000000
0	29.964000	13.913043	240.000000	320.000000
<\LEFT-PUPIL-DATA>
<RIGHT-PUPIL-ANALYSIS>
1
0	0	18	902	0	0	0.509000	29.517000	0.508000	4.006067	0.000000	0.000000	0.000000	0	3	3	3	3	0	0	0	0.000000	0.000000	0.000000	0.000000	0.000000	0.000000	0.000000	-1.000000	0.000000	0	0.905706	0.577047	0.644291	0.262419	5.696000	-0.056181	-2.430096	-1.000000	0.143578	1	0.905706	0.577047	0.644291	0.262419	5.696000	-1.394348	-1.519358	-1.000000	0.079315
<\RIGHT-PUPIL-ANALYSIS>
<LEFT-PUPIL-ANALYSIS>
1
0	0	17	901	0	0	0.509000	29.517000	0.508000	4.006067	0.000000	0.000000	0.000000	0	3	3	3	3	0	0	0	0.000000	0.000000	0.000000	0.000000	0.000000	0.000000	0.000000	-1.000000	0.000000	0	-0.034783	-0.034783	0.000950	0.000950	0.002000	0.000000	0.000000	-1.000000	0.000000	1	-0.034783	-0.034783	0.000950	0.000950	0.002000	-1000000.000000	-1000000.000000	-1.000000	0.000000
<\LEFT-PUPIL-ANALYSIS>
%%%%%%%%%
%%%%%%%%%
%%%%%%%%%
%%%	Measurement Tiime is: 2017-08-15 09:43:58
%%%	Subject ID is: c57-1mois-m1-0.6b
%%%	Note: 
%%%	RSS: Default Human Relative Spectral Sensitivity
%%%	Pupil Analysis:
%%%
%%%
%%%
%%%	Pulse Index:	0
%%%	Stimulus Session Index:	0
%%%	Right Pupil Stimulated
%%%	Light Metric is Photopic
%%%	Stimulus Start Time(sec):	0.51
%%%	Stimulus Duration(sec):	29.52
%%%	Stimulus Pulse Duration(sec):	0.51
%%%	Right Pulse:	4.01	(Blue )	-	0.00	(Blue )	[Lux ]
%%%	Left Pulse:	0.00	(Blue )	-	0.00	(Blue )	[Lux ]
%%%
%%%		RIGHT	LEFT	R.Pupil Mean	L.Pupil Mean	R.Stim Mean	R.Stim Mean
%%%	INPUT:	RAW DATA	RAW DATA
%%%	STATE:	ABNORMAL	ABNORMAL	ABNORMAL	ABNORMAL	ABNORMAL	ABNORMAL
%%%	MAX(mm):	0.00	0.00	0.00	0.00	0.00	0.00
%%%	MIN(mm):	0.00	0.00	0.00	0.00	0.00	0.00
%%%	DELTA(mm):						
%%%	CH(%):						
%%%	LAT(sec):	0.00	0.00	0.00	0.00	0.00	0.00
%%%	CV(mm/s):	0.00	0.00	0.00	0.00	0.00	0.00
%%%	MCV(mm/s):	0.00	0.00	0.00	0.00	0.00	0.00
%%%	DV(mm/s):	0.00	0.00	0.00	0.00	0.00	0.00
%%%%%%%%%
%%%%%%%%%
%%%%%%%%%
%%%	Right Pupil Profile (1st row -> 1 == valid tracking, 0 == invalid tracking; 2nd row -> time; 3rd row -> diameter (mm))
%%%	1	0	1	0	1	1	1	1	1	1	0	1	1	1	1	1	1	1	1	1	0	0	0	0	1	1	1	1	1	0	0	0	0	1	0	0	0	0	1	0	0	0	0	0	0	0	0	0	0	0	0	0	0	0	0	0	0	0	0	0	1	1	0	0	0	0	0	0	0	0	0	1	0	0	0	1	0	0	0	0	0	0	1	1	0	0	0	1	0	1	0	0	1	1	0	0	1	1	0	0	0	1	0	1	0	1	0	0	0	0	1	0	0	0	0	0	1	1	0	1	0	1	1	1	1	0	0	0	0	1	1	1	0	0	0	0	1	1	0	0	0	0	1	0	1	1	1	1	0	1	1	1	1	0	1	1	1	1	1	1	1	0	1	1	1	1	1	1	1	1	0	0	1	1	0	1	1	1	0	1	1	1	1	1	1	1	0	0	1	0	1	1	1	1	0	0	1	0	1	0	0	1	0	1	1	1	1	1	0	0	0	1	1	1	1	1	0	1	0	0	1	0	1	0	0	1	0	0	0	1	1	0	1	1	1	0	0	0	0	0	1	1	0	1	1	0	0	1	1	1	0	0	0	1	1	1	0	0	0	0	0	0	1	0	0	1	1	1	1	1	1	1	1	0	0	1	1	1	1	1	1	1	1	0	1	1	1	0	1	0	1	0	0	1	0	0	1	1	1	0	1	0	0	1	1	1	1	1	1	1	1	1	1	1	1	1	1	1	1	1	1	1	1	1	1	1	1	1	1	1	1	1	1	1	1	1	1	1	0	1	0	1	1	1	1	1	0	1	1	0	1	1	1	1	0	0	0	1	0	1	1	1	1	1	1	1	1	1	1	1	1	1	1	1	1	1	0	1	0	1	0	0	0	0	1	1	1	1	1	1	0	1	0	1	0	0	1	1	0	0	1	1	1	1	1	0	1	1	1	1	1	0	1	1	1	1	0	1	0	0	0	1	1	1	1	1	1	1	0	1	1	1	0	1	0	1	0	0	0	1	1	0	0	0	1	0	1	0	0	1	0	1	1	1	1	1	1	1	0	0	1	1	0	0	1	1	1	1	1	1	1	1	1	1	1	1	1	1	1	1	1	1	1	1	0	1	0	1	1	1	1	1	1	1	1	1	1	1	1	1	1	1	1	1	1	1	1	1	1	1	1	1	1	1	1	1	1	1	1	1	1	0	1	1	0	1	1	1	1	1	1	1	0	0	0	0	1	1	0	1	0	1	1	0	1	1	0	1	1	1	1	1	0	1	0	1	0	1	1	1	0	1	1	1	1	1	0	1	1	0	1	1	1	1	1	1	1	0	0	1	1	1	1	0	0	0	1	0	0	0	0	1	1	0	1	0	1	1	0	0	0	0	0	0	1	0	1	1	1	1	0	0	1	0	0	0	1	1	1	0	0	1	0	1	1	0	0	0	0	1	0	0	1	1	0	1	0	1	1	0	0	1	1	1	1	1	1	1	1	0	1	1	1	1	0	0	0	1	1	1	0	1	0	1	1	0	0	1	1	0	0	0	0	1	0	0	1	0	1	1	0	1	0	0	0	0	1	1	0	1	0	1	1	1	0	0	1	1	1	0	1	1	0	1	0	1	1	1	0	0	0	0	1	1	0	0	0	1	1	0	1	0	0	1	1	1	0	1	0	0	1	0	0	0	0	1	0	0	0	0	1	1	1	1	1	1	1	0	1	1	1	1	1	0	1	0	0	1	0	1	0	1	0	1	0	1	0	0	0	0	1	0	1	0	0	1	0	0	1	0	0	0	0	0	1	0	1	1	1	0	0	0	1	0	1	0	0	0	0	0	0	0	0	1	0	1	0	0	0	0	1	1	1	1	0	0	1	0	1	1	1	1	1	1	1	1	1	0	1	1	1	0	0	1	1	1	1	1	1	1	1	1	1	1	1	1	1	1	1	1	1	1	1	1	1	1	1	1	1	0	1	1	1	0	1	1	1	1	1	1	1	1	1	0	1	1	1	1	1	1	0	1	1	1	0	1	1	0	1	1	0	0	0	1	0	1	0	1	1	0	1	1	1
%%%	-0.066000	-0.035000	-0.004000	0.043000	0.074000	0.105000	0.136000	0.168000	0.199000	0.230000	0.261000	0.308000	0.339000	0.370000	0.402000	0.433000	0.464000	0.495000	0.542000	0.573000	0.604000	0.636000	0.667000	0.698000	0.729000	0.760000	0.807000	0.838000	0.870000	0.901000	0.932000	0.963000	0.994000	1.041000	1.072000	1.104000	1.135000	1.166000	1.197000	1.228000	1.275000	1.306000	1.338000	1.369000	1.400000	1.431000	1.462000	1.494000	1.540000	1.572000	1.603000	1.634000	1.665000	1.696000	1.728000	1.774000	1.806000	1.837000	1.868000	1.899000	1.930000	1.962000	2.008000	2.040000	2.071000	2.102000	2.133000	2.164000	2.196000	2.227000	2.274000	2.305000	2.336000	2.367000	2.398000	2.430000	2.461000	2.508000	2.539000	2.570000	2.601000	2.632000	2.664000	2.695000	2.742000	2.773000	2.804000	2.835000	2.866000	2.898000	2.929000	2.960000	3.007000	3.038000	3.069000	3.100000	3.132000	3.163000	3.194000	3.241000	3.272000	3.303000	3.334000	3.366000	3.397000	3.428000	3.475000	3.506000	3.537000	3.568000	3.600000	3.631000	3.662000	3.693000	3.740000	3.771000	3.802000	3.834000	3.865000	3.896000	3.927000	3.974000	4.005000	4.036000	4.068000	4.099000	4.130000	4.161000	4.192000	4.239000	4.270000	4.302000	4.333000	4.364000	4.395000	4.426000	4.473000	4.504000	4.536000	4.567000	4.598000	4.629000	4.660000	4.707000	4.738000	4.770000	4.801000	4.832000	4.863000	4.894000	4.926000	4.972000	5.004000	5.035000	5.066000	5.097000	5.128000	5.160000	5.206000	5.238000	5.269000	5.300000	5.331000	5.362000	5.394000	5.440000	5.472000	5.503000	5.534000	5.565000	5.596000	5.628000	5.659000	5.706000	5.737000	5.768000	5.799000	5.830000	5.862000	5.893000	5.940000	5.971000	6.002000	6.033000	6.064000	6.096000	6.127000	6.158000	6.205000	6.236000	6.267000	6.298000	6.330000	6.361000	6.392000	6.439000	6.470000	6.501000	6.532000	6.564000	6.595000	6.626000	6.673000	6.704000	6.735000	6.766000	6.798000	6.829000	6.860000	6.891000	6.938000	6.969000	7.000000	7.032000	7.063000	7.094000	7.125000	7.172000	7.203000	7.234000	7.266000	7.297000	7.328000	7.359000	7.406000	7.437000	7.468000	7.500000	7.531000	7.562000	7.593000	7.624000	7.671000	7.702000	7.734000	7.765000	7.796000	7.827000	7.858000	7.905000	7.936000	7.968000	7.999000	8.030000	8.061000	8.092000	8.124000	8.170000	8.202000	8.233000	8.264000	8.295000	8.326000	8.358000	8.404000	8.436000	8.467000	8.498000	8.529000	8.560000	8.592000	8.638000	8.670000	8.701000	8.732000	8.763000	8.794000	8.826000	8.857000	8.904000	8.935000	8.966000	8.997000	9.028000	9.060000	9.091000	9.138000	9.169000	9.200000	9.231000	9.262000	9.294000	9.325000	9.372000	9.403000	9.434000	9.465000	9.497000	9.528000	9.559000	9.590000	9.637000	9.668000	9.699000	9.731000	9.762000	9.793000	9.824000	9.871000	9.902000	9.933000	9.965000	9.996000	10.027000	10.058000	10.105000	10.136000	10.167000	10.199000	10.230000	10.261000	10.292000	10.323000	10.370000	10.401000	10.433000	10.464000	10.495000	10.526000	10.557000	10.604000	10.635000	10.667000	10.698000	10.729000	10.760000	10.791000	10.838000	10.869000	10.901000	10.932000	10.963000	10.994000	11.025000	11.057000	11.103000	11.135000	11.166000	11.197000	11.228000	11.259000	11.291000	11.337000	11.369000	11.400000	11.431000	11.462000	11.493000	11.525000	11.571000	11.603000	11.634000	11.665000	11.696000	11.727000	11.759000	11.790000	11.837000	11.868000	11.899000	11.930000	11.961000	11.993000	12.024000	12.055000	12.102000	12.133000	12.164000	12.195000	12.227000	12.258000	12.289000	12.336000	12.367000	12.398000	12.429000	12.461000	12.492000	12.523000	12.570000	12.601000	12.632000	12.663000	12.695000	12.726000	12.757000	12.788000	12.835000	12.866000	12.897000	12.929000	12.960000	12.991000	13.022000	13.069000	13.100000	13.131000	13.163000	13.194000	13.225000	13.256000	13.303000	13.334000	13.365000	13.397000	13.428000	13.459000	13.490000	13.521000	13.568000	13.599000	13.631000	13.662000	13.693000	13.724000	13.755000	13.802000	13.833000	13.865000	13.896000	13.927000	13.958000	13.989000	14.036000	14.067000	14.099000	14.130000	14.161000	14.192000	14.223000	14.255000	14.301000	14.333000	14.364000	14.395000	14.426000	14.457000	14.489000	14.535000	14.567000	14.598000	14.629000	14.660000	14.691000	14.723000	14.769000	14.801000	14.832000	14.863000	14.894000	14.925000	14.957000	14.988000	15.035000	15.066000	15.097000	15.128000	15.159000	15.191000	15.222000	15.269000	15.300000	15.331000	15.362000	15.393000	15.425000	15.456000	15.503000	15.534000	15.565000	15.596000	15.627000	15.659000	15.690000	15.721000	15.768000	15.799000	15.830000	15.861000	15.893000	15.924000	15.955000	15.986000	16.033000	16.064000	16.095000	16.127000	16.158000	16.189000	16.220000	16.267000	16.298000	16.329000	16.361000	16.392000	16.423000	16.454000	16.501000	16.532000	16.563000	16.595000	16.626000	16.657000	16.688000	16.719000	16.766000	16.797000	16.829000	16.860000	16.891000	16.922000	16.953000	17.000000	17.031000	17.063000	17.094000	17.125000	17.156000	17.187000	17.234000	17.265000	17.297000	17.328000	17.359000	17.390000	17.421000	17.453000	17.499000	17.531000	17.562000	17.593000	17.624000	17.655000	17.687000	17.733000	17.765000	17.796000	17.827000	17.858000	17.889000	17.921000	17.967000	17.999000	18.030000	18.061000	18.092000	18.123000	18.155000	18.186000	18.233000	18.264000	18.295000	18.326000	18.357000	18.389000	18.420000	18.467000	18.498000	18.529000	18.560000	18.591000	18.623000	18.654000	18.701000	18.732000	18.763000	18.794000	18.825000	18.857000	18.888000	18.919000	18.966000	18.997000	19.028000	19.059000	19.091000	19.122000	19.153000	19.200000	19.231000	19.262000	19.293000	19.325000	19.356000	19.387000	19.434000	19.465000	19.496000	19.527000	19.559000	19.590000	19.621000	19.652000	19.699000	19.730000	19.761000	19.793000	19.824000	19.855000	19.886000	19.933000	19.964000	19.995000	20.027000	20.058000	20.089000	20.120000	20.151000	20.198000	20.229000	20.261000	20.292000	20.323000	20.354000	20.385000	20.432000	20.463000	20.495000	20.526000	20.557000	20.588000	20.619000	20.651000	20.697000	20.729000	20.760000	20.791000	20.822000	20.853000	20.885000	20.931000	20.963000	20.994000	21.025000	21.056000	21.087000	21.119000	21.165000	21.197000	21.228000	21.259000	21.290000	21.321000	21.353000	21.384000	21.431000	21.462000	21.493000	21.524000	21.555000	21.587000	21.618000	21.665000	21.696000	21.727000	21.758000	21.789000	21.821000	21.852000	21.899000	21.930000	21.961000	21.992000	22.023000	22.055000	22.086000	22.117000	22.164000	22.195000	22.226000	22.257000	22.289000	22.320000	22.351000	22.398000	22.429000	22.460000	22.491000	22.523000	22.554000	22.585000	22.632000	22.663000	22.694000	22.725000	22.757000	22.788000	22.819000	22.850000	22.897000	22.928000	22.959000	22.991000	23.022000	23.053000	23.084000	23.131000	23.162000	23.193000	23.225000	23.256000	23.287000	23.318000	23.365000	23.396000	23.427000	23.459000	23.490000	23.521000	23.552000	23.583000	23.630000	23.661000	23.693000	23.724000	23.755000	23.786000	23.817000	23.864000	23.895000	23.927000	23.958000	23.989000	24.020000	24.051000	24.083000	24.129000	24.161000	24.192000	24.223000	24.254000	24.285000	24.317000	24.363000	24.395000	24.426000	24.457000	24.488000	24.519000	24.551000	24.597000	24.629000	24.660000	24.691000	24.722000	24.753000	24.785000	24.816000	24.863000	24.894000	24.925000	24.956000	24.987000	25.019000	25.050000	25.097000	25.128000	25.159000	25.190000	25.221000	25.253000	25.284000	25.331000	25.362000	25.393000	25.424000	25.455000	25.487000	25.518000	25.549000	25.596000	25.627000	25.658000	25.689000	25.721000	25.752000	25.783000	25.830000	25.861000	25.892000	25.923000	25.955000	25.986000	26.017000	26.048000	26.095000	26.126000	26.157000	26.189000	26.220000	26.251000	26.282000	26.329000	26.360000	26.391000	26.423000	26.454000	26.485000	26.516000	26.563000	26.594000	26.625000	26.657000	26.688000	26.719000	26.750000	26.781000	26.828000	26.859000	26.891000	26.922000	26.953000	26.984000	27.015000	27.062000	27.093000	27.125000	27.156000	27.187000	27.218000	27.249000	27.296000	27.327000	27.359000	27.390000	27.421000	27.452000	27.483000	27.515000	27.561000	27.593000	27.624000	27.655000	27.686000	27.717000	27.749000	27.795000	27.827000	27.858000	27.889000	27.920000	27.951000	27.983000	28.014000	28.061000	28.092000	28.123000	28.154000	28.185000	28.217000	28.248000	28.295000	28.326000	28.357000	28.388000	28.419000	28.451000	28.482000	28.529000	28.560000	28.591000	28.622000	28.653000	28.685000	28.716000	28.747000	28.794000	28.825000	28.856000	28.887000	28.919000	28.950000	28.981000	29.028000	29.059000	29.090000	29.121000	29.153000	29.184000	29.215000	29.262000	29.293000	29.324000	29.355000	29.387000	29.418000	29.449000	29.480000	29.527000	29.558000	29.589000	29.621000	29.652000	29.683000	29.714000	29.761000	29.792000	29.823000	29.855000	29.886000	29.917000	29.948000	29.995000
%%%	0.865797	0.429855	0.866667	0.600580	0.893333	0.937826	0.904348	0.885507	0.893333	0.876232	0.872754	0.864203	0.834783	0.884928	0.881594	0.904348	0.840725	0.893623	0.910145	0.881159	0.417391	0.811884	0.374493	0.857971	0.794493	0.858116	0.881015	0.776667	0.834783	0.379855	0.664203	0.524203	0.347826	0.485797	0.347826	0.596812	0.347826	0.440145	0.449420	0.565797	0.391304	0.452174	0.417391	0.347826	0.370725	0.504493	0.405797	0.347826	0.376812	0.566377	0.347826	0.573333	0.347826	0.486377	0.347826	0.565217	0.543188	0.347826	0.347826	0.347826	0.540290	0.461884	0.347826	0.347826	0.585362	0.515942	0.616812	0.348985	0.354203	0.458841	0.531594	0.669275	0.574493	0.370580	0.378551	0.707681	0.486957	0.355362	0.347826	0.662899	0.347826	0.347826	0.691884	0.707101	0.510145	0.502754	0.347826	0.712464	0.347826	0.708116	0.489275	0.347826	0.729275	0.529420	0.348985	0.532029	0.511449	0.672464	0.689710	0.353333	0.365072	0.719275	0.347826	0.689710	0.484203	0.689710	0.389710	0.347826	0.353768	0.488116	0.721594	0.353188	0.358841	0.348985	0.347826	0.347826	0.522319	0.707101	0.376667	0.744203	0.672319	0.742319	0.788406	0.787971	0.758116	0.347826	0.718551	0.714927	0.713768	0.834783	0.762319	0.762899	0.595942	0.568551	0.365797	0.373188	0.733623	0.718551	0.347826	0.350725	0.347826	0.544638	0.795072	0.391884	0.786812	0.749420	0.796667	0.814638	0.347826	0.814638	0.814638	0.788986	0.765072	0.742029	0.800580	0.761594	0.788406	0.791884	0.747826	0.811594	0.761014	0.379275	0.773913	0.371159	0.769420	0.760290	0.791304	0.778841	0.765217	0.746812	0.359420	0.726232	0.777101	0.805942	0.695652	0.786232	0.741449	0.547826	0.347826	0.731594	0.782464	0.468406	0.821159	0.725072	0.751015	0.792464	0.748406	0.371159	0.745797	0.347826	0.817246	0.811884	0.531594	0.773188	0.748985	0.538551	0.778551	0.748551	0.796667	0.733623	0.397101	0.528841	0.347826	0.755362	0.800725	0.800000	0.746232	0.759710	0.695652	0.788406	0.363623	0.394493	0.751015	0.760290	0.749275	0.509420	0.712899	0.735217	0.741884	0.347826	0.788406	0.429275	0.386232	0.347826	0.533768	0.800000	0.365217	0.394203	0.486957	0.770145	0.747536	0.748985	0.796232	0.809710	0.769710	0.407971	0.753623	0.360725	0.540290	0.490725	0.822754	0.833768	0.347826	0.780290	0.860290	0.440580	0.347826	0.752319	0.857536	0.827681	0.453768	0.695652	0.452754	0.823333	0.742029	0.730435	0.353188	0.349420	0.736232	0.739710	0.723333	0.347826	0.814203	0.347826	0.347826	0.758986	0.748551	0.722319	0.766377	0.800580	0.787971	0.792319	0.836232	0.417391	0.881159	0.774638	0.842898	0.855797	0.811594	0.840290	0.814058	0.805797	0.866377	0.521015	0.483333	0.903188	0.908696	0.510145	0.579710	0.347826	0.934928	0.634638	0.713043	0.939130	0.614638	0.510145	0.928841	0.931449	0.992898	0.695797	1.037681	0.937536	1.707681	1.044058	1.040290	1.043478	1.055652	1.061449	1.064638	1.061449	1.070580	1.078841	1.059275	1.061449	1.066667	1.078261	1.090290	1.082029	1.082754	1.066232	1.044638	1.062464	1.057536	1.060870	1.058116	1.042754	1.063768	1.062899	1.020290	1.042754	1.062029	1.053333	1.060290	1.048841	1.017391	1.042754	1.013768	1.026087	0.834783	1.007681	0.920725	0.968551	0.992029	0.981594	0.950725	0.963623	0.872464	0.959855	0.981594	0.414493	0.950290	0.940290	0.939130	0.947246	0.572899	0.875507	0.347826	0.987971	0.796812	0.951015	0.951449	0.915942	0.957681	0.876232	0.963768	0.960290	0.955362	0.970290	0.940580	0.960290	0.964058	0.959420	0.904348	0.937536	0.896232	0.817391	0.839710	0.913043	0.788406	0.886957	0.788406	0.818406	0.811449	0.729275	0.836377	0.885797	0.836377	0.844058	0.881159	0.923333	0.811594	0.929855	0.420725	0.865797	0.565797	0.801594	0.902754	0.916812	0.591884	0.382609	0.860145	0.820145	0.853188	0.884203	0.862029	0.801594	0.834783	0.865797	0.764638	0.376232	0.831015	0.789710	0.855797	0.872464	0.858116	0.857102	0.795072	0.763623	0.788406	0.571014	0.347826	0.866232	0.814203	0.877536	0.857681	0.809855	0.833623	0.814058	0.388406	0.792464	0.794058	0.831015	0.603333	0.398406	0.544493	0.785507	0.407536	0.725072	0.540290	0.805797	0.551594	0.368986	0.727101	0.390145	0.848406	0.811449	0.801594	0.829275	0.564203	0.873333	0.347826	0.916377	0.918841	0.840725	0.855362	0.866377	0.902754	0.885942	0.595797	0.755942	0.866232	0.848985	0.394638	0.852754	0.881159	0.894638	0.951159	0.951015	0.940290	0.983188	0.987536	0.970290	0.973913	1.020290	1.052754	1.061014	1.079420	1.043333	1.010580	1.025072	1.020290	1.026087	1.008696	1.005362	0.800580	1.026232	0.858116	1.043333	1.037681	1.026087	1.018116	1.034203	1.058116	1.008696	1.037101	1.062029	1.014493	1.010725	1.017391	0.991884	0.997101	1.007102	1.003333	0.973913	0.988116	1.006377	0.975362	0.978406	0.989710	0.981449	0.998985	0.990290	0.962319	1.008696	1.017971	0.971159	1.017971	0.973913	0.994638	0.988551	0.985362	0.510145	0.989710	0.964058	0.885507	0.988551	0.968985	0.972319	0.926667	0.951594	0.959710	0.972464	0.347826	0.860145	0.347826	0.874928	0.951159	0.936667	0.888406	0.857681	0.895507	0.926667	0.950580	0.810290	0.938551	0.959275	0.885797	0.973913	0.943623	0.951015	0.932754	0.927101	0.566377	0.924928	1.531014	0.921884	0.522464	0.939130	0.886957	0.972464	0.865797	0.950580	0.915942	0.907391	0.803623	0.927681	0.800580	0.914203	0.917246	0.858116	0.932899	0.968985	0.955942	0.855507	0.966812	0.951594	0.921739	0.388406	0.825362	0.938551	0.947246	0.904348	0.894638	0.828986	0.804928	0.849420	0.865797	0.881159	0.634203	0.383623	0.881159	0.881449	0.883623	0.814493	0.840290	0.896232	0.915942	0.916812	0.858116	0.788116	0.805507	0.866377	0.834783	0.881159	0.924928	0.572754	0.904493	0.829275	0.910145	0.862029	0.381159	0.573768	0.579710	0.579275	0.695072	0.574493	0.874928	0.875507	0.905072	0.375072	0.834783	0.886232	0.800580	0.913043	0.850580	0.788406	0.840145	0.495072	0.788406	0.884928	0.347826	0.381449	0.901449	0.796232	0.608116	0.866232	0.399420	0.786522	0.360724	0.881159	0.788406	0.923188	0.951159	0.939710	0.953768	0.952754	0.950580	0.968406	0.947971	0.788406	0.931015	0.926667	0.907102	0.878261	0.743623	0.387536	0.788116	0.803913	0.912029	0.808551	0.782609	0.852029	0.418551	0.852899	0.893333	0.805507	0.601594	0.868551	0.874928	0.846812	0.788406	0.703333	0.390725	0.863623	0.601884	0.876232	0.910725	0.857681	0.408116	0.899855	0.783188	0.885362	0.348841	0.347826	0.657681	0.789420	0.846377	0.848985	0.388406	0.865797	0.498406	0.892464	0.865797	0.901449	0.689710	0.794493	0.914203	0.914203	0.904348	0.545072	0.837536	0.858116	0.549420	0.906232	0.672899	0.884928	0.915797	0.834493	0.796232	0.801159	0.581014	0.347826	0.845363	0.842319	0.347826	0.565072	0.608841	0.801159	0.592319	0.768116	0.790000	0.660870	0.405507	0.887971	0.912029	0.833188	0.904348	0.927101	0.661884	0.753768	0.416377	0.805942	0.347826	0.383333	0.347826	0.796667	0.394058	0.794203	0.761014	0.351594	0.819420	0.824493	0.913188	0.863768	0.832029	0.872464	0.839855	0.363188	0.857681	0.894927	0.855942	0.843623	0.853333	0.436812	0.763623	0.620580	0.548406	0.848985	0.782029	0.855362	0.787971	0.842319	0.362464	0.865797	0.556522	0.924928	0.395507	0.397101	0.428985	0.576812	0.858116	0.605507	0.855507	0.835942	0.380725	0.869565	0.381594	0.361449	0.813623	0.788551	0.796232	0.607101	0.384203	0.858116	0.548985	0.351304	0.586377	0.852754	0.815942	0.399420	0.597101	0.549420	0.881159	0.751159	0.855362	0.388986	0.833768	0.510145	0.566232	0.742029	0.347826	0.755507	0.814058	0.579710	0.372754	0.915797	0.788696	0.347826	0.787971	0.387536	0.881159	0.918551	0.944928	0.929710	0.347826	0.805942	0.931594	0.855362	0.841739	1.018116	0.889710	0.984203	1.009275	1.005942	0.987536	1.007102	1.026667	1.110724	1.008696	1.048985	1.044638	0.477101	0.473333	1.034203	1.020725	1.008696	1.031594	1.044638	0.990290	1.020290	1.061449	1.044638	1.084058	1.010580	1.048841	1.057102	1.020290	1.066232	1.077971	1.078841	1.081594	1.089710	1.091884	1.118551	1.066812	1.083333	1.078841	1.065362	1.061449	0.602899	1.000145	1.017971	0.977246	0.904348	0.976667	0.992464	0.965797	0.958116	0.997101	0.970290	0.987536	0.990725	0.990145	0.890000	0.977681	1.005942	0.985362	0.981449	0.970435	0.914493	0.896812	0.978986	0.951449	0.857971	0.840580	0.881159	0.936377	0.865797	0.881159	0.892898	0.397681	0.396812	0.550725	0.835942	0.838406	0.883188	0.614058	0.904493	0.949420	0.863768	0.959420	0.857536	0.840145
%%%	Left Pupil Profile (1st row -> 1 == valid tracking, 0 == invalid tracking; 2nd row -> time; 3rd row -> diameter (mm))
%%%	0	0	0	0	0	0	0	0	0	0	0	0	0	0	0	0	0	0	0	0	0	0	0	0	0	0	0	0	0	0	0	0	0	0	0	0	0	0	0	0	0	0	0	0	0	0	0	0	0	0	0	0	0	0	0	0	0	0	0	0	0	0	0	0	0	0	0	0	0	0	0	0	0	0	0	0	0	0	0	0	0	0	0	0	0	0	0	0	0	0	0	0	0	0	0	0	0	0	0	0	0	0	0	0	0	0	0	0	0	0	0	0	0	0	0	0	0	0	0	0	0	0	0	0	0	0	0	0	0	0	0	0	0	0	0	0	0	0	0	0	0	0	0	0	0	0	0	0	0	0	0	0	0	0	0	0	0	0	0	0	0	0	0	0	0	0	0	0	0	0	0	0	0	0	0	0	0	0	0	0	0	0	0	0	0	0	0	0	0	0	0	0	0	0	0	0	0	0	0	0	0	0	0	0	0	0	0	0	0	0	0	0	0	0	0	0	0	0	0	0	0	0	0	0	0	0	0	0	0	0	0	0	0	0	0	0	0	0	0	0	0	0	0	0	0	0	0	0	0	0	0	0	0	0	0	0	0	0	0	0	0	0	0	0	0	0	0	0	0	0	0	0	0	0	0	0	0	0	0	0	0	0	0	0	0	0	0	0	0	0	0	0	0	0	0	0	0	0	0	0	0	0	0	0	0	0	0	0	0	0	0	0	0	0	0	0	0	0	0	0	0	0	0	0	0	0	0	0	0	0	0	0	0	0	0	0	0	0	0	0	0	0	0	0	0	0	0	0	0	0	0	0	0	0	0	0	0	0	0	0	0	0	0	0	0	0	0	0	0	0	0	0	0	0	0	0	0	0	0	0	0	0	0	0	0	0	0	0	0	0	0	0	0	0	0	0	0	0	0	0	0	0	0	0	0	0	0	0	0	0	0	0	0	0	0	0	0	0	0	0	0	0	0	0	0	0	0	0	0	0	0	0	0	0	0	0	0	0	0	0	0	0	0	0	0	0	0	0	0	0	0	0	0	0	0	0	0	0	0	0	0	0	0	0	0	0	0	0	0	0	0	0	0	0	0	0	0	0	0	0	0	0	0	0	0	0	0	0	0	0	0	0	0	0	0	0	0	0	0	0	0	0	0	0	0	0	0	0	0	0	0	0	0	0	0	0	0	0	0	0	0	0	0	0	0	0	0	0	0	0	0	0	0	0	0	0	0	0	0	0	0	0	0	0	0	0	0	0	0	0	0	0	0	0	0	0	0	0	0	0	0	0	0	0	0	0	0	0	0	0	0	0	0	0	0	0	0	0	0	0	0	0	0	0	0	0	0	0	0	0	0	0	0	0	0	0	0	0	0	0	0	0	0	0	0	0	0	0	0	0	0	0	0	0	0	0	0	0	0	0	0	0	0	0	0	0	0	0	0	0	0	0	0	0	0	0	0	0	0	0	0	0	0	0	0	0	0	0	0	0	0	0	0	0	0	0	0	0	0	0	0	0	0	0	0	0	0	0	0	0	0	0	0	0	0	0	0	0	0	0	0	0	0	0	0	0	0	0	0	0	0	0	0	0	0	0	0	0	0	0	0	0	0	0	0	0	0	0	0	0	0	0	0	0	0	0	0	0	0	0	0	0	0	0	0	0	0	0	0	0	0	0	0	0	0	0	0	0	0	0	0	0	0	0	0	0	0	0	0	0	0	0	0	0	0	0	0	0	0	0	0	0	0	0	0	0	0	0	0	0	0	0	0	0	0	0	0	0	0	0	0	0	0	0	0	0	0	0	0	0	0	0	0	0	0	0	0	0	0	0	0	0	0	0	0	0	0	0	0	0	0	0	0	0	0	0	0	0	0	0	0	0	0	0	0	0	0	0	0	0	0	0	0	0	0	0	0	0	0	0	0	0	0	0	0	0	0	0	0	0	0	0	0	0	0	0	0	0	0	0	0	0	0	0	0	0	0	0	0	0	0	0	0	0	0	0	0	0	0	0	0	0	0	0	0	0	0	0	0	0	0	0	0	0	0	0	0	0	0	0	0	0
%%%	-0.066000	-0.020000	0.012000	0.043000	0.074000	0.105000	0.136000	0.168000	0.199000	0.246000	0.277000	0.308000	0.339000	0.370000	0.402000	0.433000	0.480000	0.511000	0.542000	0.573000	0.604000	0.636000	0.667000	0.714000	0.745000	0.776000	0.807000	0.838000	0.870000	0.901000	0.932000	0.979000	1.010000	1.041000	1.072000	1.104000	1.135000	1.166000	1.197000	1.244000	1.275000	1.306000	1.338000	1.369000	1.400000	1.431000	1.478000	1.509000	1.540000	1.572000	1.603000	1.634000	1.665000	1.712000	1.743000	1.774000	1.806000	1.837000	1.868000	1.899000	1.930000	1.977000	2.008000	2.040000	2.071000	2.102000	2.133000	2.164000	2.211000	2.242000	2.274000	2.305000	2.336000	2.367000	2.398000	2.445000	2.476000	2.508000	2.539000	2.570000	2.601000	2.632000	2.664000	2.710000	2.742000	2.773000	2.804000	2.835000	2.866000	2.898000	2.944000	2.976000	3.007000	3.038000	3.069000	3.100000	3.132000	3.178000	3.210000	3.241000	3.272000	3.303000	3.334000	3.366000	3.397000	3.444000	3.475000	3.506000	3.537000	3.568000	3.600000	3.631000	3.678000	3.709000	3.740000	3.771000	3.802000	3.834000	3.865000	3.912000	3.943000	3.974000	4.005000	4.036000	4.068000	4.099000	4.130000	4.177000	4.208000	4.239000	4.270000	4.302000	4.333000	4.364000	4.411000	4.442000	4.473000	4.504000	4.536000	4.567000	4.598000	4.645000	4.676000	4.707000	4.738000	4.770000	4.801000	4.832000	4.863000	4.910000	4.941000	4.972000	5.004000	5.035000	5.066000	5.097000	5.128000	5.175000	5.206000	5.238000	5.269000	5.300000	5.331000	5.362000	5.409000	5.440000	5.472000	5.503000	5.534000	5.565000	5.596000	5.643000	5.674000	5.706000	5.737000	5.768000	5.799000	5.830000	5.862000	5.908000	5.940000	5.971000	6.002000	6.033000	6.064000	6.096000	6.142000	6.174000	6.205000	6.236000	6.267000	6.298000	6.330000	6.376000	6.408000	6.439000	6.470000	6.501000	6.532000	6.564000	6.595000	6.642000	6.673000	6.704000	6.735000	6.766000	6.798000	6.829000	6.876000	6.907000	6.938000	6.969000	7.000000	7.032000	7.063000	7.110000	7.141000	7.172000	7.203000	7.234000	7.266000	7.297000	7.328000	7.375000	7.406000	7.437000	7.468000	7.500000	7.531000	7.562000	7.609000	7.640000	7.671000	7.702000	7.734000	7.765000	7.796000	7.843000	7.874000	7.905000	7.936000	7.968000	7.999000	8.030000	8.061000	8.108000	8.139000	8.170000	8.202000	8.233000	8.264000	8.295000	8.342000	8.373000	8.404000	8.436000	8.467000	8.498000	8.529000	8.576000	8.607000	8.638000	8.670000	8.701000	8.732000	8.763000	8.794000	8.841000	8.872000	8.904000	8.935000	8.966000	8.997000	9.028000	9.060000	9.106000	9.138000	9.169000	9.200000	9.231000	9.262000	9.294000	9.340000	9.372000	9.403000	9.434000	9.465000	9.497000	9.528000	9.575000	9.606000	9.637000	9.668000	9.699000	9.731000	9.762000	9.793000	9.840000	9.871000	9.902000	9.933000	9.965000	9.996000	10.027000	10.074000	10.105000	10.136000	10.167000	10.199000	10.230000	10.261000	10.308000	10.339000	10.370000	10.401000	10.433000	10.464000	10.495000	10.526000	10.573000	10.604000	10.635000	10.667000	10.698000	10.729000	10.760000	10.807000	10.838000	10.869000	10.901000	10.932000	10.963000	10.994000	11.041000	11.072000	11.103000	11.135000	11.166000	11.197000	11.228000	11.259000	11.306000	11.337000	11.369000	11.400000	11.431000	11.462000	11.493000	11.540000	11.571000	11.603000	11.634000	11.665000	11.696000	11.727000	11.774000	11.805000	11.837000	11.868000	11.899000	11.930000	11.961000	11.993000	12.039000	12.071000	12.102000	12.133000	12.164000	12.195000	12.227000	12.273000	12.305000	12.336000	12.367000	12.398000	12.429000	12.461000	12.507000	12.539000	12.570000	12.601000	12.632000	12.663000	12.695000	12.726000	12.773000	12.804000	12.835000	12.866000	12.897000	12.929000	12.960000	13.007000	13.038000	13.069000	13.100000	13.131000	13.163000	13.194000	13.225000	13.272000	13.303000	13.334000	13.365000	13.397000	13.428000	13.459000	13.506000	13.537000	13.568000	13.599000	13.631000	13.662000	13.693000	13.724000	13.771000	13.802000	13.833000	13.865000	13.896000	13.927000	13.958000	14.005000	14.036000	14.067000	14.099000	14.130000	14.161000	14.192000	14.239000	14.270000	14.301000	14.333000	14.364000	14.395000	14.426000	14.457000	14.504000	14.535000	14.567000	14.598000	14.629000	14.660000	14.691000	14.738000	14.769000	14.801000	14.832000	14.863000	14.894000	14.925000	14.972000	15.003000	15.035000	15.066000	15.097000	15.128000	15.159000	15.191000	15.237000	15.269000	15.300000	15.331000	15.362000	15.393000	15.425000	15.471000	15.503000	15.534000	15.565000	15.596000	15.627000	15.659000	15.705000	15.737000	15.768000	15.799000	15.830000	15.861000	15.893000	15.924000	15.971000	16.002000	16.033000	16.064000	16.095000	16.127000	16.158000	16.205000	16.236000	16.267000	16.298000	16.329000	16.361000	16.392000	16.439000	16.470000	16.501000	16.532000	16.563000	16.595000	16.626000	16.657000	16.704000	16.735000	16.766000	16.797000	16.829000	16.860000	16.891000	16.938000	16.969000	17.000000	17.031000	17.063000	17.094000	17.125000	17.156000	17.203000	17.234000	17.265000	17.297000	17.328000	17.359000	17.390000	17.437000	17.468000	17.499000	17.531000	17.562000	17.593000	17.624000	17.671000	17.702000	17.733000	17.765000	17.796000	17.827000	17.858000	17.889000	17.936000	17.967000	17.999000	18.030000	18.061000	18.092000	18.123000	18.170000	18.201000	18.233000	18.264000	18.295000	18.326000	18.357000	18.404000	18.435000	18.467000	18.498000	18.529000	18.560000	18.591000	18.623000	18.669000	18.701000	18.732000	18.763000	18.794000	18.825000	18.857000	18.903000	18.935000	18.966000	18.997000	19.028000	19.059000	19.091000	19.122000	19.169000	19.200000	19.231000	19.262000	19.293000	19.325000	19.356000	19.403000	19.434000	19.465000	19.496000	19.527000	19.559000	19.590000	19.637000	19.668000	19.699000	19.730000	19.761000	19.793000	19.824000	19.855000	19.902000	19.933000	19.964000	19.995000	20.027000	20.058000	20.089000	20.136000	20.167000	20.198000	20.229000	20.261000	20.292000	20.323000	20.370000	20.401000	20.432000	20.463000	20.495000	20.526000	20.557000	20.588000	20.635000	20.666000	20.697000	20.729000	20.760000	20.791000	20.822000	20.869000	20.900000	20.931000	20.963000	20.994000	21.025000	21.056000	21.087000	21.134000	21.165000	21.197000	21.228000	21.259000	21.290000	21.321000	21.368000	21.399000	21.431000	21.462000	21.493000	21.524000	21.555000	21.602000	21.633000	21.665000	21.696000	21.727000	21.758000	21.789000	21.821000	21.867000	21.899000	21.930000	21.961000	21.992000	22.023000	22.055000	22.101000	22.133000	22.164000	22.195000	22.226000	22.257000	22.289000	22.335000	22.367000	22.398000	22.429000	22.460000	22.491000	22.523000	22.554000	22.601000	22.632000	22.663000	22.694000	22.725000	22.757000	22.788000	22.835000	22.866000	22.897000	22.928000	22.959000	22.991000	23.022000	23.069000	23.100000	23.131000	23.162000	23.193000	23.225000	23.256000	23.287000	23.334000	23.365000	23.396000	23.427000	23.459000	23.490000	23.521000	23.568000	23.599000	23.630000	23.661000	23.693000	23.724000	23.755000	23.802000	23.833000	23.864000	23.895000	23.927000	23.958000	23.989000	24.020000	24.067000	24.098000	24.129000	24.161000	24.192000	24.223000	24.254000	24.301000	24.332000	24.363000	24.395000	24.426000	24.457000	24.488000	24.519000	24.566000	24.597000	24.629000	24.660000	24.691000	24.722000	24.753000	24.800000	24.831000	24.863000	24.894000	24.925000	24.956000	24.987000	25.019000	25.065000	25.097000	25.128000	25.159000	25.190000	25.221000	25.253000	25.299000	25.331000	25.362000	25.393000	25.424000	25.455000	25.487000	25.533000	25.565000	25.596000	25.627000	25.658000	25.689000	25.721000	25.752000	25.799000	25.830000	25.861000	25.892000	25.923000	25.955000	25.986000	26.033000	26.064000	26.095000	26.126000	26.157000	26.189000	26.220000	26.267000	26.298000	26.329000	26.360000	26.391000	26.423000	26.454000	26.485000	26.532000	26.563000	26.594000	26.625000	26.657000	26.688000	26.719000	26.766000	26.797000	26.828000	26.859000	26.891000	26.922000	26.953000	27.000000	27.031000	27.062000	27.093000	27.125000	27.156000	27.187000	27.218000	27.265000	27.296000	27.327000	27.359000	27.390000	27.421000	27.452000	27.499000	27.530000	27.561000	27.593000	27.624000	27.655000	27.686000	27.733000	27.764000	27.795000	27.827000	27.858000	27.889000	27.920000	27.951000	27.998000	28.029000	28.061000	28.092000	28.123000	28.154000	28.185000	28.232000	28.263000	28.295000	28.326000	28.357000	28.388000	28.419000	28.466000	28.497000	28.529000	28.560000	28.591000	28.622000	28.653000	28.685000	28.731000	28.763000	28.794000	28.825000	28.856000	28.887000	28.919000	28.950000	28.997000	29.028000	29.059000	29.090000	29.121000	29.153000	29.184000	29.231000	29.262000	29.293000	29.324000	29.355000	29.387000	29.418000	29.465000	29.496000	29.527000	29.558000	29.589000	29.621000	29.652000	29.683000	29.730000	29.761000	29.792000	29.823000	29.855000	29.886000	29.917000	29.964000
%%%	13.913043	13.913043	13.913043	13.913043	13.913043	13.913043	13.913043	13.913043	13.913043	13.913043	13.913043	13.913043	13.913043	13.913043	13.913043	13.913043	13.913043	13.913043	13.913043	13.913043	13.913043	13.913043	13.913043	13.913043	13.913043	13.913043	13.913043	13.913043	13.913043	13.913043	13.913043	13.913043	13.913043	13.913043	13.913043	13.913043	13.913043	13.913043	13.913043	13.913043	13.913043	13.913043	13.913043	13.913043	13.913043	13.913043	13.913043	13.913043	13.913043	13.913043	13.913043	13.913043	13.913043	13.913043	13.913043	13.913043	13.913043	13.913043	13.913043	13.913043	13.913043	13.913043	13.913043	13.913043	13.913043	13.913043	13.913043	13.913043	13.913043	13.913043	13.913043	13.913043	13.913043	13.913043	13.913043	13.913043	13.913043	13.913043	13.913043	13.913043	13.913043	13.913043	13.913043	13.913043	13.913043	13.913043	13.913043	13.913043	13.913043	13.913043	13.913043	13.913043	13.913043	13.913043	13.913043	13.913043	13.913043	13.913043	13.913043	13.913043	13.913043	13.913043	13.913043	13.913043	13.913043	13.913043	13.913043	13.913043	13.913043	13.913043	13.913043	13.913043	13.913043	13.913043	13.913043	13.913043	13.913043	13.913043	13.913043	13.913043	13.913043	13.913043	13.913043	13.913043	13.913043	13.913043	13.913043	13.913043	13.913043	13.913043	13.913043	13.913043	13.913043	13.913043	13.913043	13.913043	13.913043	13.913043	13.913043	13.913043	13.913043	13.913043	13.913043	13.913043	13.913043	13.913043	13.913043	13.913043	13.913043	13.913043	13.913043	13.913043	13.913043	13.913043	13.913043	13.913043	13.913043	13.913043	13.913043	13.913043	13.913043	13.913043	13.913043	13.913043	13.913043	13.913043	13.913043	13.913043	13.913043	13.913043	13.913043	13.913043	13.913043	13.913043	13.913043	13.913043	13.913043	13.913043	13.913043	13.913043	13.913043	13.913043	13.913043	13.913043	13.913043	13.913043	13.913043	13.913043	13.913043	13.913043	13.913043	13.913043	13.913043	13.913043	13.913043	13.913043	13.913043	13.913043	13.913043	13.913043	13.913043	13.913043	13.913043	13.913043	13.913043	13.913043	13.913043	13.913043	13.913043	13.913043	13.913043	13.913043	13.913043	13.913043	13.913043	13.913043	13.913043	13.913043	13.913043	13.913043	13.913043	13.913043	13.913043	13.913043	13.913043	13.913043	13.913043	13.913043	13.913043	13.913043	13.913043	13.913043	13.913043	13.913043	13.913043	13.913043	13.913043	13.913043	13.913043	13.913043	13.913043	13.913043	13.913043	13.913043	13.913043	13.913043	13.913043	13.913043	13.913043	13.913043	13.913043	13.913043	13.913043	13.913043	13.913043	13.913043	13.913043	13.913043	13.913043	13.913043	13.913043	13.913043	13.913043	13.913043	13.913043	13.913043	13.913043	13.913043	13.913043	13.913043	13.913043	13.913043	13.913043	13.913043	13.913043	13.913043	13.913043	13.913043	13.913043	13.913043	13.913043	13.913043	13.913043	13.913043	13.913043	13.913043	13.913043	13.913043	13.913043	13.913043	13.913043	13.913043	13.913043	13.913043	13.913043	13.913043	13.913043	13.913043	13.913043	13.913043	13.913043	13.913043	13.913043	13.913043	13.913043	13.913043	13.913043	13.913043	13.913043	13.913043	13.913043	13.913043	13.913043	13.913043	13.913043	13.913043	13.913043	13.913043	13.913043	13.913043	13.913043	13.913043	13.913043	13.913043	13.913043	13.913043	13.913043	13.913043	13.913043	13.913043	13.913043	13.913043	13.913043	13.913043	13.913043	13.913043	13.913043	13.913043	13.913043	13.913043	13.913043	13.913043	13.913043	13.913043	13.913043	13.913043	13.913043	13.913043	13.913043	13.913043	13.913043	13.913043	13.913043	13.913043	13.913043	13.913043	13.913043	13.913043	13.913043	13.913043	13.913043	13.913043	13.913043	13.913043	13.913043	13.913043	13.913043	13.913043	13.913043	13.913043	13.913043	13.913043	13.913043	13.913043	13.913043	13.913043	13.913043	13.913043	13.913043	13.913043	13.913043	13.913043	13.913043	13.913043	13.913043	13.913043	13.913043	13.913043	13.913043	13.913043	13.913043	13.913043	13.913043	13.913043	13.913043	13.913043	13.913043	13.913043	13.913043	13.913043	13.913043	13.913043	13.913043	13.913043	13.913043	13.913043	13.913043	13.913043	13.913043	13.913043	13.913043	13.913043	13.913043	13.913043	13.913043	13.913043	13.913043	13.913043	13.913043	13.913043	13.913043	13.913043	13.913043	13.913043	13.913043	13.913043	13.913043	13.913043	13.913043	13.913043	13.913043	13.913043	13.913043	13.913043	13.913043	13.913043	13.913043	13.913043	13.913043	13.913043	13.913043	13.913043	13.913043	13.913043	13.913043	13.913043	13.913043	13.913043	13.913043	13.913043	13.913043	13.913043	13.913043	13.913043	13.913043	13.913043	13.913043	13.913043	13.913043	13.913043	13.913043	13.913043	13.913043	13.913043	13.913043	13.913043	13.913043	13.913043	13.913043	13.913043	13.913043	13.913043	13.913043	13.913043	13.913043	13.913043	13.913043	13.913043	13.913043	13.913043	13.913043	13.913043	13.913043	13.913043	13.913043	13.913043	13.913043	13.913043	13.913043	13.913043	13.913043	13.913043	13.913043	13.913043	13.913043	13.913043	13.913043	13.913043	13.913043	13.913043	13.913043	13.913043	13.913043	13.913043	13.913043	13.913043	13.913043	13.913043	13.913043	13.913043	13.913043	13.913043	13.913043	13.913043	13.913043	13.913043	13.913043	13.913043	13.913043	13.913043	13.913043	13.913043	13.913043	13.913043	13.913043	13.913043	13.913043	13.913043	13.913043	13.913043	13.913043	13.913043	13.913043	13.913043	13.913043	13.913043	13.913043	13.913043	13.913043	13.913043	13.913043	13.913043	13.913043	13.913043	13.913043	13.913043	13.913043	13.913043	13.913043	13.913043	13.913043	13.913043	13.913043	13.913043	13.913043	13.913043	13.913043	13.913043	13.913043	13.913043	13.913043	13.913043	13.913043	13.913043	13.913043	13.913043	13.913043	13.913043	13.913043	13.913043	13.913043	13.913043	13.913043	13.913043	13.913043	13.913043	13.913043	13.913043	13.913043	13.913043	13.913043	13.913043	13.913043	13.913043	13.913043	13.913043	13.913043	13.913043	13.913043	13.913043	13.913043	13.913043	13.913043	13.913043	13.913043	13.913043	13.913043	13.913043	13.913043	13.913043	13.913043	13.913043	13.913043	13.913043	13.913043	13.913043	13.913043	13.913043	13.913043	13.913043	13.913043	13.913043	13.913043	13.913043	13.913043	13.913043	13.913043	13.913043	13.913043	13.913043	13.913043	13.913043	13.913043	13.913043	13.913043	13.913043	13.913043	13.913043	13.913043	13.913043	13.913043	13.913043	13.913043	13.913043	13.913043	13.913043	13.913043	13.913043	13.913043	13.913043	13.913043	13.913043	13.913043	13.913043	13.913043	13.913043	13.913043	13.913043	13.913043	13.913043	13.913043	13.913043	13.913043	13.913043	13.913043	13.913043	13.913043	13.913043	13.913043	13.913043	13.913043	13.913043	13.913043	13.913043	13.913043	13.913043	13.913043	13.913043	13.913043	13.913043	13.913043	13.913043	13.913043	13.913043	13.913043	13.913043	13.913043	13.913043	13.913043	13.913043	13.913043	13.913043	13.913043	13.913043	13.913043	13.913043	13.913043	13.913043	13.913043	13.913043	13.913043	13.913043	13.913043	13.913043	13.913043	13.913043	13.913043	13.913043	13.913043	13.913043	13.913043	13.913043	13.913043	13.913043	13.913043	13.913043	13.913043	13.913043	13.913043	13.913043	13.913043	13.913043	13.913043	13.913043	13.913043	13.913043	13.913043	13.913043	13.913043	13.913043	13.913043	13.913043	13.913043	13.913043	13.913043	13.913043	13.913043	13.913043	13.913043	13.913043	13.913043	13.913043	13.913043	13.913043	13.913043	13.913043	13.913043	13.913043	13.913043	13.913043	13.913043	13.913043	13.913043	13.913043	13.913043	13.913043	13.913043	13.913043	13.913043	13.913043	13.913043	13.913043	13.913043	13.913043	13.913043	13.913043	13.913043	13.913043	13.913043	13.913043	13.913043	13.913043	13.913043	13.913043	13.913043	13.913043	13.913043	13.913043	13.913043	13.913043	13.913043	13.913043	13.913043	13.913043	13.913043	13.913043	13.913043	13.913043	13.913043	13.913043	13.913043	13.913043	13.913043	13.913043	13.913043	13.913043	13.913043	13.913043	13.913043	13.913043	13.913043	13.913043	13.913043	13.913043	13.913043	13.913043	13.913043	13.913043	13.913043	13.913043	13.913043	13.913043	13.913043	13.913043	13.913043	13.913043	13.913043	13.913043	13.913043	13.913043	13.913043	13.913043	13.913043	13.913043	13.913043	13.913043	13.913043	13.913043	13.913043	13.913043	13.913043	13.913043	13.913043	13.913043	13.913043	13.913043	13.913043	13.913043	13.913043	13.913043	13.913043	13.913043	13.913043	13.913043	13.913043	13.913043	13.913043	13.913043	13.913043	13.913043	13.913043	13.913043	13.913043	13.913043	13.913043	13.913043	13.913043	13.913043	13.913043	13.913043	13.913043	13.913043	13.913043	13.913043	13.913043	13.913043	13.913043	13.913043	13.913043	13.913043	13.913043	13.913043	13.913043	13.913043	13.913043	13.913043	13.913043	13.913043	13.913043	13.913043	13.913043	13.913043	13.913043	13.913043	13.913043	13.913043	13.913043	13.913043	13.913043	13.913043	13.913043	13.913043	13.913043	13.913043	13.913043	13.913043	13.913043	13.913043	13.913043	13.913043	13.913043	13.913043	13.913043	13.913043	13.913043	13.913043	13.913043	13.913043	13.913043	13.913043	13.913043	13.913043
%%%	Pulse Index	Stimulus Section Index	Stimulus Section Start Index	Stimulus Section End Index	Pupil Stimulated: 0 = Right, 1 = Left, 2 = Both	Light Metric: 0 = Photopic, 1 = Scopotic, 2 = Radiometric	Stimulus Start Time	Stimulus Duration	Stimulus Pulse Duration	Right Pulse Max Level	Right Pulse Max Color (0123 = WRGB)	Right Pulse Min Level	Right Pulse Min Color (0123 = WRGB)	Left Pulse Max Level	Left Pulse Max Color (0123 = WRGB)	Left Pulse Min Level	Left Pulse Min Color (0123 = WRGB)	Right Data Input Type (0 == RAW DATA, 1 == FITTED DATA, 2 == M. OVERRIDED)	Right ANALYSIS STATE (0 == ABNORMAL, 1 == NORMAL)	Right MAX (mm) (EMPTY if INVALID)	Right MIN (mm) (EMPTY if INVALID)	Right DELTA (mm) (EMPTY if INVALID)	Right CH (%) (EMPTY if INVALID)	Right LAT (sec) (EMPTY if INVALID)	Right CV (mm/s) (EMPTY if INVALID)	Right MCV (mm/s) (EMPTY if INVALID)	Right DV (mm/s) (EMPTY if INVALID)	Left Data Input Type (0 == RAW DATA, 1 == FITTED DATA, 2 == M. OVERRIDED)	Left ANALYSIS STATE (0 == ABNORMAL, 1 == NORMAL)	Left MAX (mm) (EMPTY if INVALID)	Left MIN (mm) (EMPTY if INVALID)	Left DELTA (mm) (EMPTY if INVALID)	Left CH (%) (EMPTY if INVALID)	Left LAT (sec) (EMPTY if INVALID)	Left CV (mm/s) (EMPTY if INVALID)	Left MCV (mm/s) (EMPTY if INVALID)	Left DV (mm/s) (EMPTY if INVALID)
%%%	0	0	18	902	0	0	0.51	29.52	0.51	4.01	3	0.00	3	0.00	3	0.00	3	0	0	0.00	0.00			0.00	0.00	0.00	0.00	0	0	0.00	0.00			0.00	0.00	0.00	0.00
%%%%%%%%%
%%%%%%%%%
%%%%%%%%%
<\SESSION>
