<SESSION>
<VERSION>
2
<\VERSION>
<DATE>
2017-08-15 10:15:17
<\DATE>
<SUBJECT-ID>
c57-1mois-M3-2b
<\SUBJECT-ID>
<NOTE>

<\NOTE>
<MIN-MAX-PLOT>
0.100000 51880.761719
<\MIN-MAX-PLOT>
<STIMULUS-DEFINED>
Default
Default Human Relative Spectral Sensitivity
1	0
1	0.500000	0.500000	29.000000	3	3	2.000000	-100.000000	0.100000	-100.000000	0
<\STIMULUS-DEFINED>
<STIMULUS-GENERATED>
4
0	0	0.000000	3	0.000000	0.000000	3	0.000000	0.000000
0	1	0.509000	3	1.893833	100.059952	3	0.000000	0.000000
0	4	1.018000	3	0.000000	0.000000	3	0.000000	0.000000
-1	5	30.027000	0	0.000000	0.000000	0	0.000000	0.000000
<\STIMULUS-GENERATED>
<RIGHT-PUPIL-DATA>
903	1
1	-0.066000	1.485072	343.343750	313.418762
1	-0.035000	1.511884	343.850006	314.024994
1	-0.004000	1.492029	342.843750	313.543762
1	0.027000	1.504348	343.187500	312.687500
1	0.074000	1.489855	343.000000	315.250000
1	0.105000	1.505507	343.274994	314.587494
1	0.137000	1.507246	343.312500	314.187500
1	0.168000	1.504928	343.250000	313.362488
1	0.199000	1.511884	342.850006	313.600006
1	0.230000	1.502754	342.906250	313.156250
1	0.261000	1.503333	342.693756	313.118744
1	0.308000	1.524058	342.975006	312.975006
1	0.339000	1.513768	343.018738	312.981262
1	0.371000	1.527101	342.993744	313.043732
1	0.402000	1.504348	342.937500	313.187500
1	0.433000	1.527536	343.049988	314.049988
1	0.464000	1.512464	343.000000	314.375000
1	0.495000	1.518551	342.912506	314.437531
1	0.527000	1.500580	342.812500	314.687500
1	0.573000	1.539710	342.625000	314.375000
0	0.605000	1.769710	344.568695	308.331207
1	0.636000	1.552899	342.468750	313.706238
1	0.667000	1.540580	342.625000	313.375000
1	0.698000	1.528116	342.024994	312.975006
1	0.729000	1.533768	342.556244	312.943756
1	0.761000	1.518841	342.000000	314.500000
1	0.807000	1.498551	342.799988	313.375000
1	0.839000	1.460870	343.000000	314.500000
1	0.870000	1.425362	343.168762	314.518738
1	0.901000	1.397681	342.399994	314.600006
1	0.932000	1.379710	343.000000	313.500000
0	0.963000	1.598406	343.093750	299.018738
1	0.995000	1.290145	342.149994	313.100006
0	1.041000	1.556524	349.087311	301.599701
1	1.073000	1.222754	342.193756	312.443756
1	1.104000	1.196232	342.687500	312.187500
1	1.135000	1.166232	342.868744	312.193756
1	1.166000	1.126087	342.500000	313.125000
1	1.197000	1.114203	342.475006	312.524994
1	1.229000	1.078261	342.500000	313.000000
0	1.260000	0.814638	345.968750	311.281250
1	1.307000	1.002899	342.500000	313.000000
1	1.338000	1.037101	342.087494	312.087494
0	1.369000	0.876232	344.087494	310.637482
1	1.400000	0.981594	342.368744	311.881256
0	1.431000	1.263768	338.000000	296.500000
1	1.463000	0.967971	342.043762	311.956238
1	1.494000	0.951015	342.412506	311.837494
0	1.541000	0.716377	345.056244	307.693756
1	1.572000	0.938551	343.000000	312.000000
1	1.603000	0.931884	343.375000	312.375000
1	1.634000	0.920580	343.649994	312.225006
1	1.665000	0.904348	343.000000	312.500000
1	1.697000	0.897246	342.856445	312.718750
0	1.728000	0.617391	346.812500	308.437500
1	1.775000	0.834203	344.000000	310.625000
1	1.806000	0.877536	343.043762	310.956238
1	1.837000	0.886377	343.687500	310.687500
0	1.868000	0.796232	344.937500	309.112488
1	1.899000	0.866377	343.212494	311.199982
1	1.931000	0.829275	343.949982	312.337494
1	1.962000	0.777536	345.168762	311.906250
1	1.993000	0.810290	344.781250	311.906250
1	2.040000	0.805942	343.156250	312.581238
1	2.071000	0.753623	344.000000	310.500000
1	2.102000	0.795507	343.931244	311.881256
1	2.133000	0.796232	343.437500	311.062500
1	2.165000	0.369420	338.306244	276.368744
0	2.196000	0.583768	345.899994	308.100006
1	2.227000	0.746667	345.475006	311.600006
0	2.274000	0.561594	345.768768	308.006256
1	2.305000	0.742898	344.687500	312.312500
0	2.336000	0.570725	346.212494	310.287506
1	2.367000	0.789275	343.649994	313.962494
1	2.399000	0.764638	344.375000	314.500000
1	2.430000	0.759420	344.000000	314.500000
0	2.461000	1.151160	344.056244	292.318756
1	2.492000	0.726667	343.937500	313.062500
1	2.539000	0.728841	345.093750	312.406250
1	2.570000	0.775072	343.887482	313.149994
1	2.601000	0.726232	344.881256	312.556244
0	2.633000	0.463768	344.000000	308.500000
1	2.664000	0.753623	344.000000	312.500000
1	2.695000	0.729710	344.843750	313.518738
1	2.726000	0.747971	344.618744	314.318756
0	2.773000	0.540725	345.468750	310.281250
0	2.804000	0.540725	344.718750	309.718750
1	2.835000	0.753333	343.962494	314.337494
1	2.867000	0.783188	343.125000	313.875000
1	2.898000	0.787536	343.187500	313.937500
0	2.929000	0.540290	344.274994	309.475006
1	2.960000	0.773188	343.231262	313.343750
1	3.007000	0.733188	344.531250	313.468750
1	3.038000	0.404928	334.937500	282.812500
1	3.070000	0.713043	345.000000	313.500000
1	3.101000	0.695072	346.000000	314.375000
1	3.132000	0.708116	345.812500	314.812500
0	3.163000	0.361159	331.974884	284.012482
1	3.194000	0.752754	344.312500	314.812500
1	3.226000	0.730435	345.500000	314.000000
1	3.272000	0.757102	344.500000	314.437500
1	3.304000	0.801159	342.975006	314.024994
1	3.335000	0.755942	344.125000	312.862488
1	3.366000	0.724493	344.906250	312.093750
1	3.397000	0.829855	343.312500	312.812500
0	3.428000	0.648406	345.312500	310.687500
1	3.460000	0.796667	343.931244	313.481232
1	3.506000	0.718695	345.643677	312.543335
0	3.538000	0.726232	344.881256	312.556244
1	3.569000	0.764058	344.975006	312.524994
0	3.600000	0.752319	344.631256	312.556244
0	3.631000	0.584203	345.906250	308.343750
1	3.662000	0.796667	343.943756	310.443756
0	3.694000	0.591884	345.750000	308.250000
0	3.740000	0.359420	339.625000	276.862488
1	3.772000	0.814058	344.193756	309.693756
1	3.803000	0.875362	343.375000	311.625000
1	3.834000	0.836232	344.412567	312.512421
1	3.865000	0.868985	343.812500	312.812500
1	3.896000	0.852754	343.875000	312.500000
0	3.928000	0.646376	346.987396	309.949921
1	3.959000	0.801159	344.899994	311.899994
1	4.006000	0.864638	343.200012	311.762512
1	4.037000	0.757246	345.406250	310.481262
0	4.068000	0.597246	346.406250	307.406250
1	4.099000	0.875507	342.906250	312.093750
1	4.130000	0.866377	343.512482	312.212494
1	4.162000	0.857681	343.337494	312.337494
1	4.193000	0.892898	343.406250	312.843750
0	4.240000	1.298986	340.681244	298.318756
1	4.271000	0.877536	342.643738	313.956238
1	4.302000	0.878116	342.618744	313.931244
0	4.333000	0.831594	343.462494	313.537506
1	4.364000	0.914638	342.156250	312.706238
1	4.396000	0.877536	342.643738	312.956238
0	4.427000	0.811594	344.000000	310.500000
1	4.458000	0.912899	342.368744	312.631256
0	4.505000	0.669565	345.250000	308.500000
1	4.536000	0.832029	344.468750	312.531250
1	4.567000	0.891883	343.612762	313.412567
1	4.598000	0.896812	343.137482	314.100006
0	4.630000	0.839855	343.581238	312.418762
1	4.661000	0.915072	342.287506	313.712494
1	4.692000	0.836377	343.531250	312.593750
1	4.739000	0.853333	343.600006	312.225006
1	4.770000	0.935797	342.006256	312.543732
1	4.801000	0.950725	342.000000	312.500000
0	4.832000	0.591304	346.000000	306.500000
1	4.864000	0.950725	343.000000	311.500000
0	4.895000	0.776812	346.000000	310.500000
1	4.926000	0.950580	343.156250	313.218750
0	4.973000	0.640725	346.031250	309.206238
1	5.004000	0.931015	343.375000	314.375000
1	5.035000	0.951594	343.187500	313.812500
1	5.066000	0.939130	343.375000	313.375000
1	5.098000	0.950725	342.000000	312.500000
1	5.129000	0.955942	342.750000	312.125000
1	5.160000	0.950725	342.750000	311.750000
1	5.191000	0.955507	342.743744	312.256256
1	5.238000	0.969710	342.493744	312.068756
1	5.269000	0.939130	342.500000	312.000000
0	5.300000	0.797246	345.531250	311.031250
1	5.332000	0.955942	343.000000	313.250000
0	5.363000	0.811594	345.924988	311.674988
1	5.394000	0.932029	342.593750	313.406250
1	5.425000	0.964203	342.993744	314.368744
0	5.472000	0.839855	344.481262	312.418762
1	5.503000	0.915942	343.000000	313.500000
1	5.534000	0.968406	342.912506	313.462494
1	5.566000	0.973768	343.031250	313.031250
0	5.597000	0.689710	346.406250	309.593750
1	5.628000	0.964638	343.625000	313.937500
1	5.659000	0.939130	344.000000	312.500000
0	5.706000	0.709420	345.806213	310.843750
0	5.737000	0.886377	343.950012	314.000000
1	5.768000	0.801159	345.024994	313.475006
1	5.800000	0.985362	342.281250	315.281250
0	5.831000	0.866812	343.968750	313.781250
1	5.862000	0.990725	342.250000	314.750000
1	5.893000	0.967971	342.468750	314.156250
1	5.924000	0.976811	342.550232	314.087280
0	5.971000	0.834783	344.625000	312.875000
1	6.002000	0.968406	342.537506	314.037506
1	6.034000	0.875942	344.100006	312.587494
1	6.065000	0.974493	342.937500	314.875000
1	6.096000	0.972899	342.881256	314.506256
1	6.127000	0.985362	343.281250	314.968750
1	6.158000	1.016232	342.637482	315.350006
1	6.205000	1.034203	342.500000	315.637512
1	6.236000	1.017391	342.250000	315.250000
1	6.268000	0.974493	343.000000	314.125000
1	6.299000	1.002319	343.587494	316.087494
1	6.330000	1.023768	342.787506	315.725006
1	6.361000	1.018841	343.312500	315.625000
0	6.392000	0.759710	345.412506	312.087494
1	6.439000	0.995797	343.156219	316.181244
0	6.470000	0.857536	345.931244	314.568756
1	6.502000	1.040580	343.500000	316.500000
0	6.533000	1.518841	342.750000	303.750000
1	6.564000	1.008696	343.000000	313.500000
1	6.595000	1.028841	342.843750	314.281250
1	6.626000	1.025507	342.750000	313.750000
1	6.658000	1.025507	342.750000	312.875000
0	6.704000	1.565217	347.250000	297.750000
1	6.736000	1.040290	342.537506	312.600006
1	6.767000	1.025072	343.243744	312.243744
1	6.798000	1.059855	343.193756	313.243744
1	6.829000	1.044638	343.524994	313.475006
1	6.860000	1.040580	343.406250	313.468750
1	6.892000	1.040290	343.462494	313.912506
1	6.938000	1.026667	343.187500	313.250000
0	6.970000	1.745507	348.725128	301.300079
1	7.001000	1.022899	343.637482	311.725006
1	7.032000	1.048985	343.462494	312.537506
1	7.063000	1.052754	343.375000	311.862488
1	7.094000	1.069855	343.337494	312.162506
1	7.126000	1.040290	343.412506	311.475006
1	7.172000	1.045652	343.406250	312.468750
1	7.204000	1.055362	344.149994	312.787506
1	7.235000	1.050725	343.687500	312.937500
1	7.266000	1.044638	343.524994	312.975006
1	7.297000	1.043333	343.493744	313.006256
0	7.328000	1.357681	341.975006	297.024994
0	7.360000	1.055072	346.000000	314.500000
1	7.391000	1.008696	343.000000	311.500000
1	7.438000	1.061884	342.756256	311.256256
1	7.469000	1.084058	343.000000	312.500000
0	7.500000	0.962319	342.000000	310.500000
1	7.531000	1.053333	343.100006	312.100006
1	7.562000	1.072464	343.375000	312.625000
1	7.594000	1.074493	342.937500	313.375000
1	7.625000	1.079420	343.024994	313.512482
1	7.672000	1.079420	343.462494	313.975006
1	7.703000	1.078841	343.000000	313.500000
1	7.734000	1.089855	343.000000	312.500000
1	7.765000	1.034203	343.125000	311.687500
0	7.796000	0.740725	345.781250	308.218750
1	7.828000	1.079275	342.431244	312.993744
1	7.859000	1.078841	342.250000	313.000000
0	7.906000	1.361014	345.056244	302.606232
0	7.937000	0.881159	346.250000	311.750000
1	7.968000	1.078841	343.000000	315.000000
1	7.999000	1.147826	342.000000	314.500000
1	8.030000	1.082029	342.562500	314.937500
1	8.062000	1.147101	343.625000	315.687500
1	8.093000	1.114638	342.468750	314.468750
0	8.124000	1.489855	338.325012	303.487488
1	8.171000	1.147826	342.000000	314.500000
1	8.202000	1.077536	341.518738	313.518738
1	8.233000	1.124638	342.000000	314.500000
1	8.264000	1.151160	342.506256	314.693756
1	8.296000	1.102899	341.862457	313.837494
1	8.327000	1.174493	342.875000	315.687500
1	8.358000	1.182898	343.037323	316.037445
1	8.389000	1.187971	343.506256	316.493744
1	8.436000	1.181449	343.100006	316.399994
1	8.467000	1.183188	343.500000	316.750000
1	8.498000	1.203333	342.943756	315.943756
1	8.530000	1.155507	341.381256	314.618744
1	8.561000	1.147826	342.000000	314.500000
0	8.592000	0.950725	345.250000	310.750000
0	8.623000	1.586812	342.693756	300.868744
0	8.670000	1.185362	342.956238	310.081238
1	8.701000	1.176667	342.343689	314.343750
0	8.732000	1.291884	337.937500	302.312500
1	8.764000	1.231884	342.750000	315.500000
1	8.795000	1.230580	342.881256	315.318756
1	8.826000	1.229275	343.287506	315.837494
1	8.857000	1.229855	342.937500	315.937500
1	8.904000	1.235362	342.812500	315.750000
0	8.935000	1.565217	340.500000	301.000000
1	8.966000	1.231884	342.687500	313.937500
1	8.998000	1.229855	342.937500	313.687500
1	9.029000	1.229420	343.068756	314.306244
0	9.060000	1.529855	341.000000	301.500000
1	9.091000	1.251594	343.000000	314.000000
1	9.122000	1.251014	343.287506	315.399994
1	9.169000	1.229855	343.937500	315.312500
1	9.200000	1.238116	343.568756	314.806244
1	9.232000	1.240580	343.625000	314.875000
0	9.263000	1.583623	340.006256	302.881256
1	9.294000	1.245362	343.343750	314.656250
1	9.325000	1.266232	343.231232	314.756256
1	9.356000	1.146232	341.468750	313.343750
1	9.403000	1.234783	343.500000	314.500000
1	9.434000	1.272464	343.187500	314.812500
1	9.466000	1.251594	343.674988	314.562500
1	9.497000	1.251594	343.625000	315.437500
1	9.528000	1.255362	343.537506	315.662506
0	9.559000	1.547826	344.000000	302.500000
1	9.590000	1.272754	344.287506	315.962494
1	9.637000	1.272754	344.162506	315.324982
1	9.668000	1.283768	344.024994	314.024994
1	9.700000	1.288551	343.518738	314.093750
1	9.731000	1.286957	345.000000	313.500000
1	9.762000	1.273333	344.687500	313.687500
1	9.793000	1.283188	343.937500	313.187500
0	9.824000	1.184203	342.543762	312.006287
1	9.856000	1.265942	344.093750	313.456238
1	9.902000	1.290435	344.100006	313.937531
1	9.934000	1.298551	344.000000	313.500000
1	9.965000	1.295942	344.000000	314.000000
1	9.996000	1.292754	344.000000	314.000000
1	10.027000	1.293333	344.149994	313.149994
0	10.058000	1.592899	340.093750	298.093750
1	10.090000	1.286957	345.000000	313.500000
1	10.136000	1.314203	344.350006	312.899994
1	10.168000	1.322754	344.493744	312.518768
1	10.199000	1.319275	344.556244	312.393768
1	10.230000	1.325073	344.618744	312.506256
1	10.261000	1.322899	344.524994	312.975006
0	10.292000	1.574927	341.043732	300.418732
1	10.324000	1.305942	344.843750	313.031250
1	10.370000	1.327971	344.481262	312.468750
1	10.402000	1.324927	344.475006	311.475006
0	10.433000	1.577681	344.687500	300.000000
1	10.464000	1.323333	344.468750	311.356201
1	10.495000	1.327101	344.443756	310.618744
1	10.526000	1.326667	344.487488	310.450012
0	10.558000	1.194203	342.562500	307.900024
1	10.589000	1.345072	344.343750	310.656250
1	10.636000	1.328841	345.456238	311.418762
0	10.667000	1.565797	345.500000	305.250000
1	10.698000	1.361594	345.081238	311.918762
1	10.729000	1.327681	344.531250	310.968750
1	10.760000	1.333768	344.568756	310.831207
1	10.792000	1.329420	344.506256	309.556244
1	10.823000	1.344638	344.725006	309.337494
1	10.870000	1.356522	344.500000	309.000000
0	10.901000	1.831594	343.399994	296.162506
1	10.932000	1.364203	344.943756	310.056244
1	10.963000	1.371159	345.031250	310.031250
0	10.994000	1.889855	350.000000	298.500000
0	11.026000	1.588406	341.825012	300.924988
1	11.057000	1.344638	345.337494	312.087494
1	11.104000	1.331014	344.562500	312.500000
1	11.135000	1.344493	344.306244	311.681244
1	11.166000	1.344058	344.687500	311.687500
1	11.197000	1.344493	344.818756	311.318756
1	11.228000	1.361884	344.931244	311.806244
1	11.260000	1.356522	344.500000	311.000000
1	11.291000	1.344058	344.737488	311.737488
1	11.322000	1.364638	345.062500	312.937500
1	11.369000	1.370145	345.062500	313.062500
0	11.400000	1.704348	342.000000	302.500000
1	11.431000	1.374927	345.006256	313.118744
1	11.462000	1.356667	344.993744	313.243744
1	11.494000	1.368116	345.000000	313.500000
0	11.525000	1.733768	344.431244	304.393707
1	11.556000	1.370145	344.937500	312.125000
1	11.603000	1.365797	345.000000	312.000000
1	11.634000	1.363043	345.062500	312.125000
1	11.665000	1.365797	345.000000	313.000000
0	11.696000	1.839275	344.306244	303.306244
1	11.728000	1.371159	344.906250	313.968750
1	11.759000	1.356522	344.500000	314.000000
1	11.790000	1.342899	344.312500	314.362488
0	11.837000	1.518841	342.000000	298.500000
0	11.868000	1.913043	348.250000	302.750000
1	11.899000	1.379710	343.750000	313.250000
0	11.930000	1.955362	345.850006	301.100006
0	11.962000	1.600000	342.000000	299.500000
1	11.993000	1.379420	344.837494	312.837494
1	12.024000	1.374493	344.875000	313.125000
1	12.055000	1.374927	344.881256	314.881256
1	12.102000	1.363623	345.043762	315.631226
0	12.133000	1.735942	344.475006	304.912506
1	12.164000	1.362029	344.912506	316.637482
1	12.196000	1.375073	344.899994	315.824982
1	12.227000	1.379710	344.750000	316.250000
1	12.258000	1.397246	344.593750	313.906250
1	12.289000	1.377101	344.162506	313.862518
1	12.320000	1.408696	344.625000	313.625000
1	12.367000	1.405942	344.481262	313.531250
1	12.398000	1.374927	344.881256	314.118744
0	12.430000	1.750725	347.000000	303.500000
1	12.461000	1.375073	344.899994	314.975006
1	12.492000	1.387971	344.881256	314.693756
1	12.523000	1.371739	344.937500	313.875000
1	12.554000	1.376667	344.843750	313.156250
1	12.601000	1.396232	344.387512	311.625000
1	12.632000	1.388116	344.462494	310.712494
1	12.664000	1.397971	344.412506	310.399994
1	12.695000	1.388116	344.712494	310.100006
1	12.726000	1.379275	344.181244	310.181244
1	12.757000	1.377246	344.868744	310.131256
1	12.788000	1.388551	344.718750	311.031250
1	12.835000	1.375507	345.093750	311.093750
1	12.866000	1.396667	345.431244	311.231232
1	12.898000	1.381449	345.074982	311.212494
1	12.929000	1.379855	344.843750	311.106262
1	12.960000	1.405362	344.493744	310.493744
0	12.991000	1.712464	347.250000	302.625000
1	13.022000	1.382609	344.062500	308.937500
0	13.054000	1.752899	346.793762	298.343750
1	13.100000	1.379855	344.843750	308.843750
0	13.132000	1.895652	344.375000	296.625000
1	13.163000	1.378841	345.062500	309.137512
1	13.194000	1.397101	344.575012	309.575012
0	13.225000	1.837971	346.462494	296.462494
0	13.256000	1.746667	339.225006	297.225006
0	13.288000	1.982609	350.000000	298.500000
1	13.334000	1.397971	344.412506	309.212494
1	13.366000	1.407681	344.506256	309.181244
1	13.397000	1.400000	344.500000	309.250000
1	13.428000	1.936232	347.000000	297.500000
1	13.459000	1.390290	345.131256	308.943756
0	13.490000	1.924638	346.000000	298.000000
1	13.522000	1.994058	344.843750	297.843750
1	13.568000	1.397246	345.406250	309.793762
1	13.600000	1.410290	345.218750	309.468750
1	13.631000	1.416377	345.368744	309.631256
0	13.662000	1.716812	344.812500	293.625000
0	13.693000	1.750725	343.762512	297.137512
1	13.724000	1.407101	344.531250	308.468750
1	13.756000	1.387536	345.062500	308.112488
0	13.787000	1.820290	348.000000	298.500000
0	13.834000	1.913043	345.750000	298.250000
1	13.865000	2.075362	351.000000	299.500000
0	13.896000	1.937247	348.093658	300.080963
1	13.927000	1.410145	345.612488	310.362488
0	13.958000	1.594058	341.218750	301.843750
1	13.990000	1.416377	344.756256	310.631256
1	14.021000	1.425073	344.756256	310.293732
1	14.068000	1.420290	344.500000	310.000000
0	14.099000	1.817971	344.875000	300.750000
1	14.130000	1.442319	343.975006	308.225006
1	14.161000	1.446377	344.750000	308.750000
1	14.192000	2.057101	347.062500	297.437500
1	14.224000	1.426232	344.756256	308.493744
1	14.255000	1.442464	345.006256	309.056244
0	14.302000	1.845072	344.406250	297.718750
0	14.333000	1.994058	348.156250	297.843750
1	14.364000	1.446232	345.031250	309.781250
1	14.395000	1.864638	341.812500	297.812500
0	14.426000	1.849420	340.468750	300.281250
1	14.458000	1.451594	344.437500	309.875000
1	14.489000	1.455942	344.562500	309.812500
1	14.520000	1.446812	344.381256	309.381256
1	14.567000	1.451884	344.562500	309.200012
1	14.598000	1.459710	344.725006	309.274994
1	14.629000	1.468551	344.618744	309.893768
1	14.660000	1.449275	345.500000	310.000000
1	14.692000	1.448986	344.587494	310.587494
1	14.723000	1.460870	345.000000	310.500000
1	14.754000	1.450580	344.156250	310.143738
0	14.801000	1.866232	340.993774	297.431213
1	14.832000	1.461449	344.312500	309.500000
0	14.863000	2.014203	347.074982	300.037506
0	14.894000	1.832029	345.593750	302.406250
0	14.926000	1.959420	346.000000	297.500000
1	14.957000	1.464203	344.431244	309.193756
0	14.988000	1.982609	350.000000	298.500000
0	15.035000	1.751594	342.687500	303.187500
1	15.066000	1.468551	344.381256	310.106232
1	15.097000	1.451449	344.093750	309.893738
1	15.128000	1.458116	344.168762	309.843750
1	15.160000	1.444493	344.056244	310.006256
0	15.191000	1.984058	345.750000	298.375000
1	15.222000	2.014203	346.962494	300.975006
0	15.253000	1.982609	346.000000	302.500000
1	15.300000	1.459710	344.274994	311.725006
1	15.331000	1.465797	344.187500	312.437500
1	15.362000	1.451449	343.893738	312.906250
1	15.394000	1.451160	344.131256	313.131256
1	15.425000	1.982609	347.000000	301.500000
1	15.456000	1.472464	344.250000	312.750000
1	15.487000	1.449275	343.000000	312.500000
1	15.534000	1.453768	344.843750	312.093750
1	15.565000	1.448840	344.118744	310.943756
0	15.596000	1.887536	346.500000	302.200012
1	15.628000	1.982609	346.000000	298.500000
0	15.659000	1.864638	342.799988	296.937500
1	15.690000	1.464058	344.537506	311.087494
1	15.721000	1.472899	345.318756	311.856232
0	15.768000	1.820290	350.000000	306.500000
1	15.799000	1.471015	344.437500	312.174988
1	15.830000	1.446232	344.906250	312.281250
1	15.862000	1.448986	344.412506	311.725006
1	15.893000	1.473913	344.750000	310.625000
0	15.924000	1.889855	350.500000	303.000000
0	15.955000	1.915797	343.531250	301.531250
1	15.986000	1.971015	348.000000	300.500000
0	16.033000	1.982609	346.000000	302.500000
1	16.064000	1.455072	344.924988	310.924988
1	16.096000	1.444493	344.993744	311.006256
1	16.127000	1.477246	344.506256	310.993744
1	16.158000	1.461449	344.812500	311.125000
1	16.189000	1.472754	344.962494	311.462494
0	16.220000	1.848406	343.687500	301.562500
1	16.267000	2.005797	348.000000	300.500000
1	16.298000	2.076667	347.893585	299.943695
1	16.330000	2.052754	346.000000	299.500000
1	16.361000	1.475362	344.500000	310.750000
0	16.392000	1.930435	348.000000	301.500000
0	16.423000	2.002464	352.318756	305.243744
1	16.454000	1.501160	345.287506	311.225006
1	16.486000	1.482029	345.437500	311.562500
0	16.532000	2.013623	348.000000	302.937500
0	16.564000	2.034203	351.250000	303.750000
1	16.595000	1.488551	344.343750	311.531250
0	16.626000	1.982609	347.000000	301.500000
0	16.657000	1.970580	346.443756	301.368744
1	16.688000	1.495652	344.437500	310.437500
1	16.720000	1.508116	344.187500	310.687500
1	16.766000	1.519710	344.862457	310.912506
0	16.798000	1.826087	346.000000	306.500000
1	16.829000	1.513768	343.981262	311.843750
0	16.860000	1.734203	343.937500	307.924988
1	16.891000	1.518841	343.000000	312.500000
1	16.922000	1.504348	344.187500	312.937500
1	16.954000	1.539855	343.656250	312.556274
1	17.000000	1.503188	344.100006	312.287506
0	17.032000	1.941739	346.024933	304.000031
0	17.063000	1.975362	347.887512	304.262512
1	17.094000	1.518551	343.912506	311.812469
1	17.125000	1.527101	343.443756	311.993744
0	17.156000	1.870725	343.712494	303.024994
1	17.188000	1.514058	344.018768	312.581268
1	17.219000	1.511884	344.100006	312.649994
0	17.266000	1.929855	343.000000	303.799988
0	17.297000	1.889855	342.000000	302.500000
1	17.328000	2.028985	349.000000	303.500000
1	17.359000	2.013623	346.500000	304.062500
1	17.390000	1.518841	345.000000	312.500000
1	17.422000	1.507246	343.750000	312.250000
1	17.453000	1.518841	344.500000	311.500000
0	17.500000	1.788116	346.225006	306.662506
1	17.531000	1.549420	343.481262	311.293762
0	17.562000	1.889855	342.000000	302.500000
0	17.593000	1.889855	342.000000	302.500000
0	17.624000	2.028985	347.000000	303.500000
1	17.656000	1.495652	344.000000	312.500000
0	17.687000	1.982609	346.000000	302.500000
1	17.734000	1.518841	343.250000	311.750000
1	17.765000	1.527536	343.250000	311.950012
0	17.796000	1.875073	344.462494	305.037506
1	17.827000	1.523333	344.031250	313.031250
0	17.858000	1.913043	344.000000	304.500000
0	17.890000	1.848406	344.687500	306.312500
1	17.921000	1.527101	344.481232	312.993744
1	17.952000	1.519710	344.887482	312.912506
1	17.999000	1.518406	344.118744	313.068756
1	18.030000	2.121739	348.500000	304.500000
1	18.061000	1.518986	343.906250	313.593750
0	18.092000	1.846377	342.049988	307.049988
1	18.124000	1.542464	343.618744	313.643768
1	18.155000	1.530435	344.000000	314.500000
0	18.186000	1.868551	342.881256	304.743744
1	18.233000	1.547246	343.737488	313.750000
0	18.264000	2.008841	345.931244	304.006256
0	18.295000	1.931594	343.274994	304.850006
1	18.326000	1.561449	344.437500	314.437500
0	18.358000	1.947826	347.000000	306.500000
0	18.389000	1.904638	345.662506	305.412506
0	18.420000	1.733623	341.912506	303.912506
1	18.451000	1.555942	344.375000	314.424988
0	18.498000	1.903768	344.687500	304.625000
1	18.529000	2.044203	347.418762	304.781250
1	18.560000	1.566377	343.975006	313.475006
1	18.592000	1.552754	344.187500	313.674988
1	18.623000	1.576812	343.937500	313.687500
0	18.654000	1.924493	344.156250	306.593750
1	18.685000	1.566377	344.087494	314.725006
1	18.732000	2.088116	347.024994	305.225006
0	18.763000	1.848551	343.981262	310.231262
1	18.794000	1.611594	346.000000	314.500000
1	18.826000	2.098551	345.500000	306.000000
1	18.857000	2.016812	344.500000	304.000000
0	18.888000	1.797101	344.500000	309.000000
0	18.919000	1.855217	345.068726	307.868774
0	18.966000	1.934783	343.906250	306.906250
1	18.997000	2.007246	344.375000	303.875000
0	19.028000	1.887971	345.468689	305.531311
1	19.060000	1.588551	344.031250	313.781250
1	19.091000	1.600580	344.500000	313.500000
0	19.122000	1.897246	345.281250	305.781250
0	19.153000	2.019275	349.031250	306.031250
1	19.184000	1.579420	344.712494	312.662506
1	19.231000	1.594928	343.956238	311.468750
1	19.262000	2.052899	343.131165	301.468689
0	19.294000	1.904494	343.631470	303.743561
1	19.325000	2.053333	347.149994	299.475006
0	19.356000	1.702754	344.218750	307.656250
1	19.387000	1.611594	346.000000	310.500000
0	19.418000	1.995072	346.812500	302.687500
0	19.465000	1.915072	344.524994	303.537506
0	19.496000	1.886232	345.143738	303.206238
1	19.528000	2.052899	344.856201	302.481201
1	19.559000	1.595507	344.131256	310.931244
0	19.590000	2.017536	347.993744	303.493744
0	19.621000	1.931594	343.824921	303.175018
1	19.652000	1.579855	343.656250	309.656250
1	19.699000	1.583623	343.743744	310.256256
0	19.730000	2.139855	344.268738	300.268738
0	19.762000	1.779855	344.781250	306.218750
1	19.793000	1.589420	344.156281	311.793732
0	19.824000	1.892899	346.718750	306.718750
1	19.855000	1.577246	344.318756	312.368744
1	19.886000	1.573768	343.993744	312.568756
0	19.918000	1.873333	344.987488	305.987488
0	19.964000	1.909710	344.556244	304.443756
0	19.996000	1.866667	346.000000	306.500000
1	20.027000	1.588116	344.037506	311.850006
0	20.058000	1.982609	346.000000	302.500000
0	20.089000	1.889855	344.250000	304.750000
1	20.120000	1.592899	344.093750	313.143738
0	20.152000	2.064638	346.187500	304.312500
0	20.198000	1.899710	345.325012	307.987488
0	20.230000	1.982609	346.000000	302.500000
1	20.261000	1.570580	343.443756	314.381256
1	20.292000	1.595072	343.062500	313.875000
1	20.323000	2.053333	345.462494	305.475006
0	20.354000	2.058696	344.312500	305.312500
0	20.386000	1.727246	343.524994	311.024994
0	20.417000	1.983768	344.475006	307.300018
0	20.464000	1.980290	343.350006	306.524994
1	20.495000	1.609710	342.631256	313.631256
0	20.526000	2.053333	344.524994	303.537506
0	20.557000	1.981884	342.268738	307.818726
0	20.588000	1.901449	342.000000	307.500000
1	20.620000	1.627246	342.649994	314.774994
1	20.651000	1.982609	345.000000	303.500000
1	20.698000	1.609275	342.125000	314.062500
0	20.729000	1.943768	341.162506	306.274994
0	20.760000	1.982609	344.500000	307.000000
1	20.791000	1.663480	342.375061	314.099823
1	20.822000	1.628985	343.000000	314.500000
0	20.854000	1.916377	345.193756	308.556244
0	20.885000	2.005797	342.500000	307.000000
0	20.932000	1.959275	343.406250	307.156250
1	20.963000	1.644058	342.875000	314.656250
0	20.994000	1.889855	346.000000	306.500000
0	21.025000	1.999420	344.250000	304.250000
1	21.056000	2.075362	341.000000	305.500000
0	21.088000	2.075362	342.000000	302.500000
0	21.119000	2.176667	346.781250	305.656250
1	21.150000	1.654203	342.975006	313.399994
1	21.197000	1.653623	342.825012	313.362488
1	21.228000	1.640290	342.637482	313.412506
1	21.259000	1.662319	342.937500	313.912537
0	21.290000	1.984638	343.712494	306.774994
1	21.322000	2.016812	344.000000	306.500000
0	21.353000	2.038116	346.443756	307.693756
0	21.384000	2.040580	344.000000	305.500000
0	21.431000	1.889855	343.000000	308.500000
1	21.462000	1.678985	343.131195	313.693573
0	21.493000	1.986957	344.750000	306.250000
0	21.524000	1.935942	343.149994	304.787506
0	21.556000	1.966812	344.031250	306.531250
0	21.587000	2.020145	343.956238	305.531250
0	21.618000	2.105942	343.781250	303.718750
0	21.665000	2.000145	342.068756	304.243744
0	21.696000	2.051449	345.518738	305.518738
0	21.727000	2.028985	345.250000	305.750000
0	21.758000	1.901160	342.662506	308.637482
1	21.790000	2.121739	342.500000	303.000000
0	21.821000	2.122899	346.412506	303.475006
0	21.852000	1.991449	343.168793	304.806305
1	21.883000	2.190725	346.424988	303.500000
1	21.930000	1.668986	343.174988	311.062500
1	21.961000	1.660725	343.043732	311.143890
0	21.992000	1.982609	342.000000	302.500000
1	22.024000	1.663768	344.000000	312.250000
1	22.055000	1.652319	343.431244	312.243744
0	22.086000	1.982609	342.000000	306.500000
1	22.117000	2.144928	346.000000	302.500000
0	22.164000	1.824638	343.512512	308.312500
1	22.195000	2.068551	344.306244	302.318756
1	22.226000	2.140725	344.781189	302.718811
1	22.258000	2.052174	343.500000	302.000000
0	22.289000	2.028985	347.000000	305.500000
1	22.320000	2.057536	341.681244	302.931244
0	22.351000	1.946233	343.981506	306.968628
0	22.398000	2.013043	344.500000	306.000000
0	22.429000	1.967971	341.918762	305.331238
1	22.460000	2.121739	343.000000	303.500000
0	22.492000	1.824927	343.662506	308.725006
0	22.523000	1.974638	341.043762	302.593750
0	22.554000	2.052174	343.500000	304.000000
1	22.585000	1.742899	342.187500	309.625000
1	22.616000	1.656232	342.000000	311.200012
1	22.663000	1.669565	342.024994	310.975006
0	22.694000	1.938551	342.375000	305.875000
0	22.726000	2.134203	343.625000	303.687500
1	22.757000	2.075362	346.000000	302.500000
1	22.788000	2.159855	344.031281	304.006256
0	22.819000	1.982609	342.000000	302.500000
0	22.850000	2.103333	344.618744	305.793732
1	22.897000	1.671159	342.206238	312.018738
1	22.928000	1.663623	342.093750	311.906250
1	22.960000	1.678406	342.331329	312.106232
0	22.991000	1.975507	342.406219	305.418732
0	23.022000	1.965217	344.125000	306.125000
1	23.053000	2.145072	344.593750	304.218750
0	23.084000	1.905362	343.368744	308.131256
0	23.131000	1.977681	342.937500	306.625000
1	23.162000	1.664638	342.937500	313.625000
1	23.194000	1.677971	342.912476	313.887451
0	23.225000	2.052174	344.625000	303.875000
0	23.256000	1.959275	343.218750	307.218750
0	23.287000	1.982029	340.500000	307.375000
1	23.318000	1.672319	342.218750	311.968750
0	23.350000	1.907101	341.281250	308.406250
1	23.396000	1.659420	343.000000	312.125000
1	23.428000	2.098840	344.087494	303.587494
0	23.459000	1.986957	343.250000	305.750000
0	23.490000	1.860290	343.187500	308.375000
0	23.521000	2.032464	341.224945	305.337402
0	23.552000	1.972754	344.587494	307.600006
0	23.584000	1.982609	346.000000	302.500000
0	23.630000	1.900290	344.737488	306.637512
1	23.662000	1.669565	343.000000	311.500000
0	23.693000	1.958116	341.656250	306.343750
1	23.724000	2.122464	343.731262	302.456238
1	23.755000	2.129855	344.625000	302.625000
1	23.786000	2.161014	346.118744	301.993744
0	23.818000	1.929421	344.006500	307.006256
1	23.849000	2.121739	347.000000	305.500000
0	23.896000	1.998986	344.881256	305.756256
1	23.927000	2.157681	346.524994	303.975006
1	23.958000	2.155507	343.506256	303.006256
0	23.989000	2.037536	343.606262	303.293762
0	24.020000	1.895072	343.250000	307.312500
1	24.052000	2.133333	346.000000	304.500000
0	24.083000	2.194638	345.443756	303.556244
1	24.130000	2.122899	343.524994	303.475006
1	24.161000	1.673188	343.268738	311.968750
0	24.192000	1.982609	346.000000	306.500000
1	24.223000	2.097246	343.206238	302.543762
0	24.254000	2.086957	345.000000	304.500000
1	24.286000	2.098551	340.500000	304.000000
1	24.317000	2.100580	345.174988	304.637512
0	24.348000	2.052174	344.000000	306.750000
0	24.395000	2.053333	346.274994	305.475006
1	24.426000	1.665362	343.268768	311.500000
1	24.457000	1.672319	343.218750	312.156250
1	24.488000	1.866667	343.250000	308.250000
0	24.520000	2.075362	345.000000	303.500000
1	24.551000	2.209855	344.725006	303.662506
1	24.582000	2.075362	346.000000	302.500000
0	24.629000	2.134203	346.687500	305.674988
0	24.660000	1.959420	346.000000	308.500000
0	24.691000	1.980290	346.649994	307.524994
0	24.722000	2.075362	347.000000	306.500000
1	24.754000	2.075362	347.000000	305.500000
0	24.785000	2.005797	344.000000	304.500000
1	24.816000	1.662319	344.000000	312.125000
0	24.863000	2.044783	345.093781	305.318756
0	24.894000	1.881884	347.168762	307.081238
0	24.925000	2.086957	346.000000	303.500000
0	24.956000	1.920145	344.468750	307.393738
0	24.988000	2.092319	347.056244	305.943756
1	25.019000	1.657971	344.325012	312.862488
1	25.050000	2.260870	350.000000	306.500000
1	25.081000	2.260870	354.000000	306.500000
0	25.128000	1.966812	343.031250	305.468750
0	25.159000	1.985797	347.587494	305.725006
0	25.190000	1.895652	347.062500	308.187500
0	25.222000	2.107681	346.793732	304.393707
0	25.253000	2.052174	346.000000	305.500000
0	25.284000	1.964203	345.256256	305.793732
1	25.315000	2.191304	348.500000	303.000000
0	25.362000	2.015072	343.912506	305.475006
1	25.393000	1.667246	344.850006	312.149994
1	25.424000	2.155942	346.000000	303.937500
0	25.456000	2.071449	347.218750	306.968750
0	25.487000	2.014638	344.531250	306.468750
1	25.518000	1.711884	344.212494	310.649994
1	25.549000	1.681449	343.962494	310.912506
0	25.596000	2.105942	343.781250	303.218750
1	25.627000	1.681449	343.387482	311.037506
1	25.658000	2.187391	345.081299	303.768738
1	25.690000	2.225362	349.018738	305.518738
0	25.721000	2.087536	345.000000	306.000000
0	25.752000	1.991159	346.118744	309.243744
0	25.783000	2.112029	346.256256	306.556244
1	25.814000	2.110145	346.000000	305.500000
1	25.861000	2.031449	344.306244	305.318756
1	25.892000	1.699420	344.125000	312.562500
1	25.924000	2.191304	344.500000	305.000000
1	25.955000	1.739130	344.000000	312.000000
1	25.986000	2.124493	344.456238	304.468750
0	26.017000	2.168986	347.000000	306.862427
1	26.048000	2.161449	344.899963	306.012512
1	26.095000	1.711449	343.906250	314.406250
0	26.126000	2.031449	342.706207	307.731293
0	26.158000	2.168116	342.000000	302.500000
0	26.189000	1.900580	343.687500	309.187500
0	26.220000	2.017536	342.493744	306.006256
0	26.251000	2.016232	344.962494	306.975006
0	26.282000	2.181449	347.149994	305.350006
1	26.329000	1.982609	342.000000	306.500000
1	26.360000	2.113623	344.500000	304.375000
1	26.392000	1.998406	345.218750	307.218750
1	26.423000	2.162029	345.912506	304.662506
1	26.454000	2.144928	346.000000	304.500000
1	26.485000	2.191304	348.000000	306.500000
0	26.516000	2.052754	345.487488	306.549988
0	26.548000	2.013623	343.937500	306.937500
1	26.594000	2.159420	344.950012	303.737488
0	26.626000	2.155362	345.975006	303.975006
0	26.657000	2.088841	343.231262	304.981262
1	26.688000	1.711884	344.587494	312.225006
0	26.719000	2.063623	347.156250	305.156250
0	26.750000	2.028985	346.750000	307.750000
0	26.782000	2.135797	347.618744	306.256256
0	26.828000	1.982029	350.125061	309.525085
0	26.860000	2.005797	343.500000	306.000000
1	26.891000	2.105942	348.218750	307.218750
0	26.922000	2.028985	343.000000	305.500000
1	26.953000	2.121739	343.750000	303.250000
0	26.984000	2.209855	347.850006	303.725006
1	27.016000	1.729420	344.493744	312.493744
0	27.062000	2.027681	346.593750	308.143738
0	27.094000	2.082609	346.875000	304.125000
1	27.125000	1.721159	344.500000	313.375000
0	27.156000	1.966812	345.468750	307.968750
0	27.187000	2.014058	347.506256	308.993744
0	27.218000	2.121739	344.500000	304.000000
1	27.250000	1.715942	344.000000	312.500000
1	27.281000	1.722029	344.475006	312.600006
0	27.328000	1.974927	344.256256	307.381256
0	27.359000	2.075362	346.000000	306.500000
1	27.390000	2.163623	344.656250	304.031250
0	27.421000	2.075362	346.000000	306.500000
0	27.452000	2.025507	346.875000	307.875000
0	27.484000	1.889855	342.000000	310.500000
1	27.515000	1.726811	344.518768	313.593781
0	27.562000	2.098551	344.500000	305.000000
1	27.593000	2.158985	345.518738	304.081238
1	27.624000	2.139130	344.500000	303.500000
0	27.655000	2.181884	347.156250	304.293762
0	27.686000	2.052174	344.500000	306.000000
1	27.718000	2.201014	346.368744	303.668732
0	27.749000	2.016232	347.524994	307.524994
1	27.796000	2.136377	347.656250	305.656250
1	27.827000	2.140290	342.274994	306.225006
0	27.858000	2.075362	345.000000	307.500000
0	27.889000	2.168116	346.000000	306.500000
0	27.920000	2.170725	346.824982	303.962494
1	27.952000	2.226232	348.993744	302.756256
0	27.983000	1.995072	346.187500	305.812500
1	28.014000	2.238551	346.687500	302.312500
0	28.061000	2.050580	345.518707	304.456207
0	28.092000	2.139710	344.750000	303.250000
1	28.123000	2.177246	346.193756	303.368744
1	28.154000	2.111450	343.318542	303.718811
0	28.186000	1.858116	345.218750	308.218750
0	28.217000	1.951594	344.937500	305.062500
0	28.248000	2.144928	350.500000	307.000000
1	28.279000	2.155507	348.493744	302.993744
1	28.326000	2.168116	342.000000	302.500000
1	28.357000	2.139710	345.250000	301.375000
0	28.388000	2.028985	345.500000	304.000000
1	28.420000	2.202899	348.000000	301.500000
1	28.451000	1.765797	346.000000	310.000000
1	28.482000	2.191304	350.000000	302.500000
0	28.513000	2.198116	350.681244	304.518768
0	28.560000	1.901160	348.337494	307.162506
1	28.591000	1.768116	345.375000	310.125000
1	28.622000	2.260870	346.000000	302.500000
1	28.654000	2.164638	347.000000	301.062500
1	28.685000	2.207681	346.293732	300.631256
1	28.716000	2.275072	346.712494	300.662506
0	28.747000	2.049275	345.049988	303.450012
0	28.794000	2.179710	346.750000	303.250000
0	28.825000	2.017391	344.750000	304.750000
1	28.856000	2.211449	347.281250	303.281250
1	28.888000	1.750725	345.812500	311.312500
1	28.919000	2.284058	349.000000	302.500000
0	28.950000	2.092464	345.774994	303.962494
1	28.981000	2.135652	345.475067	302.525543
1	29.012000	2.191304	345.500000	304.000000
0	29.059000	2.061884	344.993744	305.681244
1	29.090000	2.224493	348.718750	304.093750
1	29.122000	2.260870	350.000000	306.500000
1	29.153000	2.199420	345.625000	304.375000
1	29.184000	2.185507	347.125000	304.875000
1	29.215000	2.167681	350.043762	307.043762
0	29.246000	2.038405	344.706238	307.268921
0	29.293000	1.955507	344.118744	308.118744
0	29.324000	2.088116	348.475006	306.975006
0	29.356000	2.013623	344.562500	306.500000
0	29.387000	2.089710	347.018738	306.231262
1	29.418000	2.260870	349.000000	303.500000
1	29.449000	2.144928	346.000000	304.500000
0	29.480000	2.104203	347.881256	307.806244
0	29.527000	2.098551	347.000000	308.500000
1	29.558000	2.191304	348.000000	306.500000
1	29.590000	2.191304	346.500000	306.000000
1	29.621000	2.144928	352.000000	306.500000
1	29.652000	2.272464	348.000000	304.500000
0	29.683000	2.003188	343.212494	307.537506
1	29.714000	1.758116	344.906250	312.156250
1	29.746000	2.105362	345.918732	305.243744
1	29.792000	2.144928	349.750000	306.750000
0	29.824000	2.087971	347.006256	307.756256
1	29.855000	2.121739	347.000000	305.500000
0	29.886000	2.159420	349.049988	305.049988
0	29.917000	2.054638	344.556305	306.506256
1	29.948000	2.121739	345.000000	305.500000
1	29.980000	1.729275	345.475006	312.462494
<\RIGHT-PUPIL-DATA>
<LEFT-PUPIL-DATA>
903	0
0	-0.067000	13.913043	240.000000	320.000000
0	-0.035000	13.913043	240.000000	320.000000
0	-0.004000	13.913043	240.000000	320.000000
0	0.043000	13.913043	240.000000	320.000000
0	0.074000	13.913043	240.000000	320.000000
0	0.105000	13.913043	240.000000	320.000000
0	0.136000	13.913043	240.000000	320.000000
0	0.167000	13.913043	240.000000	320.000000
0	0.199000	13.913043	240.000000	320.000000
0	0.230000	13.913043	240.000000	320.000000
0	0.277000	13.913043	240.000000	320.000000
0	0.308000	13.913043	240.000000	320.000000
0	0.339000	13.913043	240.000000	320.000000
0	0.370000	13.913043	240.000000	320.000000
0	0.401000	13.913043	240.000000	320.000000
0	0.433000	13.913043	240.000000	320.000000
0	0.464000	13.913043	240.000000	320.000000
0	0.495000	13.913043	240.000000	320.000000
0	0.542000	13.913043	240.000000	320.000000
0	0.573000	13.913043	240.000000	320.000000
0	0.604000	13.913043	240.000000	320.000000
0	0.635000	13.913043	240.000000	320.000000
0	0.667000	13.913043	240.000000	320.000000
0	0.698000	13.913043	240.000000	320.000000
0	0.729000	13.913043	240.000000	320.000000
0	0.776000	13.913043	240.000000	320.000000
0	0.807000	13.913043	240.000000	320.000000
0	0.838000	13.913043	240.000000	320.000000
0	0.869000	13.913043	240.000000	320.000000
0	0.901000	13.913043	240.000000	320.000000
0	0.932000	13.913043	240.000000	320.000000
0	0.963000	13.913043	240.000000	320.000000
0	1.010000	13.913043	240.000000	320.000000
0	1.041000	13.913043	240.000000	320.000000
0	1.072000	13.913043	240.000000	320.000000
0	1.103000	13.913043	240.000000	320.000000
0	1.135000	13.913043	240.000000	320.000000
0	1.166000	13.913043	240.000000	320.000000
0	1.197000	13.913043	240.000000	320.000000
0	1.228000	13.913043	240.000000	320.000000
0	1.275000	13.913043	240.000000	320.000000
0	1.306000	13.913043	240.000000	320.000000
0	1.337000	13.913043	240.000000	320.000000
0	1.369000	13.913043	240.000000	320.000000
0	1.400000	13.913043	240.000000	320.000000
0	1.431000	13.913043	240.000000	320.000000
0	1.462000	13.913043	240.000000	320.000000
0	1.509000	13.913043	240.000000	320.000000
0	1.540000	13.913043	240.000000	320.000000
0	1.571000	13.913043	240.000000	320.000000
0	1.603000	13.913043	240.000000	320.000000
0	1.634000	13.913043	240.000000	320.000000
0	1.665000	13.913043	240.000000	320.000000
0	1.696000	13.913043	240.000000	320.000000
0	1.743000	13.913043	240.000000	320.000000
0	1.774000	13.913043	240.000000	320.000000
0	1.805000	13.913043	240.000000	320.000000
0	1.837000	13.913043	240.000000	320.000000
0	1.868000	13.913043	240.000000	320.000000
0	1.899000	13.913043	240.000000	320.000000
0	1.930000	13.913043	240.000000	320.000000
0	1.961000	13.913043	240.000000	320.000000
0	2.008000	13.913043	240.000000	320.000000
0	2.039000	13.913043	240.000000	320.000000
0	2.071000	13.913043	240.000000	320.000000
0	2.102000	13.913043	240.000000	320.000000
0	2.133000	13.913043	240.000000	320.000000
0	2.164000	13.913043	240.000000	320.000000
0	2.195000	13.913043	240.000000	320.000000
0	2.227000	13.913043	240.000000	320.000000
0	2.273000	13.913043	240.000000	320.000000
0	2.305000	13.913043	240.000000	320.000000
0	2.336000	13.913043	240.000000	320.000000
0	2.367000	13.913043	240.000000	320.000000
0	2.398000	13.913043	240.000000	320.000000
0	2.429000	13.913043	240.000000	320.000000
0	2.461000	13.913043	240.000000	320.000000
0	2.507000	13.913043	240.000000	320.000000
0	2.539000	13.913043	240.000000	320.000000
0	2.570000	13.913043	240.000000	320.000000
0	2.601000	13.913043	240.000000	320.000000
0	2.632000	13.913043	240.000000	320.000000
0	2.663000	13.913043	240.000000	320.000000
0	2.695000	13.913043	240.000000	320.000000
0	2.741000	13.913043	240.000000	320.000000
0	2.773000	13.913043	240.000000	320.000000
0	2.804000	13.913043	240.000000	320.000000
0	2.835000	13.913043	240.000000	320.000000
0	2.866000	13.913043	240.000000	320.000000
0	2.898000	13.913043	240.000000	320.000000
0	2.929000	13.913043	240.000000	320.000000
0	2.960000	13.913043	240.000000	320.000000
0	3.007000	13.913043	240.000000	320.000000
0	3.038000	13.913043	240.000000	320.000000
0	3.069000	13.913043	240.000000	320.000000
0	3.100000	13.913043	240.000000	320.000000
0	3.132000	13.913043	240.000000	320.000000
0	3.163000	13.913043	240.000000	320.000000
0	3.194000	13.913043	240.000000	320.000000
0	3.241000	13.913043	240.000000	320.000000
0	3.272000	13.913043	240.000000	320.000000
0	3.303000	13.913043	240.000000	320.000000
0	3.334000	13.913043	240.000000	320.000000
0	3.366000	13.913043	240.000000	320.000000
0	3.397000	13.913043	240.000000	320.000000
0	3.428000	13.913043	240.000000	320.000000
0	3.475000	13.913043	240.000000	320.000000
0	3.506000	13.913043	240.000000	320.000000
0	3.537000	13.913043	240.000000	320.000000
0	3.568000	13.913043	240.000000	320.000000
0	3.600000	13.913043	240.000000	320.000000
0	3.631000	13.913043	240.000000	320.000000
0	3.662000	13.913043	240.000000	320.000000
0	3.693000	13.913043	240.000000	320.000000
0	3.740000	13.913043	240.000000	320.000000
0	3.771000	13.913043	240.000000	320.000000
0	3.802000	13.913043	240.000000	320.000000
0	3.834000	13.913043	240.000000	320.000000
0	3.865000	13.913043	240.000000	320.000000
0	3.896000	13.913043	240.000000	320.000000
0	3.927000	13.913043	240.000000	320.000000
0	3.974000	13.913043	240.000000	320.000000
0	4.005000	13.913043	240.000000	320.000000
0	4.036000	13.913043	240.000000	320.000000
0	4.068000	13.913043	240.000000	320.000000
0	4.099000	13.913043	240.000000	320.000000
0	4.130000	13.913043	240.000000	320.000000
0	4.161000	13.913043	240.000000	320.000000
0	4.208000	13.913043	240.000000	320.000000
0	4.239000	13.913043	240.000000	320.000000
0	4.270000	13.913043	240.000000	320.000000
0	4.302000	13.913043	240.000000	320.000000
0	4.333000	13.913043	240.000000	320.000000
0	4.364000	13.913043	240.000000	320.000000
0	4.395000	13.913043	240.000000	320.000000
0	4.426000	13.913043	240.000000	320.000000
0	4.473000	13.913043	240.000000	320.000000
0	4.504000	13.913043	240.000000	320.000000
0	4.536000	13.913043	240.000000	320.000000
0	4.567000	13.913043	240.000000	320.000000
0	4.598000	13.913043	240.000000	320.000000
0	4.629000	13.913043	240.000000	320.000000
0	4.660000	13.913043	240.000000	320.000000
0	4.707000	13.913043	240.000000	320.000000
0	4.738000	13.913043	240.000000	320.000000
0	4.770000	13.913043	240.000000	320.000000
0	4.801000	13.913043	240.000000	320.000000
0	4.832000	13.913043	240.000000	320.000000
0	4.863000	13.913043	240.000000	320.000000
0	4.894000	13.913043	240.000000	320.000000
0	4.941000	13.913043	240.000000	320.000000
0	4.972000	13.913043	240.000000	320.000000
0	5.004000	13.913043	240.000000	320.000000
0	5.035000	13.913043	240.000000	320.000000
0	5.066000	13.913043	240.000000	320.000000
0	5.097000	13.913043	240.000000	320.000000
0	5.128000	13.913043	240.000000	320.000000
0	5.160000	13.913043	240.000000	320.000000
0	5.206000	13.913043	240.000000	320.000000
0	5.238000	13.913043	240.000000	320.000000
0	5.269000	13.913043	240.000000	320.000000
0	5.300000	13.913043	240.000000	320.000000
0	5.331000	13.913043	240.000000	320.000000
0	5.362000	13.913043	240.000000	320.000000
0	5.394000	13.913043	240.000000	320.000000
0	5.440000	13.913043	240.000000	320.000000
0	5.472000	13.913043	240.000000	320.000000
0	5.503000	13.913043	240.000000	320.000000
0	5.534000	13.913043	240.000000	320.000000
0	5.565000	13.913043	240.000000	320.000000
0	5.596000	13.913043	240.000000	320.000000
0	5.628000	13.913043	240.000000	320.000000
0	5.674000	13.913043	240.000000	320.000000
0	5.706000	13.913043	240.000000	320.000000
0	5.737000	13.913043	240.000000	320.000000
0	5.768000	13.913043	240.000000	320.000000
0	5.799000	13.913043	240.000000	320.000000
0	5.830000	13.913043	240.000000	320.000000
0	5.862000	13.913043	240.000000	320.000000
0	5.893000	13.913043	240.000000	320.000000
0	5.940000	13.913043	240.000000	320.000000
0	5.971000	13.913043	240.000000	320.000000
0	6.002000	13.913043	240.000000	320.000000
0	6.033000	13.913043	240.000000	320.000000
0	6.064000	13.913043	240.000000	320.000000
0	6.096000	13.913043	240.000000	320.000000
0	6.127000	13.913043	240.000000	320.000000
0	6.158000	13.913043	240.000000	320.000000
0	6.205000	13.913043	240.000000	320.000000
0	6.236000	13.913043	240.000000	320.000000
0	6.267000	13.913043	240.000000	320.000000
0	6.298000	13.913043	240.000000	320.000000
0	6.330000	13.913043	240.000000	320.000000
0	6.361000	13.913043	240.000000	320.000000
0	6.392000	13.913043	240.000000	320.000000
0	6.439000	13.913043	240.000000	320.000000
0	6.470000	13.913043	240.000000	320.000000
0	6.501000	13.913043	240.000000	320.000000
0	6.532000	13.913043	240.000000	320.000000
0	6.564000	13.913043	240.000000	320.000000
0	6.595000	13.913043	240.000000	320.000000
0	6.626000	13.913043	240.000000	320.000000
0	6.673000	13.913043	240.000000	320.000000
0	6.704000	13.913043	240.000000	320.000000
0	6.735000	13.913043	240.000000	320.000000
0	6.766000	13.913043	240.000000	320.000000
0	6.798000	13.913043	240.000000	320.000000
0	6.829000	13.913043	240.000000	320.000000
0	6.860000	13.913043	240.000000	320.000000
0	6.891000	13.913043	240.000000	320.000000
0	6.938000	13.913043	240.000000	320.000000
0	6.969000	13.913043	240.000000	320.000000
0	7.000000	13.913043	240.000000	320.000000
0	7.032000	13.913043	240.000000	320.000000
0	7.063000	13.913043	240.000000	320.000000
0	7.094000	13.913043	240.000000	320.000000
0	7.125000	13.913043	240.000000	320.000000
0	7.172000	13.913043	240.000000	320.000000
0	7.203000	13.913043	240.000000	320.000000
0	7.234000	13.913043	240.000000	320.000000
0	7.266000	13.913043	240.000000	320.000000
0	7.297000	13.913043	240.000000	320.000000
0	7.328000	13.913043	240.000000	320.000000
0	7.359000	13.913043	240.000000	320.000000
0	7.406000	13.913043	240.000000	320.000000
0	7.437000	13.913043	240.000000	320.000000
0	7.468000	13.913043	240.000000	320.000000
0	7.500000	13.913043	240.000000	320.000000
0	7.531000	13.913043	240.000000	320.000000
0	7.562000	13.913043	240.000000	320.000000
0	7.593000	13.913043	240.000000	320.000000
0	7.624000	13.913043	240.000000	320.000000
0	7.671000	13.913043	240.000000	320.000000
0	7.702000	13.913043	240.000000	320.000000
0	7.734000	13.913043	240.000000	320.000000
0	7.765000	13.913043	240.000000	320.000000
0	7.796000	13.913043	240.000000	320.000000
0	7.827000	13.913043	240.000000	320.000000
0	7.858000	13.913043	240.000000	320.000000
0	7.905000	13.913043	240.000000	320.000000
0	7.936000	13.913043	240.000000	320.000000
0	7.968000	13.913043	240.000000	320.000000
0	7.999000	13.913043	240.000000	320.000000
0	8.030000	13.913043	240.000000	320.000000
0	8.061000	13.913043	240.000000	320.000000
0	8.092000	13.913043	240.000000	320.000000
0	8.139000	13.913043	240.000000	320.000000
0	8.170000	13.913043	240.000000	320.000000
0	8.202000	13.913043	240.000000	320.000000
0	8.233000	13.913043	240.000000	320.000000
0	8.264000	13.913043	240.000000	320.000000
0	8.295000	13.913043	240.000000	320.000000
0	8.326000	13.913043	240.000000	320.000000
0	8.358000	13.913043	240.000000	320.000000
0	8.404000	13.913043	240.000000	320.000000
0	8.436000	13.913043	240.000000	320.000000
0	8.467000	13.913043	240.000000	320.000000
0	8.498000	13.913043	240.000000	320.000000
0	8.529000	13.913043	240.000000	320.000000
0	8.560000	13.913043	240.000000	320.000000
0	8.592000	13.913043	240.000000	320.000000
0	8.638000	13.913043	240.000000	320.000000
0	8.670000	13.913043	240.000000	320.000000
0	8.701000	13.913043	240.000000	320.000000
0	8.732000	13.913043	240.000000	320.000000
0	8.763000	13.913043	240.000000	320.000000
0	8.794000	13.913043	240.000000	320.000000
0	8.826000	13.913043	240.000000	320.000000
0	8.872000	13.913043	240.000000	320.000000
0	8.904000	13.913043	240.000000	320.000000
0	8.935000	13.913043	240.000000	320.000000
0	8.966000	13.913043	240.000000	320.000000
0	8.997000	13.913043	240.000000	320.000000
0	9.028000	13.913043	240.000000	320.000000
0	9.060000	13.913043	240.000000	320.000000
0	9.091000	13.913043	240.000000	320.000000
0	9.138000	13.913043	240.000000	320.000000
0	9.169000	13.913043	240.000000	320.000000
0	9.200000	13.913043	240.000000	320.000000
0	9.231000	13.913043	240.000000	320.000000
0	9.262000	13.913043	240.000000	320.000000
0	9.294000	13.913043	240.000000	320.000000
0	9.325000	13.913043	240.000000	320.000000
0	9.372000	13.913043	240.000000	320.000000
0	9.403000	13.913043	240.000000	320.000000
0	9.434000	13.913043	240.000000	320.000000
0	9.465000	13.913043	240.000000	320.000000
0	9.496000	13.913043	240.000000	320.000000
0	9.528000	13.913043	240.000000	320.000000
0	9.559000	13.913043	240.000000	320.000000
0	9.606000	13.913043	240.000000	320.000000
0	9.637000	13.913043	240.000000	320.000000
0	9.668000	13.913043	240.000000	320.000000
0	9.699000	13.913043	240.000000	320.000000
0	9.730000	13.913043	240.000000	320.000000
0	9.762000	13.913043	240.000000	320.000000
0	9.793000	13.913043	240.000000	320.000000
0	9.824000	13.913043	240.000000	320.000000
0	9.871000	13.913043	240.000000	320.000000
0	9.902000	13.913043	240.000000	320.000000
0	9.933000	13.913043	240.000000	320.000000
0	9.964000	13.913043	240.000000	320.000000
0	9.996000	13.913043	240.000000	320.000000
0	10.027000	13.913043	240.000000	320.000000
0	10.058000	13.913043	240.000000	320.000000
0	10.105000	13.913043	240.000000	320.000000
0	10.136000	13.913043	240.000000	320.000000
0	10.167000	13.913043	240.000000	320.000000
0	10.198000	13.913043	240.000000	320.000000
0	10.230000	13.913043	240.000000	320.000000
0	10.261000	13.913043	240.000000	320.000000
0	10.292000	13.913043	240.000000	320.000000
0	10.323000	13.913043	240.000000	320.000000
0	10.370000	13.913043	240.000000	320.000000
0	10.401000	13.913043	240.000000	320.000000
0	10.432000	13.913043	240.000000	320.000000
0	10.464000	13.913043	240.000000	320.000000
0	10.495000	13.913043	240.000000	320.000000
0	10.526000	13.913043	240.000000	320.000000
0	10.557000	13.913043	240.000000	320.000000
0	10.604000	13.913043	240.000000	320.000000
0	10.635000	13.913043	240.000000	320.000000
0	10.666000	13.913043	240.000000	320.000000
0	10.698000	13.913043	240.000000	320.000000
0	10.729000	13.913043	240.000000	320.000000
0	10.760000	13.913043	240.000000	320.000000
0	10.791000	13.913043	240.000000	320.000000
0	10.838000	13.913043	240.000000	320.000000
0	10.869000	13.913043	240.000000	320.000000
0	10.900000	13.913043	240.000000	320.000000
0	10.932000	13.913043	240.000000	320.000000
0	10.963000	13.913043	240.000000	320.000000
0	10.994000	13.913043	240.000000	320.000000
0	11.025000	13.913043	240.000000	320.000000
0	11.056000	13.913043	240.000000	320.000000
0	11.103000	13.913043	240.000000	320.000000
0	11.134000	13.913043	240.000000	320.000000
0	11.166000	13.913043	240.000000	320.000000
0	11.197000	13.913043	240.000000	320.000000
0	11.228000	13.913043	240.000000	320.000000
0	11.259000	13.913043	240.000000	320.000000
0	11.290000	13.913043	240.000000	320.000000
0	11.337000	13.913043	240.000000	320.000000
0	11.368000	13.913043	240.000000	320.000000
0	11.400000	13.913043	240.000000	320.000000
0	11.431000	13.913043	240.000000	320.000000
0	11.462000	13.913043	240.000000	320.000000
0	11.493000	13.913043	240.000000	320.000000
0	11.524000	13.913043	240.000000	320.000000
0	11.556000	13.913043	240.000000	320.000000
0	11.602000	13.913043	240.000000	320.000000
0	11.634000	13.913043	240.000000	320.000000
0	11.665000	13.913043	240.000000	320.000000
0	11.696000	13.913043	240.000000	320.000000
0	11.727000	13.913043	240.000000	320.000000
0	11.758000	13.913043	240.000000	320.000000
0	11.790000	13.913043	240.000000	320.000000
0	11.836000	13.913043	240.000000	320.000000
0	11.868000	13.913043	240.000000	320.000000
0	11.899000	13.913043	240.000000	320.000000
0	11.930000	13.913043	240.000000	320.000000
0	11.961000	13.913043	240.000000	320.000000
0	11.992000	13.913043	240.000000	320.000000
0	12.024000	13.913043	240.000000	320.000000
0	12.070000	13.913043	240.000000	320.000000
0	12.102000	13.913043	240.000000	320.000000
0	12.133000	13.913043	240.000000	320.000000
0	12.164000	13.913043	240.000000	320.000000
0	12.195000	13.913043	240.000000	320.000000
0	12.226000	13.913043	240.000000	320.000000
0	12.258000	13.913043	240.000000	320.000000
0	12.289000	13.913043	240.000000	320.000000
0	12.336000	13.913043	240.000000	320.000000
0	12.367000	13.913043	240.000000	320.000000
0	12.398000	13.913043	240.000000	320.000000
0	12.429000	13.913043	240.000000	320.000000
0	12.460000	13.913043	240.000000	320.000000
0	12.492000	13.913043	240.000000	320.000000
0	12.523000	13.913043	240.000000	320.000000
0	12.570000	13.913043	240.000000	320.000000
0	12.601000	13.913043	240.000000	320.000000
0	12.632000	13.913043	240.000000	320.000000
0	12.663000	13.913043	240.000000	320.000000
0	12.694000	13.913043	240.000000	320.000000
0	12.726000	13.913043	240.000000	320.000000
0	12.757000	13.913043	240.000000	320.000000
0	12.804000	13.913043	240.000000	320.000000
0	12.835000	13.913043	240.000000	320.000000
0	12.866000	13.913043	240.000000	320.000000
0	12.897000	13.913043	240.000000	320.000000
0	12.928000	13.913043	240.000000	320.000000
0	12.960000	13.913043	240.000000	320.000000
0	12.991000	13.913043	240.000000	320.000000
0	13.022000	13.913043	240.000000	320.000000
0	13.069000	13.913043	240.000000	320.000000
0	13.100000	13.913043	240.000000	320.000000
0	13.131000	13.913043	240.000000	320.000000
0	13.162000	13.913043	240.000000	320.000000
0	13.194000	13.913043	240.000000	320.000000
0	13.225000	13.913043	240.000000	320.000000
0	13.256000	13.913043	240.000000	320.000000
0	13.303000	13.913043	240.000000	320.000000
0	13.334000	13.913043	240.000000	320.000000
0	13.365000	13.913043	240.000000	320.000000
0	13.396000	13.913043	240.000000	320.000000
0	13.428000	13.913043	240.000000	320.000000
0	13.459000	13.913043	240.000000	320.000000
0	13.490000	13.913043	240.000000	320.000000
0	13.537000	13.913043	240.000000	320.000000
0	13.568000	13.913043	240.000000	320.000000
0	13.599000	13.913043	240.000000	320.000000
0	13.630000	13.913043	240.000000	320.000000
0	13.662000	13.913043	240.000000	320.000000
0	13.693000	13.913043	240.000000	320.000000
0	13.724000	13.913043	240.000000	320.000000
0	13.755000	13.913043	240.000000	320.000000
0	13.802000	13.913043	240.000000	320.000000
0	13.833000	13.913043	240.000000	320.000000
0	13.864000	13.913043	240.000000	320.000000
0	13.896000	13.913043	240.000000	320.000000
0	13.927000	13.913043	240.000000	320.000000
0	13.958000	13.913043	240.000000	320.000000
0	13.989000	13.913043	240.000000	320.000000
0	14.036000	13.913043	240.000000	320.000000
0	14.067000	13.913043	240.000000	320.000000
0	14.098000	13.913043	240.000000	320.000000
0	14.130000	13.913043	240.000000	320.000000
0	14.161000	13.913043	240.000000	320.000000
0	14.192000	13.913043	240.000000	320.000000
0	14.223000	13.913043	240.000000	320.000000
0	14.254000	13.913043	240.000000	320.000000
0	14.301000	13.913043	240.000000	320.000000
0	14.332000	13.913043	240.000000	320.000000
0	14.364000	13.913043	240.000000	320.000000
0	14.395000	13.913043	240.000000	320.000000
0	14.426000	13.913043	240.000000	320.000000
0	14.457000	13.913043	240.000000	320.000000
0	14.488000	13.913043	240.000000	320.000000
0	14.535000	13.913043	240.000000	320.000000
0	14.566000	13.913043	240.000000	320.000000
0	14.598000	13.913043	240.000000	320.000000
0	14.629000	13.913043	240.000000	320.000000
0	14.660000	13.913043	240.000000	320.000000
0	14.691000	13.913043	240.000000	320.000000
0	14.722000	13.913043	240.000000	320.000000
0	14.769000	13.913043	240.000000	320.000000
0	14.800000	13.913043	240.000000	320.000000
0	14.832000	13.913043	240.000000	320.000000
0	14.863000	13.913043	240.000000	320.000000
0	14.894000	13.913043	240.000000	320.000000
0	14.925000	13.913043	240.000000	320.000000
0	14.956000	13.913043	240.000000	320.000000
0	14.988000	13.913043	240.000000	320.000000
0	15.034000	13.913043	240.000000	320.000000
0	15.066000	13.913043	240.000000	320.000000
0	15.097000	13.913043	240.000000	320.000000
0	15.128000	13.913043	240.000000	320.000000
0	15.159000	13.913043	240.000000	320.000000
0	15.190000	13.913043	240.000000	320.000000
0	15.222000	13.913043	240.000000	320.000000
0	15.268000	13.913043	240.000000	320.000000
0	15.300000	13.913043	240.000000	320.000000
0	15.331000	13.913043	240.000000	320.000000
0	15.362000	13.913043	240.000000	320.000000
0	15.393000	13.913043	240.000000	320.000000
0	15.424000	13.913043	240.000000	320.000000
0	15.456000	13.913043	240.000000	320.000000
0	15.502000	13.913043	240.000000	320.000000
0	15.534000	13.913043	240.000000	320.000000
0	15.565000	13.913043	240.000000	320.000000
0	15.596000	13.913043	240.000000	320.000000
0	15.627000	13.913043	240.000000	320.000000
0	15.658000	13.913043	240.000000	320.000000
0	15.690000	13.913043	240.000000	320.000000
0	15.721000	13.913043	240.000000	320.000000
0	15.768000	13.913043	240.000000	320.000000
0	15.799000	13.913043	240.000000	320.000000
0	15.830000	13.913043	240.000000	320.000000
0	15.861000	13.913043	240.000000	320.000000
0	15.892000	13.913043	240.000000	320.000000
0	15.924000	13.913043	240.000000	320.000000
0	15.955000	13.913043	240.000000	320.000000
0	16.002000	13.913043	240.000000	320.000000
0	16.033000	13.913043	240.000000	320.000000
0	16.064000	13.913043	240.000000	320.000000
0	16.095000	13.913043	240.000000	320.000000
0	16.126000	13.913043	240.000000	320.000000
0	16.158000	13.913043	240.000000	320.000000
0	16.189000	13.913043	240.000000	320.000000
0	16.236000	13.913043	240.000000	320.000000
0	16.267000	13.913043	240.000000	320.000000
0	16.298000	13.913043	240.000000	320.000000
0	16.329000	13.913043	240.000000	320.000000
0	16.360000	13.913043	240.000000	320.000000
0	16.392000	13.913043	240.000000	320.000000
0	16.423000	13.913043	240.000000	320.000000
0	16.454000	13.913043	240.000000	320.000000
0	16.501000	13.913043	240.000000	320.000000
0	16.532000	13.913043	240.000000	320.000000
0	16.563000	13.913043	240.000000	320.000000
0	16.594000	13.913043	240.000000	320.000000
0	16.626000	13.913043	240.000000	320.000000
0	16.657000	13.913043	240.000000	320.000000
0	16.688000	13.913043	240.000000	320.000000
0	16.735000	13.913043	240.000000	320.000000
0	16.766000	13.913043	240.000000	320.000000
0	16.797000	13.913043	240.000000	320.000000
0	16.828000	13.913043	240.000000	320.000000
0	16.860000	13.913043	240.000000	320.000000
0	16.891000	13.913043	240.000000	320.000000
0	16.922000	13.913043	240.000000	320.000000
0	16.953000	13.913043	240.000000	320.000000
0	17.000000	13.913043	240.000000	320.000000
0	17.031000	13.913043	240.000000	320.000000
0	17.062000	13.913043	240.000000	320.000000
0	17.094000	13.913043	240.000000	320.000000
0	17.125000	13.913043	240.000000	320.000000
0	17.156000	13.913043	240.000000	320.000000
0	17.187000	13.913043	240.000000	320.000000
0	17.234000	13.913043	240.000000	320.000000
0	17.265000	13.913043	240.000000	320.000000
0	17.296000	13.913043	240.000000	320.000000
0	17.328000	13.913043	240.000000	320.000000
0	17.359000	13.913043	240.000000	320.000000
0	17.390000	13.913043	240.000000	320.000000
0	17.421000	13.913043	240.000000	320.000000
0	17.468000	13.913043	240.000000	320.000000
0	17.499000	13.913043	240.000000	320.000000
0	17.530000	13.913043	240.000000	320.000000
0	17.562000	13.913043	240.000000	320.000000
0	17.593000	13.913043	240.000000	320.000000
0	17.624000	13.913043	240.000000	320.000000
0	17.655000	13.913043	240.000000	320.000000
0	17.686000	13.913043	240.000000	320.000000
0	17.733000	13.913043	240.000000	320.000000
0	17.764000	13.913043	240.000000	320.000000
0	17.796000	13.913043	240.000000	320.000000
0	17.827000	13.913043	240.000000	320.000000
0	17.858000	13.913043	240.000000	320.000000
0	17.889000	13.913043	240.000000	320.000000
0	17.920000	13.913043	240.000000	320.000000
0	17.967000	13.913043	240.000000	320.000000
0	17.998000	13.913043	240.000000	320.000000
0	18.030000	13.913043	240.000000	320.000000
0	18.061000	13.913043	240.000000	320.000000
0	18.092000	13.913043	240.000000	320.000000
0	18.123000	13.913043	240.000000	320.000000
0	18.154000	13.913043	240.000000	320.000000
0	18.186000	13.913043	240.000000	320.000000
0	18.232000	13.913043	240.000000	320.000000
0	18.264000	13.913043	240.000000	320.000000
0	18.295000	13.913043	240.000000	320.000000
0	18.326000	13.913043	240.000000	320.000000
0	18.357000	13.913043	240.000000	320.000000
0	18.388000	13.913043	240.000000	320.000000
0	18.420000	13.913043	240.000000	320.000000
0	18.466000	13.913043	240.000000	320.000000
0	18.498000	13.913043	240.000000	320.000000
0	18.529000	13.913043	240.000000	320.000000
0	18.560000	13.913043	240.000000	320.000000
0	18.591000	13.913043	240.000000	320.000000
0	18.622000	13.913043	240.000000	320.000000
0	18.654000	13.913043	240.000000	320.000000
0	18.700000	13.913043	240.000000	320.000000
0	18.732000	13.913043	240.000000	320.000000
0	18.763000	13.913043	240.000000	320.000000
0	18.794000	13.913043	240.000000	320.000000
0	18.825000	13.913043	240.000000	320.000000
0	18.856000	13.913043	240.000000	320.000000
0	18.888000	13.913043	240.000000	320.000000
0	18.919000	13.913043	240.000000	320.000000
0	18.966000	13.913043	240.000000	320.000000
0	18.997000	13.913043	240.000000	320.000000
0	19.028000	13.913043	240.000000	320.000000
0	19.059000	13.913043	240.000000	320.000000
0	19.090000	13.913043	240.000000	320.000000
0	19.122000	13.913043	240.000000	320.000000
0	19.153000	13.913043	240.000000	320.000000
0	19.200000	13.913043	240.000000	320.000000
0	19.231000	13.913043	240.000000	320.000000
0	19.262000	13.913043	240.000000	320.000000
0	19.293000	13.913043	240.000000	320.000000
0	19.324000	13.913043	240.000000	320.000000
0	19.356000	13.913043	240.000000	320.000000
0	19.387000	13.913043	240.000000	320.000000
0	19.434000	13.913043	240.000000	320.000000
0	19.465000	13.913043	240.000000	320.000000
0	19.496000	13.913043	240.000000	320.000000
0	19.527000	13.913043	240.000000	320.000000
0	19.558000	13.913043	240.000000	320.000000
0	19.590000	13.913043	240.000000	320.000000
0	19.621000	13.913043	240.000000	320.000000
0	19.652000	13.913043	240.000000	320.000000
0	19.699000	13.913043	240.000000	320.000000
0	19.730000	13.913043	240.000000	320.000000
0	19.761000	13.913043	240.000000	320.000000
0	19.792000	13.913043	240.000000	320.000000
0	19.824000	13.913043	240.000000	320.000000
0	19.855000	13.913043	240.000000	320.000000
0	19.886000	13.913043	240.000000	320.000000
0	19.933000	13.913043	240.000000	320.000000
0	19.964000	13.913043	240.000000	320.000000
0	19.995000	13.913043	240.000000	320.000000
0	20.026000	13.913043	240.000000	320.000000
0	20.058000	13.913043	240.000000	320.000000
0	20.089000	13.913043	240.000000	320.000000
0	20.120000	13.913043	240.000000	320.000000
0	20.167000	13.913043	240.000000	320.000000
0	20.198000	13.913043	240.000000	320.000000
0	20.229000	13.913043	240.000000	320.000000
0	20.260000	13.913043	240.000000	320.000000
0	20.292000	13.913043	240.000000	320.000000
0	20.323000	13.913043	240.000000	320.000000
0	20.354000	13.913043	240.000000	320.000000
0	20.385000	13.913043	240.000000	320.000000
0	20.432000	13.913043	240.000000	320.000000
0	20.463000	13.913043	240.000000	320.000000
0	20.494000	13.913043	240.000000	320.000000
0	20.526000	13.913043	240.000000	320.000000
0	20.557000	13.913043	240.000000	320.000000
0	20.588000	13.913043	240.000000	320.000000
0	20.619000	13.913043	240.000000	320.000000
0	20.666000	13.913043	240.000000	320.000000
0	20.697000	13.913043	240.000000	320.000000
0	20.728000	13.913043	240.000000	320.000000
0	20.760000	13.913043	240.000000	320.000000
0	20.791000	13.913043	240.000000	320.000000
0	20.822000	13.913043	240.000000	320.000000
0	20.853000	13.913043	240.000000	320.000000
0	20.900000	13.913043	240.000000	320.000000
0	20.931000	13.913043	240.000000	320.000000
0	20.962000	13.913043	240.000000	320.000000
0	20.994000	13.913043	240.000000	320.000000
0	21.025000	13.913043	240.000000	320.000000
0	21.056000	13.913043	240.000000	320.000000
0	21.087000	13.913043	240.000000	320.000000
0	21.118000	13.913043	240.000000	320.000000
0	21.165000	13.913043	240.000000	320.000000
0	21.196000	13.913043	240.000000	320.000000
0	21.228000	13.913043	240.000000	320.000000
0	21.259000	13.913043	240.000000	320.000000
0	21.290000	13.913043	240.000000	320.000000
0	21.321000	13.913043	240.000000	320.000000
0	21.352000	13.913043	240.000000	320.000000
0	21.399000	13.913043	240.000000	320.000000
0	21.430000	13.913043	240.000000	320.000000
0	21.462000	13.913043	240.000000	320.000000
0	21.493000	13.913043	240.000000	320.000000
0	21.524000	13.913043	240.000000	320.000000
0	21.555000	13.913043	240.000000	320.000000
0	21.586000	13.913043	240.000000	320.000000
0	21.618000	13.913043	240.000000	320.000000
0	21.664000	13.913043	240.000000	320.000000
0	21.696000	13.913043	240.000000	320.000000
0	21.727000	13.913043	240.000000	320.000000
0	21.758000	13.913043	240.000000	320.000000
0	21.789000	13.913043	240.000000	320.000000
0	21.820000	13.913043	240.000000	320.000000
0	21.852000	13.913043	240.000000	320.000000
0	21.898000	13.913043	240.000000	320.000000
0	21.930000	13.913043	240.000000	320.000000
0	21.961000	13.913043	240.000000	320.000000
0	21.992000	13.913043	240.000000	320.000000
0	22.023000	13.913043	240.000000	320.000000
0	22.054000	13.913043	240.000000	320.000000
0	22.086000	13.913043	240.000000	320.000000
0	22.117000	13.913043	240.000000	320.000000
0	22.164000	13.913043	240.000000	320.000000
0	22.195000	13.913043	240.000000	320.000000
0	22.226000	13.913043	240.000000	320.000000
0	22.257000	13.913043	240.000000	320.000000
0	22.288000	13.913043	240.000000	320.000000
0	22.320000	13.913043	240.000000	320.000000
0	22.351000	13.913043	240.000000	320.000000
0	22.398000	13.913043	240.000000	320.000000
0	22.429000	13.913043	240.000000	320.000000
0	22.460000	13.913043	240.000000	320.000000
0	22.491000	13.913043	240.000000	320.000000
0	22.522000	13.913043	240.000000	320.000000
0	22.554000	13.913043	240.000000	320.000000
0	22.585000	13.913043	240.000000	320.000000
0	22.632000	13.913043	240.000000	320.000000
0	22.663000	13.913043	240.000000	320.000000
0	22.694000	13.913043	240.000000	320.000000
0	22.725000	13.913043	240.000000	320.000000
0	22.756000	13.913043	240.000000	320.000000
0	22.788000	13.913043	240.000000	320.000000
0	22.819000	13.913043	240.000000	320.000000
0	22.850000	13.913043	240.000000	320.000000
0	22.897000	13.913043	240.000000	320.000000
0	22.928000	13.913043	240.000000	320.000000
0	22.959000	13.913043	240.000000	320.000000
0	22.990000	13.913043	240.000000	320.000000
0	23.022000	13.913043	240.000000	320.000000
0	23.053000	13.913043	240.000000	320.000000
0	23.084000	13.913043	240.000000	320.000000
0	23.131000	13.913043	240.000000	320.000000
0	23.162000	13.913043	240.000000	320.000000
0	23.193000	13.913043	240.000000	320.000000
0	23.224000	13.913043	240.000000	320.000000
0	23.256000	13.913043	240.000000	320.000000
0	23.287000	13.913043	240.000000	320.000000
0	23.318000	13.913043	240.000000	320.000000
0	23.365000	13.913043	240.000000	320.000000
0	23.396000	13.913043	240.000000	320.000000
0	23.427000	13.913043	240.000000	320.000000
0	23.458000	13.913043	240.000000	320.000000
0	23.490000	13.913043	240.000000	320.000000
0	23.521000	13.913043	240.000000	320.000000
0	23.552000	13.913043	240.000000	320.000000
0	23.583000	13.913043	240.000000	320.000000
0	23.630000	13.913043	240.000000	320.000000
0	23.661000	13.913043	240.000000	320.000000
0	23.692000	13.913043	240.000000	320.000000
0	23.724000	13.913043	240.000000	320.000000
0	23.755000	13.913043	240.000000	320.000000
0	23.786000	13.913043	240.000000	320.000000
0	23.817000	13.913043	240.000000	320.000000
0	23.864000	13.913043	240.000000	320.000000
0	23.895000	13.913043	240.000000	320.000000
0	23.926000	13.913043	240.000000	320.000000
0	23.958000	13.913043	240.000000	320.000000
0	23.989000	13.913043	240.000000	320.000000
0	24.020000	13.913043	240.000000	320.000000
0	24.051000	13.913043	240.000000	320.000000
0	24.098000	13.913043	240.000000	320.000000
0	24.129000	13.913043	240.000000	320.000000
0	24.160000	13.913043	240.000000	320.000000
0	24.192000	13.913043	240.000000	320.000000
0	24.223000	13.913043	240.000000	320.000000
0	24.254000	13.913043	240.000000	320.000000
0	24.285000	13.913043	240.000000	320.000000
0	24.316000	13.913043	240.000000	320.000000
0	24.363000	13.913043	240.000000	320.000000
0	24.394000	13.913043	240.000000	320.000000
0	24.426000	13.913043	240.000000	320.000000
0	24.457000	13.913043	240.000000	320.000000
0	24.488000	13.913043	240.000000	320.000000
0	24.519000	13.913043	240.000000	320.000000
0	24.550000	13.913043	240.000000	320.000000
0	24.597000	13.913043	240.000000	320.000000
0	24.628000	13.913043	240.000000	320.000000
0	24.660000	13.913043	240.000000	320.000000
0	24.691000	13.913043	240.000000	320.000000
0	24.722000	13.913043	240.000000	320.000000
0	24.753000	13.913043	240.000000	320.000000
0	24.784000	13.913043	240.000000	320.000000
0	24.831000	13.913043	240.000000	320.000000
0	24.862000	13.913043	240.000000	320.000000
0	24.894000	13.913043	240.000000	320.000000
0	24.925000	13.913043	240.000000	320.000000
0	24.956000	13.913043	240.000000	320.000000
0	24.987000	13.913043	240.000000	320.000000
0	25.018000	13.913043	240.000000	320.000000
0	25.050000	13.913043	240.000000	320.000000
0	25.096000	13.913043	240.000000	320.000000
0	25.128000	13.913043	240.000000	320.000000
0	25.159000	13.913043	240.000000	320.000000
0	25.190000	13.913043	240.000000	320.000000
0	25.221000	13.913043	240.000000	320.000000
0	25.252000	13.913043	240.000000	320.000000
0	25.284000	13.913043	240.000000	320.000000
0	25.330000	13.913043	240.000000	320.000000
0	25.362000	13.913043	240.000000	320.000000
0	25.393000	13.913043	240.000000	320.000000
0	25.424000	13.913043	240.000000	320.000000
0	25.455000	13.913043	240.000000	320.000000
0	25.486000	13.913043	240.000000	320.000000
0	25.518000	13.913043	240.000000	320.000000
0	25.564000	13.913043	240.000000	320.000000
0	25.596000	13.913043	240.000000	320.000000
0	25.627000	13.913043	240.000000	320.000000
0	25.658000	13.913043	240.000000	320.000000
0	25.689000	13.913043	240.000000	320.000000
0	25.720000	13.913043	240.000000	320.000000
0	25.752000	13.913043	240.000000	320.000000
0	25.783000	13.913043	240.000000	320.000000
0	25.830000	13.913043	240.000000	320.000000
0	25.861000	13.913043	240.000000	320.000000
0	25.892000	13.913043	240.000000	320.000000
0	25.923000	13.913043	240.000000	320.000000
0	25.954000	13.913043	240.000000	320.000000
0	25.986000	13.913043	240.000000	320.000000
0	26.017000	13.913043	240.000000	320.000000
0	26.048000	13.913043	240.000000	320.000000
0	26.095000	13.913043	240.000000	320.000000
0	26.126000	13.913043	240.000000	320.000000
0	26.157000	13.913043	240.000000	320.000000
0	26.188000	13.913043	240.000000	320.000000
0	26.220000	13.913043	240.000000	320.000000
0	26.251000	13.913043	240.000000	320.000000
0	26.282000	13.913043	240.000000	320.000000
0	26.329000	13.913043	240.000000	320.000000
0	26.360000	13.913043	240.000000	320.000000
0	26.391000	13.913043	240.000000	320.000000
0	26.422000	13.913043	240.000000	320.000000
0	26.454000	13.913043	240.000000	320.000000
0	26.485000	13.913043	240.000000	320.000000
0	26.516000	13.913043	240.000000	320.000000
0	26.563000	13.913043	240.000000	320.000000
0	26.594000	13.913043	240.000000	320.000000
0	26.625000	13.913043	240.000000	320.000000
0	26.656000	13.913043	240.000000	320.000000
0	26.688000	13.913043	240.000000	320.000000
0	26.719000	13.913043	240.000000	320.000000
0	26.750000	13.913043	240.000000	320.000000
0	26.781000	13.913043	240.000000	320.000000
0	26.828000	13.913043	240.000000	320.000000
0	26.859000	13.913043	240.000000	320.000000
0	26.890000	13.913043	240.000000	320.000000
0	26.922000	13.913043	240.000000	320.000000
0	26.953000	13.913043	240.000000	320.000000
0	26.984000	13.913043	240.000000	320.000000
0	27.015000	13.913043	240.000000	320.000000
0	27.062000	13.913043	240.000000	320.000000
0	27.093000	13.913043	240.000000	320.000000
0	27.124000	13.913043	240.000000	320.000000
0	27.156000	13.913043	240.000000	320.000000
0	27.187000	13.913043	240.000000	320.000000
0	27.218000	13.913043	240.000000	320.000000
0	27.249000	13.913043	240.000000	320.000000
0	27.296000	13.913043	240.000000	320.000000
0	27.327000	13.913043	240.000000	320.000000
0	27.358000	13.913043	240.000000	320.000000
0	27.390000	13.913043	240.000000	320.000000
0	27.421000	13.913043	240.000000	320.000000
0	27.452000	13.913043	240.000000	320.000000
0	27.483000	13.913043	240.000000	320.000000
0	27.514000	13.913043	240.000000	320.000000
0	27.561000	13.913043	240.000000	320.000000
0	27.592000	13.913043	240.000000	320.000000
0	27.624000	13.913043	240.000000	320.000000
0	27.655000	13.913043	240.000000	320.000000
0	27.686000	13.913043	240.000000	320.000000
0	27.717000	13.913043	240.000000	320.000000
0	27.748000	13.913043	240.000000	320.000000
0	27.795000	13.913043	240.000000	320.000000
0	27.826000	13.913043	240.000000	320.000000
0	27.858000	13.913043	240.000000	320.000000
0	27.889000	13.913043	240.000000	320.000000
0	27.920000	13.913043	240.000000	320.000000
0	27.951000	13.913043	240.000000	320.000000
0	27.982000	13.913043	240.000000	320.000000
0	28.029000	13.913043	240.000000	320.000000
0	28.060000	13.913043	240.000000	320.000000
0	28.092000	13.913043	240.000000	320.000000
0	28.123000	13.913043	240.000000	320.000000
0	28.154000	13.913043	240.000000	320.000000
0	28.185000	13.913043	240.000000	320.000000
0	28.216000	13.913043	240.000000	320.000000
0	28.248000	13.913043	240.000000	320.000000
0	28.294000	13.913043	240.000000	320.000000
0	28.326000	13.913043	240.000000	320.000000
0	28.357000	13.913043	240.000000	320.000000
0	28.388000	13.913043	240.000000	320.000000
0	28.419000	13.913043	240.000000	320.000000
0	28.450000	13.913043	240.000000	320.000000
0	28.482000	13.913043	240.000000	320.000000
0	28.528000	13.913043	240.000000	320.000000
0	28.560000	13.913043	240.000000	320.000000
0	28.591000	13.913043	240.000000	320.000000
0	28.622000	13.913043	240.000000	320.000000
0	28.653000	13.913043	240.000000	320.000000
0	28.684000	13.913043	240.000000	320.000000
0	28.716000	13.913043	240.000000	320.000000
0	28.762000	13.913043	240.000000	320.000000
0	28.794000	13.913043	240.000000	320.000000
0	28.825000	13.913043	240.000000	320.000000
0	28.856000	13.913043	240.000000	320.000000
0	28.887000	13.913043	240.000000	320.000000
0	28.918000	13.913043	240.000000	320.000000
0	28.950000	13.913043	240.000000	320.000000
0	28.981000	13.913043	240.000000	320.000000
0	29.028000	13.913043	240.000000	320.000000
0	29.059000	13.913043	240.000000	320.000000
0	29.090000	13.913043	240.000000	320.000000
0	29.121000	13.913043	240.000000	320.000000
0	29.152000	13.913043	240.000000	320.000000
0	29.184000	13.913043	240.000000	320.000000
0	29.215000	13.913043	240.000000	320.000000
0	29.262000	13.913043	240.000000	320.000000
0	29.293000	13.913043	240.000000	320.000000
0	29.324000	13.913043	240.000000	320.000000
0	29.355000	13.913043	240.000000	320.000000
0	29.386000	13.913043	240.000000	320.000000
0	29.418000	13.913043	240.000000	320.000000
0	29.449000	13.913043	240.000000	320.000000
0	29.496000	13.913043	240.000000	320.000000
0	29.527000	13.913043	240.000000	320.000000
0	29.558000	13.913043	240.000000	320.000000
0	29.589000	13.913043	240.000000	320.000000
0	29.620000	13.913043	240.000000	320.000000
0	29.652000	13.913043	240.000000	320.000000
0	29.683000	13.913043	240.000000	320.000000
0	29.714000	13.913043	240.000000	320.000000
0	29.761000	13.913043	240.000000	320.000000
0	29.792000	13.913043	240.000000	320.000000
0	29.823000	13.913043	240.000000	320.000000
0	29.854000	13.913043	240.000000	320.000000
0	29.886000	13.913043	240.000000	320.000000
0	29.917000	13.913043	240.000000	320.000000
0	29.948000	13.913043	240.000000	320.000000
0	29.979000	13.913043	240.000000	320.000000
<\LEFT-PUPIL-DATA>
<RIGHT-PUPIL-ANALYSIS>
1
0	0	18	902	0	0	0.509000	29.518000	0.509000	100.059952	0.000000	0.000000	0.000000	0	3	3	3	3	0	0	0	0.000000	0.000000	0.000000	0.000000	0.000000	0.000000	0.000000	-1.000000	0.000000	0	1.531410	0.645900	1.841956	0.339093	2.389000	-0.363809	-2.440383	-1.000000	0.135486	1	1.531410	0.645900	1.841956	0.339093	2.389000	-0.634391	-2.440382	-1.000000	0.108436
<\RIGHT-PUPIL-ANALYSIS>
<LEFT-PUPIL-ANALYSIS>
1
0	0	18	902	0	0	0.509000	29.518000	0.509000	100.059952	0.000000	0.000000	0.000000	0	3	3	3	3	0	0	0	0.000000	0.000000	0.000000	0.000000	0.000000	0.000000	0.000000	-1.000000	0.000000	0	-0.034783	-0.034783	0.000950	0.000950	0.033000	0.000000	0.000000	-1.000000	0.000000	1	-0.034783	-0.034783	0.000950	0.000950	0.033000	-1000000.000000	-1000000.000000	-1.000000	0.000000
<\LEFT-PUPIL-ANALYSIS>
%%%%%%%%%
%%%%%%%%%
%%%%%%%%%
%%%	Measurement Tiime is: 2017-08-15 10:15:17
%%%	Subject ID is: c57-1mois-M3-2b
%%%	Note: 
%%%	RSS: Default Human Relative Spectral Sensitivity
%%%	Pupil Analysis:
%%%
%%%
%%%
%%%	Pulse Index:	0
%%%	Stimulus Session Index:	0
%%%	Right Pupil Stimulated
%%%	Light Metric is Photopic
%%%	Stimulus Start Time(sec):	0.51
%%%	Stimulus Duration(sec):	29.52
%%%	Stimulus Pulse Duration(sec):	0.51
%%%	Right Pulse:	100.06	(Blue )	-	0.00	(Blue )	[Lux ]
%%%	Left Pulse:	0.00	(Blue )	-	0.00	(Blue )	[Lux ]
%%%
%%%		RIGHT	LEFT	R.Pupil Mean	L.Pupil Mean	R.Stim Mean	R.Stim Mean
%%%	INPUT:	RAW DATA	RAW DATA
%%%	STATE:	ABNORMAL	ABNORMAL	ABNORMAL	ABNORMAL	ABNORMAL	ABNORMAL
%%%	MAX(mm):	0.00	0.00	0.00	0.00	0.00	0.00
%%%	MIN(mm):	0.00	0.00	0.00	0.00	0.00	0.00
%%%	DELTA(mm):						
%%%	CH(%):						
%%%	LAT(sec):	0.00	0.00	0.00	0.00	0.00	0.00
%%%	CV(mm/s):	0.00	0.00	0.00	0.00	0.00	0.00
%%%	MCV(mm/s):	0.00	0.00	0.00	0.00	0.00	0.00
%%%	DV(mm/s):	0.00	0.00	0.00	0.00	0.00	0.00
%%%%%%%%%
%%%%%%%%%
%%%%%%%%%
%%%	Right Pupil Profile (1st row -> 1 == valid tracking, 0 == invalid tracking; 2nd row -> time; 3rd row -> diameter (mm))
%%%	1	1	1	1	1	1	1	1	1	1	1	1	1	1	1	1	1	1	1	1	0	1	1	1	1	1	1	1	1	1	1	0	1	0	1	1	1	1	1	1	0	1	1	0	1	0	1	1	0	1	1	1	1	1	0	1	1	1	0	1	1	1	1	1	1	1	1	1	0	1	0	1	0	1	1	1	0	1	1	1	1	0	1	1	1	0	0	1	1	1	0	1	1	1	1	1	1	0	1	1	1	1	1	1	1	0	1	1	0	1	0	0	1	0	0	1	1	1	1	1	0	1	1	1	0	1	1	1	1	0	1	1	0	1	1	0	1	0	1	1	1	0	1	1	1	1	1	0	1	0	1	0	1	1	1	1	1	1	1	1	1	0	1	0	1	1	0	1	1	1	0	1	1	0	0	1	1	0	1	1	1	0	1	1	1	1	1	1	1	1	1	1	1	1	0	1	0	1	0	1	1	1	1	0	1	1	1	1	1	1	1	0	1	1	1	1	1	1	1	1	1	1	0	0	1	1	1	0	1	1	1	1	1	1	1	1	0	1	1	0	0	1	1	1	1	1	0	1	1	1	1	1	1	1	1	1	1	1	1	1	0	0	0	1	0	1	1	1	1	1	0	1	1	1	0	1	1	1	1	1	0	1	1	1	1	1	1	1	1	0	1	1	1	1	1	1	1	0	1	1	1	1	1	1	0	1	1	1	1	1	1	0	1	1	1	0	1	1	1	0	1	1	0	1	1	1	1	1	1	0	1	1	0	0	1	1	1	1	1	1	1	1	1	1	0	1	1	1	0	1	1	1	1	0	1	1	1	0	0	1	0	0	1	1	1	1	0	1	1	1	1	1	1	1	1	0	1	1	1	1	1	1	1	1	1	1	1	1	1	1	1	1	0	1	0	1	0	1	1	0	0	0	1	1	1	1	1	0	1	1	1	1	0	0	1	1	0	0	1	0	1	0	1	1	1	0	1	1	1	1	1	0	0	1	1	0	1	1	1	1	1	1	1	1	1	1	0	1	0	0	0	1	0	0	1	1	1	1	0	1	0	1	1	1	1	1	1	1	1	1	0	1	0	1	1	0	1	1	1	1	0	0	1	0	1	1	1	1	1	0	1	1	1	1	0	0	1	1	0	0	1	0	0	1	1	1	0	1	0	1	1	1	1	0	0	1	1	0	1	1	0	0	1	1	1	1	1	0	1	0	0	0	1	0	1	1	0	1	0	0	1	1	1	1	1	0	1	1	0	1	0	0	1	0	0	0	1	0	1	1	1	1	0	1	1	0	1	1	1	0	0	0	1	0	1	1	0	0	1	1	1	0	1	0	1	0	0	0	1	1	0	0	1	1	0	0	1	0	1	1	0	0	0	1	0	0	1	0	0	0	1	1	1	0	0	0	0	1	0	0	0	1	1	1	0	0	1	1	0	0	0	1	0	0	1	0	0	1	1	1	1	0	1	0	0	0	1	0	0	0	0	0	0	0	0	0	1	0	0	1	1	1	0	1	1	0	1	0	1	1	1	0	1	0	0	0	1	0	0	0	1	1	1	0	0	1	1	0	0	1	1	1	0	0	1	0	0	1	1	0	0	0	1	0	1	1	0	0	0	0	0	0	1	0	1	1	1	0	1	0	1	1	0	0	1	0	1	1	0	1	0	1	1	0	0	1	1	1	0	1	1	0	0	0	0	1	0	1	0	0	0	0	0	1	1	1	0	0	0	0	0	0	1	0	1	1	0	0	1	1	0	1	1	1	0	0	0	1	1	1	1	1	1	0	1	1	0	0	0	0	0	0	1	1	1	1	1	1	0	0	1	0	0	1	0	0	0	0	0	1	0	1	0	1	0	0	1	0	0	0	1	1	0	0	1	0	0	0	1	0	1	1	0	0	1	0	1	1	0	0	0	1	0	1	0	0	1	1	0	0	0	1	1	1	0	1	1	1	0	0	1	1	1	1	1	0	0	0	1	1	1	0	1	1	0	1	1	1	1	1	0	0	0	0	0	1	1	0	0	1	1	1	1	0	1	1	1	0	1	0	0	1	1
%%%	-0.066000	-0.035000	-0.004000	0.027000	0.074000	0.105000	0.137000	0.168000	0.199000	0.230000	0.261000	0.308000	0.339000	0.371000	0.402000	0.433000	0.464000	0.495000	0.527000	0.573000	0.605000	0.636000	0.667000	0.698000	0.729000	0.761000	0.807000	0.839000	0.870000	0.901000	0.932000	0.963000	0.995000	1.041000	1.073000	1.104000	1.135000	1.166000	1.197000	1.229000	1.260000	1.307000	1.338000	1.369000	1.400000	1.431000	1.463000	1.494000	1.541000	1.572000	1.603000	1.634000	1.665000	1.697000	1.728000	1.775000	1.806000	1.837000	1.868000	1.899000	1.931000	1.962000	1.993000	2.040000	2.071000	2.102000	2.133000	2.165000	2.196000	2.227000	2.274000	2.305000	2.336000	2.367000	2.399000	2.430000	2.461000	2.492000	2.539000	2.570000	2.601000	2.633000	2.664000	2.695000	2.726000	2.773000	2.804000	2.835000	2.867000	2.898000	2.929000	2.960000	3.007000	3.038000	3.070000	3.101000	3.132000	3.163000	3.194000	3.226000	3.272000	3.304000	3.335000	3.366000	3.397000	3.428000	3.460000	3.506000	3.538000	3.569000	3.600000	3.631000	3.662000	3.694000	3.740000	3.772000	3.803000	3.834000	3.865000	3.896000	3.928000	3.959000	4.006000	4.037000	4.068000	4.099000	4.130000	4.162000	4.193000	4.240000	4.271000	4.302000	4.333000	4.364000	4.396000	4.427000	4.458000	4.505000	4.536000	4.567000	4.598000	4.630000	4.661000	4.692000	4.739000	4.770000	4.801000	4.832000	4.864000	4.895000	4.926000	4.973000	5.004000	5.035000	5.066000	5.098000	5.129000	5.160000	5.191000	5.238000	5.269000	5.300000	5.332000	5.363000	5.394000	5.425000	5.472000	5.503000	5.534000	5.566000	5.597000	5.628000	5.659000	5.706000	5.737000	5.768000	5.800000	5.831000	5.862000	5.893000	5.924000	5.971000	6.002000	6.034000	6.065000	6.096000	6.127000	6.158000	6.205000	6.236000	6.268000	6.299000	6.330000	6.361000	6.392000	6.439000	6.470000	6.502000	6.533000	6.564000	6.595000	6.626000	6.658000	6.704000	6.736000	6.767000	6.798000	6.829000	6.860000	6.892000	6.938000	6.970000	7.001000	7.032000	7.063000	7.094000	7.126000	7.172000	7.204000	7.235000	7.266000	7.297000	7.328000	7.360000	7.391000	7.438000	7.469000	7.500000	7.531000	7.562000	7.594000	7.625000	7.672000	7.703000	7.734000	7.765000	7.796000	7.828000	7.859000	7.906000	7.937000	7.968000	7.999000	8.030000	8.062000	8.093000	8.124000	8.171000	8.202000	8.233000	8.264000	8.296000	8.327000	8.358000	8.389000	8.436000	8.467000	8.498000	8.530000	8.561000	8.592000	8.623000	8.670000	8.701000	8.732000	8.764000	8.795000	8.826000	8.857000	8.904000	8.935000	8.966000	8.998000	9.029000	9.060000	9.091000	9.122000	9.169000	9.200000	9.232000	9.263000	9.294000	9.325000	9.356000	9.403000	9.434000	9.466000	9.497000	9.528000	9.559000	9.590000	9.637000	9.668000	9.700000	9.731000	9.762000	9.793000	9.824000	9.856000	9.902000	9.934000	9.965000	9.996000	10.027000	10.058000	10.090000	10.136000	10.168000	10.199000	10.230000	10.261000	10.292000	10.324000	10.370000	10.402000	10.433000	10.464000	10.495000	10.526000	10.558000	10.589000	10.636000	10.667000	10.698000	10.729000	10.760000	10.792000	10.823000	10.870000	10.901000	10.932000	10.963000	10.994000	11.026000	11.057000	11.104000	11.135000	11.166000	11.197000	11.228000	11.260000	11.291000	11.322000	11.369000	11.400000	11.431000	11.462000	11.494000	11.525000	11.556000	11.603000	11.634000	11.665000	11.696000	11.728000	11.759000	11.790000	11.837000	11.868000	11.899000	11.930000	11.962000	11.993000	12.024000	12.055000	12.102000	12.133000	12.164000	12.196000	12.227000	12.258000	12.289000	12.320000	12.367000	12.398000	12.430000	12.461000	12.492000	12.523000	12.554000	12.601000	12.632000	12.664000	12.695000	12.726000	12.757000	12.788000	12.835000	12.866000	12.898000	12.929000	12.960000	12.991000	13.022000	13.054000	13.100000	13.132000	13.163000	13.194000	13.225000	13.256000	13.288000	13.334000	13.366000	13.397000	13.428000	13.459000	13.490000	13.522000	13.568000	13.600000	13.631000	13.662000	13.693000	13.724000	13.756000	13.787000	13.834000	13.865000	13.896000	13.927000	13.958000	13.990000	14.021000	14.068000	14.099000	14.130000	14.161000	14.192000	14.224000	14.255000	14.302000	14.333000	14.364000	14.395000	14.426000	14.458000	14.489000	14.520000	14.567000	14.598000	14.629000	14.660000	14.692000	14.723000	14.754000	14.801000	14.832000	14.863000	14.894000	14.926000	14.957000	14.988000	15.035000	15.066000	15.097000	15.128000	15.160000	15.191000	15.222000	15.253000	15.300000	15.331000	15.362000	15.394000	15.425000	15.456000	15.487000	15.534000	15.565000	15.596000	15.628000	15.659000	15.690000	15.721000	15.768000	15.799000	15.830000	15.862000	15.893000	15.924000	15.955000	15.986000	16.033000	16.064000	16.096000	16.127000	16.158000	16.189000	16.220000	16.267000	16.298000	16.330000	16.361000	16.392000	16.423000	16.454000	16.486000	16.532000	16.564000	16.595000	16.626000	16.657000	16.688000	16.720000	16.766000	16.798000	16.829000	16.860000	16.891000	16.922000	16.954000	17.000000	17.032000	17.063000	17.094000	17.125000	17.156000	17.188000	17.219000	17.266000	17.297000	17.328000	17.359000	17.390000	17.422000	17.453000	17.500000	17.531000	17.562000	17.593000	17.624000	17.656000	17.687000	17.734000	17.765000	17.796000	17.827000	17.858000	17.890000	17.921000	17.952000	17.999000	18.030000	18.061000	18.092000	18.124000	18.155000	18.186000	18.233000	18.264000	18.295000	18.326000	18.358000	18.389000	18.420000	18.451000	18.498000	18.529000	18.560000	18.592000	18.623000	18.654000	18.685000	18.732000	18.763000	18.794000	18.826000	18.857000	18.888000	18.919000	18.966000	18.997000	19.028000	19.060000	19.091000	19.122000	19.153000	19.184000	19.231000	19.262000	19.294000	19.325000	19.356000	19.387000	19.418000	19.465000	19.496000	19.528000	19.559000	19.590000	19.621000	19.652000	19.699000	19.730000	19.762000	19.793000	19.824000	19.855000	19.886000	19.918000	19.964000	19.996000	20.027000	20.058000	20.089000	20.120000	20.152000	20.198000	20.230000	20.261000	20.292000	20.323000	20.354000	20.386000	20.417000	20.464000	20.495000	20.526000	20.557000	20.588000	20.620000	20.651000	20.698000	20.729000	20.760000	20.791000	20.822000	20.854000	20.885000	20.932000	20.963000	20.994000	21.025000	21.056000	21.088000	21.119000	21.150000	21.197000	21.228000	21.259000	21.290000	21.322000	21.353000	21.384000	21.431000	21.462000	21.493000	21.524000	21.556000	21.587000	21.618000	21.665000	21.696000	21.727000	21.758000	21.790000	21.821000	21.852000	21.883000	21.930000	21.961000	21.992000	22.024000	22.055000	22.086000	22.117000	22.164000	22.195000	22.226000	22.258000	22.289000	22.320000	22.351000	22.398000	22.429000	22.460000	22.492000	22.523000	22.554000	22.585000	22.616000	22.663000	22.694000	22.726000	22.757000	22.788000	22.819000	22.850000	22.897000	22.928000	22.960000	22.991000	23.022000	23.053000	23.084000	23.131000	23.162000	23.194000	23.225000	23.256000	23.287000	23.318000	23.350000	23.396000	23.428000	23.459000	23.490000	23.521000	23.552000	23.584000	23.630000	23.662000	23.693000	23.724000	23.755000	23.786000	23.818000	23.849000	23.896000	23.927000	23.958000	23.989000	24.020000	24.052000	24.083000	24.130000	24.161000	24.192000	24.223000	24.254000	24.286000	24.317000	24.348000	24.395000	24.426000	24.457000	24.488000	24.520000	24.551000	24.582000	24.629000	24.660000	24.691000	24.722000	24.754000	24.785000	24.816000	24.863000	24.894000	24.925000	24.956000	24.988000	25.019000	25.050000	25.081000	25.128000	25.159000	25.190000	25.222000	25.253000	25.284000	25.315000	25.362000	25.393000	25.424000	25.456000	25.487000	25.518000	25.549000	25.596000	25.627000	25.658000	25.690000	25.721000	25.752000	25.783000	25.814000	25.861000	25.892000	25.924000	25.955000	25.986000	26.017000	26.048000	26.095000	26.126000	26.158000	26.189000	26.220000	26.251000	26.282000	26.329000	26.360000	26.392000	26.423000	26.454000	26.485000	26.516000	26.548000	26.594000	26.626000	26.657000	26.688000	26.719000	26.750000	26.782000	26.828000	26.860000	26.891000	26.922000	26.953000	26.984000	27.016000	27.062000	27.094000	27.125000	27.156000	27.187000	27.218000	27.250000	27.281000	27.328000	27.359000	27.390000	27.421000	27.452000	27.484000	27.515000	27.562000	27.593000	27.624000	27.655000	27.686000	27.718000	27.749000	27.796000	27.827000	27.858000	27.889000	27.920000	27.952000	27.983000	28.014000	28.061000	28.092000	28.123000	28.154000	28.186000	28.217000	28.248000	28.279000	28.326000	28.357000	28.388000	28.420000	28.451000	28.482000	28.513000	28.560000	28.591000	28.622000	28.654000	28.685000	28.716000	28.747000	28.794000	28.825000	28.856000	28.888000	28.919000	28.950000	28.981000	29.012000	29.059000	29.090000	29.122000	29.153000	29.184000	29.215000	29.246000	29.293000	29.324000	29.356000	29.387000	29.418000	29.449000	29.480000	29.527000	29.558000	29.590000	29.621000	29.652000	29.683000	29.714000	29.746000	29.792000	29.824000	29.855000	29.886000	29.917000	29.948000	29.980000
%%%	1.485072	1.511884	1.492029	1.504348	1.489855	1.505507	1.507246	1.504928	1.511884	1.502754	1.503333	1.524058	1.513768	1.527101	1.504348	1.527536	1.512464	1.518551	1.500580	1.539710	1.769710	1.552899	1.540580	1.528116	1.533768	1.518841	1.498551	1.460870	1.425362	1.397681	1.379710	1.598406	1.290145	1.556524	1.222754	1.196232	1.166232	1.126087	1.114203	1.078261	0.814638	1.002899	1.037101	0.876232	0.981594	1.263768	0.967971	0.951015	0.716377	0.938551	0.931884	0.920580	0.904348	0.897246	0.617391	0.834203	0.877536	0.886377	0.796232	0.866377	0.829275	0.777536	0.810290	0.805942	0.753623	0.795507	0.796232	0.369420	0.583768	0.746667	0.561594	0.742898	0.570725	0.789275	0.764638	0.759420	1.151160	0.726667	0.728841	0.775072	0.726232	0.463768	0.753623	0.729710	0.747971	0.540725	0.540725	0.753333	0.783188	0.787536	0.540290	0.773188	0.733188	0.404928	0.713043	0.695072	0.708116	0.361159	0.752754	0.730435	0.757102	0.801159	0.755942	0.724493	0.829855	0.648406	0.796667	0.718695	0.726232	0.764058	0.752319	0.584203	0.796667	0.591884	0.359420	0.814058	0.875362	0.836232	0.868985	0.852754	0.646376	0.801159	0.864638	0.757246	0.597246	0.875507	0.866377	0.857681	0.892898	1.298986	0.877536	0.878116	0.831594	0.914638	0.877536	0.811594	0.912899	0.669565	0.832029	0.891883	0.896812	0.839855	0.915072	0.836377	0.853333	0.935797	0.950725	0.591304	0.950725	0.776812	0.950580	0.640725	0.931015	0.951594	0.939130	0.950725	0.955942	0.950725	0.955507	0.969710	0.939130	0.797246	0.955942	0.811594	0.932029	0.964203	0.839855	0.915942	0.968406	0.973768	0.689710	0.964638	0.939130	0.709420	0.886377	0.801159	0.985362	0.866812	0.990725	0.967971	0.976811	0.834783	0.968406	0.875942	0.974493	0.972899	0.985362	1.016232	1.034203	1.017391	0.974493	1.002319	1.023768	1.018841	0.759710	0.995797	0.857536	1.040580	1.518841	1.008696	1.028841	1.025507	1.025507	1.565217	1.040290	1.025072	1.059855	1.044638	1.040580	1.040290	1.026667	1.745507	1.022899	1.048985	1.052754	1.069855	1.040290	1.045652	1.055362	1.050725	1.044638	1.043333	1.357681	1.055072	1.008696	1.061884	1.084058	0.962319	1.053333	1.072464	1.074493	1.079420	1.079420	1.078841	1.089855	1.034203	0.740725	1.079275	1.078841	1.361014	0.881159	1.078841	1.147826	1.082029	1.147101	1.114638	1.489855	1.147826	1.077536	1.124638	1.151160	1.102899	1.174493	1.182898	1.187971	1.181449	1.183188	1.203333	1.155507	1.147826	0.950725	1.586812	1.185362	1.176667	1.291884	1.231884	1.230580	1.229275	1.229855	1.235362	1.565217	1.231884	1.229855	1.229420	1.529855	1.251594	1.251014	1.229855	1.238116	1.240580	1.583623	1.245362	1.266232	1.146232	1.234783	1.272464	1.251594	1.251594	1.255362	1.547826	1.272754	1.272754	1.283768	1.288551	1.286957	1.273333	1.283188	1.184203	1.265942	1.290435	1.298551	1.295942	1.292754	1.293333	1.592899	1.286957	1.314203	1.322754	1.319275	1.325073	1.322899	1.574927	1.305942	1.327971	1.324927	1.577681	1.323333	1.327101	1.326667	1.194203	1.345072	1.328841	1.565797	1.361594	1.327681	1.333768	1.329420	1.344638	1.356522	1.831594	1.364203	1.371159	1.889855	1.588406	1.344638	1.331014	1.344493	1.344058	1.344493	1.361884	1.356522	1.344058	1.364638	1.370145	1.704348	1.374927	1.356667	1.368116	1.733768	1.370145	1.365797	1.363043	1.365797	1.839275	1.371159	1.356522	1.342899	1.518841	1.913043	1.379710	1.955362	1.600000	1.379420	1.374493	1.374927	1.363623	1.735942	1.362029	1.375073	1.379710	1.397246	1.377101	1.408696	1.405942	1.374927	1.750725	1.375073	1.387971	1.371739	1.376667	1.396232	1.388116	1.397971	1.388116	1.379275	1.377246	1.388551	1.375507	1.396667	1.381449	1.379855	1.405362	1.712464	1.382609	1.752899	1.379855	1.895652	1.378841	1.397101	1.837971	1.746667	1.982609	1.397971	1.407681	1.400000	1.936232	1.390290	1.924638	1.994058	1.397246	1.410290	1.416377	1.716812	1.750725	1.407101	1.387536	1.820290	1.913043	2.075362	1.937247	1.410145	1.594058	1.416377	1.425073	1.420290	1.817971	1.442319	1.446377	2.057101	1.426232	1.442464	1.845072	1.994058	1.446232	1.864638	1.849420	1.451594	1.455942	1.446812	1.451884	1.459710	1.468551	1.449275	1.448986	1.460870	1.450580	1.866232	1.461449	2.014203	1.832029	1.959420	1.464203	1.982609	1.751594	1.468551	1.451449	1.458116	1.444493	1.984058	2.014203	1.982609	1.459710	1.465797	1.451449	1.451160	1.982609	1.472464	1.449275	1.453768	1.448840	1.887536	1.982609	1.864638	1.464058	1.472899	1.820290	1.471015	1.446232	1.448986	1.473913	1.889855	1.915797	1.971015	1.982609	1.455072	1.444493	1.477246	1.461449	1.472754	1.848406	2.005797	2.076667	2.052754	1.475362	1.930435	2.002464	1.501160	1.482029	2.013623	2.034203	1.488551	1.982609	1.970580	1.495652	1.508116	1.519710	1.826087	1.513768	1.734203	1.518841	1.504348	1.539855	1.503188	1.941739	1.975362	1.518551	1.527101	1.870725	1.514058	1.511884	1.929855	1.889855	2.028985	2.013623	1.518841	1.507246	1.518841	1.788116	1.549420	1.889855	1.889855	2.028985	1.495652	1.982609	1.518841	1.527536	1.875073	1.523333	1.913043	1.848406	1.527101	1.519710	1.518406	2.121739	1.518986	1.846377	1.542464	1.530435	1.868551	1.547246	2.008841	1.931594	1.561449	1.947826	1.904638	1.733623	1.555942	1.903768	2.044203	1.566377	1.552754	1.576812	1.924493	1.566377	2.088116	1.848551	1.611594	2.098551	2.016812	1.797101	1.855217	1.934783	2.007246	1.887971	1.588551	1.600580	1.897246	2.019275	1.579420	1.594928	2.052899	1.904494	2.053333	1.702754	1.611594	1.995072	1.915072	1.886232	2.052899	1.595507	2.017536	1.931594	1.579855	1.583623	2.139855	1.779855	1.589420	1.892899	1.577246	1.573768	1.873333	1.909710	1.866667	1.588116	1.982609	1.889855	1.592899	2.064638	1.899710	1.982609	1.570580	1.595072	2.053333	2.058696	1.727246	1.983768	1.980290	1.609710	2.053333	1.981884	1.901449	1.627246	1.982609	1.609275	1.943768	1.982609	1.663480	1.628985	1.916377	2.005797	1.959275	1.644058	1.889855	1.999420	2.075362	2.075362	2.176667	1.654203	1.653623	1.640290	1.662319	1.984638	2.016812	2.038116	2.040580	1.889855	1.678985	1.986957	1.935942	1.966812	2.020145	2.105942	2.000145	2.051449	2.028985	1.901160	2.121739	2.122899	1.991449	2.190725	1.668986	1.660725	1.982609	1.663768	1.652319	1.982609	2.144928	1.824638	2.068551	2.140725	2.052174	2.028985	2.057536	1.946233	2.013043	1.967971	2.121739	1.824927	1.974638	2.052174	1.742899	1.656232	1.669565	1.938551	2.134203	2.075362	2.159855	1.982609	2.103333	1.671159	1.663623	1.678406	1.975507	1.965217	2.145072	1.905362	1.977681	1.664638	1.677971	2.052174	1.959275	1.982029	1.672319	1.907101	1.659420	2.098840	1.986957	1.860290	2.032464	1.972754	1.982609	1.900290	1.669565	1.958116	2.122464	2.129855	2.161014	1.929421	2.121739	1.998986	2.157681	2.155507	2.037536	1.895072	2.133333	2.194638	2.122899	1.673188	1.982609	2.097246	2.086957	2.098551	2.100580	2.052174	2.053333	1.665362	1.672319	1.866667	2.075362	2.209855	2.075362	2.134203	1.959420	1.980290	2.075362	2.075362	2.005797	1.662319	2.044783	1.881884	2.086957	1.920145	2.092319	1.657971	2.260870	2.260870	1.966812	1.985797	1.895652	2.107681	2.052174	1.964203	2.191304	2.015072	1.667246	2.155942	2.071449	2.014638	1.711884	1.681449	2.105942	1.681449	2.187391	2.225362	2.087536	1.991159	2.112029	2.110145	2.031449	1.699420	2.191304	1.739130	2.124493	2.168986	2.161449	1.711449	2.031449	2.168116	1.900580	2.017536	2.016232	2.181449	1.982609	2.113623	1.998406	2.162029	2.144928	2.191304	2.052754	2.013623	2.159420	2.155362	2.088841	1.711884	2.063623	2.028985	2.135797	1.982029	2.005797	2.105942	2.028985	2.121739	2.209855	1.729420	2.027681	2.082609	1.721159	1.966812	2.014058	2.121739	1.715942	1.722029	1.974927	2.075362	2.163623	2.075362	2.025507	1.889855	1.726811	2.098551	2.158985	2.139130	2.181884	2.052174	2.201014	2.016232	2.136377	2.140290	2.075362	2.168116	2.170725	2.226232	1.995072	2.238551	2.050580	2.139710	2.177246	2.111450	1.858116	1.951594	2.144928	2.155507	2.168116	2.139710	2.028985	2.202899	1.765797	2.191304	2.198116	1.901160	1.768116	2.260870	2.164638	2.207681	2.275072	2.049275	2.179710	2.017391	2.211449	1.750725	2.284058	2.092464	2.135652	2.191304	2.061884	2.224493	2.260870	2.199420	2.185507	2.167681	2.038405	1.955507	2.088116	2.013623	2.089710	2.260870	2.144928	2.104203	2.098551	2.191304	2.191304	2.144928	2.272464	2.003188	1.758116	2.105362	2.144928	2.087971	2.121739	2.159420	2.054638	2.121739	1.729275
%%%	Left Pupil Profile (1st row -> 1 == valid tracking, 0 == invalid tracking; 2nd row -> time; 3rd row -> diameter (mm))
%%%	0	0	0	0	0	0	0	0	0	0	0	0	0	0	0	0	0	0	0	0	0	0	0	0	0	0	0	0	0	0	0	0	0	0	0	0	0	0	0	0	0	0	0	0	0	0	0	0	0	0	0	0	0	0	0	0	0	0	0	0	0	0	0	0	0	0	0	0	0	0	0	0	0	0	0	0	0	0	0	0	0	0	0	0	0	0	0	0	0	0	0	0	0	0	0	0	0	0	0	0	0	0	0	0	0	0	0	0	0	0	0	0	0	0	0	0	0	0	0	0	0	0	0	0	0	0	0	0	0	0	0	0	0	0	0	0	0	0	0	0	0	0	0	0	0	0	0	0	0	0	0	0	0	0	0	0	0	0	0	0	0	0	0	0	0	0	0	0	0	0	0	0	0	0	0	0	0	0	0	0	0	0	0	0	0	0	0	0	0	0	0	0	0	0	0	0	0	0	0	0	0	0	0	0	0	0	0	0	0	0	0	0	0	0	0	0	0	0	0	0	0	0	0	0	0	0	0	0	0	0	0	0	0	0	0	0	0	0	0	0	0	0	0	0	0	0	0	0	0	0	0	0	0	0	0	0	0	0	0	0	0	0	0	0	0	0	0	0	0	0	0	0	0	0	0	0	0	0	0	0	0	0	0	0	0	0	0	0	0	0	0	0	0	0	0	0	0	0	0	0	0	0	0	0	0	0	0	0	0	0	0	0	0	0	0	0	0	0	0	0	0	0	0	0	0	0	0	0	0	0	0	0	0	0	0	0	0	0	0	0	0	0	0	0	0	0	0	0	0	0	0	0	0	0	0	0	0	0	0	0	0	0	0	0	0	0	0	0	0	0	0	0	0	0	0	0	0	0	0	0	0	0	0	0	0	0	0	0	0	0	0	0	0	0	0	0	0	0	0	0	0	0	0	0	0	0	0	0	0	0	0	0	0	0	0	0	0	0	0	0	0	0	0	0	0	0	0	0	0	0	0	0	0	0	0	0	0	0	0	0	0	0	0	0	0	0	0	0	0	0	0	0	0	0	0	0	0	0	0	0	0	0	0	0	0	0	0	0	0	0	0	0	0	0	0	0	0	0	0	0	0	0	0	0	0	0	0	0	0	0	0	0	0	0	0	0	0	0	0	0	0	0	0	0	0	0	0	0	0	0	0	0	0	0	0	0	0	0	0	0	0	0	0	0	0	0	0	0	0	0	0	0	0	0	0	0	0	0	0	0	0	0	0	0	0	0	0	0	0	0	0	0	0	0	0	0	0	0	0	0	0	0	0	0	0	0	0	0	0	0	0	0	0	0	0	0	0	0	0	0	0	0	0	0	0	0	0	0	0	0	0	0	0	0	0	0	0	0	0	0	0	0	0	0	0	0	0	0	0	0	0	0	0	0	0	0	0	0	0	0	0	0	0	0	0	0	0	0	0	0	0	0	0	0	0	0	0	0	0	0	0	0	0	0	0	0	0	0	0	0	0	0	0	0	0	0	0	0	0	0	0	0	0	0	0	0	0	0	0	0	0	0	0	0	0	0	0	0	0	0	0	0	0	0	0	0	0	0	0	0	0	0	0	0	0	0	0	0	0	0	0	0	0	0	0	0	0	0	0	0	0	0	0	0	0	0	0	0	0	0	0	0	0	0	0	0	0	0	0	0	0	0	0	0	0	0	0	0	0	0	0	0	0	0	0	0	0	0	0	0	0	0	0	0	0	0	0	0	0	0	0	0	0	0	0	0	0	0	0	0	0	0	0	0	0	0	0	0	0	0	0	0	0	0	0	0	0	0	0	0	0	0	0	0	0	0	0	0	0	0	0	0	0	0	0	0	0	0	0	0	0	0	0	0	0	0	0	0	0	0	0	0	0	0	0	0	0	0	0	0	0	0	0	0	0	0	0	0	0	0	0	0	0	0	0	0	0	0	0	0	0	0	0	0	0	0	0	0	0	0	0	0	0	0	0	0	0	0	0	0	0	0	0	0	0	0	0	0	0	0	0	0	0	0	0	0	0	0	0	0	0	0	0	0	0	0	0	0	0	0	0	0	0
%%%	-0.067000	-0.035000	-0.004000	0.043000	0.074000	0.105000	0.136000	0.167000	0.199000	0.230000	0.277000	0.308000	0.339000	0.370000	0.401000	0.433000	0.464000	0.495000	0.542000	0.573000	0.604000	0.635000	0.667000	0.698000	0.729000	0.776000	0.807000	0.838000	0.869000	0.901000	0.932000	0.963000	1.010000	1.041000	1.072000	1.103000	1.135000	1.166000	1.197000	1.228000	1.275000	1.306000	1.337000	1.369000	1.400000	1.431000	1.462000	1.509000	1.540000	1.571000	1.603000	1.634000	1.665000	1.696000	1.743000	1.774000	1.805000	1.837000	1.868000	1.899000	1.930000	1.961000	2.008000	2.039000	2.071000	2.102000	2.133000	2.164000	2.195000	2.227000	2.273000	2.305000	2.336000	2.367000	2.398000	2.429000	2.461000	2.507000	2.539000	2.570000	2.601000	2.632000	2.663000	2.695000	2.741000	2.773000	2.804000	2.835000	2.866000	2.898000	2.929000	2.960000	3.007000	3.038000	3.069000	3.100000	3.132000	3.163000	3.194000	3.241000	3.272000	3.303000	3.334000	3.366000	3.397000	3.428000	3.475000	3.506000	3.537000	3.568000	3.600000	3.631000	3.662000	3.693000	3.740000	3.771000	3.802000	3.834000	3.865000	3.896000	3.927000	3.974000	4.005000	4.036000	4.068000	4.099000	4.130000	4.161000	4.208000	4.239000	4.270000	4.302000	4.333000	4.364000	4.395000	4.426000	4.473000	4.504000	4.536000	4.567000	4.598000	4.629000	4.660000	4.707000	4.738000	4.770000	4.801000	4.832000	4.863000	4.894000	4.941000	4.972000	5.004000	5.035000	5.066000	5.097000	5.128000	5.160000	5.206000	5.238000	5.269000	5.300000	5.331000	5.362000	5.394000	5.440000	5.472000	5.503000	5.534000	5.565000	5.596000	5.628000	5.674000	5.706000	5.737000	5.768000	5.799000	5.830000	5.862000	5.893000	5.940000	5.971000	6.002000	6.033000	6.064000	6.096000	6.127000	6.158000	6.205000	6.236000	6.267000	6.298000	6.330000	6.361000	6.392000	6.439000	6.470000	6.501000	6.532000	6.564000	6.595000	6.626000	6.673000	6.704000	6.735000	6.766000	6.798000	6.829000	6.860000	6.891000	6.938000	6.969000	7.000000	7.032000	7.063000	7.094000	7.125000	7.172000	7.203000	7.234000	7.266000	7.297000	7.328000	7.359000	7.406000	7.437000	7.468000	7.500000	7.531000	7.562000	7.593000	7.624000	7.671000	7.702000	7.734000	7.765000	7.796000	7.827000	7.858000	7.905000	7.936000	7.968000	7.999000	8.030000	8.061000	8.092000	8.139000	8.170000	8.202000	8.233000	8.264000	8.295000	8.326000	8.358000	8.404000	8.436000	8.467000	8.498000	8.529000	8.560000	8.592000	8.638000	8.670000	8.701000	8.732000	8.763000	8.794000	8.826000	8.872000	8.904000	8.935000	8.966000	8.997000	9.028000	9.060000	9.091000	9.138000	9.169000	9.200000	9.231000	9.262000	9.294000	9.325000	9.372000	9.403000	9.434000	9.465000	9.496000	9.528000	9.559000	9.606000	9.637000	9.668000	9.699000	9.730000	9.762000	9.793000	9.824000	9.871000	9.902000	9.933000	9.964000	9.996000	10.027000	10.058000	10.105000	10.136000	10.167000	10.198000	10.230000	10.261000	10.292000	10.323000	10.370000	10.401000	10.432000	10.464000	10.495000	10.526000	10.557000	10.604000	10.635000	10.666000	10.698000	10.729000	10.760000	10.791000	10.838000	10.869000	10.900000	10.932000	10.963000	10.994000	11.025000	11.056000	11.103000	11.134000	11.166000	11.197000	11.228000	11.259000	11.290000	11.337000	11.368000	11.400000	11.431000	11.462000	11.493000	11.524000	11.556000	11.602000	11.634000	11.665000	11.696000	11.727000	11.758000	11.790000	11.836000	11.868000	11.899000	11.930000	11.961000	11.992000	12.024000	12.070000	12.102000	12.133000	12.164000	12.195000	12.226000	12.258000	12.289000	12.336000	12.367000	12.398000	12.429000	12.460000	12.492000	12.523000	12.570000	12.601000	12.632000	12.663000	12.694000	12.726000	12.757000	12.804000	12.835000	12.866000	12.897000	12.928000	12.960000	12.991000	13.022000	13.069000	13.100000	13.131000	13.162000	13.194000	13.225000	13.256000	13.303000	13.334000	13.365000	13.396000	13.428000	13.459000	13.490000	13.537000	13.568000	13.599000	13.630000	13.662000	13.693000	13.724000	13.755000	13.802000	13.833000	13.864000	13.896000	13.927000	13.958000	13.989000	14.036000	14.067000	14.098000	14.130000	14.161000	14.192000	14.223000	14.254000	14.301000	14.332000	14.364000	14.395000	14.426000	14.457000	14.488000	14.535000	14.566000	14.598000	14.629000	14.660000	14.691000	14.722000	14.769000	14.800000	14.832000	14.863000	14.894000	14.925000	14.956000	14.988000	15.034000	15.066000	15.097000	15.128000	15.159000	15.190000	15.222000	15.268000	15.300000	15.331000	15.362000	15.393000	15.424000	15.456000	15.502000	15.534000	15.565000	15.596000	15.627000	15.658000	15.690000	15.721000	15.768000	15.799000	15.830000	15.861000	15.892000	15.924000	15.955000	16.002000	16.033000	16.064000	16.095000	16.126000	16.158000	16.189000	16.236000	16.267000	16.298000	16.329000	16.360000	16.392000	16.423000	16.454000	16.501000	16.532000	16.563000	16.594000	16.626000	16.657000	16.688000	16.735000	16.766000	16.797000	16.828000	16.860000	16.891000	16.922000	16.953000	17.000000	17.031000	17.062000	17.094000	17.125000	17.156000	17.187000	17.234000	17.265000	17.296000	17.328000	17.359000	17.390000	17.421000	17.468000	17.499000	17.530000	17.562000	17.593000	17.624000	17.655000	17.686000	17.733000	17.764000	17.796000	17.827000	17.858000	17.889000	17.920000	17.967000	17.998000	18.030000	18.061000	18.092000	18.123000	18.154000	18.186000	18.232000	18.264000	18.295000	18.326000	18.357000	18.388000	18.420000	18.466000	18.498000	18.529000	18.560000	18.591000	18.622000	18.654000	18.700000	18.732000	18.763000	18.794000	18.825000	18.856000	18.888000	18.919000	18.966000	18.997000	19.028000	19.059000	19.090000	19.122000	19.153000	19.200000	19.231000	19.262000	19.293000	19.324000	19.356000	19.387000	19.434000	19.465000	19.496000	19.527000	19.558000	19.590000	19.621000	19.652000	19.699000	19.730000	19.761000	19.792000	19.824000	19.855000	19.886000	19.933000	19.964000	19.995000	20.026000	20.058000	20.089000	20.120000	20.167000	20.198000	20.229000	20.260000	20.292000	20.323000	20.354000	20.385000	20.432000	20.463000	20.494000	20.526000	20.557000	20.588000	20.619000	20.666000	20.697000	20.728000	20.760000	20.791000	20.822000	20.853000	20.900000	20.931000	20.962000	20.994000	21.025000	21.056000	21.087000	21.118000	21.165000	21.196000	21.228000	21.259000	21.290000	21.321000	21.352000	21.399000	21.430000	21.462000	21.493000	21.524000	21.555000	21.586000	21.618000	21.664000	21.696000	21.727000	21.758000	21.789000	21.820000	21.852000	21.898000	21.930000	21.961000	21.992000	22.023000	22.054000	22.086000	22.117000	22.164000	22.195000	22.226000	22.257000	22.288000	22.320000	22.351000	22.398000	22.429000	22.460000	22.491000	22.522000	22.554000	22.585000	22.632000	22.663000	22.694000	22.725000	22.756000	22.788000	22.819000	22.850000	22.897000	22.928000	22.959000	22.990000	23.022000	23.053000	23.084000	23.131000	23.162000	23.193000	23.224000	23.256000	23.287000	23.318000	23.365000	23.396000	23.427000	23.458000	23.490000	23.521000	23.552000	23.583000	23.630000	23.661000	23.692000	23.724000	23.755000	23.786000	23.817000	23.864000	23.895000	23.926000	23.958000	23.989000	24.020000	24.051000	24.098000	24.129000	24.160000	24.192000	24.223000	24.254000	24.285000	24.316000	24.363000	24.394000	24.426000	24.457000	24.488000	24.519000	24.550000	24.597000	24.628000	24.660000	24.691000	24.722000	24.753000	24.784000	24.831000	24.862000	24.894000	24.925000	24.956000	24.987000	25.018000	25.050000	25.096000	25.128000	25.159000	25.190000	25.221000	25.252000	25.284000	25.330000	25.362000	25.393000	25.424000	25.455000	25.486000	25.518000	25.564000	25.596000	25.627000	25.658000	25.689000	25.720000	25.752000	25.783000	25.830000	25.861000	25.892000	25.923000	25.954000	25.986000	26.017000	26.048000	26.095000	26.126000	26.157000	26.188000	26.220000	26.251000	26.282000	26.329000	26.360000	26.391000	26.422000	26.454000	26.485000	26.516000	26.563000	26.594000	26.625000	26.656000	26.688000	26.719000	26.750000	26.781000	26.828000	26.859000	26.890000	26.922000	26.953000	26.984000	27.015000	27.062000	27.093000	27.124000	27.156000	27.187000	27.218000	27.249000	27.296000	27.327000	27.358000	27.390000	27.421000	27.452000	27.483000	27.514000	27.561000	27.592000	27.624000	27.655000	27.686000	27.717000	27.748000	27.795000	27.826000	27.858000	27.889000	27.920000	27.951000	27.982000	28.029000	28.060000	28.092000	28.123000	28.154000	28.185000	28.216000	28.248000	28.294000	28.326000	28.357000	28.388000	28.419000	28.450000	28.482000	28.528000	28.560000	28.591000	28.622000	28.653000	28.684000	28.716000	28.762000	28.794000	28.825000	28.856000	28.887000	28.918000	28.950000	28.981000	29.028000	29.059000	29.090000	29.121000	29.152000	29.184000	29.215000	29.262000	29.293000	29.324000	29.355000	29.386000	29.418000	29.449000	29.496000	29.527000	29.558000	29.589000	29.620000	29.652000	29.683000	29.714000	29.761000	29.792000	29.823000	29.854000	29.886000	29.917000	29.948000	29.979000
%%%	13.913043	13.913043	13.913043	13.913043	13.913043	13.913043	13.913043	13.913043	13.913043	13.913043	13.913043	13.913043	13.913043	13.913043	13.913043	13.913043	13.913043	13.913043	13.913043	13.913043	13.913043	13.913043	13.913043	13.913043	13.913043	13.913043	13.913043	13.913043	13.913043	13.913043	13.913043	13.913043	13.913043	13.913043	13.913043	13.913043	13.913043	13.913043	13.913043	13.913043	13.913043	13.913043	13.913043	13.913043	13.913043	13.913043	13.913043	13.913043	13.913043	13.913043	13.913043	13.913043	13.913043	13.913043	13.913043	13.913043	13.913043	13.913043	13.913043	13.913043	13.913043	13.913043	13.913043	13.913043	13.913043	13.913043	13.913043	13.913043	13.913043	13.913043	13.913043	13.913043	13.913043	13.913043	13.913043	13.913043	13.913043	13.913043	13.913043	13.913043	13.913043	13.913043	13.913043	13.913043	13.913043	13.913043	13.913043	13.913043	13.913043	13.913043	13.913043	13.913043	13.913043	13.913043	13.913043	13.913043	13.913043	13.913043	13.913043	13.913043	13.913043	13.913043	13.913043	13.913043	13.913043	13.913043	13.913043	13.913043	13.913043	13.913043	13.913043	13.913043	13.913043	13.913043	13.913043	13.913043	13.913043	13.913043	13.913043	13.913043	13.913043	13.913043	13.913043	13.913043	13.913043	13.913043	13.913043	13.913043	13.913043	13.913043	13.913043	13.913043	13.913043	13.913043	13.913043	13.913043	13.913043	13.913043	13.913043	13.913043	13.913043	13.913043	13.913043	13.913043	13.913043	13.913043	13.913043	13.913043	13.913043	13.913043	13.913043	13.913043	13.913043	13.913043	13.913043	13.913043	13.913043	13.913043	13.913043	13.913043	13.913043	13.913043	13.913043	13.913043	13.913043	13.913043	13.913043	13.913043	13.913043	13.913043	13.913043	13.913043	13.913043	13.913043	13.913043	13.913043	13.913043	13.913043	13.913043	13.913043	13.913043	13.913043	13.913043	13.913043	13.913043	13.913043	13.913043	13.913043	13.913043	13.913043	13.913043	13.913043	13.913043	13.913043	13.913043	13.913043	13.913043	13.913043	13.913043	13.913043	13.913043	13.913043	13.913043	13.913043	13.913043	13.913043	13.913043	13.913043	13.913043	13.913043	13.913043	13.913043	13.913043	13.913043	13.913043	13.913043	13.913043	13.913043	13.913043	13.913043	13.913043	13.913043	13.913043	13.913043	13.913043	13.913043	13.913043	13.913043	13.913043	13.913043	13.913043	13.913043	13.913043	13.913043	13.913043	13.913043	13.913043	13.913043	13.913043	13.913043	13.913043	13.913043	13.913043	13.913043	13.913043	13.913043	13.913043	13.913043	13.913043	13.913043	13.913043	13.913043	13.913043	13.913043	13.913043	13.913043	13.913043	13.913043	13.913043	13.913043	13.913043	13.913043	13.913043	13.913043	13.913043	13.913043	13.913043	13.913043	13.913043	13.913043	13.913043	13.913043	13.913043	13.913043	13.913043	13.913043	13.913043	13.913043	13.913043	13.913043	13.913043	13.913043	13.913043	13.913043	13.913043	13.913043	13.913043	13.913043	13.913043	13.913043	13.913043	13.913043	13.913043	13.913043	13.913043	13.913043	13.913043	13.913043	13.913043	13.913043	13.913043	13.913043	13.913043	13.913043	13.913043	13.913043	13.913043	13.913043	13.913043	13.913043	13.913043	13.913043	13.913043	13.913043	13.913043	13.913043	13.913043	13.913043	13.913043	13.913043	13.913043	13.913043	13.913043	13.913043	13.913043	13.913043	13.913043	13.913043	13.913043	13.913043	13.913043	13.913043	13.913043	13.913043	13.913043	13.913043	13.913043	13.913043	13.913043	13.913043	13.913043	13.913043	13.913043	13.913043	13.913043	13.913043	13.913043	13.913043	13.913043	13.913043	13.913043	13.913043	13.913043	13.913043	13.913043	13.913043	13.913043	13.913043	13.913043	13.913043	13.913043	13.913043	13.913043	13.913043	13.913043	13.913043	13.913043	13.913043	13.913043	13.913043	13.913043	13.913043	13.913043	13.913043	13.913043	13.913043	13.913043	13.913043	13.913043	13.913043	13.913043	13.913043	13.913043	13.913043	13.913043	13.913043	13.913043	13.913043	13.913043	13.913043	13.913043	13.913043	13.913043	13.913043	13.913043	13.913043	13.913043	13.913043	13.913043	13.913043	13.913043	13.913043	13.913043	13.913043	13.913043	13.913043	13.913043	13.913043	13.913043	13.913043	13.913043	13.913043	13.913043	13.913043	13.913043	13.913043	13.913043	13.913043	13.913043	13.913043	13.913043	13.913043	13.913043	13.913043	13.913043	13.913043	13.913043	13.913043	13.913043	13.913043	13.913043	13.913043	13.913043	13.913043	13.913043	13.913043	13.913043	13.913043	13.913043	13.913043	13.913043	13.913043	13.913043	13.913043	13.913043	13.913043	13.913043	13.913043	13.913043	13.913043	13.913043	13.913043	13.913043	13.913043	13.913043	13.913043	13.913043	13.913043	13.913043	13.913043	13.913043	13.913043	13.913043	13.913043	13.913043	13.913043	13.913043	13.913043	13.913043	13.913043	13.913043	13.913043	13.913043	13.913043	13.913043	13.913043	13.913043	13.913043	13.913043	13.913043	13.913043	13.913043	13.913043	13.913043	13.913043	13.913043	13.913043	13.913043	13.913043	13.913043	13.913043	13.913043	13.913043	13.913043	13.913043	13.913043	13.913043	13.913043	13.913043	13.913043	13.913043	13.913043	13.913043	13.913043	13.913043	13.913043	13.913043	13.913043	13.913043	13.913043	13.913043	13.913043	13.913043	13.913043	13.913043	13.913043	13.913043	13.913043	13.913043	13.913043	13.913043	13.913043	13.913043	13.913043	13.913043	13.913043	13.913043	13.913043	13.913043	13.913043	13.913043	13.913043	13.913043	13.913043	13.913043	13.913043	13.913043	13.913043	13.913043	13.913043	13.913043	13.913043	13.913043	13.913043	13.913043	13.913043	13.913043	13.913043	13.913043	13.913043	13.913043	13.913043	13.913043	13.913043	13.913043	13.913043	13.913043	13.913043	13.913043	13.913043	13.913043	13.913043	13.913043	13.913043	13.913043	13.913043	13.913043	13.913043	13.913043	13.913043	13.913043	13.913043	13.913043	13.913043	13.913043	13.913043	13.913043	13.913043	13.913043	13.913043	13.913043	13.913043	13.913043	13.913043	13.913043	13.913043	13.913043	13.913043	13.913043	13.913043	13.913043	13.913043	13.913043	13.913043	13.913043	13.913043	13.913043	13.913043	13.913043	13.913043	13.913043	13.913043	13.913043	13.913043	13.913043	13.913043	13.913043	13.913043	13.913043	13.913043	13.913043	13.913043	13.913043	13.913043	13.913043	13.913043	13.913043	13.913043	13.913043	13.913043	13.913043	13.913043	13.913043	13.913043	13.913043	13.913043	13.913043	13.913043	13.913043	13.913043	13.913043	13.913043	13.913043	13.913043	13.913043	13.913043	13.913043	13.913043	13.913043	13.913043	13.913043	13.913043	13.913043	13.913043	13.913043	13.913043	13.913043	13.913043	13.913043	13.913043	13.913043	13.913043	13.913043	13.913043	13.913043	13.913043	13.913043	13.913043	13.913043	13.913043	13.913043	13.913043	13.913043	13.913043	13.913043	13.913043	13.913043	13.913043	13.913043	13.913043	13.913043	13.913043	13.913043	13.913043	13.913043	13.913043	13.913043	13.913043	13.913043	13.913043	13.913043	13.913043	13.913043	13.913043	13.913043	13.913043	13.913043	13.913043	13.913043	13.913043	13.913043	13.913043	13.913043	13.913043	13.913043	13.913043	13.913043	13.913043	13.913043	13.913043	13.913043	13.913043	13.913043	13.913043	13.913043	13.913043	13.913043	13.913043	13.913043	13.913043	13.913043	13.913043	13.913043	13.913043	13.913043	13.913043	13.913043	13.913043	13.913043	13.913043	13.913043	13.913043	13.913043	13.913043	13.913043	13.913043	13.913043	13.913043	13.913043	13.913043	13.913043	13.913043	13.913043	13.913043	13.913043	13.913043	13.913043	13.913043	13.913043	13.913043	13.913043	13.913043	13.913043	13.913043	13.913043	13.913043	13.913043	13.913043	13.913043	13.913043	13.913043	13.913043	13.913043	13.913043	13.913043	13.913043	13.913043	13.913043	13.913043	13.913043	13.913043	13.913043	13.913043	13.913043	13.913043	13.913043	13.913043	13.913043	13.913043	13.913043	13.913043	13.913043	13.913043	13.913043	13.913043	13.913043	13.913043	13.913043	13.913043	13.913043	13.913043	13.913043	13.913043	13.913043	13.913043	13.913043	13.913043	13.913043	13.913043	13.913043	13.913043	13.913043	13.913043	13.913043	13.913043	13.913043	13.913043	13.913043	13.913043	13.913043	13.913043	13.913043	13.913043	13.913043	13.913043	13.913043	13.913043	13.913043	13.913043	13.913043	13.913043	13.913043	13.913043	13.913043	13.913043	13.913043	13.913043	13.913043	13.913043	13.913043	13.913043	13.913043	13.913043	13.913043	13.913043	13.913043	13.913043	13.913043	13.913043	13.913043	13.913043	13.913043	13.913043	13.913043	13.913043	13.913043	13.913043	13.913043	13.913043	13.913043	13.913043	13.913043	13.913043	13.913043	13.913043	13.913043	13.913043	13.913043	13.913043	13.913043	13.913043	13.913043	13.913043	13.913043	13.913043	13.913043	13.913043	13.913043	13.913043	13.913043	13.913043	13.913043	13.913043	13.913043	13.913043	13.913043	13.913043	13.913043	13.913043	13.913043	13.913043	13.913043	13.913043	13.913043	13.913043	13.913043	13.913043	13.913043	13.913043	13.913043	13.913043	13.913043	13.913043	13.913043	13.913043	13.913043	13.913043	13.913043	13.913043	13.913043	13.913043	13.913043	13.913043	13.913043	13.913043	13.913043	13.913043	13.913043	13.913043	13.913043	13.913043	13.913043	13.913043
%%%	Pulse Index	Stimulus Section Index	Stimulus Section Start Index	Stimulus Section End Index	Pupil Stimulated: 0 = Right, 1 = Left, 2 = Both	Light Metric: 0 = Photopic, 1 = Scopotic, 2 = Radiometric	Stimulus Start Time	Stimulus Duration	Stimulus Pulse Duration	Right Pulse Max Level	Right Pulse Max Color (0123 = WRGB)	Right Pulse Min Level	Right Pulse Min Color (0123 = WRGB)	Left Pulse Max Level	Left Pulse Max Color (0123 = WRGB)	Left Pulse Min Level	Left Pulse Min Color (0123 = WRGB)	Right Data Input Type (0 == RAW DATA, 1 == FITTED DATA, 2 == M. OVERRIDED)	Right ANALYSIS STATE (0 == ABNORMAL, 1 == NORMAL)	Right MAX (mm) (EMPTY if INVALID)	Right MIN (mm) (EMPTY if INVALID)	Right DELTA (mm) (EMPTY if INVALID)	Right CH (%) (EMPTY if INVALID)	Right LAT (sec) (EMPTY if INVALID)	Right CV (mm/s) (EMPTY if INVALID)	Right MCV (mm/s) (EMPTY if INVALID)	Right DV (mm/s) (EMPTY if INVALID)	Left Data Input Type (0 == RAW DATA, 1 == FITTED DATA, 2 == M. OVERRIDED)	Left ANALYSIS STATE (0 == ABNORMAL, 1 == NORMAL)	Left MAX (mm) (EMPTY if INVALID)	Left MIN (mm) (EMPTY if INVALID)	Left DELTA (mm) (EMPTY if INVALID)	Left CH (%) (EMPTY if INVALID)	Left LAT (sec) (EMPTY if INVALID)	Left CV (mm/s) (EMPTY if INVALID)	Left MCV (mm/s) (EMPTY if INVALID)	Left DV (mm/s) (EMPTY if INVALID)
%%%	0	0	18	902	0	0	0.51	29.52	0.51	100.06	3	0.00	3	0.00	3	0.00	3	0	0	0.00	0.00			0.00	0.00	0.00	0.00	0	0	0.00	0.00			0.00	0.00	0.00	0.00
%%%%%%%%%
%%%%%%%%%
%%%%%%%%%
<\SESSION>
