<SESSION>
<VERSION>
2
<\VERSION>
<DATE>
2017-08-10 08:58:59
<\DATE>
<SUBJECT-ID>
c57-1mois-DA-F1-0.6b
<\SUBJECT-ID>
<NOTE>

<\NOTE>
<MIN-MAX-PLOT>
0.100000 51880.761719
<\MIN-MAX-PLOT>
<STIMULUS-DEFINED>
Default
Default Human Relative Spectral Sensitivity
1	0
1	0.500000	0.500000	29.000000	3	3	0.600000	-100.000000	0.100000	-100.000000	0
<\STIMULUS-DEFINED>
<STIMULUS-GENERATED>
4
0	0	0.000000	3	0.000000	0.000000	3	0.000000	0.000000
0	1	0.509000	3	0.075823	4.006067	3	0.000000	0.000000
0	4	1.018000	3	0.000000	0.000000	3	0.000000	0.000000
-1	5	30.027000	0	0.000000	0.000000	0	0.000000	0.000000
<\STIMULUS-GENERATED>
<RIGHT-PUPIL-DATA>
903	1
1	-0.051000	1.066667	306.500000	212.000000
1	-0.019000	1.159420	306.500000	216.000000
1	0.012000	1.104928	305.625000	214.112488
1	0.043000	1.159420	306.500000	216.000000
1	0.074000	1.159420	306.500000	216.000000
1	0.105000	1.112754	306.024994	214.699982
1	0.152000	1.054928	305.593750	213.656250
1	0.183000	1.113043	305.500000	213.000000
1	0.215000	1.159420	306.500000	216.000000
1	0.246000	1.098985	305.231232	213.931244
1	0.277000	1.072464	306.000000	213.500000
1	0.308000	1.088551	305.968750	213.468750
1	0.339000	1.114638	306.518738	214.018738
1	0.371000	1.136232	306.500000	214.000000
1	0.417000	1.082029	305.437500	214.000000
1	0.449000	1.079855	305.468750	215.031250
1	0.480000	1.087536	305.125000	214.875000
1	0.511000	1.068551	305.318756	213.818756
0	0.542000	1.066667	306.500000	212.000000
1	0.573000	1.082029	306.000000	213.437500
1	0.605000	1.114203	306.475006	213.850006
1	0.651000	1.113043	305.500000	213.000000
1	0.683000	1.066667	306.500000	212.000000
1	0.714000	1.113043	305.000000	214.500000
1	0.745000	1.159420	302.500000	212.000000
1	0.776000	1.082029	305.000000	213.437500
1	0.807000	1.078841	305.500000	214.500000
1	0.839000	1.026087	305.500000	214.000000
1	0.885000	0.972899	305.506256	213.931244
1	0.917000	0.970725	305.462494	214.162506
1	0.948000	0.948406	304.625000	214.625000
1	0.979000	0.904493	304.493744	214.256256
1	1.010000	0.927536	305.500000	215.000000
1	1.041000	0.868406	305.087494	214.475006
1	1.073000	0.838406	305.081238	214.356262
1	1.104000	0.834783	307.500000	215.000000
0	1.151000	0.788406	306.500000	212.000000
0	1.182000	0.788406	306.500000	212.000000
1	1.213000	0.777101	304.212494	215.212494
0	1.244000	0.788406	306.500000	212.000000
1	1.275000	0.764203	305.506256	214.581268
1	1.307000	0.749855	305.287506	215.337494
1	1.338000	0.724928	304.912506	215.024994
1	1.385000	0.744638	304.712494	214.699982
1	1.416000	0.717971	303.987457	215.312469
0	1.447000	0.695652	302.500000	216.000000
1	1.478000	0.750145	304.412506	215.374969
1	1.509000	0.733188	305.218750	214.531250
1	1.541000	0.738551	304.750000	215.187500
1	1.572000	0.771014	305.500000	215.000000
1	1.619000	0.783768	304.987518	213.887482
1	1.650000	0.788116	303.912506	215.287506
1	1.681000	0.792898	303.968750	215.031250
1	1.712000	0.797246	303.968750	214.906250
1	1.743000	0.761594	304.543762	214.543762
1	1.775000	0.797101	305.000000	214.750000
0	1.806000	0.788406	302.500000	216.000000
1	1.837000	0.812464	303.737488	215.737488
1	1.884000	0.824058	304.587463	215.462463
1	1.915000	0.834783	303.500000	215.000000
1	1.946000	0.801159	303.475006	215.100006
1	1.977000	0.788406	302.500000	216.000000
1	2.009000	0.811594	305.000000	215.500000
1	2.040000	0.809275	304.924988	214.750000
1	2.071000	0.840145	304.493744	214.493744
1	2.102000	0.800580	303.250000	215.000000
1	2.149000	0.817391	302.937500	215.937500
1	2.180000	0.831594	303.462494	216.462494
1	2.211000	0.848985	303.787506	215.787506
1	2.243000	0.835942	304.524994	216.412506
1	2.274000	0.835362	304.000000	216.375000
1	2.305000	0.866232	304.193756	215.943756
1	2.336000	0.833188	304.593750	216.406250
1	2.383000	0.820145	302.781250	216.206238
1	2.414000	0.825072	302.631256	215.618744
1	2.445000	0.852754	303.125000	216.250000
1	2.477000	0.855362	304.337494	215.725006
1	2.508000	0.858116	303.906250	216.093750
1	2.539000	0.857971	304.500000	216.000000
1	2.570000	0.858116	303.093750	216.656250
1	2.617000	0.842898	302.500000	216.125000
1	2.648000	0.814783	302.012512	216.312500
1	2.679000	0.853623	303.299988	216.362488
1	2.711000	0.835942	303.524994	215.975006
1	2.742000	0.788406	302.500000	216.000000
1	2.773000	0.850580	303.843750	216.156250
1	2.804000	0.860290	304.312500	215.750000
1	2.835000	0.839275	303.331268	216.443756
1	2.882000	0.834783	301.500000	215.000000
1	2.913000	0.839855	303.581238	216.418762
1	2.945000	0.877536	304.043762	216.281250
1	2.976000	0.836377	304.018738	216.018738
1	3.007000	0.869565	304.100006	216.975006
1	3.038000	0.844638	304.100006	217.350006
1	3.069000	0.857971	303.250000	217.250000
1	3.116000	0.848841	302.193756	217.618744
1	3.147000	0.857681	302.662506	216.662506
1	3.179000	0.788406	302.500000	216.000000
1	3.210000	0.881159	303.500000	217.000000
1	3.241000	0.866812	303.218750	217.781250
1	3.272000	0.865797	302.549988	217.062500
1	3.303000	0.869710	302.543732	218.068756
1	3.350000	0.881159	302.500000	220.000000
0	3.381000	0.788406	302.500000	216.000000
1	3.413000	0.788406	302.500000	216.000000
1	3.444000	0.864203	302.431244	218.193756
1	3.475000	0.881159	302.500000	220.000000
1	3.506000	0.865797	301.937500	217.937500
1	3.537000	0.883623	302.693756	218.006256
1	3.569000	0.881159	302.000000	217.500000
0	3.615000	0.788406	302.500000	216.000000
1	3.647000	0.848985	300.774994	218.787506
1	3.678000	0.866377	300.787506	219.037506
1	3.709000	0.858116	301.093750	218.656250
1	3.740000	0.849420	301.781250	218.281250
1	3.771000	0.831594	301.350006	217.537506
1	3.803000	0.869565	301.250000	218.750000
1	3.849000	0.872464	301.000000	218.250000
1	3.881000	0.859710	300.962494	218.600006
1	3.912000	0.852754	300.312500	218.250000
1	3.943000	0.875507	301.093750	218.593750
1	3.974000	0.912029	302.168732	217.618744
1	4.005000	0.866232	301.943756	218.443756
1	4.037000	0.884203	301.281250	218.331238
1	4.083000	0.881159	299.500000	219.000000
1	4.115000	0.879855	299.956238	218.343750
1	4.146000	0.871159	300.093750	218.656250
1	4.177000	0.894058	300.593750	218.843750
1	4.208000	0.884638	300.250000	219.299988
1	4.239000	0.866812	300.968750	218.218750
1	4.271000	0.898406	301.843750	218.468750
1	4.302000	0.881159	301.000000	219.500000
1	4.349000	0.868985	300.062500	219.500000
1	4.380000	0.866232	300.056244	219.056244
1	4.411000	0.861449	300.250000	219.000000
1	4.442000	0.875507	301.093750	218.593750
1	4.473000	0.881159	302.500000	220.000000
1	4.505000	0.883623	300.806244	218.693756
1	4.536000	0.850580	300.843750	219.156250
1	4.583000	0.865797	299.937500	219.774963
1	4.614000	0.898985	299.556244	219.556244
1	4.645000	0.904348	299.625000	219.625000
1	4.676000	0.911449	299.593750	219.281250
1	4.707000	0.885507	299.299988	219.262512
1	4.739000	0.902754	299.468750	219.531250
1	4.770000	0.885362	299.968750	219.718750
1	4.817000	0.904348	298.500000	220.000000
1	4.848000	0.883188	298.687500	220.687500
1	4.879000	0.884203	298.531250	220.718750
1	4.910000	0.886232	298.693726	220.768738
1	4.941000	0.869565	298.875000	220.875000
1	4.973000	0.866232	298.806244	220.943756
1	5.004000	0.883768	298.699982	220.337494
1	5.035000	0.904348	298.500000	220.000000
1	5.082000	0.886232	297.993774	220.768738
1	5.113000	0.896812	297.149994	220.600006
1	5.144000	0.857681	298.162506	220.337494
1	5.175000	0.857536	299.068756	220.356232
1	5.207000	0.875072	299.137482	220.274994
1	5.238000	0.863623	299.218750	220.156250
1	5.269000	0.858116	299.093750	220.656250
1	5.316000	0.857971	298.750000	220.250000
1	5.347000	0.882464	298.681244	220.681244
1	5.378000	0.857681	298.287506	219.912506
1	5.409000	0.850580	299.156250	220.218750
1	5.441000	0.866377	299.962494	219.962494
1	5.472000	0.865797	300.062500	219.062500
1	5.503000	0.824638	299.125000	218.875000
1	5.550000	0.860870	299.000000	220.250000
1	5.581000	0.866812	298.781250	220.031250
1	5.612000	0.883768	298.225006	219.762482
1	5.643000	0.876812	298.612488	220.112488
1	5.675000	0.869710	298.743744	219.931244
1	5.706000	0.871884	299.574982	220.899994
1	5.737000	0.883768	298.662506	220.287506
1	5.768000	0.902029	298.962494	220.524994
1	5.815000	0.866377	298.212494	220.725006
1	5.846000	0.855507	297.881256	220.131256
1	5.877000	0.869710	298.068756	220.543732
1	5.909000	0.879420	298.824982	220.600006
1	5.940000	0.901884	298.993713	220.543762
1	5.971000	0.879275	299.243744	220.668732
1	6.002000	0.886667	299.687500	220.687500
1	6.049000	0.865797	298.937500	220.937500
1	6.080000	0.863623	298.218750	220.781250
1	6.111000	0.865797	298.062500	221.062500
1	6.143000	0.866812	298.456238	221.031250
1	6.174000	0.883768	299.237518	220.012543
1	6.205000	0.904348	298.500000	220.000000
1	6.236000	0.870580	299.543732	220.443756
1	6.267000	0.896232	299.875000	220.562500
1	6.314000	0.881159	298.000000	220.500000
1	6.345000	0.874928	298.181244	220.818756
1	6.377000	0.884203	298.718750	220.781250
1	6.408000	0.859275	298.793762	220.206238
1	6.439000	0.865797	299.062500	220.250000
1	6.470000	0.916377	299.618744	220.306244
1	6.501000	0.973913	298.500000	220.000000
1	6.548000	0.875073	298.862488	219.887451
1	6.579000	0.872464	298.250000	220.000000
1	6.611000	0.865797	298.187500	219.937500
1	6.642000	0.883768	298.712494	219.687469
1	6.673000	0.886377	299.000000	219.312500
1	6.704000	0.858116	299.093750	219.093750
1	6.735000	0.878841	299.625000	219.875000
1	6.782000	0.869565	298.500000	220.000000
1	6.813000	0.885507	297.737488	219.737488
1	6.845000	0.882754	298.256256	220.006256
1	6.876000	0.904348	298.500000	220.000000
1	6.907000	0.844638	299.100006	220.350006
1	6.938000	0.871159	299.093750	220.518738
1	6.969000	0.973913	298.500000	220.000000
1	7.001000	0.876667	298.093750	220.406250
1	7.047000	0.881159	298.000000	221.500000
1	7.079000	0.885362	297.268738	220.718750
1	7.110000	0.898985	297.868744	220.556244
1	7.141000	0.865797	298.062500	220.437500
1	7.172000	0.856377	298.181244	220.318756
1	7.203000	0.870145	298.075012	220.250000
1	7.235000	0.902029	297.524994	220.524994
1	7.281000	0.875072	297.537506	220.887482
1	7.313000	0.873333	297.125000	221.125000
1	7.344000	0.852029	297.243744	220.243744
1	7.375000	0.870580	298.243744	220.256256
1	7.406000	0.873188	297.581238	221.843750
1	7.437000	0.883768	297.699982	221.337494
1	7.469000	0.901449	297.500000	221.500000
1	7.500000	0.865797	296.062500	220.437500
1	7.547000	0.859855	296.318756	221.193756
0	7.578000	0.788406	298.500000	220.000000
1	7.609000	0.915797	297.656250	221.406250
1	7.640000	1.159420	302.500000	216.000000
1	7.671000	0.840145	296.881256	221.681244
1	7.703000	0.865797	296.937500	222.062500
1	7.734000	0.866667	296.812500	222.187500
1	7.781000	0.857971	296.000000	222.500000
1	7.812000	0.894638	295.868744	222.131256
1	7.843000	0.857971	297.000000	221.500000
1	7.874000	0.901449	296.450012	222.450012
1	7.905000	0.883768	296.712494	222.237518
1	7.937000	0.862464	296.593750	221.031250
1	7.968000	0.881159	294.500000	220.000000
1	8.015000	0.847246	295.062500	221.062500
1	8.046000	0.846377	295.250000	221.250000
1	8.077000	0.894638	294.868744	221.618744
1	8.108000	0.892754	295.500000	223.000000
1	8.139000	0.915797	295.656250	222.281250
1	8.171000	0.918551	295.399994	222.787506
1	8.202000	0.904348	294.500000	222.000000
1	8.233000	0.878406	294.368744	222.193756
1	8.280000	0.904348	294.500000	222.000000
1	8.311000	0.871159	294.156250	223.093750
1	8.342000	0.892754	294.250000	222.750000
1	8.373000	0.895072	294.399994	222.899994
1	8.405000	0.883768	294.112518	222.762482
1	8.436000	0.891884	294.562500	222.750000
1	8.467000	0.865942	295.250000	223.375000
1	8.514000	0.904928	295.000000	223.250000
1	8.545000	0.876232	294.162506	222.162506
1	8.576000	0.905072	294.018738	222.768738
1	8.607000	0.883768	294.662506	222.712494
1	8.639000	0.883768	294.662506	222.712494
1	8.670000	0.873623	295.487488	222.875000
1	8.701000	0.873188	295.118744	222.868744
1	8.748000	0.857102	295.187500	222.362488
0	8.779000	0.881159	298.500000	224.000000
1	8.810000	0.874928	295.068756	221.693756
1	8.841000	0.899275	294.518738	222.518738
1	8.873000	0.904492	294.981293	222.506195
1	8.904000	0.874638	294.856262	222.856262
1	8.935000	0.871884	295.574982	221.899994
1	8.966000	0.883623	295.256256	221.381256
1	9.013000	0.902029	295.475006	221.524994
1	9.044000	0.883188	294.637512	221.737488
1	9.075000	0.864638	294.937439	221.987427
1	9.107000	0.904348	294.500000	222.000000
1	9.138000	0.887536	294.799988	222.325012
1	9.169000	0.902899	295.500000	222.000000
1	9.200000	0.925362	295.443817	221.843781
1	9.247000	0.910145	295.500000	222.000000
1	9.278000	0.886377	294.737488	222.312500
1	9.309000	0.883768	294.662506	222.662506
1	9.341000	0.866812	294.468750	223.781250
1	9.372000	0.902754	294.531250	222.518738
1	9.403000	0.909855	295.287506	221.600006
1	9.434000	0.922899	295.225006	223.212494
1	9.481000	0.912319	295.606262	223.293762
1	9.512000	0.864203	294.743744	222.806244
1	9.543000	0.904348	294.500000	222.000000
1	9.575000	0.870580	294.756256	223.243744
1	9.606000	0.887246	294.287506	223.712494
1	9.637000	0.883768	294.662506	222.762482
1	9.668000	0.898696	294.606232	222.668732
1	9.699000	0.868985	294.937500	223.487488
1	9.746000	0.890725	294.812469	222.637421
1	9.777000	0.884203	294.718750	222.781250
1	9.809000	0.922319	295.500000	222.575012
1	9.840000	0.902754	295.531250	222.968750
1	9.871000	0.904348	294.500000	224.000000
1	9.902000	0.904348	294.500000	222.000000
1	9.933000	0.924928	295.524994	222.662506
1	9.980000	0.903188	295.725006	222.899994
0	10.011000	1.044638	298.524994	220.524994
1	10.043000	0.893333	295.899994	222.600006
0	10.074000	0.788406	294.500000	224.000000
1	10.105000	0.881159	294.250000	222.750000
1	10.136000	0.896812	293.850006	221.587494
1	10.167000	0.909420	294.668762	222.593750
1	10.199000	0.881884	294.706238	222.706238
1	10.245000	0.895072	294.162476	223.924988
1	10.277000	0.897246	294.093750	223.906250
1	10.308000	0.904348	294.500000	224.000000
1	10.339000	0.892754	293.575012	223.575012
1	10.370000	0.921739	293.375000	223.875000
1	10.401000	0.903333	293.043732	223.956207
1	10.433000	0.920725	293.193756	224.243744
1	10.479000	0.903188	292.975006	223.774994
1	10.511000	0.921594	293.243744	224.243744
1	10.542000	0.914203	293.100006	224.662506
1	10.573000	0.915797	291.656250	225.343750
1	10.604000	0.913623	291.375000	226.125000
1	10.635000	0.889275	290.350006	225.824982
1	10.667000	0.925507	289.512512	226.987488
1	10.713000	0.898840	290.487457	225.912567
1	10.745000	0.894928	290.543762	226.456238
1	10.776000	0.902029	290.524994	226.524994
1	10.807000	0.890145	290.600006	226.712494
1	10.838000	0.910725	290.350006	226.649994
1	10.869000	0.896377	290.143738	227.156250
1	10.901000	0.915942	289.500000	228.000000
1	10.932000	0.898551	289.500000	227.500000
1	10.979000	0.883188	288.812500	227.312500
1	11.010000	0.900725	289.818634	227.493744
1	11.041000	0.886957	289.500000	227.500000
1	11.072000	0.896232	289.875000	226.562500
1	11.103000	0.883188	290.299988	227.262512
1	11.135000	0.904348	290.500000	226.000000
1	11.166000	0.877246	290.143768	226.931244
1	11.213000	0.876232	290.024994	226.912506
1	11.244000	0.912464	289.325012	227.750000
1	11.275000	0.914203	289.662506	227.337494
1	11.306000	0.882754	290.006256	226.993744
1	11.337000	0.909855	289.600006	227.537506
1	11.369000	0.921159	289.562500	227.250000
1	11.400000	0.904348	290.000000	227.500000
1	11.447000	0.912899	289.681244	227.318756
1	11.478000	0.938406	289.718750	227.018738
1	11.509000	0.935072	289.524994	227.050018
1	11.540000	0.933333	289.312500	226.437500
1	11.571000	0.897101	290.487488	226.924988
1	11.603000	0.972899	290.506256	226.256256
1	11.634000	0.933913	290.287506	226.975006
1	11.665000	0.904928	289.500000	226.000000
1	11.712000	0.973913	290.500000	228.000000
1	11.743000	0.910145	289.718750	226.968750
1	11.774000	0.903623	290.018738	226.018738
1	11.805000	0.915942	290.750000	225.750000
1	11.837000	0.939130	289.500000	227.000000
1	11.868000	0.898551	289.500000	227.000000
1	11.899000	0.903333	290.493744	226.456268
1	11.946000	0.905072	290.018738	225.231262
1	11.977000	0.904348	290.500000	226.000000
1	12.008000	0.895072	290.424988	225.125000
1	12.039000	0.894493	290.449982	225.149994
1	12.071000	0.920145	291.268738	224.781250
1	12.102000	0.949275	291.187531	225.187469
1	12.133000	0.951015	291.162506	225.787506
1	12.180000	0.951594	290.812500	226.062500
1	12.211000	0.929275	290.537506	226.137482
1	12.242000	0.947971	291.181213	225.818726
1	12.273000	0.920145	291.268738	224.781250
1	12.305000	0.937101	291.337494	225.024994
1	12.336000	0.973913	290.500000	224.000000
1	12.367000	0.933768	291.056244	225.381256
1	12.398000	0.973913	290.500000	224.000000
1	12.445000	0.972754	291.475006	224.975006
1	12.476000	0.973913	290.500000	224.000000
1	12.507000	0.951594	290.812500	225.674988
1	12.539000	0.937101	291.337494	226.274994
1	12.570000	0.931739	291.593719	226.256256
1	12.601000	0.931594	291.524994	225.925018
1	12.632000	0.937536	291.031250	225.531250
1	12.679000	0.901449	290.450012	225.812500
1	12.710000	0.914493	289.750000	225.875000
1	12.741000	0.973913	290.500000	228.000000
1	12.773000	0.948985	289.849915	226.799927
1	12.804000	0.988406	290.687500	225.937500
1	12.835000	0.934638	290.056244	226.431244
1	12.866000	0.973913	290.500000	228.000000
1	12.913000	0.934058	290.456238	227.081238
1	12.944000	0.973913	290.500000	228.000000
1	12.975000	0.922899	289.225006	226.225006
1	13.007000	0.938551	290.000000	226.549988
1	13.038000	0.925507	289.625000	226.437500
1	13.069000	0.941884	289.281250	226.281250
1	13.100000	0.955942	289.750000	226.250000
1	13.131000	0.947246	290.375000	226.875000
1	13.178000	0.973913	290.500000	228.000000
1	13.209000	0.939130	290.250000	226.250000
1	13.241000	0.937536	289.968750	227.468750
1	13.272000	0.957102	289.750000	227.062500
1	13.303000	0.973913	290.500000	228.000000
1	13.334000	0.962319	289.750000	226.250000
1	13.365000	0.938406	290.018738	225.518738
1	13.412000	0.935942	291.024994	226.412506
1	13.443000	0.936812	290.975006	226.524994
1	13.475000	0.973913	290.500000	228.000000
1	13.506000	0.976812	290.000000	226.000000
1	13.537000	0.921159	290.250000	226.437500
1	13.568000	0.969565	289.949982	225.837494
1	13.599000	0.939130	289.500000	226.000000
1	13.631000	0.940145	289.493744	226.543732
1	13.677000	0.973913	290.500000	228.000000
1	13.709000	0.973913	290.500000	228.000000
1	13.740000	0.962319	290.875000	226.625000
1	13.771000	0.931594	289.524994	226.350006
1	13.802000	0.946667	289.637482	227.149994
1	13.833000	0.964058	289.600006	226.024994
1	13.865000	0.926812	289.331238	225.706238
1	13.911000	0.934783	289.343750	226.468750
1	13.943000	0.914203	289.649994	226.887482
1	13.974000	0.933333	289.500000	226.500000
1	14.005000	0.939130	289.750000	226.250000
1	14.036000	0.910725	289.649994	225.662506
1	14.067000	0.937971	288.975006	226.712494
1	14.099000	0.915797	289.206238	226.343750
1	14.130000	0.904348	288.574982	226.024994
1	14.177000	0.921739	289.375000	227.375000
1	14.208000	0.931159	289.375000	226.000000
1	14.239000	0.913043	289.750000	226.500000
1	14.270000	0.912899	289.631256	225.681305
1	14.301000	0.920725	289.243744	225.756256
1	14.333000	0.937536	289.031250	226.468750
1	14.364000	0.932609	288.500000	226.250000
1	14.411000	0.934203	288.625000	225.937500
1	14.442000	0.907246	288.625000	226.987488
1	14.473000	0.927101	288.556244	226.356232
1	14.504000	0.911739	288.368774	226.356262
1	14.535000	0.937971	287.975006	227.225006
1	14.567000	0.939130	287.500000	227.000000
1	14.598000	0.973913	287.500000	227.000000
1	14.645000	0.922899	287.225006	227.225006
1	14.676000	0.899855	286.931244	226.506256
1	14.707000	0.946812	287.256256	227.131256
1	14.738000	0.922899	287.524994	226.212494
1	14.769000	0.963623	287.593750	226.843750
1	14.801000	0.921739	288.000000	226.000000
1	14.832000	0.937971	287.462494	225.975006
1	14.863000	0.925072	287.181244	226.381256
1	14.910000	0.972899	287.506256	226.506256
1	14.941000	0.914203	288.100006	226.350006
1	14.972000	0.940290	287.475006	226.037506
1	15.003000	0.915942	287.500000	226.000000
1	15.035000	0.946812	288.131256	226.418732
1	15.066000	0.951159	287.818756	226.806244
1	15.097000	0.951015	289.162506	226.162506
1	15.144000	0.904348	288.187500	226.437500
1	15.175000	0.909275	287.437500	226.187500
1	15.206000	0.913623	288.137451	226.375000
1	15.237000	0.911449	288.343781	226.093781
1	15.269000	0.885797	288.337494	224.762482
1	15.300000	0.883768	289.237518	226.012543
1	15.331000	0.901594	288.518738	225.068726
1	15.378000	0.904928	287.987488	226.000000
1	15.409000	0.921739	288.000000	226.500000
1	15.440000	0.922899	288.225006	225.475006
1	15.471000	0.937971	287.975006	226.024994
1	15.503000	0.931159	288.906250	225.643738
1	15.534000	0.913623	289.375000	226.312500
1	15.565000	0.913043	288.750000	225.750000
1	15.596000	0.946232	289.843750	225.781250
1	15.643000	0.883623	288.806244	226.693756
1	15.674000	0.892754	288.424988	225.575012
1	15.705000	0.904348	287.750000	225.250000
1	15.737000	0.929420	287.668793	225.568756
1	15.768000	0.898551	288.500000	226.000000
1	15.799000	0.904348	288.500000	226.000000
1	15.830000	0.904348	289.000000	225.500000
1	15.877000	0.904348	288.500000	226.000000
1	15.908000	0.904348	288.500000	226.000000
1	15.939000	0.914493	287.737488	225.362488
1	15.971000	0.892754	288.250000	225.750000
1	16.002000	0.884928	288.287506	224.762482
1	16.033000	0.921739	289.125000	225.625000
1	16.064000	0.883768	288.712494	225.037506
1	16.111000	0.866377	288.412506	224.962494
0	16.142000	0.788406	290.500000	224.000000
1	16.173000	0.909130	288.643768	226.043732
1	16.205000	0.876232	286.912506	225.162506
1	16.236000	0.911449	287.656250	225.893738
1	16.267000	0.915942	287.625000	226.125000
1	16.298000	0.932029	287.406250	226.393738
1	16.329000	0.901449	287.750000	225.450012
1	16.376000	0.877246	288.131256	225.118744
1	16.407000	0.887681	288.268738	225.293762
1	16.439000	0.937971	287.774994	226.024994
1	16.470000	0.951594	287.812500	225.812500
1	16.501000	0.887246	287.712494	226.287384
1	16.532000	0.904348	288.500000	226.000000
1	16.563000	0.876232	288.162506	225.837494
1	16.610000	0.921159	289.250000	224.750000
1	16.641000	0.904348	288.500000	226.000000
1	16.673000	0.916377	287.693756	226.131256
1	16.704000	0.884493	287.281250	226.281250
1	16.735000	0.896377	286.893768	225.106293
1	16.766000	0.904348	286.500000	226.000000
1	16.797000	0.929275	287.412506	226.924835
1	16.844000	0.912319	287.393738	226.143738
1	16.875000	0.902754	287.531250	226.468750
1	16.907000	0.912029	287.681244	226.368744
1	16.938000	0.904348	288.500000	226.000000
1	16.969000	0.906667	287.375031	226.625031
1	17.000000	0.904348	287.687500	226.437500
1	17.031000	0.914203	287.649994	227.137482
1	17.063000	0.914203	287.649994	226.887482
1	17.109000	0.914203	287.649994	226.887482
1	17.141000	0.894928	287.543762	227.231262
1	17.172000	0.886957	288.500000	226.500000
1	17.203000	0.881159	288.750000	227.250000
1	17.234000	0.904348	288.500000	226.000000
1	17.265000	0.876812	288.112488	226.250000
1	17.297000	0.898551	287.500000	226.500000
1	17.343000	0.920580	287.774994	227.225006
1	17.375000	0.909710	287.631256	226.668793
1	17.406000	0.885942	288.706146	226.731232
1	17.437000	0.903333	288.493744	226.831268
1	17.468000	0.911449	288.343750	226.418762
1	17.499000	0.901015	288.493744	226.506256
1	17.531000	0.878116	288.068756	226.618744
1	17.577000	0.896812	287.850006	227.587494
1	17.609000	0.888116	287.262482	226.725006
1	17.640000	0.905362	287.468781	227.006256
1	17.671000	0.914203	287.662506	226.687531
1	17.702000	0.904348	288.500000	226.000000
1	17.733000	0.920580	288.774994	227.225006
1	17.765000	0.904348	288.500000	228.000000
1	17.796000	0.912319	287.893738	227.143738
1	17.843000	0.973913	286.500000	228.000000
1	17.874000	0.922899	287.225006	226.787506
1	17.905000	0.904493	287.743744	228.256256
1	17.936000	0.935942	287.387482	227.412506
1	17.967000	0.920435	287.243744	227.431244
1	17.999000	0.912464	287.375000	227.112488
1	18.030000	0.915942	287.500000	226.000000
1	18.061000	0.922899	288.024994	226.600006
1	18.108000	0.890145	287.162506	225.662506
1	18.139000	0.907246	287.250000	225.500000
1	18.170000	0.898551	287.625000	225.875000
1	18.201000	0.886812	286.743744	225.743744
1	18.233000	0.904348	286.500000	226.000000
1	18.264000	0.913913	287.412506	226.287506
1	18.295000	0.925362	287.531250	227.331238
1	18.342000	0.929275	287.399994	226.475006
1	18.373000	0.925507	287.437500	226.687500
1	18.404000	0.935362	287.000000	227.000000
1	18.435000	0.922899	286.475006	226.324982
1	18.467000	0.930290	287.431244	226.368744
1	18.498000	0.910145	286.625000	226.375000
1	18.529000	0.886232	286.768738	225.768738
1	18.576000	0.914203	287.100006	227.100006
1	18.607000	0.914203	287.100006	227.100006
1	18.638000	0.905218	287.937744	226.649780
1	18.669000	0.921594	287.631256	226.618744
1	18.701000	0.973913	286.500000	228.000000
1	18.732000	0.881159	286.250000	227.250000
1	18.763000	0.874928	286.306244	227.818756
1	18.794000	0.905507	285.975006	227.524994
1	18.841000	1.133333	290.049988	224.299988
1	18.872000	0.915942	286.500000	227.000000
1	18.903000	0.898985	285.806244	227.556244
1	18.935000	0.892464	285.787506	227.662506
1	18.966000	0.885942	285.993744	226.693756
1	18.997000	0.901449	286.049988	227.549988
1	19.028000	0.883623	285.306244	226.681244
1	19.075000	0.906377	285.587494	228.024994
1	19.106000	0.907246	285.750000	227.000000
1	19.137000	0.915942	285.500000	228.000000
1	19.169000	0.903768	286.000000	227.000000
1	19.200000	0.918841	285.406250	227.593750
1	19.231000	0.904348	286.000000	227.500000
1	19.262000	0.920725	285.243744	226.756256
1	19.309000	0.925507	285.562500	227.299988
1	19.340000	0.904348	285.625000	226.875000
1	19.371000	0.939710	285.500000	227.250000
1	19.403000	0.901449	285.549988	226.987488
1	19.434000	0.910145	285.500000	227.000000
1	19.465000	0.936232	285.487488	228.000000
1	19.496000	0.955507	285.456207	227.743744
1	19.527000	0.907246	284.562500	227.562500
1	19.574000	0.932898	284.918793	227.956085
1	19.605000	0.940290	284.975006	228.512482
1	19.637000	0.903333	284.506256	227.543732
1	19.668000	0.933768	285.368744	227.056244
1	19.699000	0.910145	285.500000	228.500000
1	19.730000	0.931015	285.500000	228.375000
1	19.761000	0.915797	285.593750	229.281250
1	19.808000	0.918985	284.393738	227.781250
1	19.839000	0.931884	285.375000	228.250000
1	19.871000	0.915942	284.500000	228.000000
1	19.902000	0.924493	284.843750	227.531250
1	19.933000	0.918116	284.831238	227.331238
1	19.964000	0.920580	285.225006	228.225006
1	19.995000	0.929855	284.875000	227.125000
1	20.042000	0.950725	284.500000	228.000000
1	20.073000	0.924493	285.281250	227.531250
1	20.105000	0.935507	285.468750	227.593750
1	20.136000	0.933333	284.937500	227.312500
1	20.167000	0.904348	284.500000	226.000000
1	20.198000	0.907102	284.468750	227.406250
1	20.229000	0.953188	285.106232	227.743744
1	20.261000	0.921594	285.243744	227.743744
1	20.307000	0.920580	285.274994	227.649994
1	20.339000	0.920145	285.543762	227.768738
1	20.370000	0.915942	285.500000	228.000000
1	20.401000	0.924493	284.843750	227.406250
1	20.432000	0.951594	284.825012	227.812500
1	20.463000	0.946812	285.131256	227.868744
1	20.495000	0.962319	285.562500	228.062500
1	20.541000	0.904348	284.875000	228.125000
1	20.573000	0.994638	286.181244	227.181244
1	20.604000	0.931015	285.375000	227.062500
1	20.635000	0.946812	285.243744	227.131256
1	20.666000	0.921884	285.368744	228.756256
1	20.697000	0.912029	284.368744	228.368744
1	20.729000	0.962319	283.750000	228.750000
1	20.775000	0.939130	284.500000	229.000000
1	20.807000	0.927681	284.156250	227.531250
1	20.838000	0.985507	284.500000	228.000000
1	20.869000	0.951159	284.306244	228.193756
1	20.900000	0.936377	283.531250	229.031250
1	20.931000	0.885942	283.006256	227.493744
1	20.963000	0.910145	283.674988	228.674988
1	20.994000	0.912899	283.631256	229.318756
1	21.041000	0.938551	283.750000	229.000000
1	21.072000	0.938986	283.993744	228.306244
1	21.103000	0.946232	283.593750	229.156250
1	21.134000	0.933333	283.500000	229.500000
1	21.165000	0.899855	284.068878	228.993805
1	21.197000	0.929275	283.587494	227.600006
1	21.228000	0.921159	282.750000	229.237488
1	21.275000	0.904348	282.500000	228.000000
1	21.306000	0.935797	282.993744	229.531281
1	21.337000	0.901449	283.549988	228.987488
1	21.368000	0.904348	282.500000	228.000000
1	21.399000	0.920580	283.350006	229.225006
1	21.431000	0.896812	284.087463	228.550110
1	21.462000	0.924928	283.537506	228.399994
1	21.509000	0.903333	283.493744	229.206268
1	21.540000	0.921884	283.743744	229.368744
1	21.571000	0.859275	282.706238	228.356262
1	21.602000	0.883188	282.737488	228.737488
1	21.633000	0.902754	282.531250	228.531250
1	21.665000	0.869565	282.500000	228.000000
1	21.696000	0.912319	283.293762	229.318726
1	21.727000	0.916812	283.312500	229.687500
1	21.774000	0.883188	282.737488	228.687500
1	21.805000	0.891449	282.856232	229.181244
1	21.836000	0.884203	282.281250	228.706238
1	21.867000	0.899855	282.443756	229.206268
1	21.899000	0.879420	282.600006	228.850006
1	21.930000	0.869565	282.875000	228.875000
1	21.961000	0.872464	282.825012	229.075012
1	22.008000	0.878841	282.625000	228.875000
1	22.039000	0.904928	283.049988	228.599976
1	22.070000	0.902754	282.531250	229.531250
1	22.101000	0.925507	282.187500	228.500000
1	22.133000	0.892754	281.500000	229.000000
1	22.164000	0.921159	282.750000	229.750000
1	22.195000	0.931159	283.381226	229.556274
1	22.226000	0.886957	282.500000	228.500000
0	22.273000	0.973913	286.500000	228.000000
1	22.304000	0.901449	282.549988	229.049988
1	22.335000	0.929420	283.118744	228.881256
1	22.367000	0.915942	283.625000	228.875000
1	22.398000	0.897246	283.156250	230.093750
1	22.429000	0.892754	282.575012	228.862488
1	22.460000	0.898406	282.468750	229.206360
1	22.507000	0.885797	282.600006	228.774994
1	22.538000	0.868406	282.475006	229.087494
1	22.569000	0.887246	282.712494	229.712494
1	22.601000	0.895072	282.399994	228.399994
1	22.632000	0.884203	282.331238	228.718750
1	22.663000	0.918406	281.243744	229.243744
1	22.694000	0.902754	281.531250	229.531250
1	22.725000	0.866812	282.031250	229.218750
1	22.772000	0.904348	281.750000	228.750000
1	22.803000	0.892754	282.424988	229.862488
1	22.835000	0.883623	282.306244	229.256256
1	22.866000	0.894058	282.593750	229.893738
1	22.897000	0.863623	281.781250	229.218750
1	22.928000	0.866812	280.968750	229.531250
1	22.959000	0.923188	281.500000	230.187500
1	23.006000	0.927536	281.500000	229.000000
1	23.037000	0.896232	281.375000	229.125000
1	23.069000	0.889130	282.056244	228.618744
1	23.100000	0.885507	282.262512	229.387512
1	23.131000	0.883623	281.731232	228.693756
1	23.162000	0.915797	281.656250	229.718750
1	23.193000	0.915942	282.500000	229.000000
1	23.240000	0.896667	281.631256	229.118744
1	23.271000	0.904348	282.500000	228.000000
1	23.303000	0.973913	282.500000	228.000000
1	23.334000	0.874058	282.118744	229.068756
1	23.365000	0.883768	282.662506	229.037506
1	23.396000	0.973913	282.500000	228.000000
1	23.427000	0.876812	282.137512	229.387512
1	23.459000	0.886377	282.000000	229.000000
1	23.505000	0.895797	281.381287	229.131226
1	23.537000	0.927101	281.556244	229.443756
1	23.568000	0.874058	282.806244	230.881256
1	23.599000	0.891884	282.562500	228.875000
1	23.630000	0.907681	282.568756	229.006256
1	23.661000	0.874638	282.843750	228.856262
1	23.693000	0.884203	282.781250	229.718750
1	23.739000	0.883188	281.737488	228.737488
1	23.771000	0.902029	282.524994	229.524994
1	23.802000	0.904348	282.500000	230.000000
1	23.833000	0.871159	282.518738	229.518738
1	23.864000	0.900145	282.493744	229.056244
1	23.895000	0.903333	282.506256	230.006256
1	23.927000	0.885507	282.262512	229.262512
1	23.973000	0.876667	282.593750	228.906250
1	24.005000	0.892464	282.587494	229.899994
1	24.036000	0.866232	282.056244	229.181244
1	24.067000	0.900290	282.499756	230.199829
1	24.098000	0.883623	282.693756	230.256256
1	24.129000	0.914203	282.337494	229.350006
1	24.161000	0.878406	282.368744	228.806244
1	24.192000	0.892464	282.412506	228.712494
1	24.239000	0.899275	282.518738	228.818726
1	24.270000	0.886957	282.125000	228.625000
1	24.301000	0.883623	282.693756	229.306244
1	24.332000	0.973913	282.500000	228.000000
1	24.363000	0.921594	283.243744	229.443756
1	24.395000	0.892464	282.587494	228.787506
1	24.426000	0.925507	283.362488	229.187500
1	24.473000	0.921594	283.243744	229.243744
1	24.504000	0.934637	283.406036	228.393768
1	24.535000	0.973913	282.500000	228.000000
1	24.566000	0.884928	282.287506	228.762482
1	24.597000	0.973913	282.500000	228.000000
1	24.629000	0.886812	282.331268	227.956268
1	24.660000	0.973913	282.500000	228.000000
1	24.707000	0.901449	282.450012	228.549988
1	24.738000	0.937536	283.031250	228.031250
1	24.769000	0.973913	282.500000	228.000000
1	24.800000	0.951159	283.193756	228.193756
1	24.831000	0.973913	282.500000	228.000000
1	24.863000	0.939130	282.500000	229.000000
1	24.894000	0.916812	281.812500	228.375000
1	24.925000	0.918406	281.756256	228.243744
1	24.972000	0.910145	282.500000	228.000000
1	25.003000	0.968551	282.931244	228.931244
1	25.034000	0.903333	282.493744	228.506256
1	25.065000	0.973913	282.500000	228.000000
1	25.097000	0.903333	282.493744	228.506256
1	25.128000	0.937971	281.975006	228.524994
1	25.159000	0.938551	282.000000	229.000000
1	25.206000	0.884928	282.287506	228.237518
1	25.237000	0.904348	282.500000	228.000000
1	25.268000	0.894638	282.618744	228.068756
1	25.299000	0.901449	282.549988	228.549988
1	25.331000	0.882029	282.312561	228.212524
1	25.362000	0.902029	282.475006	228.524994
1	25.393000	0.886957	282.500000	229.000000
1	25.440000	0.904348	282.500000	228.000000
1	25.471000	0.901015	282.506256	228.006256
1	25.502000	0.973913	282.500000	228.000000
1	25.533000	0.973913	282.500000	228.000000
1	25.565000	0.904493	282.993744	228.556244
1	25.596000	0.869565	282.250000	229.250000
1	25.627000	0.874638	282.893738	228.856262
1	25.658000	0.904348	282.500000	230.000000
1	25.705000	0.903333	282.493744	228.243744
1	25.736000	0.902029	281.524994	228.524994
1	25.767000	0.884928	282.287506	229.287506
1	25.799000	0.904348	282.500000	228.000000
1	25.830000	0.884928	282.287506	228.712616
1	25.861000	0.898406	282.468750	228.218750
1	25.892000	0.901159	282.487518	229.812469
1	25.939000	0.891884	281.437500	228.812500
1	25.970000	0.929275	281.899994	229.100006
1	26.001000	0.903333	282.493744	229.043732
1	26.033000	0.858116	281.706238	228.343750
1	26.064000	0.894638	281.868744	229.131256
1	26.095000	0.973913	282.500000	228.000000
1	26.126000	0.913623	281.687500	229.375000
1	26.157000	0.934203	281.562500	229.562500
1	26.204000	0.973913	282.500000	228.000000
1	26.235000	0.901449	279.987488	228.549988
1	26.267000	0.935942	281.387482	228.975006
1	26.298000	0.936812	281.524994	229.462494
1	26.329000	0.921014	281.393738	229.268738
1	26.360000	0.913768	280.893738	228.893738
1	26.391000	0.916812	281.375000	228.687500
1	26.438000	0.903768	280.549988	229.000000
1	26.469000	0.915797	281.593750	230.281250
1	26.501000	0.920145	280.781250	229.768738
1	26.532000	0.885507	280.312500	228.937561
1	26.563000	0.898116	280.118713	229.968689
1	26.594000	0.890725	280.625000	229.375000
1	26.625000	0.859275	280.043762	228.706238
1	26.672000	0.894928	280.606262	229.456238
1	26.703000	0.902754	280.531250	229.531250
1	26.735000	0.874638	280.893738	229.856262
1	26.766000	0.878116	281.118744	230.068756
1	26.797000	0.857971	281.000000	230.500000
1	26.828000	0.876232	280.912506	229.637482
1	26.859000	0.881159	278.500000	228.000000
1	26.891000	0.903333	280.506256	229.506256
1	26.937000	0.886377	281.250000	229.000000
1	26.969000	0.866232	280.943756	228.806244
1	27.000000	0.901015	281.256256	228.506256
1	27.031000	0.904348	282.500000	228.000000
1	27.062000	0.899420	281.812500	229.487488
1	27.093000	0.884928	281.287506	229.262482
1	27.125000	0.896812	281.449982	228.149994
1	27.171000	0.915942	281.500000	228.000000
1	27.203000	0.921739	282.000000	228.000000
1	27.234000	0.885507	282.000000	228.737488
1	27.265000	0.973913	282.500000	228.000000
1	27.296000	0.885507	282.262512	227.987549
1	27.327000	0.884928	282.712494	228.287506
1	27.359000	0.925362	283.331238	228.331238
1	27.405000	0.901449	283.000000	228.750000
1	27.437000	0.922899	282.212494	228.649994
1	27.468000	0.883188	282.299988	227.737488
1	27.499000	0.885507	282.262512	228.000000
1	27.530000	0.880290	282.812469	228.037506
1	27.561000	0.904348	282.500000	228.000000
1	27.593000	0.973913	282.500000	228.000000
1	27.624000	0.904348	282.500000	228.000000
1	27.671000	0.904348	282.500000	228.000000
1	27.702000	0.896812	281.850006	228.087494
1	27.733000	0.918551	281.300018	227.725006
1	27.764000	0.920725	281.293732	228.743744
1	27.795000	0.912899	281.681244	227.806244
1	27.827000	0.902754	281.531250	229.031250
1	27.858000	0.892754	282.500000	228.000000
1	27.905000	0.916087	282.206268	229.393768
1	27.936000	0.918406	282.243744	228.243744
1	27.967000	0.903623	281.750000	229.000000
1	27.998000	0.866812	280.968750	229.031250
1	28.029000	0.876812	280.862488	229.612488
1	28.061000	0.902754	281.518738	228.981262
1	28.092000	0.885942	281.006256	229.293732
1	28.139000	0.918406	281.756256	229.243744
1	28.170000	0.904348	282.500000	228.000000
1	28.201000	0.886957	281.625000	228.625000
1	28.232000	0.914203	281.649994	229.100006
1	28.263000	0.914203	281.350006	229.337494
1	28.295000	0.902029	280.524994	228.524994
1	28.326000	0.876232	280.837494	229.162506
1	28.357000	0.920725	281.193756	229.243744
1	28.404000	0.897681	280.662506	228.837494
1	28.435000	0.914203	281.100006	228.649994
1	28.466000	0.918116	281.593750	228.831238
1	28.497000	0.908841	281.381256	228.618744
1	28.529000	0.922319	281.375000	229.250000
1	28.560000	0.931449	281.381256	229.418732
1	28.591000	0.885942	280.693756	228.993744
1	28.638000	0.915942	280.500000	229.000000
1	28.669000	0.889276	280.075104	228.175079
1	28.700000	0.922899	281.225006	229.225006
1	28.731000	0.904348	280.500000	228.000000
1	28.763000	0.895652	280.750000	228.750000
1	28.794000	0.914203	281.287506	229.337494
1	28.825000	0.900290	280.500000	229.500000
1	28.872000	0.914203	280.649994	228.662506
1	28.903000	0.903333	280.206268	229.493744
1	28.934000	0.871159	280.493713	228.781250
1	28.966000	0.912319	280.706238	228.706238
0	28.997000	0.788406	282.500000	228.000000
1	29.028000	0.904348	280.500000	230.000000
1	29.059000	0.894058	280.406250	229.593750
1	29.090000	0.920725	280.193756	230.243744
1	29.137000	0.870580	278.868744	228.543732
1	29.168000	0.922899	279.524994	229.524994
1	29.200000	0.885362	279.031250	229.031250
1	29.231000	0.904493	279.743744	230.193756
1	29.262000	0.875362	279.612488	229.924988
1	29.293000	0.910145	279.500000	230.000000
1	29.324000	0.901159	279.662506	230.149994
1	29.371000	0.896812	279.149994	229.587494
1	29.402000	0.918406	279.243744	231.243744
1	29.434000	0.884493	278.718719	230.293732
1	29.465000	0.904203	277.993744	230.256256
1	29.496000	0.934058	277.993744	230.981232
1	29.527000	0.973913	278.500000	232.000000
1	29.558000	0.898406	278.531250	230.843750
1	29.590000	0.896812	278.149994	231.100006
1	29.636000	0.904348	278.500000	232.000000
1	29.668000	0.918551	277.587494	232.274994
1	29.699000	0.918985	277.268738	232.343750
1	29.730000	0.861014	277.193756	232.618744
1	29.761000	0.911449	276.343750	232.343750
1	29.792000	0.886957	276.500000	232.500000
1	29.824000	0.884203	276.331238	232.718750
1	29.870000	0.885073	276.693726	232.006287
1	29.902000	0.885507	276.737488	233.012451
1	29.933000	0.884203	276.706238	232.718750
1	29.964000	0.884203	277.281250	232.031250
1	29.995000	0.881449	276.725006	232.337494
<\RIGHT-PUPIL-DATA>
<LEFT-PUPIL-DATA>
902	0
0	-0.066000	13.913043	240.000000	320.000000
0	-0.035000	13.913043	240.000000	320.000000
0	-0.004000	13.913043	240.000000	320.000000
0	0.028000	13.913043	240.000000	320.000000
0	0.074000	13.913043	240.000000	320.000000
0	0.106000	13.913043	240.000000	320.000000
0	0.137000	13.913043	240.000000	320.000000
0	0.168000	13.913043	240.000000	320.000000
0	0.199000	13.913043	240.000000	320.000000
0	0.230000	13.913043	240.000000	320.000000
0	0.262000	13.913043	240.000000	320.000000
0	0.293000	13.913043	240.000000	320.000000
0	0.340000	13.913043	240.000000	320.000000
0	0.371000	13.913043	240.000000	320.000000
0	0.402000	13.913043	240.000000	320.000000
0	0.433000	13.913043	240.000000	320.000000
0	0.464000	13.913043	240.000000	320.000000
0	0.496000	13.913043	240.000000	320.000000
0	0.527000	13.913043	240.000000	320.000000
0	0.574000	13.913043	240.000000	320.000000
0	0.605000	13.913043	240.000000	320.000000
0	0.636000	13.913043	240.000000	320.000000
0	0.667000	13.913043	240.000000	320.000000
0	0.698000	13.913043	240.000000	320.000000
0	0.730000	13.913043	240.000000	320.000000
0	0.761000	13.913043	240.000000	320.000000
0	0.808000	13.913043	240.000000	320.000000
0	0.839000	13.913043	240.000000	320.000000
0	0.870000	13.913043	240.000000	320.000000
0	0.901000	13.913043	240.000000	320.000000
0	0.932000	13.913043	240.000000	320.000000
0	0.964000	13.913043	240.000000	320.000000
0	0.995000	13.913043	240.000000	320.000000
0	1.026000	13.913043	240.000000	320.000000
0	1.073000	13.913043	240.000000	320.000000
0	1.104000	13.913043	240.000000	320.000000
0	1.135000	13.913043	240.000000	320.000000
0	1.166000	13.913043	240.000000	320.000000
0	1.198000	13.913043	240.000000	320.000000
0	1.229000	13.913043	240.000000	320.000000
0	1.260000	13.913043	240.000000	320.000000
0	1.307000	13.913043	240.000000	320.000000
0	1.338000	13.913043	240.000000	320.000000
0	1.369000	13.913043	240.000000	320.000000
0	1.400000	13.913043	240.000000	320.000000
0	1.432000	13.913043	240.000000	320.000000
0	1.463000	13.913043	240.000000	320.000000
0	1.494000	13.913043	240.000000	320.000000
0	1.525000	13.913043	240.000000	320.000000
0	1.572000	13.913043	240.000000	320.000000
0	1.603000	13.913043	240.000000	320.000000
0	1.634000	13.913043	240.000000	320.000000
0	1.666000	13.913043	240.000000	320.000000
0	1.697000	13.913043	240.000000	320.000000
0	1.728000	13.913043	240.000000	320.000000
0	1.759000	13.913043	240.000000	320.000000
0	1.806000	13.913043	240.000000	320.000000
0	1.837000	13.913043	240.000000	320.000000
0	1.868000	13.913043	240.000000	320.000000
0	1.900000	13.913043	240.000000	320.000000
0	1.931000	13.913043	240.000000	320.000000
0	1.962000	13.913043	240.000000	320.000000
0	1.993000	13.913043	240.000000	320.000000
0	2.040000	13.913043	240.000000	320.000000
0	2.071000	13.913043	240.000000	320.000000
0	2.102000	13.913043	240.000000	320.000000
0	2.134000	13.913043	240.000000	320.000000
0	2.165000	13.913043	240.000000	320.000000
0	2.196000	13.913043	240.000000	320.000000
0	2.227000	13.913043	240.000000	320.000000
0	2.258000	13.913043	240.000000	320.000000
0	2.305000	13.913043	240.000000	320.000000
0	2.336000	13.913043	240.000000	320.000000
0	2.368000	13.913043	240.000000	320.000000
0	2.399000	13.913043	240.000000	320.000000
0	2.430000	13.913043	240.000000	320.000000
0	2.461000	13.913043	240.000000	320.000000
0	2.492000	13.913043	240.000000	320.000000
0	2.539000	13.913043	240.000000	320.000000
0	2.570000	13.913043	240.000000	320.000000
0	2.602000	13.913043	240.000000	320.000000
0	2.633000	13.913043	240.000000	320.000000
0	2.664000	13.913043	240.000000	320.000000
0	2.695000	13.913043	240.000000	320.000000
0	2.726000	13.913043	240.000000	320.000000
0	2.758000	13.913043	240.000000	320.000000
0	2.804000	13.913043	240.000000	320.000000
0	2.836000	13.913043	240.000000	320.000000
0	2.867000	13.913043	240.000000	320.000000
0	2.898000	13.913043	240.000000	320.000000
0	2.929000	13.913043	240.000000	320.000000
0	2.960000	13.913043	240.000000	320.000000
0	2.992000	13.913043	240.000000	320.000000
0	3.038000	13.913043	240.000000	320.000000
0	3.070000	13.913043	240.000000	320.000000
0	3.101000	13.913043	240.000000	320.000000
0	3.132000	13.913043	240.000000	320.000000
0	3.163000	13.913043	240.000000	320.000000
0	3.194000	13.913043	240.000000	320.000000
0	3.226000	13.913043	240.000000	320.000000
0	3.272000	13.913043	240.000000	320.000000
0	3.304000	13.913043	240.000000	320.000000
0	3.335000	13.913043	240.000000	320.000000
0	3.366000	13.913043	240.000000	320.000000
0	3.397000	13.913043	240.000000	320.000000
0	3.428000	13.913043	240.000000	320.000000
0	3.460000	13.913043	240.000000	320.000000
0	3.491000	13.913043	240.000000	320.000000
0	3.538000	13.913043	240.000000	320.000000
0	3.569000	13.913043	240.000000	320.000000
0	3.600000	13.913043	240.000000	320.000000
0	3.631000	13.913043	240.000000	320.000000
0	3.662000	13.913043	240.000000	320.000000
0	3.694000	13.913043	240.000000	320.000000
0	3.725000	13.913043	240.000000	320.000000
0	3.772000	13.913043	240.000000	320.000000
0	3.803000	13.913043	240.000000	320.000000
0	3.834000	13.913043	240.000000	320.000000
0	3.865000	13.913043	240.000000	320.000000
0	3.896000	13.913043	240.000000	320.000000
0	3.928000	13.913043	240.000000	320.000000
0	3.959000	13.913043	240.000000	320.000000
0	4.006000	13.913043	240.000000	320.000000
0	4.037000	13.913043	240.000000	320.000000
0	4.068000	13.913043	240.000000	320.000000
0	4.099000	13.913043	240.000000	320.000000
0	4.130000	13.913043	240.000000	320.000000
0	4.162000	13.913043	240.000000	320.000000
0	4.193000	13.913043	240.000000	320.000000
0	4.224000	13.913043	240.000000	320.000000
0	4.271000	13.913043	240.000000	320.000000
0	4.302000	13.913043	240.000000	320.000000
0	4.333000	13.913043	240.000000	320.000000
0	4.364000	13.913043	240.000000	320.000000
0	4.396000	13.913043	240.000000	320.000000
0	4.427000	13.913043	240.000000	320.000000
0	4.458000	13.913043	240.000000	320.000000
0	4.505000	13.913043	240.000000	320.000000
0	4.536000	13.913043	240.000000	320.000000
0	4.567000	13.913043	240.000000	320.000000
0	4.598000	13.913043	240.000000	320.000000
0	4.630000	13.913043	240.000000	320.000000
0	4.661000	13.913043	240.000000	320.000000
0	4.692000	13.913043	240.000000	320.000000
0	4.739000	13.913043	240.000000	320.000000
0	4.770000	13.913043	240.000000	320.000000
0	4.801000	13.913043	240.000000	320.000000
0	4.832000	13.913043	240.000000	320.000000
0	4.864000	13.913043	240.000000	320.000000
0	4.895000	13.913043	240.000000	320.000000
0	4.926000	13.913043	240.000000	320.000000
0	4.957000	13.913043	240.000000	320.000000
0	5.004000	13.913043	240.000000	320.000000
0	5.035000	13.913043	240.000000	320.000000
0	5.066000	13.913043	240.000000	320.000000
0	5.098000	13.913043	240.000000	320.000000
0	5.129000	13.913043	240.000000	320.000000
0	5.160000	13.913043	240.000000	320.000000
0	5.191000	13.913043	240.000000	320.000000
0	5.238000	13.913043	240.000000	320.000000
0	5.269000	13.913043	240.000000	320.000000
0	5.300000	13.913043	240.000000	320.000000
0	5.332000	13.913043	240.000000	320.000000
0	5.363000	13.913043	240.000000	320.000000
0	5.394000	13.913043	240.000000	320.000000
0	5.425000	13.913043	240.000000	320.000000
0	5.456000	13.913043	240.000000	320.000000
0	5.503000	13.913043	240.000000	320.000000
0	5.534000	13.913043	240.000000	320.000000
0	5.566000	13.913043	240.000000	320.000000
0	5.597000	13.913043	240.000000	320.000000
0	5.628000	13.913043	240.000000	320.000000
0	5.659000	13.913043	240.000000	320.000000
0	5.690000	13.913043	240.000000	320.000000
0	5.737000	13.913043	240.000000	320.000000
0	5.768000	13.913043	240.000000	320.000000
0	5.800000	13.913043	240.000000	320.000000
0	5.831000	13.913043	240.000000	320.000000
0	5.862000	13.913043	240.000000	320.000000
0	5.893000	13.913043	240.000000	320.000000
0	5.924000	13.913043	240.000000	320.000000
0	5.971000	13.913043	240.000000	320.000000
0	6.002000	13.913043	240.000000	320.000000
0	6.034000	13.913043	240.000000	320.000000
0	6.065000	13.913043	240.000000	320.000000
0	6.096000	13.913043	240.000000	320.000000
0	6.127000	13.913043	240.000000	320.000000
0	6.158000	13.913043	240.000000	320.000000
0	6.190000	13.913043	240.000000	320.000000
0	6.236000	13.913043	240.000000	320.000000
0	6.268000	13.913043	240.000000	320.000000
0	6.299000	13.913043	240.000000	320.000000
0	6.330000	13.913043	240.000000	320.000000
0	6.361000	13.913043	240.000000	320.000000
0	6.392000	13.913043	240.000000	320.000000
0	6.424000	13.913043	240.000000	320.000000
0	6.470000	13.913043	240.000000	320.000000
0	6.502000	13.913043	240.000000	320.000000
0	6.533000	13.913043	240.000000	320.000000
0	6.564000	13.913043	240.000000	320.000000
0	6.595000	13.913043	240.000000	320.000000
0	6.626000	13.913043	240.000000	320.000000
0	6.658000	13.913043	240.000000	320.000000
0	6.704000	13.913043	240.000000	320.000000
0	6.736000	13.913043	240.000000	320.000000
0	6.767000	13.913043	240.000000	320.000000
0	6.798000	13.913043	240.000000	320.000000
0	6.829000	13.913043	240.000000	320.000000
0	6.860000	13.913043	240.000000	320.000000
0	6.892000	13.913043	240.000000	320.000000
0	6.923000	13.913043	240.000000	320.000000
0	6.970000	13.913043	240.000000	320.000000
0	7.001000	13.913043	240.000000	320.000000
0	7.032000	13.913043	240.000000	320.000000
0	7.063000	13.913043	240.000000	320.000000
0	7.094000	13.913043	240.000000	320.000000
0	7.126000	13.913043	240.000000	320.000000
0	7.157000	13.913043	240.000000	320.000000
0	7.204000	13.913043	240.000000	320.000000
0	7.235000	13.913043	240.000000	320.000000
0	7.266000	13.913043	240.000000	320.000000
0	7.297000	13.913043	240.000000	320.000000
0	7.328000	13.913043	240.000000	320.000000
0	7.360000	13.913043	240.000000	320.000000
0	7.391000	13.913043	240.000000	320.000000
0	7.422000	13.913043	240.000000	320.000000
0	7.469000	13.913043	240.000000	320.000000
0	7.500000	13.913043	240.000000	320.000000
0	7.531000	13.913043	240.000000	320.000000
0	7.562000	13.913043	240.000000	320.000000
0	7.594000	13.913043	240.000000	320.000000
0	7.625000	13.913043	240.000000	320.000000
0	7.656000	13.913043	240.000000	320.000000
0	7.703000	13.913043	240.000000	320.000000
0	7.734000	13.913043	240.000000	320.000000
0	7.765000	13.913043	240.000000	320.000000
0	7.796000	13.913043	240.000000	320.000000
0	7.828000	13.913043	240.000000	320.000000
0	7.859000	13.913043	240.000000	320.000000
0	7.890000	13.913043	240.000000	320.000000
0	7.937000	13.913043	240.000000	320.000000
0	7.968000	13.913043	240.000000	320.000000
0	7.999000	13.913043	240.000000	320.000000
0	8.030000	13.913043	240.000000	320.000000
0	8.062000	13.913043	240.000000	320.000000
0	8.093000	13.913043	240.000000	320.000000
0	8.124000	13.913043	240.000000	320.000000
0	8.155000	13.913043	240.000000	320.000000
0	8.202000	13.913043	240.000000	320.000000
0	8.233000	13.913043	240.000000	320.000000
0	8.264000	13.913043	240.000000	320.000000
0	8.296000	13.913043	240.000000	320.000000
0	8.327000	13.913043	240.000000	320.000000
0	8.358000	13.913043	240.000000	320.000000
0	8.389000	13.913043	240.000000	320.000000
0	8.436000	13.913043	240.000000	320.000000
0	8.467000	13.913043	240.000000	320.000000
0	8.498000	13.913043	240.000000	320.000000
0	8.530000	13.913043	240.000000	320.000000
0	8.561000	13.913043	240.000000	320.000000
0	8.592000	13.913043	240.000000	320.000000
0	8.623000	13.913043	240.000000	320.000000
0	8.670000	13.913043	240.000000	320.000000
0	8.701000	13.913043	240.000000	320.000000
0	8.732000	13.913043	240.000000	320.000000
0	8.764000	13.913043	240.000000	320.000000
0	8.795000	13.913043	240.000000	320.000000
0	8.826000	13.913043	240.000000	320.000000
0	8.857000	13.913043	240.000000	320.000000
0	8.888000	13.913043	240.000000	320.000000
0	8.935000	13.913043	240.000000	320.000000
0	8.966000	13.913043	240.000000	320.000000
0	8.998000	13.913043	240.000000	320.000000
0	9.029000	13.913043	240.000000	320.000000
0	9.060000	13.913043	240.000000	320.000000
0	9.091000	13.913043	240.000000	320.000000
0	9.122000	13.913043	240.000000	320.000000
0	9.169000	13.913043	240.000000	320.000000
0	9.200000	13.913043	240.000000	320.000000
0	9.232000	13.913043	240.000000	320.000000
0	9.263000	13.913043	240.000000	320.000000
0	9.294000	13.913043	240.000000	320.000000
0	9.325000	13.913043	240.000000	320.000000
0	9.356000	13.913043	240.000000	320.000000
0	9.388000	13.913043	240.000000	320.000000
0	9.434000	13.913043	240.000000	320.000000
0	9.466000	13.913043	240.000000	320.000000
0	9.497000	13.913043	240.000000	320.000000
0	9.528000	13.913043	240.000000	320.000000
0	9.559000	13.913043	240.000000	320.000000
0	9.590000	13.913043	240.000000	320.000000
0	9.622000	13.913043	240.000000	320.000000
0	9.668000	13.913043	240.000000	320.000000
0	9.700000	13.913043	240.000000	320.000000
0	9.731000	13.913043	240.000000	320.000000
0	9.762000	13.913043	240.000000	320.000000
0	9.793000	13.913043	240.000000	320.000000
0	9.824000	13.913043	240.000000	320.000000
0	9.856000	13.913043	240.000000	320.000000
0	9.902000	13.913043	240.000000	320.000000
0	9.934000	13.913043	240.000000	320.000000
0	9.965000	13.913043	240.000000	320.000000
0	9.996000	13.913043	240.000000	320.000000
0	10.027000	13.913043	240.000000	320.000000
0	10.058000	13.913043	240.000000	320.000000
0	10.090000	13.913043	240.000000	320.000000
0	10.121000	13.913043	240.000000	320.000000
0	10.168000	13.913043	240.000000	320.000000
0	10.199000	13.913043	240.000000	320.000000
0	10.230000	13.913043	240.000000	320.000000
0	10.261000	13.913043	240.000000	320.000000
0	10.292000	13.913043	240.000000	320.000000
0	10.324000	13.913043	240.000000	320.000000
0	10.355000	13.913043	240.000000	320.000000
0	10.402000	13.913043	240.000000	320.000000
0	10.433000	13.913043	240.000000	320.000000
0	10.464000	13.913043	240.000000	320.000000
0	10.495000	13.913043	240.000000	320.000000
0	10.526000	13.913043	240.000000	320.000000
0	10.558000	13.913043	240.000000	320.000000
0	10.589000	13.913043	240.000000	320.000000
0	10.636000	13.913043	240.000000	320.000000
0	10.667000	13.913043	240.000000	320.000000
0	10.698000	13.913043	240.000000	320.000000
0	10.729000	13.913043	240.000000	320.000000
0	10.760000	13.913043	240.000000	320.000000
0	10.792000	13.913043	240.000000	320.000000
0	10.823000	13.913043	240.000000	320.000000
0	10.854000	13.913043	240.000000	320.000000
0	10.901000	13.913043	240.000000	320.000000
0	10.932000	13.913043	240.000000	320.000000
0	10.963000	13.913043	240.000000	320.000000
0	10.994000	13.913043	240.000000	320.000000
0	11.026000	13.913043	240.000000	320.000000
0	11.057000	13.913043	240.000000	320.000000
0	11.088000	13.913043	240.000000	320.000000
0	11.135000	13.913043	240.000000	320.000000
0	11.166000	13.913043	240.000000	320.000000
0	11.197000	13.913043	240.000000	320.000000
0	11.228000	13.913043	240.000000	320.000000
0	11.260000	13.913043	240.000000	320.000000
0	11.291000	13.913043	240.000000	320.000000
0	11.322000	13.913043	240.000000	320.000000
0	11.369000	13.913043	240.000000	320.000000
0	11.400000	13.913043	240.000000	320.000000
0	11.431000	13.913043	240.000000	320.000000
0	11.462000	13.913043	240.000000	320.000000
0	11.494000	13.913043	240.000000	320.000000
0	11.525000	13.913043	240.000000	320.000000
0	11.556000	13.913043	240.000000	320.000000
0	11.587000	13.913043	240.000000	320.000000
0	11.634000	13.913043	240.000000	320.000000
0	11.665000	13.913043	240.000000	320.000000
0	11.696000	13.913043	240.000000	320.000000
0	11.728000	13.913043	240.000000	320.000000
0	11.759000	13.913043	240.000000	320.000000
0	11.790000	13.913043	240.000000	320.000000
0	11.821000	13.913043	240.000000	320.000000
0	11.868000	13.913043	240.000000	320.000000
0	11.899000	13.913043	240.000000	320.000000
0	11.930000	13.913043	240.000000	320.000000
0	11.962000	13.913043	240.000000	320.000000
0	11.993000	13.913043	240.000000	320.000000
0	12.024000	13.913043	240.000000	320.000000
0	12.055000	13.913043	240.000000	320.000000
0	12.102000	13.913043	240.000000	320.000000
0	12.133000	13.913043	240.000000	320.000000
0	12.164000	13.913043	240.000000	320.000000
0	12.196000	13.913043	240.000000	320.000000
0	12.227000	13.913043	240.000000	320.000000
0	12.258000	13.913043	240.000000	320.000000
0	12.289000	13.913043	240.000000	320.000000
0	12.320000	13.913043	240.000000	320.000000
0	12.367000	13.913043	240.000000	320.000000
0	12.398000	13.913043	240.000000	320.000000
0	12.430000	13.913043	240.000000	320.000000
0	12.461000	13.913043	240.000000	320.000000
0	12.492000	13.913043	240.000000	320.000000
0	12.523000	13.913043	240.000000	320.000000
0	12.554000	13.913043	240.000000	320.000000
0	12.601000	13.913043	240.000000	320.000000
0	12.632000	13.913043	240.000000	320.000000
0	12.664000	13.913043	240.000000	320.000000
0	12.695000	13.913043	240.000000	320.000000
0	12.726000	13.913043	240.000000	320.000000
0	12.757000	13.913043	240.000000	320.000000
0	12.788000	13.913043	240.000000	320.000000
0	12.820000	13.913043	240.000000	320.000000
0	12.866000	13.913043	240.000000	320.000000
0	12.898000	13.913043	240.000000	320.000000
0	12.929000	13.913043	240.000000	320.000000
0	12.960000	13.913043	240.000000	320.000000
0	12.991000	13.913043	240.000000	320.000000
0	13.022000	13.913043	240.000000	320.000000
0	13.054000	13.913043	240.000000	320.000000
0	13.100000	13.913043	240.000000	320.000000
0	13.132000	13.913043	240.000000	320.000000
0	13.163000	13.913043	240.000000	320.000000
0	13.194000	13.913043	240.000000	320.000000
0	13.225000	13.913043	240.000000	320.000000
0	13.256000	13.913043	240.000000	320.000000
0	13.288000	13.913043	240.000000	320.000000
0	13.319000	13.913043	240.000000	320.000000
0	13.366000	13.913043	240.000000	320.000000
0	13.397000	13.913043	240.000000	320.000000
0	13.428000	13.913043	240.000000	320.000000
0	13.459000	13.913043	240.000000	320.000000
0	13.490000	13.913043	240.000000	320.000000
0	13.522000	13.913043	240.000000	320.000000
0	13.553000	13.913043	240.000000	320.000000
0	13.600000	13.913043	240.000000	320.000000
0	13.631000	13.913043	240.000000	320.000000
0	13.662000	13.913043	240.000000	320.000000
0	13.693000	13.913043	240.000000	320.000000
0	13.724000	13.913043	240.000000	320.000000
0	13.756000	13.913043	240.000000	320.000000
0	13.787000	13.913043	240.000000	320.000000
0	13.834000	13.913043	240.000000	320.000000
0	13.865000	13.913043	240.000000	320.000000
0	13.896000	13.913043	240.000000	320.000000
0	13.927000	13.913043	240.000000	320.000000
0	13.958000	13.913043	240.000000	320.000000
0	13.990000	13.913043	240.000000	320.000000
0	14.021000	13.913043	240.000000	320.000000
0	14.052000	13.913043	240.000000	320.000000
0	14.099000	13.913043	240.000000	320.000000
0	14.130000	13.913043	240.000000	320.000000
0	14.161000	13.913043	240.000000	320.000000
0	14.192000	13.913043	240.000000	320.000000
0	14.224000	13.913043	240.000000	320.000000
0	14.255000	13.913043	240.000000	320.000000
0	14.286000	13.913043	240.000000	320.000000
0	14.333000	13.913043	240.000000	320.000000
0	14.364000	13.913043	240.000000	320.000000
0	14.395000	13.913043	240.000000	320.000000
0	14.426000	13.913043	240.000000	320.000000
0	14.458000	13.913043	240.000000	320.000000
0	14.489000	13.913043	240.000000	320.000000
0	14.520000	13.913043	240.000000	320.000000
0	14.567000	13.913043	240.000000	320.000000
0	14.598000	13.913043	240.000000	320.000000
0	14.629000	13.913043	240.000000	320.000000
0	14.660000	13.913043	240.000000	320.000000
0	14.692000	13.913043	240.000000	320.000000
0	14.723000	13.913043	240.000000	320.000000
0	14.754000	13.913043	240.000000	320.000000
0	14.785000	13.913043	240.000000	320.000000
0	14.832000	13.913043	240.000000	320.000000
0	14.863000	13.913043	240.000000	320.000000
0	14.894000	13.913043	240.000000	320.000000
0	14.926000	13.913043	240.000000	320.000000
0	14.957000	13.913043	240.000000	320.000000
0	14.988000	13.913043	240.000000	320.000000
0	15.019000	13.913043	240.000000	320.000000
0	15.066000	13.913043	240.000000	320.000000
0	15.097000	13.913043	240.000000	320.000000
0	15.128000	13.913043	240.000000	320.000000
0	15.160000	13.913043	240.000000	320.000000
0	15.191000	13.913043	240.000000	320.000000
0	15.222000	13.913043	240.000000	320.000000
0	15.253000	13.913043	240.000000	320.000000
0	15.300000	13.913043	240.000000	320.000000
0	15.331000	13.913043	240.000000	320.000000
0	15.362000	13.913043	240.000000	320.000000
0	15.394000	13.913043	240.000000	320.000000
0	15.425000	13.913043	240.000000	320.000000
0	15.456000	13.913043	240.000000	320.000000
0	15.487000	13.913043	240.000000	320.000000
0	15.518000	13.913043	240.000000	320.000000
0	15.565000	13.913043	240.000000	320.000000
0	15.596000	13.913043	240.000000	320.000000
0	15.628000	13.913043	240.000000	320.000000
0	15.659000	13.913043	240.000000	320.000000
0	15.690000	13.913043	240.000000	320.000000
0	15.721000	13.913043	240.000000	320.000000
0	15.752000	13.913043	240.000000	320.000000
0	15.799000	13.913043	240.000000	320.000000
0	15.830000	13.913043	240.000000	320.000000
0	15.862000	13.913043	240.000000	320.000000
0	15.893000	13.913043	240.000000	320.000000
0	15.924000	13.913043	240.000000	320.000000
0	15.955000	13.913043	240.000000	320.000000
0	15.986000	13.913043	240.000000	320.000000
0	16.033000	13.913043	240.000000	320.000000
0	16.064000	13.913043	240.000000	320.000000
0	16.096000	13.913043	240.000000	320.000000
0	16.127000	13.913043	240.000000	320.000000
0	16.158000	13.913043	240.000000	320.000000
0	16.189000	13.913043	240.000000	320.000000
0	16.220000	13.913043	240.000000	320.000000
0	16.252000	13.913043	240.000000	320.000000
0	16.298000	13.913043	240.000000	320.000000
0	16.330000	13.913043	240.000000	320.000000
0	16.361000	13.913043	240.000000	320.000000
0	16.392000	13.913043	240.000000	320.000000
0	16.423000	13.913043	240.000000	320.000000
0	16.454000	13.913043	240.000000	320.000000
0	16.486000	13.913043	240.000000	320.000000
0	16.532000	13.913043	240.000000	320.000000
0	16.564000	13.913043	240.000000	320.000000
0	16.595000	13.913043	240.000000	320.000000
0	16.626000	13.913043	240.000000	320.000000
0	16.657000	13.913043	240.000000	320.000000
0	16.688000	13.913043	240.000000	320.000000
0	16.720000	13.913043	240.000000	320.000000
0	16.766000	13.913043	240.000000	320.000000
0	16.798000	13.913043	240.000000	320.000000
0	16.829000	13.913043	240.000000	320.000000
0	16.860000	13.913043	240.000000	320.000000
0	16.891000	13.913043	240.000000	320.000000
0	16.922000	13.913043	240.000000	320.000000
0	16.954000	13.913043	240.000000	320.000000
0	16.985000	13.913043	240.000000	320.000000
0	17.032000	13.913043	240.000000	320.000000
0	17.063000	13.913043	240.000000	320.000000
0	17.094000	13.913043	240.000000	320.000000
0	17.125000	13.913043	240.000000	320.000000
0	17.156000	13.913043	240.000000	320.000000
0	17.188000	13.913043	240.000000	320.000000
0	17.219000	13.913043	240.000000	320.000000
0	17.250000	13.913043	240.000000	320.000000
0	17.297000	13.913043	240.000000	320.000000
0	17.328000	13.913043	240.000000	320.000000
0	17.359000	13.913043	240.000000	320.000000
0	17.390000	13.913043	240.000000	320.000000
0	17.422000	13.913043	240.000000	320.000000
0	17.453000	13.913043	240.000000	320.000000
0	17.484000	13.913043	240.000000	320.000000
0	17.531000	13.913043	240.000000	320.000000
0	17.562000	13.913043	240.000000	320.000000
0	17.593000	13.913043	240.000000	320.000000
0	17.624000	13.913043	240.000000	320.000000
0	17.656000	13.913043	240.000000	320.000000
0	17.687000	13.913043	240.000000	320.000000
0	17.718000	13.913043	240.000000	320.000000
0	17.765000	13.913043	240.000000	320.000000
0	17.796000	13.913043	240.000000	320.000000
0	17.827000	13.913043	240.000000	320.000000
0	17.858000	13.913043	240.000000	320.000000
0	17.890000	13.913043	240.000000	320.000000
0	17.921000	13.913043	240.000000	320.000000
0	17.952000	13.913043	240.000000	320.000000
0	17.983000	13.913043	240.000000	320.000000
0	18.030000	13.913043	240.000000	320.000000
0	18.061000	13.913043	240.000000	320.000000
0	18.092000	13.913043	240.000000	320.000000
0	18.124000	13.913043	240.000000	320.000000
0	18.155000	13.913043	240.000000	320.000000
0	18.186000	13.913043	240.000000	320.000000
0	18.217000	13.913043	240.000000	320.000000
0	18.264000	13.913043	240.000000	320.000000
0	18.295000	13.913043	240.000000	320.000000
0	18.326000	13.913043	240.000000	320.000000
0	18.358000	13.913043	240.000000	320.000000
0	18.389000	13.913043	240.000000	320.000000
0	18.420000	13.913043	240.000000	320.000000
0	18.451000	13.913043	240.000000	320.000000
0	18.498000	13.913043	240.000000	320.000000
0	18.529000	13.913043	240.000000	320.000000
0	18.560000	13.913043	240.000000	320.000000
0	18.592000	13.913043	240.000000	320.000000
0	18.623000	13.913043	240.000000	320.000000
0	18.654000	13.913043	240.000000	320.000000
0	18.685000	13.913043	240.000000	320.000000
0	18.716000	13.913043	240.000000	320.000000
0	18.763000	13.913043	240.000000	320.000000
0	18.794000	13.913043	240.000000	320.000000
0	18.826000	13.913043	240.000000	320.000000
0	18.857000	13.913043	240.000000	320.000000
0	18.888000	13.913043	240.000000	320.000000
0	18.919000	13.913043	240.000000	320.000000
0	18.950000	13.913043	240.000000	320.000000
0	18.997000	13.913043	240.000000	320.000000
0	19.028000	13.913043	240.000000	320.000000
0	19.060000	13.913043	240.000000	320.000000
0	19.091000	13.913043	240.000000	320.000000
0	19.122000	13.913043	240.000000	320.000000
0	19.153000	13.913043	240.000000	320.000000
0	19.184000	13.913043	240.000000	320.000000
0	19.231000	13.913043	240.000000	320.000000
0	19.262000	13.913043	240.000000	320.000000
0	19.294000	13.913043	240.000000	320.000000
0	19.325000	13.913043	240.000000	320.000000
0	19.356000	13.913043	240.000000	320.000000
0	19.387000	13.913043	240.000000	320.000000
0	19.418000	13.913043	240.000000	320.000000
0	19.450000	13.913043	240.000000	320.000000
0	19.496000	13.913043	240.000000	320.000000
0	19.528000	13.913043	240.000000	320.000000
0	19.559000	13.913043	240.000000	320.000000
0	19.590000	13.913043	240.000000	320.000000
0	19.621000	13.913043	240.000000	320.000000
0	19.652000	13.913043	240.000000	320.000000
0	19.684000	13.913043	240.000000	320.000000
0	19.730000	13.913043	240.000000	320.000000
0	19.762000	13.913043	240.000000	320.000000
0	19.793000	13.913043	240.000000	320.000000
0	19.824000	13.913043	240.000000	320.000000
0	19.855000	13.913043	240.000000	320.000000
0	19.886000	13.913043	240.000000	320.000000
0	19.918000	13.913043	240.000000	320.000000
0	19.964000	13.913043	240.000000	320.000000
0	19.996000	13.913043	240.000000	320.000000
0	20.027000	13.913043	240.000000	320.000000
0	20.058000	13.913043	240.000000	320.000000
0	20.089000	13.913043	240.000000	320.000000
0	20.120000	13.913043	240.000000	320.000000
0	20.152000	13.913043	240.000000	320.000000
0	20.183000	13.913043	240.000000	320.000000
0	20.230000	13.913043	240.000000	320.000000
0	20.261000	13.913043	240.000000	320.000000
0	20.292000	13.913043	240.000000	320.000000
0	20.323000	13.913043	240.000000	320.000000
0	20.354000	13.913043	240.000000	320.000000
0	20.386000	13.913043	240.000000	320.000000
0	20.417000	13.913043	240.000000	320.000000
0	20.464000	13.913043	240.000000	320.000000
0	20.495000	13.913043	240.000000	320.000000
0	20.526000	13.913043	240.000000	320.000000
0	20.557000	13.913043	240.000000	320.000000
0	20.588000	13.913043	240.000000	320.000000
0	20.620000	13.913043	240.000000	320.000000
0	20.651000	13.913043	240.000000	320.000000
0	20.698000	13.913043	240.000000	320.000000
0	20.729000	13.913043	240.000000	320.000000
0	20.760000	13.913043	240.000000	320.000000
0	20.791000	13.913043	240.000000	320.000000
0	20.822000	13.913043	240.000000	320.000000
0	20.854000	13.913043	240.000000	320.000000
0	20.885000	13.913043	240.000000	320.000000
0	20.916000	13.913043	240.000000	320.000000
0	20.963000	13.913043	240.000000	320.000000
0	20.994000	13.913043	240.000000	320.000000
0	21.025000	13.913043	240.000000	320.000000
0	21.056000	13.913043	240.000000	320.000000
0	21.088000	13.913043	240.000000	320.000000
0	21.119000	13.913043	240.000000	320.000000
0	21.150000	13.913043	240.000000	320.000000
0	21.181000	13.913043	240.000000	320.000000
0	21.228000	13.913043	240.000000	320.000000
0	21.259000	13.913043	240.000000	320.000000
0	21.290000	13.913043	240.000000	320.000000
0	21.322000	13.913043	240.000000	320.000000
0	21.353000	13.913043	240.000000	320.000000
0	21.384000	13.913043	240.000000	320.000000
0	21.415000	13.913043	240.000000	320.000000
0	21.462000	13.913043	240.000000	320.000000
0	21.493000	13.913043	240.000000	320.000000
0	21.524000	13.913043	240.000000	320.000000
0	21.556000	13.913043	240.000000	320.000000
0	21.587000	13.913043	240.000000	320.000000
0	21.618000	13.913043	240.000000	320.000000
0	21.649000	13.913043	240.000000	320.000000
0	21.696000	13.913043	240.000000	320.000000
0	21.727000	13.913043	240.000000	320.000000
0	21.758000	13.913043	240.000000	320.000000
0	21.790000	13.913043	240.000000	320.000000
0	21.821000	13.913043	240.000000	320.000000
0	21.852000	13.913043	240.000000	320.000000
0	21.883000	13.913043	240.000000	320.000000
0	21.914000	13.913043	240.000000	320.000000
0	21.961000	13.913043	240.000000	320.000000
0	21.992000	13.913043	240.000000	320.000000
0	22.024000	13.913043	240.000000	320.000000
0	22.055000	13.913043	240.000000	320.000000
0	22.086000	13.913043	240.000000	320.000000
0	22.117000	13.913043	240.000000	320.000000
0	22.148000	13.913043	240.000000	320.000000
0	22.195000	13.913043	240.000000	320.000000
0	22.226000	13.913043	240.000000	320.000000
0	22.258000	13.913043	240.000000	320.000000
0	22.289000	13.913043	240.000000	320.000000
0	22.320000	13.913043	240.000000	320.000000
0	22.351000	13.913043	240.000000	320.000000
0	22.382000	13.913043	240.000000	320.000000
0	22.429000	13.913043	240.000000	320.000000
0	22.460000	13.913043	240.000000	320.000000
0	22.492000	13.913043	240.000000	320.000000
0	22.523000	13.913043	240.000000	320.000000
0	22.554000	13.913043	240.000000	320.000000
0	22.585000	13.913043	240.000000	320.000000
0	22.616000	13.913043	240.000000	320.000000
0	22.648000	13.913043	240.000000	320.000000
0	22.694000	13.913043	240.000000	320.000000
0	22.726000	13.913043	240.000000	320.000000
0	22.757000	13.913043	240.000000	320.000000
0	22.788000	13.913043	240.000000	320.000000
0	22.819000	13.913043	240.000000	320.000000
0	22.850000	13.913043	240.000000	320.000000
0	22.882000	13.913043	240.000000	320.000000
0	22.928000	13.913043	240.000000	320.000000
0	22.960000	13.913043	240.000000	320.000000
0	22.991000	13.913043	240.000000	320.000000
0	23.022000	13.913043	240.000000	320.000000
0	23.053000	13.913043	240.000000	320.000000
0	23.084000	13.913043	240.000000	320.000000
0	23.116000	13.913043	240.000000	320.000000
0	23.162000	13.913043	240.000000	320.000000
0	23.194000	13.913043	240.000000	320.000000
0	23.225000	13.913043	240.000000	320.000000
0	23.256000	13.913043	240.000000	320.000000
0	23.287000	13.913043	240.000000	320.000000
0	23.318000	13.913043	240.000000	320.000000
0	23.350000	13.913043	240.000000	320.000000
0	23.381000	13.913043	240.000000	320.000000
0	23.428000	13.913043	240.000000	320.000000
0	23.459000	13.913043	240.000000	320.000000
0	23.490000	13.913043	240.000000	320.000000
0	23.521000	13.913043	240.000000	320.000000
0	23.552000	13.913043	240.000000	320.000000
0	23.584000	13.913043	240.000000	320.000000
0	23.615000	13.913043	240.000000	320.000000
0	23.662000	13.913043	240.000000	320.000000
0	23.693000	13.913043	240.000000	320.000000
0	23.724000	13.913043	240.000000	320.000000
0	23.755000	13.913043	240.000000	320.000000
0	23.786000	13.913043	240.000000	320.000000
0	23.818000	13.913043	240.000000	320.000000
0	23.849000	13.913043	240.000000	320.000000
0	23.896000	13.913043	240.000000	320.000000
0	23.927000	13.913043	240.000000	320.000000
0	23.958000	13.913043	240.000000	320.000000
0	23.989000	13.913043	240.000000	320.000000
0	24.020000	13.913043	240.000000	320.000000
0	24.052000	13.913043	240.000000	320.000000
0	24.083000	13.913043	240.000000	320.000000
0	24.114000	13.913043	240.000000	320.000000
0	24.161000	13.913043	240.000000	320.000000
0	24.192000	13.913043	240.000000	320.000000
0	24.223000	13.913043	240.000000	320.000000
0	24.254000	13.913043	240.000000	320.000000
0	24.286000	13.913043	240.000000	320.000000
0	24.317000	13.913043	240.000000	320.000000
0	24.348000	13.913043	240.000000	320.000000
0	24.395000	13.913043	240.000000	320.000000
0	24.426000	13.913043	240.000000	320.000000
0	24.457000	13.913043	240.000000	320.000000
0	24.488000	13.913043	240.000000	320.000000
0	24.520000	13.913043	240.000000	320.000000
0	24.551000	13.913043	240.000000	320.000000
0	24.582000	13.913043	240.000000	320.000000
0	24.629000	13.913043	240.000000	320.000000
0	24.660000	13.913043	240.000000	320.000000
0	24.691000	13.913043	240.000000	320.000000
0	24.722000	13.913043	240.000000	320.000000
0	24.754000	13.913043	240.000000	320.000000
0	24.785000	13.913043	240.000000	320.000000
0	24.816000	13.913043	240.000000	320.000000
0	24.847000	13.913043	240.000000	320.000000
0	24.894000	13.913043	240.000000	320.000000
0	24.925000	13.913043	240.000000	320.000000
0	24.956000	13.913043	240.000000	320.000000
0	24.988000	13.913043	240.000000	320.000000
0	25.019000	13.913043	240.000000	320.000000
0	25.050000	13.913043	240.000000	320.000000
0	25.081000	13.913043	240.000000	320.000000
0	25.128000	13.913043	240.000000	320.000000
0	25.159000	13.913043	240.000000	320.000000
0	25.190000	13.913043	240.000000	320.000000
0	25.222000	13.913043	240.000000	320.000000
0	25.253000	13.913043	240.000000	320.000000
0	25.284000	13.913043	240.000000	320.000000
0	25.315000	13.913043	240.000000	320.000000
0	25.346000	13.913043	240.000000	320.000000
0	25.393000	13.913043	240.000000	320.000000
0	25.424000	13.913043	240.000000	320.000000
0	25.456000	13.913043	240.000000	320.000000
0	25.487000	13.913043	240.000000	320.000000
0	25.518000	13.913043	240.000000	320.000000
0	25.549000	13.913043	240.000000	320.000000
0	25.580000	13.913043	240.000000	320.000000
0	25.627000	13.913043	240.000000	320.000000
0	25.658000	13.913043	240.000000	320.000000
0	25.690000	13.913043	240.000000	320.000000
0	25.721000	13.913043	240.000000	320.000000
0	25.752000	13.913043	240.000000	320.000000
0	25.783000	13.913043	240.000000	320.000000
0	25.814000	13.913043	240.000000	320.000000
0	25.846000	13.913043	240.000000	320.000000
0	25.892000	13.913043	240.000000	320.000000
0	25.924000	13.913043	240.000000	320.000000
0	25.955000	13.913043	240.000000	320.000000
0	25.986000	13.913043	240.000000	320.000000
0	26.017000	13.913043	240.000000	320.000000
0	26.048000	13.913043	240.000000	320.000000
0	26.080000	13.913043	240.000000	320.000000
0	26.126000	13.913043	240.000000	320.000000
0	26.158000	13.913043	240.000000	320.000000
0	26.189000	13.913043	240.000000	320.000000
0	26.220000	13.913043	240.000000	320.000000
0	26.251000	13.913043	240.000000	320.000000
0	26.282000	13.913043	240.000000	320.000000
0	26.314000	13.913043	240.000000	320.000000
0	26.360000	13.913043	240.000000	320.000000
0	26.392000	13.913043	240.000000	320.000000
0	26.423000	13.913043	240.000000	320.000000
0	26.454000	13.913043	240.000000	320.000000
0	26.485000	13.913043	240.000000	320.000000
0	26.516000	13.913043	240.000000	320.000000
0	26.548000	13.913043	240.000000	320.000000
0	26.579000	13.913043	240.000000	320.000000
0	26.626000	13.913043	240.000000	320.000000
0	26.657000	13.913043	240.000000	320.000000
0	26.688000	13.913043	240.000000	320.000000
0	26.719000	13.913043	240.000000	320.000000
0	26.750000	13.913043	240.000000	320.000000
0	26.782000	13.913043	240.000000	320.000000
0	26.813000	13.913043	240.000000	320.000000
0	26.860000	13.913043	240.000000	320.000000
0	26.891000	13.913043	240.000000	320.000000
0	26.922000	13.913043	240.000000	320.000000
0	26.953000	13.913043	240.000000	320.000000
0	26.984000	13.913043	240.000000	320.000000
0	27.016000	13.913043	240.000000	320.000000
0	27.047000	13.913043	240.000000	320.000000
0	27.094000	13.913043	240.000000	320.000000
0	27.125000	13.913043	240.000000	320.000000
0	27.156000	13.913043	240.000000	320.000000
0	27.187000	13.913043	240.000000	320.000000
0	27.218000	13.913043	240.000000	320.000000
0	27.250000	13.913043	240.000000	320.000000
0	27.281000	13.913043	240.000000	320.000000
0	27.312000	13.913043	240.000000	320.000000
0	27.359000	13.913043	240.000000	320.000000
0	27.390000	13.913043	240.000000	320.000000
0	27.421000	13.913043	240.000000	320.000000
0	27.452000	13.913043	240.000000	320.000000
0	27.484000	13.913043	240.000000	320.000000
0	27.515000	13.913043	240.000000	320.000000
0	27.546000	13.913043	240.000000	320.000000
0	27.593000	13.913043	240.000000	320.000000
0	27.624000	13.913043	240.000000	320.000000
0	27.655000	13.913043	240.000000	320.000000
0	27.686000	13.913043	240.000000	320.000000
0	27.718000	13.913043	240.000000	320.000000
0	27.749000	13.913043	240.000000	320.000000
0	27.780000	13.913043	240.000000	320.000000
0	27.827000	13.913043	240.000000	320.000000
0	27.858000	13.913043	240.000000	320.000000
0	27.889000	13.913043	240.000000	320.000000
0	27.920000	13.913043	240.000000	320.000000
0	27.952000	13.913043	240.000000	320.000000
0	27.983000	13.913043	240.000000	320.000000
0	28.014000	13.913043	240.000000	320.000000
0	28.045000	13.913043	240.000000	320.000000
0	28.092000	13.913043	240.000000	320.000000
0	28.123000	13.913043	240.000000	320.000000
0	28.154000	13.913043	240.000000	320.000000
0	28.186000	13.913043	240.000000	320.000000
0	28.217000	13.913043	240.000000	320.000000
0	28.248000	13.913043	240.000000	320.000000
0	28.279000	13.913043	240.000000	320.000000
0	28.326000	13.913043	240.000000	320.000000
0	28.357000	13.913043	240.000000	320.000000
0	28.388000	13.913043	240.000000	320.000000
0	28.420000	13.913043	240.000000	320.000000
0	28.451000	13.913043	240.000000	320.000000
0	28.482000	13.913043	240.000000	320.000000
0	28.513000	13.913043	240.000000	320.000000
0	28.560000	13.913043	240.000000	320.000000
0	28.591000	13.913043	240.000000	320.000000
0	28.622000	13.913043	240.000000	320.000000
0	28.654000	13.913043	240.000000	320.000000
0	28.685000	13.913043	240.000000	320.000000
0	28.716000	13.913043	240.000000	320.000000
0	28.747000	13.913043	240.000000	320.000000
0	28.778000	13.913043	240.000000	320.000000
0	28.825000	13.913043	240.000000	320.000000
0	28.856000	13.913043	240.000000	320.000000
0	28.888000	13.913043	240.000000	320.000000
0	28.919000	13.913043	240.000000	320.000000
0	28.950000	13.913043	240.000000	320.000000
0	28.981000	13.913043	240.000000	320.000000
0	29.013000	13.913043	240.000000	320.000000
0	29.059000	13.913043	240.000000	320.000000
0	29.091000	13.913043	240.000000	320.000000
0	29.122000	13.913043	240.000000	320.000000
0	29.153000	13.913043	240.000000	320.000000
0	29.184000	13.913043	240.000000	320.000000
0	29.215000	13.913043	240.000000	320.000000
0	29.247000	13.913043	240.000000	320.000000
0	29.278000	13.913043	240.000000	320.000000
0	29.325000	13.913043	240.000000	320.000000
0	29.356000	13.913043	240.000000	320.000000
0	29.387000	13.913043	240.000000	320.000000
0	29.418000	13.913043	240.000000	320.000000
0	29.449000	13.913043	240.000000	320.000000
0	29.481000	13.913043	240.000000	320.000000
0	29.512000	13.913043	240.000000	320.000000
0	29.559000	13.913043	240.000000	320.000000
0	29.590000	13.913043	240.000000	320.000000
0	29.621000	13.913043	240.000000	320.000000
0	29.652000	13.913043	240.000000	320.000000
0	29.683000	13.913043	240.000000	320.000000
0	29.715000	13.913043	240.000000	320.000000
0	29.746000	13.913043	240.000000	320.000000
0	29.793000	13.913043	240.000000	320.000000
0	29.824000	13.913043	240.000000	320.000000
0	29.855000	13.913043	240.000000	320.000000
0	29.886000	13.913043	240.000000	320.000000
0	29.917000	13.913043	240.000000	320.000000
0	29.949000	13.913043	240.000000	320.000000
<\LEFT-PUPIL-DATA>
<RIGHT-PUPIL-ANALYSIS>
1
0	0	17	902	0	0	0.509000	29.518000	0.509000	4.006067	0.000000	0.000000	0.000000	0	3	3	3	3	0	0	0	0.000000	0.000000	0.000000	0.000000	0.000000	0.000000	0.000000	-1.000000	0.000000	0	1.113275	0.737261	0.974083	0.426942	0.236000	-0.512980	-1.179347	-1.000000	0.068028	1	1.113275	0.737261	0.974083	0.426942	0.236000	-0.541429	-1.179348	-1.000000	0.068028
<\RIGHT-PUPIL-ANALYSIS>
<LEFT-PUPIL-ANALYSIS>
1
0	0	18	901	0	0	0.509000	29.518000	0.509000	4.006067	0.000000	0.000000	0.000000	0	3	3	3	3	0	0	0	0.000000	0.000000	0.000000	0.000000	0.000000	0.000000	0.000000	-1.000000	0.000000	0	-0.034783	-0.034783	0.000950	0.000950	0.018000	0.000000	0.000000	-1.000000	0.000000	1	-0.034783	-0.034783	0.000950	0.000950	0.018000	-1000000.000000	-1000000.000000	-1.000000	0.000000
<\LEFT-PUPIL-ANALYSIS>
%%%%%%%%%
%%%%%%%%%
%%%%%%%%%
%%%	Measurement Tiime is: 2017-08-10 08:58:59
%%%	Subject ID is: c57-1mois-DA-F1-0.6b
%%%	Note: 
%%%	RSS: Default Human Relative Spectral Sensitivity
%%%	Pupil Analysis:
%%%
%%%
%%%
%%%	Pulse Index:	0
%%%	Stimulus Session Index:	0
%%%	Right Pupil Stimulated
%%%	Light Metric is Photopic
%%%	Stimulus Start Time(sec):	0.51
%%%	Stimulus Duration(sec):	29.52
%%%	Stimulus Pulse Duration(sec):	0.51
%%%	Right Pulse:	4.01	(Blue )	-	0.00	(Blue )	[Lux ]
%%%	Left Pulse:	0.00	(Blue )	-	0.00	(Blue )	[Lux ]
%%%
%%%		RIGHT	LEFT	R.Pupil Mean	L.Pupil Mean	R.Stim Mean	R.Stim Mean
%%%	INPUT:	RAW DATA	RAW DATA
%%%	STATE:	ABNORMAL	ABNORMAL	ABNORMAL	ABNORMAL	ABNORMAL	ABNORMAL
%%%	MAX(mm):	0.00	0.00	0.00	0.00	0.00	0.00
%%%	MIN(mm):	0.00	0.00	0.00	0.00	0.00	0.00
%%%	DELTA(mm):						
%%%	CH(%):						
%%%	LAT(sec):	0.00	0.00	0.00	0.00	0.00	0.00
%%%	CV(mm/s):	0.00	0.00	0.00	0.00	0.00	0.00
%%%	MCV(mm/s):	0.00	0.00	0.00	0.00	0.00	0.00
%%%	DV(mm/s):	0.00	0.00	0.00	0.00	0.00	0.00
%%%%%%%%%
%%%%%%%%%
%%%%%%%%%
%%%	Right Pupil Profile (1st row -> 1 == valid tracking, 0 == invalid tracking; 2nd row -> time; 3rd row -> diameter (mm))
%%%	1	1	1	1	1	1	1	1	1	1	1	1	1	1	1	1	1	1	0	1	1	1	1	1	1	1	1	1	1	1	1	1	1	1	1	1	0	0	1	0	1	1	1	1	1	0	1	1	1	1	1	1	1	1	1	1	0	1	1	1	1	1	1	1	1	1	1	1	1	1	1	1	1	1	1	1	1	1	1	1	1	1	1	1	1	1	1	1	1	1	1	1	1	1	1	1	1	1	1	1	1	1	1	0	1	1	1	1	1	1	0	1	1	1	1	1	1	1	1	1	1	1	1	1	1	1	1	1	1	1	1	1	1	1	1	1	1	1	1	1	1	1	1	1	1	1	1	1	1	1	1	1	1	1	1	1	1	1	1	1	1	1	1	1	1	1	1	1	1	1	1	1	1	1	1	1	1	1	1	1	1	1	1	1	1	1	1	1	1	1	1	1	1	1	1	1	1	1	1	1	1	1	1	1	1	1	1	1	1	1	1	1	1	1	1	1	1	1	1	1	1	1	1	1	1	1	1	1	1	0	1	1	1	1	1	1	1	1	1	1	1	1	1	1	1	1	1	1	1	1	1	1	1	1	1	1	1	1	1	1	1	1	1	1	1	0	1	1	1	1	1	1	1	1	1	1	1	1	1	1	1	1	1	1	1	1	1	1	1	1	1	1	1	1	1	1	1	1	1	1	1	1	0	1	0	1	1	1	1	1	1	1	1	1	1	1	1	1	1	1	1	1	1	1	1	1	1	1	1	1	1	1	1	1	1	1	1	1	1	1	1	1	1	1	1	1	1	1	1	1	1	1	1	1	1	1	1	1	1	1	1	1	1	1	1	1	1	1	1	1	1	1	1	1	1	1	1	1	1	1	1	1	1	1	1	1	1	1	1	1	1	1	1	1	1	1	1	1	1	1	1	1	1	1	1	1	1	1	1	1	1	1	1	1	1	1	1	1	1	1	1	1	1	1	1	1	1	1	1	1	1	1	1	1	1	1	1	1	1	1	1	1	1	1	1	1	1	1	1	1	1	1	1	1	1	1	1	1	1	1	1	1	1	1	1	1	1	1	1	1	1	1	1	1	1	1	1	1	1	1	1	1	1	1	1	1	0	1	1	1	1	1	1	1	1	1	1	1	1	1	1	1	1	1	1	1	1	1	1	1	1	1	1	1	1	1	1	1	1	1	1	1	1	1	1	1	1	1	1	1	1	1	1	1	1	1	1	1	1	1	1	1	1	1	1	1	1	1	1	1	1	1	1	1	1	1	1	1	1	1	1	1	1	1	1	1	1	1	1	1	1	1	1	1	1	1	1	1	1	1	1	1	1	1	1	1	1	1	1	1	1	1	1	1	1	1	1	1	1	1	1	1	1	1	1	1	1	1	1	1	1	1	1	1	1	1	1	1	1	1	1	1	1	1	1	1	1	1	1	1	1	1	1	1	1	1	1	1	1	1	1	1	1	1	1	1	1	1	1	1	1	1	1	1	1	1	1	1	1	1	1	1	1	1	1	1	1	1	1	1	0	1	1	1	1	1	1	1	1	1	1	1	1	1	1	1	1	1	1	1	1	1	1	1	1	1	1	1	1	1	1	1	1	1	1	1	1	1	1	1	1	1	1	1	1	1	1	1	1	1	1	1	1	1	1	1	1	1	1	1	1	1	1	1	1	1	1	1	1	1	1	1	1	1	1	1	1	1	1	1	1	1	1	1	1	1	1	1	1	1	1	1	1	1	1	1	1	1	1	1	1	1	1	1	1	1	1	1	1	1	1	1	1	1	1	1	1	1	1	1	1	1	1	1	1	1	1	1	1	1	1	1	1	1	1	1	1	1	1	1	1	1	1	1	1	1	1	1	1	1	1	1	1	1	1	1	1	1	1	1	1	1	1	1	1	1	1	1	1	1	1	1	1	1	1	1	1	1	1	1	1	1	1	1	1	1	1	1	1	1	1	1	1	1	1	1	1	1	1	1	1	1	0	1	1	1	1	1	1	1	1	1	1	1	1	1	1	1	1	1	1	1	1	1	1	1	1	1	1	1	1	1	1
%%%	-0.051000	-0.019000	0.012000	0.043000	0.074000	0.105000	0.152000	0.183000	0.215000	0.246000	0.277000	0.308000	0.339000	0.371000	0.417000	0.449000	0.480000	0.511000	0.542000	0.573000	0.605000	0.651000	0.683000	0.714000	0.745000	0.776000	0.807000	0.839000	0.885000	0.917000	0.948000	0.979000	1.010000	1.041000	1.073000	1.104000	1.151000	1.182000	1.213000	1.244000	1.275000	1.307000	1.338000	1.385000	1.416000	1.447000	1.478000	1.509000	1.541000	1.572000	1.619000	1.650000	1.681000	1.712000	1.743000	1.775000	1.806000	1.837000	1.884000	1.915000	1.946000	1.977000	2.009000	2.040000	2.071000	2.102000	2.149000	2.180000	2.211000	2.243000	2.274000	2.305000	2.336000	2.383000	2.414000	2.445000	2.477000	2.508000	2.539000	2.570000	2.617000	2.648000	2.679000	2.711000	2.742000	2.773000	2.804000	2.835000	2.882000	2.913000	2.945000	2.976000	3.007000	3.038000	3.069000	3.116000	3.147000	3.179000	3.210000	3.241000	3.272000	3.303000	3.350000	3.381000	3.413000	3.444000	3.475000	3.506000	3.537000	3.569000	3.615000	3.647000	3.678000	3.709000	3.740000	3.771000	3.803000	3.849000	3.881000	3.912000	3.943000	3.974000	4.005000	4.037000	4.083000	4.115000	4.146000	4.177000	4.208000	4.239000	4.271000	4.302000	4.349000	4.380000	4.411000	4.442000	4.473000	4.505000	4.536000	4.583000	4.614000	4.645000	4.676000	4.707000	4.739000	4.770000	4.817000	4.848000	4.879000	4.910000	4.941000	4.973000	5.004000	5.035000	5.082000	5.113000	5.144000	5.175000	5.207000	5.238000	5.269000	5.316000	5.347000	5.378000	5.409000	5.441000	5.472000	5.503000	5.550000	5.581000	5.612000	5.643000	5.675000	5.706000	5.737000	5.768000	5.815000	5.846000	5.877000	5.909000	5.940000	5.971000	6.002000	6.049000	6.080000	6.111000	6.143000	6.174000	6.205000	6.236000	6.267000	6.314000	6.345000	6.377000	6.408000	6.439000	6.470000	6.501000	6.548000	6.579000	6.611000	6.642000	6.673000	6.704000	6.735000	6.782000	6.813000	6.845000	6.876000	6.907000	6.938000	6.969000	7.001000	7.047000	7.079000	7.110000	7.141000	7.172000	7.203000	7.235000	7.281000	7.313000	7.344000	7.375000	7.406000	7.437000	7.469000	7.500000	7.547000	7.578000	7.609000	7.640000	7.671000	7.703000	7.734000	7.781000	7.812000	7.843000	7.874000	7.905000	7.937000	7.968000	8.015000	8.046000	8.077000	8.108000	8.139000	8.171000	8.202000	8.233000	8.280000	8.311000	8.342000	8.373000	8.405000	8.436000	8.467000	8.514000	8.545000	8.576000	8.607000	8.639000	8.670000	8.701000	8.748000	8.779000	8.810000	8.841000	8.873000	8.904000	8.935000	8.966000	9.013000	9.044000	9.075000	9.107000	9.138000	9.169000	9.200000	9.247000	9.278000	9.309000	9.341000	9.372000	9.403000	9.434000	9.481000	9.512000	9.543000	9.575000	9.606000	9.637000	9.668000	9.699000	9.746000	9.777000	9.809000	9.840000	9.871000	9.902000	9.933000	9.980000	10.011000	10.043000	10.074000	10.105000	10.136000	10.167000	10.199000	10.245000	10.277000	10.308000	10.339000	10.370000	10.401000	10.433000	10.479000	10.511000	10.542000	10.573000	10.604000	10.635000	10.667000	10.713000	10.745000	10.776000	10.807000	10.838000	10.869000	10.901000	10.932000	10.979000	11.010000	11.041000	11.072000	11.103000	11.135000	11.166000	11.213000	11.244000	11.275000	11.306000	11.337000	11.369000	11.400000	11.447000	11.478000	11.509000	11.540000	11.571000	11.603000	11.634000	11.665000	11.712000	11.743000	11.774000	11.805000	11.837000	11.868000	11.899000	11.946000	11.977000	12.008000	12.039000	12.071000	12.102000	12.133000	12.180000	12.211000	12.242000	12.273000	12.305000	12.336000	12.367000	12.398000	12.445000	12.476000	12.507000	12.539000	12.570000	12.601000	12.632000	12.679000	12.710000	12.741000	12.773000	12.804000	12.835000	12.866000	12.913000	12.944000	12.975000	13.007000	13.038000	13.069000	13.100000	13.131000	13.178000	13.209000	13.241000	13.272000	13.303000	13.334000	13.365000	13.412000	13.443000	13.475000	13.506000	13.537000	13.568000	13.599000	13.631000	13.677000	13.709000	13.740000	13.771000	13.802000	13.833000	13.865000	13.911000	13.943000	13.974000	14.005000	14.036000	14.067000	14.099000	14.130000	14.177000	14.208000	14.239000	14.270000	14.301000	14.333000	14.364000	14.411000	14.442000	14.473000	14.504000	14.535000	14.567000	14.598000	14.645000	14.676000	14.707000	14.738000	14.769000	14.801000	14.832000	14.863000	14.910000	14.941000	14.972000	15.003000	15.035000	15.066000	15.097000	15.144000	15.175000	15.206000	15.237000	15.269000	15.300000	15.331000	15.378000	15.409000	15.440000	15.471000	15.503000	15.534000	15.565000	15.596000	15.643000	15.674000	15.705000	15.737000	15.768000	15.799000	15.830000	15.877000	15.908000	15.939000	15.971000	16.002000	16.033000	16.064000	16.111000	16.142000	16.173000	16.205000	16.236000	16.267000	16.298000	16.329000	16.376000	16.407000	16.439000	16.470000	16.501000	16.532000	16.563000	16.610000	16.641000	16.673000	16.704000	16.735000	16.766000	16.797000	16.844000	16.875000	16.907000	16.938000	16.969000	17.000000	17.031000	17.063000	17.109000	17.141000	17.172000	17.203000	17.234000	17.265000	17.297000	17.343000	17.375000	17.406000	17.437000	17.468000	17.499000	17.531000	17.577000	17.609000	17.640000	17.671000	17.702000	17.733000	17.765000	17.796000	17.843000	17.874000	17.905000	17.936000	17.967000	17.999000	18.030000	18.061000	18.108000	18.139000	18.170000	18.201000	18.233000	18.264000	18.295000	18.342000	18.373000	18.404000	18.435000	18.467000	18.498000	18.529000	18.576000	18.607000	18.638000	18.669000	18.701000	18.732000	18.763000	18.794000	18.841000	18.872000	18.903000	18.935000	18.966000	18.997000	19.028000	19.075000	19.106000	19.137000	19.169000	19.200000	19.231000	19.262000	19.309000	19.340000	19.371000	19.403000	19.434000	19.465000	19.496000	19.527000	19.574000	19.605000	19.637000	19.668000	19.699000	19.730000	19.761000	19.808000	19.839000	19.871000	19.902000	19.933000	19.964000	19.995000	20.042000	20.073000	20.105000	20.136000	20.167000	20.198000	20.229000	20.261000	20.307000	20.339000	20.370000	20.401000	20.432000	20.463000	20.495000	20.541000	20.573000	20.604000	20.635000	20.666000	20.697000	20.729000	20.775000	20.807000	20.838000	20.869000	20.900000	20.931000	20.963000	20.994000	21.041000	21.072000	21.103000	21.134000	21.165000	21.197000	21.228000	21.275000	21.306000	21.337000	21.368000	21.399000	21.431000	21.462000	21.509000	21.540000	21.571000	21.602000	21.633000	21.665000	21.696000	21.727000	21.774000	21.805000	21.836000	21.867000	21.899000	21.930000	21.961000	22.008000	22.039000	22.070000	22.101000	22.133000	22.164000	22.195000	22.226000	22.273000	22.304000	22.335000	22.367000	22.398000	22.429000	22.460000	22.507000	22.538000	22.569000	22.601000	22.632000	22.663000	22.694000	22.725000	22.772000	22.803000	22.835000	22.866000	22.897000	22.928000	22.959000	23.006000	23.037000	23.069000	23.100000	23.131000	23.162000	23.193000	23.240000	23.271000	23.303000	23.334000	23.365000	23.396000	23.427000	23.459000	23.505000	23.537000	23.568000	23.599000	23.630000	23.661000	23.693000	23.739000	23.771000	23.802000	23.833000	23.864000	23.895000	23.927000	23.973000	24.005000	24.036000	24.067000	24.098000	24.129000	24.161000	24.192000	24.239000	24.270000	24.301000	24.332000	24.363000	24.395000	24.426000	24.473000	24.504000	24.535000	24.566000	24.597000	24.629000	24.660000	24.707000	24.738000	24.769000	24.800000	24.831000	24.863000	24.894000	24.925000	24.972000	25.003000	25.034000	25.065000	25.097000	25.128000	25.159000	25.206000	25.237000	25.268000	25.299000	25.331000	25.362000	25.393000	25.440000	25.471000	25.502000	25.533000	25.565000	25.596000	25.627000	25.658000	25.705000	25.736000	25.767000	25.799000	25.830000	25.861000	25.892000	25.939000	25.970000	26.001000	26.033000	26.064000	26.095000	26.126000	26.157000	26.204000	26.235000	26.267000	26.298000	26.329000	26.360000	26.391000	26.438000	26.469000	26.501000	26.532000	26.563000	26.594000	26.625000	26.672000	26.703000	26.735000	26.766000	26.797000	26.828000	26.859000	26.891000	26.937000	26.969000	27.000000	27.031000	27.062000	27.093000	27.125000	27.171000	27.203000	27.234000	27.265000	27.296000	27.327000	27.359000	27.405000	27.437000	27.468000	27.499000	27.530000	27.561000	27.593000	27.624000	27.671000	27.702000	27.733000	27.764000	27.795000	27.827000	27.858000	27.905000	27.936000	27.967000	27.998000	28.029000	28.061000	28.092000	28.139000	28.170000	28.201000	28.232000	28.263000	28.295000	28.326000	28.357000	28.404000	28.435000	28.466000	28.497000	28.529000	28.560000	28.591000	28.638000	28.669000	28.700000	28.731000	28.763000	28.794000	28.825000	28.872000	28.903000	28.934000	28.966000	28.997000	29.028000	29.059000	29.090000	29.137000	29.168000	29.200000	29.231000	29.262000	29.293000	29.324000	29.371000	29.402000	29.434000	29.465000	29.496000	29.527000	29.558000	29.590000	29.636000	29.668000	29.699000	29.730000	29.761000	29.792000	29.824000	29.870000	29.902000	29.933000	29.964000	29.995000
%%%	1.066667	1.159420	1.104928	1.159420	1.159420	1.112754	1.054928	1.113043	1.159420	1.098985	1.072464	1.088551	1.114638	1.136232	1.082029	1.079855	1.087536	1.068551	1.066667	1.082029	1.114203	1.113043	1.066667	1.113043	1.159420	1.082029	1.078841	1.026087	0.972899	0.970725	0.948406	0.904493	0.927536	0.868406	0.838406	0.834783	0.788406	0.788406	0.777101	0.788406	0.764203	0.749855	0.724928	0.744638	0.717971	0.695652	0.750145	0.733188	0.738551	0.771014	0.783768	0.788116	0.792898	0.797246	0.761594	0.797101	0.788406	0.812464	0.824058	0.834783	0.801159	0.788406	0.811594	0.809275	0.840145	0.800580	0.817391	0.831594	0.848985	0.835942	0.835362	0.866232	0.833188	0.820145	0.825072	0.852754	0.855362	0.858116	0.857971	0.858116	0.842898	0.814783	0.853623	0.835942	0.788406	0.850580	0.860290	0.839275	0.834783	0.839855	0.877536	0.836377	0.869565	0.844638	0.857971	0.848841	0.857681	0.788406	0.881159	0.866812	0.865797	0.869710	0.881159	0.788406	0.788406	0.864203	0.881159	0.865797	0.883623	0.881159	0.788406	0.848985	0.866377	0.858116	0.849420	0.831594	0.869565	0.872464	0.859710	0.852754	0.875507	0.912029	0.866232	0.884203	0.881159	0.879855	0.871159	0.894058	0.884638	0.866812	0.898406	0.881159	0.868985	0.866232	0.861449	0.875507	0.881159	0.883623	0.850580	0.865797	0.898985	0.904348	0.911449	0.885507	0.902754	0.885362	0.904348	0.883188	0.884203	0.886232	0.869565	0.866232	0.883768	0.904348	0.886232	0.896812	0.857681	0.857536	0.875072	0.863623	0.858116	0.857971	0.882464	0.857681	0.850580	0.866377	0.865797	0.824638	0.860870	0.866812	0.883768	0.876812	0.869710	0.871884	0.883768	0.902029	0.866377	0.855507	0.869710	0.879420	0.901884	0.879275	0.886667	0.865797	0.863623	0.865797	0.866812	0.883768	0.904348	0.870580	0.896232	0.881159	0.874928	0.884203	0.859275	0.865797	0.916377	0.973913	0.875073	0.872464	0.865797	0.883768	0.886377	0.858116	0.878841	0.869565	0.885507	0.882754	0.904348	0.844638	0.871159	0.973913	0.876667	0.881159	0.885362	0.898985	0.865797	0.856377	0.870145	0.902029	0.875072	0.873333	0.852029	0.870580	0.873188	0.883768	0.901449	0.865797	0.859855	0.788406	0.915797	1.159420	0.840145	0.865797	0.866667	0.857971	0.894638	0.857971	0.901449	0.883768	0.862464	0.881159	0.847246	0.846377	0.894638	0.892754	0.915797	0.918551	0.904348	0.878406	0.904348	0.871159	0.892754	0.895072	0.883768	0.891884	0.865942	0.904928	0.876232	0.905072	0.883768	0.883768	0.873623	0.873188	0.857102	0.881159	0.874928	0.899275	0.904492	0.874638	0.871884	0.883623	0.902029	0.883188	0.864638	0.904348	0.887536	0.902899	0.925362	0.910145	0.886377	0.883768	0.866812	0.902754	0.909855	0.922899	0.912319	0.864203	0.904348	0.870580	0.887246	0.883768	0.898696	0.868985	0.890725	0.884203	0.922319	0.902754	0.904348	0.904348	0.924928	0.903188	1.044638	0.893333	0.788406	0.881159	0.896812	0.909420	0.881884	0.895072	0.897246	0.904348	0.892754	0.921739	0.903333	0.920725	0.903188	0.921594	0.914203	0.915797	0.913623	0.889275	0.925507	0.898840	0.894928	0.902029	0.890145	0.910725	0.896377	0.915942	0.898551	0.883188	0.900725	0.886957	0.896232	0.883188	0.904348	0.877246	0.876232	0.912464	0.914203	0.882754	0.909855	0.921159	0.904348	0.912899	0.938406	0.935072	0.933333	0.897101	0.972899	0.933913	0.904928	0.973913	0.910145	0.903623	0.915942	0.939130	0.898551	0.903333	0.905072	0.904348	0.895072	0.894493	0.920145	0.949275	0.951015	0.951594	0.929275	0.947971	0.920145	0.937101	0.973913	0.933768	0.973913	0.972754	0.973913	0.951594	0.937101	0.931739	0.931594	0.937536	0.901449	0.914493	0.973913	0.948985	0.988406	0.934638	0.973913	0.934058	0.973913	0.922899	0.938551	0.925507	0.941884	0.955942	0.947246	0.973913	0.939130	0.937536	0.957102	0.973913	0.962319	0.938406	0.935942	0.936812	0.973913	0.976812	0.921159	0.969565	0.939130	0.940145	0.973913	0.973913	0.962319	0.931594	0.946667	0.964058	0.926812	0.934783	0.914203	0.933333	0.939130	0.910725	0.937971	0.915797	0.904348	0.921739	0.931159	0.913043	0.912899	0.920725	0.937536	0.932609	0.934203	0.907246	0.927101	0.911739	0.937971	0.939130	0.973913	0.922899	0.899855	0.946812	0.922899	0.963623	0.921739	0.937971	0.925072	0.972899	0.914203	0.940290	0.915942	0.946812	0.951159	0.951015	0.904348	0.909275	0.913623	0.911449	0.885797	0.883768	0.901594	0.904928	0.921739	0.922899	0.937971	0.931159	0.913623	0.913043	0.946232	0.883623	0.892754	0.904348	0.929420	0.898551	0.904348	0.904348	0.904348	0.904348	0.914493	0.892754	0.884928	0.921739	0.883768	0.866377	0.788406	0.909130	0.876232	0.911449	0.915942	0.932029	0.901449	0.877246	0.887681	0.937971	0.951594	0.887246	0.904348	0.876232	0.921159	0.904348	0.916377	0.884493	0.896377	0.904348	0.929275	0.912319	0.902754	0.912029	0.904348	0.906667	0.904348	0.914203	0.914203	0.914203	0.894928	0.886957	0.881159	0.904348	0.876812	0.898551	0.920580	0.909710	0.885942	0.903333	0.911449	0.901015	0.878116	0.896812	0.888116	0.905362	0.914203	0.904348	0.920580	0.904348	0.912319	0.973913	0.922899	0.904493	0.935942	0.920435	0.912464	0.915942	0.922899	0.890145	0.907246	0.898551	0.886812	0.904348	0.913913	0.925362	0.929275	0.925507	0.935362	0.922899	0.930290	0.910145	0.886232	0.914203	0.914203	0.905218	0.921594	0.973913	0.881159	0.874928	0.905507	1.133333	0.915942	0.898985	0.892464	0.885942	0.901449	0.883623	0.906377	0.907246	0.915942	0.903768	0.918841	0.904348	0.920725	0.925507	0.904348	0.939710	0.901449	0.910145	0.936232	0.955507	0.907246	0.932898	0.940290	0.903333	0.933768	0.910145	0.931015	0.915797	0.918985	0.931884	0.915942	0.924493	0.918116	0.920580	0.929855	0.950725	0.924493	0.935507	0.933333	0.904348	0.907102	0.953188	0.921594	0.920580	0.920145	0.915942	0.924493	0.951594	0.946812	0.962319	0.904348	0.994638	0.931015	0.946812	0.921884	0.912029	0.962319	0.939130	0.927681	0.985507	0.951159	0.936377	0.885942	0.910145	0.912899	0.938551	0.938986	0.946232	0.933333	0.899855	0.929275	0.921159	0.904348	0.935797	0.901449	0.904348	0.920580	0.896812	0.924928	0.903333	0.921884	0.859275	0.883188	0.902754	0.869565	0.912319	0.916812	0.883188	0.891449	0.884203	0.899855	0.879420	0.869565	0.872464	0.878841	0.904928	0.902754	0.925507	0.892754	0.921159	0.931159	0.886957	0.973913	0.901449	0.929420	0.915942	0.897246	0.892754	0.898406	0.885797	0.868406	0.887246	0.895072	0.884203	0.918406	0.902754	0.866812	0.904348	0.892754	0.883623	0.894058	0.863623	0.866812	0.923188	0.927536	0.896232	0.889130	0.885507	0.883623	0.915797	0.915942	0.896667	0.904348	0.973913	0.874058	0.883768	0.973913	0.876812	0.886377	0.895797	0.927101	0.874058	0.891884	0.907681	0.874638	0.884203	0.883188	0.902029	0.904348	0.871159	0.900145	0.903333	0.885507	0.876667	0.892464	0.866232	0.900290	0.883623	0.914203	0.878406	0.892464	0.899275	0.886957	0.883623	0.973913	0.921594	0.892464	0.925507	0.921594	0.934637	0.973913	0.884928	0.973913	0.886812	0.973913	0.901449	0.937536	0.973913	0.951159	0.973913	0.939130	0.916812	0.918406	0.910145	0.968551	0.903333	0.973913	0.903333	0.937971	0.938551	0.884928	0.904348	0.894638	0.901449	0.882029	0.902029	0.886957	0.904348	0.901015	0.973913	0.973913	0.904493	0.869565	0.874638	0.904348	0.903333	0.902029	0.884928	0.904348	0.884928	0.898406	0.901159	0.891884	0.929275	0.903333	0.858116	0.894638	0.973913	0.913623	0.934203	0.973913	0.901449	0.935942	0.936812	0.921014	0.913768	0.916812	0.903768	0.915797	0.920145	0.885507	0.898116	0.890725	0.859275	0.894928	0.902754	0.874638	0.878116	0.857971	0.876232	0.881159	0.903333	0.886377	0.866232	0.901015	0.904348	0.899420	0.884928	0.896812	0.915942	0.921739	0.885507	0.973913	0.885507	0.884928	0.925362	0.901449	0.922899	0.883188	0.885507	0.880290	0.904348	0.973913	0.904348	0.904348	0.896812	0.918551	0.920725	0.912899	0.902754	0.892754	0.916087	0.918406	0.903623	0.866812	0.876812	0.902754	0.885942	0.918406	0.904348	0.886957	0.914203	0.914203	0.902029	0.876232	0.920725	0.897681	0.914203	0.918116	0.908841	0.922319	0.931449	0.885942	0.915942	0.889276	0.922899	0.904348	0.895652	0.914203	0.900290	0.914203	0.903333	0.871159	0.912319	0.788406	0.904348	0.894058	0.920725	0.870580	0.922899	0.885362	0.904493	0.875362	0.910145	0.901159	0.896812	0.918406	0.884493	0.904203	0.934058	0.973913	0.898406	0.896812	0.904348	0.918551	0.918985	0.861014	0.911449	0.886957	0.884203	0.885073	0.885507	0.884203	0.884203	0.881449
%%%	Left Pupil Profile (1st row -> 1 == valid tracking, 0 == invalid tracking; 2nd row -> time; 3rd row -> diameter (mm))
%%%	0	0	0	0	0	0	0	0	0	0	0	0	0	0	0	0	0	0	0	0	0	0	0	0	0	0	0	0	0	0	0	0	0	0	0	0	0	0	0	0	0	0	0	0	0	0	0	0	0	0	0	0	0	0	0	0	0	0	0	0	0	0	0	0	0	0	0	0	0	0	0	0	0	0	0	0	0	0	0	0	0	0	0	0	0	0	0	0	0	0	0	0	0	0	0	0	0	0	0	0	0	0	0	0	0	0	0	0	0	0	0	0	0	0	0	0	0	0	0	0	0	0	0	0	0	0	0	0	0	0	0	0	0	0	0	0	0	0	0	0	0	0	0	0	0	0	0	0	0	0	0	0	0	0	0	0	0	0	0	0	0	0	0	0	0	0	0	0	0	0	0	0	0	0	0	0	0	0	0	0	0	0	0	0	0	0	0	0	0	0	0	0	0	0	0	0	0	0	0	0	0	0	0	0	0	0	0	0	0	0	0	0	0	0	0	0	0	0	0	0	0	0	0	0	0	0	0	0	0	0	0	0	0	0	0	0	0	0	0	0	0	0	0	0	0	0	0	0	0	0	0	0	0	0	0	0	0	0	0	0	0	0	0	0	0	0	0	0	0	0	0	0	0	0	0	0	0	0	0	0	0	0	0	0	0	0	0	0	0	0	0	0	0	0	0	0	0	0	0	0	0	0	0	0	0	0	0	0	0	0	0	0	0	0	0	0	0	0	0	0	0	0	0	0	0	0	0	0	0	0	0	0	0	0	0	0	0	0	0	0	0	0	0	0	0	0	0	0	0	0	0	0	0	0	0	0	0	0	0	0	0	0	0	0	0	0	0	0	0	0	0	0	0	0	0	0	0	0	0	0	0	0	0	0	0	0	0	0	0	0	0	0	0	0	0	0	0	0	0	0	0	0	0	0	0	0	0	0	0	0	0	0	0	0	0	0	0	0	0	0	0	0	0	0	0	0	0	0	0	0	0	0	0	0	0	0	0	0	0	0	0	0	0	0	0	0	0	0	0	0	0	0	0	0	0	0	0	0	0	0	0	0	0	0	0	0	0	0	0	0	0	0	0	0	0	0	0	0	0	0	0	0	0	0	0	0	0	0	0	0	0	0	0	0	0	0	0	0	0	0	0	0	0	0	0	0	0	0	0	0	0	0	0	0	0	0	0	0	0	0	0	0	0	0	0	0	0	0	0	0	0	0	0	0	0	0	0	0	0	0	0	0	0	0	0	0	0	0	0	0	0	0	0	0	0	0	0	0	0	0	0	0	0	0	0	0	0	0	0	0	0	0	0	0	0	0	0	0	0	0	0	0	0	0	0	0	0	0	0	0	0	0	0	0	0	0	0	0	0	0	0	0	0	0	0	0	0	0	0	0	0	0	0	0	0	0	0	0	0	0	0	0	0	0	0	0	0	0	0	0	0	0	0	0	0	0	0	0	0	0	0	0	0	0	0	0	0	0	0	0	0	0	0	0	0	0	0	0	0	0	0	0	0	0	0	0	0	0	0	0	0	0	0	0	0	0	0	0	0	0	0	0	0	0	0	0	0	0	0	0	0	0	0	0	0	0	0	0	0	0	0	0	0	0	0	0	0	0	0	0	0	0	0	0	0	0	0	0	0	0	0	0	0	0	0	0	0	0	0	0	0	0	0	0	0	0	0	0	0	0	0	0	0	0	0	0	0	0	0	0	0	0	0	0	0	0	0	0	0	0	0	0	0	0	0	0	0	0	0	0	0	0	0	0	0	0	0	0	0	0	0	0	0	0	0	0	0	0	0	0	0	0	0	0	0	0	0	0	0	0	0	0	0	0	0	0	0	0	0	0	0	0	0	0	0	0	0	0	0	0	0	0	0	0	0	0	0	0	0	0	0	0	0	0	0	0	0	0	0	0	0	0	0	0	0	0	0	0	0	0	0	0	0	0	0	0	0	0	0	0	0	0	0	0	0	0	0	0	0	0	0	0	0	0	0	0	0	0	0	0	0	0	0	0	0	0	0	0	0	0	0	0	0	0	0	0	0	0	0	0	0	0
%%%	-0.066000	-0.035000	-0.004000	0.028000	0.074000	0.106000	0.137000	0.168000	0.199000	0.230000	0.262000	0.293000	0.340000	0.371000	0.402000	0.433000	0.464000	0.496000	0.527000	0.574000	0.605000	0.636000	0.667000	0.698000	0.730000	0.761000	0.808000	0.839000	0.870000	0.901000	0.932000	0.964000	0.995000	1.026000	1.073000	1.104000	1.135000	1.166000	1.198000	1.229000	1.260000	1.307000	1.338000	1.369000	1.400000	1.432000	1.463000	1.494000	1.525000	1.572000	1.603000	1.634000	1.666000	1.697000	1.728000	1.759000	1.806000	1.837000	1.868000	1.900000	1.931000	1.962000	1.993000	2.040000	2.071000	2.102000	2.134000	2.165000	2.196000	2.227000	2.258000	2.305000	2.336000	2.368000	2.399000	2.430000	2.461000	2.492000	2.539000	2.570000	2.602000	2.633000	2.664000	2.695000	2.726000	2.758000	2.804000	2.836000	2.867000	2.898000	2.929000	2.960000	2.992000	3.038000	3.070000	3.101000	3.132000	3.163000	3.194000	3.226000	3.272000	3.304000	3.335000	3.366000	3.397000	3.428000	3.460000	3.491000	3.538000	3.569000	3.600000	3.631000	3.662000	3.694000	3.725000	3.772000	3.803000	3.834000	3.865000	3.896000	3.928000	3.959000	4.006000	4.037000	4.068000	4.099000	4.130000	4.162000	4.193000	4.224000	4.271000	4.302000	4.333000	4.364000	4.396000	4.427000	4.458000	4.505000	4.536000	4.567000	4.598000	4.630000	4.661000	4.692000	4.739000	4.770000	4.801000	4.832000	4.864000	4.895000	4.926000	4.957000	5.004000	5.035000	5.066000	5.098000	5.129000	5.160000	5.191000	5.238000	5.269000	5.300000	5.332000	5.363000	5.394000	5.425000	5.456000	5.503000	5.534000	5.566000	5.597000	5.628000	5.659000	5.690000	5.737000	5.768000	5.800000	5.831000	5.862000	5.893000	5.924000	5.971000	6.002000	6.034000	6.065000	6.096000	6.127000	6.158000	6.190000	6.236000	6.268000	6.299000	6.330000	6.361000	6.392000	6.424000	6.470000	6.502000	6.533000	6.564000	6.595000	6.626000	6.658000	6.704000	6.736000	6.767000	6.798000	6.829000	6.860000	6.892000	6.923000	6.970000	7.001000	7.032000	7.063000	7.094000	7.126000	7.157000	7.204000	7.235000	7.266000	7.297000	7.328000	7.360000	7.391000	7.422000	7.469000	7.500000	7.531000	7.562000	7.594000	7.625000	7.656000	7.703000	7.734000	7.765000	7.796000	7.828000	7.859000	7.890000	7.937000	7.968000	7.999000	8.030000	8.062000	8.093000	8.124000	8.155000	8.202000	8.233000	8.264000	8.296000	8.327000	8.358000	8.389000	8.436000	8.467000	8.498000	8.530000	8.561000	8.592000	8.623000	8.670000	8.701000	8.732000	8.764000	8.795000	8.826000	8.857000	8.888000	8.935000	8.966000	8.998000	9.029000	9.060000	9.091000	9.122000	9.169000	9.200000	9.232000	9.263000	9.294000	9.325000	9.356000	9.388000	9.434000	9.466000	9.497000	9.528000	9.559000	9.590000	9.622000	9.668000	9.700000	9.731000	9.762000	9.793000	9.824000	9.856000	9.902000	9.934000	9.965000	9.996000	10.027000	10.058000	10.090000	10.121000	10.168000	10.199000	10.230000	10.261000	10.292000	10.324000	10.355000	10.402000	10.433000	10.464000	10.495000	10.526000	10.558000	10.589000	10.636000	10.667000	10.698000	10.729000	10.760000	10.792000	10.823000	10.854000	10.901000	10.932000	10.963000	10.994000	11.026000	11.057000	11.088000	11.135000	11.166000	11.197000	11.228000	11.260000	11.291000	11.322000	11.369000	11.400000	11.431000	11.462000	11.494000	11.525000	11.556000	11.587000	11.634000	11.665000	11.696000	11.728000	11.759000	11.790000	11.821000	11.868000	11.899000	11.930000	11.962000	11.993000	12.024000	12.055000	12.102000	12.133000	12.164000	12.196000	12.227000	12.258000	12.289000	12.320000	12.367000	12.398000	12.430000	12.461000	12.492000	12.523000	12.554000	12.601000	12.632000	12.664000	12.695000	12.726000	12.757000	12.788000	12.820000	12.866000	12.898000	12.929000	12.960000	12.991000	13.022000	13.054000	13.100000	13.132000	13.163000	13.194000	13.225000	13.256000	13.288000	13.319000	13.366000	13.397000	13.428000	13.459000	13.490000	13.522000	13.553000	13.600000	13.631000	13.662000	13.693000	13.724000	13.756000	13.787000	13.834000	13.865000	13.896000	13.927000	13.958000	13.990000	14.021000	14.052000	14.099000	14.130000	14.161000	14.192000	14.224000	14.255000	14.286000	14.333000	14.364000	14.395000	14.426000	14.458000	14.489000	14.520000	14.567000	14.598000	14.629000	14.660000	14.692000	14.723000	14.754000	14.785000	14.832000	14.863000	14.894000	14.926000	14.957000	14.988000	15.019000	15.066000	15.097000	15.128000	15.160000	15.191000	15.222000	15.253000	15.300000	15.331000	15.362000	15.394000	15.425000	15.456000	15.487000	15.518000	15.565000	15.596000	15.628000	15.659000	15.690000	15.721000	15.752000	15.799000	15.830000	15.862000	15.893000	15.924000	15.955000	15.986000	16.033000	16.064000	16.096000	16.127000	16.158000	16.189000	16.220000	16.252000	16.298000	16.330000	16.361000	16.392000	16.423000	16.454000	16.486000	16.532000	16.564000	16.595000	16.626000	16.657000	16.688000	16.720000	16.766000	16.798000	16.829000	16.860000	16.891000	16.922000	16.954000	16.985000	17.032000	17.063000	17.094000	17.125000	17.156000	17.188000	17.219000	17.250000	17.297000	17.328000	17.359000	17.390000	17.422000	17.453000	17.484000	17.531000	17.562000	17.593000	17.624000	17.656000	17.687000	17.718000	17.765000	17.796000	17.827000	17.858000	17.890000	17.921000	17.952000	17.983000	18.030000	18.061000	18.092000	18.124000	18.155000	18.186000	18.217000	18.264000	18.295000	18.326000	18.358000	18.389000	18.420000	18.451000	18.498000	18.529000	18.560000	18.592000	18.623000	18.654000	18.685000	18.716000	18.763000	18.794000	18.826000	18.857000	18.888000	18.919000	18.950000	18.997000	19.028000	19.060000	19.091000	19.122000	19.153000	19.184000	19.231000	19.262000	19.294000	19.325000	19.356000	19.387000	19.418000	19.450000	19.496000	19.528000	19.559000	19.590000	19.621000	19.652000	19.684000	19.730000	19.762000	19.793000	19.824000	19.855000	19.886000	19.918000	19.964000	19.996000	20.027000	20.058000	20.089000	20.120000	20.152000	20.183000	20.230000	20.261000	20.292000	20.323000	20.354000	20.386000	20.417000	20.464000	20.495000	20.526000	20.557000	20.588000	20.620000	20.651000	20.698000	20.729000	20.760000	20.791000	20.822000	20.854000	20.885000	20.916000	20.963000	20.994000	21.025000	21.056000	21.088000	21.119000	21.150000	21.181000	21.228000	21.259000	21.290000	21.322000	21.353000	21.384000	21.415000	21.462000	21.493000	21.524000	21.556000	21.587000	21.618000	21.649000	21.696000	21.727000	21.758000	21.790000	21.821000	21.852000	21.883000	21.914000	21.961000	21.992000	22.024000	22.055000	22.086000	22.117000	22.148000	22.195000	22.226000	22.258000	22.289000	22.320000	22.351000	22.382000	22.429000	22.460000	22.492000	22.523000	22.554000	22.585000	22.616000	22.648000	22.694000	22.726000	22.757000	22.788000	22.819000	22.850000	22.882000	22.928000	22.960000	22.991000	23.022000	23.053000	23.084000	23.116000	23.162000	23.194000	23.225000	23.256000	23.287000	23.318000	23.350000	23.381000	23.428000	23.459000	23.490000	23.521000	23.552000	23.584000	23.615000	23.662000	23.693000	23.724000	23.755000	23.786000	23.818000	23.849000	23.896000	23.927000	23.958000	23.989000	24.020000	24.052000	24.083000	24.114000	24.161000	24.192000	24.223000	24.254000	24.286000	24.317000	24.348000	24.395000	24.426000	24.457000	24.488000	24.520000	24.551000	24.582000	24.629000	24.660000	24.691000	24.722000	24.754000	24.785000	24.816000	24.847000	24.894000	24.925000	24.956000	24.988000	25.019000	25.050000	25.081000	25.128000	25.159000	25.190000	25.222000	25.253000	25.284000	25.315000	25.346000	25.393000	25.424000	25.456000	25.487000	25.518000	25.549000	25.580000	25.627000	25.658000	25.690000	25.721000	25.752000	25.783000	25.814000	25.846000	25.892000	25.924000	25.955000	25.986000	26.017000	26.048000	26.080000	26.126000	26.158000	26.189000	26.220000	26.251000	26.282000	26.314000	26.360000	26.392000	26.423000	26.454000	26.485000	26.516000	26.548000	26.579000	26.626000	26.657000	26.688000	26.719000	26.750000	26.782000	26.813000	26.860000	26.891000	26.922000	26.953000	26.984000	27.016000	27.047000	27.094000	27.125000	27.156000	27.187000	27.218000	27.250000	27.281000	27.312000	27.359000	27.390000	27.421000	27.452000	27.484000	27.515000	27.546000	27.593000	27.624000	27.655000	27.686000	27.718000	27.749000	27.780000	27.827000	27.858000	27.889000	27.920000	27.952000	27.983000	28.014000	28.045000	28.092000	28.123000	28.154000	28.186000	28.217000	28.248000	28.279000	28.326000	28.357000	28.388000	28.420000	28.451000	28.482000	28.513000	28.560000	28.591000	28.622000	28.654000	28.685000	28.716000	28.747000	28.778000	28.825000	28.856000	28.888000	28.919000	28.950000	28.981000	29.013000	29.059000	29.091000	29.122000	29.153000	29.184000	29.215000	29.247000	29.278000	29.325000	29.356000	29.387000	29.418000	29.449000	29.481000	29.512000	29.559000	29.590000	29.621000	29.652000	29.683000	29.715000	29.746000	29.793000	29.824000	29.855000	29.886000	29.917000	29.949000
%%%	13.913043	13.913043	13.913043	13.913043	13.913043	13.913043	13.913043	13.913043	13.913043	13.913043	13.913043	13.913043	13.913043	13.913043	13.913043	13.913043	13.913043	13.913043	13.913043	13.913043	13.913043	13.913043	13.913043	13.913043	13.913043	13.913043	13.913043	13.913043	13.913043	13.913043	13.913043	13.913043	13.913043	13.913043	13.913043	13.913043	13.913043	13.913043	13.913043	13.913043	13.913043	13.913043	13.913043	13.913043	13.913043	13.913043	13.913043	13.913043	13.913043	13.913043	13.913043	13.913043	13.913043	13.913043	13.913043	13.913043	13.913043	13.913043	13.913043	13.913043	13.913043	13.913043	13.913043	13.913043	13.913043	13.913043	13.913043	13.913043	13.913043	13.913043	13.913043	13.913043	13.913043	13.913043	13.913043	13.913043	13.913043	13.913043	13.913043	13.913043	13.913043	13.913043	13.913043	13.913043	13.913043	13.913043	13.913043	13.913043	13.913043	13.913043	13.913043	13.913043	13.913043	13.913043	13.913043	13.913043	13.913043	13.913043	13.913043	13.913043	13.913043	13.913043	13.913043	13.913043	13.913043	13.913043	13.913043	13.913043	13.913043	13.913043	13.913043	13.913043	13.913043	13.913043	13.913043	13.913043	13.913043	13.913043	13.913043	13.913043	13.913043	13.913043	13.913043	13.913043	13.913043	13.913043	13.913043	13.913043	13.913043	13.913043	13.913043	13.913043	13.913043	13.913043	13.913043	13.913043	13.913043	13.913043	13.913043	13.913043	13.913043	13.913043	13.913043	13.913043	13.913043	13.913043	13.913043	13.913043	13.913043	13.913043	13.913043	13.913043	13.913043	13.913043	13.913043	13.913043	13.913043	13.913043	13.913043	13.913043	13.913043	13.913043	13.913043	13.913043	13.913043	13.913043	13.913043	13.913043	13.913043	13.913043	13.913043	13.913043	13.913043	13.913043	13.913043	13.913043	13.913043	13.913043	13.913043	13.913043	13.913043	13.913043	13.913043	13.913043	13.913043	13.913043	13.913043	13.913043	13.913043	13.913043	13.913043	13.913043	13.913043	13.913043	13.913043	13.913043	13.913043	13.913043	13.913043	13.913043	13.913043	13.913043	13.913043	13.913043	13.913043	13.913043	13.913043	13.913043	13.913043	13.913043	13.913043	13.913043	13.913043	13.913043	13.913043	13.913043	13.913043	13.913043	13.913043	13.913043	13.913043	13.913043	13.913043	13.913043	13.913043	13.913043	13.913043	13.913043	13.913043	13.913043	13.913043	13.913043	13.913043	13.913043	13.913043	13.913043	13.913043	13.913043	13.913043	13.913043	13.913043	13.913043	13.913043	13.913043	13.913043	13.913043	13.913043	13.913043	13.913043	13.913043	13.913043	13.913043	13.913043	13.913043	13.913043	13.913043	13.913043	13.913043	13.913043	13.913043	13.913043	13.913043	13.913043	13.913043	13.913043	13.913043	13.913043	13.913043	13.913043	13.913043	13.913043	13.913043	13.913043	13.913043	13.913043	13.913043	13.913043	13.913043	13.913043	13.913043	13.913043	13.913043	13.913043	13.913043	13.913043	13.913043	13.913043	13.913043	13.913043	13.913043	13.913043	13.913043	13.913043	13.913043	13.913043	13.913043	13.913043	13.913043	13.913043	13.913043	13.913043	13.913043	13.913043	13.913043	13.913043	13.913043	13.913043	13.913043	13.913043	13.913043	13.913043	13.913043	13.913043	13.913043	13.913043	13.913043	13.913043	13.913043	13.913043	13.913043	13.913043	13.913043	13.913043	13.913043	13.913043	13.913043	13.913043	13.913043	13.913043	13.913043	13.913043	13.913043	13.913043	13.913043	13.913043	13.913043	13.913043	13.913043	13.913043	13.913043	13.913043	13.913043	13.913043	13.913043	13.913043	13.913043	13.913043	13.913043	13.913043	13.913043	13.913043	13.913043	13.913043	13.913043	13.913043	13.913043	13.913043	13.913043	13.913043	13.913043	13.913043	13.913043	13.913043	13.913043	13.913043	13.913043	13.913043	13.913043	13.913043	13.913043	13.913043	13.913043	13.913043	13.913043	13.913043	13.913043	13.913043	13.913043	13.913043	13.913043	13.913043	13.913043	13.913043	13.913043	13.913043	13.913043	13.913043	13.913043	13.913043	13.913043	13.913043	13.913043	13.913043	13.913043	13.913043	13.913043	13.913043	13.913043	13.913043	13.913043	13.913043	13.913043	13.913043	13.913043	13.913043	13.913043	13.913043	13.913043	13.913043	13.913043	13.913043	13.913043	13.913043	13.913043	13.913043	13.913043	13.913043	13.913043	13.913043	13.913043	13.913043	13.913043	13.913043	13.913043	13.913043	13.913043	13.913043	13.913043	13.913043	13.913043	13.913043	13.913043	13.913043	13.913043	13.913043	13.913043	13.913043	13.913043	13.913043	13.913043	13.913043	13.913043	13.913043	13.913043	13.913043	13.913043	13.913043	13.913043	13.913043	13.913043	13.913043	13.913043	13.913043	13.913043	13.913043	13.913043	13.913043	13.913043	13.913043	13.913043	13.913043	13.913043	13.913043	13.913043	13.913043	13.913043	13.913043	13.913043	13.913043	13.913043	13.913043	13.913043	13.913043	13.913043	13.913043	13.913043	13.913043	13.913043	13.913043	13.913043	13.913043	13.913043	13.913043	13.913043	13.913043	13.913043	13.913043	13.913043	13.913043	13.913043	13.913043	13.913043	13.913043	13.913043	13.913043	13.913043	13.913043	13.913043	13.913043	13.913043	13.913043	13.913043	13.913043	13.913043	13.913043	13.913043	13.913043	13.913043	13.913043	13.913043	13.913043	13.913043	13.913043	13.913043	13.913043	13.913043	13.913043	13.913043	13.913043	13.913043	13.913043	13.913043	13.913043	13.913043	13.913043	13.913043	13.913043	13.913043	13.913043	13.913043	13.913043	13.913043	13.913043	13.913043	13.913043	13.913043	13.913043	13.913043	13.913043	13.913043	13.913043	13.913043	13.913043	13.913043	13.913043	13.913043	13.913043	13.913043	13.913043	13.913043	13.913043	13.913043	13.913043	13.913043	13.913043	13.913043	13.913043	13.913043	13.913043	13.913043	13.913043	13.913043	13.913043	13.913043	13.913043	13.913043	13.913043	13.913043	13.913043	13.913043	13.913043	13.913043	13.913043	13.913043	13.913043	13.913043	13.913043	13.913043	13.913043	13.913043	13.913043	13.913043	13.913043	13.913043	13.913043	13.913043	13.913043	13.913043	13.913043	13.913043	13.913043	13.913043	13.913043	13.913043	13.913043	13.913043	13.913043	13.913043	13.913043	13.913043	13.913043	13.913043	13.913043	13.913043	13.913043	13.913043	13.913043	13.913043	13.913043	13.913043	13.913043	13.913043	13.913043	13.913043	13.913043	13.913043	13.913043	13.913043	13.913043	13.913043	13.913043	13.913043	13.913043	13.913043	13.913043	13.913043	13.913043	13.913043	13.913043	13.913043	13.913043	13.913043	13.913043	13.913043	13.913043	13.913043	13.913043	13.913043	13.913043	13.913043	13.913043	13.913043	13.913043	13.913043	13.913043	13.913043	13.913043	13.913043	13.913043	13.913043	13.913043	13.913043	13.913043	13.913043	13.913043	13.913043	13.913043	13.913043	13.913043	13.913043	13.913043	13.913043	13.913043	13.913043	13.913043	13.913043	13.913043	13.913043	13.913043	13.913043	13.913043	13.913043	13.913043	13.913043	13.913043	13.913043	13.913043	13.913043	13.913043	13.913043	13.913043	13.913043	13.913043	13.913043	13.913043	13.913043	13.913043	13.913043	13.913043	13.913043	13.913043	13.913043	13.913043	13.913043	13.913043	13.913043	13.913043	13.913043	13.913043	13.913043	13.913043	13.913043	13.913043	13.913043	13.913043	13.913043	13.913043	13.913043	13.913043	13.913043	13.913043	13.913043	13.913043	13.913043	13.913043	13.913043	13.913043	13.913043	13.913043	13.913043	13.913043	13.913043	13.913043	13.913043	13.913043	13.913043	13.913043	13.913043	13.913043	13.913043	13.913043	13.913043	13.913043	13.913043	13.913043	13.913043	13.913043	13.913043	13.913043	13.913043	13.913043	13.913043	13.913043	13.913043	13.913043	13.913043	13.913043	13.913043	13.913043	13.913043	13.913043	13.913043	13.913043	13.913043	13.913043	13.913043	13.913043	13.913043	13.913043	13.913043	13.913043	13.913043	13.913043	13.913043	13.913043	13.913043	13.913043	13.913043	13.913043	13.913043	13.913043	13.913043	13.913043	13.913043	13.913043	13.913043	13.913043	13.913043	13.913043	13.913043	13.913043	13.913043	13.913043	13.913043	13.913043	13.913043	13.913043	13.913043	13.913043	13.913043	13.913043	13.913043	13.913043	13.913043	13.913043	13.913043	13.913043	13.913043	13.913043	13.913043	13.913043	13.913043	13.913043	13.913043	13.913043	13.913043	13.913043	13.913043	13.913043	13.913043	13.913043	13.913043	13.913043	13.913043	13.913043	13.913043	13.913043	13.913043	13.913043	13.913043	13.913043	13.913043	13.913043	13.913043	13.913043	13.913043	13.913043	13.913043	13.913043	13.913043	13.913043	13.913043	13.913043	13.913043	13.913043	13.913043	13.913043	13.913043	13.913043	13.913043	13.913043	13.913043	13.913043	13.913043	13.913043	13.913043	13.913043	13.913043	13.913043	13.913043	13.913043	13.913043	13.913043	13.913043	13.913043	13.913043	13.913043	13.913043	13.913043	13.913043	13.913043	13.913043	13.913043	13.913043	13.913043	13.913043	13.913043	13.913043	13.913043	13.913043	13.913043	13.913043	13.913043	13.913043	13.913043	13.913043	13.913043	13.913043	13.913043	13.913043	13.913043	13.913043	13.913043	13.913043	13.913043	13.913043	13.913043	13.913043	13.913043	13.913043	13.913043	13.913043	13.913043	13.913043	13.913043	13.913043	13.913043	13.913043	13.913043	13.913043	13.913043	13.913043
%%%	Pulse Index	Stimulus Section Index	Stimulus Section Start Index	Stimulus Section End Index	Pupil Stimulated: 0 = Right, 1 = Left, 2 = Both	Light Metric: 0 = Photopic, 1 = Scopotic, 2 = Radiometric	Stimulus Start Time	Stimulus Duration	Stimulus Pulse Duration	Right Pulse Max Level	Right Pulse Max Color (0123 = WRGB)	Right Pulse Min Level	Right Pulse Min Color (0123 = WRGB)	Left Pulse Max Level	Left Pulse Max Color (0123 = WRGB)	Left Pulse Min Level	Left Pulse Min Color (0123 = WRGB)	Right Data Input Type (0 == RAW DATA, 1 == FITTED DATA, 2 == M. OVERRIDED)	Right ANALYSIS STATE (0 == ABNORMAL, 1 == NORMAL)	Right MAX (mm) (EMPTY if INVALID)	Right MIN (mm) (EMPTY if INVALID)	Right DELTA (mm) (EMPTY if INVALID)	Right CH (%) (EMPTY if INVALID)	Right LAT (sec) (EMPTY if INVALID)	Right CV (mm/s) (EMPTY if INVALID)	Right MCV (mm/s) (EMPTY if INVALID)	Right DV (mm/s) (EMPTY if INVALID)	Left Data Input Type (0 == RAW DATA, 1 == FITTED DATA, 2 == M. OVERRIDED)	Left ANALYSIS STATE (0 == ABNORMAL, 1 == NORMAL)	Left MAX (mm) (EMPTY if INVALID)	Left MIN (mm) (EMPTY if INVALID)	Left DELTA (mm) (EMPTY if INVALID)	Left CH (%) (EMPTY if INVALID)	Left LAT (sec) (EMPTY if INVALID)	Left CV (mm/s) (EMPTY if INVALID)	Left MCV (mm/s) (EMPTY if INVALID)	Left DV (mm/s) (EMPTY if INVALID)
%%%	0	0	17	902	0	0	0.51	29.52	0.51	4.01	3	0.00	3	0.00	3	0.00	3	0	0	0.00	0.00			0.00	0.00	0.00	0.00	0	0	0.00	0.00			0.00	0.00	0.00	0.00
%%%%%%%%%
%%%%%%%%%
%%%%%%%%%
<\SESSION>
