<SESSION>
<VERSION>
2
<\VERSION>
<DATE>
2017-08-10 09:34:48
<\DATE>
<SUBJECT-ID>
c57-1mois-DA-M3-0.6b
<\SUBJECT-ID>
<NOTE>

<\NOTE>
<MIN-MAX-PLOT>
0.100000 51880.761719
<\MIN-MAX-PLOT>
<STIMULUS-DEFINED>
Default
Default Human Relative Spectral Sensitivity
1	0
1	0.500000	0.500000	29.000000	3	3	0.600000	-100.000000	0.100000	-100.000000	0
<\STIMULUS-DEFINED>
<STIMULUS-GENERATED>
4
0	0	0.000000	3	0.000000	0.000000	3	0.000000	0.000000
0	1	0.509000	3	0.075823	4.006067	3	0.000000	0.000000
0	4	1.018000	3	0.000000	0.000000	3	0.000000	0.000000
-1	5	30.027000	0	0.000000	0.000000	0	0.000000	0.000000
<\STIMULUS-GENERATED>
<RIGHT-PUPIL-DATA>
903	1
1	-0.067000	1.477101	345.524994	262.399994
1	-0.036000	1.426812	345.218750	262.481262
1	-0.004000	1.491449	346.431244	261.381256
1	0.042000	1.446377	346.500000	261.500000
1	0.074000	1.442464	346.068756	262.006256
1	0.105000	1.444638	345.975006	263.975006
1	0.136000	1.477681	344.500000	266.375000
1	0.167000	1.444058	345.000000	267.000000
1	0.198000	1.472899	343.556244	267.556244
1	0.230000	1.450580	342.843750	269.156250
1	0.276000	1.463623	343.218750	267.281250
1	0.308000	1.455072	344.075012	266.237488
1	0.339000	1.460870	344.000000	265.000000
1	0.370000	1.461449	345.375000	265.125000
1	0.401000	1.460870	345.500000	264.500000
1	0.432000	1.438986	345.343719	264.618744
1	0.464000	1.437681	345.000000	264.000000
1	0.495000	1.437681	346.250000	263.250000
1	0.542000	1.477681	345.375000	264.500000
1	0.573000	1.460870	346.000000	265.000000
1	0.604000	1.453333	345.149994	266.587494
1	0.635000	1.477246	345.506256	266.993744
0	0.666000	1.344928	346.000000	267.000000
1	0.698000	1.466667	344.625000	268.112488
1	0.729000	1.412754	346.350006	265.399994
1	0.776000	1.351450	346.268921	265.256165
1	0.807000	1.321739	346.000000	265.000000
1	0.838000	1.257536	347.506256	264.943756
1	0.869000	1.181449	347.600006	265.399994
1	0.900000	1.178406	348.056244	264.631256
1	0.932000	1.101449	348.737396	264.275055
1	0.963000	1.075072	348.649994	263.912506
1	0.994000	0.973913	350.000000	263.000000
1	1.041000	0.997246	347.156250	266.593750
1	1.072000	0.999275	347.093750	267.393738
1	1.103000	0.925072	346.631256	268.556244
1	1.134000	0.937536	346.031250	268.968750
1	1.166000	0.951594	348.187500	265.812500
1	1.197000	0.881159	349.000000	266.000000
1	1.228000	0.879855	348.806213	265.193787
1	1.275000	0.898985	348.943756	264.806244
1	1.306000	0.874928	348.818756	265.206268
1	1.337000	0.885797	348.975006	265.774994
1	1.368000	0.892754	348.250000	265.750000
1	1.400000	0.860870	348.250000	267.250000
1	1.431000	0.883768	347.337494	268.274994
1	1.462000	0.895072	347.875000	268.575012
1	1.509000	0.869710	348.543732	267.068756
1	1.540000	0.893333	349.600006	266.225006
1	1.571000	0.872464	348.549988	265.825012
1	1.602000	0.904348	350.000000	265.000000
1	1.634000	0.915797	349.656250	264.843750
1	1.665000	0.904348	350.000000	265.000000
1	1.696000	0.972319	349.093750	265.468750
1	1.727000	0.964638	348.625000	266.625000
1	1.774000	0.951159	347.568756	266.818756
1	1.805000	0.950725	347.250000	268.250000
1	1.836000	0.972899	347.043732	267.493744
1	1.868000	0.973913	346.000000	267.000000
1	1.899000	1.015942	348.375000	265.375000
1	1.930000	0.985942	349.068756	265.068756
1	1.961000	0.957681	348.774994	264.850006
1	2.008000	0.950725	350.000000	265.000000
1	2.039000	0.975072	347.975006	266.412506
1	2.070000	0.973913	346.875000	267.625000
1	2.102000	0.972319	347.018738	268.468750
1	2.133000	0.950725	348.000000	267.000000
1	2.164000	0.997101	348.750000	265.750000
1	2.195000	0.973913	350.000000	263.000000
1	2.242000	0.973913	350.000000	263.000000
1	2.273000	1.013623	350.312500	264.312500
0	2.304000	1.252174	355.000000	260.000000
1	2.336000	0.973913	350.000000	263.000000
1	2.367000	1.008696	350.000000	265.000000
1	2.398000	1.031884	348.000000	266.000000
1	2.429000	1.043333	348.006256	267.543732
1	2.461000	1.049420	347.906250	267.968750
1	2.507000	1.018406	349.331329	265.618744
1	2.539000	1.061449	349.750000	264.250000
1	2.570000	1.043333	349.881256	264.993744
1	2.601000	1.061449	349.737488	264.750000
1	2.632000	1.049420	350.093750	264.343750
1	2.663000	1.020290	351.000000	264.000000
1	2.695000	1.017536	350.368744	265.131256
1	2.741000	1.049275	348.625000	265.875000
1	2.773000	1.070725	348.149994	266.149994
1	2.804000	1.048406	348.312500	267.437500
1	2.835000	1.066667	348.500000	266.500000
1	2.866000	1.062464	349.281250	265.218750
1	2.897000	1.055797	349.043762	266.156250
1	2.929000	1.043333	348.931244	265.493744
1	2.975000	1.057536	348.681244	265.318756
1	3.007000	1.046812	349.493744	265.068756
1	3.038000	1.038986	348.443756	266.443756
1	3.069000	1.079420	348.024994	266.975006
1	3.100000	1.031884	348.000000	267.000000
1	3.131000	1.079420	348.024994	266.024994
1	3.163000	1.079420	349.024994	265.024994
1	3.194000	1.066667	349.000000	264.000000
1	3.241000	1.061015	349.193787	265.243774
1	3.272000	1.079275	349.443756	264.543732
1	3.303000	1.061449	348.750000	265.250000
1	3.334000	1.081015	348.581238	265.981262
1	3.365000	1.081594	348.443756	266.443756
1	3.397000	1.090725	347.875000	267.062500
1	3.428000	1.096812	347.225006	267.774994
1	3.475000	1.081594	348.493744	266.006256
1	3.506000	1.070725	348.149994	265.287506
1	3.537000	1.136232	350.250000	264.750000
1	3.568000	1.081594	349.556244	265.506256
1	3.599000	1.101449	349.062500	265.687500
1	3.631000	1.078841	348.487488	266.000000
1	3.662000	1.094493	347.225006	266.762482
1	3.709000	1.094493	347.225006	267.850006
1	3.740000	1.066667	347.500000	265.500000
1	3.771000	1.030435	348.906250	264.156250
1	3.802000	1.066667	350.000000	263.000000
1	3.833000	1.098406	349.331238	264.781250
1	3.865000	1.066377	349.662506	265.212494
1	3.896000	1.113043	349.000000	264.000000
1	3.927000	1.096812	349.225006	265.774994
1	3.974000	1.082464	348.531311	266.443726
1	4.005000	1.094493	347.850006	267.350006
1	4.036000	1.082319	347.975006	267.574982
1	4.067000	1.095652	349.000000	266.000000
1	4.099000	1.062899	348.262573	265.262451
1	4.130000	1.082174	349.018738	265.218811
1	4.161000	1.082029	349.562500	265.437500
1	4.208000	1.114058	349.481171	265.018707
1	4.239000	1.100725	349.843750	265.668762
1	4.270000	1.100725	349.331238	265.331238
1	4.301000	1.100580	348.312500	266.187500
1	4.333000	1.104928	347.625000	267.250000
1	4.364000	1.066667	346.000000	267.000000
1	4.395000	1.100580	346.812500	266.862488
1	4.426000	1.132754	347.324982	266.274994
1	4.473000	1.131449	347.731232	266.081268
1	4.504000	1.138551	347.825012	265.424988
1	4.535000	1.131014	348.500000	265.299988
1	4.567000	1.146232	348.531250	265.281250
1	4.598000	1.146812	348.543732	265.743744
1	4.629000	1.141449	348.600006	265.149994
1	4.660000	1.155362	348.600006	265.399994
1	4.707000	1.159710	348.662506	264.337494
1	4.738000	1.155362	348.350006	266.774994
1	4.769000	1.182609	348.500000	267.500000
1	4.801000	1.141449	347.587494	267.850006
1	4.832000	1.161449	347.687500	267.812500
1	4.863000	1.177681	348.062500	267.312500
1	4.894000	1.159420	350.000000	267.000000
1	4.941000	1.157536	347.931244	266.681244
0	4.972000	1.066667	350.000000	263.000000
1	5.003000	1.131449	348.743744	266.256256
1	5.035000	1.131594	348.225006	265.475006
1	5.066000	1.124638	348.750000	265.750000
1	5.097000	1.155507	348.006256	267.381256
1	5.128000	1.142029	347.325012	267.424988
1	5.159000	1.144638	346.787506	268.199982
1	5.206000	1.159275	345.906250	268.656250
1	5.237000	1.164638	346.500000	267.500000
1	5.269000	1.176812	347.687500	266.937500
1	5.300000	1.168551	347.806244	267.193756
1	5.331000	1.159420	347.750000	266.750000
1	5.362000	1.212464	348.312500	266.562500
1	5.393000	1.192319	348.131256	266.868744
1	5.440000	1.203768	348.687500	267.062500
1	5.471000	1.222754	348.568756	267.743744
1	5.503000	1.185942	348.493744	268.443756
1	5.534000	1.194203	347.406250	268.531250
1	5.565000	1.203333	347.506256	269.043732
1	5.596000	1.176667	347.968750	268.656250
1	5.627000	1.190145	348.524994	267.162506
1	5.674000	1.194203	349.000000	267.000000
1	5.705000	1.201449	349.012512	266.987488
1	5.737000	1.183188	349.250000	266.562500
1	5.768000	1.174493	349.312500	266.625000
1	5.799000	1.096812	349.774994	265.225006
1	5.830000	1.177246	348.693756	266.931244
1	5.861000	1.171449	348.743744	267.381256
0	5.893000	1.159420	346.000000	267.000000
1	5.939000	1.172029	348.406250	268.281250
1	5.971000	1.176667	349.343750	266.656250
1	6.002000	1.171015	349.700012	266.437500
1	6.033000	1.159275	349.218750	266.093750
1	6.064000	1.175073	349.600006	265.850006
1	6.095000	1.172899	349.168732	266.743744
1	6.127000	1.166667	348.762512	267.237488
1	6.173000	1.171449	348.706268	267.581268
1	6.205000	1.213623	349.437500	267.875000
1	6.236000	1.153188	349.243744	267.256256
1	6.267000	1.212029	349.931244	266.806244
1	6.298000	1.185362	349.531250	266.468750
1	6.329000	1.179275	350.318756	265.681244
1	6.361000	1.182609	350.000000	265.000000
1	6.407000	1.207681	349.993744	266.756256
1	6.439000	1.204928	350.000000	267.250000
1	6.470000	1.205797	349.281250	267.718750
1	6.501000	1.205942	348.706238	268.331238
1	6.532000	1.230580	348.731232	268.318756
1	6.563000	1.225073	349.006256	266.993744
1	6.595000	1.257246	349.418762	266.581238
0	6.626000	1.252754	352.000000	261.000000
1	6.673000	1.249420	349.531250	266.531250
1	6.704000	1.252899	349.593750	267.356262
1	6.735000	1.246812	348.693756	267.318756
1	6.766000	1.257246	347.956238	268.418762
1	6.797000	1.252174	348.250000	268.250000
1	6.829000	1.254636	349.418701	267.005798
1	6.860000	1.252174	349.750000	266.250000
1	6.907000	1.255942	349.812500	266.437500
1	6.938000	1.274058	350.306244	266.306244
1	6.969000	1.261594	350.481262	266.143738
1	7.000000	1.182609	350.000000	265.000000
1	7.031000	1.213768	350.506073	267.093781
1	7.063000	1.220725	349.806244	267.806244
1	7.094000	1.203188	348.712494	267.987518
1	7.125000	1.186811	348.968750	269.031250
1	7.172000	1.165217	349.500000	268.000000
1	7.203000	1.205797	349.000000	266.000000
1	7.234000	1.182609	350.000000	267.000000
1	7.265000	1.167971	349.781250	266.781250
1	7.297000	1.181449	349.975006	266.774994
1	7.328000	1.190000	350.393768	267.118744
1	7.359000	1.165942	350.268738	267.481262
1	7.406000	1.136232	350.000000	267.000000
1	7.437000	1.159420	349.250000	267.750000
1	7.468000	1.195072	349.437500	268.562500
1	7.499000	1.181449	348.975006	269.524994
1	7.531000	1.203188	348.662506	269.012482
1	7.562000	1.231449	348.881256	268.631256
1	7.593000	1.232898	349.731232	267.431244
1	7.640000	1.217391	349.000000	267.000000
1	7.671000	1.229420	350.818756	266.631256
1	7.702000	1.223188	350.500000	267.500000
1	7.733000	1.198840	350.649994	267.350006
1	7.765000	1.198986	349.131256	268.368744
1	7.796000	1.185362	349.518738	268.781250
1	7.827000	1.202319	348.712494	269.274994
1	7.858000	1.202754	348.468750	268.718750
1	7.905000	1.159420	350.000000	271.000000
1	7.936000	1.181449	349.524994	267.225006
1	7.967000	1.171015	349.000000	267.000000
1	7.999000	1.212029	349.931244	267.181244
1	8.030000	1.176812	349.500000	267.500000
1	8.061000	1.202754	349.718750	268.031250
1	8.092000	1.209710	348.568756	268.418732
1	8.139000	1.212029	348.381256	269.181244
1	8.170000	1.181014	348.031250	269.593750
1	8.201000	1.199420	347.625000	269.375000
1	8.233000	1.177681	348.937500	268.687500
1	8.264000	1.201014	349.318756	268.243744
1	8.295000	1.182609	349.500000	267.500000
1	8.326000	1.188551	349.531250	267.531250
1	8.357000	1.190145	349.475006	267.412506
1	8.404000	1.223333	349.593719	268.031219
1	8.435000	1.166667	348.762512	268.237488
1	8.467000	1.185942	348.493744	268.756256
1	8.498000	1.183188	347.575012	269.437500
1	8.529000	1.217391	348.000000	270.000000
1	8.560000	1.182609	348.000000	269.000000
1	8.591000	1.207681	348.681244	268.756256
1	8.638000	1.182609	348.000000	269.000000
1	8.669000	1.226087	348.500000	269.000000
1	8.701000	1.228841	347.906250	269.293762
1	8.732000	1.209275	347.612488	270.937500
1	8.763000	1.229855	347.062500	270.812500
1	8.794000	1.217391	347.000000	271.000000
1	8.825000	1.229855	347.937500	270.500000
1	8.872000	1.165362	348.618744	268.531281
1	8.903000	1.222754	349.431244	269.443756
1	8.935000	1.233623	349.899994	268.850006
1	8.966000	1.182609	350.000000	269.000000
1	8.997000	1.181014	350.981262	268.406250
1	9.028000	1.198840	350.725006	268.962494
1	9.059000	1.172464	350.887512	269.112488
1	9.091000	1.179420	350.662506	269.037506
1	9.137000	1.203333	350.306244	270.256256
1	9.169000	1.181014	349.968750	271.218750
1	9.200000	1.182609	350.000000	271.000000
1	9.231000	1.216232	351.024994	269.774994
1	9.262000	1.202029	351.037506	269.662506
1	9.293000	1.159420	351.000000	270.000000
1	9.325000	1.207536	351.274994	269.287506
1	9.371000	1.212464	351.312500	269.187500
1	9.403000	1.229420	350.818756	268.818756
1	9.434000	1.228985	350.000000	271.000000
1	9.465000	1.246667	349.662506	270.662506
1	9.496000	1.238406	349.543762	271.406250
1	9.527000	1.252174	350.000000	271.000000
1	9.559000	1.252174	349.000000	272.000000
1	9.605000	1.211449	348.843750	270.718750
1	9.637000	1.240580	351.000000	270.000000
1	9.668000	1.272464	350.187500	270.812500
1	9.699000	1.252174	350.500000	270.500000
1	9.730000	1.182609	350.500000	269.500000
1	9.761000	1.275362	352.000000	269.000000
1	9.793000	1.235362	351.375000	270.750000
1	9.824000	1.223188	350.500000	270.500000
1	9.871000	1.237681	350.093750	271.593750
1	9.902000	1.247826	350.375000	271.625000
1	9.933000	1.230580	349.681244	271.881256
1	9.964000	1.205797	349.500000	271.500000
1	9.995000	1.221159	349.437500	271.812500
1	10.027000	1.182609	349.500000	270.500000
1	10.058000	1.256667	349.443756	271.106232
1	10.105000	1.229855	349.312500	271.312500
1	10.136000	1.238406	350.406250	270.456238
1	10.167000	1.252174	349.500000	271.500000
1	10.198000	1.229275	349.087494	271.912506
1	10.229000	1.275362	348.000000	271.000000
0	10.261000	1.252174	350.000000	271.000000
1	10.292000	1.252174	347.750000	273.250000
1	10.339000	1.249275	348.750000	272.500000
1	10.370000	1.217391	349.000000	271.000000
1	10.401000	1.236232	348.912476	271.424988
1	10.432000	1.237971	349.212494	270.787506
1	10.463000	1.241595	349.143890	270.606171
1	10.495000	1.252174	348.750000	271.250000
1	10.526000	1.246377	349.000000	272.000000
1	10.557000	1.220725	348.193756	271.506256
1	10.604000	1.275362	348.000000	271.000000
1	10.635000	1.242754	347.893768	272.943756
1	10.666000	1.274203	348.699982	271.824982
1	10.697000	1.261014	348.818756	270.693756
1	10.729000	1.287536	348.950012	270.787476
1	10.760000	1.273333	349.687500	270.687500
1	10.791000	1.274058	349.693756	270.693756
1	10.838000	1.274058	349.693756	271.693756
1	10.869000	1.304348	348.875000	271.875000
1	10.900000	1.304928	348.125000	272.250000
1	10.931000	1.252174	346.000000	271.000000
1	10.963000	1.309855	348.837494	271.587494
1	10.994000	1.299275	349.081238	271.331238
1	11.025000	1.298551	349.250000	271.250000
1	11.072000	1.305507	348.774994	271.774994
1	11.103000	1.291884	348.312500	272.062500
1	11.134000	1.305942	348.218750	272.218750
1	11.165000	1.298551	347.000000	274.000000
1	11.197000	1.309275	349.187500	270.812500
1	11.228000	1.252174	350.000000	271.000000
1	11.259000	1.266232	348.581268	271.243744
1	11.290000	1.246232	349.343750	270.656250
1	11.337000	1.229275	348.662506	271.337494
1	11.368000	1.233188	348.143738	271.531250
1	11.399000	1.212029	347.931244	272.068756
1	11.431000	1.174493	347.687500	272.375000
1	11.462000	1.182609	348.000000	273.000000
1	11.493000	1.182609	348.000000	273.000000
1	11.524000	1.164493	348.168762	271.206238
1	11.571000	1.203768	348.312500	271.312500
1	11.602000	1.171015	348.250000	270.750000
1	11.633000	1.194203	347.750000	271.750000
1	11.665000	1.189855	347.375000	272.500000
1	11.696000	1.202754	347.031250	272.468750
1	11.727000	1.202899	346.750000	272.750000
1	11.758000	1.229275	347.662506	272.462494
1	11.805000	1.228985	348.000000	273.000000
1	11.836000	1.235797	348.493744	271.806244
1	11.867000	1.265797	348.125000	272.187500
1	11.899000	1.248986	348.662506	271.537506
1	11.930000	1.273623	348.724976	271.150024
1	11.961000	1.278841	348.750000	271.000000
0	11.992000	1.252174	350.000000	271.000000
1	12.023000	1.282754	347.793732	273.006256
1	12.070000	1.281449	347.962494	273.225006
1	12.101000	1.299420	347.687500	273.812500
1	12.133000	1.286957	348.000000	272.000000
1	12.164000	1.282464	348.193756	272.006256
1	12.195000	1.275507	348.906250	271.843750
1	12.226000	1.281449	348.787506	271.975006
1	12.257000	1.253333	348.975006	271.475006
1	12.289000	1.228985	350.000000	271.000000
1	12.335000	1.283623	348.856293	271.993744
1	12.367000	1.294493	348.149994	271.850006
1	12.398000	1.263768	347.750000	273.250000
1	12.429000	1.275362	346.000000	273.000000
1	12.460000	1.272754	347.312469	273.324982
1	12.491000	1.286957	347.750000	272.250000
1	12.523000	1.290725	347.875000	272.062500
1	12.569000	1.294058	347.893738	271.968750
1	12.601000	1.272754	347.712494	271.324982
1	12.632000	1.299855	348.056244	271.193756
1	12.663000	1.252174	350.000000	271.000000
1	12.694000	1.298406	348.843750	271.343750
1	12.725000	1.258116	347.593750	272.656250
1	12.757000	1.298406	347.343750	272.343750
1	12.803000	1.252174	346.750000	273.250000
1	12.835000	1.275362	348.000000	275.000000
1	12.866000	1.275362	346.000000	273.000000
1	12.897000	1.281884	347.543762	272.968750
1	12.928000	1.265942	347.543762	272.206238
1	12.959000	1.252174	350.000000	271.000000
1	12.991000	1.308551	348.706207	272.131256
1	13.022000	1.285797	348.962494	271.975006
1	13.069000	1.291884	348.937500	272.062500
1	13.100000	1.326232	348.493744	272.493744
1	13.131000	1.322319	348.500000	272.625000
1	13.162000	1.285797	347.975006	273.475006
1	13.193000	1.322754	347.506256	273.631256
1	13.225000	1.252174	346.000000	271.000000
1	13.256000	1.298551	349.000000	272.000000
1	13.303000	1.298986	348.806244	272.318756
1	13.334000	1.298551	349.250000	272.250000
1	13.365000	1.327536	349.000000	272.500000
1	13.396000	1.322609	349.349915	272.487488
1	13.427000	1.298551	349.000000	272.000000
1	13.459000	1.437681	346.000000	275.000000
1	13.490000	1.305797	347.762512	274.125000
1	13.537000	1.336377	347.468750	274.468750
1	13.568000	1.304928	346.875000	273.250000
1	13.599000	1.296377	347.031250	273.106262
1	13.630000	1.298551	347.000000	272.000000
1	13.661000	1.328841	348.418762	272.481262
1	13.693000	1.327681	348.406250	272.593750
1	13.724000	1.313768	348.581238	272.856262
1	13.755000	1.304348	347.875000	272.875000
1	13.802000	1.302174	347.250000	273.000000
1	13.833000	1.275362	346.500000	272.500000
1	13.864000	1.267246	346.225006	273.774994
1	13.895000	1.264638	346.562500	273.174988
1	13.927000	1.262464	347.718750	272.718750
1	13.958000	1.264638	346.937500	272.062500
1	13.989000	1.253768	347.593750	272.406250
1	14.036000	1.253333	348.975006	272.362518
1	14.067000	1.262899	347.837494	273.162506
1	14.098000	1.230580	347.118744	273.318756
1	14.129000	1.217246	347.281219	274.493744
1	14.161000	1.255942	347.562500	273.437500
1	14.192000	1.252319	348.043732	273.406158
1	14.223000	1.252174	350.000000	271.000000
1	14.270000	1.240290	347.787506	271.912506
1	14.301000	1.228841	348.093750	273.093750
1	14.332000	1.270725	348.225006	273.612518
1	14.363000	1.252174	346.875000	273.375000
1	14.395000	1.240580	347.000000	274.000000
1	14.426000	1.283768	347.962494	273.024994
1	14.457000	1.275362	348.250000	273.250000
1	14.488000	1.248840	348.443756	272.443756
1	14.535000	1.269565	348.000000	272.000000
1	14.566000	1.254638	348.006226	272.393738
1	14.597000	1.253768	348.406250	272.531250
1	14.629000	1.260145	347.143738	273.143738
1	14.660000	1.257536	346.881256	273.318756
1	14.691000	1.252174	346.000000	275.000000
1	14.722000	1.262029	346.100006	274.512482
1	14.769000	1.252174	346.000000	275.000000
1	14.800000	1.281014	346.218750	273.031250
1	14.831000	1.284203	346.168762	273.031250
1	14.863000	1.283623	347.143768	273.768707
1	14.894000	1.344928	346.000000	275.000000
1	14.925000	1.333333	346.000000	274.000000
1	14.956000	1.324203	346.031219	275.468719
1	15.003000	1.252174	346.000000	275.000000
1	15.034000	1.328551	346.418671	275.556244
1	15.065000	1.329275	346.850006	274.524994
1	15.097000	1.322899	348.024994	273.975006
1	15.128000	1.341884	347.718750	273.718750
1	15.159000	1.344493	348.318756	274.318756
1	15.190000	1.331594	347.524994	274.475006
1	15.221000	1.298551	349.000000	274.000000
1	15.268000	1.351160	347.181244	274.993744
1	15.299000	1.333333	347.000000	274.000000
1	15.331000	1.310290	347.831238	275.156250
1	15.362000	1.310145	348.000000	275.000000
1	15.393000	1.321449	347.887482	273.524994
1	15.424000	1.305362	348.118744	273.881256
1	15.455000	1.283768	349.024994	273.024994
1	15.502000	1.281594	348.993744	273.243744
1	15.533000	1.263188	348.274994	274.199982
1	15.565000	1.275362	348.250000	274.250000
1	15.596000	1.257971	347.000000	274.500000
1	15.627000	1.275362	346.750000	274.750000
1	15.658000	1.240580	347.750000	275.250000
1	15.689000	1.240580	348.000000	273.000000
1	15.736000	1.252174	347.000000	274.000000
1	15.767000	1.251014	348.399994	273.975006
1	15.799000	1.270145	348.187500	274.250000
1	15.830000	1.220580	347.412506	274.962494
1	15.861000	1.276667	347.093750	274.968750
1	15.892000	1.257246	347.581238	275.418762
1	15.923000	1.248406	347.437500	275.562500
1	15.955000	1.228985	348.000000	275.000000
1	16.001000	1.268406	347.350006	275.175018
1	16.033000	1.252174	347.000000	275.000000
1	16.064000	1.275362	348.250000	274.250000
1	16.095000	1.281014	347.968750	275.031250
1	16.126000	1.287536	347.125000	275.125000
1	16.157000	1.290290	347.881256	274.931244
1	16.189000	1.298551	347.500000	276.500000
1	16.235000	1.283623	346.481232	275.993744
1	16.267000	1.318406	347.306244	275.693756
1	16.298000	1.298551	347.000000	276.000000
1	16.329000	1.308116	347.862488	274.862488
1	16.360000	1.344638	348.337494	274.837494
1	16.391000	1.344928	347.000000	274.000000
1	16.423000	1.332029	348.531250	274.543762
1	16.454000	1.340725	348.968750	275.268738
1	16.501000	1.321739	348.000000	275.000000
1	16.532000	1.291884	347.562500	276.062500
1	16.563000	1.272754	347.287506	275.287506
1	16.594000	1.264058	348.225006	274.287506
1	16.625000	1.252899	349.006226	274.368774
1	16.657000	1.211884	348.912506	273.912506
1	16.688000	1.185797	348.912506	273.537506
1	16.735000	1.188116	349.537506	273.487518
1	16.766000	1.185362	349.531250	273.468750
1	16.797000	1.205797	349.000000	274.000000
1	16.828000	1.174493	348.375000	274.375000
1	16.859000	1.192319	348.443756	274.868744
1	16.891000	1.226667	347.937500	274.500000
1	16.922000	1.194058	348.593750	273.468750
1	16.953000	1.182609	350.000000	271.000000
1	17.000000	1.229275	348.662506	273.337494
1	17.031000	1.226087	349.500000	273.500000
1	17.062000	1.236812	348.824982	273.600006
1	17.093000	1.220145	349.031250	274.031250
1	17.125000	1.252174	348.500000	274.500000
1	17.156000	1.173188	349.356262	272.893738
1	17.187000	1.249420	348.468750	273.531250
1	17.234000	1.248406	349.000000	273.500000
1	17.265000	1.255942	349.312500	273.437500
1	17.296000	1.275362	349.250000	273.250000
1	17.327000	1.252174	349.500000	273.500000
1	17.359000	1.252754	348.625000	274.000000
1	17.390000	1.220580	348.212494	274.037506
1	17.421000	1.237971	348.787506	274.600006
1	17.468000	1.251160	348.993744	273.568756
1	17.499000	1.235507	349.856262	273.518738
1	17.530000	1.245652	350.062500	272.500000
1	17.561000	1.240725	349.581238	273.393738
1	17.593000	1.237971	349.787506	273.787506
1	17.624000	1.222899	349.574982	273.962494
1	17.655000	1.242319	349.225006	274.649994
1	17.686000	1.251594	349.000000	275.375000
1	17.733000	1.249420	349.281250	274.531250
1	17.764000	1.248406	348.987488	273.687500
1	17.795000	1.233188	349.531250	273.843750
1	17.827000	1.228841	348.906250	273.293762
1	17.858000	1.264203	349.293732	273.131256
1	17.889000	1.228985	350.000000	273.000000
1	17.920000	1.235942	349.649994	273.649994
1	17.967000	1.275362	350.000000	275.000000
1	17.998000	1.217246	349.631256	274.881256
1	18.029000	1.251594	350.000000	272.750000
1	18.061000	1.221594	350.468750	272.531250
1	18.092000	1.214493	351.250000	272.000000
1	18.123000	1.252174	351.500000	271.500000
1	18.154000	1.230580	351.681244	272.818756
0	18.201000	1.133333	351.700012	270.700012
1	18.232000	1.240580	352.000000	273.000000
1	18.263000	1.238116	352.193756	272.806244
1	18.295000	1.240290	351.787506	270.600006
1	18.326000	1.209275	352.375000	271.500000
1	18.357000	1.228841	352.906250	270.906250
1	18.388000	1.221159	352.750000	271.937500
1	18.419000	1.252174	352.500000	272.500000
1	18.466000	1.237971	351.787506	272.600006
1	18.497000	1.244203	351.143738	273.468750
1	18.529000	1.220725	352.056244	272.756256
1	18.560000	1.182609	352.000000	273.000000
1	18.591000	1.283188	351.812500	272.187500
1	18.622000	1.253333	352.600006	272.637482
1	18.653000	1.217391	352.000000	273.000000
1	18.700000	1.235362	351.750000	274.187500
1	18.731000	1.229275	350.912506	273.912506
1	18.763000	1.217391	351.000000	275.000000
1	18.794000	1.234783	352.000000	273.500000
1	18.825000	1.263768	352.000000	273.000000
1	18.856000	1.263768	352.000000	273.000000
1	18.887000	1.228985	352.000000	273.000000
1	18.934000	1.243623	351.656250	273.056152
1	18.965000	1.237536	352.206238	272.781250
1	18.997000	1.254638	351.943756	274.393646
1	19.028000	1.252319	350.993744	273.756256
0	19.059000	1.066667	354.000000	271.000000
1	19.090000	1.228841	350.906250	275.093750
1	19.121000	1.212029	350.931244	274.068756
1	19.153000	1.217391	351.468750	273.718750
1	19.199000	1.230580	351.318756	273.318756
1	19.231000	1.217391	352.000000	273.000000
1	19.262000	1.212029	351.381256	273.818756
1	19.293000	1.197681	351.387482	274.175018
1	19.324000	1.176812	350.000000	274.500000
1	19.355000	1.203333	349.693756	275.306244
1	19.387000	1.182609	350.000000	273.000000
1	19.433000	1.212029	350.181244	273.818756
1	19.465000	1.217391	351.000000	273.000000
1	19.496000	1.167971	350.781250	273.218750
1	19.527000	1.201160	351.175018	273.324982
1	19.558000	1.192029	350.518799	273.581238
1	19.589000	1.182609	350.000000	273.000000
1	19.621000	1.218406	350.056244	274.443756
1	19.667000	1.217391	349.000000	275.000000
1	19.699000	1.182609	350.000000	275.000000
1	19.730000	1.237536	350.406250	273.781250
1	19.761000	1.231884	351.500000	273.250000
1	19.792000	1.220580	352.037506	273.037506
1	19.823000	1.159420	350.000000	271.000000
1	19.855000	1.253188	352.256256	273.568756
1	19.886000	1.217391	351.000000	273.000000
1	19.933000	1.212464	350.937500	273.812500
1	19.964000	1.224927	350.899994	274.725006
1	19.995000	1.220145	351.781250	273.468750
1	20.026000	1.217391	352.000000	273.000000
1	20.057000	1.216232	352.475006	273.100006
1	20.089000	1.222754	352.381256	272.993744
1	20.120000	1.236377	351.831238	273.543762
1	20.167000	1.211884	351.537506	273.837494
1	20.198000	1.203768	352.012512	273.687500
1	20.229000	1.205942	351.406250	273.656250
1	20.260000	1.228841	352.093750	273.093750
1	20.291000	1.207101	352.968750	272.781250
1	20.323000	1.211884	352.162506	273.087494
1	20.354000	1.182609	352.000000	273.000000
1	20.385000	1.216667	351.606262	274.156250
1	20.432000	1.171449	351.306244	273.618744
1	20.463000	1.205362	351.243744	274.256256
1	20.494000	1.207101	350.768738	274.268738
1	20.525000	1.203768	352.012512	273.687500
1	20.557000	1.167971	353.218750	273.218750
1	20.588000	1.222754	352.568756	273.006256
1	20.619000	1.207536	352.774994	273.725006
1	20.666000	1.195072	352.437500	273.437500
1	20.697000	1.206812	352.243744	274.256256
1	20.728000	1.220145	351.968750	274.531250
1	20.759000	1.217391	352.000000	274.000000
1	20.791000	1.199420	352.625000	273.375000
1	20.822000	1.195072	352.687500	272.562500
1	20.853000	1.203623	353.331238	273.331238
1	20.900000	1.211449	354.581238	273.093750
1	20.931000	1.176667	353.031250	273.343750
1	20.962000	1.228985	353.500000	274.500000
1	20.993000	1.204348	353.625000	274.500000
1	21.025000	1.227971	353.531189	274.718750
1	21.056000	1.159275	352.343750	274.656250
1	21.087000	1.205362	352.256256	274.131256
1	21.118000	1.169565	353.625000	273.625000
1	21.165000	1.198840	352.649994	273.850006
1	21.196000	1.211884	352.912506	274.162506
0	21.227000	1.066667	358.000000	271.000000
1	21.259000	1.176812	353.375000	274.375000
1	21.290000	1.200580	351.799988	274.312500
1	21.321000	1.177681	352.337463	274.625000
1	21.352000	1.182609	352.000000	275.000000
1	21.399000	1.155362	352.600006	274.399994
1	21.430000	1.155942	352.625000	274.375000
1	21.461000	1.182029	352.612488	273.750000
1	21.493000	1.182029	353.000000	273.562500
1	21.524000	1.173768	353.068756	274.381256
1	21.555000	1.182754	352.993744	274.756256
1	21.586000	1.182609	352.500000	274.500000
1	21.617000	1.159420	353.000000	274.000000
1	21.664000	1.177536	352.068726	275.381165
1	21.695000	1.177681	351.937500	275.687500
1	21.727000	1.205507	351.287506	276.287506
1	21.758000	1.171015	351.000000	276.000000
1	21.789000	1.210145	351.531250	274.718750
1	21.820000	1.161014	351.318756	274.368744
1	21.851000	1.240290	352.399994	275.412506
1	21.898000	1.209275	352.187500	274.375000
1	21.929000	1.168406	352.899994	274.262482
1	21.961000	1.232029	352.281250	275.656250
1	21.992000	1.211449	351.843750	275.843750
1	22.023000	1.194928	351.168762	276.131226
1	22.054000	1.182609	350.500000	276.500000
1	22.085000	1.193478	351.406281	275.606232
1	22.132000	1.165362	351.818756	274.506256
1	22.163000	1.182609	352.000000	275.000000
1	22.195000	1.184203	352.281250	274.593750
1	22.226000	1.201014	352.756256	274.493744
1	22.257000	1.164638	352.737488	274.500000
1	22.288000	1.171884	351.912506	274.087494
1	22.319000	1.182609	352.000000	275.000000
1	22.351000	1.164638	352.250000	275.500000
1	22.397000	1.200580	352.250000	274.799988
1	22.429000	1.171449	352.218719	274.381256
1	22.460000	1.182609	352.500000	273.500000
1	22.491000	1.214493	352.000000	274.250000
1	22.522000	1.213623	351.875000	274.887451
1	22.553000	1.182609	352.000000	275.000000
1	22.585000	1.212029	351.818756	275.068756
1	22.631000	1.204638	351.362488	276.000000
1	22.663000	1.207536	351.774994	275.274994
1	22.694000	1.211884	351.537506	275.162506
1	22.725000	1.230580	351.681244	274.318756
1	22.756000	1.203188	352.012482	274.287506
1	22.787000	1.186377	351.437500	273.937500
1	22.819000	1.217391	351.125000	274.625000
1	22.865000	1.203333	352.056183	275.293732
1	22.897000	1.182609	352.000000	275.000000
1	22.928000	1.179275	352.106232	274.681244
1	22.959000	1.205507	352.662506	273.912506
1	22.990000	1.171015	353.000000	272.000000
1	23.021000	1.201160	353.225006	273.337494
1	23.053000	1.204203	353.306244	273.306244
1	23.084000	1.216232	353.024994	273.524994
1	23.131000	1.212464	352.687500	274.937500
1	23.162000	1.235362	352.625000	275.375000
1	23.193000	1.240580	352.250000	275.750000
1	23.224000	1.217391	351.250000	275.750000
1	23.255000	1.217391	351.750000	275.250000
1	23.287000	1.212464	351.937500	275.062500
1	23.318000	1.206377	351.699982	274.975006
1	23.365000	1.176812	351.000000	274.500000
1	23.396000	1.177681	351.437439	275.625000
1	23.427000	1.135507	350.706238	274.268738
1	23.458000	1.177246	350.443756	275.681244
1	23.489000	1.205797	351.000000	276.000000
1	23.521000	1.165797	351.237488	275.125000
1	23.552000	1.171015	352.750000	274.250000
1	23.599000	1.146812	352.256256	274.743744
1	23.630000	1.146232	351.343750	275.718750
1	23.661000	1.136232	351.687500	275.562500
1	23.692000	1.152754	352.562500	275.562500
1	23.723000	1.159420	350.000000	275.000000
1	23.755000	1.134203	352.500000	274.750000
1	23.786000	1.082174	352.056335	273.031250
1	23.817000	1.152319	353.406067	274.593689
1	23.864000	1.122319	353.000000	274.000000
1	23.895000	1.159420	350.000000	275.000000
1	23.926000	1.114638	352.656250	274.856262
1	23.957000	1.134928	352.256256	274.756256
1	23.989000	1.148840	352.318756	275.443756
1	24.020000	1.151014	352.337494	274.712494
1	24.051000	1.026667	352.750000	272.250000
1	24.098000	1.132029	352.268738	274.281250
1	24.129000	1.122319	351.500000	275.000000
1	24.160000	1.150580	352.031250	274.968750
1	24.191000	1.171739	352.375000	275.562500
1	24.223000	1.158551	352.087494	275.649994
1	24.254000	1.159420	354.000000	275.000000
1	24.285000	1.140725	352.156281	274.356293
1	24.316000	1.140145	352.131256	274.868744
1	24.363000	1.113623	352.500000	274.125000
1	24.394000	1.130435	353.000000	274.000000
1	24.425000	1.118551	352.537506	274.712494
1	24.457000	1.136232	352.125000	274.375000
1	24.488000	1.133333	352.299988	275.299988
1	24.519000	1.104928	352.125000	274.875000
1	24.550000	1.136232	354.224884	274.474945
1	24.597000	1.135797	353.556244	273.193756
1	24.628000	1.165072	353.743744	273.743744
1	24.659000	1.140725	353.593750	273.406250
1	24.691000	1.153188	353.381256	273.281219
1	24.722000	1.181449	352.975006	274.024994
1	24.753000	1.178841	352.937500	274.687500
1	24.784000	1.155507	352.006256	274.381256
1	24.831000	1.163623	352.268738	274.718750
1	24.862000	1.159420	351.500000	273.500000
1	24.893000	1.172319	352.656250	274.343750
1	24.925000	1.179420	352.350006	274.475006
1	24.956000	1.165942	351.856140	274.518677
1	24.987000	1.167246	351.212494	275.212494
1	25.018000	1.149710	351.281250	275.281250
1	25.049000	1.161884	351.193756	275.506256
1	25.096000	1.181449	351.975006	275.475006
1	25.127000	1.121015	351.593781	273.593781
1	25.159000	1.153623	352.375000	273.375000
1	25.190000	1.053768	352.093750	271.781250
1	25.221000	1.178841	351.625000	274.375000
1	25.252000	1.150580	352.031250	274.718750
0	25.283000	1.066667	354.000000	271.000000
1	25.330000	1.169420	351.818756	275.443756
1	25.361000	1.184203	352.018738	274.968750
1	25.393000	1.179855	352.031250	273.656250
1	25.424000	1.165797	351.875000	273.750000
1	25.455000	1.148986	351.475006	273.662506
1	25.486000	1.162029	351.337494	273.862457
1	25.517000	1.185942	351.556244	274.506256
1	25.564000	1.185362	351.468750	274.531250
1	25.595000	1.140145	351.131256	275.131256
1	25.627000	1.151160	352.056244	275.681244
1	25.658000	1.165362	351.793732	274.506256
1	25.689000	1.186377	352.437500	274.437500
1	25.720000	1.149275	352.012512	273.312500
1	25.751000	1.163623	352.518738	274.156250
1	25.783000	1.165942	352.156250	273.518738
1	25.829000	1.165362	352.243744	274.506256
1	25.861000	1.181449	351.975006	274.975006
1	25.892000	1.185797	351.537506	275.225006
1	25.923000	1.186377	352.062500	275.437500
1	25.954000	1.171594	352.587494	273.962494
1	25.985000	1.151014	352.412506	274.012482
1	26.017000	1.132754	353.274994	273.725006
1	26.063000	1.155362	353.600006	273.399994
1	26.095000	1.165217	353.000000	273.500000
1	26.126000	1.157971	352.887512	274.112488
1	26.157000	1.140145	352.381256	273.868744
1	26.188000	1.113043	352.500000	274.500000
1	26.219000	1.089855	353.500000	271.500000
0	26.251000	1.113043	353.000000	270.000000
1	26.297000	1.149855	353.037506	273.287506
1	26.329000	1.172609	352.581268	273.581268
1	26.360000	1.150580	352.718750	273.031250
1	26.391000	1.161884	352.806244	274.443756
1	26.422000	1.150870	352.681335	274.318665
1	26.453000	1.159420	354.000000	275.000000
1	26.485000	1.194203	352.375000	275.625000
1	26.516000	1.171015	352.000000	275.000000
1	26.563000	1.199420	352.375000	274.500000
1	26.594000	1.217391	353.000000	274.000000
1	26.625000	1.188116	352.462494	273.912506
1	26.656000	1.197101	352.200012	274.399963
1	26.687000	1.185362	352.218750	274.468750
1	26.719000	1.182029	352.875000	275.375000
1	26.750000	1.176087	352.625000	275.375000
1	26.797000	1.176667	352.968750	273.656250
1	26.828000	1.150290	353.506256	273.306244
1	26.859000	1.159710	353.412506	273.337494
1	26.890000	1.205797	354.250000	274.250000
1	26.921000	1.100580	353.812500	273.312500
1	26.953000	1.163768	354.187500	274.450012
1	26.984000	1.173768	353.318756	274.431244
1	27.031000	1.136232	354.500000	273.500000
1	27.062000	1.151014	355.012482	272.662506
0	27.093000	1.066667	358.000000	271.000000
1	27.124000	1.182609	354.250000	273.750000
1	27.155000	1.218551	353.087494	274.475006
1	27.187000	1.196232	352.799988	274.187500
1	27.218000	1.220580	352.962494	274.774994
1	27.249000	1.192464	352.850006	273.850006
1	27.296000	1.212029	353.318756	274.068756
1	27.327000	1.217391	354.000000	273.000000
1	27.358000	1.200000	353.500000	273.500000
1	27.389000	1.111449	353.843750	271.843750
1	27.421000	1.205797	353.500000	273.500000
1	27.452000	1.217971	352.812500	274.500000
1	27.483000	1.208116	352.750000	274.750000
1	27.530000	1.241884	353.343750	274.281250
1	27.561000	1.257681	353.162506	274.337494
1	27.592000	1.255942	352.937500	273.562500
1	27.623000	1.215797	353.518738	274.156250
1	27.655000	1.242899	353.125000	273.625000
1	27.686000	1.249420	353.468750	274.468750
1	27.717000	1.253333	352.975006	274.362518
0	27.748000	1.066667	354.000000	275.000000
1	27.795000	1.242899	352.625000	274.750000
0	27.826000	1.252174	354.000000	271.000000
1	27.857000	1.170145	353.187500	273.437500
1	27.889000	1.177246	353.956207	273.631256
1	27.920000	1.191884	353.162476	273.562500
1	27.951000	1.066232	353.631256	272.318756
1	27.982000	1.174493	352.062500	274.625000
1	28.029000	1.174493	351.875000	274.625000
1	28.060000	1.171884	352.337494	274.087494
1	28.091000	1.187971	352.493744	273.506256
1	28.123000	1.186810	352.518982	273.880798
1	28.154000	1.164638	353.250000	273.500000
1	28.185000	1.192464	353.100006	274.149994
1	28.216000	1.168986	352.237488	273.562500
1	28.247000	1.168841	352.193695	273.543854
1	28.294000	1.203188	352.712494	274.212494
1	28.325000	1.212464	352.812500	274.424988
1	28.357000	1.170145	353.387512	273.437500
1	28.388000	1.187101	353.556244	272.931244
1	28.419000	1.223333	354.031250	272.781250
1	28.450000	1.223188	354.000000	273.500000
1	28.481000	1.182609	353.500000	273.500000
1	28.528000	1.238986	353.218658	273.831207
1	28.559000	1.239710	353.562500	274.250000
1	28.591000	1.223768	353.437500	274.024963
1	28.622000	1.228985	354.250000	274.250000
1	28.653000	1.226087	353.500000	273.000000
1	28.684000	1.238116	354.193756	273.193756
1	28.715000	1.230580	353.881256	273.318756
1	28.762000	1.255507	354.393768	273.006256
1	28.793000	1.215797	353.518738	273.281250
1	28.825000	1.242899	353.562500	273.750000
1	28.856000	1.268840	353.381256	273.931244
1	28.887000	1.240145	353.381256	274.618744
1	28.918000	1.238116	353.806244	273.381256
1	28.949000	1.222754	353.806244	273.193756
1	28.981000	1.205797	354.500000	272.500000
1	29.027000	1.182609	354.000000	273.000000
1	29.059000	1.132029	353.281250	271.281250
1	29.090000	1.153623	354.250000	273.049988
1	29.121000	1.211594	353.000000	273.000000
1	29.152000	1.172464	353.125000	271.887512
0	29.183000	1.089710	353.843750	271.156250
1	29.215000	1.200725	352.831238	273.081238
1	29.261000	1.218551	353.787506	272.649994
1	29.293000	1.202899	353.950012	272.200012
1	29.324000	1.210290	354.218750	272.393738
1	29.355000	1.205797	353.000000	272.000000
1	29.386000	1.200000	353.500000	273.000000
1	29.417000	1.200000	354.000000	273.500000
1	29.449000	1.179420	354.337494	272.962494
0	29.495000	1.066667	358.000000	271.000000
1	29.527000	1.137971	353.399994	272.162506
1	29.558000	1.177826	354.406250	272.068726
1	29.589000	1.191884	354.125000	272.125000
1	29.620000	1.202754	354.718750	271.968750
0	29.651000	1.066667	358.000000	271.000000
1	29.683000	1.165942	353.156250	272.518738
1	29.714000	1.159275	353.218750	273.093750
0	29.761000	1.061449	354.250000	271.750000
1	29.792000	1.182609	353.750000	272.250000
1	29.823000	1.171159	354.093750	272.406250
1	29.854000	1.165072	354.293732	271.818756
1	29.885000	1.159710	354.662506	271.162506
1	29.917000	1.166232	354.806244	271.806244
1	29.948000	1.141449	353.850006	272.600006
1	29.995000	1.173188	354.356262	272.606262
<\RIGHT-PUPIL-DATA>
<LEFT-PUPIL-DATA>
903	0
0	-0.067000	13.913043	240.000000	320.000000
0	-0.036000	13.913043	240.000000	320.000000
0	-0.004000	13.913043	240.000000	320.000000
0	0.027000	13.913043	240.000000	320.000000
0	0.074000	13.913043	240.000000	320.000000
0	0.105000	13.913043	240.000000	320.000000
0	0.136000	13.913043	240.000000	320.000000
0	0.167000	13.913043	240.000000	320.000000
0	0.198000	13.913043	240.000000	320.000000
0	0.230000	13.913043	240.000000	320.000000
0	0.261000	13.913043	240.000000	320.000000
0	0.308000	13.913043	240.000000	320.000000
0	0.339000	13.913043	240.000000	320.000000
0	0.370000	13.913043	240.000000	320.000000
0	0.401000	13.913043	240.000000	320.000000
0	0.432000	13.913043	240.000000	320.000000
0	0.464000	13.913043	240.000000	320.000000
0	0.495000	13.913043	240.000000	320.000000
0	0.542000	13.913043	240.000000	320.000000
0	0.573000	13.913043	240.000000	320.000000
0	0.604000	13.913043	240.000000	320.000000
0	0.635000	13.913043	240.000000	320.000000
0	0.666000	13.913043	240.000000	320.000000
0	0.698000	13.913043	240.000000	320.000000
0	0.729000	13.913043	240.000000	320.000000
0	0.760000	13.913043	240.000000	320.000000
0	0.807000	13.913043	240.000000	320.000000
0	0.838000	13.913043	240.000000	320.000000
0	0.869000	13.913043	240.000000	320.000000
0	0.900000	13.913043	240.000000	320.000000
0	0.932000	13.913043	240.000000	320.000000
0	0.963000	13.913043	240.000000	320.000000
0	0.994000	13.913043	240.000000	320.000000
0	1.041000	13.913043	240.000000	320.000000
0	1.072000	13.913043	240.000000	320.000000
0	1.103000	13.913043	240.000000	320.000000
0	1.134000	13.913043	240.000000	320.000000
0	1.166000	13.913043	240.000000	320.000000
0	1.197000	13.913043	240.000000	320.000000
0	1.228000	13.913043	240.000000	320.000000
0	1.275000	13.913043	240.000000	320.000000
0	1.306000	13.913043	240.000000	320.000000
0	1.337000	13.913043	240.000000	320.000000
0	1.368000	13.913043	240.000000	320.000000
0	1.400000	13.913043	240.000000	320.000000
0	1.431000	13.913043	240.000000	320.000000
0	1.462000	13.913043	240.000000	320.000000
0	1.493000	13.913043	240.000000	320.000000
0	1.540000	13.913043	240.000000	320.000000
0	1.571000	13.913043	240.000000	320.000000
0	1.602000	13.913043	240.000000	320.000000
0	1.634000	13.913043	240.000000	320.000000
0	1.665000	13.913043	240.000000	320.000000
0	1.696000	13.913043	240.000000	320.000000
0	1.727000	13.913043	240.000000	320.000000
0	1.774000	13.913043	240.000000	320.000000
0	1.805000	13.913043	240.000000	320.000000
0	1.836000	13.913043	240.000000	320.000000
0	1.868000	13.913043	240.000000	320.000000
0	1.899000	13.913043	240.000000	320.000000
0	1.930000	13.913043	240.000000	320.000000
0	1.961000	13.913043	240.000000	320.000000
0	2.008000	13.913043	240.000000	320.000000
0	2.039000	13.913043	240.000000	320.000000
0	2.070000	13.913043	240.000000	320.000000
0	2.102000	13.913043	240.000000	320.000000
0	2.133000	13.913043	240.000000	320.000000
0	2.164000	13.913043	240.000000	320.000000
0	2.195000	13.913043	240.000000	320.000000
0	2.226000	13.913043	240.000000	320.000000
0	2.273000	13.913043	240.000000	320.000000
0	2.304000	13.913043	240.000000	320.000000
0	2.336000	13.913043	240.000000	320.000000
0	2.367000	13.913043	240.000000	320.000000
0	2.398000	13.913043	240.000000	320.000000
0	2.429000	13.913043	240.000000	320.000000
0	2.461000	13.913043	240.000000	320.000000
0	2.507000	13.913043	240.000000	320.000000
0	2.539000	13.913043	240.000000	320.000000
0	2.570000	13.913043	240.000000	320.000000
0	2.601000	13.913043	240.000000	320.000000
0	2.632000	13.913043	240.000000	320.000000
0	2.663000	13.913043	240.000000	320.000000
0	2.695000	13.913043	240.000000	320.000000
0	2.726000	13.913043	240.000000	320.000000
0	2.773000	13.913043	240.000000	320.000000
0	2.804000	13.913043	240.000000	320.000000
0	2.835000	13.913043	240.000000	320.000000
0	2.866000	13.913043	240.000000	320.000000
0	2.897000	13.913043	240.000000	320.000000
0	2.929000	13.913043	240.000000	320.000000
0	2.960000	13.913043	240.000000	320.000000
0	3.007000	13.913043	240.000000	320.000000
0	3.038000	13.913043	240.000000	320.000000
0	3.069000	13.913043	240.000000	320.000000
0	3.100000	13.913043	240.000000	320.000000
0	3.131000	13.913043	240.000000	320.000000
0	3.163000	13.913043	240.000000	320.000000
0	3.194000	13.913043	240.000000	320.000000
0	3.241000	13.913043	240.000000	320.000000
0	3.272000	13.913043	240.000000	320.000000
0	3.303000	13.913043	240.000000	320.000000
0	3.334000	13.913043	240.000000	320.000000
0	3.365000	13.913043	240.000000	320.000000
0	3.397000	13.913043	240.000000	320.000000
0	3.428000	13.913043	240.000000	320.000000
0	3.459000	13.913043	240.000000	320.000000
0	3.506000	13.913043	240.000000	320.000000
0	3.537000	13.913043	240.000000	320.000000
0	3.568000	13.913043	240.000000	320.000000
0	3.599000	13.913043	240.000000	320.000000
0	3.631000	13.913043	240.000000	320.000000
0	3.662000	13.913043	240.000000	320.000000
0	3.693000	13.913043	240.000000	320.000000
0	3.740000	13.913043	240.000000	320.000000
0	3.771000	13.913043	240.000000	320.000000
0	3.802000	13.913043	240.000000	320.000000
0	3.833000	13.913043	240.000000	320.000000
0	3.865000	13.913043	240.000000	320.000000
0	3.896000	13.913043	240.000000	320.000000
0	3.927000	13.913043	240.000000	320.000000
0	3.958000	13.913043	240.000000	320.000000
0	4.005000	13.913043	240.000000	320.000000
0	4.036000	13.913043	240.000000	320.000000
0	4.067000	13.913043	240.000000	320.000000
0	4.099000	13.913043	240.000000	320.000000
0	4.130000	13.913043	240.000000	320.000000
0	4.161000	13.913043	240.000000	320.000000
0	4.192000	13.913043	240.000000	320.000000
0	4.239000	13.913043	240.000000	320.000000
0	4.270000	13.913043	240.000000	320.000000
0	4.301000	13.913043	240.000000	320.000000
0	4.333000	13.913043	240.000000	320.000000
0	4.364000	13.913043	240.000000	320.000000
0	4.395000	13.913043	240.000000	320.000000
0	4.426000	13.913043	240.000000	320.000000
0	4.473000	13.913043	240.000000	320.000000
0	4.504000	13.913043	240.000000	320.000000
0	4.535000	13.913043	240.000000	320.000000
0	4.567000	13.913043	240.000000	320.000000
0	4.598000	13.913043	240.000000	320.000000
0	4.629000	13.913043	240.000000	320.000000
0	4.660000	13.913043	240.000000	320.000000
0	4.691000	13.913043	240.000000	320.000000
0	4.738000	13.913043	240.000000	320.000000
0	4.769000	13.913043	240.000000	320.000000
0	4.801000	13.913043	240.000000	320.000000
0	4.832000	13.913043	240.000000	320.000000
0	4.863000	13.913043	240.000000	320.000000
0	4.894000	13.913043	240.000000	320.000000
0	4.925000	13.913043	240.000000	320.000000
0	4.972000	13.913043	240.000000	320.000000
0	5.003000	13.913043	240.000000	320.000000
0	5.035000	13.913043	240.000000	320.000000
0	5.066000	13.913043	240.000000	320.000000
0	5.097000	13.913043	240.000000	320.000000
0	5.128000	13.913043	240.000000	320.000000
0	5.159000	13.913043	240.000000	320.000000
0	5.206000	13.913043	240.000000	320.000000
0	5.237000	13.913043	240.000000	320.000000
0	5.269000	13.913043	240.000000	320.000000
0	5.300000	13.913043	240.000000	320.000000
0	5.331000	13.913043	240.000000	320.000000
0	5.362000	13.913043	240.000000	320.000000
0	5.393000	13.913043	240.000000	320.000000
0	5.425000	13.913043	240.000000	320.000000
0	5.471000	13.913043	240.000000	320.000000
0	5.503000	13.913043	240.000000	320.000000
0	5.534000	13.913043	240.000000	320.000000
0	5.565000	13.913043	240.000000	320.000000
0	5.596000	13.913043	240.000000	320.000000
0	5.627000	13.913043	240.000000	320.000000
0	5.659000	13.913043	240.000000	320.000000
0	5.705000	13.913043	240.000000	320.000000
0	5.737000	13.913043	240.000000	320.000000
0	5.768000	13.913043	240.000000	320.000000
0	5.799000	13.913043	240.000000	320.000000
0	5.830000	13.913043	240.000000	320.000000
0	5.861000	13.913043	240.000000	320.000000
0	5.893000	13.913043	240.000000	320.000000
0	5.939000	13.913043	240.000000	320.000000
0	5.971000	13.913043	240.000000	320.000000
0	6.002000	13.913043	240.000000	320.000000
0	6.033000	13.913043	240.000000	320.000000
0	6.064000	13.913043	240.000000	320.000000
0	6.095000	13.913043	240.000000	320.000000
0	6.127000	13.913043	240.000000	320.000000
0	6.158000	13.913043	240.000000	320.000000
0	6.205000	13.913043	240.000000	320.000000
0	6.236000	13.913043	240.000000	320.000000
0	6.267000	13.913043	240.000000	320.000000
0	6.298000	13.913043	240.000000	320.000000
0	6.329000	13.913043	240.000000	320.000000
0	6.361000	13.913043	240.000000	320.000000
0	6.392000	13.913043	240.000000	320.000000
0	6.439000	13.913043	240.000000	320.000000
0	6.470000	13.913043	240.000000	320.000000
0	6.501000	13.913043	240.000000	320.000000
0	6.532000	13.913043	240.000000	320.000000
0	6.563000	13.913043	240.000000	320.000000
0	6.595000	13.913043	240.000000	320.000000
0	6.626000	13.913043	240.000000	320.000000
0	6.673000	13.913043	240.000000	320.000000
0	6.704000	13.913043	240.000000	320.000000
0	6.735000	13.913043	240.000000	320.000000
0	6.766000	13.913043	240.000000	320.000000
0	6.797000	13.913043	240.000000	320.000000
0	6.829000	13.913043	240.000000	320.000000
0	6.860000	13.913043	240.000000	320.000000
0	6.891000	13.913043	240.000000	320.000000
0	6.938000	13.913043	240.000000	320.000000
0	6.969000	13.913043	240.000000	320.000000
0	7.000000	13.913043	240.000000	320.000000
0	7.031000	13.913043	240.000000	320.000000
0	7.063000	13.913043	240.000000	320.000000
0	7.094000	13.913043	240.000000	320.000000
0	7.125000	13.913043	240.000000	320.000000
0	7.172000	13.913043	240.000000	320.000000
0	7.203000	13.913043	240.000000	320.000000
0	7.234000	13.913043	240.000000	320.000000
0	7.265000	13.913043	240.000000	320.000000
0	7.297000	13.913043	240.000000	320.000000
0	7.328000	13.913043	240.000000	320.000000
0	7.359000	13.913043	240.000000	320.000000
0	7.406000	13.913043	240.000000	320.000000
0	7.437000	13.913043	240.000000	320.000000
0	7.468000	13.913043	240.000000	320.000000
0	7.499000	13.913043	240.000000	320.000000
0	7.531000	13.913043	240.000000	320.000000
0	7.562000	13.913043	240.000000	320.000000
0	7.593000	13.913043	240.000000	320.000000
0	7.624000	13.913043	240.000000	320.000000
0	7.671000	13.913043	240.000000	320.000000
0	7.702000	13.913043	240.000000	320.000000
0	7.733000	13.913043	240.000000	320.000000
0	7.765000	13.913043	240.000000	320.000000
0	7.796000	13.913043	240.000000	320.000000
0	7.827000	13.913043	240.000000	320.000000
0	7.858000	13.913043	240.000000	320.000000
0	7.889000	13.913043	240.000000	320.000000
0	7.936000	13.913043	240.000000	320.000000
0	7.967000	13.913043	240.000000	320.000000
0	7.999000	13.913043	240.000000	320.000000
0	8.030000	13.913043	240.000000	320.000000
0	8.061000	13.913043	240.000000	320.000000
0	8.092000	13.913043	240.000000	320.000000
0	8.123000	13.913043	240.000000	320.000000
0	8.170000	13.913043	240.000000	320.000000
0	8.201000	13.913043	240.000000	320.000000
0	8.233000	13.913043	240.000000	320.000000
0	8.264000	13.913043	240.000000	320.000000
0	8.295000	13.913043	240.000000	320.000000
0	8.326000	13.913043	240.000000	320.000000
0	8.357000	13.913043	240.000000	320.000000
0	8.404000	13.913043	240.000000	320.000000
0	8.435000	13.913043	240.000000	320.000000
0	8.467000	13.913043	240.000000	320.000000
0	8.498000	13.913043	240.000000	320.000000
0	8.529000	13.913043	240.000000	320.000000
0	8.560000	13.913043	240.000000	320.000000
0	8.591000	13.913043	240.000000	320.000000
0	8.623000	13.913043	240.000000	320.000000
0	8.669000	13.913043	240.000000	320.000000
0	8.701000	13.913043	240.000000	320.000000
0	8.732000	13.913043	240.000000	320.000000
0	8.763000	13.913043	240.000000	320.000000
0	8.794000	13.913043	240.000000	320.000000
0	8.825000	13.913043	240.000000	320.000000
0	8.857000	13.913043	240.000000	320.000000
0	8.903000	13.913043	240.000000	320.000000
0	8.935000	13.913043	240.000000	320.000000
0	8.966000	13.913043	240.000000	320.000000
0	8.997000	13.913043	240.000000	320.000000
0	9.028000	13.913043	240.000000	320.000000
0	9.059000	13.913043	240.000000	320.000000
0	9.091000	13.913043	240.000000	320.000000
0	9.137000	13.913043	240.000000	320.000000
0	9.169000	13.913043	240.000000	320.000000
0	9.200000	13.913043	240.000000	320.000000
0	9.231000	13.913043	240.000000	320.000000
0	9.262000	13.913043	240.000000	320.000000
0	9.293000	13.913043	240.000000	320.000000
0	9.325000	13.913043	240.000000	320.000000
0	9.356000	13.913043	240.000000	320.000000
0	9.403000	13.913043	240.000000	320.000000
0	9.434000	13.913043	240.000000	320.000000
0	9.465000	13.913043	240.000000	320.000000
0	9.496000	13.913043	240.000000	320.000000
0	9.527000	13.913043	240.000000	320.000000
0	9.559000	13.913043	240.000000	320.000000
0	9.590000	13.913043	240.000000	320.000000
0	9.637000	13.913043	240.000000	320.000000
0	9.668000	13.913043	240.000000	320.000000
0	9.699000	13.913043	240.000000	320.000000
0	9.730000	13.913043	240.000000	320.000000
0	9.761000	13.913043	240.000000	320.000000
0	9.793000	13.913043	240.000000	320.000000
0	9.824000	13.913043	240.000000	320.000000
0	9.871000	13.913043	240.000000	320.000000
0	9.902000	13.913043	240.000000	320.000000
0	9.933000	13.913043	240.000000	320.000000
0	9.964000	13.913043	240.000000	320.000000
0	9.995000	13.913043	240.000000	320.000000
0	10.027000	13.913043	240.000000	320.000000
0	10.058000	13.913043	240.000000	320.000000
0	10.089000	13.913043	240.000000	320.000000
0	10.136000	13.913043	240.000000	320.000000
0	10.167000	13.913043	240.000000	320.000000
0	10.198000	13.913043	240.000000	320.000000
0	10.229000	13.913043	240.000000	320.000000
0	10.261000	13.913043	240.000000	320.000000
0	10.292000	13.913043	240.000000	320.000000
0	10.323000	13.913043	240.000000	320.000000
0	10.370000	13.913043	240.000000	320.000000
0	10.401000	13.913043	240.000000	320.000000
0	10.432000	13.913043	240.000000	320.000000
0	10.463000	13.913043	240.000000	320.000000
0	10.495000	13.913043	240.000000	320.000000
0	10.526000	13.913043	240.000000	320.000000
0	10.557000	13.913043	240.000000	320.000000
0	10.604000	13.913043	240.000000	320.000000
0	10.635000	13.913043	240.000000	320.000000
0	10.666000	13.913043	240.000000	320.000000
0	10.697000	13.913043	240.000000	320.000000
0	10.729000	13.913043	240.000000	320.000000
0	10.760000	13.913043	240.000000	320.000000
0	10.791000	13.913043	240.000000	320.000000
0	10.822000	13.913043	240.000000	320.000000
0	10.869000	13.913043	240.000000	320.000000
0	10.900000	13.913043	240.000000	320.000000
0	10.931000	13.913043	240.000000	320.000000
0	10.963000	13.913043	240.000000	320.000000
0	10.994000	13.913043	240.000000	320.000000
0	11.025000	13.913043	240.000000	320.000000
0	11.056000	13.913043	240.000000	320.000000
0	11.103000	13.913043	240.000000	320.000000
0	11.134000	13.913043	240.000000	320.000000
0	11.165000	13.913043	240.000000	320.000000
0	11.197000	13.913043	240.000000	320.000000
0	11.228000	13.913043	240.000000	320.000000
0	11.259000	13.913043	240.000000	320.000000
0	11.290000	13.913043	240.000000	320.000000
0	11.337000	13.913043	240.000000	320.000000
0	11.368000	13.913043	240.000000	320.000000
0	11.399000	13.913043	240.000000	320.000000
0	11.431000	13.913043	240.000000	320.000000
0	11.462000	13.913043	240.000000	320.000000
0	11.493000	13.913043	240.000000	320.000000
0	11.524000	13.913043	240.000000	320.000000
0	11.555000	13.913043	240.000000	320.000000
0	11.602000	13.913043	240.000000	320.000000
0	11.633000	13.913043	240.000000	320.000000
0	11.665000	13.913043	240.000000	320.000000
0	11.696000	13.913043	240.000000	320.000000
0	11.727000	13.913043	240.000000	320.000000
0	11.758000	13.913043	240.000000	320.000000
0	11.789000	13.913043	240.000000	320.000000
0	11.821000	13.913043	240.000000	320.000000
0	11.867000	13.913043	240.000000	320.000000
0	11.899000	13.913043	240.000000	320.000000
0	11.930000	13.913043	240.000000	320.000000
0	11.961000	13.913043	240.000000	320.000000
0	11.992000	13.913043	240.000000	320.000000
0	12.023000	13.913043	240.000000	320.000000
0	12.055000	13.913043	240.000000	320.000000
0	12.101000	13.913043	240.000000	320.000000
0	12.133000	13.913043	240.000000	320.000000
0	12.164000	13.913043	240.000000	320.000000
0	12.195000	13.913043	240.000000	320.000000
0	12.226000	13.913043	240.000000	320.000000
0	12.257000	13.913043	240.000000	320.000000
0	12.289000	13.913043	240.000000	320.000000
0	12.335000	13.913043	240.000000	320.000000
0	12.367000	13.913043	240.000000	320.000000
0	12.398000	13.913043	240.000000	320.000000
0	12.429000	13.913043	240.000000	320.000000
0	12.460000	13.913043	240.000000	320.000000
0	12.491000	13.913043	240.000000	320.000000
0	12.523000	13.913043	240.000000	320.000000
0	12.554000	13.913043	240.000000	320.000000
0	12.601000	13.913043	240.000000	320.000000
0	12.632000	13.913043	240.000000	320.000000
0	12.663000	13.913043	240.000000	320.000000
0	12.694000	13.913043	240.000000	320.000000
0	12.725000	13.913043	240.000000	320.000000
0	12.757000	13.913043	240.000000	320.000000
0	12.788000	13.913043	240.000000	320.000000
0	12.835000	13.913043	240.000000	320.000000
0	12.866000	13.913043	240.000000	320.000000
0	12.897000	13.913043	240.000000	320.000000
0	12.928000	13.913043	240.000000	320.000000
0	12.959000	13.913043	240.000000	320.000000
0	12.991000	13.913043	240.000000	320.000000
0	13.022000	13.913043	240.000000	320.000000
0	13.069000	13.913043	240.000000	320.000000
0	13.100000	13.913043	240.000000	320.000000
0	13.131000	13.913043	240.000000	320.000000
0	13.162000	13.913043	240.000000	320.000000
0	13.193000	13.913043	240.000000	320.000000
0	13.225000	13.913043	240.000000	320.000000
0	13.256000	13.913043	240.000000	320.000000
0	13.287000	13.913043	240.000000	320.000000
0	13.334000	13.913043	240.000000	320.000000
0	13.365000	13.913043	240.000000	320.000000
0	13.396000	13.913043	240.000000	320.000000
0	13.427000	13.913043	240.000000	320.000000
0	13.459000	13.913043	240.000000	320.000000
0	13.490000	13.913043	240.000000	320.000000
0	13.521000	13.913043	240.000000	320.000000
0	13.568000	13.913043	240.000000	320.000000
0	13.599000	13.913043	240.000000	320.000000
0	13.630000	13.913043	240.000000	320.000000
0	13.661000	13.913043	240.000000	320.000000
0	13.693000	13.913043	240.000000	320.000000
0	13.724000	13.913043	240.000000	320.000000
0	13.755000	13.913043	240.000000	320.000000
0	13.802000	13.913043	240.000000	320.000000
0	13.833000	13.913043	240.000000	320.000000
0	13.864000	13.913043	240.000000	320.000000
0	13.895000	13.913043	240.000000	320.000000
0	13.927000	13.913043	240.000000	320.000000
0	13.958000	13.913043	240.000000	320.000000
0	13.989000	13.913043	240.000000	320.000000
0	14.020000	13.913043	240.000000	320.000000
0	14.067000	13.913043	240.000000	320.000000
0	14.098000	13.913043	240.000000	320.000000
0	14.129000	13.913043	240.000000	320.000000
0	14.161000	13.913043	240.000000	320.000000
0	14.192000	13.913043	240.000000	320.000000
0	14.223000	13.913043	240.000000	320.000000
0	14.254000	13.913043	240.000000	320.000000
0	14.301000	13.913043	240.000000	320.000000
0	14.332000	13.913043	240.000000	320.000000
0	14.363000	13.913043	240.000000	320.000000
0	14.395000	13.913043	240.000000	320.000000
0	14.426000	13.913043	240.000000	320.000000
0	14.457000	13.913043	240.000000	320.000000
0	14.488000	13.913043	240.000000	320.000000
0	14.535000	13.913043	240.000000	320.000000
0	14.566000	13.913043	240.000000	320.000000
0	14.597000	13.913043	240.000000	320.000000
0	14.629000	13.913043	240.000000	320.000000
0	14.660000	13.913043	240.000000	320.000000
0	14.691000	13.913043	240.000000	320.000000
0	14.722000	13.913043	240.000000	320.000000
0	14.753000	13.913043	240.000000	320.000000
0	14.800000	13.913043	240.000000	320.000000
0	14.831000	13.913043	240.000000	320.000000
0	14.863000	13.913043	240.000000	320.000000
0	14.894000	13.913043	240.000000	320.000000
0	14.925000	13.913043	240.000000	320.000000
0	14.956000	13.913043	240.000000	320.000000
0	14.987000	13.913043	240.000000	320.000000
0	15.034000	13.913043	240.000000	320.000000
0	15.065000	13.913043	240.000000	320.000000
0	15.097000	13.913043	240.000000	320.000000
0	15.128000	13.913043	240.000000	320.000000
0	15.159000	13.913043	240.000000	320.000000
0	15.190000	13.913043	240.000000	320.000000
0	15.221000	13.913043	240.000000	320.000000
0	15.268000	13.913043	240.000000	320.000000
0	15.299000	13.913043	240.000000	320.000000
0	15.331000	13.913043	240.000000	320.000000
0	15.362000	13.913043	240.000000	320.000000
0	15.393000	13.913043	240.000000	320.000000
0	15.424000	13.913043	240.000000	320.000000
0	15.455000	13.913043	240.000000	320.000000
0	15.487000	13.913043	240.000000	320.000000
0	15.533000	13.913043	240.000000	320.000000
0	15.565000	13.913043	240.000000	320.000000
0	15.596000	13.913043	240.000000	320.000000
0	15.627000	13.913043	240.000000	320.000000
0	15.658000	13.913043	240.000000	320.000000
0	15.689000	13.913043	240.000000	320.000000
0	15.721000	13.913043	240.000000	320.000000
0	15.767000	13.913043	240.000000	320.000000
0	15.799000	13.913043	240.000000	320.000000
0	15.830000	13.913043	240.000000	320.000000
0	15.861000	13.913043	240.000000	320.000000
0	15.892000	13.913043	240.000000	320.000000
0	15.923000	13.913043	240.000000	320.000000
0	15.955000	13.913043	240.000000	320.000000
0	15.986000	13.913043	240.000000	320.000000
0	16.033000	13.913043	240.000000	320.000000
0	16.064000	13.913043	240.000000	320.000000
0	16.095000	13.913043	240.000000	320.000000
0	16.126000	13.913043	240.000000	320.000000
0	16.157000	13.913043	240.000000	320.000000
0	16.189000	13.913043	240.000000	320.000000
0	16.220000	13.913043	240.000000	320.000000
0	16.267000	13.913043	240.000000	320.000000
0	16.298000	13.913043	240.000000	320.000000
0	16.329000	13.913043	240.000000	320.000000
0	16.360000	13.913043	240.000000	320.000000
0	16.391000	13.913043	240.000000	320.000000
0	16.423000	13.913043	240.000000	320.000000
0	16.454000	13.913043	240.000000	320.000000
0	16.501000	13.913043	240.000000	320.000000
0	16.532000	13.913043	240.000000	320.000000
0	16.563000	13.913043	240.000000	320.000000
0	16.594000	13.913043	240.000000	320.000000
0	16.625000	13.913043	240.000000	320.000000
0	16.657000	13.913043	240.000000	320.000000
0	16.688000	13.913043	240.000000	320.000000
0	16.719000	13.913043	240.000000	320.000000
0	16.766000	13.913043	240.000000	320.000000
0	16.797000	13.913043	240.000000	320.000000
0	16.828000	13.913043	240.000000	320.000000
0	16.859000	13.913043	240.000000	320.000000
0	16.891000	13.913043	240.000000	320.000000
0	16.922000	13.913043	240.000000	320.000000
0	16.953000	13.913043	240.000000	320.000000
0	17.000000	13.913043	240.000000	320.000000
0	17.031000	13.913043	240.000000	320.000000
0	17.062000	13.913043	240.000000	320.000000
0	17.093000	13.913043	240.000000	320.000000
0	17.125000	13.913043	240.000000	320.000000
0	17.156000	13.913043	240.000000	320.000000
0	17.187000	13.913043	240.000000	320.000000
0	17.218000	13.913043	240.000000	320.000000
0	17.265000	13.913043	240.000000	320.000000
0	17.296000	13.913043	240.000000	320.000000
0	17.327000	13.913043	240.000000	320.000000
0	17.359000	13.913043	240.000000	320.000000
0	17.390000	13.913043	240.000000	320.000000
0	17.421000	13.913043	240.000000	320.000000
0	17.452000	13.913043	240.000000	320.000000
0	17.499000	13.913043	240.000000	320.000000
0	17.530000	13.913043	240.000000	320.000000
0	17.561000	13.913043	240.000000	320.000000
0	17.593000	13.913043	240.000000	320.000000
0	17.624000	13.913043	240.000000	320.000000
0	17.655000	13.913043	240.000000	320.000000
0	17.686000	13.913043	240.000000	320.000000
0	17.733000	13.913043	240.000000	320.000000
0	17.764000	13.913043	240.000000	320.000000
0	17.795000	13.913043	240.000000	320.000000
0	17.827000	13.913043	240.000000	320.000000
0	17.858000	13.913043	240.000000	320.000000
0	17.889000	13.913043	240.000000	320.000000
0	17.920000	13.913043	240.000000	320.000000
0	17.951000	13.913043	240.000000	320.000000
0	17.998000	13.913043	240.000000	320.000000
0	18.029000	13.913043	240.000000	320.000000
0	18.061000	13.913043	240.000000	320.000000
0	18.092000	13.913043	240.000000	320.000000
0	18.123000	13.913043	240.000000	320.000000
0	18.154000	13.913043	240.000000	320.000000
0	18.185000	13.913043	240.000000	320.000000
0	18.232000	13.913043	240.000000	320.000000
0	18.263000	13.913043	240.000000	320.000000
0	18.295000	13.913043	240.000000	320.000000
0	18.326000	13.913043	240.000000	320.000000
0	18.357000	13.913043	240.000000	320.000000
0	18.388000	13.913043	240.000000	320.000000
0	18.419000	13.913043	240.000000	320.000000
0	18.466000	13.913043	240.000000	320.000000
0	18.497000	13.913043	240.000000	320.000000
0	18.529000	13.913043	240.000000	320.000000
0	18.560000	13.913043	240.000000	320.000000
0	18.591000	13.913043	240.000000	320.000000
0	18.622000	13.913043	240.000000	320.000000
0	18.653000	13.913043	240.000000	320.000000
0	18.685000	13.913043	240.000000	320.000000
0	18.731000	13.913043	240.000000	320.000000
0	18.763000	13.913043	240.000000	320.000000
0	18.794000	13.913043	240.000000	320.000000
0	18.825000	13.913043	240.000000	320.000000
0	18.856000	13.913043	240.000000	320.000000
0	18.887000	13.913043	240.000000	320.000000
0	18.919000	13.913043	240.000000	320.000000
0	18.965000	13.913043	240.000000	320.000000
0	18.997000	13.913043	240.000000	320.000000
0	19.028000	13.913043	240.000000	320.000000
0	19.059000	13.913043	240.000000	320.000000
0	19.090000	13.913043	240.000000	320.000000
0	19.121000	13.913043	240.000000	320.000000
0	19.153000	13.913043	240.000000	320.000000
0	19.199000	13.913043	240.000000	320.000000
0	19.231000	13.913043	240.000000	320.000000
0	19.262000	13.913043	240.000000	320.000000
0	19.293000	13.913043	240.000000	320.000000
0	19.324000	13.913043	240.000000	320.000000
0	19.355000	13.913043	240.000000	320.000000
0	19.387000	13.913043	240.000000	320.000000
0	19.418000	13.913043	240.000000	320.000000
0	19.465000	13.913043	240.000000	320.000000
0	19.496000	13.913043	240.000000	320.000000
0	19.527000	13.913043	240.000000	320.000000
0	19.558000	13.913043	240.000000	320.000000
0	19.589000	13.913043	240.000000	320.000000
0	19.621000	13.913043	240.000000	320.000000
0	19.652000	13.913043	240.000000	320.000000
0	19.699000	13.913043	240.000000	320.000000
0	19.730000	13.913043	240.000000	320.000000
0	19.761000	13.913043	240.000000	320.000000
0	19.792000	13.913043	240.000000	320.000000
0	19.823000	13.913043	240.000000	320.000000
0	19.855000	13.913043	240.000000	320.000000
0	19.886000	13.913043	240.000000	320.000000
0	19.917000	13.913043	240.000000	320.000000
0	19.964000	13.913043	240.000000	320.000000
0	19.995000	13.913043	240.000000	320.000000
0	20.026000	13.913043	240.000000	320.000000
0	20.057000	13.913043	240.000000	320.000000
0	20.089000	13.913043	240.000000	320.000000
0	20.120000	13.913043	240.000000	320.000000
0	20.151000	13.913043	240.000000	320.000000
0	20.198000	13.913043	240.000000	320.000000
0	20.229000	13.913043	240.000000	320.000000
0	20.260000	13.913043	240.000000	320.000000
0	20.291000	13.913043	240.000000	320.000000
0	20.323000	13.913043	240.000000	320.000000
0	20.354000	13.913043	240.000000	320.000000
0	20.385000	13.913043	240.000000	320.000000
0	20.432000	13.913043	240.000000	320.000000
0	20.463000	13.913043	240.000000	320.000000
0	20.494000	13.913043	240.000000	320.000000
0	20.525000	13.913043	240.000000	320.000000
0	20.557000	13.913043	240.000000	320.000000
0	20.588000	13.913043	240.000000	320.000000
0	20.619000	13.913043	240.000000	320.000000
0	20.650000	13.913043	240.000000	320.000000
0	20.697000	13.913043	240.000000	320.000000
0	20.728000	13.913043	240.000000	320.000000
0	20.759000	13.913043	240.000000	320.000000
0	20.791000	13.913043	240.000000	320.000000
0	20.822000	13.913043	240.000000	320.000000
0	20.853000	13.913043	240.000000	320.000000
0	20.884000	13.913043	240.000000	320.000000
0	20.931000	13.913043	240.000000	320.000000
0	20.962000	13.913043	240.000000	320.000000
0	20.993000	13.913043	240.000000	320.000000
0	21.025000	13.913043	240.000000	320.000000
0	21.056000	13.913043	240.000000	320.000000
0	21.087000	13.913043	240.000000	320.000000
0	21.118000	13.913043	240.000000	320.000000
0	21.165000	13.913043	240.000000	320.000000
0	21.196000	13.913043	240.000000	320.000000
0	21.227000	13.913043	240.000000	320.000000
0	21.259000	13.913043	240.000000	320.000000
0	21.290000	13.913043	240.000000	320.000000
0	21.321000	13.913043	240.000000	320.000000
0	21.352000	13.913043	240.000000	320.000000
0	21.383000	13.913043	240.000000	320.000000
0	21.430000	13.913043	240.000000	320.000000
0	21.461000	13.913043	240.000000	320.000000
0	21.493000	13.913043	240.000000	320.000000
0	21.524000	13.913043	240.000000	320.000000
0	21.555000	13.913043	240.000000	320.000000
0	21.586000	13.913043	240.000000	320.000000
0	21.617000	13.913043	240.000000	320.000000
0	21.664000	13.913043	240.000000	320.000000
0	21.695000	13.913043	240.000000	320.000000
0	21.727000	13.913043	240.000000	320.000000
0	21.758000	13.913043	240.000000	320.000000
0	21.789000	13.913043	240.000000	320.000000
0	21.820000	13.913043	240.000000	320.000000
0	21.851000	13.913043	240.000000	320.000000
0	21.883000	13.913043	240.000000	320.000000
0	21.929000	13.913043	240.000000	320.000000
0	21.961000	13.913043	240.000000	320.000000
0	21.992000	13.913043	240.000000	320.000000
0	22.023000	13.913043	240.000000	320.000000
0	22.054000	13.913043	240.000000	320.000000
0	22.085000	13.913043	240.000000	320.000000
0	22.117000	13.913043	240.000000	320.000000
0	22.163000	13.913043	240.000000	320.000000
0	22.195000	13.913043	240.000000	320.000000
0	22.226000	13.913043	240.000000	320.000000
0	22.257000	13.913043	240.000000	320.000000
0	22.288000	13.913043	240.000000	320.000000
0	22.319000	13.913043	240.000000	320.000000
0	22.351000	13.913043	240.000000	320.000000
0	22.397000	13.913043	240.000000	320.000000
0	22.429000	13.913043	240.000000	320.000000
0	22.460000	13.913043	240.000000	320.000000
0	22.491000	13.913043	240.000000	320.000000
0	22.522000	13.913043	240.000000	320.000000
0	22.553000	13.913043	240.000000	320.000000
0	22.585000	13.913043	240.000000	320.000000
0	22.616000	13.913043	240.000000	320.000000
0	22.663000	13.913043	240.000000	320.000000
0	22.694000	13.913043	240.000000	320.000000
0	22.725000	13.913043	240.000000	320.000000
0	22.756000	13.913043	240.000000	320.000000
0	22.787000	13.913043	240.000000	320.000000
0	22.819000	13.913043	240.000000	320.000000
0	22.850000	13.913043	240.000000	320.000000
0	22.897000	13.913043	240.000000	320.000000
0	22.928000	13.913043	240.000000	320.000000
0	22.959000	13.913043	240.000000	320.000000
0	22.990000	13.913043	240.000000	320.000000
0	23.021000	13.913043	240.000000	320.000000
0	23.053000	13.913043	240.000000	320.000000
0	23.084000	13.913043	240.000000	320.000000
0	23.131000	13.913043	240.000000	320.000000
0	23.162000	13.913043	240.000000	320.000000
0	23.193000	13.913043	240.000000	320.000000
0	23.224000	13.913043	240.000000	320.000000
0	23.255000	13.913043	240.000000	320.000000
0	23.287000	13.913043	240.000000	320.000000
0	23.318000	13.913043	240.000000	320.000000
0	23.349000	13.913043	240.000000	320.000000
0	23.396000	13.913043	240.000000	320.000000
0	23.427000	13.913043	240.000000	320.000000
0	23.458000	13.913043	240.000000	320.000000
0	23.489000	13.913043	240.000000	320.000000
0	23.521000	13.913043	240.000000	320.000000
0	23.552000	13.913043	240.000000	320.000000
0	23.583000	13.913043	240.000000	320.000000
0	23.630000	13.913043	240.000000	320.000000
0	23.661000	13.913043	240.000000	320.000000
0	23.692000	13.913043	240.000000	320.000000
0	23.723000	13.913043	240.000000	320.000000
0	23.755000	13.913043	240.000000	320.000000
0	23.786000	13.913043	240.000000	320.000000
0	23.817000	13.913043	240.000000	320.000000
0	23.848000	13.913043	240.000000	320.000000
0	23.895000	13.913043	240.000000	320.000000
0	23.926000	13.913043	240.000000	320.000000
0	23.957000	13.913043	240.000000	320.000000
0	23.989000	13.913043	240.000000	320.000000
0	24.020000	13.913043	240.000000	320.000000
0	24.051000	13.913043	240.000000	320.000000
0	24.082000	13.913043	240.000000	320.000000
0	24.129000	13.913043	240.000000	320.000000
0	24.160000	13.913043	240.000000	320.000000
0	24.191000	13.913043	240.000000	320.000000
0	24.223000	13.913043	240.000000	320.000000
0	24.254000	13.913043	240.000000	320.000000
0	24.285000	13.913043	240.000000	320.000000
0	24.316000	13.913043	240.000000	320.000000
0	24.363000	13.913043	240.000000	320.000000
0	24.394000	13.913043	240.000000	320.000000
0	24.425000	13.913043	240.000000	320.000000
0	24.457000	13.913043	240.000000	320.000000
0	24.488000	13.913043	240.000000	320.000000
0	24.519000	13.913043	240.000000	320.000000
0	24.550000	13.913043	240.000000	320.000000
0	24.581000	13.913043	240.000000	320.000000
0	24.628000	13.913043	240.000000	320.000000
0	24.659000	13.913043	240.000000	320.000000
0	24.691000	13.913043	240.000000	320.000000
0	24.722000	13.913043	240.000000	320.000000
0	24.753000	13.913043	240.000000	320.000000
0	24.784000	13.913043	240.000000	320.000000
0	24.815000	13.913043	240.000000	320.000000
0	24.862000	13.913043	240.000000	320.000000
0	24.893000	13.913043	240.000000	320.000000
0	24.925000	13.913043	240.000000	320.000000
0	24.956000	13.913043	240.000000	320.000000
0	24.987000	13.913043	240.000000	320.000000
0	25.018000	13.913043	240.000000	320.000000
0	25.049000	13.913043	240.000000	320.000000
0	25.096000	13.913043	240.000000	320.000000
0	25.127000	13.913043	240.000000	320.000000
0	25.159000	13.913043	240.000000	320.000000
0	25.190000	13.913043	240.000000	320.000000
0	25.221000	13.913043	240.000000	320.000000
0	25.252000	13.913043	240.000000	320.000000
0	25.283000	13.913043	240.000000	320.000000
0	25.315000	13.913043	240.000000	320.000000
0	25.361000	13.913043	240.000000	320.000000
0	25.393000	13.913043	240.000000	320.000000
0	25.424000	13.913043	240.000000	320.000000
0	25.455000	13.913043	240.000000	320.000000
0	25.486000	13.913043	240.000000	320.000000
0	25.517000	13.913043	240.000000	320.000000
0	25.549000	13.913043	240.000000	320.000000
0	25.595000	13.913043	240.000000	320.000000
0	25.627000	13.913043	240.000000	320.000000
0	25.658000	13.913043	240.000000	320.000000
0	25.689000	13.913043	240.000000	320.000000
0	25.720000	13.913043	240.000000	320.000000
0	25.751000	13.913043	240.000000	320.000000
0	25.783000	13.913043	240.000000	320.000000
0	25.829000	13.913043	240.000000	320.000000
0	25.861000	13.913043	240.000000	320.000000
0	25.892000	13.913043	240.000000	320.000000
0	25.923000	13.913043	240.000000	320.000000
0	25.954000	13.913043	240.000000	320.000000
0	25.985000	13.913043	240.000000	320.000000
0	26.017000	13.913043	240.000000	320.000000
0	26.048000	13.913043	240.000000	320.000000
0	26.095000	13.913043	240.000000	320.000000
0	26.126000	13.913043	240.000000	320.000000
0	26.157000	13.913043	240.000000	320.000000
0	26.188000	13.913043	240.000000	320.000000
0	26.219000	13.913043	240.000000	320.000000
0	26.251000	13.913043	240.000000	320.000000
0	26.282000	13.913043	240.000000	320.000000
0	26.329000	13.913043	240.000000	320.000000
0	26.360000	13.913043	240.000000	320.000000
0	26.391000	13.913043	240.000000	320.000000
0	26.422000	13.913043	240.000000	320.000000
0	26.453000	13.913043	240.000000	320.000000
0	26.485000	13.913043	240.000000	320.000000
0	26.516000	13.913043	240.000000	320.000000
0	26.547000	13.913043	240.000000	320.000000
0	26.594000	13.913043	240.000000	320.000000
0	26.625000	13.913043	240.000000	320.000000
0	26.656000	13.913043	240.000000	320.000000
0	26.687000	13.913043	240.000000	320.000000
0	26.719000	13.913043	240.000000	320.000000
0	26.750000	13.913043	240.000000	320.000000
0	26.781000	13.913043	240.000000	320.000000
0	26.828000	13.913043	240.000000	320.000000
0	26.859000	13.913043	240.000000	320.000000
0	26.890000	13.913043	240.000000	320.000000
0	26.921000	13.913043	240.000000	320.000000
0	26.953000	13.913043	240.000000	320.000000
0	26.984000	13.913043	240.000000	320.000000
0	27.015000	13.913043	240.000000	320.000000
0	27.062000	13.913043	240.000000	320.000000
0	27.093000	13.913043	240.000000	320.000000
0	27.124000	13.913043	240.000000	320.000000
0	27.155000	13.913043	240.000000	320.000000
0	27.187000	13.913043	240.000000	320.000000
0	27.218000	13.913043	240.000000	320.000000
0	27.249000	13.913043	240.000000	320.000000
0	27.280000	13.913043	240.000000	320.000000
0	27.327000	13.913043	240.000000	320.000000
0	27.358000	13.913043	240.000000	320.000000
0	27.389000	13.913043	240.000000	320.000000
0	27.421000	13.913043	240.000000	320.000000
0	27.452000	13.913043	240.000000	320.000000
0	27.483000	13.913043	240.000000	320.000000
0	27.514000	13.913043	240.000000	320.000000
0	27.561000	13.913043	240.000000	320.000000
0	27.592000	13.913043	240.000000	320.000000
0	27.623000	13.913043	240.000000	320.000000
0	27.655000	13.913043	240.000000	320.000000
0	27.686000	13.913043	240.000000	320.000000
0	27.717000	13.913043	240.000000	320.000000
0	27.748000	13.913043	240.000000	320.000000
0	27.779000	13.913043	240.000000	320.000000
0	27.826000	13.913043	240.000000	320.000000
0	27.857000	13.913043	240.000000	320.000000
0	27.889000	13.913043	240.000000	320.000000
0	27.920000	13.913043	240.000000	320.000000
0	27.951000	13.913043	240.000000	320.000000
0	27.982000	13.913043	240.000000	320.000000
0	28.013000	13.913043	240.000000	320.000000
0	28.060000	13.913043	240.000000	320.000000
0	28.091000	13.913043	240.000000	320.000000
0	28.123000	13.913043	240.000000	320.000000
0	28.154000	13.913043	240.000000	320.000000
0	28.185000	13.913043	240.000000	320.000000
0	28.216000	13.913043	240.000000	320.000000
0	28.247000	13.913043	240.000000	320.000000
0	28.294000	13.913043	240.000000	320.000000
0	28.325000	13.913043	240.000000	320.000000
0	28.357000	13.913043	240.000000	320.000000
0	28.388000	13.913043	240.000000	320.000000
0	28.419000	13.913043	240.000000	320.000000
0	28.450000	13.913043	240.000000	320.000000
0	28.481000	13.913043	240.000000	320.000000
0	28.513000	13.913043	240.000000	320.000000
0	28.559000	13.913043	240.000000	320.000000
0	28.591000	13.913043	240.000000	320.000000
0	28.622000	13.913043	240.000000	320.000000
0	28.653000	13.913043	240.000000	320.000000
0	28.684000	13.913043	240.000000	320.000000
0	28.715000	13.913043	240.000000	320.000000
0	28.747000	13.913043	240.000000	320.000000
0	28.793000	13.913043	240.000000	320.000000
0	28.825000	13.913043	240.000000	320.000000
0	28.856000	13.913043	240.000000	320.000000
0	28.887000	13.913043	240.000000	320.000000
0	28.918000	13.913043	240.000000	320.000000
0	28.949000	13.913043	240.000000	320.000000
0	28.981000	13.913043	240.000000	320.000000
0	29.027000	13.913043	240.000000	320.000000
0	29.059000	13.913043	240.000000	320.000000
0	29.090000	13.913043	240.000000	320.000000
0	29.121000	13.913043	240.000000	320.000000
0	29.152000	13.913043	240.000000	320.000000
0	29.183000	13.913043	240.000000	320.000000
0	29.215000	13.913043	240.000000	320.000000
0	29.246000	13.913043	240.000000	320.000000
0	29.293000	13.913043	240.000000	320.000000
0	29.324000	13.913043	240.000000	320.000000
0	29.355000	13.913043	240.000000	320.000000
0	29.386000	13.913043	240.000000	320.000000
0	29.417000	13.913043	240.000000	320.000000
0	29.449000	13.913043	240.000000	320.000000
0	29.480000	13.913043	240.000000	320.000000
0	29.527000	13.913043	240.000000	320.000000
0	29.558000	13.913043	240.000000	320.000000
0	29.589000	13.913043	240.000000	320.000000
0	29.620000	13.913043	240.000000	320.000000
0	29.651000	13.913043	240.000000	320.000000
0	29.683000	13.913043	240.000000	320.000000
0	29.714000	13.913043	240.000000	320.000000
0	29.761000	13.913043	240.000000	320.000000
0	29.792000	13.913043	240.000000	320.000000
0	29.823000	13.913043	240.000000	320.000000
0	29.854000	13.913043	240.000000	320.000000
0	29.885000	13.913043	240.000000	320.000000
0	29.917000	13.913043	240.000000	320.000000
0	29.948000	13.913043	240.000000	320.000000
0	29.979000	13.913043	240.000000	320.000000
<\LEFT-PUPIL-DATA>
<RIGHT-PUPIL-ANALYSIS>
1
0	0	18	902	0	0	0.509000	29.518000	0.509000	4.006067	0.000000	0.000000	0.000000	0	3	3	3	3	0	0	0	0.000000	0.000000	0.000000	0.000000	0.000000	0.000000	0.000000	-1.000000	0.000000	1	1.469449	0.879623	1.695979	0.607786	0.220000	-0.714075	-1.772642	-1.000000	0.097322	1	1.469449	0.879623	1.695979	0.607786	0.220000	-0.798847	-1.772646	-1.000000	0.097840
<\RIGHT-PUPIL-ANALYSIS>
<LEFT-PUPIL-ANALYSIS>
1
0	0	18	902	0	0	0.509000	29.518000	0.509000	4.006067	0.000000	0.000000	0.000000	0	3	3	3	3	0	0	0	0.000000	0.000000	0.000000	0.000000	0.000000	0.000000	0.000000	-1.000000	0.000000	0	-0.034783	-0.034783	0.000950	0.000950	0.033000	0.000000	0.000000	-1.000000	0.000000	1	-0.034783	-0.034783	0.000950	0.000950	0.033000	-1000000.000000	-1000000.000000	-1.000000	0.000000
<\LEFT-PUPIL-ANALYSIS>
%%%%%%%%%
%%%%%%%%%
%%%%%%%%%
%%%	Measurement Tiime is: 2017-08-10 09:34:48
%%%	Subject ID is: c57-1mois-DA-M3-0.6b
%%%	Note: 
%%%	RSS: Default Human Relative Spectral Sensitivity
%%%	Pupil Analysis:
%%%
%%%
%%%
%%%	Pulse Index:	0
%%%	Stimulus Session Index:	0
%%%	Right Pupil Stimulated
%%%	Light Metric is Photopic
%%%	Stimulus Start Time(sec):	0.51
%%%	Stimulus Duration(sec):	29.52
%%%	Stimulus Pulse Duration(sec):	0.51
%%%	Right Pulse:	4.01	(Blue )	-	0.00	(Blue )	[Lux ]
%%%	Left Pulse:	0.00	(Blue )	-	0.00	(Blue )	[Lux ]
%%%
%%%		RIGHT	LEFT	R.Pupil Mean	L.Pupil Mean	R.Stim Mean	R.Stim Mean
%%%	INPUT:	RAW DATA	RAW DATA
%%%	STATE:	ABNORMAL	ABNORMAL	ABNORMAL	ABNORMAL	ABNORMAL	ABNORMAL
%%%	MAX(mm):	0.00	0.00	0.00	0.00	0.00	0.00
%%%	MIN(mm):	0.00	0.00	0.00	0.00	0.00	0.00
%%%	DELTA(mm):						
%%%	CH(%):						
%%%	LAT(sec):	0.00	0.00	0.00	0.00	0.00	0.00
%%%	CV(mm/s):	0.00	0.00	0.00	0.00	0.00	0.00
%%%	MCV(mm/s):	0.00	0.00	0.00	0.00	0.00	0.00
%%%	DV(mm/s):	0.00	0.00	0.00	0.00	0.00	0.00
%%%%%%%%%
%%%%%%%%%
%%%%%%%%%
%%%	Right Pupil Profile (1st row -> 1 == valid tracking, 0 == invalid tracking; 2nd row -> time; 3rd row -> diameter (mm))
%%%	1	1	1	1	1	1	1	1	1	1	1	1	1	1	1	1	1	1	1	1	1	1	0	1	1	1	1	1	1	1	1	1	1	1	1	1	1	1	1	1	1	1	1	1	1	1	1	1	1	1	1	1	1	1	1	1	1	1	1	1	1	1	1	1	1	1	1	1	1	1	1	0	1	1	1	1	1	1	1	1	1	1	1	1	1	1	1	1	1	1	1	1	1	1	1	1	1	1	1	1	1	1	1	1	1	1	1	1	1	1	1	1	1	1	1	1	1	1	1	1	1	1	1	1	1	1	1	1	1	1	1	1	1	1	1	1	1	1	1	1	1	1	1	1	1	1	1	1	1	1	1	0	1	1	1	1	1	1	1	1	1	1	1	1	1	1	1	1	1	1	1	1	1	1	1	1	1	1	1	0	1	1	1	1	1	1	1	1	1	1	1	1	1	1	1	1	1	1	1	1	1	0	1	1	1	1	1	1	1	1	1	1	1	1	1	1	1	1	1	1	1	1	1	1	1	1	1	1	1	1	1	1	1	1	1	1	1	1	1	1	1	1	1	1	1	1	1	1	1	1	1	1	1	1	1	1	1	1	1	1	1	1	1	1	1	1	1	1	1	1	1	1	1	1	1	1	1	1	1	1	1	1	1	1	1	1	1	1	1	1	1	1	1	1	1	1	1	1	1	1	1	1	1	1	1	1	1	1	1	1	0	1	1	1	1	1	1	1	1	1	1	1	1	1	1	1	1	1	1	1	1	1	1	1	1	1	1	1	1	1	1	1	1	1	1	1	1	1	1	1	1	1	1	1	1	1	1	1	1	1	1	1	0	1	1	1	1	1	1	1	1	1	1	1	1	1	1	1	1	1	1	1	1	1	1	1	1	1	1	1	1	1	1	1	1	1	1	1	1	1	1	1	1	1	1	1	1	1	1	1	1	1	1	1	1	1	1	1	1	1	1	1	1	1	1	1	1	1	1	1	1	1	1	1	1	1	1	1	1	1	1	1	1	1	1	1	1	1	1	1	1	1	1	1	1	1	1	1	1	1	1	1	1	1	1	1	1	1	1	1	1	1	1	1	1	1	1	1	1	1	1	1	1	1	1	1	1	1	1	1	1	1	1	1	1	1	1	1	1	1	1	1	1	1	1	1	1	1	1	1	1	1	1	1	1	1	1	1	1	1	1	1	1	1	1	1	1	1	1	1	1	1	1	1	1	1	1	1	1	1	1	1	1	1	1	1	1	1	0	1	1	1	1	1	1	1	1	1	1	1	1	1	1	1	1	1	1	1	1	1	1	1	1	1	0	1	1	1	1	1	1	1	1	1	1	1	1	1	1	1	1	1	1	1	1	1	1	1	1	1	1	1	1	1	1	1	1	1	1	1	1	1	1	1	1	1	1	1	1	1	1	1	1	1	1	1	1	1	1	1	1	1	1	1	1	1	1	1	1	0	1	1	1	1	1	1	1	1	1	1	1	1	1	1	1	1	1	1	1	1	1	1	1	1	1	1	1	1	1	1	1	1	1	1	1	1	1	1	1	1	1	1	1	1	1	1	1	1	1	1	1	1	1	1	1	1	1	1	1	1	1	1	1	1	1	1	1	1	1	1	1	1	1	1	1	1	1	1	1	1	1	1	1	1	1	1	1	1	1	1	1	1	1	1	1	1	1	1	1	1	1	1	1	1	1	1	1	1	1	1	1	1	1	1	1	1	1	1	1	1	1	0	1	1	1	1	1	1	1	1	1	1	1	1	1	1	1	1	1	1	1	1	1	1	1	1	1	1	1	1	0	1	1	1	1	1	1	1	1	1	1	1	1	1	1	1	1	1	1	1	1	1	1	1	1	0	1	1	1	1	1	1	1	1	1	1	1	1	1	1	1	1	1	1	1	0	1	0	1	1	1	1	1	1	1	1	1	1	1	1	1	1	1	1	1	1	1	1	1	1	1	1	1	1	1	1	1	1	1	1	1	1	1	1	1	1	1	1	0	1	1	1	1	1	1	1	1	0	1	1	1	1	0	1	1	0	1	1	1	1	1	1	1
%%%	-0.067000	-0.036000	-0.004000	0.042000	0.074000	0.105000	0.136000	0.167000	0.198000	0.230000	0.276000	0.308000	0.339000	0.370000	0.401000	0.432000	0.464000	0.495000	0.542000	0.573000	0.604000	0.635000	0.666000	0.698000	0.729000	0.776000	0.807000	0.838000	0.869000	0.900000	0.932000	0.963000	0.994000	1.041000	1.072000	1.103000	1.134000	1.166000	1.197000	1.228000	1.275000	1.306000	1.337000	1.368000	1.400000	1.431000	1.462000	1.509000	1.540000	1.571000	1.602000	1.634000	1.665000	1.696000	1.727000	1.774000	1.805000	1.836000	1.868000	1.899000	1.930000	1.961000	2.008000	2.039000	2.070000	2.102000	2.133000	2.164000	2.195000	2.242000	2.273000	2.304000	2.336000	2.367000	2.398000	2.429000	2.461000	2.507000	2.539000	2.570000	2.601000	2.632000	2.663000	2.695000	2.741000	2.773000	2.804000	2.835000	2.866000	2.897000	2.929000	2.975000	3.007000	3.038000	3.069000	3.100000	3.131000	3.163000	3.194000	3.241000	3.272000	3.303000	3.334000	3.365000	3.397000	3.428000	3.475000	3.506000	3.537000	3.568000	3.599000	3.631000	3.662000	3.709000	3.740000	3.771000	3.802000	3.833000	3.865000	3.896000	3.927000	3.974000	4.005000	4.036000	4.067000	4.099000	4.130000	4.161000	4.208000	4.239000	4.270000	4.301000	4.333000	4.364000	4.395000	4.426000	4.473000	4.504000	4.535000	4.567000	4.598000	4.629000	4.660000	4.707000	4.738000	4.769000	4.801000	4.832000	4.863000	4.894000	4.941000	4.972000	5.003000	5.035000	5.066000	5.097000	5.128000	5.159000	5.206000	5.237000	5.269000	5.300000	5.331000	5.362000	5.393000	5.440000	5.471000	5.503000	5.534000	5.565000	5.596000	5.627000	5.674000	5.705000	5.737000	5.768000	5.799000	5.830000	5.861000	5.893000	5.939000	5.971000	6.002000	6.033000	6.064000	6.095000	6.127000	6.173000	6.205000	6.236000	6.267000	6.298000	6.329000	6.361000	6.407000	6.439000	6.470000	6.501000	6.532000	6.563000	6.595000	6.626000	6.673000	6.704000	6.735000	6.766000	6.797000	6.829000	6.860000	6.907000	6.938000	6.969000	7.000000	7.031000	7.063000	7.094000	7.125000	7.172000	7.203000	7.234000	7.265000	7.297000	7.328000	7.359000	7.406000	7.437000	7.468000	7.499000	7.531000	7.562000	7.593000	7.640000	7.671000	7.702000	7.733000	7.765000	7.796000	7.827000	7.858000	7.905000	7.936000	7.967000	7.999000	8.030000	8.061000	8.092000	8.139000	8.170000	8.201000	8.233000	8.264000	8.295000	8.326000	8.357000	8.404000	8.435000	8.467000	8.498000	8.529000	8.560000	8.591000	8.638000	8.669000	8.701000	8.732000	8.763000	8.794000	8.825000	8.872000	8.903000	8.935000	8.966000	8.997000	9.028000	9.059000	9.091000	9.137000	9.169000	9.200000	9.231000	9.262000	9.293000	9.325000	9.371000	9.403000	9.434000	9.465000	9.496000	9.527000	9.559000	9.605000	9.637000	9.668000	9.699000	9.730000	9.761000	9.793000	9.824000	9.871000	9.902000	9.933000	9.964000	9.995000	10.027000	10.058000	10.105000	10.136000	10.167000	10.198000	10.229000	10.261000	10.292000	10.339000	10.370000	10.401000	10.432000	10.463000	10.495000	10.526000	10.557000	10.604000	10.635000	10.666000	10.697000	10.729000	10.760000	10.791000	10.838000	10.869000	10.900000	10.931000	10.963000	10.994000	11.025000	11.072000	11.103000	11.134000	11.165000	11.197000	11.228000	11.259000	11.290000	11.337000	11.368000	11.399000	11.431000	11.462000	11.493000	11.524000	11.571000	11.602000	11.633000	11.665000	11.696000	11.727000	11.758000	11.805000	11.836000	11.867000	11.899000	11.930000	11.961000	11.992000	12.023000	12.070000	12.101000	12.133000	12.164000	12.195000	12.226000	12.257000	12.289000	12.335000	12.367000	12.398000	12.429000	12.460000	12.491000	12.523000	12.569000	12.601000	12.632000	12.663000	12.694000	12.725000	12.757000	12.803000	12.835000	12.866000	12.897000	12.928000	12.959000	12.991000	13.022000	13.069000	13.100000	13.131000	13.162000	13.193000	13.225000	13.256000	13.303000	13.334000	13.365000	13.396000	13.427000	13.459000	13.490000	13.537000	13.568000	13.599000	13.630000	13.661000	13.693000	13.724000	13.755000	13.802000	13.833000	13.864000	13.895000	13.927000	13.958000	13.989000	14.036000	14.067000	14.098000	14.129000	14.161000	14.192000	14.223000	14.270000	14.301000	14.332000	14.363000	14.395000	14.426000	14.457000	14.488000	14.535000	14.566000	14.597000	14.629000	14.660000	14.691000	14.722000	14.769000	14.800000	14.831000	14.863000	14.894000	14.925000	14.956000	15.003000	15.034000	15.065000	15.097000	15.128000	15.159000	15.190000	15.221000	15.268000	15.299000	15.331000	15.362000	15.393000	15.424000	15.455000	15.502000	15.533000	15.565000	15.596000	15.627000	15.658000	15.689000	15.736000	15.767000	15.799000	15.830000	15.861000	15.892000	15.923000	15.955000	16.001000	16.033000	16.064000	16.095000	16.126000	16.157000	16.189000	16.235000	16.267000	16.298000	16.329000	16.360000	16.391000	16.423000	16.454000	16.501000	16.532000	16.563000	16.594000	16.625000	16.657000	16.688000	16.735000	16.766000	16.797000	16.828000	16.859000	16.891000	16.922000	16.953000	17.000000	17.031000	17.062000	17.093000	17.125000	17.156000	17.187000	17.234000	17.265000	17.296000	17.327000	17.359000	17.390000	17.421000	17.468000	17.499000	17.530000	17.561000	17.593000	17.624000	17.655000	17.686000	17.733000	17.764000	17.795000	17.827000	17.858000	17.889000	17.920000	17.967000	17.998000	18.029000	18.061000	18.092000	18.123000	18.154000	18.201000	18.232000	18.263000	18.295000	18.326000	18.357000	18.388000	18.419000	18.466000	18.497000	18.529000	18.560000	18.591000	18.622000	18.653000	18.700000	18.731000	18.763000	18.794000	18.825000	18.856000	18.887000	18.934000	18.965000	18.997000	19.028000	19.059000	19.090000	19.121000	19.153000	19.199000	19.231000	19.262000	19.293000	19.324000	19.355000	19.387000	19.433000	19.465000	19.496000	19.527000	19.558000	19.589000	19.621000	19.667000	19.699000	19.730000	19.761000	19.792000	19.823000	19.855000	19.886000	19.933000	19.964000	19.995000	20.026000	20.057000	20.089000	20.120000	20.167000	20.198000	20.229000	20.260000	20.291000	20.323000	20.354000	20.385000	20.432000	20.463000	20.494000	20.525000	20.557000	20.588000	20.619000	20.666000	20.697000	20.728000	20.759000	20.791000	20.822000	20.853000	20.900000	20.931000	20.962000	20.993000	21.025000	21.056000	21.087000	21.118000	21.165000	21.196000	21.227000	21.259000	21.290000	21.321000	21.352000	21.399000	21.430000	21.461000	21.493000	21.524000	21.555000	21.586000	21.617000	21.664000	21.695000	21.727000	21.758000	21.789000	21.820000	21.851000	21.898000	21.929000	21.961000	21.992000	22.023000	22.054000	22.085000	22.132000	22.163000	22.195000	22.226000	22.257000	22.288000	22.319000	22.351000	22.397000	22.429000	22.460000	22.491000	22.522000	22.553000	22.585000	22.631000	22.663000	22.694000	22.725000	22.756000	22.787000	22.819000	22.865000	22.897000	22.928000	22.959000	22.990000	23.021000	23.053000	23.084000	23.131000	23.162000	23.193000	23.224000	23.255000	23.287000	23.318000	23.365000	23.396000	23.427000	23.458000	23.489000	23.521000	23.552000	23.599000	23.630000	23.661000	23.692000	23.723000	23.755000	23.786000	23.817000	23.864000	23.895000	23.926000	23.957000	23.989000	24.020000	24.051000	24.098000	24.129000	24.160000	24.191000	24.223000	24.254000	24.285000	24.316000	24.363000	24.394000	24.425000	24.457000	24.488000	24.519000	24.550000	24.597000	24.628000	24.659000	24.691000	24.722000	24.753000	24.784000	24.831000	24.862000	24.893000	24.925000	24.956000	24.987000	25.018000	25.049000	25.096000	25.127000	25.159000	25.190000	25.221000	25.252000	25.283000	25.330000	25.361000	25.393000	25.424000	25.455000	25.486000	25.517000	25.564000	25.595000	25.627000	25.658000	25.689000	25.720000	25.751000	25.783000	25.829000	25.861000	25.892000	25.923000	25.954000	25.985000	26.017000	26.063000	26.095000	26.126000	26.157000	26.188000	26.219000	26.251000	26.297000	26.329000	26.360000	26.391000	26.422000	26.453000	26.485000	26.516000	26.563000	26.594000	26.625000	26.656000	26.687000	26.719000	26.750000	26.797000	26.828000	26.859000	26.890000	26.921000	26.953000	26.984000	27.031000	27.062000	27.093000	27.124000	27.155000	27.187000	27.218000	27.249000	27.296000	27.327000	27.358000	27.389000	27.421000	27.452000	27.483000	27.530000	27.561000	27.592000	27.623000	27.655000	27.686000	27.717000	27.748000	27.795000	27.826000	27.857000	27.889000	27.920000	27.951000	27.982000	28.029000	28.060000	28.091000	28.123000	28.154000	28.185000	28.216000	28.247000	28.294000	28.325000	28.357000	28.388000	28.419000	28.450000	28.481000	28.528000	28.559000	28.591000	28.622000	28.653000	28.684000	28.715000	28.762000	28.793000	28.825000	28.856000	28.887000	28.918000	28.949000	28.981000	29.027000	29.059000	29.090000	29.121000	29.152000	29.183000	29.215000	29.261000	29.293000	29.324000	29.355000	29.386000	29.417000	29.449000	29.495000	29.527000	29.558000	29.589000	29.620000	29.651000	29.683000	29.714000	29.761000	29.792000	29.823000	29.854000	29.885000	29.917000	29.948000	29.995000
%%%	1.477101	1.426812	1.491449	1.446377	1.442464	1.444638	1.477681	1.444058	1.472899	1.450580	1.463623	1.455072	1.460870	1.461449	1.460870	1.438986	1.437681	1.437681	1.477681	1.460870	1.453333	1.477246	1.344928	1.466667	1.412754	1.351450	1.321739	1.257536	1.181449	1.178406	1.101449	1.075072	0.973913	0.997246	0.999275	0.925072	0.937536	0.951594	0.881159	0.879855	0.898985	0.874928	0.885797	0.892754	0.860870	0.883768	0.895072	0.869710	0.893333	0.872464	0.904348	0.915797	0.904348	0.972319	0.964638	0.951159	0.950725	0.972899	0.973913	1.015942	0.985942	0.957681	0.950725	0.975072	0.973913	0.972319	0.950725	0.997101	0.973913	0.973913	1.013623	1.252174	0.973913	1.008696	1.031884	1.043333	1.049420	1.018406	1.061449	1.043333	1.061449	1.049420	1.020290	1.017536	1.049275	1.070725	1.048406	1.066667	1.062464	1.055797	1.043333	1.057536	1.046812	1.038986	1.079420	1.031884	1.079420	1.079420	1.066667	1.061015	1.079275	1.061449	1.081015	1.081594	1.090725	1.096812	1.081594	1.070725	1.136232	1.081594	1.101449	1.078841	1.094493	1.094493	1.066667	1.030435	1.066667	1.098406	1.066377	1.113043	1.096812	1.082464	1.094493	1.082319	1.095652	1.062899	1.082174	1.082029	1.114058	1.100725	1.100725	1.100580	1.104928	1.066667	1.100580	1.132754	1.131449	1.138551	1.131014	1.146232	1.146812	1.141449	1.155362	1.159710	1.155362	1.182609	1.141449	1.161449	1.177681	1.159420	1.157536	1.066667	1.131449	1.131594	1.124638	1.155507	1.142029	1.144638	1.159275	1.164638	1.176812	1.168551	1.159420	1.212464	1.192319	1.203768	1.222754	1.185942	1.194203	1.203333	1.176667	1.190145	1.194203	1.201449	1.183188	1.174493	1.096812	1.177246	1.171449	1.159420	1.172029	1.176667	1.171015	1.159275	1.175073	1.172899	1.166667	1.171449	1.213623	1.153188	1.212029	1.185362	1.179275	1.182609	1.207681	1.204928	1.205797	1.205942	1.230580	1.225073	1.257246	1.252754	1.249420	1.252899	1.246812	1.257246	1.252174	1.254636	1.252174	1.255942	1.274058	1.261594	1.182609	1.213768	1.220725	1.203188	1.186811	1.165217	1.205797	1.182609	1.167971	1.181449	1.190000	1.165942	1.136232	1.159420	1.195072	1.181449	1.203188	1.231449	1.232898	1.217391	1.229420	1.223188	1.198840	1.198986	1.185362	1.202319	1.202754	1.159420	1.181449	1.171015	1.212029	1.176812	1.202754	1.209710	1.212029	1.181014	1.199420	1.177681	1.201014	1.182609	1.188551	1.190145	1.223333	1.166667	1.185942	1.183188	1.217391	1.182609	1.207681	1.182609	1.226087	1.228841	1.209275	1.229855	1.217391	1.229855	1.165362	1.222754	1.233623	1.182609	1.181014	1.198840	1.172464	1.179420	1.203333	1.181014	1.182609	1.216232	1.202029	1.159420	1.207536	1.212464	1.229420	1.228985	1.246667	1.238406	1.252174	1.252174	1.211449	1.240580	1.272464	1.252174	1.182609	1.275362	1.235362	1.223188	1.237681	1.247826	1.230580	1.205797	1.221159	1.182609	1.256667	1.229855	1.238406	1.252174	1.229275	1.275362	1.252174	1.252174	1.249275	1.217391	1.236232	1.237971	1.241595	1.252174	1.246377	1.220725	1.275362	1.242754	1.274203	1.261014	1.287536	1.273333	1.274058	1.274058	1.304348	1.304928	1.252174	1.309855	1.299275	1.298551	1.305507	1.291884	1.305942	1.298551	1.309275	1.252174	1.266232	1.246232	1.229275	1.233188	1.212029	1.174493	1.182609	1.182609	1.164493	1.203768	1.171015	1.194203	1.189855	1.202754	1.202899	1.229275	1.228985	1.235797	1.265797	1.248986	1.273623	1.278841	1.252174	1.282754	1.281449	1.299420	1.286957	1.282464	1.275507	1.281449	1.253333	1.228985	1.283623	1.294493	1.263768	1.275362	1.272754	1.286957	1.290725	1.294058	1.272754	1.299855	1.252174	1.298406	1.258116	1.298406	1.252174	1.275362	1.275362	1.281884	1.265942	1.252174	1.308551	1.285797	1.291884	1.326232	1.322319	1.285797	1.322754	1.252174	1.298551	1.298986	1.298551	1.327536	1.322609	1.298551	1.437681	1.305797	1.336377	1.304928	1.296377	1.298551	1.328841	1.327681	1.313768	1.304348	1.302174	1.275362	1.267246	1.264638	1.262464	1.264638	1.253768	1.253333	1.262899	1.230580	1.217246	1.255942	1.252319	1.252174	1.240290	1.228841	1.270725	1.252174	1.240580	1.283768	1.275362	1.248840	1.269565	1.254638	1.253768	1.260145	1.257536	1.252174	1.262029	1.252174	1.281014	1.284203	1.283623	1.344928	1.333333	1.324203	1.252174	1.328551	1.329275	1.322899	1.341884	1.344493	1.331594	1.298551	1.351160	1.333333	1.310290	1.310145	1.321449	1.305362	1.283768	1.281594	1.263188	1.275362	1.257971	1.275362	1.240580	1.240580	1.252174	1.251014	1.270145	1.220580	1.276667	1.257246	1.248406	1.228985	1.268406	1.252174	1.275362	1.281014	1.287536	1.290290	1.298551	1.283623	1.318406	1.298551	1.308116	1.344638	1.344928	1.332029	1.340725	1.321739	1.291884	1.272754	1.264058	1.252899	1.211884	1.185797	1.188116	1.185362	1.205797	1.174493	1.192319	1.226667	1.194058	1.182609	1.229275	1.226087	1.236812	1.220145	1.252174	1.173188	1.249420	1.248406	1.255942	1.275362	1.252174	1.252754	1.220580	1.237971	1.251160	1.235507	1.245652	1.240725	1.237971	1.222899	1.242319	1.251594	1.249420	1.248406	1.233188	1.228841	1.264203	1.228985	1.235942	1.275362	1.217246	1.251594	1.221594	1.214493	1.252174	1.230580	1.133333	1.240580	1.238116	1.240290	1.209275	1.228841	1.221159	1.252174	1.237971	1.244203	1.220725	1.182609	1.283188	1.253333	1.217391	1.235362	1.229275	1.217391	1.234783	1.263768	1.263768	1.228985	1.243623	1.237536	1.254638	1.252319	1.066667	1.228841	1.212029	1.217391	1.230580	1.217391	1.212029	1.197681	1.176812	1.203333	1.182609	1.212029	1.217391	1.167971	1.201160	1.192029	1.182609	1.218406	1.217391	1.182609	1.237536	1.231884	1.220580	1.159420	1.253188	1.217391	1.212464	1.224927	1.220145	1.217391	1.216232	1.222754	1.236377	1.211884	1.203768	1.205942	1.228841	1.207101	1.211884	1.182609	1.216667	1.171449	1.205362	1.207101	1.203768	1.167971	1.222754	1.207536	1.195072	1.206812	1.220145	1.217391	1.199420	1.195072	1.203623	1.211449	1.176667	1.228985	1.204348	1.227971	1.159275	1.205362	1.169565	1.198840	1.211884	1.066667	1.176812	1.200580	1.177681	1.182609	1.155362	1.155942	1.182029	1.182029	1.173768	1.182754	1.182609	1.159420	1.177536	1.177681	1.205507	1.171015	1.210145	1.161014	1.240290	1.209275	1.168406	1.232029	1.211449	1.194928	1.182609	1.193478	1.165362	1.182609	1.184203	1.201014	1.164638	1.171884	1.182609	1.164638	1.200580	1.171449	1.182609	1.214493	1.213623	1.182609	1.212029	1.204638	1.207536	1.211884	1.230580	1.203188	1.186377	1.217391	1.203333	1.182609	1.179275	1.205507	1.171015	1.201160	1.204203	1.216232	1.212464	1.235362	1.240580	1.217391	1.217391	1.212464	1.206377	1.176812	1.177681	1.135507	1.177246	1.205797	1.165797	1.171015	1.146812	1.146232	1.136232	1.152754	1.159420	1.134203	1.082174	1.152319	1.122319	1.159420	1.114638	1.134928	1.148840	1.151014	1.026667	1.132029	1.122319	1.150580	1.171739	1.158551	1.159420	1.140725	1.140145	1.113623	1.130435	1.118551	1.136232	1.133333	1.104928	1.136232	1.135797	1.165072	1.140725	1.153188	1.181449	1.178841	1.155507	1.163623	1.159420	1.172319	1.179420	1.165942	1.167246	1.149710	1.161884	1.181449	1.121015	1.153623	1.053768	1.178841	1.150580	1.066667	1.169420	1.184203	1.179855	1.165797	1.148986	1.162029	1.185942	1.185362	1.140145	1.151160	1.165362	1.186377	1.149275	1.163623	1.165942	1.165362	1.181449	1.185797	1.186377	1.171594	1.151014	1.132754	1.155362	1.165217	1.157971	1.140145	1.113043	1.089855	1.113043	1.149855	1.172609	1.150580	1.161884	1.150870	1.159420	1.194203	1.171015	1.199420	1.217391	1.188116	1.197101	1.185362	1.182029	1.176087	1.176667	1.150290	1.159710	1.205797	1.100580	1.163768	1.173768	1.136232	1.151014	1.066667	1.182609	1.218551	1.196232	1.220580	1.192464	1.212029	1.217391	1.200000	1.111449	1.205797	1.217971	1.208116	1.241884	1.257681	1.255942	1.215797	1.242899	1.249420	1.253333	1.066667	1.242899	1.252174	1.170145	1.177246	1.191884	1.066232	1.174493	1.174493	1.171884	1.187971	1.186810	1.164638	1.192464	1.168986	1.168841	1.203188	1.212464	1.170145	1.187101	1.223333	1.223188	1.182609	1.238986	1.239710	1.223768	1.228985	1.226087	1.238116	1.230580	1.255507	1.215797	1.242899	1.268840	1.240145	1.238116	1.222754	1.205797	1.182609	1.132029	1.153623	1.211594	1.172464	1.089710	1.200725	1.218551	1.202899	1.210290	1.205797	1.200000	1.200000	1.179420	1.066667	1.137971	1.177826	1.191884	1.202754	1.066667	1.165942	1.159275	1.061449	1.182609	1.171159	1.165072	1.159710	1.166232	1.141449	1.173188
%%%	Left Pupil Profile (1st row -> 1 == valid tracking, 0 == invalid tracking; 2nd row -> time; 3rd row -> diameter (mm))
%%%	0	0	0	0	0	0	0	0	0	0	0	0	0	0	0	0	0	0	0	0	0	0	0	0	0	0	0	0	0	0	0	0	0	0	0	0	0	0	0	0	0	0	0	0	0	0	0	0	0	0	0	0	0	0	0	0	0	0	0	0	0	0	0	0	0	0	0	0	0	0	0	0	0	0	0	0	0	0	0	0	0	0	0	0	0	0	0	0	0	0	0	0	0	0	0	0	0	0	0	0	0	0	0	0	0	0	0	0	0	0	0	0	0	0	0	0	0	0	0	0	0	0	0	0	0	0	0	0	0	0	0	0	0	0	0	0	0	0	0	0	0	0	0	0	0	0	0	0	0	0	0	0	0	0	0	0	0	0	0	0	0	0	0	0	0	0	0	0	0	0	0	0	0	0	0	0	0	0	0	0	0	0	0	0	0	0	0	0	0	0	0	0	0	0	0	0	0	0	0	0	0	0	0	0	0	0	0	0	0	0	0	0	0	0	0	0	0	0	0	0	0	0	0	0	0	0	0	0	0	0	0	0	0	0	0	0	0	0	0	0	0	0	0	0	0	0	0	0	0	0	0	0	0	0	0	0	0	0	0	0	0	0	0	0	0	0	0	0	0	0	0	0	0	0	0	0	0	0	0	0	0	0	0	0	0	0	0	0	0	0	0	0	0	0	0	0	0	0	0	0	0	0	0	0	0	0	0	0	0	0	0	0	0	0	0	0	0	0	0	0	0	0	0	0	0	0	0	0	0	0	0	0	0	0	0	0	0	0	0	0	0	0	0	0	0	0	0	0	0	0	0	0	0	0	0	0	0	0	0	0	0	0	0	0	0	0	0	0	0	0	0	0	0	0	0	0	0	0	0	0	0	0	0	0	0	0	0	0	0	0	0	0	0	0	0	0	0	0	0	0	0	0	0	0	0	0	0	0	0	0	0	0	0	0	0	0	0	0	0	0	0	0	0	0	0	0	0	0	0	0	0	0	0	0	0	0	0	0	0	0	0	0	0	0	0	0	0	0	0	0	0	0	0	0	0	0	0	0	0	0	0	0	0	0	0	0	0	0	0	0	0	0	0	0	0	0	0	0	0	0	0	0	0	0	0	0	0	0	0	0	0	0	0	0	0	0	0	0	0	0	0	0	0	0	0	0	0	0	0	0	0	0	0	0	0	0	0	0	0	0	0	0	0	0	0	0	0	0	0	0	0	0	0	0	0	0	0	0	0	0	0	0	0	0	0	0	0	0	0	0	0	0	0	0	0	0	0	0	0	0	0	0	0	0	0	0	0	0	0	0	0	0	0	0	0	0	0	0	0	0	0	0	0	0	0	0	0	0	0	0	0	0	0	0	0	0	0	0	0	0	0	0	0	0	0	0	0	0	0	0	0	0	0	0	0	0	0	0	0	0	0	0	0	0	0	0	0	0	0	0	0	0	0	0	0	0	0	0	0	0	0	0	0	0	0	0	0	0	0	0	0	0	0	0	0	0	0	0	0	0	0	0	0	0	0	0	0	0	0	0	0	0	0	0	0	0	0	0	0	0	0	0	0	0	0	0	0	0	0	0	0	0	0	0	0	0	0	0	0	0	0	0	0	0	0	0	0	0	0	0	0	0	0	0	0	0	0	0	0	0	0	0	0	0	0	0	0	0	0	0	0	0	0	0	0	0	0	0	0	0	0	0	0	0	0	0	0	0	0	0	0	0	0	0	0	0	0	0	0	0	0	0	0	0	0	0	0	0	0	0	0	0	0	0	0	0	0	0	0	0	0	0	0	0	0	0	0	0	0	0	0	0	0	0	0	0	0	0	0	0	0	0	0	0	0	0	0	0	0	0	0	0	0	0	0	0	0	0	0	0	0	0	0	0	0	0	0	0	0	0	0	0	0	0	0	0	0	0	0	0	0	0	0	0	0	0	0	0	0	0	0	0	0	0	0	0	0	0	0	0	0	0	0	0	0	0	0	0	0	0	0	0	0	0	0	0	0	0	0	0	0	0	0	0	0	0	0	0	0	0	0	0	0	0	0	0	0	0	0	0	0	0	0
%%%	-0.067000	-0.036000	-0.004000	0.027000	0.074000	0.105000	0.136000	0.167000	0.198000	0.230000	0.261000	0.308000	0.339000	0.370000	0.401000	0.432000	0.464000	0.495000	0.542000	0.573000	0.604000	0.635000	0.666000	0.698000	0.729000	0.760000	0.807000	0.838000	0.869000	0.900000	0.932000	0.963000	0.994000	1.041000	1.072000	1.103000	1.134000	1.166000	1.197000	1.228000	1.275000	1.306000	1.337000	1.368000	1.400000	1.431000	1.462000	1.493000	1.540000	1.571000	1.602000	1.634000	1.665000	1.696000	1.727000	1.774000	1.805000	1.836000	1.868000	1.899000	1.930000	1.961000	2.008000	2.039000	2.070000	2.102000	2.133000	2.164000	2.195000	2.226000	2.273000	2.304000	2.336000	2.367000	2.398000	2.429000	2.461000	2.507000	2.539000	2.570000	2.601000	2.632000	2.663000	2.695000	2.726000	2.773000	2.804000	2.835000	2.866000	2.897000	2.929000	2.960000	3.007000	3.038000	3.069000	3.100000	3.131000	3.163000	3.194000	3.241000	3.272000	3.303000	3.334000	3.365000	3.397000	3.428000	3.459000	3.506000	3.537000	3.568000	3.599000	3.631000	3.662000	3.693000	3.740000	3.771000	3.802000	3.833000	3.865000	3.896000	3.927000	3.958000	4.005000	4.036000	4.067000	4.099000	4.130000	4.161000	4.192000	4.239000	4.270000	4.301000	4.333000	4.364000	4.395000	4.426000	4.473000	4.504000	4.535000	4.567000	4.598000	4.629000	4.660000	4.691000	4.738000	4.769000	4.801000	4.832000	4.863000	4.894000	4.925000	4.972000	5.003000	5.035000	5.066000	5.097000	5.128000	5.159000	5.206000	5.237000	5.269000	5.300000	5.331000	5.362000	5.393000	5.425000	5.471000	5.503000	5.534000	5.565000	5.596000	5.627000	5.659000	5.705000	5.737000	5.768000	5.799000	5.830000	5.861000	5.893000	5.939000	5.971000	6.002000	6.033000	6.064000	6.095000	6.127000	6.158000	6.205000	6.236000	6.267000	6.298000	6.329000	6.361000	6.392000	6.439000	6.470000	6.501000	6.532000	6.563000	6.595000	6.626000	6.673000	6.704000	6.735000	6.766000	6.797000	6.829000	6.860000	6.891000	6.938000	6.969000	7.000000	7.031000	7.063000	7.094000	7.125000	7.172000	7.203000	7.234000	7.265000	7.297000	7.328000	7.359000	7.406000	7.437000	7.468000	7.499000	7.531000	7.562000	7.593000	7.624000	7.671000	7.702000	7.733000	7.765000	7.796000	7.827000	7.858000	7.889000	7.936000	7.967000	7.999000	8.030000	8.061000	8.092000	8.123000	8.170000	8.201000	8.233000	8.264000	8.295000	8.326000	8.357000	8.404000	8.435000	8.467000	8.498000	8.529000	8.560000	8.591000	8.623000	8.669000	8.701000	8.732000	8.763000	8.794000	8.825000	8.857000	8.903000	8.935000	8.966000	8.997000	9.028000	9.059000	9.091000	9.137000	9.169000	9.200000	9.231000	9.262000	9.293000	9.325000	9.356000	9.403000	9.434000	9.465000	9.496000	9.527000	9.559000	9.590000	9.637000	9.668000	9.699000	9.730000	9.761000	9.793000	9.824000	9.871000	9.902000	9.933000	9.964000	9.995000	10.027000	10.058000	10.089000	10.136000	10.167000	10.198000	10.229000	10.261000	10.292000	10.323000	10.370000	10.401000	10.432000	10.463000	10.495000	10.526000	10.557000	10.604000	10.635000	10.666000	10.697000	10.729000	10.760000	10.791000	10.822000	10.869000	10.900000	10.931000	10.963000	10.994000	11.025000	11.056000	11.103000	11.134000	11.165000	11.197000	11.228000	11.259000	11.290000	11.337000	11.368000	11.399000	11.431000	11.462000	11.493000	11.524000	11.555000	11.602000	11.633000	11.665000	11.696000	11.727000	11.758000	11.789000	11.821000	11.867000	11.899000	11.930000	11.961000	11.992000	12.023000	12.055000	12.101000	12.133000	12.164000	12.195000	12.226000	12.257000	12.289000	12.335000	12.367000	12.398000	12.429000	12.460000	12.491000	12.523000	12.554000	12.601000	12.632000	12.663000	12.694000	12.725000	12.757000	12.788000	12.835000	12.866000	12.897000	12.928000	12.959000	12.991000	13.022000	13.069000	13.100000	13.131000	13.162000	13.193000	13.225000	13.256000	13.287000	13.334000	13.365000	13.396000	13.427000	13.459000	13.490000	13.521000	13.568000	13.599000	13.630000	13.661000	13.693000	13.724000	13.755000	13.802000	13.833000	13.864000	13.895000	13.927000	13.958000	13.989000	14.020000	14.067000	14.098000	14.129000	14.161000	14.192000	14.223000	14.254000	14.301000	14.332000	14.363000	14.395000	14.426000	14.457000	14.488000	14.535000	14.566000	14.597000	14.629000	14.660000	14.691000	14.722000	14.753000	14.800000	14.831000	14.863000	14.894000	14.925000	14.956000	14.987000	15.034000	15.065000	15.097000	15.128000	15.159000	15.190000	15.221000	15.268000	15.299000	15.331000	15.362000	15.393000	15.424000	15.455000	15.487000	15.533000	15.565000	15.596000	15.627000	15.658000	15.689000	15.721000	15.767000	15.799000	15.830000	15.861000	15.892000	15.923000	15.955000	15.986000	16.033000	16.064000	16.095000	16.126000	16.157000	16.189000	16.220000	16.267000	16.298000	16.329000	16.360000	16.391000	16.423000	16.454000	16.501000	16.532000	16.563000	16.594000	16.625000	16.657000	16.688000	16.719000	16.766000	16.797000	16.828000	16.859000	16.891000	16.922000	16.953000	17.000000	17.031000	17.062000	17.093000	17.125000	17.156000	17.187000	17.218000	17.265000	17.296000	17.327000	17.359000	17.390000	17.421000	17.452000	17.499000	17.530000	17.561000	17.593000	17.624000	17.655000	17.686000	17.733000	17.764000	17.795000	17.827000	17.858000	17.889000	17.920000	17.951000	17.998000	18.029000	18.061000	18.092000	18.123000	18.154000	18.185000	18.232000	18.263000	18.295000	18.326000	18.357000	18.388000	18.419000	18.466000	18.497000	18.529000	18.560000	18.591000	18.622000	18.653000	18.685000	18.731000	18.763000	18.794000	18.825000	18.856000	18.887000	18.919000	18.965000	18.997000	19.028000	19.059000	19.090000	19.121000	19.153000	19.199000	19.231000	19.262000	19.293000	19.324000	19.355000	19.387000	19.418000	19.465000	19.496000	19.527000	19.558000	19.589000	19.621000	19.652000	19.699000	19.730000	19.761000	19.792000	19.823000	19.855000	19.886000	19.917000	19.964000	19.995000	20.026000	20.057000	20.089000	20.120000	20.151000	20.198000	20.229000	20.260000	20.291000	20.323000	20.354000	20.385000	20.432000	20.463000	20.494000	20.525000	20.557000	20.588000	20.619000	20.650000	20.697000	20.728000	20.759000	20.791000	20.822000	20.853000	20.884000	20.931000	20.962000	20.993000	21.025000	21.056000	21.087000	21.118000	21.165000	21.196000	21.227000	21.259000	21.290000	21.321000	21.352000	21.383000	21.430000	21.461000	21.493000	21.524000	21.555000	21.586000	21.617000	21.664000	21.695000	21.727000	21.758000	21.789000	21.820000	21.851000	21.883000	21.929000	21.961000	21.992000	22.023000	22.054000	22.085000	22.117000	22.163000	22.195000	22.226000	22.257000	22.288000	22.319000	22.351000	22.397000	22.429000	22.460000	22.491000	22.522000	22.553000	22.585000	22.616000	22.663000	22.694000	22.725000	22.756000	22.787000	22.819000	22.850000	22.897000	22.928000	22.959000	22.990000	23.021000	23.053000	23.084000	23.131000	23.162000	23.193000	23.224000	23.255000	23.287000	23.318000	23.349000	23.396000	23.427000	23.458000	23.489000	23.521000	23.552000	23.583000	23.630000	23.661000	23.692000	23.723000	23.755000	23.786000	23.817000	23.848000	23.895000	23.926000	23.957000	23.989000	24.020000	24.051000	24.082000	24.129000	24.160000	24.191000	24.223000	24.254000	24.285000	24.316000	24.363000	24.394000	24.425000	24.457000	24.488000	24.519000	24.550000	24.581000	24.628000	24.659000	24.691000	24.722000	24.753000	24.784000	24.815000	24.862000	24.893000	24.925000	24.956000	24.987000	25.018000	25.049000	25.096000	25.127000	25.159000	25.190000	25.221000	25.252000	25.283000	25.315000	25.361000	25.393000	25.424000	25.455000	25.486000	25.517000	25.549000	25.595000	25.627000	25.658000	25.689000	25.720000	25.751000	25.783000	25.829000	25.861000	25.892000	25.923000	25.954000	25.985000	26.017000	26.048000	26.095000	26.126000	26.157000	26.188000	26.219000	26.251000	26.282000	26.329000	26.360000	26.391000	26.422000	26.453000	26.485000	26.516000	26.547000	26.594000	26.625000	26.656000	26.687000	26.719000	26.750000	26.781000	26.828000	26.859000	26.890000	26.921000	26.953000	26.984000	27.015000	27.062000	27.093000	27.124000	27.155000	27.187000	27.218000	27.249000	27.280000	27.327000	27.358000	27.389000	27.421000	27.452000	27.483000	27.514000	27.561000	27.592000	27.623000	27.655000	27.686000	27.717000	27.748000	27.779000	27.826000	27.857000	27.889000	27.920000	27.951000	27.982000	28.013000	28.060000	28.091000	28.123000	28.154000	28.185000	28.216000	28.247000	28.294000	28.325000	28.357000	28.388000	28.419000	28.450000	28.481000	28.513000	28.559000	28.591000	28.622000	28.653000	28.684000	28.715000	28.747000	28.793000	28.825000	28.856000	28.887000	28.918000	28.949000	28.981000	29.027000	29.059000	29.090000	29.121000	29.152000	29.183000	29.215000	29.246000	29.293000	29.324000	29.355000	29.386000	29.417000	29.449000	29.480000	29.527000	29.558000	29.589000	29.620000	29.651000	29.683000	29.714000	29.761000	29.792000	29.823000	29.854000	29.885000	29.917000	29.948000	29.979000
%%%	13.913043	13.913043	13.913043	13.913043	13.913043	13.913043	13.913043	13.913043	13.913043	13.913043	13.913043	13.913043	13.913043	13.913043	13.913043	13.913043	13.913043	13.913043	13.913043	13.913043	13.913043	13.913043	13.913043	13.913043	13.913043	13.913043	13.913043	13.913043	13.913043	13.913043	13.913043	13.913043	13.913043	13.913043	13.913043	13.913043	13.913043	13.913043	13.913043	13.913043	13.913043	13.913043	13.913043	13.913043	13.913043	13.913043	13.913043	13.913043	13.913043	13.913043	13.913043	13.913043	13.913043	13.913043	13.913043	13.913043	13.913043	13.913043	13.913043	13.913043	13.913043	13.913043	13.913043	13.913043	13.913043	13.913043	13.913043	13.913043	13.913043	13.913043	13.913043	13.913043	13.913043	13.913043	13.913043	13.913043	13.913043	13.913043	13.913043	13.913043	13.913043	13.913043	13.913043	13.913043	13.913043	13.913043	13.913043	13.913043	13.913043	13.913043	13.913043	13.913043	13.913043	13.913043	13.913043	13.913043	13.913043	13.913043	13.913043	13.913043	13.913043	13.913043	13.913043	13.913043	13.913043	13.913043	13.913043	13.913043	13.913043	13.913043	13.913043	13.913043	13.913043	13.913043	13.913043	13.913043	13.913043	13.913043	13.913043	13.913043	13.913043	13.913043	13.913043	13.913043	13.913043	13.913043	13.913043	13.913043	13.913043	13.913043	13.913043	13.913043	13.913043	13.913043	13.913043	13.913043	13.913043	13.913043	13.913043	13.913043	13.913043	13.913043	13.913043	13.913043	13.913043	13.913043	13.913043	13.913043	13.913043	13.913043	13.913043	13.913043	13.913043	13.913043	13.913043	13.913043	13.913043	13.913043	13.913043	13.913043	13.913043	13.913043	13.913043	13.913043	13.913043	13.913043	13.913043	13.913043	13.913043	13.913043	13.913043	13.913043	13.913043	13.913043	13.913043	13.913043	13.913043	13.913043	13.913043	13.913043	13.913043	13.913043	13.913043	13.913043	13.913043	13.913043	13.913043	13.913043	13.913043	13.913043	13.913043	13.913043	13.913043	13.913043	13.913043	13.913043	13.913043	13.913043	13.913043	13.913043	13.913043	13.913043	13.913043	13.913043	13.913043	13.913043	13.913043	13.913043	13.913043	13.913043	13.913043	13.913043	13.913043	13.913043	13.913043	13.913043	13.913043	13.913043	13.913043	13.913043	13.913043	13.913043	13.913043	13.913043	13.913043	13.913043	13.913043	13.913043	13.913043	13.913043	13.913043	13.913043	13.913043	13.913043	13.913043	13.913043	13.913043	13.913043	13.913043	13.913043	13.913043	13.913043	13.913043	13.913043	13.913043	13.913043	13.913043	13.913043	13.913043	13.913043	13.913043	13.913043	13.913043	13.913043	13.913043	13.913043	13.913043	13.913043	13.913043	13.913043	13.913043	13.913043	13.913043	13.913043	13.913043	13.913043	13.913043	13.913043	13.913043	13.913043	13.913043	13.913043	13.913043	13.913043	13.913043	13.913043	13.913043	13.913043	13.913043	13.913043	13.913043	13.913043	13.913043	13.913043	13.913043	13.913043	13.913043	13.913043	13.913043	13.913043	13.913043	13.913043	13.913043	13.913043	13.913043	13.913043	13.913043	13.913043	13.913043	13.913043	13.913043	13.913043	13.913043	13.913043	13.913043	13.913043	13.913043	13.913043	13.913043	13.913043	13.913043	13.913043	13.913043	13.913043	13.913043	13.913043	13.913043	13.913043	13.913043	13.913043	13.913043	13.913043	13.913043	13.913043	13.913043	13.913043	13.913043	13.913043	13.913043	13.913043	13.913043	13.913043	13.913043	13.913043	13.913043	13.913043	13.913043	13.913043	13.913043	13.913043	13.913043	13.913043	13.913043	13.913043	13.913043	13.913043	13.913043	13.913043	13.913043	13.913043	13.913043	13.913043	13.913043	13.913043	13.913043	13.913043	13.913043	13.913043	13.913043	13.913043	13.913043	13.913043	13.913043	13.913043	13.913043	13.913043	13.913043	13.913043	13.913043	13.913043	13.913043	13.913043	13.913043	13.913043	13.913043	13.913043	13.913043	13.913043	13.913043	13.913043	13.913043	13.913043	13.913043	13.913043	13.913043	13.913043	13.913043	13.913043	13.913043	13.913043	13.913043	13.913043	13.913043	13.913043	13.913043	13.913043	13.913043	13.913043	13.913043	13.913043	13.913043	13.913043	13.913043	13.913043	13.913043	13.913043	13.913043	13.913043	13.913043	13.913043	13.913043	13.913043	13.913043	13.913043	13.913043	13.913043	13.913043	13.913043	13.913043	13.913043	13.913043	13.913043	13.913043	13.913043	13.913043	13.913043	13.913043	13.913043	13.913043	13.913043	13.913043	13.913043	13.913043	13.913043	13.913043	13.913043	13.913043	13.913043	13.913043	13.913043	13.913043	13.913043	13.913043	13.913043	13.913043	13.913043	13.913043	13.913043	13.913043	13.913043	13.913043	13.913043	13.913043	13.913043	13.913043	13.913043	13.913043	13.913043	13.913043	13.913043	13.913043	13.913043	13.913043	13.913043	13.913043	13.913043	13.913043	13.913043	13.913043	13.913043	13.913043	13.913043	13.913043	13.913043	13.913043	13.913043	13.913043	13.913043	13.913043	13.913043	13.913043	13.913043	13.913043	13.913043	13.913043	13.913043	13.913043	13.913043	13.913043	13.913043	13.913043	13.913043	13.913043	13.913043	13.913043	13.913043	13.913043	13.913043	13.913043	13.913043	13.913043	13.913043	13.913043	13.913043	13.913043	13.913043	13.913043	13.913043	13.913043	13.913043	13.913043	13.913043	13.913043	13.913043	13.913043	13.913043	13.913043	13.913043	13.913043	13.913043	13.913043	13.913043	13.913043	13.913043	13.913043	13.913043	13.913043	13.913043	13.913043	13.913043	13.913043	13.913043	13.913043	13.913043	13.913043	13.913043	13.913043	13.913043	13.913043	13.913043	13.913043	13.913043	13.913043	13.913043	13.913043	13.913043	13.913043	13.913043	13.913043	13.913043	13.913043	13.913043	13.913043	13.913043	13.913043	13.913043	13.913043	13.913043	13.913043	13.913043	13.913043	13.913043	13.913043	13.913043	13.913043	13.913043	13.913043	13.913043	13.913043	13.913043	13.913043	13.913043	13.913043	13.913043	13.913043	13.913043	13.913043	13.913043	13.913043	13.913043	13.913043	13.913043	13.913043	13.913043	13.913043	13.913043	13.913043	13.913043	13.913043	13.913043	13.913043	13.913043	13.913043	13.913043	13.913043	13.913043	13.913043	13.913043	13.913043	13.913043	13.913043	13.913043	13.913043	13.913043	13.913043	13.913043	13.913043	13.913043	13.913043	13.913043	13.913043	13.913043	13.913043	13.913043	13.913043	13.913043	13.913043	13.913043	13.913043	13.913043	13.913043	13.913043	13.913043	13.913043	13.913043	13.913043	13.913043	13.913043	13.913043	13.913043	13.913043	13.913043	13.913043	13.913043	13.913043	13.913043	13.913043	13.913043	13.913043	13.913043	13.913043	13.913043	13.913043	13.913043	13.913043	13.913043	13.913043	13.913043	13.913043	13.913043	13.913043	13.913043	13.913043	13.913043	13.913043	13.913043	13.913043	13.913043	13.913043	13.913043	13.913043	13.913043	13.913043	13.913043	13.913043	13.913043	13.913043	13.913043	13.913043	13.913043	13.913043	13.913043	13.913043	13.913043	13.913043	13.913043	13.913043	13.913043	13.913043	13.913043	13.913043	13.913043	13.913043	13.913043	13.913043	13.913043	13.913043	13.913043	13.913043	13.913043	13.913043	13.913043	13.913043	13.913043	13.913043	13.913043	13.913043	13.913043	13.913043	13.913043	13.913043	13.913043	13.913043	13.913043	13.913043	13.913043	13.913043	13.913043	13.913043	13.913043	13.913043	13.913043	13.913043	13.913043	13.913043	13.913043	13.913043	13.913043	13.913043	13.913043	13.913043	13.913043	13.913043	13.913043	13.913043	13.913043	13.913043	13.913043	13.913043	13.913043	13.913043	13.913043	13.913043	13.913043	13.913043	13.913043	13.913043	13.913043	13.913043	13.913043	13.913043	13.913043	13.913043	13.913043	13.913043	13.913043	13.913043	13.913043	13.913043	13.913043	13.913043	13.913043	13.913043	13.913043	13.913043	13.913043	13.913043	13.913043	13.913043	13.913043	13.913043	13.913043	13.913043	13.913043	13.913043	13.913043	13.913043	13.913043	13.913043	13.913043	13.913043	13.913043	13.913043	13.913043	13.913043	13.913043	13.913043	13.913043	13.913043	13.913043	13.913043	13.913043	13.913043	13.913043	13.913043	13.913043	13.913043	13.913043	13.913043	13.913043	13.913043	13.913043	13.913043	13.913043	13.913043	13.913043	13.913043	13.913043	13.913043	13.913043	13.913043	13.913043	13.913043	13.913043	13.913043	13.913043	13.913043	13.913043	13.913043	13.913043	13.913043	13.913043	13.913043	13.913043	13.913043	13.913043	13.913043	13.913043	13.913043	13.913043	13.913043	13.913043	13.913043	13.913043	13.913043	13.913043	13.913043	13.913043	13.913043	13.913043	13.913043	13.913043	13.913043	13.913043	13.913043	13.913043	13.913043	13.913043	13.913043	13.913043	13.913043	13.913043	13.913043	13.913043	13.913043	13.913043	13.913043	13.913043	13.913043	13.913043	13.913043	13.913043	13.913043	13.913043	13.913043	13.913043	13.913043	13.913043	13.913043	13.913043	13.913043	13.913043	13.913043	13.913043	13.913043	13.913043	13.913043	13.913043	13.913043	13.913043	13.913043	13.913043	13.913043	13.913043	13.913043	13.913043	13.913043	13.913043	13.913043	13.913043	13.913043	13.913043	13.913043	13.913043	13.913043	13.913043	13.913043	13.913043	13.913043	13.913043	13.913043	13.913043	13.913043	13.913043	13.913043	13.913043	13.913043	13.913043	13.913043	13.913043	13.913043	13.913043	13.913043
%%%	Pulse Index	Stimulus Section Index	Stimulus Section Start Index	Stimulus Section End Index	Pupil Stimulated: 0 = Right, 1 = Left, 2 = Both	Light Metric: 0 = Photopic, 1 = Scopotic, 2 = Radiometric	Stimulus Start Time	Stimulus Duration	Stimulus Pulse Duration	Right Pulse Max Level	Right Pulse Max Color (0123 = WRGB)	Right Pulse Min Level	Right Pulse Min Color (0123 = WRGB)	Left Pulse Max Level	Left Pulse Max Color (0123 = WRGB)	Left Pulse Min Level	Left Pulse Min Color (0123 = WRGB)	Right Data Input Type (0 == RAW DATA, 1 == FITTED DATA, 2 == M. OVERRIDED)	Right ANALYSIS STATE (0 == ABNORMAL, 1 == NORMAL)	Right MAX (mm) (EMPTY if INVALID)	Right MIN (mm) (EMPTY if INVALID)	Right DELTA (mm) (EMPTY if INVALID)	Right CH (%) (EMPTY if INVALID)	Right LAT (sec) (EMPTY if INVALID)	Right CV (mm/s) (EMPTY if INVALID)	Right MCV (mm/s) (EMPTY if INVALID)	Right DV (mm/s) (EMPTY if INVALID)	Left Data Input Type (0 == RAW DATA, 1 == FITTED DATA, 2 == M. OVERRIDED)	Left ANALYSIS STATE (0 == ABNORMAL, 1 == NORMAL)	Left MAX (mm) (EMPTY if INVALID)	Left MIN (mm) (EMPTY if INVALID)	Left DELTA (mm) (EMPTY if INVALID)	Left CH (%) (EMPTY if INVALID)	Left LAT (sec) (EMPTY if INVALID)	Left CV (mm/s) (EMPTY if INVALID)	Left MCV (mm/s) (EMPTY if INVALID)	Left DV (mm/s) (EMPTY if INVALID)
%%%	0	0	18	902	0	0	0.51	29.52	0.51	4.01	3	0.00	3	0.00	3	0.00	3	0	0	0.00	0.00			0.00	0.00	0.00	0.00	0	0	0.00	0.00			0.00	0.00	0.00	0.00
%%%%%%%%%
%%%%%%%%%
%%%%%%%%%
<\SESSION>
