<SESSION>
<VERSION>
2
<\VERSION>
<DATE>
2017-09-05 10:39:03
<\DATE>
<SUBJECT-ID>
c57-1mois-M3-1.2b
<\SUBJECT-ID>
<NOTE>

<\NOTE>
<MIN-MAX-PLOT>
0.100000 51880.761719
<\MIN-MAX-PLOT>
<STIMULUS-DEFINED>
Default
Default Human Relative Spectral Sensitivity
1	0
1	0.500000	0.500000	29.000000	3	3	1.200000	-100.000000	0.100000	-100.000000	0
<\STIMULUS-DEFINED>
<STIMULUS-GENERATED>
4
0	0	0.000000	3	0.000000	0.000000	3	0.000000	0.000000
0	1	0.509000	3	0.299242	15.810344	3	0.000000	0.000000
0	4	1.018000	3	0.000000	0.000000	3	0.000000	0.000000
-1	5	30.027000	0	0.000000	0.000000	0	0.000000	0.000000
<\STIMULUS-GENERATED>
<RIGHT-PUPIL-DATA>
903	1
1	-0.050000	1.415797	327.343750	393.343750
1	-0.019000	1.344928	330.000000	391.000000
1	0.012000	1.433768	327.568756	393.118744
1	0.044000	1.405797	327.450012	393.450012
1	0.075000	1.385942	327.068756	393.068756
1	0.106000	1.472464	327.625000	394.375000
1	0.137000	1.451160	326.868744	394.131256
1	0.184000	1.440580	326.250000	394.750000
1	0.215000	1.415797	326.643738	394.656250
1	0.246000	1.451449	327.106262	394.893616
1	0.278000	1.467971	327.406250	394.081238
1	0.309000	1.416377	328.368744	392.631256
1	0.340000	1.473913	328.375000	394.500000
1	0.371000	1.416232	327.649994	393.649994
1	0.418000	1.442464	327.356293	394.943756
1	0.449000	1.452174	327.187500	394.812500
1	0.480000	1.477101	326.725006	394.975006
1	0.512000	1.472319	326.593750	395.406250
1	0.543000	1.463768	326.812500	394.437500
1	0.574000	1.472319	327.656250	394.468750
1	0.605000	1.486957	328.000000	394.000000
1	0.652000	1.451160	327.918732	394.131256
1	0.683000	1.454493	328.100006	394.100006
1	0.714000	1.460870	328.000000	393.000000
1	0.746000	1.476667	327.593750	394.468750
1	0.777000	1.427536	327.031250	394.718750
1	0.808000	1.392029	327.018738	395.293762
1	0.839000	1.377246	327.856232	395.131256
1	0.870000	1.313189	328.906250	395.231262
1	0.917000	1.256667	329.443756	394.443756
1	0.948000	1.227681	329.031250	394.531250
1	0.980000	1.200000	329.000000	394.500000
1	1.011000	1.151594	329.687500	394.974976
1	1.042000	1.116232	329.475006	395.475006
1	1.073000	1.131449	328.081268	395.256256
1	1.104000	1.044638	328.399994	395.975006
1	1.151000	1.016812	328.424988	395.875000
1	1.182000	1.007536	328.274994	395.574982
1	1.214000	0.954928	329.281250	395.768738
1	1.245000	0.951159	329.681244	394.818756
1	1.276000	0.952463	329.699951	395.799927
1	1.307000	0.904348	329.500000	395.500000
1	1.338000	0.888406	330.250000	395.750000
1	1.385000	0.881015	330.031250	395.843750
1	1.416000	0.887101	329.243744	396.306244
0	1.448000	0.788406	330.000000	395.000000
1	1.479000	0.857681	328.662506	396.662506
1	1.510000	0.857971	330.000000	397.000000
1	1.541000	0.834783	329.500000	395.500000
1	1.572000	0.823188	330.000000	396.000000
1	1.604000	0.800580	329.500000	396.000000
0	1.650000	0.557681	325.725006	391.912506
1	1.682000	0.812464	329.737488	395.737488
1	1.713000	0.788406	330.000000	395.000000
0	1.744000	0.628406	325.837494	394.725006
1	1.775000	0.788406	327.000000	398.000000
1	1.806000	0.782609	328.375000	397.625000
1	1.838000	0.779855	328.781250	396.906250
1	1.884000	0.795797	329.068726	396.931030
0	1.916000	0.740145	328.243744	396.318756
1	1.947000	0.772464	329.687500	396.924988
1	1.978000	0.778986	328.781250	396.831238
0	2.009000	0.568116	325.812500	394.812500
1	2.040000	0.752899	328.418762	397.706238
1	2.072000	0.788406	326.000000	399.000000
1	2.118000	0.753623	327.000000	399.000000
1	2.150000	0.777536	327.206238	398.831238
1	2.181000	0.752899	327.581238	398.418762
1	2.212000	0.765217	327.500000	398.500000
0	2.243000	0.347826	330.993744	407.543732
0	2.274000	0.531594	325.399994	395.350006
1	2.306000	0.764203	328.506256	398.743744
0	2.337000	0.553333	324.962494	395.037506
1	2.384000	0.755362	327.475006	399.524994
0	2.415000	0.618406	324.118744	397.618744
1	2.446000	0.717971	326.187500	399.187500
1	2.477000	0.751159	326.631256	399.606232
0	2.508000	0.788406	327.000000	398.000000
1	2.540000	0.759275	327.718750	399.543762
1	2.571000	0.741884	327.643738	398.706238
1	2.618000	0.730435	328.250000	399.250000
0	2.649000	0.591884	326.250000	396.987488
1	2.680000	0.788406	329.000000	400.000000
1	2.711000	0.756667	327.118744	399.118744
1	2.742000	0.796667	327.056244	399.806244
1	2.774000	0.764058	326.524994	399.649994
0	2.805000	0.579420	324.037506	396.824982
1	2.836000	0.779420	326.787506	399.212494
1	2.883000	0.781159	327.750000	399.125000
1	2.914000	0.767971	327.956238	399.343750
1	2.945000	0.773913	327.750000	398.750000
1	2.976000	0.761014	328.431244	399.431244
0	3.008000	0.742029	327.000000	400.000000
1	3.039000	0.755942	327.625000	399.125000
1	3.070000	0.770145	327.062500	399.312500
0	3.117000	0.663623	325.218750	397.218750
1	3.148000	0.792898	326.031250	398.843750
1	3.179000	0.761884	327.493744	398.443756
1	3.210000	0.795072	327.424988	397.937500
1	3.242000	0.788116	328.787506	398.662506
1	3.273000	0.788406	328.500000	397.500000
1	3.304000	0.881159	330.000000	399.000000
0	3.351000	0.618986	325.281250	395.031250
1	3.382000	0.811594	327.500000	399.500000
1	3.413000	0.814638	326.331238	399.281250
1	3.444000	0.828986	326.437500	400.062500
1	3.476000	0.796667	327.068756	399.506256
1	3.507000	0.814203	328.287506	399.287506
1	3.538000	0.815942	328.262512	399.687500
1	3.569000	0.817536	328.243744	400.118744
0	3.616000	0.881159	326.000000	399.000000
1	3.647000	0.811594	327.500000	400.500000
1	3.678000	0.800580	327.250000	401.000000
1	3.710000	0.834783	326.500000	401.500000
1	3.741000	0.807392	326.906128	402.018738
1	3.772000	0.814058	326.693756	401.306244
1	3.803000	0.840580	327.500000	401.000000
1	3.850000	0.881159	326.000000	403.000000
1	3.881000	0.829855	327.937500	400.687500
0	3.912000	0.881159	330.000000	403.000000
1	3.944000	0.829420	327.881256	400.931244
0	3.975000	0.788406	326.000000	403.000000
1	4.006000	0.799855	326.893768	401.906281
1	4.037000	0.831594	326.537506	401.962494
0	4.084000	0.788406	326.000000	403.000000
1	4.115000	0.829855	327.512451	400.862610
1	4.146000	0.852174	328.000000	400.500000
0	4.178000	0.788406	330.000000	399.000000
1	4.209000	0.857681	328.087494	401.662506
0	4.240000	0.881159	330.000000	399.000000
1	4.271000	0.839710	327.549988	401.462585
1	4.302000	0.840725	327.531250	401.531250
1	4.349000	0.834203	327.437500	402.000000
0	4.380000	0.881159	330.000000	403.000000
1	4.412000	0.834783	327.750000	401.750000
1	4.443000	0.846377	328.000000	402.000000
1	4.474000	0.861594	328.731262	401.143738
1	4.505000	0.871014	328.125000	401.287537
0	4.536000	0.788406	330.000000	399.000000
1	4.583000	0.835362	328.437500	401.500000
1	4.614000	0.866812	328.031250	402.218750
1	4.646000	0.839710	327.562500	401.750000
1	4.677000	0.788406	326.000000	403.000000
1	4.708000	0.834783	328.500000	401.500000
1	4.739000	0.834783	328.500000	401.500000
1	4.770000	0.809275	329.187500	401.250000
1	4.802000	0.881159	330.000000	403.000000
1	4.848000	0.857971	330.500000	401.500000
1	4.880000	0.843188	329.312500	401.500000
1	4.911000	0.857971	330.000000	403.000000
1	4.942000	0.845072	329.143738	402.718750
1	4.973000	0.834783	329.000000	402.000000
0	5.004000	0.788406	326.000000	403.000000
0	5.036000	0.788406	330.000000	399.000000
1	5.082000	0.852899	328.843750	401.768738
1	5.114000	0.835942	329.225006	401.475006
1	5.145000	0.823188	330.000000	402.000000
1	5.176000	0.846667	329.462494	402.212494
1	5.207000	0.850145	328.774994	402.837494
1	5.238000	0.833768	328.456207	403.456207
1	5.270000	0.869565	329.000000	404.000000
1	5.316000	0.836377	327.593750	404.093750
1	5.348000	0.812464	328.737488	404.737488
1	5.379000	0.834783	329.000000	404.000000
1	5.410000	0.857102	328.687500	403.937500
1	5.441000	0.828841	329.531250	404.906250
1	5.472000	0.835942	329.587494	404.600006
1	5.504000	0.820725	328.181244	405.306244
1	5.535000	0.845652	327.568726	404.856262
0	5.582000	0.881159	330.000000	407.000000
0	5.613000	0.788406	326.000000	403.000000
1	5.644000	0.834783	327.000000	406.000000
1	5.675000	0.857681	327.662506	405.337494
1	5.706000	0.835362	328.562500	405.437500
1	5.738000	0.840290	327.662506	405.462494
1	5.769000	0.861014	328.618744	405.243744
1	5.816000	0.852754	327.750000	405.125000
1	5.847000	0.868985	327.062500	405.500000
1	5.878000	0.869565	328.000000	406.000000
1	5.909000	0.849275	327.250000	405.750000
0	5.940000	0.788406	326.000000	403.000000
1	5.972000	0.857681	327.912506	405.162506
1	6.003000	0.863623	328.218750	405.418762
1	6.050000	0.831594	328.074982	405.537506
1	6.081000	0.880290	328.662506	405.699982
0	6.112000	0.788406	330.000000	403.000000
1	6.143000	0.857536	328.931244	405.931244
1	6.174000	0.878261	328.312500	406.062500
1	6.206000	0.851015	328.149994	406.162506
1	6.237000	0.839710	327.437500	406.062500
1	6.268000	0.852029	327.431244	406.243744
1	6.315000	0.865797	327.562500	405.812500
0	6.346000	0.881159	330.000000	407.000000
1	6.377000	0.864638	328.237518	405.212494
1	6.408000	0.875507	327.406250	405.156250
1	6.440000	0.874638	328.168762	405.143738
0	6.471000	0.788406	326.000000	407.000000
1	6.502000	0.865797	328.062500	406.062500
1	6.549000	0.852754	328.250000	405.687500
1	6.580000	0.845362	327.468750	406.593750
1	6.611000	0.883188	327.262512	406.275024
1	6.642000	0.871159	327.843750	406.093750
1	6.674000	0.866232	328.056244	405.056244
1	6.705000	0.872754	328.212494	405.100006
1	6.736000	0.857681	328.287506	405.287506
1	6.767000	0.874203	327.899994	405.149994
1	6.814000	0.848406	328.562500	405.812500
1	6.845000	0.881159	330.000000	407.000000
1	6.876000	0.864493	327.000000	406.187500
1	6.908000	0.866377	327.212494	407.037506
1	6.939000	0.892898	327.156250	407.593750
1	6.970000	0.857971	327.500000	407.500000
1	7.001000	0.875362	328.125000	406.625000
0	7.048000	0.764058	327.475006	404.649994
0	7.079000	0.707101	326.093750	404.843750
1	7.110000	0.874638	328.856262	406.956238
1	7.142000	0.904348	328.000000	407.000000
1	7.173000	0.870145	327.500000	407.500000
1	7.204000	0.915797	327.343750	407.718750
1	7.235000	0.857971	327.625000	407.375000
1	7.282000	0.896377	327.106232	407.418732
1	7.313000	0.861594	327.731262	407.031250
1	7.344000	0.904348	328.000000	407.000000
1	7.376000	0.913333	328.362488	407.687500
1	7.407000	0.924928	328.212494	407.537506
1	7.438000	0.905942	328.018738	407.968750
1	7.469000	0.903333	328.043732	408.506256
1	7.500000	0.901449	327.450012	408.549988
1	7.547000	0.904348	328.000000	409.000000
1	7.578000	0.894638	326.868744	410.131256
1	7.610000	0.898406	327.343750	410.156250
1	7.641000	0.959275	328.031250	409.406250
1	7.672000	0.916377	328.368744	408.868744
1	7.703000	0.927246	328.337494	410.149994
1	7.734000	0.904928	328.000000	408.562500
1	7.781000	0.914058	328.143768	409.268768
1	7.812000	0.957536	327.743744	409.993744
1	7.844000	0.929275	327.524994	410.350006
1	7.875000	0.905072	326.518738	410.231262
1	7.906000	0.910145	327.000000	410.500000
1	7.937000	0.926667	326.562500	410.812500
1	7.968000	0.869710	327.493744	409.543732
1	8.015000	0.883623	327.993744	409.306244
1	8.046000	0.889710	328.593750	410.356262
1	8.078000	0.894203	327.250000	410.125000
1	8.109000	0.918841	327.718750	410.406250
1	8.140000	0.928986	327.437500	411.674988
1	8.171000	0.927681	327.343750	411.656250
1	8.202000	0.967971	327.531250	412.406250
1	8.234000	0.925072	327.818756	411.381256
1	8.280000	0.972319	328.018768	411.481232
1	8.312000	0.973913	330.000000	411.000000
1	8.343000	0.973913	329.000000	410.000000
1	8.374000	0.973913	330.000000	411.000000
1	8.405000	1.018551	328.649994	411.600006
1	8.436000	1.017391	328.750000	411.250000
1	8.468000	1.007102	328.518738	410.981262
1	8.514000	1.006377	327.975006	412.475006
1	8.546000	1.043478	328.500000	411.500000
1	8.577000	1.044928	328.550049	411.049988
1	8.608000	1.060290	329.750000	411.250000
1	8.639000	1.043478	329.750000	410.750000
1	8.670000	1.061884	329.743744	410.743744
1	8.702000	1.060870	329.812500	411.687500
1	8.748000	1.066667	331.000000	410.000000
1	8.780000	1.049275	328.500000	411.500000
1	8.811000	1.043478	328.750000	411.750000
1	8.842000	1.079420	328.975006	411.975006
1	8.873000	1.159420	330.000000	415.000000
1	8.904000	1.078841	330.000000	411.437500
1	8.936000	0.973913	330.000000	411.000000
1	8.967000	1.051739	329.981232	411.081268
1	9.014000	1.086957	330.000000	411.000000
1	9.045000	1.060870	330.125000	410.875000
1	9.076000	0.973913	330.000000	411.000000
1	9.107000	1.052754	329.125000	411.125000
1	9.138000	1.038840	328.525085	411.437317
1	9.170000	1.095652	329.375000	411.875000
1	9.201000	1.057102	329.312500	410.750000
1	9.248000	1.062319	330.199951	411.262512
1	9.279000	1.067536	329.287506	411.287506
1	9.310000	1.078841	330.000000	411.500000
1	9.341000	1.078841	329.562500	411.500000
1	9.372000	1.066377	329.662506	411.662506
1	9.404000	1.074493	329.562500	412.062500
1	9.435000	1.062899	329.212494	412.237518
1	9.482000	1.089855	329.500000	412.500000
1	9.513000	1.078261	328.375000	412.125000
1	9.544000	1.094928	329.668762	412.893738
1	9.575000	1.078841	330.000000	412.500000
1	9.606000	1.081594	330.556244	412.443756
1	9.638000	1.106087	331.024963	412.299988
1	9.669000	1.104928	330.375000	412.750000
1	9.700000	1.113043	329.500000	413.500000
1	9.747000	1.088116	329.537506	413.100006
1	9.778000	1.066667	330.000000	411.000000
1	9.809000	1.133333	329.299988	413.700012
1	9.840000	1.079275	329.443756	413.018768
1	9.872000	1.107246	329.718750	412.656250
1	9.903000	1.108551	330.193756	412.381256
1	9.934000	1.112464	330.000000	412.500000
1	9.981000	1.136232	330.250000	412.750000
1	10.012000	1.131014	329.299988	412.700012
1	10.043000	1.107246	330.000000	413.500000
1	10.074000	1.113768	329.018738	413.468750
1	10.106000	1.139420	329.787506	413.762482
1	10.137000	1.113043	329.000000	414.000000
1	10.168000	1.136232	330.250000	413.250000
1	10.215000	1.153188	330.381256	413.606232
1	10.246000	1.115797	330.481262	413.956238
1	10.277000	1.147826	330.250000	414.750000
1	10.308000	1.147826	329.750000	414.250000
1	10.340000	1.131449	329.881256	414.743744
1	10.371000	1.136377	329.156250	414.531250
1	10.402000	1.147826	328.375000	415.125000
1	10.433000	1.135797	328.193756	415.193756
1	10.480000	1.138406	329.456238	414.793762
1	10.511000	1.137536	330.181213	414.793762
1	10.542000	1.147246	330.250000	414.500000
1	10.574000	1.112319	330.668762	415.018738
1	10.605000	1.153188	330.968750	415.331238
1	10.636000	1.153333	330.537506	415.712494
1	10.667000	1.164203	330.131256	416.193756
1	10.698000	1.159420	329.500000	415.500000
1	10.745000	1.123478	328.562500	416.424988
1	10.776000	1.153333	328.287506	417.287506
1	10.808000	1.171015	329.250000	417.250000
1	10.839000	1.163623	330.156250	416.843750
1	10.870000	1.166667	330.237488	417.362488
1	10.901000	1.165362	330.493744	417.506256
1	10.932000	1.132754	330.725006	418.274994
1	10.979000	1.138841	330.787506	418.337494
1	11.010000	1.140725	330.643738	418.843750
1	11.042000	1.159275	330.468750	419.156250
1	11.073000	1.182609	330.000000	419.000000
1	11.104000	1.159420	330.187500	419.062500
1	11.135000	1.138841	330.587494	418.787506
1	11.166000	1.166666	331.437469	417.762482
1	11.213000	1.140290	332.199982	417.837494
1	11.244000	1.166812	331.243774	417.843750
1	11.276000	1.149275	332.687500	417.987488
1	11.307000	1.154928	332.393738	418.406250
1	11.338000	1.168116	332.487488	418.362488
1	11.369000	1.151449	331.693756	418.706268
1	11.400000	1.164058	332.524994	419.399994
1	11.432000	1.153333	332.274994	419.537506
1	11.478000	1.147971	332.543732	418.493744
1	11.510000	1.140290	332.800018	419.162506
1	11.541000	1.153623	333.187500	419.187500
1	11.572000	1.153768	332.718750	418.718750
1	11.603000	1.159855	333.556244	418.556244
1	11.634000	1.151160	333.056244	419.056244
1	11.666000	1.159420	333.250000	419.750000
1	11.712000	1.182029	332.000000	420.000000
1	11.744000	1.118116	331.956238	420.956238
1	11.775000	1.140725	331.843750	420.843750
1	11.806000	1.125073	332.131256	421.006256
1	11.837000	1.159855	333.068756	421.068756
1	11.868000	1.152754	332.625000	420.750000
1	11.900000	1.111884	333.225006	420.975006
1	11.946000	1.129710	332.518738	420.518738
1	11.978000	1.130435	331.562500	420.687500
1	12.009000	1.137971	332.349976	421.200012
1	12.040000	1.152464	332.000000	421.674988
0	12.071000	1.159420	330.000000	419.000000
1	12.102000	1.166377	331.725006	422.162506
1	12.134000	1.153188	332.443756	422.306244
1	12.165000	1.177246	332.943756	422.631256
1	12.212000	1.172464	332.887512	422.562500
1	12.243000	1.190725	332.500000	422.875000
1	12.274000	1.191884	332.437500	423.875000
1	12.305000	1.182609	330.000000	423.000000
1	12.336000	1.174493	331.687500	422.625000
1	12.368000	1.205942	330.718750	423.018738
1	12.399000	1.165217	330.500000	422.500000
1	12.446000	1.194203	331.093750	422.031250
1	12.477000	1.182609	332.000000	423.000000
1	12.508000	1.215797	331.906250	422.518738
1	12.539000	1.240580	332.250000	422.750000
1	12.570000	1.205942	332.531250	422.718750
1	12.602000	1.202319	332.100006	422.774994
1	12.633000	1.240580	332.250000	423.250000
1	12.680000	1.198840	332.212494	423.725006
1	12.711000	1.216232	331.225006	423.475006
1	12.742000	1.209275	331.375000	424.312500
1	12.773000	1.227681	332.531250	423.843750
1	12.804000	1.196377	333.593750	423.856262
1	12.836000	1.238116	333.806244	423.193756
1	12.867000	1.225073	334.256256	423.493744
1	12.898000	1.204928	333.987488	423.737488
1	12.945000	1.240580	333.250000	424.250000
1	12.976000	1.217391	334.000000	424.000000
1	13.007000	1.229275	333.087494	424.162506
1	13.038000	1.242319	333.725006	424.537506
1	13.070000	1.212029	333.931244	423.318756
1	13.101000	1.238551	333.812500	422.562500
1	13.132000	1.248406	334.562500	423.437500
1	13.179000	1.233188	335.468750	422.843750
1	13.210000	1.260145	335.143738	422.531250
1	13.241000	1.233768	335.293671	423.143707
1	13.272000	1.237536	334.781250	423.406250
1	13.304000	1.220725	335.056244	423.943756
1	13.335000	1.252174	334.000000	423.000000
1	13.366000	1.263333	335.518738	423.818787
1	13.413000	1.249420	335.531250	423.531250
1	13.444000	1.230580	335.681244	423.318756
1	13.475000	1.257971	335.625000	423.875000
1	13.506000	1.281449	335.962494	424.449982
1	13.538000	1.272754	335.662506	424.287506
1	13.569000	1.281594	334.993744	424.756256
1	13.600000	1.268551	335.581268	424.881256
1	13.631000	1.252174	334.000000	427.000000
1	13.678000	1.252174	334.000000	427.000000
1	13.709000	1.252029	334.756256	424.993744
1	13.740000	1.272319	336.031250	425.468750
1	13.772000	1.300580	335.937500	425.187500
1	13.803000	1.263768	335.000000	425.000000
1	13.834000	1.275362	335.125000	425.375000
1	13.865000	1.240580	335.000000	426.000000
1	13.912000	1.268841	335.206238	426.068787
1	13.943000	1.266377	334.350006	426.899994
1	13.974000	1.286377	335.062500	426.937500
1	14.006000	1.262464	335.118713	426.468872
1	14.037000	1.248406	335.437500	426.625000
1	14.068000	1.262464	335.718750	426.531250
1	14.099000	1.252174	336.500000	426.500000
1	14.146000	1.252174	334.000000	427.000000
1	14.177000	1.254638	334.618774	427.043762
1	14.208000	1.244638	335.287506	426.787506
1	14.240000	1.228985	336.000000	427.000000
1	14.271000	1.249275	334.750000	428.000000
1	14.302000	1.247971	333.981232	427.631256
1	14.333000	1.254493	335.412506	427.524994
1	14.364000	1.238986	335.568756	427.568756
1	14.411000	1.234783	334.875000	428.125000
1	14.442000	1.242899	335.375000	427.625000
1	14.474000	1.264203	335.706268	428.181244
1	14.505000	1.252174	334.750000	428.750000
1	14.536000	1.253333	335.975006	427.975006
1	14.567000	1.252174	334.000000	427.000000
1	14.598000	1.236957	334.375000	429.187500
1	14.630000	1.244058	333.687469	429.300018
1	14.676000	1.257536	336.318756	427.943756
1	14.708000	1.252754	334.625000	428.612488
1	14.739000	1.238116	335.193756	428.193756
1	14.770000	1.251594	335.562500	428.000000
1	14.801000	1.239710	334.562500	428.437500
1	14.833000	1.238116	334.806244	429.181244
1	14.864000	1.266232	334.231232	429.618744
1	14.911000	1.228985	334.000000	429.000000
1	14.942000	1.241884	334.143707	429.481232
1	14.973000	1.228985	334.000000	429.000000
1	15.004000	1.229275	334.087494	428.337494
1	15.035000	1.241884	334.656250	428.856262
1	15.067000	1.182609	334.000000	427.000000
1	15.098000	1.240290	334.412506	428.399994
1	15.145000	1.234058	334.768738	428.393738
1	15.176000	1.228985	334.375000	428.125000
1	15.207000	1.238116	333.681244	429.193756
1	15.238000	1.252174	334.000000	427.000000
1	15.269000	1.229420	333.306244	429.068756
1	15.301000	1.263768	333.000000	430.000000
1	15.332000	1.281594	333.506256	429.006256
1	15.363000	1.253333	333.412506	429.600006
1	15.410000	1.246667	333.337494	429.462494
1	15.441000	1.240580	334.250000	429.250000
1	15.472000	1.252319	334.243744	429.993744
1	15.503000	1.252754	333.387512	429.000000
1	15.535000	1.281594	333.993744	429.943756
1	15.566000	1.263623	332.843750	430.206238
1	15.597000	1.261884	332.743744	430.556244
1	15.644000	1.281884	333.168762	430.581238
1	15.675000	1.252174	334.000000	431.000000
1	15.706000	1.287536	333.937500	429.250000
1	15.737000	1.240290	333.587494	429.587494
1	15.769000	1.290579	333.868835	430.081238
1	15.800000	1.287536	334.187500	429.750000
1	15.831000	1.252174	335.000000	430.000000
1	15.878000	1.265362	333.568756	429.868744
1	15.909000	1.269710	333.368744	429.806244
1	15.940000	1.264203	333.931244	430.131256
1	15.971000	1.307536	333.712494	429.837494
1	16.003000	1.281159	333.500000	429.500000
1	16.034000	1.275073	334.324982	429.712494
1	16.065000	1.274058	334.306244	429.356232
1	16.096000	1.278986	334.381256	429.756256
1	16.143000	1.279855	334.268738	429.631226
1	16.174000	1.252174	334.000000	431.000000
1	16.205000	1.286957	333.250000	430.250000
1	16.237000	1.286957	334.000000	430.000000
1	16.268000	1.286957	333.000000	430.000000
1	16.299000	1.326087	333.500000	430.500000
1	16.330000	1.301160	333.662506	430.037506
1	16.377000	1.275507	333.968750	429.718750
1	16.408000	1.288406	334.137512	429.924988
1	16.439000	1.310290	333.843750	429.843750
1	16.471000	1.288406	333.875000	430.312622
1	16.502000	1.285797	334.475006	431.024994
1	16.533000	1.305507	333.774994	431.100006
1	16.564000	1.296812	333.149994	431.337494
1	16.611000	1.306232	332.268768	432.231232
1	16.642000	1.298551	332.500000	432.500000
1	16.673000	1.285362	332.968750	431.731262
1	16.705000	1.290580	333.043762	431.456238
1	16.736000	1.268406	333.175018	431.725006
1	16.767000	1.252029	333.506256	430.993744
1	16.798000	1.281884	334.168701	431.781250
1	16.829000	1.322899	334.475006	432.475006
1	16.876000	1.252174	334.000000	431.000000
1	16.907000	1.298840	332.962494	432.212494
1	16.939000	1.286957	333.000000	432.000000
1	16.970000	1.301014	332.706146	432.743744
1	17.001000	1.273913	332.250000	433.875000
1	17.032000	1.263768	332.750000	433.250000
1	17.063000	1.263768	332.750000	433.250000
1	17.110000	1.275362	332.000000	433.000000
1	17.141000	1.280725	333.218750	434.168762
1	17.173000	1.238116	333.806244	433.193756
1	17.204000	1.277101	333.274994	434.225006
1	17.235000	1.302029	332.225006	435.212494
1	17.266000	1.277246	331.381256	434.881256
1	17.297000	1.292029	331.906250	436.081238
1	17.344000	1.281014	332.406250	435.781250
1	17.375000	1.295797	332.368744	436.131256
1	17.407000	1.288116	332.475006	436.774994
1	17.438000	1.283768	332.975006	436.787506
1	17.469000	1.328261	332.881287	436.956177
1	17.500000	1.298406	333.218750	436.706238
1	17.531000	1.304928	332.750000	436.750000
1	17.563000	1.293333	332.149994	436.962494
1	17.609000	1.310145	332.000000	437.000000
1	17.641000	1.300000	332.125000	437.625000
1	17.672000	1.291884	332.062500	437.812500
1	17.703000	1.344928	331.000000	438.000000
1	17.734000	1.305072	332.481262	437.768738
1	17.765000	1.295797	333.818756	438.368744
1	17.797000	1.292464	332.912506	437.912506
1	17.843000	1.295797	333.668732	437.918732
1	17.875000	1.338551	333.250000	437.625000
1	17.906000	1.344493	333.318756	438.318756
1	17.937000	1.333333	332.250000	437.750000
1	17.968000	1.346667	332.787506	438.274994
1	17.999000	1.298551	333.000000	438.000000
1	18.031000	1.344928	331.500000	438.500000
1	18.077000	1.344493	332.818756	438.681244
1	18.109000	1.342319	333.587494	438.337494
0	18.140000	1.344928	334.000000	435.000000
1	18.171000	1.344493	333.318756	439.356232
1	18.202000	1.342319	333.287506	438.637421
0	18.233000	1.298551	335.000000	438.000000
1	18.265000	1.345797	332.287506	438.699982
1	18.296000	1.365942	331.643738	439.143738
1	18.343000	1.379275	332.818756	439.181244
1	18.374000	1.378841	332.137512	439.137512
1	18.405000	1.375507	332.093750	439.031250
1	18.436000	1.405942	332.518738	438.468750
1	18.467000	1.355507	331.818756	438.543732
1	18.499000	1.386232	331.812500	439.062500
1	18.530000	1.406377	331.475006	438.524994
1	18.577000	1.379275	331.181244	438.856232
1	18.608000	1.414493	331.250000	438.750000
1	18.639000	1.391304	331.000000	438.000000
1	18.670000	1.392464	329.975006	438.975006
1	18.701000	1.391304	330.500000	438.500000
1	18.733000	1.370145	330.862488	438.937500
1	18.764000	1.407681	332.193756	438.493744
1	18.795000	1.405942	331.468750	438.781250
1	18.842000	1.381449	331.912506	439.100006
1	18.873000	1.387536	331.262482	439.062500
1	18.904000	1.383623	331.756256	439.118744
1	18.935000	1.379275	330.818756	439.181244
1	18.967000	1.379855	329.843750	439.156250
1	18.998000	1.382754	330.118744	439.131256
1	19.029000	1.396667	330.568756	438.931244
1	19.076000	1.415072	330.649994	438.649994
1	19.107000	1.391304	331.500000	439.500000
1	19.138000	1.426667	331.500000	438.500000
1	19.169000	1.374927	331.118744	439.243744
1	19.201000	1.382464	331.331238	439.118744
0	19.232000	1.344928	334.000000	439.000000
1	19.263000	1.437681	334.000000	439.000000
1	19.310000	1.405507	330.487427	438.787506
1	19.341000	1.437681	330.000000	439.000000
1	19.372000	1.385942	330.206268	439.068756
1	19.403000	1.437101	331.337494	438.350006
1	19.435000	1.451160	332.131256	438.131256
1	19.466000	1.414493	332.000000	439.000000
1	19.497000	1.417246	331.368744	438.618744
1	19.528000	1.390725	331.000000	439.000000
1	19.575000	1.389855	330.737488	439.012512
1	19.606000	1.381159	330.862488	439.137512
1	19.637000	1.368406	329.162506	439.337494
1	19.669000	1.387101	329.743744	439.068756
1	19.700000	1.381594	329.618744	439.131256
0	19.731000	1.368551	330.006256	439.318756
1	19.762000	1.381594	330.818756	439.131256
1	19.809000	1.389710	331.156403	439.031250
1	19.840000	1.434203	332.125000	438.375000
1	19.871000	1.437681	330.000000	439.000000
0	19.903000	1.670725	334.024994	434.975006
1	19.934000	1.391304	329.500000	439.500000
1	19.965000	1.344638	329.662506	439.662506
1	19.996000	1.344638	330.662506	439.662506
1	20.027000	1.325362	330.043762	439.956238
0	20.074000	1.344928	330.500000	439.500000
0	20.105000	1.381014	330.881226	439.156250
1	20.137000	1.391304	331.000000	438.000000
0	20.168000	1.602754	335.031250	435.968750
1	20.199000	1.344493	330.318756	439.681244
1	20.230000	1.333333	331.250000	439.750000
0	20.261000	1.381594	329.818756	439.131256
0	20.308000	1.531014	334.000000	437.000000
0	20.339000	1.299855	330.056244	440.306244
0	20.371000	1.322319	329.625000	440.000000
0	20.402000	1.310145	330.000000	440.000000
0	20.433000	1.348986	331.274994	439.600006
0	20.464000	1.437681	330.500000	438.500000
0	20.495000	1.252174	334.000000	439.000000
0	20.542000	1.342464	330.693756	439.693756
0	20.573000	1.342899	331.812500	439.687500
1	20.605000	1.238551	331.812500	441.187500
0	20.636000	1.437681	334.000000	439.000000
0	20.667000	1.330290	329.543762	439.868744
0	20.698000	1.356377	331.543732	439.493744
0	20.729000	1.304928	330.750000	440.250000
0	20.761000	1.391884	332.000000	439.000000
0	20.807000	1.327246	331.949982	439.912506
0	20.839000	1.285797	331.475006	440.524994
0	20.870000	1.284203	331.968750	440.531250
0	20.901000	1.252319	331.756256	441.006256
0	20.932000	1.252174	334.000000	439.000000
1	20.963000	1.238116	332.231232	441.193756
1	20.995000	1.262464	332.281250	440.843750
0	21.041000	1.278841	332.375000	440.625000
0	21.073000	1.252174	330.000000	439.000000
0	21.104000	1.267971	332.468750	440.781250
0	21.135000	1.530435	334.000000	439.000000
0	21.166000	1.342899	333.312500	439.687500
0	21.197000	1.252029	330.993744	440.993744
0	21.229000	1.233188	332.531250	441.281250
0	21.275000	1.252174	334.000000	443.000000
1	21.307000	1.215797	331.531250	441.531250
0	21.338000	1.202899	330.799988	441.700012
0	21.369000	1.249275	330.000000	441.049988
0	21.400000	1.200000	330.500000	441.500000
1	21.431000	1.182609	330.500000	441.500000
0	21.463000	1.159855	330.931244	441.068756
0	21.494000	1.178841	332.000000	440.687500
1	21.541000	1.182609	332.000000	441.000000
1	21.572000	1.217391	330.000000	441.000000
1	21.603000	1.217391	330.000000	441.000000
0	21.634000	1.202754	330.281250	441.718750
0	21.665000	1.150580	331.031250	441.031250
1	21.697000	1.167971	330.781250	441.781250
0	21.728000	1.176812	330.500000	441.500000
0	21.775000	1.194638	330.568756	441.431244
1	21.806000	1.154928	330.593750	440.406250
1	21.837000	1.238551	329.799988	441.187500
1	21.868000	1.235362	329.750000	441.250000
1	21.899000	1.238116	330.568756	441.193756
1	21.931000	1.270145	330.362488	440.750000
1	21.962000	1.226087	329.187500	441.312500
0	22.009000	1.188406	330.375000	441.875000
0	22.040000	1.216957	330.368744	441.331268
0	22.071000	1.252174	330.000000	439.000000
0	22.102000	1.176666	328.643677	441.943787
0	22.133000	1.188406	330.000000	442.000000
1	22.165000	1.288116	329.512482	440.475006
1	22.196000	1.263768	328.125000	440.875000
1	22.227000	1.288986	328.100006	439.899994
1	22.274000	1.322899	326.475006	437.649994
1	22.305000	1.252174	325.000000	436.000000
1	22.336000	1.309855	324.287506	435.787506
1	22.367000	1.311884	323.899994	434.399994
1	22.399000	1.333188	322.518738	433.406250
1	22.430000	1.304928	322.125000	430.700012
1	22.461000	1.342319	322.337494	430.337494
1	22.508000	1.307101	323.156250	429.343750
1	22.539000	1.321739	322.500000	427.500000
1	22.570000	1.327101	322.568756	426.443756
1	22.601000	1.344638	321.662506	423.662506
1	22.633000	1.335507	319.543701	421.031250
1	22.664000	1.337971	319.262482	418.649994
1	22.695000	1.344493	318.681244	418.306244
1	22.726000	1.291884	318.062500	415.937500
1	22.773000	1.309710	317.806244	413.131256
1	22.804000	1.321739	317.656250	410.468750
1	22.835000	1.298551	317.000000	410.000000
1	22.867000	1.291884	319.062500	406.937500
1	22.898000	1.309275	318.437500	405.687500
1	22.929000	1.300580	318.750000	405.062500
1	22.960000	1.333768	317.568756	404.693756
1	23.007000	1.295797	317.368744	404.668732
1	23.038000	1.333188	316.831238	404.468750
1	23.069000	1.345072	317.343750	402.331238
1	23.101000	1.322899	316.975006	401.975006
1	23.132000	1.302754	317.218750	400.731201
1	23.163000	1.344493	317.318756	399.731232
1	23.194000	1.324203	318.006226	400.031250
1	23.241000	1.339130	318.000000	399.500000
1	23.272000	1.342464	318.306244	399.631256
1	23.303000	1.366377	317.975006	400.774994
1	23.335000	1.357101	317.500000	399.500000
1	23.366000	1.365362	317.056244	400.181244
1	23.397000	1.344928	316.500000	399.500000
1	23.428000	1.344493	317.681244	399.318756
1	23.459000	1.252174	318.000000	399.000000
1	23.506000	1.367971	318.343750	399.093750
1	23.537000	1.361594	318.918762	398.956238
1	23.569000	1.344638	318.837494	399.662506
1	23.600000	1.373913	318.500000	400.000000
1	23.631000	1.374493	319.000000	400.125000
1	23.662000	1.344058	318.687500	399.687500
1	23.693000	1.382609	319.062500	399.812500
1	23.740000	1.357246	319.481262	400.781250
1	23.771000	1.368551	319.318756	400.181244
1	23.803000	1.379420	319.162506	400.162506
1	23.834000	1.345072	319.656250	400.343750
1	23.865000	1.364058	319.337494	400.899994
1	23.896000	1.350580	319.468750	402.281250
1	23.927000	1.335797	319.443756	402.756256
1	23.974000	1.304928	319.250000	403.875000
1	24.005000	1.300580	319.062500	404.062500
1	24.037000	1.344928	319.000000	404.000000
1	24.068000	1.305507	318.850006	404.149994
1	24.099000	1.274638	318.331238	403.668762
1	24.130000	1.297971	318.975006	403.337494
1	24.161000	1.284928	318.837494	403.524994
1	24.193000	1.314638	319.406250	404.656250
1	24.239000	1.305507	318.899994	404.725006
1	24.271000	1.298986	318.318756	404.818756
0	24.302000	1.874493	327.625000	407.937500
1	24.333000	1.286957	318.000000	404.000000
1	24.364000	1.324493	318.593750	404.531250
1	24.395000	1.328985	319.437500	403.512512
1	24.427000	1.320580	319.012482	403.475006
1	24.473000	1.297536	319.156250	402.156250
1	24.505000	1.323333	319.468750	402.081238
1	24.536000	1.246377	320.000000	401.000000
1	24.567000	1.278841	320.250000	402.625000
1	24.598000	1.275073	319.287506	402.712494
1	24.629000	1.286957	318.000000	403.000000
1	24.661000	1.294638	318.131256	403.756256
1	24.707000	1.307681	318.231232	403.131256
1	24.739000	1.298840	319.337494	402.837494
1	24.770000	1.292754	319.000000	403.000000
1	24.801000	1.333333	320.000000	403.000000
1	24.832000	1.252174	322.000000	403.000000
1	24.863000	1.298551	320.500000	403.500000
1	24.895000	1.285797	320.024994	404.024994
1	24.926000	1.327246	318.475006	403.475006
1	24.973000	1.296377	319.106262	403.393738
1	25.004000	1.275362	318.000000	403.000000
1	25.035000	1.281014	319.043762	403.793762
1	25.066000	1.266667	319.799988	403.799988
1	25.097000	1.285797	318.975006	404.024994
1	25.129000	1.273913	320.218750	403.281250
1	25.160000	1.326087	319.512573	404.087463
1	25.207000	1.316812	319.450012	403.612488
1	25.238000	1.252174	318.000000	403.000000
0	25.269000	1.159855	318.931244	402.068756
1	25.300000	1.286377	318.062500	404.000000
1	25.331000	1.289710	317.906250	404.093750
1	25.363000	1.295652	318.250000	402.750000
1	25.394000	1.302029	318.787506	403.324982
1	25.441000	1.277246	318.118744	402.881256
1	25.472000	1.274638	319.293640	402.668762
1	25.503000	1.274638	319.706238	402.668762
1	25.534000	1.288986	319.100006	402.899994
1	25.565000	1.279710	318.787476	402.212524
1	25.597000	1.286957	318.000000	402.000000
1	25.628000	1.286957	318.000000	404.000000
1	25.659000	1.267971	317.781250	402.218750
1	25.706000	1.275507	318.843750	402.331238
1	25.737000	1.311449	318.206238	401.331238
1	25.768000	1.291159	318.556244	401.931244
1	25.799000	1.309275	319.174988	401.824890
1	25.831000	1.305942	319.281250	401.781250
1	25.862000	1.334638	318.618744	401.506256
1	25.893000	1.321739	317.750000	401.250000
1	25.940000	1.298551	319.000000	400.000000
1	25.971000	1.356522	317.937500	401.062500
1	26.002000	1.310145	319.000000	401.000000
1	26.033000	1.304348	319.000000	400.000000
1	26.065000	1.314638	319.781250	399.656250
1	26.096000	1.325942	319.443726	398.956238
1	26.127000	1.339130	319.500000	398.500000
1	26.158000	1.331594	318.525055	398.575043
1	26.205000	1.314203	318.350006	398.649994
1	26.236000	1.366377	318.774994	398.975006
1	26.267000	1.371015	319.062500	398.812500
1	26.299000	1.344928	319.500000	398.500000
1	26.330000	1.298551	321.000000	398.000000
1	26.361000	1.345072	319.656250	398.656250
1	26.392000	1.341884	319.656250	399.281250
1	26.439000	1.373913	319.000000	400.000000
1	26.470000	1.379275	319.131256	400.181244
1	26.501000	1.370145	318.937500	400.062500
1	26.533000	1.374927	318.118744	400.893768
1	26.564000	1.298551	317.000000	400.000000
1	26.595000	1.378841	318.187500	401.137512
1	26.626000	1.379275	319.181244	401.181244
1	26.657000	1.374638	319.768738	401.268738
1	26.704000	1.375507	319.093750	402.093750
1	26.735000	1.346232	318.781250	402.656250
1	26.767000	1.392464	317.300018	402.975006
1	26.798000	1.397101	317.825012	402.575012
1	26.829000	1.370725	319.037506	401.962494
1	26.860000	1.405362	319.456268	402.493744
1	26.891000	1.356522	317.000000	401.000000
1	26.938000	1.366812	319.018738	402.018738
1	26.969000	1.381449	319.212494	402.100006
1	27.001000	1.357681	318.849976	401.475037
1	27.032000	1.381594	319.043793	402.856110
1	27.063000	1.345072	318.656250	402.656250
1	27.094000	1.374058	318.118744	402.118744
1	27.125000	1.382754	318.118744	402.193756
1	27.172000	1.382319	318.187500	402.000000
1	27.203000	1.370725	318.962494	402.087494
1	27.235000	1.405797	319.450012	401.549988
1	27.266000	1.371015	318.250000	401.000000
1	27.297000	1.381884	318.831238	401.081238
1	27.328000	1.381159	318.987488	401.137512
1	27.359000	1.403768	318.174988	401.437500
1	27.391000	1.379275	318.818756	401.318756
1	27.437000	1.298551	319.000000	400.000000
1	27.469000	1.379420	317.162506	401.887482
1	27.500000	1.379420	318.162506	401.774994
1	27.531000	1.390725	319.000000	401.312500
1	27.562000	1.404928	318.799988	401.500000
1	27.593000	1.309855	318.837494	400.287506
1	27.625000	1.377681	318.924988	400.887512
1	27.671000	1.381159	319.137512	401.187500
1	27.703000	1.370725	318.962494	401.962494
1	27.734000	1.381159	318.137512	401.862488
1	27.765000	1.375073	318.850006	402.100006
1	27.796000	1.388116	317.287506	402.287506
1	27.827000	1.366087	318.662415	401.987427
0	27.859000	1.901449	325.000000	410.000000
1	27.905000	1.390725	319.000000	401.500000
1	27.937000	1.378116	318.131378	400.818756
1	27.968000	1.344638	318.662506	400.662506
1	27.999000	1.344203	319.356262	400.656250
1	28.030000	1.344638	318.662506	401.337494
1	28.061000	1.344493	318.681244	401.681244
1	28.093000	1.356522	319.000000	401.000000
1	28.124000	1.331014	318.500000	401.500000
1	28.171000	1.304928	318.125000	400.250000
1	28.202000	1.335362	318.437500	400.799988
1	28.233000	1.342464	318.693756	401.256256
1	28.264000	1.345507	318.737549	401.349976
1	28.295000	1.339710	318.687500	400.250000
1	28.327000	1.340290	318.662506	399.600006
1	28.358000	1.331594	318.537506	400.475006
1	28.405000	1.328406	318.537506	400.137482
1	28.436000	1.305507	318.225006	401.225006
1	28.467000	1.283623	317.506256	400.943756
1	28.498000	1.281159	318.000000	401.000000
1	28.529000	1.286957	318.250000	401.250000
1	28.561000	1.322899	319.475006	400.475006
1	28.592000	1.291159	319.068756	401.068756
1	28.639000	1.237971	319.787506	400.787506
1	28.670000	1.285362	319.843750	401.968750
1	28.701000	1.252174	318.000000	403.000000
1	28.732000	1.327536	318.500000	403.000000
1	28.763000	1.298551	317.500000	403.500000
1	28.795000	1.361594	318.081238	403.918762
1	28.826000	1.285362	318.968750	404.731262
1	28.857000	1.299420	317.687500	404.187500
1	28.904000	1.309855	318.287506	404.162506
1	28.935000	1.274638	318.668762	404.668762
1	28.966000	1.324927	317.462494	403.462494
1	28.997000	1.342899	317.687500	403.687500
1	29.029000	1.295072	317.125000	402.375000
1	29.060000	1.326667	316.462372	402.562653
1	29.091000	1.356522	316.375000	404.125000
1	29.138000	1.303623	316.868744	403.743866
1	29.169000	1.342319	317.662506	404.287506
1	29.200000	1.332029	317.468750	405.468750
1	29.231000	1.375073	317.725006	404.975006
1	29.263000	1.379275	317.181244	404.818756
1	29.294000	1.379275	317.181244	404.818756
1	29.325000	1.377101	317.849945	404.850006
1	29.372000	1.437681	318.000000	407.000000
1	29.403000	1.344638	316.337494	404.662506
1	29.434000	1.332464	316.537506	403.524994
1	29.465000	1.382029	317.825012	403.862488
1	29.497000	1.381159	317.799988	403.137512
1	29.528000	1.381159	317.137512	402.125000
1	29.559000	1.348551	317.643738	403.643738
1	29.590000	1.355507	317.256256	402.868744
1	29.637000	1.333623	316.587494	402.912506
1	29.668000	1.373913	316.500000	402.000000
1	29.699000	1.333188	317.406250	402.468750
1	29.731000	1.345072	316.706238	402.343750
1	29.762000	1.374493	317.125000	402.875000
1	29.793000	1.327681	317.468750	402.406189
1	29.824000	1.344638	317.287506	402.337494
1	29.871000	1.364203	317.943756	401.831268
1	29.902000	1.286957	317.000000	402.000000
1	29.933000	1.324638	316.750000	402.000000
1	29.965000	1.298551	319.000000	402.000000
1	29.996000	1.315507	317.231232	402.568756
<\RIGHT-PUPIL-DATA>
<LEFT-PUPIL-DATA>
903	0
0	-0.065000	13.913043	240.000000	320.000000
0	-0.034000	13.913043	240.000000	320.000000
0	-0.003000	13.913043	240.000000	320.000000
0	0.029000	13.913043	240.000000	320.000000
0	0.075000	13.913043	240.000000	320.000000
0	0.107000	13.913043	240.000000	320.000000
0	0.138000	13.913043	240.000000	320.000000
0	0.169000	13.913043	240.000000	320.000000
0	0.200000	13.913043	240.000000	320.000000
0	0.231000	13.913043	240.000000	320.000000
0	0.263000	13.913043	240.000000	320.000000
0	0.294000	13.913043	240.000000	320.000000
0	0.341000	13.913043	240.000000	320.000000
0	0.372000	13.913043	240.000000	320.000000
0	0.403000	13.913043	240.000000	320.000000
0	0.434000	13.913043	240.000000	320.000000
0	0.465000	13.913043	240.000000	320.000000
0	0.497000	13.913043	240.000000	320.000000
0	0.528000	13.913043	240.000000	320.000000
0	0.575000	13.913043	240.000000	320.000000
0	0.606000	13.913043	240.000000	320.000000
0	0.637000	13.913043	240.000000	320.000000
0	0.668000	13.913043	240.000000	320.000000
0	0.699000	13.913043	240.000000	320.000000
0	0.731000	13.913043	240.000000	320.000000
0	0.762000	13.913043	240.000000	320.000000
0	0.809000	13.913043	240.000000	320.000000
0	0.840000	13.913043	240.000000	320.000000
0	0.871000	13.913043	240.000000	320.000000
0	0.902000	13.913043	240.000000	320.000000
0	0.933000	13.913043	240.000000	320.000000
0	0.965000	13.913043	240.000000	320.000000
0	0.996000	13.913043	240.000000	320.000000
0	1.027000	13.913043	240.000000	320.000000
0	1.074000	13.913043	240.000000	320.000000
0	1.105000	13.913043	240.000000	320.000000
0	1.136000	13.913043	240.000000	320.000000
0	1.167000	13.913043	240.000000	320.000000
0	1.199000	13.913043	240.000000	320.000000
0	1.230000	13.913043	240.000000	320.000000
0	1.261000	13.913043	240.000000	320.000000
0	1.308000	13.913043	240.000000	320.000000
0	1.339000	13.913043	240.000000	320.000000
0	1.370000	13.913043	240.000000	320.000000
0	1.401000	13.913043	240.000000	320.000000
0	1.433000	13.913043	240.000000	320.000000
0	1.464000	13.913043	240.000000	320.000000
0	1.495000	13.913043	240.000000	320.000000
0	1.542000	13.913043	240.000000	320.000000
0	1.573000	13.913043	240.000000	320.000000
0	1.604000	13.913043	240.000000	320.000000
0	1.635000	13.913043	240.000000	320.000000
0	1.667000	13.913043	240.000000	320.000000
0	1.698000	13.913043	240.000000	320.000000
0	1.729000	13.913043	240.000000	320.000000
0	1.760000	13.913043	240.000000	320.000000
0	1.807000	13.913043	240.000000	320.000000
0	1.838000	13.913043	240.000000	320.000000
0	1.869000	13.913043	240.000000	320.000000
0	1.901000	13.913043	240.000000	320.000000
0	1.932000	13.913043	240.000000	320.000000
0	1.963000	13.913043	240.000000	320.000000
0	1.994000	13.913043	240.000000	320.000000
0	2.041000	13.913043	240.000000	320.000000
0	2.072000	13.913043	240.000000	320.000000
0	2.103000	13.913043	240.000000	320.000000
0	2.135000	13.913043	240.000000	320.000000
0	2.166000	13.913043	240.000000	320.000000
0	2.197000	13.913043	240.000000	320.000000
0	2.228000	13.913043	240.000000	320.000000
0	2.275000	13.913043	240.000000	320.000000
0	2.306000	13.913043	240.000000	320.000000
0	2.337000	13.913043	240.000000	320.000000
0	2.369000	13.913043	240.000000	320.000000
0	2.400000	13.913043	240.000000	320.000000
0	2.431000	13.913043	240.000000	320.000000
0	2.462000	13.913043	240.000000	320.000000
0	2.493000	13.913043	240.000000	320.000000
0	2.540000	13.913043	240.000000	320.000000
0	2.571000	13.913043	240.000000	320.000000
0	2.603000	13.913043	240.000000	320.000000
0	2.634000	13.913043	240.000000	320.000000
0	2.665000	13.913043	240.000000	320.000000
0	2.696000	13.913043	240.000000	320.000000
0	2.727000	13.913043	240.000000	320.000000
0	2.774000	13.913043	240.000000	320.000000
0	2.805000	13.913043	240.000000	320.000000
0	2.837000	13.913043	240.000000	320.000000
0	2.868000	13.913043	240.000000	320.000000
0	2.899000	13.913043	240.000000	320.000000
0	2.930000	13.913043	240.000000	320.000000
0	2.961000	13.913043	240.000000	320.000000
0	3.008000	13.913043	240.000000	320.000000
0	3.039000	13.913043	240.000000	320.000000
0	3.071000	13.913043	240.000000	320.000000
0	3.102000	13.913043	240.000000	320.000000
0	3.133000	13.913043	240.000000	320.000000
0	3.164000	13.913043	240.000000	320.000000
0	3.195000	13.913043	240.000000	320.000000
0	3.227000	13.913043	240.000000	320.000000
0	3.273000	13.913043	240.000000	320.000000
0	3.305000	13.913043	240.000000	320.000000
0	3.336000	13.913043	240.000000	320.000000
0	3.367000	13.913043	240.000000	320.000000
0	3.398000	13.913043	240.000000	320.000000
0	3.429000	13.913043	240.000000	320.000000
0	3.461000	13.913043	240.000000	320.000000
0	3.507000	13.913043	240.000000	320.000000
0	3.539000	13.913043	240.000000	320.000000
0	3.570000	13.913043	240.000000	320.000000
0	3.601000	13.913043	240.000000	320.000000
0	3.632000	13.913043	240.000000	320.000000
0	3.663000	13.913043	240.000000	320.000000
0	3.695000	13.913043	240.000000	320.000000
0	3.726000	13.913043	240.000000	320.000000
0	3.773000	13.913043	240.000000	320.000000
0	3.804000	13.913043	240.000000	320.000000
0	3.835000	13.913043	240.000000	320.000000
0	3.866000	13.913043	240.000000	320.000000
0	3.897000	13.913043	240.000000	320.000000
0	3.929000	13.913043	240.000000	320.000000
0	3.960000	13.913043	240.000000	320.000000
0	4.007000	13.913043	240.000000	320.000000
0	4.038000	13.913043	240.000000	320.000000
0	4.069000	13.913043	240.000000	320.000000
0	4.100000	13.913043	240.000000	320.000000
0	4.131000	13.913043	240.000000	320.000000
0	4.163000	13.913043	240.000000	320.000000
0	4.194000	13.913043	240.000000	320.000000
0	4.225000	13.913043	240.000000	320.000000
0	4.272000	13.913043	240.000000	320.000000
0	4.303000	13.913043	240.000000	320.000000
0	4.334000	13.913043	240.000000	320.000000
0	4.365000	13.913043	240.000000	320.000000
0	4.397000	13.913043	240.000000	320.000000
0	4.428000	13.913043	240.000000	320.000000
0	4.459000	13.913043	240.000000	320.000000
0	4.506000	13.913043	240.000000	320.000000
0	4.537000	13.913043	240.000000	320.000000
0	4.568000	13.913043	240.000000	320.000000
0	4.599000	13.913043	240.000000	320.000000
0	4.631000	13.913043	240.000000	320.000000
0	4.662000	13.913043	240.000000	320.000000
0	4.693000	13.913043	240.000000	320.000000
0	4.740000	13.913043	240.000000	320.000000
0	4.771000	13.913043	240.000000	320.000000
0	4.802000	13.913043	240.000000	320.000000
0	4.833000	13.913043	240.000000	320.000000
0	4.865000	13.913043	240.000000	320.000000
0	4.896000	13.913043	240.000000	320.000000
0	4.927000	13.913043	240.000000	320.000000
0	4.958000	13.913043	240.000000	320.000000
0	5.005000	13.913043	240.000000	320.000000
0	5.036000	13.913043	240.000000	320.000000
0	5.067000	13.913043	240.000000	320.000000
0	5.099000	13.913043	240.000000	320.000000
0	5.130000	13.913043	240.000000	320.000000
0	5.161000	13.913043	240.000000	320.000000
0	5.192000	13.913043	240.000000	320.000000
0	5.239000	13.913043	240.000000	320.000000
0	5.270000	13.913043	240.000000	320.000000
0	5.301000	13.913043	240.000000	320.000000
0	5.333000	13.913043	240.000000	320.000000
0	5.364000	13.913043	240.000000	320.000000
0	5.395000	13.913043	240.000000	320.000000
0	5.426000	13.913043	240.000000	320.000000
0	5.473000	13.913043	240.000000	320.000000
0	5.504000	13.913043	240.000000	320.000000
0	5.535000	13.913043	240.000000	320.000000
0	5.567000	13.913043	240.000000	320.000000
0	5.598000	13.913043	240.000000	320.000000
0	5.629000	13.913043	240.000000	320.000000
0	5.660000	13.913043	240.000000	320.000000
0	5.691000	13.913043	240.000000	320.000000
0	5.738000	13.913043	240.000000	320.000000
0	5.769000	13.913043	240.000000	320.000000
0	5.801000	13.913043	240.000000	320.000000
0	5.832000	13.913043	240.000000	320.000000
0	5.863000	13.913043	240.000000	320.000000
0	5.894000	13.913043	240.000000	320.000000
0	5.925000	13.913043	240.000000	320.000000
0	5.972000	13.913043	240.000000	320.000000
0	6.003000	13.913043	240.000000	320.000000
0	6.035000	13.913043	240.000000	320.000000
0	6.066000	13.913043	240.000000	320.000000
0	6.097000	13.913043	240.000000	320.000000
0	6.128000	13.913043	240.000000	320.000000
0	6.159000	13.913043	240.000000	320.000000
0	6.206000	13.913043	240.000000	320.000000
0	6.237000	13.913043	240.000000	320.000000
0	6.269000	13.913043	240.000000	320.000000
0	6.300000	13.913043	240.000000	320.000000
0	6.331000	13.913043	240.000000	320.000000
0	6.362000	13.913043	240.000000	320.000000
0	6.393000	13.913043	240.000000	320.000000
0	6.425000	13.913043	240.000000	320.000000
0	6.471000	13.913043	240.000000	320.000000
0	6.503000	13.913043	240.000000	320.000000
0	6.534000	13.913043	240.000000	320.000000
0	6.565000	13.913043	240.000000	320.000000
0	6.596000	13.913043	240.000000	320.000000
0	6.627000	13.913043	240.000000	320.000000
0	6.659000	13.913043	240.000000	320.000000
0	6.705000	13.913043	240.000000	320.000000
0	6.737000	13.913043	240.000000	320.000000
0	6.768000	13.913043	240.000000	320.000000
0	6.799000	13.913043	240.000000	320.000000
0	6.830000	13.913043	240.000000	320.000000
0	6.861000	13.913043	240.000000	320.000000
0	6.893000	13.913043	240.000000	320.000000
0	6.939000	13.913043	240.000000	320.000000
0	6.971000	13.913043	240.000000	320.000000
0	7.002000	13.913043	240.000000	320.000000
0	7.033000	13.913043	240.000000	320.000000
0	7.064000	13.913043	240.000000	320.000000
0	7.095000	13.913043	240.000000	320.000000
0	7.127000	13.913043	240.000000	320.000000
0	7.158000	13.913043	240.000000	320.000000
0	7.205000	13.913043	240.000000	320.000000
0	7.236000	13.913043	240.000000	320.000000
0	7.267000	13.913043	240.000000	320.000000
0	7.298000	13.913043	240.000000	320.000000
0	7.329000	13.913043	240.000000	320.000000
0	7.361000	13.913043	240.000000	320.000000
0	7.392000	13.913043	240.000000	320.000000
0	7.439000	13.913043	240.000000	320.000000
0	7.470000	13.913043	240.000000	320.000000
0	7.501000	13.913043	240.000000	320.000000
0	7.532000	13.913043	240.000000	320.000000
0	7.563000	13.913043	240.000000	320.000000
0	7.595000	13.913043	240.000000	320.000000
0	7.626000	13.913043	240.000000	320.000000
0	7.673000	13.913043	240.000000	320.000000
0	7.704000	13.913043	240.000000	320.000000
0	7.735000	13.913043	240.000000	320.000000
0	7.766000	13.913043	240.000000	320.000000
0	7.797000	13.913043	240.000000	320.000000
0	7.829000	13.913043	240.000000	320.000000
0	7.860000	13.913043	240.000000	320.000000
0	7.891000	13.913043	240.000000	320.000000
0	7.938000	13.913043	240.000000	320.000000
0	7.969000	13.913043	240.000000	320.000000
0	8.000000	13.913043	240.000000	320.000000
0	8.031000	13.913043	240.000000	320.000000
0	8.063000	13.913043	240.000000	320.000000
0	8.094000	13.913043	240.000000	320.000000
0	8.125000	13.913043	240.000000	320.000000
0	8.156000	13.913043	240.000000	320.000000
0	8.203000	13.913043	240.000000	320.000000
0	8.234000	13.913043	240.000000	320.000000
0	8.265000	13.913043	240.000000	320.000000
0	8.297000	13.913043	240.000000	320.000000
0	8.328000	13.913043	240.000000	320.000000
0	8.359000	13.913043	240.000000	320.000000
0	8.390000	13.913043	240.000000	320.000000
0	8.437000	13.913043	240.000000	320.000000
0	8.468000	13.913043	240.000000	320.000000
0	8.499000	13.913043	240.000000	320.000000
0	8.531000	13.913043	240.000000	320.000000
0	8.562000	13.913043	240.000000	320.000000
0	8.593000	13.913043	240.000000	320.000000
0	8.624000	13.913043	240.000000	320.000000
0	8.671000	13.913043	240.000000	320.000000
0	8.702000	13.913043	240.000000	320.000000
0	8.733000	13.913043	240.000000	320.000000
0	8.765000	13.913043	240.000000	320.000000
0	8.796000	13.913043	240.000000	320.000000
0	8.827000	13.913043	240.000000	320.000000
0	8.858000	13.913043	240.000000	320.000000
0	8.889000	13.913043	240.000000	320.000000
0	8.936000	13.913043	240.000000	320.000000
0	8.967000	13.913043	240.000000	320.000000
0	8.999000	13.913043	240.000000	320.000000
0	9.030000	13.913043	240.000000	320.000000
0	9.061000	13.913043	240.000000	320.000000
0	9.092000	13.913043	240.000000	320.000000
0	9.123000	13.913043	240.000000	320.000000
0	9.170000	13.913043	240.000000	320.000000
0	9.201000	13.913043	240.000000	320.000000
0	9.233000	13.913043	240.000000	320.000000
0	9.264000	13.913043	240.000000	320.000000
0	9.295000	13.913043	240.000000	320.000000
0	9.326000	13.913043	240.000000	320.000000
0	9.357000	13.913043	240.000000	320.000000
0	9.404000	13.913043	240.000000	320.000000
0	9.435000	13.913043	240.000000	320.000000
0	9.467000	13.913043	240.000000	320.000000
0	9.498000	13.913043	240.000000	320.000000
0	9.529000	13.913043	240.000000	320.000000
0	9.560000	13.913043	240.000000	320.000000
0	9.591000	13.913043	240.000000	320.000000
0	9.623000	13.913043	240.000000	320.000000
0	9.669000	13.913043	240.000000	320.000000
0	9.701000	13.913043	240.000000	320.000000
0	9.732000	13.913043	240.000000	320.000000
0	9.763000	13.913043	240.000000	320.000000
0	9.794000	13.913043	240.000000	320.000000
0	9.825000	13.913043	240.000000	320.000000
0	9.857000	13.913043	240.000000	320.000000
0	9.903000	13.913043	240.000000	320.000000
0	9.935000	13.913043	240.000000	320.000000
0	9.966000	13.913043	240.000000	320.000000
0	9.997000	13.913043	240.000000	320.000000
0	10.028000	13.913043	240.000000	320.000000
0	10.059000	13.913043	240.000000	320.000000
0	10.091000	13.913043	240.000000	320.000000
0	10.137000	13.913043	240.000000	320.000000
0	10.169000	13.913043	240.000000	320.000000
0	10.200000	13.913043	240.000000	320.000000
0	10.231000	13.913043	240.000000	320.000000
0	10.262000	13.913043	240.000000	320.000000
0	10.293000	13.913043	240.000000	320.000000
0	10.325000	13.913043	240.000000	320.000000
0	10.356000	13.913043	240.000000	320.000000
0	10.403000	13.913043	240.000000	320.000000
0	10.434000	13.913043	240.000000	320.000000
0	10.465000	13.913043	240.000000	320.000000
0	10.496000	13.913043	240.000000	320.000000
0	10.527000	13.913043	240.000000	320.000000
0	10.559000	13.913043	240.000000	320.000000
0	10.590000	13.913043	240.000000	320.000000
0	10.637000	13.913043	240.000000	320.000000
0	10.668000	13.913043	240.000000	320.000000
0	10.699000	13.913043	240.000000	320.000000
0	10.730000	13.913043	240.000000	320.000000
0	10.761000	13.913043	240.000000	320.000000
0	10.793000	13.913043	240.000000	320.000000
0	10.824000	13.913043	240.000000	320.000000
0	10.871000	13.913043	240.000000	320.000000
0	10.902000	13.913043	240.000000	320.000000
0	10.933000	13.913043	240.000000	320.000000
0	10.964000	13.913043	240.000000	320.000000
0	10.995000	13.913043	240.000000	320.000000
0	11.027000	13.913043	240.000000	320.000000
0	11.058000	13.913043	240.000000	320.000000
0	11.089000	13.913043	240.000000	320.000000
0	11.136000	13.913043	240.000000	320.000000
0	11.167000	13.913043	240.000000	320.000000
0	11.198000	13.913043	240.000000	320.000000
0	11.229000	13.913043	240.000000	320.000000
0	11.261000	13.913043	240.000000	320.000000
0	11.292000	13.913043	240.000000	320.000000
0	11.323000	13.913043	240.000000	320.000000
0	11.370000	13.913043	240.000000	320.000000
0	11.401000	13.913043	240.000000	320.000000
0	11.432000	13.913043	240.000000	320.000000
0	11.463000	13.913043	240.000000	320.000000
0	11.495000	13.913043	240.000000	320.000000
0	11.526000	13.913043	240.000000	320.000000
0	11.557000	13.913043	240.000000	320.000000
0	11.604000	13.913043	240.000000	320.000000
0	11.635000	13.913043	240.000000	320.000000
0	11.666000	13.913043	240.000000	320.000000
0	11.697000	13.913043	240.000000	320.000000
0	11.729000	13.913043	240.000000	320.000000
0	11.760000	13.913043	240.000000	320.000000
0	11.791000	13.913043	240.000000	320.000000
0	11.822000	13.913043	240.000000	320.000000
0	11.869000	13.913043	240.000000	320.000000
0	11.900000	13.913043	240.000000	320.000000
0	11.931000	13.913043	240.000000	320.000000
0	11.963000	13.913043	240.000000	320.000000
0	11.994000	13.913043	240.000000	320.000000
0	12.025000	13.913043	240.000000	320.000000
0	12.056000	13.913043	240.000000	320.000000
0	12.087000	13.913043	240.000000	320.000000
0	12.134000	13.913043	240.000000	320.000000
0	12.165000	13.913043	240.000000	320.000000
0	12.197000	13.913043	240.000000	320.000000
0	12.228000	13.913043	240.000000	320.000000
0	12.259000	13.913043	240.000000	320.000000
0	12.290000	13.913043	240.000000	320.000000
0	12.321000	13.913043	240.000000	320.000000
0	12.368000	13.913043	240.000000	320.000000
0	12.399000	13.913043	240.000000	320.000000
0	12.431000	13.913043	240.000000	320.000000
0	12.462000	13.913043	240.000000	320.000000
0	12.493000	13.913043	240.000000	320.000000
0	12.524000	13.913043	240.000000	320.000000
0	12.555000	13.913043	240.000000	320.000000
0	12.602000	13.913043	240.000000	320.000000
0	12.633000	13.913043	240.000000	320.000000
0	12.665000	13.913043	240.000000	320.000000
0	12.696000	13.913043	240.000000	320.000000
0	12.727000	13.913043	240.000000	320.000000
0	12.758000	13.913043	240.000000	320.000000
0	12.789000	13.913043	240.000000	320.000000
0	12.821000	13.913043	240.000000	320.000000
0	12.867000	13.913043	240.000000	320.000000
0	12.899000	13.913043	240.000000	320.000000
0	12.930000	13.913043	240.000000	320.000000
0	12.961000	13.913043	240.000000	320.000000
0	12.992000	13.913043	240.000000	320.000000
0	13.023000	13.913043	240.000000	320.000000
0	13.055000	13.913043	240.000000	320.000000
0	13.101000	13.913043	240.000000	320.000000
0	13.133000	13.913043	240.000000	320.000000
0	13.164000	13.913043	240.000000	320.000000
0	13.195000	13.913043	240.000000	320.000000
0	13.226000	13.913043	240.000000	320.000000
0	13.257000	13.913043	240.000000	320.000000
0	13.289000	13.913043	240.000000	320.000000
0	13.335000	13.913043	240.000000	320.000000
0	13.367000	13.913043	240.000000	320.000000
0	13.398000	13.913043	240.000000	320.000000
0	13.429000	13.913043	240.000000	320.000000
0	13.460000	13.913043	240.000000	320.000000
0	13.491000	13.913043	240.000000	320.000000
0	13.523000	13.913043	240.000000	320.000000
0	13.554000	13.913043	240.000000	320.000000
0	13.601000	13.913043	240.000000	320.000000
0	13.632000	13.913043	240.000000	320.000000
0	13.663000	13.913043	240.000000	320.000000
0	13.694000	13.913043	240.000000	320.000000
0	13.725000	13.913043	240.000000	320.000000
0	13.757000	13.913043	240.000000	320.000000
0	13.788000	13.913043	240.000000	320.000000
0	13.835000	13.913043	240.000000	320.000000
0	13.866000	13.913043	240.000000	320.000000
0	13.897000	13.913043	240.000000	320.000000
0	13.928000	13.913043	240.000000	320.000000
0	13.959000	13.913043	240.000000	320.000000
0	13.991000	13.913043	240.000000	320.000000
0	14.022000	13.913043	240.000000	320.000000
0	14.069000	13.913043	240.000000	320.000000
0	14.100000	13.913043	240.000000	320.000000
0	14.131000	13.913043	240.000000	320.000000
0	14.162000	13.913043	240.000000	320.000000
0	14.193000	13.913043	240.000000	320.000000
0	14.225000	13.913043	240.000000	320.000000
0	14.256000	13.913043	240.000000	320.000000
0	14.287000	13.913043	240.000000	320.000000
0	14.334000	13.913043	240.000000	320.000000
0	14.365000	13.913043	240.000000	320.000000
0	14.396000	13.913043	240.000000	320.000000
0	14.427000	13.913043	240.000000	320.000000
0	14.459000	13.913043	240.000000	320.000000
0	14.490000	13.913043	240.000000	320.000000
0	14.521000	13.913043	240.000000	320.000000
0	14.568000	13.913043	240.000000	320.000000
0	14.599000	13.913043	240.000000	320.000000
0	14.630000	13.913043	240.000000	320.000000
0	14.661000	13.913043	240.000000	320.000000
0	14.693000	13.913043	240.000000	320.000000
0	14.724000	13.913043	240.000000	320.000000
0	14.755000	13.913043	240.000000	320.000000
0	14.802000	13.913043	240.000000	320.000000
0	14.833000	13.913043	240.000000	320.000000
0	14.864000	13.913043	240.000000	320.000000
0	14.896000	13.913043	240.000000	320.000000
0	14.927000	13.913043	240.000000	320.000000
0	14.958000	13.913043	240.000000	320.000000
0	14.989000	13.913043	240.000000	320.000000
0	15.020000	13.913043	240.000000	320.000000
0	15.067000	13.913043	240.000000	320.000000
0	15.098000	13.913043	240.000000	320.000000
0	15.130000	13.913043	240.000000	320.000000
0	15.161000	13.913043	240.000000	320.000000
0	15.192000	13.913043	240.000000	320.000000
0	15.223000	13.913043	240.000000	320.000000
0	15.254000	13.913043	240.000000	320.000000
0	15.301000	13.913043	240.000000	320.000000
0	15.332000	13.913043	240.000000	320.000000
0	15.364000	13.913043	240.000000	320.000000
0	15.395000	13.913043	240.000000	320.000000
0	15.426000	13.913043	240.000000	320.000000
0	15.457000	13.913043	240.000000	320.000000
0	15.488000	13.913043	240.000000	320.000000
0	15.535000	13.913043	240.000000	320.000000
0	15.566000	13.913043	240.000000	320.000000
0	15.598000	13.913043	240.000000	320.000000
0	15.629000	13.913043	240.000000	320.000000
0	15.660000	13.913043	240.000000	320.000000
0	15.691000	13.913043	240.000000	320.000000
0	15.722000	13.913043	240.000000	320.000000
0	15.754000	13.913043	240.000000	320.000000
0	15.800000	13.913043	240.000000	320.000000
0	15.832000	13.913043	240.000000	320.000000
0	15.863000	13.913043	240.000000	320.000000
0	15.894000	13.913043	240.000000	320.000000
0	15.925000	13.913043	240.000000	320.000000
0	15.956000	13.913043	240.000000	320.000000
0	15.988000	13.913043	240.000000	320.000000
0	16.019000	13.913043	240.000000	320.000000
0	16.066000	13.913043	240.000000	320.000000
0	16.097000	13.913043	240.000000	320.000000
0	16.128000	13.913043	240.000000	320.000000
0	16.159000	13.913043	240.000000	320.000000
0	16.190000	13.913043	240.000000	320.000000
0	16.222000	13.913043	240.000000	320.000000
0	16.253000	13.913043	240.000000	320.000000
0	16.300000	13.913043	240.000000	320.000000
0	16.331000	13.913043	240.000000	320.000000
0	16.362000	13.913043	240.000000	320.000000
0	16.393000	13.913043	240.000000	320.000000
0	16.424000	13.913043	240.000000	320.000000
0	16.456000	13.913043	240.000000	320.000000
0	16.487000	13.913043	240.000000	320.000000
0	16.534000	13.913043	240.000000	320.000000
0	16.565000	13.913043	240.000000	320.000000
0	16.596000	13.913043	240.000000	320.000000
0	16.627000	13.913043	240.000000	320.000000
0	16.658000	13.913043	240.000000	320.000000
0	16.690000	13.913043	240.000000	320.000000
0	16.721000	13.913043	240.000000	320.000000
0	16.752000	13.913043	240.000000	320.000000
0	16.799000	13.913043	240.000000	320.000000
0	16.830000	13.913043	240.000000	320.000000
0	16.861000	13.913043	240.000000	320.000000
0	16.892000	13.913043	240.000000	320.000000
0	16.924000	13.913043	240.000000	320.000000
0	16.955000	13.913043	240.000000	320.000000
0	16.986000	13.913043	240.000000	320.000000
0	17.033000	13.913043	240.000000	320.000000
0	17.064000	13.913043	240.000000	320.000000
0	17.095000	13.913043	240.000000	320.000000
0	17.126000	13.913043	240.000000	320.000000
0	17.158000	13.913043	240.000000	320.000000
0	17.189000	13.913043	240.000000	320.000000
0	17.220000	13.913043	240.000000	320.000000
0	17.267000	13.913043	240.000000	320.000000
0	17.298000	13.913043	240.000000	320.000000
0	17.329000	13.913043	240.000000	320.000000
0	17.360000	13.913043	240.000000	320.000000
0	17.392000	13.913043	240.000000	320.000000
0	17.423000	13.913043	240.000000	320.000000
0	17.454000	13.913043	240.000000	320.000000
0	17.485000	13.913043	240.000000	320.000000
0	17.532000	13.913043	240.000000	320.000000
0	17.563000	13.913043	240.000000	320.000000
0	17.594000	13.913043	240.000000	320.000000
0	17.626000	13.913043	240.000000	320.000000
0	17.657000	13.913043	240.000000	320.000000
0	17.688000	13.913043	240.000000	320.000000
0	17.719000	13.913043	240.000000	320.000000
0	17.766000	13.913043	240.000000	320.000000
0	17.797000	13.913043	240.000000	320.000000
0	17.828000	13.913043	240.000000	320.000000
0	17.860000	13.913043	240.000000	320.000000
0	17.891000	13.913043	240.000000	320.000000
0	17.922000	13.913043	240.000000	320.000000
0	17.953000	13.913043	240.000000	320.000000
0	18.000000	13.913043	240.000000	320.000000
0	18.031000	13.913043	240.000000	320.000000
0	18.062000	13.913043	240.000000	320.000000
0	18.094000	13.913043	240.000000	320.000000
0	18.125000	13.913043	240.000000	320.000000
0	18.156000	13.913043	240.000000	320.000000
0	18.187000	13.913043	240.000000	320.000000
0	18.218000	13.913043	240.000000	320.000000
0	18.265000	13.913043	240.000000	320.000000
0	18.296000	13.913043	240.000000	320.000000
0	18.328000	13.913043	240.000000	320.000000
0	18.359000	13.913043	240.000000	320.000000
0	18.390000	13.913043	240.000000	320.000000
0	18.421000	13.913043	240.000000	320.000000
0	18.452000	13.913043	240.000000	320.000000
0	18.499000	13.913043	240.000000	320.000000
0	18.530000	13.913043	240.000000	320.000000
0	18.562000	13.913043	240.000000	320.000000
0	18.593000	13.913043	240.000000	320.000000
0	18.624000	13.913043	240.000000	320.000000
0	18.655000	13.913043	240.000000	320.000000
0	18.686000	13.913043	240.000000	320.000000
0	18.733000	13.913043	240.000000	320.000000
0	18.764000	13.913043	240.000000	320.000000
0	18.796000	13.913043	240.000000	320.000000
0	18.827000	13.913043	240.000000	320.000000
0	18.858000	13.913043	240.000000	320.000000
0	18.889000	13.913043	240.000000	320.000000
0	18.920000	13.913043	240.000000	320.000000
0	18.952000	13.913043	240.000000	320.000000
0	18.998000	13.913043	240.000000	320.000000
0	19.030000	13.913043	240.000000	320.000000
0	19.061000	13.913043	240.000000	320.000000
0	19.092000	13.913043	240.000000	320.000000
0	19.123000	13.913043	240.000000	320.000000
0	19.154000	13.913043	240.000000	320.000000
0	19.186000	13.913043	240.000000	320.000000
0	19.232000	13.913043	240.000000	320.000000
0	19.264000	13.913043	240.000000	320.000000
0	19.295000	13.913043	240.000000	320.000000
0	19.326000	13.913043	240.000000	320.000000
0	19.357000	13.913043	240.000000	320.000000
0	19.388000	13.913043	240.000000	320.000000
0	19.420000	13.913043	240.000000	320.000000
0	19.466000	13.913043	240.000000	320.000000
0	19.498000	13.913043	240.000000	320.000000
0	19.529000	13.913043	240.000000	320.000000
0	19.560000	13.913043	240.000000	320.000000
0	19.591000	13.913043	240.000000	320.000000
0	19.622000	13.913043	240.000000	320.000000
0	19.654000	13.913043	240.000000	320.000000
0	19.685000	13.913043	240.000000	320.000000
0	19.732000	13.913043	240.000000	320.000000
0	19.763000	13.913043	240.000000	320.000000
0	19.794000	13.913043	240.000000	320.000000
0	19.825000	13.913043	240.000000	320.000000
0	19.856000	13.913043	240.000000	320.000000
0	19.888000	13.913043	240.000000	320.000000
0	19.919000	13.913043	240.000000	320.000000
0	19.966000	13.913043	240.000000	320.000000
0	19.997000	13.913043	240.000000	320.000000
0	20.028000	13.913043	240.000000	320.000000
0	20.059000	13.913043	240.000000	320.000000
0	20.090000	13.913043	240.000000	320.000000
0	20.122000	13.913043	240.000000	320.000000
0	20.153000	13.913043	240.000000	320.000000
0	20.184000	13.913043	240.000000	320.000000
0	20.231000	13.913043	240.000000	320.000000
0	20.262000	13.913043	240.000000	320.000000
0	20.293000	13.913043	240.000000	320.000000
0	20.324000	13.913043	240.000000	320.000000
0	20.356000	13.913043	240.000000	320.000000
0	20.387000	13.913043	240.000000	320.000000
0	20.418000	13.913043	240.000000	320.000000
0	20.465000	13.913043	240.000000	320.000000
0	20.496000	13.913043	240.000000	320.000000
0	20.527000	13.913043	240.000000	320.000000
0	20.558000	13.913043	240.000000	320.000000
0	20.590000	13.913043	240.000000	320.000000
0	20.621000	13.913043	240.000000	320.000000
0	20.652000	13.913043	240.000000	320.000000
0	20.699000	13.913043	240.000000	320.000000
0	20.730000	13.913043	240.000000	320.000000
0	20.761000	13.913043	240.000000	320.000000
0	20.792000	13.913043	240.000000	320.000000
0	20.824000	13.913043	240.000000	320.000000
0	20.855000	13.913043	240.000000	320.000000
0	20.886000	13.913043	240.000000	320.000000
0	20.917000	13.913043	240.000000	320.000000
0	20.964000	13.913043	240.000000	320.000000
0	20.995000	13.913043	240.000000	320.000000
0	21.026000	13.913043	240.000000	320.000000
0	21.058000	13.913043	240.000000	320.000000
0	21.089000	13.913043	240.000000	320.000000
0	21.120000	13.913043	240.000000	320.000000
0	21.151000	13.913043	240.000000	320.000000
0	21.198000	13.913043	240.000000	320.000000
0	21.229000	13.913043	240.000000	320.000000
0	21.260000	13.913043	240.000000	320.000000
0	21.292000	13.913043	240.000000	320.000000
0	21.323000	13.913043	240.000000	320.000000
0	21.354000	13.913043	240.000000	320.000000
0	21.385000	13.913043	240.000000	320.000000
0	21.416000	13.913043	240.000000	320.000000
0	21.463000	13.913043	240.000000	320.000000
0	21.494000	13.913043	240.000000	320.000000
0	21.526000	13.913043	240.000000	320.000000
0	21.557000	13.913043	240.000000	320.000000
0	21.588000	13.913043	240.000000	320.000000
0	21.619000	13.913043	240.000000	320.000000
0	21.650000	13.913043	240.000000	320.000000
0	21.697000	13.913043	240.000000	320.000000
0	21.728000	13.913043	240.000000	320.000000
0	21.760000	13.913043	240.000000	320.000000
0	21.791000	13.913043	240.000000	320.000000
0	21.822000	13.913043	240.000000	320.000000
0	21.853000	13.913043	240.000000	320.000000
0	21.884000	13.913043	240.000000	320.000000
0	21.931000	13.913043	240.000000	320.000000
0	21.962000	13.913043	240.000000	320.000000
0	21.994000	13.913043	240.000000	320.000000
0	22.025000	13.913043	240.000000	320.000000
0	22.056000	13.913043	240.000000	320.000000
0	22.087000	13.913043	240.000000	320.000000
0	22.118000	13.913043	240.000000	320.000000
0	22.150000	13.913043	240.000000	320.000000
0	22.196000	13.913043	240.000000	320.000000
0	22.228000	13.913043	240.000000	320.000000
0	22.259000	13.913043	240.000000	320.000000
0	22.290000	13.913043	240.000000	320.000000
0	22.321000	13.913043	240.000000	320.000000
0	22.352000	13.913043	240.000000	320.000000
0	22.384000	13.913043	240.000000	320.000000
0	22.430000	13.913043	240.000000	320.000000
0	22.462000	13.913043	240.000000	320.000000
0	22.493000	13.913043	240.000000	320.000000
0	22.524000	13.913043	240.000000	320.000000
0	22.555000	13.913043	240.000000	320.000000
0	22.586000	13.913043	240.000000	320.000000
0	22.618000	13.913043	240.000000	320.000000
0	22.664000	13.913043	240.000000	320.000000
0	22.696000	13.913043	240.000000	320.000000
0	22.727000	13.913043	240.000000	320.000000
0	22.758000	13.913043	240.000000	320.000000
0	22.789000	13.913043	240.000000	320.000000
0	22.820000	13.913043	240.000000	320.000000
0	22.852000	13.913043	240.000000	320.000000
0	22.883000	13.913043	240.000000	320.000000
0	22.930000	13.913043	240.000000	320.000000
0	22.961000	13.913043	240.000000	320.000000
0	22.992000	13.913043	240.000000	320.000000
0	23.023000	13.913043	240.000000	320.000000
0	23.054000	13.913043	240.000000	320.000000
0	23.086000	13.913043	240.000000	320.000000
0	23.117000	13.913043	240.000000	320.000000
0	23.164000	13.913043	240.000000	320.000000
0	23.195000	13.913043	240.000000	320.000000
0	23.226000	13.913043	240.000000	320.000000
0	23.257000	13.913043	240.000000	320.000000
0	23.288000	13.913043	240.000000	320.000000
0	23.320000	13.913043	240.000000	320.000000
0	23.351000	13.913043	240.000000	320.000000
0	23.398000	13.913043	240.000000	320.000000
0	23.429000	13.913043	240.000000	320.000000
0	23.460000	13.913043	240.000000	320.000000
0	23.491000	13.913043	240.000000	320.000000
0	23.522000	13.913043	240.000000	320.000000
0	23.554000	13.913043	240.000000	320.000000
0	23.585000	13.913043	240.000000	320.000000
0	23.616000	13.913043	240.000000	320.000000
0	23.663000	13.913043	240.000000	320.000000
0	23.694000	13.913043	240.000000	320.000000
0	23.725000	13.913043	240.000000	320.000000
0	23.756000	13.913043	240.000000	320.000000
0	23.788000	13.913043	240.000000	320.000000
0	23.819000	13.913043	240.000000	320.000000
0	23.850000	13.913043	240.000000	320.000000
0	23.897000	13.913043	240.000000	320.000000
0	23.928000	13.913043	240.000000	320.000000
0	23.959000	13.913043	240.000000	320.000000
0	23.990000	13.913043	240.000000	320.000000
0	24.022000	13.913043	240.000000	320.000000
0	24.053000	13.913043	240.000000	320.000000
0	24.084000	13.913043	240.000000	320.000000
0	24.115000	13.913043	240.000000	320.000000
0	24.162000	13.913043	240.000000	320.000000
0	24.193000	13.913043	240.000000	320.000000
0	24.224000	13.913043	240.000000	320.000000
0	24.256000	13.913043	240.000000	320.000000
0	24.287000	13.913043	240.000000	320.000000
0	24.318000	13.913043	240.000000	320.000000
0	24.349000	13.913043	240.000000	320.000000
0	24.396000	13.913043	240.000000	320.000000
0	24.427000	13.913043	240.000000	320.000000
0	24.458000	13.913043	240.000000	320.000000
0	24.490000	13.913043	240.000000	320.000000
0	24.521000	13.913043	240.000000	320.000000
0	24.552000	13.913043	240.000000	320.000000
0	24.583000	13.913043	240.000000	320.000000
0	24.630000	13.913043	240.000000	320.000000
0	24.661000	13.913043	240.000000	320.000000
0	24.692000	13.913043	240.000000	320.000000
0	24.724000	13.913043	240.000000	320.000000
0	24.755000	13.913043	240.000000	320.000000
0	24.786000	13.913043	240.000000	320.000000
0	24.817000	13.913043	240.000000	320.000000
0	24.848000	13.913043	240.000000	320.000000
0	24.895000	13.913043	240.000000	320.000000
0	24.926000	13.913043	240.000000	320.000000
0	24.958000	13.913043	240.000000	320.000000
0	24.989000	13.913043	240.000000	320.000000
0	25.020000	13.913043	240.000000	320.000000
0	25.051000	13.913043	240.000000	320.000000
0	25.082000	13.913043	240.000000	320.000000
0	25.129000	13.913043	240.000000	320.000000
0	25.160000	13.913043	240.000000	320.000000
0	25.192000	13.913043	240.000000	320.000000
0	25.223000	13.913043	240.000000	320.000000
0	25.254000	13.913043	240.000000	320.000000
0	25.285000	13.913043	240.000000	320.000000
0	25.316000	13.913043	240.000000	320.000000
0	25.363000	13.913043	240.000000	320.000000
0	25.394000	13.913043	240.000000	320.000000
0	25.426000	13.913043	240.000000	320.000000
0	25.457000	13.913043	240.000000	320.000000
0	25.488000	13.913043	240.000000	320.000000
0	25.519000	13.913043	240.000000	320.000000
0	25.550000	13.913043	240.000000	320.000000
0	25.582000	13.913043	240.000000	320.000000
0	25.628000	13.913043	240.000000	320.000000
0	25.660000	13.913043	240.000000	320.000000
0	25.691000	13.913043	240.000000	320.000000
0	25.722000	13.913043	240.000000	320.000000
0	25.753000	13.913043	240.000000	320.000000
0	25.784000	13.913043	240.000000	320.000000
0	25.816000	13.913043	240.000000	320.000000
0	25.862000	13.913043	240.000000	320.000000
0	25.894000	13.913043	240.000000	320.000000
0	25.925000	13.913043	240.000000	320.000000
0	25.956000	13.913043	240.000000	320.000000
0	25.987000	13.913043	240.000000	320.000000
0	26.018000	13.913043	240.000000	320.000000
0	26.050000	13.913043	240.000000	320.000000
0	26.096000	13.913043	240.000000	320.000000
0	26.128000	13.913043	240.000000	320.000000
0	26.159000	13.913043	240.000000	320.000000
0	26.190000	13.913043	240.000000	320.000000
0	26.221000	13.913043	240.000000	320.000000
0	26.252000	13.913043	240.000000	320.000000
0	26.284000	13.913043	240.000000	320.000000
0	26.315000	13.913043	240.000000	320.000000
0	26.362000	13.913043	240.000000	320.000000
0	26.393000	13.913043	240.000000	320.000000
0	26.424000	13.913043	240.000000	320.000000
0	26.455000	13.913043	240.000000	320.000000
0	26.486000	13.913043	240.000000	320.000000
0	26.518000	13.913043	240.000000	320.000000
0	26.549000	13.913043	240.000000	320.000000
0	26.596000	13.913043	240.000000	320.000000
0	26.627000	13.913043	240.000000	320.000000
0	26.658000	13.913043	240.000000	320.000000
0	26.689000	13.913043	240.000000	320.000000
0	26.720000	13.913043	240.000000	320.000000
0	26.752000	13.913043	240.000000	320.000000
0	26.783000	13.913043	240.000000	320.000000
0	26.814000	13.913043	240.000000	320.000000
0	26.861000	13.913043	240.000000	320.000000
0	26.892000	13.913043	240.000000	320.000000
0	26.923000	13.913043	240.000000	320.000000
0	26.954000	13.913043	240.000000	320.000000
0	26.986000	13.913043	240.000000	320.000000
0	27.017000	13.913043	240.000000	320.000000
0	27.048000	13.913043	240.000000	320.000000
0	27.095000	13.913043	240.000000	320.000000
0	27.126000	13.913043	240.000000	320.000000
0	27.157000	13.913043	240.000000	320.000000
0	27.188000	13.913043	240.000000	320.000000
0	27.220000	13.913043	240.000000	320.000000
0	27.251000	13.913043	240.000000	320.000000
0	27.282000	13.913043	240.000000	320.000000
0	27.329000	13.913043	240.000000	320.000000
0	27.360000	13.913043	240.000000	320.000000
0	27.391000	13.913043	240.000000	320.000000
0	27.422000	13.913043	240.000000	320.000000
0	27.454000	13.913043	240.000000	320.000000
0	27.485000	13.913043	240.000000	320.000000
0	27.516000	13.913043	240.000000	320.000000
0	27.547000	13.913043	240.000000	320.000000
0	27.594000	13.913043	240.000000	320.000000
0	27.625000	13.913043	240.000000	320.000000
0	27.656000	13.913043	240.000000	320.000000
0	27.688000	13.913043	240.000000	320.000000
0	27.719000	13.913043	240.000000	320.000000
0	27.750000	13.913043	240.000000	320.000000
0	27.781000	13.913043	240.000000	320.000000
0	27.828000	13.913043	240.000000	320.000000
0	27.859000	13.913043	240.000000	320.000000
0	27.890000	13.913043	240.000000	320.000000
0	27.922000	13.913043	240.000000	320.000000
0	27.953000	13.913043	240.000000	320.000000
0	27.984000	13.913043	240.000000	320.000000
0	28.015000	13.913043	240.000000	320.000000
0	28.046000	13.913043	240.000000	320.000000
0	28.093000	13.913043	240.000000	320.000000
0	28.124000	13.913043	240.000000	320.000000
0	28.156000	13.913043	240.000000	320.000000
0	28.187000	13.913043	240.000000	320.000000
0	28.218000	13.913043	240.000000	320.000000
0	28.249000	13.913043	240.000000	320.000000
0	28.280000	13.913043	240.000000	320.000000
0	28.327000	13.913043	240.000000	320.000000
0	28.358000	13.913043	240.000000	320.000000
0	28.390000	13.913043	240.000000	320.000000
0	28.421000	13.913043	240.000000	320.000000
0	28.452000	13.913043	240.000000	320.000000
0	28.483000	13.913043	240.000000	320.000000
0	28.514000	13.913043	240.000000	320.000000
0	28.561000	13.913043	240.000000	320.000000
0	28.592000	13.913043	240.000000	320.000000
0	28.624000	13.913043	240.000000	320.000000
0	28.655000	13.913043	240.000000	320.000000
0	28.686000	13.913043	240.000000	320.000000
0	28.717000	13.913043	240.000000	320.000000
0	28.748000	13.913043	240.000000	320.000000
0	28.780000	13.913043	240.000000	320.000000
0	28.826000	13.913043	240.000000	320.000000
0	28.858000	13.913043	240.000000	320.000000
0	28.889000	13.913043	240.000000	320.000000
0	28.920000	13.913043	240.000000	320.000000
0	28.951000	13.913043	240.000000	320.000000
0	28.982000	13.913043	240.000000	320.000000
0	29.014000	13.913043	240.000000	320.000000
0	29.060000	13.913043	240.000000	320.000000
0	29.092000	13.913043	240.000000	320.000000
0	29.123000	13.913043	240.000000	320.000000
0	29.154000	13.913043	240.000000	320.000000
0	29.185000	13.913043	240.000000	320.000000
0	29.216000	13.913043	240.000000	320.000000
0	29.248000	13.913043	240.000000	320.000000
0	29.294000	13.913043	240.000000	320.000000
0	29.326000	13.913043	240.000000	320.000000
0	29.357000	13.913043	240.000000	320.000000
0	29.388000	13.913043	240.000000	320.000000
0	29.419000	13.913043	240.000000	320.000000
0	29.450000	13.913043	240.000000	320.000000
0	29.482000	13.913043	240.000000	320.000000
0	29.513000	13.913043	240.000000	320.000000
0	29.560000	13.913043	240.000000	320.000000
0	29.591000	13.913043	240.000000	320.000000
0	29.622000	13.913043	240.000000	320.000000
0	29.653000	13.913043	240.000000	320.000000
0	29.684000	13.913043	240.000000	320.000000
0	29.716000	13.913043	240.000000	320.000000
0	29.747000	13.913043	240.000000	320.000000
0	29.794000	13.913043	240.000000	320.000000
0	29.825000	13.913043	240.000000	320.000000
0	29.856000	13.913043	240.000000	320.000000
0	29.887000	13.913043	240.000000	320.000000
0	29.918000	13.913043	240.000000	320.000000
0	29.950000	13.913043	240.000000	320.000000
0	29.981000	13.913043	240.000000	320.000000
<\LEFT-PUPIL-DATA>
<RIGHT-PUPIL-ANALYSIS>
1
0	0	17	902	0	0	0.509000	29.518000	0.509000	15.810344	0.000000	0.000000	0.000000	0	3	3	3	3	0	0	0	0.000000	0.000000	0.000000	0.000000	0.000000	0.000000	0.000000	-1.000000	0.000000	0	1.473536	0.743652	1.705385	0.434340	0.268000	-0.371442	-1.455820	-1.000000	0.068549	1	1.473536	0.743652	1.705385	0.434340	0.268000	-0.393726	-1.455821	-1.000000	0.068549
<\RIGHT-PUPIL-ANALYSIS>
<LEFT-PUPIL-ANALYSIS>
1
0	0	18	902	0	0	0.509000	29.518000	0.509000	15.810344	0.000000	0.000000	0.000000	0	3	3	3	3	0	0	0	0.000000	0.000000	0.000000	0.000000	0.000000	0.000000	0.000000	-1.000000	0.000000	0	-0.034783	-0.034783	0.000950	0.000950	0.019000	0.000000	0.000000	-1.000000	0.000000	1	-0.034783	-0.034783	0.000950	0.000950	0.019000	-1000000.000000	-1000000.000000	-1.000000	0.000000
<\LEFT-PUPIL-ANALYSIS>
%%%%%%%%%
%%%%%%%%%
%%%%%%%%%
%%%	Measurement Tiime is: 2017-09-05 10:39:03
%%%	Subject ID is: c57-1mois-M3-1.2b
%%%	Note: 
%%%	RSS: Default Human Relative Spectral Sensitivity
%%%	Pupil Analysis:
%%%
%%%
%%%
%%%	Pulse Index:	0
%%%	Stimulus Session Index:	0
%%%	Right Pupil Stimulated
%%%	Light Metric is Photopic
%%%	Stimulus Start Time(sec):	0.51
%%%	Stimulus Duration(sec):	29.52
%%%	Stimulus Pulse Duration(sec):	0.51
%%%	Right Pulse:	15.81	(Blue )	-	0.00	(Blue )	[Lux ]
%%%	Left Pulse:	0.00	(Blue )	-	0.00	(Blue )	[Lux ]
%%%
%%%		RIGHT	LEFT	R.Pupil Mean	L.Pupil Mean	R.Stim Mean	R.Stim Mean
%%%	INPUT:	RAW DATA	RAW DATA
%%%	STATE:	ABNORMAL	ABNORMAL	ABNORMAL	ABNORMAL	ABNORMAL	ABNORMAL
%%%	MAX(mm):	0.00	0.00	0.00	0.00	0.00	0.00
%%%	MIN(mm):	0.00	0.00	0.00	0.00	0.00	0.00
%%%	DELTA(mm):						
%%%	CH(%):						
%%%	LAT(sec):	0.00	0.00	0.00	0.00	0.00	0.00
%%%	CV(mm/s):	0.00	0.00	0.00	0.00	0.00	0.00
%%%	MCV(mm/s):	0.00	0.00	0.00	0.00	0.00	0.00
%%%	DV(mm/s):	0.00	0.00	0.00	0.00	0.00	0.00
%%%%%%%%%
%%%%%%%%%
%%%%%%%%%
%%%	Right Pupil Profile (1st row -> 1 == valid tracking, 0 == invalid tracking; 2nd row -> time; 3rd row -> diameter (mm))
%%%	1	1	1	1	1	1	1	1	1	1	1	1	1	1	1	1	1	1	1	1	1	1	1	1	1	1	1	1	1	1	1	1	1	1	1	1	1	1	1	1	1	1	1	1	1	0	1	1	1	1	1	0	1	1	0	1	1	1	1	0	1	1	0	1	1	1	1	1	1	0	0	1	0	1	0	1	1	0	1	1	1	0	1	1	1	1	0	1	1	1	1	1	0	1	1	0	1	1	1	1	1	1	0	1	1	1	1	1	1	1	0	1	1	1	1	1	1	1	1	0	1	0	1	1	0	1	1	0	1	0	1	1	1	0	1	1	1	1	0	1	1	1	1	1	1	1	1	1	1	1	1	1	0	0	1	1	1	1	1	1	1	1	1	1	1	1	1	1	1	0	0	1	1	1	1	1	1	1	1	1	0	1	1	1	1	0	1	1	1	1	1	1	0	1	1	1	0	1	1	1	1	1	1	1	1	1	1	1	1	1	1	1	1	0	0	1	1	1	1	1	1	1	1	1	1	1	1	1	1	1	1	1	1	1	1	1	1	1	1	1	1	1	1	1	1	1	1	1	1	1	1	1	1	1	1	1	1	1	1	1	1	1	1	1	1	1	1	1	1	1	1	1	1	1	1	1	1	1	1	1	1	1	1	1	1	1	1	1	1	1	1	1	1	1	1	1	1	1	1	1	1	1	1	1	1	1	1	1	1	1	1	1	1	1	1	1	1	1	1	1	1	1	1	1	1	1	1	1	1	1	1	1	1	1	1	1	1	1	1	1	1	1	1	1	1	1	1	1	1	1	1	1	1	1	1	1	1	1	1	1	1	1	1	1	0	1	1	1	1	1	1	1	1	1	1	1	1	1	1	1	1	1	1	1	1	1	1	1	1	1	1	1	1	1	1	1	1	1	1	1	1	1	1	1	1	1	1	1	1	1	1	1	1	1	1	1	1	1	1	1	1	1	1	1	1	1	1	1	1	1	1	1	1	1	1	1	1	1	1	1	1	1	1	1	1	1	1	1	1	1	1	1	1	1	1	1	1	1	1	1	1	1	1	1	1	1	1	1	1	1	1	1	1	1	1	1	1	1	1	1	1	1	1	1	1	1	1	1	1	1	1	1	1	1	1	1	1	1	1	1	1	1	1	1	1	1	1	1	1	1	1	1	1	1	1	1	1	1	1	1	1	1	1	1	1	1	1	1	1	1	1	1	1	1	1	1	1	1	1	1	1	1	1	1	1	1	0	1	1	0	1	1	1	1	1	1	1	1	1	1	1	1	1	1	1	1	1	1	1	1	1	1	1	1	1	1	1	1	1	0	1	1	1	1	1	1	1	1	1	1	1	1	1	1	0	1	1	1	1	0	1	1	1	1	0	0	1	0	1	1	0	0	0	0	0	0	0	0	0	0	1	0	0	0	0	0	0	0	0	0	0	1	1	0	0	0	0	0	0	0	0	1	0	0	0	1	0	0	1	1	1	0	0	1	0	0	1	1	1	1	1	1	0	0	0	0	0	1	1	1	1	1	1	1	1	1	1	1	1	1	1	1	1	1	1	1	1	1	1	1	1	1	1	1	1	1	1	1	1	1	1	1	1	1	1	1	1	1	1	1	1	1	1	1	1	1	1	1	1	1	1	1	1	1	1	1	1	1	1	1	1	0	1	1	1	1	1	1	1	1	1	1	1	1	1	1	1	1	1	1	1	1	1	1	1	1	1	1	1	1	0	1	1	1	1	1	1	1	1	1	1	1	1	1	1	1	1	1	1	1	1	1	1	1	1	1	1	1	1	1	1	1	1	1	1	1	1	1	1	1	1	1	1	1	1	1	1	1	1	1	1	1	1	1	1	1	1	1	1	1	1	1	1	1	1	1	1	1	1	1	1	1	1	1	1	1	1	1	0	1	1	1	1	1	1	1	1	1	1	1	1	1	1	1	1	1	1	1	1	1	1	1	1	1	1	1	1	1	1	1	1	1	1	1	1	1	1	1	1	1	1	1	1	1	1	1	1	1	1	1	1	1	1	1	1	1	1	1	1	1	1	1	1
%%%	-0.050000	-0.019000	0.012000	0.044000	0.075000	0.106000	0.137000	0.184000	0.215000	0.246000	0.278000	0.309000	0.340000	0.371000	0.418000	0.449000	0.480000	0.512000	0.543000	0.574000	0.605000	0.652000	0.683000	0.714000	0.746000	0.777000	0.808000	0.839000	0.870000	0.917000	0.948000	0.980000	1.011000	1.042000	1.073000	1.104000	1.151000	1.182000	1.214000	1.245000	1.276000	1.307000	1.338000	1.385000	1.416000	1.448000	1.479000	1.510000	1.541000	1.572000	1.604000	1.650000	1.682000	1.713000	1.744000	1.775000	1.806000	1.838000	1.884000	1.916000	1.947000	1.978000	2.009000	2.040000	2.072000	2.118000	2.150000	2.181000	2.212000	2.243000	2.274000	2.306000	2.337000	2.384000	2.415000	2.446000	2.477000	2.508000	2.540000	2.571000	2.618000	2.649000	2.680000	2.711000	2.742000	2.774000	2.805000	2.836000	2.883000	2.914000	2.945000	2.976000	3.008000	3.039000	3.070000	3.117000	3.148000	3.179000	3.210000	3.242000	3.273000	3.304000	3.351000	3.382000	3.413000	3.444000	3.476000	3.507000	3.538000	3.569000	3.616000	3.647000	3.678000	3.710000	3.741000	3.772000	3.803000	3.850000	3.881000	3.912000	3.944000	3.975000	4.006000	4.037000	4.084000	4.115000	4.146000	4.178000	4.209000	4.240000	4.271000	4.302000	4.349000	4.380000	4.412000	4.443000	4.474000	4.505000	4.536000	4.583000	4.614000	4.646000	4.677000	4.708000	4.739000	4.770000	4.802000	4.848000	4.880000	4.911000	4.942000	4.973000	5.004000	5.036000	5.082000	5.114000	5.145000	5.176000	5.207000	5.238000	5.270000	5.316000	5.348000	5.379000	5.410000	5.441000	5.472000	5.504000	5.535000	5.582000	5.613000	5.644000	5.675000	5.706000	5.738000	5.769000	5.816000	5.847000	5.878000	5.909000	5.940000	5.972000	6.003000	6.050000	6.081000	6.112000	6.143000	6.174000	6.206000	6.237000	6.268000	6.315000	6.346000	6.377000	6.408000	6.440000	6.471000	6.502000	6.549000	6.580000	6.611000	6.642000	6.674000	6.705000	6.736000	6.767000	6.814000	6.845000	6.876000	6.908000	6.939000	6.970000	7.001000	7.048000	7.079000	7.110000	7.142000	7.173000	7.204000	7.235000	7.282000	7.313000	7.344000	7.376000	7.407000	7.438000	7.469000	7.500000	7.547000	7.578000	7.610000	7.641000	7.672000	7.703000	7.734000	7.781000	7.812000	7.844000	7.875000	7.906000	7.937000	7.968000	8.015000	8.046000	8.078000	8.109000	8.140000	8.171000	8.202000	8.234000	8.280000	8.312000	8.343000	8.374000	8.405000	8.436000	8.468000	8.514000	8.546000	8.577000	8.608000	8.639000	8.670000	8.702000	8.748000	8.780000	8.811000	8.842000	8.873000	8.904000	8.936000	8.967000	9.014000	9.045000	9.076000	9.107000	9.138000	9.170000	9.201000	9.248000	9.279000	9.310000	9.341000	9.372000	9.404000	9.435000	9.482000	9.513000	9.544000	9.575000	9.606000	9.638000	9.669000	9.700000	9.747000	9.778000	9.809000	9.840000	9.872000	9.903000	9.934000	9.981000	10.012000	10.043000	10.074000	10.106000	10.137000	10.168000	10.215000	10.246000	10.277000	10.308000	10.340000	10.371000	10.402000	10.433000	10.480000	10.511000	10.542000	10.574000	10.605000	10.636000	10.667000	10.698000	10.745000	10.776000	10.808000	10.839000	10.870000	10.901000	10.932000	10.979000	11.010000	11.042000	11.073000	11.104000	11.135000	11.166000	11.213000	11.244000	11.276000	11.307000	11.338000	11.369000	11.400000	11.432000	11.478000	11.510000	11.541000	11.572000	11.603000	11.634000	11.666000	11.712000	11.744000	11.775000	11.806000	11.837000	11.868000	11.900000	11.946000	11.978000	12.009000	12.040000	12.071000	12.102000	12.134000	12.165000	12.212000	12.243000	12.274000	12.305000	12.336000	12.368000	12.399000	12.446000	12.477000	12.508000	12.539000	12.570000	12.602000	12.633000	12.680000	12.711000	12.742000	12.773000	12.804000	12.836000	12.867000	12.898000	12.945000	12.976000	13.007000	13.038000	13.070000	13.101000	13.132000	13.179000	13.210000	13.241000	13.272000	13.304000	13.335000	13.366000	13.413000	13.444000	13.475000	13.506000	13.538000	13.569000	13.600000	13.631000	13.678000	13.709000	13.740000	13.772000	13.803000	13.834000	13.865000	13.912000	13.943000	13.974000	14.006000	14.037000	14.068000	14.099000	14.146000	14.177000	14.208000	14.240000	14.271000	14.302000	14.333000	14.364000	14.411000	14.442000	14.474000	14.505000	14.536000	14.567000	14.598000	14.630000	14.676000	14.708000	14.739000	14.770000	14.801000	14.833000	14.864000	14.911000	14.942000	14.973000	15.004000	15.035000	15.067000	15.098000	15.145000	15.176000	15.207000	15.238000	15.269000	15.301000	15.332000	15.363000	15.410000	15.441000	15.472000	15.503000	15.535000	15.566000	15.597000	15.644000	15.675000	15.706000	15.737000	15.769000	15.800000	15.831000	15.878000	15.909000	15.940000	15.971000	16.003000	16.034000	16.065000	16.096000	16.143000	16.174000	16.205000	16.237000	16.268000	16.299000	16.330000	16.377000	16.408000	16.439000	16.471000	16.502000	16.533000	16.564000	16.611000	16.642000	16.673000	16.705000	16.736000	16.767000	16.798000	16.829000	16.876000	16.907000	16.939000	16.970000	17.001000	17.032000	17.063000	17.110000	17.141000	17.173000	17.204000	17.235000	17.266000	17.297000	17.344000	17.375000	17.407000	17.438000	17.469000	17.500000	17.531000	17.563000	17.609000	17.641000	17.672000	17.703000	17.734000	17.765000	17.797000	17.843000	17.875000	17.906000	17.937000	17.968000	17.999000	18.031000	18.077000	18.109000	18.140000	18.171000	18.202000	18.233000	18.265000	18.296000	18.343000	18.374000	18.405000	18.436000	18.467000	18.499000	18.530000	18.577000	18.608000	18.639000	18.670000	18.701000	18.733000	18.764000	18.795000	18.842000	18.873000	18.904000	18.935000	18.967000	18.998000	19.029000	19.076000	19.107000	19.138000	19.169000	19.201000	19.232000	19.263000	19.310000	19.341000	19.372000	19.403000	19.435000	19.466000	19.497000	19.528000	19.575000	19.606000	19.637000	19.669000	19.700000	19.731000	19.762000	19.809000	19.840000	19.871000	19.903000	19.934000	19.965000	19.996000	20.027000	20.074000	20.105000	20.137000	20.168000	20.199000	20.230000	20.261000	20.308000	20.339000	20.371000	20.402000	20.433000	20.464000	20.495000	20.542000	20.573000	20.605000	20.636000	20.667000	20.698000	20.729000	20.761000	20.807000	20.839000	20.870000	20.901000	20.932000	20.963000	20.995000	21.041000	21.073000	21.104000	21.135000	21.166000	21.197000	21.229000	21.275000	21.307000	21.338000	21.369000	21.400000	21.431000	21.463000	21.494000	21.541000	21.572000	21.603000	21.634000	21.665000	21.697000	21.728000	21.775000	21.806000	21.837000	21.868000	21.899000	21.931000	21.962000	22.009000	22.040000	22.071000	22.102000	22.133000	22.165000	22.196000	22.227000	22.274000	22.305000	22.336000	22.367000	22.399000	22.430000	22.461000	22.508000	22.539000	22.570000	22.601000	22.633000	22.664000	22.695000	22.726000	22.773000	22.804000	22.835000	22.867000	22.898000	22.929000	22.960000	23.007000	23.038000	23.069000	23.101000	23.132000	23.163000	23.194000	23.241000	23.272000	23.303000	23.335000	23.366000	23.397000	23.428000	23.459000	23.506000	23.537000	23.569000	23.600000	23.631000	23.662000	23.693000	23.740000	23.771000	23.803000	23.834000	23.865000	23.896000	23.927000	23.974000	24.005000	24.037000	24.068000	24.099000	24.130000	24.161000	24.193000	24.239000	24.271000	24.302000	24.333000	24.364000	24.395000	24.427000	24.473000	24.505000	24.536000	24.567000	24.598000	24.629000	24.661000	24.707000	24.739000	24.770000	24.801000	24.832000	24.863000	24.895000	24.926000	24.973000	25.004000	25.035000	25.066000	25.097000	25.129000	25.160000	25.207000	25.238000	25.269000	25.300000	25.331000	25.363000	25.394000	25.441000	25.472000	25.503000	25.534000	25.565000	25.597000	25.628000	25.659000	25.706000	25.737000	25.768000	25.799000	25.831000	25.862000	25.893000	25.940000	25.971000	26.002000	26.033000	26.065000	26.096000	26.127000	26.158000	26.205000	26.236000	26.267000	26.299000	26.330000	26.361000	26.392000	26.439000	26.470000	26.501000	26.533000	26.564000	26.595000	26.626000	26.657000	26.704000	26.735000	26.767000	26.798000	26.829000	26.860000	26.891000	26.938000	26.969000	27.001000	27.032000	27.063000	27.094000	27.125000	27.172000	27.203000	27.235000	27.266000	27.297000	27.328000	27.359000	27.391000	27.437000	27.469000	27.500000	27.531000	27.562000	27.593000	27.625000	27.671000	27.703000	27.734000	27.765000	27.796000	27.827000	27.859000	27.905000	27.937000	27.968000	27.999000	28.030000	28.061000	28.093000	28.124000	28.171000	28.202000	28.233000	28.264000	28.295000	28.327000	28.358000	28.405000	28.436000	28.467000	28.498000	28.529000	28.561000	28.592000	28.639000	28.670000	28.701000	28.732000	28.763000	28.795000	28.826000	28.857000	28.904000	28.935000	28.966000	28.997000	29.029000	29.060000	29.091000	29.138000	29.169000	29.200000	29.231000	29.263000	29.294000	29.325000	29.372000	29.403000	29.434000	29.465000	29.497000	29.528000	29.559000	29.590000	29.637000	29.668000	29.699000	29.731000	29.762000	29.793000	29.824000	29.871000	29.902000	29.933000	29.965000	29.996000
%%%	1.415797	1.344928	1.433768	1.405797	1.385942	1.472464	1.451160	1.440580	1.415797	1.451449	1.467971	1.416377	1.473913	1.416232	1.442464	1.452174	1.477101	1.472319	1.463768	1.472319	1.486957	1.451160	1.454493	1.460870	1.476667	1.427536	1.392029	1.377246	1.313189	1.256667	1.227681	1.200000	1.151594	1.116232	1.131449	1.044638	1.016812	1.007536	0.954928	0.951159	0.952463	0.904348	0.888406	0.881015	0.887101	0.788406	0.857681	0.857971	0.834783	0.823188	0.800580	0.557681	0.812464	0.788406	0.628406	0.788406	0.782609	0.779855	0.795797	0.740145	0.772464	0.778986	0.568116	0.752899	0.788406	0.753623	0.777536	0.752899	0.765217	0.347826	0.531594	0.764203	0.553333	0.755362	0.618406	0.717971	0.751159	0.788406	0.759275	0.741884	0.730435	0.591884	0.788406	0.756667	0.796667	0.764058	0.579420	0.779420	0.781159	0.767971	0.773913	0.761014	0.742029	0.755942	0.770145	0.663623	0.792898	0.761884	0.795072	0.788116	0.788406	0.881159	0.618986	0.811594	0.814638	0.828986	0.796667	0.814203	0.815942	0.817536	0.881159	0.811594	0.800580	0.834783	0.807392	0.814058	0.840580	0.881159	0.829855	0.881159	0.829420	0.788406	0.799855	0.831594	0.788406	0.829855	0.852174	0.788406	0.857681	0.881159	0.839710	0.840725	0.834203	0.881159	0.834783	0.846377	0.861594	0.871014	0.788406	0.835362	0.866812	0.839710	0.788406	0.834783	0.834783	0.809275	0.881159	0.857971	0.843188	0.857971	0.845072	0.834783	0.788406	0.788406	0.852899	0.835942	0.823188	0.846667	0.850145	0.833768	0.869565	0.836377	0.812464	0.834783	0.857102	0.828841	0.835942	0.820725	0.845652	0.881159	0.788406	0.834783	0.857681	0.835362	0.840290	0.861014	0.852754	0.868985	0.869565	0.849275	0.788406	0.857681	0.863623	0.831594	0.880290	0.788406	0.857536	0.878261	0.851015	0.839710	0.852029	0.865797	0.881159	0.864638	0.875507	0.874638	0.788406	0.865797	0.852754	0.845362	0.883188	0.871159	0.866232	0.872754	0.857681	0.874203	0.848406	0.881159	0.864493	0.866377	0.892898	0.857971	0.875362	0.764058	0.707101	0.874638	0.904348	0.870145	0.915797	0.857971	0.896377	0.861594	0.904348	0.913333	0.924928	0.905942	0.903333	0.901449	0.904348	0.894638	0.898406	0.959275	0.916377	0.927246	0.904928	0.914058	0.957536	0.929275	0.905072	0.910145	0.926667	0.869710	0.883623	0.889710	0.894203	0.918841	0.928986	0.927681	0.967971	0.925072	0.972319	0.973913	0.973913	0.973913	1.018551	1.017391	1.007102	1.006377	1.043478	1.044928	1.060290	1.043478	1.061884	1.060870	1.066667	1.049275	1.043478	1.079420	1.159420	1.078841	0.973913	1.051739	1.086957	1.060870	0.973913	1.052754	1.038840	1.095652	1.057102	1.062319	1.067536	1.078841	1.078841	1.066377	1.074493	1.062899	1.089855	1.078261	1.094928	1.078841	1.081594	1.106087	1.104928	1.113043	1.088116	1.066667	1.133333	1.079275	1.107246	1.108551	1.112464	1.136232	1.131014	1.107246	1.113768	1.139420	1.113043	1.136232	1.153188	1.115797	1.147826	1.147826	1.131449	1.136377	1.147826	1.135797	1.138406	1.137536	1.147246	1.112319	1.153188	1.153333	1.164203	1.159420	1.123478	1.153333	1.171015	1.163623	1.166667	1.165362	1.132754	1.138841	1.140725	1.159275	1.182609	1.159420	1.138841	1.166666	1.140290	1.166812	1.149275	1.154928	1.168116	1.151449	1.164058	1.153333	1.147971	1.140290	1.153623	1.153768	1.159855	1.151160	1.159420	1.182029	1.118116	1.140725	1.125073	1.159855	1.152754	1.111884	1.129710	1.130435	1.137971	1.152464	1.159420	1.166377	1.153188	1.177246	1.172464	1.190725	1.191884	1.182609	1.174493	1.205942	1.165217	1.194203	1.182609	1.215797	1.240580	1.205942	1.202319	1.240580	1.198840	1.216232	1.209275	1.227681	1.196377	1.238116	1.225073	1.204928	1.240580	1.217391	1.229275	1.242319	1.212029	1.238551	1.248406	1.233188	1.260145	1.233768	1.237536	1.220725	1.252174	1.263333	1.249420	1.230580	1.257971	1.281449	1.272754	1.281594	1.268551	1.252174	1.252174	1.252029	1.272319	1.300580	1.263768	1.275362	1.240580	1.268841	1.266377	1.286377	1.262464	1.248406	1.262464	1.252174	1.252174	1.254638	1.244638	1.228985	1.249275	1.247971	1.254493	1.238986	1.234783	1.242899	1.264203	1.252174	1.253333	1.252174	1.236957	1.244058	1.257536	1.252754	1.238116	1.251594	1.239710	1.238116	1.266232	1.228985	1.241884	1.228985	1.229275	1.241884	1.182609	1.240290	1.234058	1.228985	1.238116	1.252174	1.229420	1.263768	1.281594	1.253333	1.246667	1.240580	1.252319	1.252754	1.281594	1.263623	1.261884	1.281884	1.252174	1.287536	1.240290	1.290579	1.287536	1.252174	1.265362	1.269710	1.264203	1.307536	1.281159	1.275073	1.274058	1.278986	1.279855	1.252174	1.286957	1.286957	1.286957	1.326087	1.301160	1.275507	1.288406	1.310290	1.288406	1.285797	1.305507	1.296812	1.306232	1.298551	1.285362	1.290580	1.268406	1.252029	1.281884	1.322899	1.252174	1.298840	1.286957	1.301014	1.273913	1.263768	1.263768	1.275362	1.280725	1.238116	1.277101	1.302029	1.277246	1.292029	1.281014	1.295797	1.288116	1.283768	1.328261	1.298406	1.304928	1.293333	1.310145	1.300000	1.291884	1.344928	1.305072	1.295797	1.292464	1.295797	1.338551	1.344493	1.333333	1.346667	1.298551	1.344928	1.344493	1.342319	1.344928	1.344493	1.342319	1.298551	1.345797	1.365942	1.379275	1.378841	1.375507	1.405942	1.355507	1.386232	1.406377	1.379275	1.414493	1.391304	1.392464	1.391304	1.370145	1.407681	1.405942	1.381449	1.387536	1.383623	1.379275	1.379855	1.382754	1.396667	1.415072	1.391304	1.426667	1.374927	1.382464	1.344928	1.437681	1.405507	1.437681	1.385942	1.437101	1.451160	1.414493	1.417246	1.390725	1.389855	1.381159	1.368406	1.387101	1.381594	1.368551	1.381594	1.389710	1.434203	1.437681	1.670725	1.391304	1.344638	1.344638	1.325362	1.344928	1.381014	1.391304	1.602754	1.344493	1.333333	1.381594	1.531014	1.299855	1.322319	1.310145	1.348986	1.437681	1.252174	1.342464	1.342899	1.238551	1.437681	1.330290	1.356377	1.304928	1.391884	1.327246	1.285797	1.284203	1.252319	1.252174	1.238116	1.262464	1.278841	1.252174	1.267971	1.530435	1.342899	1.252029	1.233188	1.252174	1.215797	1.202899	1.249275	1.200000	1.182609	1.159855	1.178841	1.182609	1.217391	1.217391	1.202754	1.150580	1.167971	1.176812	1.194638	1.154928	1.238551	1.235362	1.238116	1.270145	1.226087	1.188406	1.216957	1.252174	1.176666	1.188406	1.288116	1.263768	1.288986	1.322899	1.252174	1.309855	1.311884	1.333188	1.304928	1.342319	1.307101	1.321739	1.327101	1.344638	1.335507	1.337971	1.344493	1.291884	1.309710	1.321739	1.298551	1.291884	1.309275	1.300580	1.333768	1.295797	1.333188	1.345072	1.322899	1.302754	1.344493	1.324203	1.339130	1.342464	1.366377	1.357101	1.365362	1.344928	1.344493	1.252174	1.367971	1.361594	1.344638	1.373913	1.374493	1.344058	1.382609	1.357246	1.368551	1.379420	1.345072	1.364058	1.350580	1.335797	1.304928	1.300580	1.344928	1.305507	1.274638	1.297971	1.284928	1.314638	1.305507	1.298986	1.874493	1.286957	1.324493	1.328985	1.320580	1.297536	1.323333	1.246377	1.278841	1.275073	1.286957	1.294638	1.307681	1.298840	1.292754	1.333333	1.252174	1.298551	1.285797	1.327246	1.296377	1.275362	1.281014	1.266667	1.285797	1.273913	1.326087	1.316812	1.252174	1.159855	1.286377	1.289710	1.295652	1.302029	1.277246	1.274638	1.274638	1.288986	1.279710	1.286957	1.286957	1.267971	1.275507	1.311449	1.291159	1.309275	1.305942	1.334638	1.321739	1.298551	1.356522	1.310145	1.304348	1.314638	1.325942	1.339130	1.331594	1.314203	1.366377	1.371015	1.344928	1.298551	1.345072	1.341884	1.373913	1.379275	1.370145	1.374927	1.298551	1.378841	1.379275	1.374638	1.375507	1.346232	1.392464	1.397101	1.370725	1.405362	1.356522	1.366812	1.381449	1.357681	1.381594	1.345072	1.374058	1.382754	1.382319	1.370725	1.405797	1.371015	1.381884	1.381159	1.403768	1.379275	1.298551	1.379420	1.379420	1.390725	1.404928	1.309855	1.377681	1.381159	1.370725	1.381159	1.375073	1.388116	1.366087	1.901449	1.390725	1.378116	1.344638	1.344203	1.344638	1.344493	1.356522	1.331014	1.304928	1.335362	1.342464	1.345507	1.339710	1.340290	1.331594	1.328406	1.305507	1.283623	1.281159	1.286957	1.322899	1.291159	1.237971	1.285362	1.252174	1.327536	1.298551	1.361594	1.285362	1.299420	1.309855	1.274638	1.324927	1.342899	1.295072	1.326667	1.356522	1.303623	1.342319	1.332029	1.375073	1.379275	1.379275	1.377101	1.437681	1.344638	1.332464	1.382029	1.381159	1.381159	1.348551	1.355507	1.333623	1.373913	1.333188	1.345072	1.374493	1.327681	1.344638	1.364203	1.286957	1.324638	1.298551	1.315507
%%%	Left Pupil Profile (1st row -> 1 == valid tracking, 0 == invalid tracking; 2nd row -> time; 3rd row -> diameter (mm))
%%%	0	0	0	0	0	0	0	0	0	0	0	0	0	0	0	0	0	0	0	0	0	0	0	0	0	0	0	0	0	0	0	0	0	0	0	0	0	0	0	0	0	0	0	0	0	0	0	0	0	0	0	0	0	0	0	0	0	0	0	0	0	0	0	0	0	0	0	0	0	0	0	0	0	0	0	0	0	0	0	0	0	0	0	0	0	0	0	0	0	0	0	0	0	0	0	0	0	0	0	0	0	0	0	0	0	0	0	0	0	0	0	0	0	0	0	0	0	0	0	0	0	0	0	0	0	0	0	0	0	0	0	0	0	0	0	0	0	0	0	0	0	0	0	0	0	0	0	0	0	0	0	0	0	0	0	0	0	0	0	0	0	0	0	0	0	0	0	0	0	0	0	0	0	0	0	0	0	0	0	0	0	0	0	0	0	0	0	0	0	0	0	0	0	0	0	0	0	0	0	0	0	0	0	0	0	0	0	0	0	0	0	0	0	0	0	0	0	0	0	0	0	0	0	0	0	0	0	0	0	0	0	0	0	0	0	0	0	0	0	0	0	0	0	0	0	0	0	0	0	0	0	0	0	0	0	0	0	0	0	0	0	0	0	0	0	0	0	0	0	0	0	0	0	0	0	0	0	0	0	0	0	0	0	0	0	0	0	0	0	0	0	0	0	0	0	0	0	0	0	0	0	0	0	0	0	0	0	0	0	0	0	0	0	0	0	0	0	0	0	0	0	0	0	0	0	0	0	0	0	0	0	0	0	0	0	0	0	0	0	0	0	0	0	0	0	0	0	0	0	0	0	0	0	0	0	0	0	0	0	0	0	0	0	0	0	0	0	0	0	0	0	0	0	0	0	0	0	0	0	0	0	0	0	0	0	0	0	0	0	0	0	0	0	0	0	0	0	0	0	0	0	0	0	0	0	0	0	0	0	0	0	0	0	0	0	0	0	0	0	0	0	0	0	0	0	0	0	0	0	0	0	0	0	0	0	0	0	0	0	0	0	0	0	0	0	0	0	0	0	0	0	0	0	0	0	0	0	0	0	0	0	0	0	0	0	0	0	0	0	0	0	0	0	0	0	0	0	0	0	0	0	0	0	0	0	0	0	0	0	0	0	0	0	0	0	0	0	0	0	0	0	0	0	0	0	0	0	0	0	0	0	0	0	0	0	0	0	0	0	0	0	0	0	0	0	0	0	0	0	0	0	0	0	0	0	0	0	0	0	0	0	0	0	0	0	0	0	0	0	0	0	0	0	0	0	0	0	0	0	0	0	0	0	0	0	0	0	0	0	0	0	0	0	0	0	0	0	0	0	0	0	0	0	0	0	0	0	0	0	0	0	0	0	0	0	0	0	0	0	0	0	0	0	0	0	0	0	0	0	0	0	0	0	0	0	0	0	0	0	0	0	0	0	0	0	0	0	0	0	0	0	0	0	0	0	0	0	0	0	0	0	0	0	0	0	0	0	0	0	0	0	0	0	0	0	0	0	0	0	0	0	0	0	0	0	0	0	0	0	0	0	0	0	0	0	0	0	0	0	0	0	0	0	0	0	0	0	0	0	0	0	0	0	0	0	0	0	0	0	0	0	0	0	0	0	0	0	0	0	0	0	0	0	0	0	0	0	0	0	0	0	0	0	0	0	0	0	0	0	0	0	0	0	0	0	0	0	0	0	0	0	0	0	0	0	0	0	0	0	0	0	0	0	0	0	0	0	0	0	0	0	0	0	0	0	0	0	0	0	0	0	0	0	0	0	0	0	0	0	0	0	0	0	0	0	0	0	0	0	0	0	0	0	0	0	0	0	0	0	0	0	0	0	0	0	0	0	0	0	0	0	0	0	0	0	0	0	0	0	0	0	0	0	0	0	0	0	0	0	0	0	0	0	0	0	0	0	0	0	0	0	0	0	0	0	0	0	0	0	0	0	0	0	0	0	0	0	0	0	0	0	0	0	0	0	0	0	0	0	0	0	0	0	0	0	0	0	0	0	0	0	0	0	0	0	0	0	0	0	0	0	0	0	0	0	0	0	0	0	0	0	0	0
%%%	-0.065000	-0.034000	-0.003000	0.029000	0.075000	0.107000	0.138000	0.169000	0.200000	0.231000	0.263000	0.294000	0.341000	0.372000	0.403000	0.434000	0.465000	0.497000	0.528000	0.575000	0.606000	0.637000	0.668000	0.699000	0.731000	0.762000	0.809000	0.840000	0.871000	0.902000	0.933000	0.965000	0.996000	1.027000	1.074000	1.105000	1.136000	1.167000	1.199000	1.230000	1.261000	1.308000	1.339000	1.370000	1.401000	1.433000	1.464000	1.495000	1.542000	1.573000	1.604000	1.635000	1.667000	1.698000	1.729000	1.760000	1.807000	1.838000	1.869000	1.901000	1.932000	1.963000	1.994000	2.041000	2.072000	2.103000	2.135000	2.166000	2.197000	2.228000	2.275000	2.306000	2.337000	2.369000	2.400000	2.431000	2.462000	2.493000	2.540000	2.571000	2.603000	2.634000	2.665000	2.696000	2.727000	2.774000	2.805000	2.837000	2.868000	2.899000	2.930000	2.961000	3.008000	3.039000	3.071000	3.102000	3.133000	3.164000	3.195000	3.227000	3.273000	3.305000	3.336000	3.367000	3.398000	3.429000	3.461000	3.507000	3.539000	3.570000	3.601000	3.632000	3.663000	3.695000	3.726000	3.773000	3.804000	3.835000	3.866000	3.897000	3.929000	3.960000	4.007000	4.038000	4.069000	4.100000	4.131000	4.163000	4.194000	4.225000	4.272000	4.303000	4.334000	4.365000	4.397000	4.428000	4.459000	4.506000	4.537000	4.568000	4.599000	4.631000	4.662000	4.693000	4.740000	4.771000	4.802000	4.833000	4.865000	4.896000	4.927000	4.958000	5.005000	5.036000	5.067000	5.099000	5.130000	5.161000	5.192000	5.239000	5.270000	5.301000	5.333000	5.364000	5.395000	5.426000	5.473000	5.504000	5.535000	5.567000	5.598000	5.629000	5.660000	5.691000	5.738000	5.769000	5.801000	5.832000	5.863000	5.894000	5.925000	5.972000	6.003000	6.035000	6.066000	6.097000	6.128000	6.159000	6.206000	6.237000	6.269000	6.300000	6.331000	6.362000	6.393000	6.425000	6.471000	6.503000	6.534000	6.565000	6.596000	6.627000	6.659000	6.705000	6.737000	6.768000	6.799000	6.830000	6.861000	6.893000	6.939000	6.971000	7.002000	7.033000	7.064000	7.095000	7.127000	7.158000	7.205000	7.236000	7.267000	7.298000	7.329000	7.361000	7.392000	7.439000	7.470000	7.501000	7.532000	7.563000	7.595000	7.626000	7.673000	7.704000	7.735000	7.766000	7.797000	7.829000	7.860000	7.891000	7.938000	7.969000	8.000000	8.031000	8.063000	8.094000	8.125000	8.156000	8.203000	8.234000	8.265000	8.297000	8.328000	8.359000	8.390000	8.437000	8.468000	8.499000	8.531000	8.562000	8.593000	8.624000	8.671000	8.702000	8.733000	8.765000	8.796000	8.827000	8.858000	8.889000	8.936000	8.967000	8.999000	9.030000	9.061000	9.092000	9.123000	9.170000	9.201000	9.233000	9.264000	9.295000	9.326000	9.357000	9.404000	9.435000	9.467000	9.498000	9.529000	9.560000	9.591000	9.623000	9.669000	9.701000	9.732000	9.763000	9.794000	9.825000	9.857000	9.903000	9.935000	9.966000	9.997000	10.028000	10.059000	10.091000	10.137000	10.169000	10.200000	10.231000	10.262000	10.293000	10.325000	10.356000	10.403000	10.434000	10.465000	10.496000	10.527000	10.559000	10.590000	10.637000	10.668000	10.699000	10.730000	10.761000	10.793000	10.824000	10.871000	10.902000	10.933000	10.964000	10.995000	11.027000	11.058000	11.089000	11.136000	11.167000	11.198000	11.229000	11.261000	11.292000	11.323000	11.370000	11.401000	11.432000	11.463000	11.495000	11.526000	11.557000	11.604000	11.635000	11.666000	11.697000	11.729000	11.760000	11.791000	11.822000	11.869000	11.900000	11.931000	11.963000	11.994000	12.025000	12.056000	12.087000	12.134000	12.165000	12.197000	12.228000	12.259000	12.290000	12.321000	12.368000	12.399000	12.431000	12.462000	12.493000	12.524000	12.555000	12.602000	12.633000	12.665000	12.696000	12.727000	12.758000	12.789000	12.821000	12.867000	12.899000	12.930000	12.961000	12.992000	13.023000	13.055000	13.101000	13.133000	13.164000	13.195000	13.226000	13.257000	13.289000	13.335000	13.367000	13.398000	13.429000	13.460000	13.491000	13.523000	13.554000	13.601000	13.632000	13.663000	13.694000	13.725000	13.757000	13.788000	13.835000	13.866000	13.897000	13.928000	13.959000	13.991000	14.022000	14.069000	14.100000	14.131000	14.162000	14.193000	14.225000	14.256000	14.287000	14.334000	14.365000	14.396000	14.427000	14.459000	14.490000	14.521000	14.568000	14.599000	14.630000	14.661000	14.693000	14.724000	14.755000	14.802000	14.833000	14.864000	14.896000	14.927000	14.958000	14.989000	15.020000	15.067000	15.098000	15.130000	15.161000	15.192000	15.223000	15.254000	15.301000	15.332000	15.364000	15.395000	15.426000	15.457000	15.488000	15.535000	15.566000	15.598000	15.629000	15.660000	15.691000	15.722000	15.754000	15.800000	15.832000	15.863000	15.894000	15.925000	15.956000	15.988000	16.019000	16.066000	16.097000	16.128000	16.159000	16.190000	16.222000	16.253000	16.300000	16.331000	16.362000	16.393000	16.424000	16.456000	16.487000	16.534000	16.565000	16.596000	16.627000	16.658000	16.690000	16.721000	16.752000	16.799000	16.830000	16.861000	16.892000	16.924000	16.955000	16.986000	17.033000	17.064000	17.095000	17.126000	17.158000	17.189000	17.220000	17.267000	17.298000	17.329000	17.360000	17.392000	17.423000	17.454000	17.485000	17.532000	17.563000	17.594000	17.626000	17.657000	17.688000	17.719000	17.766000	17.797000	17.828000	17.860000	17.891000	17.922000	17.953000	18.000000	18.031000	18.062000	18.094000	18.125000	18.156000	18.187000	18.218000	18.265000	18.296000	18.328000	18.359000	18.390000	18.421000	18.452000	18.499000	18.530000	18.562000	18.593000	18.624000	18.655000	18.686000	18.733000	18.764000	18.796000	18.827000	18.858000	18.889000	18.920000	18.952000	18.998000	19.030000	19.061000	19.092000	19.123000	19.154000	19.186000	19.232000	19.264000	19.295000	19.326000	19.357000	19.388000	19.420000	19.466000	19.498000	19.529000	19.560000	19.591000	19.622000	19.654000	19.685000	19.732000	19.763000	19.794000	19.825000	19.856000	19.888000	19.919000	19.966000	19.997000	20.028000	20.059000	20.090000	20.122000	20.153000	20.184000	20.231000	20.262000	20.293000	20.324000	20.356000	20.387000	20.418000	20.465000	20.496000	20.527000	20.558000	20.590000	20.621000	20.652000	20.699000	20.730000	20.761000	20.792000	20.824000	20.855000	20.886000	20.917000	20.964000	20.995000	21.026000	21.058000	21.089000	21.120000	21.151000	21.198000	21.229000	21.260000	21.292000	21.323000	21.354000	21.385000	21.416000	21.463000	21.494000	21.526000	21.557000	21.588000	21.619000	21.650000	21.697000	21.728000	21.760000	21.791000	21.822000	21.853000	21.884000	21.931000	21.962000	21.994000	22.025000	22.056000	22.087000	22.118000	22.150000	22.196000	22.228000	22.259000	22.290000	22.321000	22.352000	22.384000	22.430000	22.462000	22.493000	22.524000	22.555000	22.586000	22.618000	22.664000	22.696000	22.727000	22.758000	22.789000	22.820000	22.852000	22.883000	22.930000	22.961000	22.992000	23.023000	23.054000	23.086000	23.117000	23.164000	23.195000	23.226000	23.257000	23.288000	23.320000	23.351000	23.398000	23.429000	23.460000	23.491000	23.522000	23.554000	23.585000	23.616000	23.663000	23.694000	23.725000	23.756000	23.788000	23.819000	23.850000	23.897000	23.928000	23.959000	23.990000	24.022000	24.053000	24.084000	24.115000	24.162000	24.193000	24.224000	24.256000	24.287000	24.318000	24.349000	24.396000	24.427000	24.458000	24.490000	24.521000	24.552000	24.583000	24.630000	24.661000	24.692000	24.724000	24.755000	24.786000	24.817000	24.848000	24.895000	24.926000	24.958000	24.989000	25.020000	25.051000	25.082000	25.129000	25.160000	25.192000	25.223000	25.254000	25.285000	25.316000	25.363000	25.394000	25.426000	25.457000	25.488000	25.519000	25.550000	25.582000	25.628000	25.660000	25.691000	25.722000	25.753000	25.784000	25.816000	25.862000	25.894000	25.925000	25.956000	25.987000	26.018000	26.050000	26.096000	26.128000	26.159000	26.190000	26.221000	26.252000	26.284000	26.315000	26.362000	26.393000	26.424000	26.455000	26.486000	26.518000	26.549000	26.596000	26.627000	26.658000	26.689000	26.720000	26.752000	26.783000	26.814000	26.861000	26.892000	26.923000	26.954000	26.986000	27.017000	27.048000	27.095000	27.126000	27.157000	27.188000	27.220000	27.251000	27.282000	27.329000	27.360000	27.391000	27.422000	27.454000	27.485000	27.516000	27.547000	27.594000	27.625000	27.656000	27.688000	27.719000	27.750000	27.781000	27.828000	27.859000	27.890000	27.922000	27.953000	27.984000	28.015000	28.046000	28.093000	28.124000	28.156000	28.187000	28.218000	28.249000	28.280000	28.327000	28.358000	28.390000	28.421000	28.452000	28.483000	28.514000	28.561000	28.592000	28.624000	28.655000	28.686000	28.717000	28.748000	28.780000	28.826000	28.858000	28.889000	28.920000	28.951000	28.982000	29.014000	29.060000	29.092000	29.123000	29.154000	29.185000	29.216000	29.248000	29.294000	29.326000	29.357000	29.388000	29.419000	29.450000	29.482000	29.513000	29.560000	29.591000	29.622000	29.653000	29.684000	29.716000	29.747000	29.794000	29.825000	29.856000	29.887000	29.918000	29.950000	29.981000
%%%	13.913043	13.913043	13.913043	13.913043	13.913043	13.913043	13.913043	13.913043	13.913043	13.913043	13.913043	13.913043	13.913043	13.913043	13.913043	13.913043	13.913043	13.913043	13.913043	13.913043	13.913043	13.913043	13.913043	13.913043	13.913043	13.913043	13.913043	13.913043	13.913043	13.913043	13.913043	13.913043	13.913043	13.913043	13.913043	13.913043	13.913043	13.913043	13.913043	13.913043	13.913043	13.913043	13.913043	13.913043	13.913043	13.913043	13.913043	13.913043	13.913043	13.913043	13.913043	13.913043	13.913043	13.913043	13.913043	13.913043	13.913043	13.913043	13.913043	13.913043	13.913043	13.913043	13.913043	13.913043	13.913043	13.913043	13.913043	13.913043	13.913043	13.913043	13.913043	13.913043	13.913043	13.913043	13.913043	13.913043	13.913043	13.913043	13.913043	13.913043	13.913043	13.913043	13.913043	13.913043	13.913043	13.913043	13.913043	13.913043	13.913043	13.913043	13.913043	13.913043	13.913043	13.913043	13.913043	13.913043	13.913043	13.913043	13.913043	13.913043	13.913043	13.913043	13.913043	13.913043	13.913043	13.913043	13.913043	13.913043	13.913043	13.913043	13.913043	13.913043	13.913043	13.913043	13.913043	13.913043	13.913043	13.913043	13.913043	13.913043	13.913043	13.913043	13.913043	13.913043	13.913043	13.913043	13.913043	13.913043	13.913043	13.913043	13.913043	13.913043	13.913043	13.913043	13.913043	13.913043	13.913043	13.913043	13.913043	13.913043	13.913043	13.913043	13.913043	13.913043	13.913043	13.913043	13.913043	13.913043	13.913043	13.913043	13.913043	13.913043	13.913043	13.913043	13.913043	13.913043	13.913043	13.913043	13.913043	13.913043	13.913043	13.913043	13.913043	13.913043	13.913043	13.913043	13.913043	13.913043	13.913043	13.913043	13.913043	13.913043	13.913043	13.913043	13.913043	13.913043	13.913043	13.913043	13.913043	13.913043	13.913043	13.913043	13.913043	13.913043	13.913043	13.913043	13.913043	13.913043	13.913043	13.913043	13.913043	13.913043	13.913043	13.913043	13.913043	13.913043	13.913043	13.913043	13.913043	13.913043	13.913043	13.913043	13.913043	13.913043	13.913043	13.913043	13.913043	13.913043	13.913043	13.913043	13.913043	13.913043	13.913043	13.913043	13.913043	13.913043	13.913043	13.913043	13.913043	13.913043	13.913043	13.913043	13.913043	13.913043	13.913043	13.913043	13.913043	13.913043	13.913043	13.913043	13.913043	13.913043	13.913043	13.913043	13.913043	13.913043	13.913043	13.913043	13.913043	13.913043	13.913043	13.913043	13.913043	13.913043	13.913043	13.913043	13.913043	13.913043	13.913043	13.913043	13.913043	13.913043	13.913043	13.913043	13.913043	13.913043	13.913043	13.913043	13.913043	13.913043	13.913043	13.913043	13.913043	13.913043	13.913043	13.913043	13.913043	13.913043	13.913043	13.913043	13.913043	13.913043	13.913043	13.913043	13.913043	13.913043	13.913043	13.913043	13.913043	13.913043	13.913043	13.913043	13.913043	13.913043	13.913043	13.913043	13.913043	13.913043	13.913043	13.913043	13.913043	13.913043	13.913043	13.913043	13.913043	13.913043	13.913043	13.913043	13.913043	13.913043	13.913043	13.913043	13.913043	13.913043	13.913043	13.913043	13.913043	13.913043	13.913043	13.913043	13.913043	13.913043	13.913043	13.913043	13.913043	13.913043	13.913043	13.913043	13.913043	13.913043	13.913043	13.913043	13.913043	13.913043	13.913043	13.913043	13.913043	13.913043	13.913043	13.913043	13.913043	13.913043	13.913043	13.913043	13.913043	13.913043	13.913043	13.913043	13.913043	13.913043	13.913043	13.913043	13.913043	13.913043	13.913043	13.913043	13.913043	13.913043	13.913043	13.913043	13.913043	13.913043	13.913043	13.913043	13.913043	13.913043	13.913043	13.913043	13.913043	13.913043	13.913043	13.913043	13.913043	13.913043	13.913043	13.913043	13.913043	13.913043	13.913043	13.913043	13.913043	13.913043	13.913043	13.913043	13.913043	13.913043	13.913043	13.913043	13.913043	13.913043	13.913043	13.913043	13.913043	13.913043	13.913043	13.913043	13.913043	13.913043	13.913043	13.913043	13.913043	13.913043	13.913043	13.913043	13.913043	13.913043	13.913043	13.913043	13.913043	13.913043	13.913043	13.913043	13.913043	13.913043	13.913043	13.913043	13.913043	13.913043	13.913043	13.913043	13.913043	13.913043	13.913043	13.913043	13.913043	13.913043	13.913043	13.913043	13.913043	13.913043	13.913043	13.913043	13.913043	13.913043	13.913043	13.913043	13.913043	13.913043	13.913043	13.913043	13.913043	13.913043	13.913043	13.913043	13.913043	13.913043	13.913043	13.913043	13.913043	13.913043	13.913043	13.913043	13.913043	13.913043	13.913043	13.913043	13.913043	13.913043	13.913043	13.913043	13.913043	13.913043	13.913043	13.913043	13.913043	13.913043	13.913043	13.913043	13.913043	13.913043	13.913043	13.913043	13.913043	13.913043	13.913043	13.913043	13.913043	13.913043	13.913043	13.913043	13.913043	13.913043	13.913043	13.913043	13.913043	13.913043	13.913043	13.913043	13.913043	13.913043	13.913043	13.913043	13.913043	13.913043	13.913043	13.913043	13.913043	13.913043	13.913043	13.913043	13.913043	13.913043	13.913043	13.913043	13.913043	13.913043	13.913043	13.913043	13.913043	13.913043	13.913043	13.913043	13.913043	13.913043	13.913043	13.913043	13.913043	13.913043	13.913043	13.913043	13.913043	13.913043	13.913043	13.913043	13.913043	13.913043	13.913043	13.913043	13.913043	13.913043	13.913043	13.913043	13.913043	13.913043	13.913043	13.913043	13.913043	13.913043	13.913043	13.913043	13.913043	13.913043	13.913043	13.913043	13.913043	13.913043	13.913043	13.913043	13.913043	13.913043	13.913043	13.913043	13.913043	13.913043	13.913043	13.913043	13.913043	13.913043	13.913043	13.913043	13.913043	13.913043	13.913043	13.913043	13.913043	13.913043	13.913043	13.913043	13.913043	13.913043	13.913043	13.913043	13.913043	13.913043	13.913043	13.913043	13.913043	13.913043	13.913043	13.913043	13.913043	13.913043	13.913043	13.913043	13.913043	13.913043	13.913043	13.913043	13.913043	13.913043	13.913043	13.913043	13.913043	13.913043	13.913043	13.913043	13.913043	13.913043	13.913043	13.913043	13.913043	13.913043	13.913043	13.913043	13.913043	13.913043	13.913043	13.913043	13.913043	13.913043	13.913043	13.913043	13.913043	13.913043	13.913043	13.913043	13.913043	13.913043	13.913043	13.913043	13.913043	13.913043	13.913043	13.913043	13.913043	13.913043	13.913043	13.913043	13.913043	13.913043	13.913043	13.913043	13.913043	13.913043	13.913043	13.913043	13.913043	13.913043	13.913043	13.913043	13.913043	13.913043	13.913043	13.913043	13.913043	13.913043	13.913043	13.913043	13.913043	13.913043	13.913043	13.913043	13.913043	13.913043	13.913043	13.913043	13.913043	13.913043	13.913043	13.913043	13.913043	13.913043	13.913043	13.913043	13.913043	13.913043	13.913043	13.913043	13.913043	13.913043	13.913043	13.913043	13.913043	13.913043	13.913043	13.913043	13.913043	13.913043	13.913043	13.913043	13.913043	13.913043	13.913043	13.913043	13.913043	13.913043	13.913043	13.913043	13.913043	13.913043	13.913043	13.913043	13.913043	13.913043	13.913043	13.913043	13.913043	13.913043	13.913043	13.913043	13.913043	13.913043	13.913043	13.913043	13.913043	13.913043	13.913043	13.913043	13.913043	13.913043	13.913043	13.913043	13.913043	13.913043	13.913043	13.913043	13.913043	13.913043	13.913043	13.913043	13.913043	13.913043	13.913043	13.913043	13.913043	13.913043	13.913043	13.913043	13.913043	13.913043	13.913043	13.913043	13.913043	13.913043	13.913043	13.913043	13.913043	13.913043	13.913043	13.913043	13.913043	13.913043	13.913043	13.913043	13.913043	13.913043	13.913043	13.913043	13.913043	13.913043	13.913043	13.913043	13.913043	13.913043	13.913043	13.913043	13.913043	13.913043	13.913043	13.913043	13.913043	13.913043	13.913043	13.913043	13.913043	13.913043	13.913043	13.913043	13.913043	13.913043	13.913043	13.913043	13.913043	13.913043	13.913043	13.913043	13.913043	13.913043	13.913043	13.913043	13.913043	13.913043	13.913043	13.913043	13.913043	13.913043	13.913043	13.913043	13.913043	13.913043	13.913043	13.913043	13.913043	13.913043	13.913043	13.913043	13.913043	13.913043	13.913043	13.913043	13.913043	13.913043	13.913043	13.913043	13.913043	13.913043	13.913043	13.913043	13.913043	13.913043	13.913043	13.913043	13.913043	13.913043	13.913043	13.913043	13.913043	13.913043	13.913043	13.913043	13.913043	13.913043	13.913043	13.913043	13.913043	13.913043	13.913043	13.913043	13.913043	13.913043	13.913043	13.913043	13.913043	13.913043	13.913043	13.913043	13.913043	13.913043	13.913043	13.913043	13.913043	13.913043	13.913043	13.913043	13.913043	13.913043	13.913043	13.913043	13.913043	13.913043	13.913043	13.913043	13.913043	13.913043	13.913043	13.913043	13.913043	13.913043	13.913043	13.913043	13.913043	13.913043	13.913043	13.913043	13.913043	13.913043	13.913043	13.913043	13.913043	13.913043	13.913043	13.913043	13.913043	13.913043	13.913043	13.913043	13.913043	13.913043	13.913043	13.913043	13.913043	13.913043	13.913043	13.913043	13.913043	13.913043	13.913043	13.913043	13.913043	13.913043	13.913043	13.913043	13.913043	13.913043	13.913043	13.913043	13.913043	13.913043	13.913043	13.913043	13.913043	13.913043	13.913043	13.913043	13.913043	13.913043	13.913043	13.913043	13.913043	13.913043	13.913043	13.913043	13.913043
%%%	Pulse Index	Stimulus Section Index	Stimulus Section Start Index	Stimulus Section End Index	Pupil Stimulated: 0 = Right, 1 = Left, 2 = Both	Light Metric: 0 = Photopic, 1 = Scopotic, 2 = Radiometric	Stimulus Start Time	Stimulus Duration	Stimulus Pulse Duration	Right Pulse Max Level	Right Pulse Max Color (0123 = WRGB)	Right Pulse Min Level	Right Pulse Min Color (0123 = WRGB)	Left Pulse Max Level	Left Pulse Max Color (0123 = WRGB)	Left Pulse Min Level	Left Pulse Min Color (0123 = WRGB)	Right Data Input Type (0 == RAW DATA, 1 == FITTED DATA, 2 == M. OVERRIDED)	Right ANALYSIS STATE (0 == ABNORMAL, 1 == NORMAL)	Right MAX (mm) (EMPTY if INVALID)	Right MIN (mm) (EMPTY if INVALID)	Right DELTA (mm) (EMPTY if INVALID)	Right CH (%) (EMPTY if INVALID)	Right LAT (sec) (EMPTY if INVALID)	Right CV (mm/s) (EMPTY if INVALID)	Right MCV (mm/s) (EMPTY if INVALID)	Right DV (mm/s) (EMPTY if INVALID)	Left Data Input Type (0 == RAW DATA, 1 == FITTED DATA, 2 == M. OVERRIDED)	Left ANALYSIS STATE (0 == ABNORMAL, 1 == NORMAL)	Left MAX (mm) (EMPTY if INVALID)	Left MIN (mm) (EMPTY if INVALID)	Left DELTA (mm) (EMPTY if INVALID)	Left CH (%) (EMPTY if INVALID)	Left LAT (sec) (EMPTY if INVALID)	Left CV (mm/s) (EMPTY if INVALID)	Left MCV (mm/s) (EMPTY if INVALID)	Left DV (mm/s) (EMPTY if INVALID)
%%%	0	0	17	902	0	0	0.51	29.52	0.51	15.81	3	0.00	3	0.00	3	0.00	3	0	0	0.00	0.00			0.00	0.00	0.00	0.00	0	0	0.00	0.00			0.00	0.00	0.00	0.00
%%%%%%%%%
%%%%%%%%%
%%%%%%%%%
<\SESSION>
