<SESSION>
<VERSION>
2
<\VERSION>
<DATE>
2017-09-05 10:26:28
<\DATE>
<SUBJECT-ID>
c57-1mois-F3-0.6b
<\SUBJECT-ID>
<NOTE>

<\NOTE>
<MIN-MAX-PLOT>
0.100000 51880.761719
<\MIN-MAX-PLOT>
<STIMULUS-DEFINED>
Default
Default Human Relative Spectral Sensitivity
1	0
1	0.500000	0.500000	29.000000	3	3	0.600000	-100.000000	0.100000	-100.000000	0
<\STIMULUS-DEFINED>
<STIMULUS-GENERATED>
4
0	0	0.000000	3	0.000000	0.000000	3	0.000000	0.000000
0	1	0.509000	3	0.075823	4.006067	3	0.000000	0.000000
0	4	1.018000	3	0.000000	0.000000	3	0.000000	0.000000
-1	5	30.027000	0	0.000000	0.000000	0	0.000000	0.000000
<\STIMULUS-GENERATED>
<RIGHT-PUPIL-DATA>
903	1
1	-0.067000	1.284058	325.750000	328.000000
1	-0.020000	1.261884	326.818756	328.256256
1	0.011000	1.267971	326.143738	327.906250
1	0.043000	1.273913	325.281250	328.156250
1	0.074000	1.285797	326.112518	328.975006
1	0.105000	1.333333	329.500000	330.500000
1	0.136000	1.257246	327.418762	328.418762
0	0.167000	0.921159	331.799988	332.250000
1	0.199000	1.257246	326.418762	327.581238
1	0.245000	1.174058	328.118744	326.693756
1	0.277000	1.238116	326.431244	328.568756
1	0.308000	1.277971	327.012512	328.000000
1	0.339000	1.251594	325.687500	328.625000
1	0.370000	1.211594	325.500000	329.000000
1	0.401000	1.257681	325.662506	328.662506
0	0.433000	1.078261	331.500000	326.500000
1	0.479000	1.252174	326.375000	328.375000
0	0.511000	1.136377	328.531250	325.593750
1	0.542000	1.267971	326.218750	327.768738
1	0.573000	1.211449	327.906250	328.093750
0	0.604000	1.333333	329.500000	326.500000
1	0.635000	1.286957	326.500000	327.500000
1	0.667000	1.262029	326.037506	328.225006
1	0.713000	1.214493	326.250000	328.000000
1	0.745000	1.252174	326.750000	327.750000
0	0.776000	0.875507	332.718750	330.843750
0	0.807000	0.971159	330.906250	330.031250
1	0.838000	1.083623	327.943756	327.606354
1	0.869000	1.105942	327.656250	327.343750
0	0.901000	0.835217	330.881256	329.993744
1	0.932000	1.061884	326.943756	327.743744
0	0.979000	0.811449	330.156250	330.156250
0	1.010000	0.829855	330.487549	329.487549
0	1.041000	0.805797	329.500000	329.500000
1	1.072000	0.774638	329.856262	329.143738
0	1.103000	0.733623	330.037506	329.537506
1	1.135000	0.724203	330.668732	328.943756
1	1.166000	0.717971	330.062500	329.000000
1	1.213000	0.702754	330.218750	328.893738
1	1.244000	0.690145	330.587494	329.412506
1	1.275000	0.707246	330.000000	329.000000
1	1.306000	0.684058	330.500000	327.500000
1	1.337000	0.661739	329.162506	329.637482
1	1.369000	0.673333	329.312500	329.187500
1	1.400000	0.708116	329.812500	328.187500
0	1.447000	0.684058	329.500000	326.500000
1	1.478000	0.670580	329.681244	328.681244
0	1.509000	0.670725	331.287506	328.649994
1	1.540000	0.728551	330.468750	329.593750
1	1.571000	0.660870	330.000000	330.000000
1	1.603000	0.683623	330.493744	329.506256
1	1.634000	0.704348	330.000000	331.000000
1	1.665000	0.690290	330.993744	329.943756
1	1.712000	0.672319	330.343750	329.843750
0	1.743000	0.707246	330.000000	331.000000
1	1.774000	0.690725	330.437500	330.812500
0	1.805000	0.637681	330.500000	329.500000
1	1.837000	0.652464	333.312500	330.062500
0	1.868000	0.690725	331.562500	329.437500
0	1.899000	0.682029	331.562500	329.799988
1	1.946000	0.718841	329.750000	330.250000
1	1.977000	0.691884	331.000000	329.937500
1	2.008000	0.682464	330.918762	330.181335
1	2.039000	0.718841	330.750000	329.750000
1	2.071000	0.695652	331.250000	329.750000
1	2.102000	0.654928	332.906250	329.843750
0	2.133000	0.689420	332.006256	329.456268
0	2.180000	0.717971	332.000000	328.675049
1	2.211000	0.672899	332.631256	330.181244
1	2.242000	0.710290	331.868805	329.906281
0	2.273000	0.684058	333.500000	330.500000
1	2.305000	0.778841	331.187500	329.187500
1	2.336000	0.742464	331.681244	329.681244
0	2.367000	0.733188	333.781250	328.468750
1	2.398000	0.689710	332.406250	328.593750
1	2.445000	0.773188	331.893738	329.131287
1	2.476000	0.740145	332.218781	329.681244
0	2.507000	0.765217	331.875000	329.875000
1	2.539000	0.760290	332.437500	329.437500
0	2.570000	0.684058	333.500000	330.500000
1	2.601000	0.735797	332.193695	329.756256
0	2.632000	0.689710	331.406250	329.406250
1	2.679000	0.720145	331.031250	329.643738
1	2.710000	0.760145	332.375000	329.000000
1	2.741000	0.792898	332.006287	328.856201
1	2.773000	0.714203	331.225006	329.225006
1	2.804000	0.726667	331.937500	329.549988
1	2.835000	0.746667	331.524994	329.600006
1	2.866000	0.749420	331.406250	329.468750
0	2.913000	0.690725	331.437500	329.437500
1	2.944000	0.774638	332.143738	328.143738
1	2.975000	0.760290	331.537506	328.100067
1	3.007000	0.747971	331.618744	329.618744
0	3.038000	0.784492	330.781189	330.018616
1	3.069000	0.800725	330.231262	328.106262
0	3.100000	0.684058	333.500000	330.500000
1	3.131000	0.762029	330.524994	330.074982
1	3.178000	0.813623	330.687500	329.687500
1	3.209000	0.753188	330.818756	329.931244
1	3.241000	0.732029	331.468750	329.406189
0	3.272000	0.823188	332.500000	327.500000
1	3.303000	0.742029	331.362488	328.750000
0	3.334000	0.684058	329.500000	330.500000
0	3.365000	0.708696	332.375000	329.375000
0	3.412000	0.660870	333.250000	329.750000
0	3.443000	0.729855	332.500000	329.750000
1	3.475000	0.793623	331.587524	330.100037
0	3.506000	0.672899	332.681244	331.818756
1	3.537000	0.743623	331.681244	330.681244
0	3.568000	0.751449	331.656250	329.831238
0	3.599000	0.707246	331.000000	331.000000
1	3.646000	0.738986	332.618744	329.743744
1	3.677000	0.794638	331.931244	328.943756
1	3.709000	0.793623	331.975220	328.937500
1	3.740000	0.724928	332.087494	330.912506
1	3.771000	0.753623	332.000000	331.000000
0	3.802000	0.744928	330.812500	331.312500
1	3.833000	0.736232	331.000000	331.500000
1	3.865000	0.677681	333.250000	330.625000
1	3.911000	0.773188	332.106262	330.231262
0	3.943000	0.684058	333.500000	330.500000
0	3.974000	0.696667	331.006256	331.893768
0	4.005000	0.747826	331.500000	331.500000
1	4.036000	0.747246	330.500000	331.625000
1	4.067000	0.770725	332.037506	331.337494
0	4.099000	0.690145	331.587494	331.412506
1	4.130000	0.814638	331.718750	330.331238
0	4.177000	0.760290	331.562500	330.562500
0	4.208000	0.741884	332.706238	330.706238
0	4.239000	0.761884	332.043732	331.493744
0	4.270000	0.756667	331.306244	331.493744
0	4.301000	0.744928	331.750000	331.750000
1	4.333000	0.796812	332.512482	329.962494
1	4.364000	0.800000	331.250000	331.250000
1	4.411000	0.743623	332.318756	331.681244
0	4.442000	0.776812	333.500000	330.500000
0	4.473000	0.753623	331.250000	331.750000
0	4.504000	0.759420	332.112488	331.924988
1	4.535000	0.735362	331.500000	333.437500
1	4.567000	0.753623	331.500000	332.500000
0	4.598000	0.753623	332.000000	333.000000
1	4.645000	0.764203	331.043732	332.493744
0	4.676000	0.761014	332.431244	331.431244
1	4.707000	0.761014	332.506256	331.431244
0	4.738000	0.866812	330.968750	330.781250
0	4.769000	0.782319	331.737549	332.237427
0	4.801000	0.778841	331.237488	333.187500
0	4.832000	0.757246	331.481262	332.593750
0	4.863000	0.743478	332.000000	333.625000
1	4.910000	0.789710	331.968750	333.031250
0	4.941000	0.777536	331.168762	333.168762
0	4.972000	0.742464	330.731232	333.631256
0	5.003000	0.695797	332.993744	333.318756
0	5.035000	0.765217	331.500000	334.500000
0	5.066000	0.779710	331.075012	333.799988
0	5.097000	0.865797	331.812500	332.549988
1	5.144000	0.872754	331.112549	333.112427
0	5.175000	0.707246	331.500000	332.500000
1	5.206000	0.794203	330.500000	333.500000
1	5.237000	0.894638	330.131256	330.381256
0	5.269000	0.729420	332.068756	332.868744
0	5.300000	0.753623	332.000000	333.000000
0	5.331000	0.730435	331.750000	332.250000
1	5.378000	0.794203	331.500000	331.500000
0	5.409000	0.800000	331.500000	330.500000
1	5.440000	0.938696	329.518738	329.068787
1	5.471000	0.778841	331.812500	331.237488
1	5.503000	0.749420	332.406250	330.593750
0	5.534000	0.831594	331.987518	331.437469
1	5.565000	0.904348	331.500000	328.500000
0	5.596000	0.760290	332.437500	331.562500
1	5.643000	0.950580	330.218750	329.156250
0	5.674000	0.920145	330.218750	329.218750
1	5.705000	0.735797	331.606232	333.306244
1	5.737000	0.957102	330.312500	329.750000
1	5.768000	0.760290	332.437500	330.562500
0	5.799000	0.835797	331.493744	330.381256
0	5.830000	0.755942	331.500000	331.500000
0	5.877000	0.775072	332.850006	332.100006
1	5.908000	0.898551	329.500000	329.500000
0	5.939000	0.788986	332.337494	331.074982
1	5.971000	0.824928	330.537506	331.600006
0	6.002000	0.848841	330.806244	329.393768
1	6.033000	0.962319	329.000000	330.000000
1	6.064000	0.966812	329.168762	329.093750
1	6.111000	0.857681	332.162506	331.037506
0	6.142000	0.800000	331.500000	330.500000
0	6.173000	0.831594	331.537567	330.462555
0	6.205000	0.800000	331.500000	330.500000
0	6.236000	0.844058	332.125000	329.250000
1	6.267000	0.800580	332.000000	329.875000
0	6.298000	0.840725	332.343750	330.343750
0	6.329000	0.850580	331.843750	329.343750
1	6.376000	0.968406	329.162506	328.912506
0	6.407000	0.933188	329.281250	327.456238
1	6.439000	0.816377	332.293732	330.681244
1	6.470000	0.836377	331.593750	329.593750
0	6.501000	0.834783	331.500000	329.500000
1	6.532000	0.851304	332.100006	328.162506
0	6.563000	0.816667	331.768738	330.656250
1	6.610000	0.800580	332.000000	330.000000
0	6.641000	0.841015	331.143707	329.393646
0	6.673000	0.850725	331.137512	329.187500
0	6.704000	0.788406	332.500000	329.500000
0	6.735000	0.811449	331.331238	329.156250
0	6.766000	0.811449	331.656250	330.843750
0	6.797000	0.762464	332.481262	329.843750
0	6.844000	0.813623	331.687500	330.687500
1	6.875000	0.799420	331.500000	330.500000
1	6.907000	0.831449	332.493744	329.993744
1	6.938000	0.848406	332.187500	330.362488
1	6.969000	0.782029	331.299988	330.299988
0	7.000000	0.800000	331.500000	330.500000
0	7.031000	0.855507	331.693756	331.693756
0	7.063000	0.799710	331.887451	330.887451
1	7.109000	0.811014	331.899994	330.899994
1	7.141000	0.848406	331.562500	328.687500
1	7.172000	0.871884	331.899994	329.574982
0	7.203000	0.812464	331.674988	331.187500
0	7.234000	0.823188	332.000000	331.000000
0	7.265000	0.814638	332.156250	330.718750
0	7.297000	0.792608	332.018768	332.018707
1	7.343000	0.833768	330.431244	332.618744
0	7.375000	0.891884	331.437500	331.562500
0	7.406000	0.837971	332.537506	331.462494
1	7.437000	0.835362	330.500000	332.000000
0	7.468000	0.834783	332.250000	329.750000
1	7.499000	0.811594	331.500000	331.500000
1	7.531000	0.991449	329.993744	327.993744
1	7.577000	0.857536	332.256256	331.356232
1	7.609000	0.853333	332.149994	332.149994
0	7.640000	0.829420	332.493744	331.056244
1	7.671000	0.846377	333.500000	332.500000
0	7.702000	0.776812	333.500000	330.500000
1	7.733000	1.017971	328.875000	330.375000
0	7.765000	0.869565	333.500000	334.500000
0	7.796000	0.755942	332.500000	332.625000
0	7.843000	0.898406	331.531250	328.468750
0	7.874000	0.869565	333.500000	330.500000
0	7.905000	0.823188	331.593750	331.968750
0	7.936000	0.820145	331.406250	331.781250
1	7.967000	0.801159	331.975006	331.574982
0	7.999000	0.869565	329.500000	330.500000
0	8.030000	0.847246	332.237488	331.237488
0	8.061000	0.811594	332.250000	331.750000
0	8.108000	0.798841	331.912506	332.837494
1	8.139000	0.835942	331.975006	331.024994
1	8.170000	1.008696	330.000000	329.000000
0	8.201000	0.882029	332.687500	330.312500
0	8.233000	0.800580	331.000000	331.500000
1	8.264000	0.800000	331.500000	332.500000
0	8.295000	0.805942	332.156250	331.281250
1	8.342000	1.014638	329.718750	328.906250
0	8.373000	0.822319	331.562500	331.812500
0	8.404000	0.837101	332.962494	329.475006
0	8.435000	0.869565	332.500000	331.500000
0	8.467000	0.828986	332.875000	329.875000
0	8.498000	0.901594	331.781250	329.468750
0	8.529000	0.886957	332.500000	330.500000
0	8.576000	0.818985	332.343750	330.156250
0	8.607000	0.857681	332.337494	331.162506
0	8.638000	0.874348	333.293610	329.743744
0	8.669000	0.857681	332.087494	330.912506
0	8.701000	0.878261	331.687500	329.937500
0	8.732000	0.905072	331.768738	328.018738
0	8.763000	0.848406	332.237488	329.799988
0	8.794000	0.794638	332.306244	329.431244
1	8.841000	0.990725	330.075012	327.674988
0	8.872000	0.857971	332.500000	329.500000
1	8.903000	0.848985	332.212494	330.212494
1	8.935000	0.857102	332.062500	331.312500
1	8.966000	0.985507	329.500000	326.500000
0	8.997000	0.864638	332.862366	329.787476
1	9.028000	0.989130	329.687500	328.250000
0	9.075000	0.865797	331.937500	329.774963
0	9.106000	0.903333	333.206268	329.493744
0	9.137000	0.846232	332.906250	329.093750
0	9.169000	0.866377	332.212494	328.574982
0	9.200000	0.822754	332.756256	328.931244
0	9.231000	0.912319	332.606262	328.106262
0	9.262000	0.814058	332.693756	329.693756
0	9.309000	0.869565	333.500000	330.500000
0	9.340000	0.892754	331.500000	326.500000
0	9.371000	0.884928	332.712494	329.712494
0	9.403000	0.842464	331.493744	328.556244
0	9.434000	0.986377	330.312500	327.750000
0	9.465000	0.904348	332.500000	326.500000
0	9.496000	0.846377	333.500000	328.500000
0	9.527000	0.902029	332.524994	330.475006
0	9.574000	0.869565	332.750000	329.250000
1	9.605000	1.071594	329.337494	327.662506
1	9.637000	0.991015	330.687408	326.762482
0	9.668000	0.811594	332.924988	329.924988
0	9.699000	1.017971	329.375000	327.250000
0	9.730000	0.892464	331.787506	329.412506
0	9.761000	0.926667	330.312500	328.312500
0	9.808000	0.852174	332.000000	330.000000
0	9.839000	0.813623	331.312500	329.687500
0	9.871000	0.996232	329.875000	327.187500
0	9.902000	0.833768	331.493744	328.618744
0	9.933000	0.962319	331.000000	327.000000
0	9.964000	0.884928	332.712494	330.712494
0	9.995000	0.865217	332.750000	330.125000
0	10.042000	0.921159	332.250000	330.250000
1	10.073000	1.042898	329.125000	327.000000
1	10.105000	1.049275	329.000000	327.500000
0	10.136000	0.787536	332.062500	329.312500
0	10.167000	0.826087	332.250000	328.750000
1	10.198000	1.007102	330.018738	326.518738
0	10.229000	0.881449	332.662506	327.662506
0	10.261000	0.886957	332.500000	327.500000
0	10.307000	0.892754	331.500000	332.500000
0	10.339000	0.828986	333.000000	330.500000
0	10.370000	0.794203	333.000000	331.500000
0	10.401000	0.815507	333.306183	330.856293
0	10.432000	0.853333	333.399994	331.149994
1	10.463000	1.113043	329.500000	327.500000
1	10.495000	0.869565	332.500000	331.500000
0	10.541000	0.881449	332.662506	330.662506
0	10.573000	1.079275	338.006256	333.443756
0	10.604000	0.845942	333.131195	332.081268
0	10.635000	1.007102	330.468750	328.468750
1	10.666000	1.078841	330.000000	328.549988
0	10.697000	1.084058	331.000000	328.500000
1	10.729000	1.100000	330.250000	328.750000
0	10.775000	0.869565	334.500000	329.500000
0	10.807000	0.869565	333.500000	330.500000
0	10.838000	1.062754	329.831329	327.831207
0	10.869000	0.857971	332.500000	331.500000
0	10.900000	0.869565	332.500000	333.500000
0	10.931000	0.885507	332.737488	332.012573
0	10.963000	0.858116	332.156250	332.843750
0	10.994000	1.044058	330.000000	329.000000
1	11.041000	0.857102	332.812500	331.187500
0	11.072000	0.949710	333.193451	332.143524
1	11.103000	0.834783	331.500000	331.500000
0	11.134000	0.884928	332.762482	330.712494
0	11.165000	0.894203	333.625000	329.750000
1	11.197000	0.869565	333.500000	330.500000
0	11.228000	0.857536	332.931244	329.181244
1	11.275000	1.066667	329.625000	328.125000
0	11.306000	0.820290	333.750000	330.750000
0	11.337000	0.830435	333.037506	330.962494
1	11.368000	1.078261	329.500000	328.500000
1	11.399000	1.096812	330.225006	327.774994
1	11.431000	1.147826	329.500000	326.500000
0	11.462000	0.887971	334.193756	329.693756
0	11.509000	0.972899	332.993744	327.118744
1	11.540000	1.113043	330.750000	327.750000
1	11.571000	1.114638	330.531250	328.018738
1	11.602000	1.096812	330.774994	327.774994
0	11.633000	1.147826	333.500000	326.500000
0	11.665000	1.020145	331.656250	326.706238
0	11.696000	0.847246	334.687500	330.062500
1	11.727000	0.949710	335.156250	329.193787
1	11.774000	1.095652	332.000000	327.000000
1	11.805000	1.072464	331.125000	327.625000
1	11.836000	1.029855	331.700012	326.562500
0	11.867000	0.904348	333.750000	329.250000
0	11.899000	0.929855	334.437500	329.125000
1	11.930000	1.084203	331.031250	327.406250
0	11.961000	0.964058	334.024994	327.225006
1	12.008000	1.078841	330.000000	325.500000
0	12.039000	1.008696	335.750000	326.750000
1	12.070000	1.061449	330.875000	325.250000
0	12.101000	0.869565	333.500000	330.500000
0	12.133000	0.990290	332.793793	326.943512
0	12.164000	0.927536	332.500000	326.500000
1	12.195000	1.059855	330.243744	325.756256
1	12.226000	1.060870	329.875000	325.625000
0	12.273000	0.866812	332.968750	328.281250
1	12.304000	0.858116	334.343750	327.706238
1	12.335000	1.089855	329.500000	325.500000
0	12.367000	0.931015	334.375000	327.625000
1	12.398000	0.892898	332.893707	326.943756
0	12.429000	0.866232	333.806244	326.506256
1	12.460000	1.079855	330.006287	324.031250
1	12.507000	1.087536	330.750000	324.937500
0	12.538000	0.895072	333.862488	327.424927
0	12.569000	0.894203	333.375000	327.125000
0	12.601000	1.007102	332.468750	325.781250
0	12.632000	1.046812	331.493744	325.006256
0	12.663000	0.881159	334.125000	326.125000
0	12.694000	0.927536	333.500000	326.500000
0	12.741000	0.869565	333.500000	326.500000
1	12.772000	1.055072	331.750000	324.750000
0	12.803000	0.888116	333.725006	326.725006
1	12.835000	1.096667	330.093781	323.831268
0	12.866000	1.070145	331.125000	325.612488
1	12.897000	1.083768	331.449982	325.037506
0	12.928000	1.060290	330.799988	324.825012
0	12.959000	0.869565	333.500000	326.500000
0	13.006000	0.941159	331.712494	326.512482
0	13.037000	0.959855	333.056244	324.681244
1	13.069000	1.079420	330.524994	325.024994
1	13.100000	1.095652	330.000000	324.000000
1	13.131000	1.044058	330.500000	324.500000
0	13.162000	0.923189	332.799957	326.487579
1	13.193000	1.048985	330.337494	325.662506
0	13.240000	0.937971	331.975006	326.975006
1	13.271000	1.090725	330.437500	325.687500
1	13.303000	1.103623	330.043762	325.656250
0	13.334000	0.951015	331.837494	328.787506
0	13.365000	0.931015	332.375000	326.424988
0	13.396000	0.904348	332.500000	327.500000
0	13.427000	0.921159	332.000000	328.375000
1	13.474000	1.107102	329.968750	326.031250
1	13.505000	1.062029	330.274994	325.725006
0	13.537000	1.139855	329.668762	326.206238
1	13.568000	1.062029	330.274994	326.274994
0	13.599000	1.081015	331.468750	327.468750
0	13.630000	0.927536	332.250000	329.250000
1	13.661000	1.078261	330.000000	327.000000
0	13.693000	0.914203	332.649994	329.887482
1	13.739000	1.129420	329.806244	326.506256
1	13.771000	1.041884	330.856262	327.531250
1	13.802000	1.078841	330.000000	327.500000
0	13.833000	1.027246	330.774994	328.262482
0	13.864000	0.869565	333.500000	330.500000
1	13.895000	1.062029	330.274994	327.725006
1	13.927000	1.047826	330.593750	327.968750
1	13.973000	0.962319	332.000000	328.000000
0	14.005000	0.869565	337.500000	330.500000
1	14.036000	1.089710	330.156250	327.843750
0	14.067000	0.927536	333.500000	329.500000
0	14.098000	0.846377	333.500000	332.500000
0	14.129000	0.939130	333.000000	329.000000
1	14.161000	1.117971	330.437500	328.062500
1	14.192000	1.094203	330.625000	328.250000
0	14.239000	0.869565	334.500000	329.500000
1	14.270000	1.079275	330.043732	328.006256
1	14.301000	1.100580	331.812500	326.812500
0	14.332000	0.921739	333.500000	327.500000
0	14.363000	0.897246	333.843750	328.906250
0	14.395000	0.952029	333.318756	326.306244
0	14.426000	0.962319	332.750000	326.750000
1	14.473000	1.142029	329.575012	325.825012
0	14.504000	1.090725	331.812500	326.312500
1	14.535000	1.118406	330.068756	327.068756
0	14.566000	1.116666	329.456268	326.093719
0	14.597000	1.171015	331.500000	326.500000
1	14.629000	0.982464	332.868774	326.806274
1	14.660000	1.133333	331.299988	325.700012
1	14.707000	0.897246	332.893738	329.093750
0	14.738000	1.078261	331.500000	324.500000
0	14.769000	1.061884	332.256256	326.256256
0	14.800000	1.240580	341.500000	322.500000
1	14.831000	1.095797	331.243744	325.243744
1	14.863000	1.187971	329.318756	325.431244
1	14.894000	1.124927	330.912506	324.649994
1	14.925000	1.154928	329.406250	325.593750
0	14.972000	0.946812	332.243744	327.868744
1	15.003000	1.174058	329.693756	324.118744
1	15.034000	1.106377	331.075012	323.899902
1	15.065000	1.240580	330.500000	325.500000
0	15.097000	0.978406	333.618744	325.056244
1	15.128000	1.147681	330.531250	324.218750
0	15.159000	0.939275	332.493744	326.493744
1	15.206000	0.973913	333.250000	326.750000
1	15.237000	1.118551	330.087494	324.462494
0	15.268000	1.025942	332.243744	326.743744
0	15.299000	0.955942	333.750000	327.250000
0	15.331000	0.927681	332.843750	327.406250
0	15.362000	0.915942	334.500000	327.500000
1	15.393000	1.095652	331.000000	324.000000
1	15.440000	0.904493	333.743744	326.743744
0	15.471000	0.934493	333.475006	326.524994
0	15.502000	0.915942	333.000000	328.000000
0	15.533000	0.987536	332.250000	326.312500
0	15.565000	0.923333	333.031250	327.468750
0	15.596000	0.963623	333.106262	326.031250
0	15.627000	0.901449	333.062500	326.937500
1	15.658000	0.913623	333.375000	327.312500
0	15.705000	1.008696	332.500000	325.500000
0	15.736000	0.921884	332.743744	327.193756
0	15.767000	0.959275	333.656250	326.656250
0	15.799000	1.015796	332.693817	325.343903
1	15.830000	0.936812	332.975006	326.475006
1	15.861000	1.113623	329.625000	325.000000
0	15.892000	0.912029	333.368744	326.681244
1	15.939000	1.113768	331.018738	324.018738
0	15.970000	0.931449	333.618744	325.931244
0	16.001000	1.077101	331.725006	325.037506
1	16.033000	1.111014	330.712494	323.787506
0	16.064000	0.961449	333.000000	326.687500
1	16.095000	1.140725	331.156250	324.406250
0	16.126000	0.973913	334.750000	327.250000
1	16.157000	1.109855	330.212494	324.787506
1	16.204000	1.150580	331.031250	324.656250
0	16.235000	0.901449	333.000000	328.750000
1	16.267000	1.156522	329.812500	325.312500
1	16.298000	1.141449	330.149994	326.149994
1	16.329000	1.161884	330.256256	325.193756
1	16.360000	1.158551	330.912506	325.162506
0	16.391000	0.940145	333.081268	326.443756
0	16.438000	1.025507	331.250000	327.250000
0	16.469000	1.087536	331.812500	325.125000
1	16.501000	1.201594	328.331238	325.531250
0	16.532000	1.079855	331.593750	325.031250
0	16.563000	0.876812	332.862488	328.137512
0	16.594000	0.939855	333.018738	328.918762
0	16.625000	1.031884	329.500000	328.500000
0	16.672000	1.104928	330.625000	325.375000
0	16.703000	1.007102	333.518738	327.018738
0	16.735000	1.078986	330.518738	326.518738
0	16.766000	0.990145	332.337494	325.725006
1	16.797000	1.138551	329.187500	326.174988
1	16.828000	1.131449	330.256256	326.693756
0	16.859000	1.147826	330.000000	326.000000
0	16.891000	0.918406	332.856232	328.368744
0	16.937000	1.078261	331.500000	326.500000
0	16.969000	0.869565	333.500000	326.500000
0	17.000000	0.935797	333.006256	327.756256
0	17.031000	0.935797	332.993744	328.006256
1	17.062000	1.095652	330.625000	325.125000
0	17.093000	1.060870	330.125000	326.875000
1	17.125000	1.133188	330.218750	326.281250
0	17.171000	1.109710	329.693756	326.806244
0	17.203000	0.985507	331.500000	326.500000
1	17.234000	1.147826	329.500000	326.500000
0	17.265000	1.042319	331.899994	327.975006
1	17.296000	1.124638	331.250000	325.750000
1	17.327000	1.112464	331.000000	325.562500
0	17.359000	1.070580	330.131256	327.418732
1	17.405000	1.146232	329.731262	326.231262
1	17.437000	1.170725	330.587494	325.900055
0	17.468000	0.930435	333.531250	327.906250
0	17.499000	0.995652	332.375000	327.125000
1	17.530000	1.135942	330.162506	326.387482
1	17.561000	1.081594	330.556244	326.443756
1	17.593000	1.159420	330.250000	325.750000
0	17.624000	1.283768	339.212494	326.962494
0	17.671000	0.965217	333.000000	328.750000
0	17.702000	0.910145	333.000000	329.000000
0	17.733000	0.951594	333.187500	328.812500
0	17.764000	1.083333	334.018738	326.043762
0	17.795000	0.973913	333.500000	326.500000
1	17.827000	1.147826	329.500000	326.500000
0	17.858000	0.997681	332.850006	326.425018
0	17.905000	1.022754	333.193756	328.193756
1	17.936000	1.172319	330.143738	326.718750
1	17.967000	1.174493	328.375000	325.625000
1	17.998000	1.154928	329.593750	326.031250
1	18.029000	1.188406	329.887512	325.500000
0	18.061000	0.991304	332.000000	327.000000
0	18.092000	0.991449	334.368744	326.743744
1	18.139000	1.116667	330.906250	326.081238
0	18.170000	0.891884	333.125000	328.937500
1	18.201000	1.153768	329.406250	326.643738
1	18.232000	1.160290	329.312500	326.312500
0	18.263000	1.031449	331.568756	326.506256
0	18.295000	1.049275	332.125000	326.375000
0	18.326000	1.374927	338.743744	323.881256
0	18.357000	1.055072	333.500000	326.500000
1	18.404000	1.182609	328.750000	326.250000
1	18.435000	1.102899	330.875000	325.750000
1	18.466000	1.162464	330.143738	325.781250
0	18.497000	1.069565	331.250000	326.250000
0	18.529000	0.869565	333.500000	330.500000
1	18.560000	1.091884	330.062500	325.437500
0	18.591000	1.078841	331.000000	326.437500
1	18.638000	1.135942	329.537506	325.962494
0	18.669000	1.104348	330.187500	326.062500
0	18.700000	0.955507	333.256256	326.743744
0	18.731000	0.988116	333.787506	326.712494
0	18.763000	0.950290	333.168823	327.768677
0	18.794000	0.876232	333.837494	328.162506
0	18.825000	1.167971	338.218750	331.218750
0	18.856000	0.966232	333.568756	328.431244
0	18.903000	0.931449	333.068756	328.381256
1	18.934000	1.147826	329.500000	326.500000
0	18.965000	0.941014	332.456238	326.468750
0	18.997000	0.962319	332.500000	327.500000
0	19.028000	0.979275	332.193756	326.056244
1	19.059000	1.147826	330.500000	325.500000
1	19.090000	1.098841	330.287506	325.725006
0	19.137000	1.055072	337.500000	326.500000
1	19.168000	1.082029	330.437500	326.437500
0	19.199000	0.880725	333.418732	328.256256
0	19.231000	1.104928	330.875000	325.875000
0	19.262000	1.040580	332.062500	326.562500
0	19.293000	1.016377	333.618958	327.418884
0	19.324000	1.378841	340.812500	323.812500
0	19.371000	0.915942	332.500000	329.500000
0	19.402000	0.883768	333.287506	328.962555
0	19.433000	1.289565	339.687500	325.987305
1	19.465000	1.087971	330.881256	326.668732
0	19.496000	0.905797	334.037476	326.512512
1	19.527000	1.094493	330.149994	326.649994
0	19.558000	0.939130	333.000000	329.000000
0	19.589000	0.964203	331.968689	328.881042
1	19.636000	1.079420	329.774994	327.975006
0	19.667000	1.008841	332.993744	327.993744
0	19.699000	0.865797	333.062500	328.937500
0	19.730000	0.905072	332.518738	328.768738
1	19.761000	1.048841	330.693756	326.568756
0	19.792000	0.883768	332.712494	329.712494
0	19.823000	1.078261	331.500000	328.500000
0	19.870000	0.962319	334.000000	330.000000
0	19.901000	0.934928	333.381256	328.506256
0	19.933000	1.024928	330.737518	328.225006
1	19.964000	1.087971	330.318756	328.118744
0	19.995000	0.962319	333.500000	330.500000
0	20.026000	0.946812	333.131256	329.868744
1	20.057000	1.133333	330.075012	328.700012
1	20.089000	1.095072	330.812500	328.125000
1	20.135000	1.078841	330.000000	328.500000
0	20.167000	0.931015	332.950012	332.500000
0	20.198000	0.869565	333.500000	330.500000
0	20.229000	0.915942	332.500000	331.500000
0	20.260000	0.914927	333.593811	331.843811
0	20.291000	0.892754	333.000000	332.000000
0	20.323000	1.025942	331.756256	328.243744
0	20.369000	0.922754	333.506256	331.293732
1	20.401000	1.079275	331.431244	329.443756
1	20.432000	1.111449	330.068878	329.006256
0	20.463000	0.869565	334.500000	329.500000
0	20.494000	0.869565	332.500000	331.500000
0	20.525000	0.843478	333.500000	330.250000
0	20.557000	1.042898	330.500000	327.000000
0	20.603000	0.884203	333.281250	329.718750
0	20.635000	0.922754	333.506256	329.556244
1	20.666000	1.078261	330.750000	326.250000
1	20.697000	1.078261	331.000000	327.000000
0	20.728000	0.930580	333.593872	328.618713
0	20.759000	1.031884	331.500000	326.500000
0	20.791000	0.977681	332.937500	326.062500
0	20.822000	1.065797	330.687500	325.937500
0	20.869000	0.892754	334.000000	328.000000
0	20.900000	1.062029	330.274994	325.725006
1	20.931000	1.071159	330.593750	327.156250
0	20.962000	0.876812	332.887512	329.112488
0	20.993000	0.947971	332.368744	328.818756
1	21.025000	1.044058	330.375000	326.000000
0	21.056000	0.973333	332.375000	328.875000
0	21.103000	0.990290	332.681244	329.243744
0	21.134000	0.883623	333.306244	327.806244
0	21.165000	0.957536	332.256256	326.756256
1	21.196000	1.089855	328.500000	326.500000
0	21.227000	0.902029	333.274994	327.524994
1	21.259000	1.099420	329.312500	326.687500
1	21.290000	1.107246	330.000000	326.000000
0	21.337000	1.062319	331.250000	328.375000
1	21.368000	1.124638	330.000000	327.000000
0	21.399000	0.961014	332.643768	327.231232
0	21.430000	1.008696	334.000000	326.000000
0	21.462000	1.008696	332.500000	329.500000
0	21.493000	1.089710	330.156250	326.843750
1	21.524000	1.092898	329.843781	326.593719
0	21.555000	1.061449	330.750000	327.250000
0	21.602000	0.929855	332.562500	328.687500
1	21.633000	0.951015	331.837494	328.837494
1	21.664000	1.066812	330.281250	326.281250
0	21.696000	1.072899	330.306244	326.431244
0	21.727000	0.920725	332.743744	327.243744
0	21.758000	1.064203	331.693756	326.818756
1	21.789000	0.920145	333.218750	327.218750
1	21.836000	1.130725	330.937469	325.312469
0	21.867000	0.894493	332.899994	327.899994
0	21.898000	0.915942	332.000000	328.000000
0	21.930000	0.985507	333.000000	326.000000
1	21.961000	1.095652	331.000000	326.000000
0	21.992000	0.954928	333.281250	327.906250
0	22.023000	1.013768	332.406250	326.456238
0	22.070000	1.078261	331.500000	324.500000
0	22.101000	0.946812	333.368744	325.868744
0	22.132000	0.921739	334.125000	326.625000
1	22.164000	0.909275	333.312500	326.924988
0	22.195000	1.078261	331.500000	324.500000
0	22.226000	0.874928	332.931244	327.818756
1	22.257000	1.098406	329.668762	325.718750
1	22.288000	1.062029	329.774994	326.225006
0	22.335000	0.937971	333.024994	326.774994
0	22.366000	0.962319	332.500000	327.500000
0	22.398000	0.869565	333.500000	326.500000
0	22.429000	1.124927	338.975006	329.462494
0	22.460000	0.902754	333.531250	326.468750
0	22.491000	0.904348	332.500000	326.500000
0	22.522000	0.872754	333.112549	328.037537
1	22.569000	1.078261	330.000000	326.000000
0	22.600000	0.931884	332.437469	328.287506
0	22.632000	0.892754	332.000000	329.000000
0	22.663000	1.016812	330.625000	326.875000
0	22.694000	0.919275	332.431244	328.243744
0	22.725000	1.008696	331.000000	326.000000
0	22.756000	0.944493	332.518738	328.618713
1	22.803000	1.049420	330.531250	327.031250
0	22.834000	0.904348	333.500000	329.500000
0	22.866000	0.896232	333.174988	328.875000
0	22.897000	1.017536	332.668732	328.868744
0	22.928000	0.964203	331.993744	330.618744
0	22.959000	0.962319	332.500000	331.500000
0	22.990000	0.951159	333.818756	330.806244
0	23.022000	0.911449	332.781250	328.656250
0	23.068000	0.914203	333.337494	329.887482
0	23.100000	0.972899	332.506256	328.006256
1	23.131000	1.107246	330.500000	328.000000
0	23.162000	0.897971	332.087494	331.087494
0	23.193000	1.168551	338.193756	332.231232
0	23.224000	0.921159	332.750000	330.375000
0	23.256000	0.939130	334.000000	331.000000
0	23.302000	1.704928	319.500000	336.500000
0	23.334000	0.950725	333.500000	332.500000
0	23.365000	1.014493	334.500000	330.000000
0	23.396000	0.942319	334.274994	331.774994
1	23.427000	1.100580	331.187500	327.812500
0	23.458000	0.974928	335.056244	329.056244
0	23.490000	0.987971	333.243744	326.243744
0	23.536000	0.928841	335.643738	329.906250
0	23.568000	0.937971	333.975006	329.975006
0	23.599000	0.898986	333.868774	330.818665
0	23.630000	0.904348	335.500000	330.500000
0	23.661000	0.960290	333.062500	329.750000
0	23.692000	0.955942	334.250000	331.250000
0	23.724000	0.946232	335.156250	329.843750
0	23.755000	0.886957	334.000000	330.500000
0	23.802000	0.873333	335.875000	329.875000
0	23.833000	0.948551	334.393646	328.793793
0	23.864000	0.960290	334.237488	326.674988
0	23.895000	1.064638	332.187500	327.437500
1	23.926000	0.869565	333.500000	330.500000
0	23.958000	0.950725	334.500000	327.500000
1	23.989000	1.061884	331.756256	326.243744
1	24.020000	0.991884	334.625000	327.375000
0	24.067000	0.993623	332.899994	326.725006
0	24.098000	1.057102	332.187500	326.187500
1	24.129000	1.081594	330.743744	325.993744
1	24.160000	0.927681	333.593750	328.656250
1	24.192000	1.079275	331.631256	327.006256
0	24.223000	0.945507	333.599976	327.112549
0	24.254000	0.913768	333.343750	327.893738
0	24.301000	0.915942	333.250000	328.750000
1	24.332000	1.078261	330.750000	326.750000
0	24.363000	0.951015	333.162506	326.587494
0	24.394000	0.926667	332.687500	329.437500
0	24.426000	0.939130	333.500000	328.500000
0	24.457000	0.965797	332.875000	327.375000
1	24.488000	0.924493	333.331238	328.156250
1	24.535000	1.025942	330.756256	326.756256
1	24.566000	1.004638	331.700012	325.500000
1	24.597000	0.864203	332.993744	328.943756
0	24.628000	0.927246	332.337494	327.337494
0	24.660000	0.905943	334.981140	328.418518
0	24.691000	0.869565	333.500000	326.500000
0	24.722000	0.854928	332.331238	328.281250
0	24.753000	0.931594	333.475006	328.600006
0	24.800000	0.944928	332.500000	328.000000
1	24.831000	0.886377	333.000000	327.250000
0	24.862000	0.962319	334.500000	327.500000
1	24.894000	0.913623	333.625000	326.625000
1	24.925000	0.884203	333.218750	327.718750
0	24.956000	0.856957	333.356262	328.206238
1	24.987000	1.078841	331.375000	325.000000
0	25.034000	1.096667	331.756256	325.243744
0	25.065000	0.975072	333.899994	326.912506
0	25.096000	0.915797	332.718750	327.718750
0	25.128000	1.031884	332.000000	326.000000
0	25.159000	0.973043	334.562317	324.500122
0	25.190000	1.009420	333.018738	326.518738
0	25.221000	0.970725	335.087494	325.837494
0	25.268000	1.087971	330.418793	324.881256
0	25.299000	1.155362	331.600006	324.449982
0	25.330000	1.263768	339.000000	328.000000
1	25.362000	1.140145	330.568756	325.131256
0	25.393000	1.096812	330.774994	324.225006
0	25.424000	0.990290	332.931244	326.243744
0	25.455000	1.059710	332.225006	324.725006
0	25.486000	1.096812	330.774994	323.225006
1	25.533000	1.092754	331.250000	325.000000
1	25.564000	1.088551	330.906250	324.343750
0	25.596000	1.008696	332.500000	325.500000
1	25.627000	1.062029	330.274994	325.274994
1	25.658000	1.072464	331.500000	324.000000
0	25.689000	0.956522	332.000000	325.000000
1	25.720000	1.100725	330.331238	324.331238
1	25.767000	0.921739	332.500000	327.500000
1	25.798000	1.079420	330.587494	325.024994
0	25.830000	1.008696	330.750000	326.250000
0	25.861000	1.026667	331.875000	326.750000
1	25.892000	1.060870	330.000000	326.500000
0	25.923000	0.982029	332.187500	327.375000
0	25.954000	1.057681	331.837494	325.662506
0	26.001000	0.947246	332.500000	328.625000
0	26.032000	0.973913	333.250000	325.750000
0	26.064000	1.008696	332.500000	327.500000
0	26.095000	0.962319	337.500000	326.500000
0	26.126000	1.049420	331.343750	325.906250
0	26.157000	0.962319	332.500000	329.500000
0	26.188000	0.927536	331.500000	328.500000
1	26.220000	1.100725	331.331238	325.843750
0	26.266000	0.969565	333.087494	326.837433
0	26.298000	0.965507	333.987488	328.012512
0	26.329000	0.901015	333.493744	329.493744
1	26.360000	1.090580	330.843750	326.606262
0	26.391000	1.007102	333.531250	326.468750
0	26.422000	1.079420	332.587494	326.975006
0	26.454000	0.927246	336.149994	328.662506
0	26.500000	1.025942	333.568756	326.243744
0	26.532000	0.973913	334.250000	327.250000
0	26.563000	1.060725	333.756256	325.243744
1	26.594000	1.077681	333.000000	325.750000
0	26.625000	1.007102	333.468750	327.531250
0	26.656000	0.909855	333.712494	329.399994
1	26.688000	1.055072	333.500000	326.500000
0	26.734000	1.026667	331.750000	326.750000
0	26.766000	0.962319	333.500000	326.500000
1	26.797000	1.066667	330.750000	325.750000
1	26.828000	1.020580	332.662506	325.399994
1	26.859000	1.121884	330.868744	325.006256
0	26.890000	0.987971	332.056244	326.256256
0	26.922000	1.017536	333.681244	326.368744
0	26.953000	1.000145	333.118744	326.618744
0	27.000000	0.964203	334.006256	326.006256
1	27.031000	1.089710	331.156250	324.156250
0	27.062000	1.059275	332.218750	323.781250
1	27.093000	1.074493	332.375000	323.937500
1	27.124000	1.104928	331.750000	323.625000
0	27.156000	1.007102	334.518738	325.018738
0	27.187000	0.869565	333.500000	326.500000
1	27.234000	1.077246	331.543732	323.993744
0	27.265000	1.117971	331.375000	322.937500
0	27.296000	1.033623	332.850006	323.524994
0	27.327000	0.939130	333.000000	324.000000
0	27.358000	1.055072	333.000000	325.000000
0	27.390000	0.992319	333.806244	323.631256
1	27.421000	1.100580	331.687500	321.812500
0	27.468000	1.078261	333.500000	322.500000
1	27.499000	1.082464	331.993744	322.543732
1	27.530000	1.078261	331.500000	322.500000
0	27.561000	0.829420	334.931244	324.931244
1	27.592000	1.131449	331.256256	323.743744
1	27.624000	1.147826	329.500000	322.500000
0	27.655000	1.100725	331.718750	323.668762
1	27.686000	1.098985	330.881256	322.256256
1	27.733000	1.146812	331.493744	322.256256
0	27.764000	0.994058	333.593750	324.156250
1	27.795000	1.113043	331.750000	321.750000
1	27.826000	1.104928	331.875000	322.250000
0	27.858000	1.002899	333.500000	323.500000
0	27.889000	1.113188	331.868744	322.318756
1	27.920000	1.120725	330.918732	323.431244
0	27.951000	1.147826	341.500000	326.500000
1	27.998000	1.091014	331.162476	322.049988
1	28.029000	1.115797	331.393738	322.381287
1	28.060000	0.927536	333.500000	325.500000
1	28.092000	1.133333	331.299988	322.299988
1	28.123000	1.059855	332.806244	322.743744
0	28.154000	1.209855	337.350006	326.037506
1	28.185000	1.078841	332.000000	322.750000
0	28.232000	1.078261	333.000000	324.000000
0	28.263000	1.054928	331.656250	323.843750
1	28.294000	1.097246	331.218750	323.781250
0	28.326000	1.009420	333.018738	324.018738
0	28.357000	0.962319	333.500000	318.500000
0	28.388000	1.090290	331.931244	323.431244
0	28.419000	0.962319	333.500000	322.500000
1	28.466000	1.050725	332.000000	321.625000
0	28.497000	0.915942	334.500000	323.500000
0	28.528000	1.035507	332.143738	322.893738
0	28.560000	0.915942	334.500000	325.500000
0	28.591000	0.968551	333.068756	323.693756
1	28.622000	0.961449	333.987488	323.012512
0	28.653000	1.008116	332.000000	325.375000
0	28.684000	0.920145	333.781250	324.768738
1	28.731000	0.980290	331.962494	324.087494
0	28.762000	0.874493	333.687500	324.312500
0	28.794000	1.003188	331.524994	323.537506
0	28.825000	1.078261	331.000000	322.000000
0	28.856000	0.942029	332.500000	324.250000
0	28.887000	1.072899	330.681244	322.381256
0	28.918000	0.997101	331.500000	322.500000
1	28.965000	1.055072	330.625000	322.625000
0	28.996000	1.044058	331.000000	322.000000
1	29.028000	1.025072	332.243744	323.243744
0	29.059000	1.043478	333.500000	324.500000
0	29.090000	0.939130	331.750000	323.750000
1	29.121000	1.079855	330.406250	322.968750
1	29.152000	1.095652	331.500000	322.000000
1	29.199000	1.072899	330.681244	322.118744
0	29.230000	0.869565	333.500000	326.500000
1	29.262000	1.059855	331.193756	322.756256
1	29.293000	1.055507	331.368744	322.868744
0	29.324000	0.939130	329.500000	326.500000
1	29.355000	0.973913	331.500000	323.500000
0	29.386000	1.020580	332.337494	325.662506
0	29.418000	0.889275	330.824982	324.649994
1	29.464000	0.984058	332.174988	323.862488
0	29.496000	0.949130	332.168945	323.431396
1	29.527000	1.044058	330.375000	322.000000
1	29.558000	1.078841	330.000000	323.000000
0	29.589000	1.023188	332.500000	321.750000
0	29.620000	1.072464	330.500000	323.000000
1	29.652000	1.061449	330.250000	322.250000
0	29.698000	1.147826	329.500000	322.500000
0	29.730000	0.973913	330.500000	323.500000
0	29.761000	0.962319	332.000000	323.000000
0	29.792000	1.006377	332.524994	321.975006
0	29.823000	0.975507	332.468750	323.468750
0	29.854000	0.962319	332.500000	325.500000
0	29.886000	1.044058	333.000000	323.500000
0	29.932000	0.920145	331.781250	323.218750
0	29.964000	0.935797	332.493744	322.406219
1	29.995000	0.904348	330.500000	324.500000
<\RIGHT-PUPIL-DATA>
<LEFT-PUPIL-DATA>
903	0
0	-0.066000	13.913043	240.000000	320.000000
0	-0.035000	13.913043	240.000000	320.000000
0	-0.004000	13.913043	240.000000	320.000000
0	0.043000	13.913043	240.000000	320.000000
0	0.074000	13.913043	240.000000	320.000000
0	0.106000	13.913043	240.000000	320.000000
0	0.137000	13.913043	240.000000	320.000000
0	0.168000	13.913043	240.000000	320.000000
0	0.199000	13.913043	240.000000	320.000000
0	0.230000	13.913043	240.000000	320.000000
0	0.277000	13.913043	240.000000	320.000000
0	0.308000	13.913043	240.000000	320.000000
0	0.340000	13.913043	240.000000	320.000000
0	0.371000	13.913043	240.000000	320.000000
0	0.402000	13.913043	240.000000	320.000000
0	0.433000	13.913043	240.000000	320.000000
0	0.464000	13.913043	240.000000	320.000000
0	0.496000	13.913043	240.000000	320.000000
0	0.542000	13.913043	240.000000	320.000000
0	0.574000	13.913043	240.000000	320.000000
0	0.605000	13.913043	240.000000	320.000000
0	0.636000	13.913043	240.000000	320.000000
0	0.667000	13.913043	240.000000	320.000000
0	0.698000	13.913043	240.000000	320.000000
0	0.730000	13.913043	240.000000	320.000000
0	0.776000	13.913043	240.000000	320.000000
0	0.808000	13.913043	240.000000	320.000000
0	0.839000	13.913043	240.000000	320.000000
0	0.870000	13.913043	240.000000	320.000000
0	0.901000	13.913043	240.000000	320.000000
0	0.932000	13.913043	240.000000	320.000000
0	0.964000	13.913043	240.000000	320.000000
0	1.010000	13.913043	240.000000	320.000000
0	1.042000	13.913043	240.000000	320.000000
0	1.073000	13.913043	240.000000	320.000000
0	1.104000	13.913043	240.000000	320.000000
0	1.135000	13.913043	240.000000	320.000000
0	1.166000	13.913043	240.000000	320.000000
0	1.198000	13.913043	240.000000	320.000000
0	1.229000	13.913043	240.000000	320.000000
0	1.276000	13.913043	240.000000	320.000000
0	1.307000	13.913043	240.000000	320.000000
0	1.338000	13.913043	240.000000	320.000000
0	1.369000	13.913043	240.000000	320.000000
0	1.400000	13.913043	240.000000	320.000000
0	1.432000	13.913043	240.000000	320.000000
0	1.463000	13.913043	240.000000	320.000000
0	1.510000	13.913043	240.000000	320.000000
0	1.541000	13.913043	240.000000	320.000000
0	1.572000	13.913043	240.000000	320.000000
0	1.603000	13.913043	240.000000	320.000000
0	1.634000	13.913043	240.000000	320.000000
0	1.666000	13.913043	240.000000	320.000000
0	1.697000	13.913043	240.000000	320.000000
0	1.744000	13.913043	240.000000	320.000000
0	1.775000	13.913043	240.000000	320.000000
0	1.806000	13.913043	240.000000	320.000000
0	1.837000	13.913043	240.000000	320.000000
0	1.868000	13.913043	240.000000	320.000000
0	1.900000	13.913043	240.000000	320.000000
0	1.931000	13.913043	240.000000	320.000000
0	1.962000	13.913043	240.000000	320.000000
0	2.009000	13.913043	240.000000	320.000000
0	2.040000	13.913043	240.000000	320.000000
0	2.071000	13.913043	240.000000	320.000000
0	2.102000	13.913043	240.000000	320.000000
0	2.134000	13.913043	240.000000	320.000000
0	2.165000	13.913043	240.000000	320.000000
0	2.196000	13.913043	240.000000	320.000000
0	2.243000	13.913043	240.000000	320.000000
0	2.274000	13.913043	240.000000	320.000000
0	2.305000	13.913043	240.000000	320.000000
0	2.336000	13.913043	240.000000	320.000000
0	2.368000	13.913043	240.000000	320.000000
0	2.399000	13.913043	240.000000	320.000000
0	2.430000	13.913043	240.000000	320.000000
0	2.477000	13.913043	240.000000	320.000000
0	2.508000	13.913043	240.000000	320.000000
0	2.539000	13.913043	240.000000	320.000000
0	2.570000	13.913043	240.000000	320.000000
0	2.602000	13.913043	240.000000	320.000000
0	2.633000	13.913043	240.000000	320.000000
0	2.664000	13.913043	240.000000	320.000000
0	2.695000	13.913043	240.000000	320.000000
0	2.742000	13.913043	240.000000	320.000000
0	2.773000	13.913043	240.000000	320.000000
0	2.804000	13.913043	240.000000	320.000000
0	2.836000	13.913043	240.000000	320.000000
0	2.867000	13.913043	240.000000	320.000000
0	2.898000	13.913043	240.000000	320.000000
0	2.929000	13.913043	240.000000	320.000000
0	2.976000	13.913043	240.000000	320.000000
0	3.007000	13.913043	240.000000	320.000000
0	3.038000	13.913043	240.000000	320.000000
0	3.070000	13.913043	240.000000	320.000000
0	3.101000	13.913043	240.000000	320.000000
0	3.132000	13.913043	240.000000	320.000000
0	3.163000	13.913043	240.000000	320.000000
0	3.210000	13.913043	240.000000	320.000000
0	3.241000	13.913043	240.000000	320.000000
0	3.272000	13.913043	240.000000	320.000000
0	3.304000	13.913043	240.000000	320.000000
0	3.335000	13.913043	240.000000	320.000000
0	3.366000	13.913043	240.000000	320.000000
0	3.397000	13.913043	240.000000	320.000000
0	3.428000	13.913043	240.000000	320.000000
0	3.475000	13.913043	240.000000	320.000000
0	3.506000	13.913043	240.000000	320.000000
0	3.538000	13.913043	240.000000	320.000000
0	3.569000	13.913043	240.000000	320.000000
0	3.600000	13.913043	240.000000	320.000000
0	3.631000	13.913043	240.000000	320.000000
0	3.662000	13.913043	240.000000	320.000000
0	3.709000	13.913043	240.000000	320.000000
0	3.740000	13.913043	240.000000	320.000000
0	3.772000	13.913043	240.000000	320.000000
0	3.803000	13.913043	240.000000	320.000000
0	3.834000	13.913043	240.000000	320.000000
0	3.865000	13.913043	240.000000	320.000000
0	3.896000	13.913043	240.000000	320.000000
0	3.928000	13.913043	240.000000	320.000000
0	3.974000	13.913043	240.000000	320.000000
0	4.006000	13.913043	240.000000	320.000000
0	4.037000	13.913043	240.000000	320.000000
0	4.068000	13.913043	240.000000	320.000000
0	4.099000	13.913043	240.000000	320.000000
0	4.130000	13.913043	240.000000	320.000000
0	4.162000	13.913043	240.000000	320.000000
0	4.208000	13.913043	240.000000	320.000000
0	4.240000	13.913043	240.000000	320.000000
0	4.271000	13.913043	240.000000	320.000000
0	4.302000	13.913043	240.000000	320.000000
0	4.333000	13.913043	240.000000	320.000000
0	4.364000	13.913043	240.000000	320.000000
0	4.396000	13.913043	240.000000	320.000000
0	4.427000	13.913043	240.000000	320.000000
0	4.474000	13.913043	240.000000	320.000000
0	4.505000	13.913043	240.000000	320.000000
0	4.536000	13.913043	240.000000	320.000000
0	4.567000	13.913043	240.000000	320.000000
0	4.598000	13.913043	240.000000	320.000000
0	4.630000	13.913043	240.000000	320.000000
0	4.661000	13.913043	240.000000	320.000000
0	4.708000	13.913043	240.000000	320.000000
0	4.739000	13.913043	240.000000	320.000000
0	4.770000	13.913043	240.000000	320.000000
0	4.801000	13.913043	240.000000	320.000000
0	4.832000	13.913043	240.000000	320.000000
0	4.864000	13.913043	240.000000	320.000000
0	4.895000	13.913043	240.000000	320.000000
0	4.942000	13.913043	240.000000	320.000000
0	4.973000	13.913043	240.000000	320.000000
0	5.004000	13.913043	240.000000	320.000000
0	5.035000	13.913043	240.000000	320.000000
0	5.066000	13.913043	240.000000	320.000000
0	5.098000	13.913043	240.000000	320.000000
0	5.129000	13.913043	240.000000	320.000000
0	5.160000	13.913043	240.000000	320.000000
0	5.207000	13.913043	240.000000	320.000000
0	5.238000	13.913043	240.000000	320.000000
0	5.269000	13.913043	240.000000	320.000000
0	5.300000	13.913043	240.000000	320.000000
0	5.332000	13.913043	240.000000	320.000000
0	5.363000	13.913043	240.000000	320.000000
0	5.394000	13.913043	240.000000	320.000000
0	5.441000	13.913043	240.000000	320.000000
0	5.472000	13.913043	240.000000	320.000000
0	5.503000	13.913043	240.000000	320.000000
0	5.534000	13.913043	240.000000	320.000000
0	5.566000	13.913043	240.000000	320.000000
0	5.597000	13.913043	240.000000	320.000000
0	5.628000	13.913043	240.000000	320.000000
0	5.675000	13.913043	240.000000	320.000000
0	5.706000	13.913043	240.000000	320.000000
0	5.737000	13.913043	240.000000	320.000000
0	5.768000	13.913043	240.000000	320.000000
0	5.800000	13.913043	240.000000	320.000000
0	5.831000	13.913043	240.000000	320.000000
0	5.862000	13.913043	240.000000	320.000000
0	5.893000	13.913043	240.000000	320.000000
0	5.940000	13.913043	240.000000	320.000000
0	5.971000	13.913043	240.000000	320.000000
0	6.002000	13.913043	240.000000	320.000000
0	6.034000	13.913043	240.000000	320.000000
0	6.065000	13.913043	240.000000	320.000000
0	6.096000	13.913043	240.000000	320.000000
0	6.127000	13.913043	240.000000	320.000000
0	6.174000	13.913043	240.000000	320.000000
0	6.205000	13.913043	240.000000	320.000000
0	6.236000	13.913043	240.000000	320.000000
0	6.268000	13.913043	240.000000	320.000000
0	6.299000	13.913043	240.000000	320.000000
0	6.330000	13.913043	240.000000	320.000000
0	6.361000	13.913043	240.000000	320.000000
0	6.408000	13.913043	240.000000	320.000000
0	6.439000	13.913043	240.000000	320.000000
0	6.470000	13.913043	240.000000	320.000000
0	6.502000	13.913043	240.000000	320.000000
0	6.533000	13.913043	240.000000	320.000000
0	6.564000	13.913043	240.000000	320.000000
0	6.595000	13.913043	240.000000	320.000000
0	6.626000	13.913043	240.000000	320.000000
0	6.673000	13.913043	240.000000	320.000000
0	6.704000	13.913043	240.000000	320.000000
0	6.736000	13.913043	240.000000	320.000000
0	6.767000	13.913043	240.000000	320.000000
0	6.798000	13.913043	240.000000	320.000000
0	6.829000	13.913043	240.000000	320.000000
0	6.860000	13.913043	240.000000	320.000000
0	6.907000	13.913043	240.000000	320.000000
0	6.938000	13.913043	240.000000	320.000000
0	6.970000	13.913043	240.000000	320.000000
0	7.001000	13.913043	240.000000	320.000000
0	7.032000	13.913043	240.000000	320.000000
0	7.063000	13.913043	240.000000	320.000000
0	7.094000	13.913043	240.000000	320.000000
0	7.141000	13.913043	240.000000	320.000000
0	7.172000	13.913043	240.000000	320.000000
0	7.204000	13.913043	240.000000	320.000000
0	7.235000	13.913043	240.000000	320.000000
0	7.266000	13.913043	240.000000	320.000000
0	7.297000	13.913043	240.000000	320.000000
0	7.328000	13.913043	240.000000	320.000000
0	7.360000	13.913043	240.000000	320.000000
0	7.406000	13.913043	240.000000	320.000000
0	7.438000	13.913043	240.000000	320.000000
0	7.469000	13.913043	240.000000	320.000000
0	7.500000	13.913043	240.000000	320.000000
0	7.531000	13.913043	240.000000	320.000000
0	7.562000	13.913043	240.000000	320.000000
0	7.594000	13.913043	240.000000	320.000000
0	7.640000	13.913043	240.000000	320.000000
0	7.672000	13.913043	240.000000	320.000000
0	7.703000	13.913043	240.000000	320.000000
0	7.734000	13.913043	240.000000	320.000000
0	7.765000	13.913043	240.000000	320.000000
0	7.796000	13.913043	240.000000	320.000000
0	7.828000	13.913043	240.000000	320.000000
0	7.874000	13.913043	240.000000	320.000000
0	7.906000	13.913043	240.000000	320.000000
0	7.937000	13.913043	240.000000	320.000000
0	7.968000	13.913043	240.000000	320.000000
0	7.999000	13.913043	240.000000	320.000000
0	8.030000	13.913043	240.000000	320.000000
0	8.062000	13.913043	240.000000	320.000000
0	8.093000	13.913043	240.000000	320.000000
0	8.140000	13.913043	240.000000	320.000000
0	8.171000	13.913043	240.000000	320.000000
0	8.202000	13.913043	240.000000	320.000000
0	8.233000	13.913043	240.000000	320.000000
0	8.264000	13.913043	240.000000	320.000000
0	8.296000	13.913043	240.000000	320.000000
0	8.327000	13.913043	240.000000	320.000000
0	8.358000	13.913043	240.000000	320.000000
0	8.405000	13.913043	240.000000	320.000000
0	8.436000	13.913043	240.000000	320.000000
0	8.467000	13.913043	240.000000	320.000000
0	8.498000	13.913043	240.000000	320.000000
0	8.530000	13.913043	240.000000	320.000000
0	8.561000	13.913043	240.000000	320.000000
0	8.592000	13.913043	240.000000	320.000000
0	8.639000	13.913043	240.000000	320.000000
0	8.670000	13.913043	240.000000	320.000000
0	8.701000	13.913043	240.000000	320.000000
0	8.732000	13.913043	240.000000	320.000000
0	8.764000	13.913043	240.000000	320.000000
0	8.795000	13.913043	240.000000	320.000000
0	8.826000	13.913043	240.000000	320.000000
0	8.873000	13.913043	240.000000	320.000000
0	8.904000	13.913043	240.000000	320.000000
0	8.935000	13.913043	240.000000	320.000000
0	8.966000	13.913043	240.000000	320.000000
0	8.998000	13.913043	240.000000	320.000000
0	9.029000	13.913043	240.000000	320.000000
0	9.060000	13.913043	240.000000	320.000000
0	9.091000	13.913043	240.000000	320.000000
0	9.138000	13.913043	240.000000	320.000000
0	9.169000	13.913043	240.000000	320.000000
0	9.200000	13.913043	240.000000	320.000000
0	9.232000	13.913043	240.000000	320.000000
0	9.263000	13.913043	240.000000	320.000000
0	9.294000	13.913043	240.000000	320.000000
0	9.325000	13.913043	240.000000	320.000000
0	9.372000	13.913043	240.000000	320.000000
0	9.403000	13.913043	240.000000	320.000000
0	9.434000	13.913043	240.000000	320.000000
0	9.466000	13.913043	240.000000	320.000000
0	9.497000	13.913043	240.000000	320.000000
0	9.528000	13.913043	240.000000	320.000000
0	9.559000	13.913043	240.000000	320.000000
0	9.606000	13.913043	240.000000	320.000000
0	9.637000	13.913043	240.000000	320.000000
0	9.668000	13.913043	240.000000	320.000000
0	9.700000	13.913043	240.000000	320.000000
0	9.731000	13.913043	240.000000	320.000000
0	9.762000	13.913043	240.000000	320.000000
0	9.793000	13.913043	240.000000	320.000000
0	9.824000	13.913043	240.000000	320.000000
0	9.871000	13.913043	240.000000	320.000000
0	9.902000	13.913043	240.000000	320.000000
0	9.934000	13.913043	240.000000	320.000000
0	9.965000	13.913043	240.000000	320.000000
0	9.996000	13.913043	240.000000	320.000000
0	10.027000	13.913043	240.000000	320.000000
0	10.058000	13.913043	240.000000	320.000000
0	10.105000	13.913043	240.000000	320.000000
0	10.136000	13.913043	240.000000	320.000000
0	10.168000	13.913043	240.000000	320.000000
0	10.199000	13.913043	240.000000	320.000000
0	10.230000	13.913043	240.000000	320.000000
0	10.261000	13.913043	240.000000	320.000000
0	10.292000	13.913043	240.000000	320.000000
0	10.339000	13.913043	240.000000	320.000000
0	10.370000	13.913043	240.000000	320.000000
0	10.402000	13.913043	240.000000	320.000000
0	10.433000	13.913043	240.000000	320.000000
0	10.464000	13.913043	240.000000	320.000000
0	10.495000	13.913043	240.000000	320.000000
0	10.526000	13.913043	240.000000	320.000000
0	10.558000	13.913043	240.000000	320.000000
0	10.604000	13.913043	240.000000	320.000000
0	10.636000	13.913043	240.000000	320.000000
0	10.667000	13.913043	240.000000	320.000000
0	10.698000	13.913043	240.000000	320.000000
0	10.729000	13.913043	240.000000	320.000000
0	10.760000	13.913043	240.000000	320.000000
0	10.792000	13.913043	240.000000	320.000000
0	10.838000	13.913043	240.000000	320.000000
0	10.870000	13.913043	240.000000	320.000000
0	10.901000	13.913043	240.000000	320.000000
0	10.932000	13.913043	240.000000	320.000000
0	10.963000	13.913043	240.000000	320.000000
0	10.994000	13.913043	240.000000	320.000000
0	11.026000	13.913043	240.000000	320.000000
0	11.072000	13.913043	240.000000	320.000000
0	11.104000	13.913043	240.000000	320.000000
0	11.135000	13.913043	240.000000	320.000000
0	11.166000	13.913043	240.000000	320.000000
0	11.197000	13.913043	240.000000	320.000000
0	11.228000	13.913043	240.000000	320.000000
0	11.260000	13.913043	240.000000	320.000000
0	11.291000	13.913043	240.000000	320.000000
0	11.338000	13.913043	240.000000	320.000000
0	11.369000	13.913043	240.000000	320.000000
0	11.400000	13.913043	240.000000	320.000000
0	11.431000	13.913043	240.000000	320.000000
0	11.462000	13.913043	240.000000	320.000000
0	11.494000	13.913043	240.000000	320.000000
0	11.525000	13.913043	240.000000	320.000000
0	11.572000	13.913043	240.000000	320.000000
0	11.603000	13.913043	240.000000	320.000000
0	11.634000	13.913043	240.000000	320.000000
0	11.665000	13.913043	240.000000	320.000000
0	11.696000	13.913043	240.000000	320.000000
0	11.728000	13.913043	240.000000	320.000000
0	11.759000	13.913043	240.000000	320.000000
0	11.806000	13.913043	240.000000	320.000000
0	11.837000	13.913043	240.000000	320.000000
0	11.868000	13.913043	240.000000	320.000000
0	11.899000	13.913043	240.000000	320.000000
0	11.930000	13.913043	240.000000	320.000000
0	11.962000	13.913043	240.000000	320.000000
0	11.993000	13.913043	240.000000	320.000000
0	12.024000	13.913043	240.000000	320.000000
0	12.071000	13.913043	240.000000	320.000000
0	12.102000	13.913043	240.000000	320.000000
0	12.133000	13.913043	240.000000	320.000000
0	12.164000	13.913043	240.000000	320.000000
0	12.196000	13.913043	240.000000	320.000000
0	12.227000	13.913043	240.000000	320.000000
0	12.258000	13.913043	240.000000	320.000000
0	12.289000	13.913043	240.000000	320.000000
0	12.336000	13.913043	240.000000	320.000000
0	12.367000	13.913043	240.000000	320.000000
0	12.398000	13.913043	240.000000	320.000000
0	12.430000	13.913043	240.000000	320.000000
0	12.461000	13.913043	240.000000	320.000000
0	12.492000	13.913043	240.000000	320.000000
0	12.523000	13.913043	240.000000	320.000000
0	12.570000	13.913043	240.000000	320.000000
0	12.601000	13.913043	240.000000	320.000000
0	12.632000	13.913043	240.000000	320.000000
0	12.664000	13.913043	240.000000	320.000000
0	12.695000	13.913043	240.000000	320.000000
0	12.726000	13.913043	240.000000	320.000000
0	12.757000	13.913043	240.000000	320.000000
0	12.804000	13.913043	240.000000	320.000000
0	12.835000	13.913043	240.000000	320.000000
0	12.866000	13.913043	240.000000	320.000000
0	12.898000	13.913043	240.000000	320.000000
0	12.929000	13.913043	240.000000	320.000000
0	12.960000	13.913043	240.000000	320.000000
0	12.991000	13.913043	240.000000	320.000000
0	13.022000	13.913043	240.000000	320.000000
0	13.069000	13.913043	240.000000	320.000000
0	13.100000	13.913043	240.000000	320.000000
0	13.132000	13.913043	240.000000	320.000000
0	13.163000	13.913043	240.000000	320.000000
0	13.194000	13.913043	240.000000	320.000000
0	13.225000	13.913043	240.000000	320.000000
0	13.256000	13.913043	240.000000	320.000000
0	13.303000	13.913043	240.000000	320.000000
0	13.334000	13.913043	240.000000	320.000000
0	13.366000	13.913043	240.000000	320.000000
0	13.397000	13.913043	240.000000	320.000000
0	13.428000	13.913043	240.000000	320.000000
0	13.459000	13.913043	240.000000	320.000000
0	13.490000	13.913043	240.000000	320.000000
0	13.537000	13.913043	240.000000	320.000000
0	13.568000	13.913043	240.000000	320.000000
0	13.600000	13.913043	240.000000	320.000000
0	13.631000	13.913043	240.000000	320.000000
0	13.662000	13.913043	240.000000	320.000000
0	13.693000	13.913043	240.000000	320.000000
0	13.724000	13.913043	240.000000	320.000000
0	13.756000	13.913043	240.000000	320.000000
0	13.802000	13.913043	240.000000	320.000000
0	13.834000	13.913043	240.000000	320.000000
0	13.865000	13.913043	240.000000	320.000000
0	13.896000	13.913043	240.000000	320.000000
0	13.927000	13.913043	240.000000	320.000000
0	13.958000	13.913043	240.000000	320.000000
0	13.990000	13.913043	240.000000	320.000000
0	14.036000	13.913043	240.000000	320.000000
0	14.068000	13.913043	240.000000	320.000000
0	14.099000	13.913043	240.000000	320.000000
0	14.130000	13.913043	240.000000	320.000000
0	14.161000	13.913043	240.000000	320.000000
0	14.192000	13.913043	240.000000	320.000000
0	14.224000	13.913043	240.000000	320.000000
0	14.270000	13.913043	240.000000	320.000000
0	14.302000	13.913043	240.000000	320.000000
0	14.333000	13.913043	240.000000	320.000000
0	14.364000	13.913043	240.000000	320.000000
0	14.395000	13.913043	240.000000	320.000000
0	14.426000	13.913043	240.000000	320.000000
0	14.458000	13.913043	240.000000	320.000000
0	14.489000	13.913043	240.000000	320.000000
0	14.536000	13.913043	240.000000	320.000000
0	14.567000	13.913043	240.000000	320.000000
0	14.598000	13.913043	240.000000	320.000000
0	14.629000	13.913043	240.000000	320.000000
0	14.660000	13.913043	240.000000	320.000000
0	14.692000	13.913043	240.000000	320.000000
0	14.723000	13.913043	240.000000	320.000000
0	14.770000	13.913043	240.000000	320.000000
0	14.801000	13.913043	240.000000	320.000000
0	14.832000	13.913043	240.000000	320.000000
0	14.863000	13.913043	240.000000	320.000000
0	14.894000	13.913043	240.000000	320.000000
0	14.926000	13.913043	240.000000	320.000000
0	14.957000	13.913043	240.000000	320.000000
0	15.004000	13.913043	240.000000	320.000000
0	15.035000	13.913043	240.000000	320.000000
0	15.066000	13.913043	240.000000	320.000000
0	15.097000	13.913043	240.000000	320.000000
0	15.128000	13.913043	240.000000	320.000000
0	15.160000	13.913043	240.000000	320.000000
0	15.191000	13.913043	240.000000	320.000000
0	15.222000	13.913043	240.000000	320.000000
0	15.269000	13.913043	240.000000	320.000000
0	15.300000	13.913043	240.000000	320.000000
0	15.331000	13.913043	240.000000	320.000000
0	15.362000	13.913043	240.000000	320.000000
0	15.394000	13.913043	240.000000	320.000000
0	15.425000	13.913043	240.000000	320.000000
0	15.456000	13.913043	240.000000	320.000000
0	15.503000	13.913043	240.000000	320.000000
0	15.534000	13.913043	240.000000	320.000000
0	15.565000	13.913043	240.000000	320.000000
0	15.596000	13.913043	240.000000	320.000000
0	15.628000	13.913043	240.000000	320.000000
0	15.659000	13.913043	240.000000	320.000000
0	15.690000	13.913043	240.000000	320.000000
0	15.737000	13.913043	240.000000	320.000000
0	15.768000	13.913043	240.000000	320.000000
0	15.799000	13.913043	240.000000	320.000000
0	15.830000	13.913043	240.000000	320.000000
0	15.862000	13.913043	240.000000	320.000000
0	15.893000	13.913043	240.000000	320.000000
0	15.924000	13.913043	240.000000	320.000000
0	15.955000	13.913043	240.000000	320.000000
0	16.002000	13.913043	240.000000	320.000000
0	16.033000	13.913043	240.000000	320.000000
0	16.064000	13.913043	240.000000	320.000000
0	16.096000	13.913043	240.000000	320.000000
0	16.127000	13.913043	240.000000	320.000000
0	16.158000	13.913043	240.000000	320.000000
0	16.189000	13.913043	240.000000	320.000000
0	16.220000	13.913043	240.000000	320.000000
0	16.267000	13.913043	240.000000	320.000000
0	16.298000	13.913043	240.000000	320.000000
0	16.330000	13.913043	240.000000	320.000000
0	16.361000	13.913043	240.000000	320.000000
0	16.392000	13.913043	240.000000	320.000000
0	16.423000	13.913043	240.000000	320.000000
0	16.454000	13.913043	240.000000	320.000000
0	16.501000	13.913043	240.000000	320.000000
0	16.532000	13.913043	240.000000	320.000000
0	16.564000	13.913043	240.000000	320.000000
0	16.595000	13.913043	240.000000	320.000000
0	16.626000	13.913043	240.000000	320.000000
0	16.657000	13.913043	240.000000	320.000000
0	16.688000	13.913043	240.000000	320.000000
0	16.735000	13.913043	240.000000	320.000000
0	16.766000	13.913043	240.000000	320.000000
0	16.798000	13.913043	240.000000	320.000000
0	16.829000	13.913043	240.000000	320.000000
0	16.860000	13.913043	240.000000	320.000000
0	16.891000	13.913043	240.000000	320.000000
0	16.922000	13.913043	240.000000	320.000000
0	16.954000	13.913043	240.000000	320.000000
0	17.000000	13.913043	240.000000	320.000000
0	17.032000	13.913043	240.000000	320.000000
0	17.063000	13.913043	240.000000	320.000000
0	17.094000	13.913043	240.000000	320.000000
0	17.125000	13.913043	240.000000	320.000000
0	17.156000	13.913043	240.000000	320.000000
0	17.188000	13.913043	240.000000	320.000000
0	17.234000	13.913043	240.000000	320.000000
0	17.266000	13.913043	240.000000	320.000000
0	17.297000	13.913043	240.000000	320.000000
0	17.328000	13.913043	240.000000	320.000000
0	17.359000	13.913043	240.000000	320.000000
0	17.390000	13.913043	240.000000	320.000000
0	17.422000	13.913043	240.000000	320.000000
0	17.468000	13.913043	240.000000	320.000000
0	17.500000	13.913043	240.000000	320.000000
0	17.531000	13.913043	240.000000	320.000000
0	17.562000	13.913043	240.000000	320.000000
0	17.593000	13.913043	240.000000	320.000000
0	17.624000	13.913043	240.000000	320.000000
0	17.656000	13.913043	240.000000	320.000000
0	17.687000	13.913043	240.000000	320.000000
0	17.734000	13.913043	240.000000	320.000000
0	17.765000	13.913043	240.000000	320.000000
0	17.796000	13.913043	240.000000	320.000000
0	17.827000	13.913043	240.000000	320.000000
0	17.858000	13.913043	240.000000	320.000000
0	17.890000	13.913043	240.000000	320.000000
0	17.921000	13.913043	240.000000	320.000000
0	17.968000	13.913043	240.000000	320.000000
0	17.999000	13.913043	240.000000	320.000000
0	18.030000	13.913043	240.000000	320.000000
0	18.061000	13.913043	240.000000	320.000000
0	18.092000	13.913043	240.000000	320.000000
0	18.124000	13.913043	240.000000	320.000000
0	18.155000	13.913043	240.000000	320.000000
0	18.202000	13.913043	240.000000	320.000000
0	18.233000	13.913043	240.000000	320.000000
0	18.264000	13.913043	240.000000	320.000000
0	18.295000	13.913043	240.000000	320.000000
0	18.326000	13.913043	240.000000	320.000000
0	18.358000	13.913043	240.000000	320.000000
0	18.389000	13.913043	240.000000	320.000000
0	18.420000	13.913043	240.000000	320.000000
0	18.467000	13.913043	240.000000	320.000000
0	18.498000	13.913043	240.000000	320.000000
0	18.529000	13.913043	240.000000	320.000000
0	18.560000	13.913043	240.000000	320.000000
0	18.592000	13.913043	240.000000	320.000000
0	18.623000	13.913043	240.000000	320.000000
0	18.654000	13.913043	240.000000	320.000000
0	18.701000	13.913043	240.000000	320.000000
0	18.732000	13.913043	240.000000	320.000000
0	18.763000	13.913043	240.000000	320.000000
0	18.794000	13.913043	240.000000	320.000000
0	18.826000	13.913043	240.000000	320.000000
0	18.857000	13.913043	240.000000	320.000000
0	18.888000	13.913043	240.000000	320.000000
0	18.935000	13.913043	240.000000	320.000000
0	18.966000	13.913043	240.000000	320.000000
0	18.997000	13.913043	240.000000	320.000000
0	19.028000	13.913043	240.000000	320.000000
0	19.060000	13.913043	240.000000	320.000000
0	19.091000	13.913043	240.000000	320.000000
0	19.122000	13.913043	240.000000	320.000000
0	19.153000	13.913043	240.000000	320.000000
0	19.200000	13.913043	240.000000	320.000000
0	19.231000	13.913043	240.000000	320.000000
0	19.262000	13.913043	240.000000	320.000000
0	19.294000	13.913043	240.000000	320.000000
0	19.325000	13.913043	240.000000	320.000000
0	19.356000	13.913043	240.000000	320.000000
0	19.387000	13.913043	240.000000	320.000000
0	19.434000	13.913043	240.000000	320.000000
0	19.465000	13.913043	240.000000	320.000000
0	19.496000	13.913043	240.000000	320.000000
0	19.528000	13.913043	240.000000	320.000000
0	19.559000	13.913043	240.000000	320.000000
0	19.590000	13.913043	240.000000	320.000000
0	19.621000	13.913043	240.000000	320.000000
0	19.668000	13.913043	240.000000	320.000000
0	19.699000	13.913043	240.000000	320.000000
0	19.730000	13.913043	240.000000	320.000000
0	19.762000	13.913043	240.000000	320.000000
0	19.793000	13.913043	240.000000	320.000000
0	19.824000	13.913043	240.000000	320.000000
0	19.855000	13.913043	240.000000	320.000000
0	19.886000	13.913043	240.000000	320.000000
0	19.933000	13.913043	240.000000	320.000000
0	19.964000	13.913043	240.000000	320.000000
0	19.996000	13.913043	240.000000	320.000000
0	20.027000	13.913043	240.000000	320.000000
0	20.058000	13.913043	240.000000	320.000000
0	20.089000	13.913043	240.000000	320.000000
0	20.120000	13.913043	240.000000	320.000000
0	20.167000	13.913043	240.000000	320.000000
0	20.198000	13.913043	240.000000	320.000000
0	20.230000	13.913043	240.000000	320.000000
0	20.261000	13.913043	240.000000	320.000000
0	20.292000	13.913043	240.000000	320.000000
0	20.323000	13.913043	240.000000	320.000000
0	20.354000	13.913043	240.000000	320.000000
0	20.386000	13.913043	240.000000	320.000000
0	20.432000	13.913043	240.000000	320.000000
0	20.464000	13.913043	240.000000	320.000000
0	20.495000	13.913043	240.000000	320.000000
0	20.526000	13.913043	240.000000	320.000000
0	20.557000	13.913043	240.000000	320.000000
0	20.588000	13.913043	240.000000	320.000000
0	20.620000	13.913043	240.000000	320.000000
0	20.666000	13.913043	240.000000	320.000000
0	20.698000	13.913043	240.000000	320.000000
0	20.729000	13.913043	240.000000	320.000000
0	20.760000	13.913043	240.000000	320.000000
0	20.791000	13.913043	240.000000	320.000000
0	20.822000	13.913043	240.000000	320.000000
0	20.854000	13.913043	240.000000	320.000000
0	20.900000	13.913043	240.000000	320.000000
0	20.932000	13.913043	240.000000	320.000000
0	20.963000	13.913043	240.000000	320.000000
0	20.994000	13.913043	240.000000	320.000000
0	21.025000	13.913043	240.000000	320.000000
0	21.056000	13.913043	240.000000	320.000000
0	21.088000	13.913043	240.000000	320.000000
0	21.119000	13.913043	240.000000	320.000000
0	21.166000	13.913043	240.000000	320.000000
0	21.197000	13.913043	240.000000	320.000000
0	21.228000	13.913043	240.000000	320.000000
0	21.259000	13.913043	240.000000	320.000000
0	21.290000	13.913043	240.000000	320.000000
0	21.322000	13.913043	240.000000	320.000000
0	21.353000	13.913043	240.000000	320.000000
0	21.400000	13.913043	240.000000	320.000000
0	21.431000	13.913043	240.000000	320.000000
0	21.462000	13.913043	240.000000	320.000000
0	21.493000	13.913043	240.000000	320.000000
0	21.525000	13.913043	240.000000	320.000000
0	21.556000	13.913043	240.000000	320.000000
0	21.587000	13.913043	240.000000	320.000000
0	21.618000	13.913043	240.000000	320.000000
0	21.665000	13.913043	240.000000	320.000000
0	21.696000	13.913043	240.000000	320.000000
0	21.727000	13.913043	240.000000	320.000000
0	21.759000	13.913043	240.000000	320.000000
0	21.790000	13.913043	240.000000	320.000000
0	21.821000	13.913043	240.000000	320.000000
0	21.852000	13.913043	240.000000	320.000000
0	21.899000	13.913043	240.000000	320.000000
0	21.930000	13.913043	240.000000	320.000000
0	21.961000	13.913043	240.000000	320.000000
0	21.993000	13.913043	240.000000	320.000000
0	22.024000	13.913043	240.000000	320.000000
0	22.055000	13.913043	240.000000	320.000000
0	22.086000	13.913043	240.000000	320.000000
0	22.133000	13.913043	240.000000	320.000000
0	22.164000	13.913043	240.000000	320.000000
0	22.195000	13.913043	240.000000	320.000000
0	22.227000	13.913043	240.000000	320.000000
0	22.258000	13.913043	240.000000	320.000000
0	22.289000	13.913043	240.000000	320.000000
0	22.320000	13.913043	240.000000	320.000000
0	22.351000	13.913043	240.000000	320.000000
0	22.398000	13.913043	240.000000	320.000000
0	22.429000	13.913043	240.000000	320.000000
0	22.461000	13.913043	240.000000	320.000000
0	22.492000	13.913043	240.000000	320.000000
0	22.523000	13.913043	240.000000	320.000000
0	22.554000	13.913043	240.000000	320.000000
0	22.585000	13.913043	240.000000	320.000000
0	22.632000	13.913043	240.000000	320.000000
0	22.663000	13.913043	240.000000	320.000000
0	22.695000	13.913043	240.000000	320.000000
0	22.726000	13.913043	240.000000	320.000000
0	22.757000	13.913043	240.000000	320.000000
0	22.788000	13.913043	240.000000	320.000000
0	22.819000	13.913043	240.000000	320.000000
0	22.866000	13.913043	240.000000	320.000000
0	22.897000	13.913043	240.000000	320.000000
0	22.929000	13.913043	240.000000	320.000000
0	22.960000	13.913043	240.000000	320.000000
0	22.991000	13.913043	240.000000	320.000000
0	23.022000	13.913043	240.000000	320.000000
0	23.053000	13.913043	240.000000	320.000000
0	23.085000	13.913043	240.000000	320.000000
0	23.131000	13.913043	240.000000	320.000000
0	23.163000	13.913043	240.000000	320.000000
0	23.194000	13.913043	240.000000	320.000000
0	23.225000	13.913043	240.000000	320.000000
0	23.256000	13.913043	240.000000	320.000000
0	23.287000	13.913043	240.000000	320.000000
0	23.319000	13.913043	240.000000	320.000000
0	23.365000	13.913043	240.000000	320.000000
0	23.397000	13.913043	240.000000	320.000000
0	23.428000	13.913043	240.000000	320.000000
0	23.459000	13.913043	240.000000	320.000000
0	23.490000	13.913043	240.000000	320.000000
0	23.521000	13.913043	240.000000	320.000000
0	23.553000	13.913043	240.000000	320.000000
0	23.599000	13.913043	240.000000	320.000000
0	23.631000	13.913043	240.000000	320.000000
0	23.662000	13.913043	240.000000	320.000000
0	23.693000	13.913043	240.000000	320.000000
0	23.724000	13.913043	240.000000	320.000000
0	23.755000	13.913043	240.000000	320.000000
0	23.787000	13.913043	240.000000	320.000000
0	23.818000	13.913043	240.000000	320.000000
0	23.865000	13.913043	240.000000	320.000000
0	23.896000	13.913043	240.000000	320.000000
0	23.927000	13.913043	240.000000	320.000000
0	23.958000	13.913043	240.000000	320.000000
0	23.989000	13.913043	240.000000	320.000000
0	24.021000	13.913043	240.000000	320.000000
0	24.052000	13.913043	240.000000	320.000000
0	24.099000	13.913043	240.000000	320.000000
0	24.130000	13.913043	240.000000	320.000000
0	24.161000	13.913043	240.000000	320.000000
0	24.192000	13.913043	240.000000	320.000000
0	24.223000	13.913043	240.000000	320.000000
0	24.255000	13.913043	240.000000	320.000000
0	24.286000	13.913043	240.000000	320.000000
0	24.317000	13.913043	240.000000	320.000000
0	24.364000	13.913043	240.000000	320.000000
0	24.395000	13.913043	240.000000	320.000000
0	24.426000	13.913043	240.000000	320.000000
0	24.457000	13.913043	240.000000	320.000000
0	24.489000	13.913043	240.000000	320.000000
0	24.520000	13.913043	240.000000	320.000000
0	24.551000	13.913043	240.000000	320.000000
0	24.598000	13.913043	240.000000	320.000000
0	24.629000	13.913043	240.000000	320.000000
0	24.660000	13.913043	240.000000	320.000000
0	24.691000	13.913043	240.000000	320.000000
0	24.723000	13.913043	240.000000	320.000000
0	24.754000	13.913043	240.000000	320.000000
0	24.785000	13.913043	240.000000	320.000000
0	24.832000	13.913043	240.000000	320.000000
0	24.863000	13.913043	240.000000	320.000000
0	24.894000	13.913043	240.000000	320.000000
0	24.925000	13.913043	240.000000	320.000000
0	24.957000	13.913043	240.000000	320.000000
0	24.988000	13.913043	240.000000	320.000000
0	25.019000	13.913043	240.000000	320.000000
0	25.050000	13.913043	240.000000	320.000000
0	25.097000	13.913043	240.000000	320.000000
0	25.128000	13.913043	240.000000	320.000000
0	25.159000	13.913043	240.000000	320.000000
0	25.191000	13.913043	240.000000	320.000000
0	25.222000	13.913043	240.000000	320.000000
0	25.253000	13.913043	240.000000	320.000000
0	25.284000	13.913043	240.000000	320.000000
0	25.331000	13.913043	240.000000	320.000000
0	25.362000	13.913043	240.000000	320.000000
0	25.393000	13.913043	240.000000	320.000000
0	25.425000	13.913043	240.000000	320.000000
0	25.456000	13.913043	240.000000	320.000000
0	25.487000	13.913043	240.000000	320.000000
0	25.518000	13.913043	240.000000	320.000000
0	25.565000	13.913043	240.000000	320.000000
0	25.596000	13.913043	240.000000	320.000000
0	25.627000	13.913043	240.000000	320.000000
0	25.659000	13.913043	240.000000	320.000000
0	25.690000	13.913043	240.000000	320.000000
0	25.721000	13.913043	240.000000	320.000000
0	25.752000	13.913043	240.000000	320.000000
0	25.783000	13.913043	240.000000	320.000000
0	25.830000	13.913043	240.000000	320.000000
0	25.861000	13.913043	240.000000	320.000000
0	25.893000	13.913043	240.000000	320.000000
0	25.924000	13.913043	240.000000	320.000000
0	25.955000	13.913043	240.000000	320.000000
0	25.986000	13.913043	240.000000	320.000000
0	26.017000	13.913043	240.000000	320.000000
0	26.064000	13.913043	240.000000	320.000000
0	26.095000	13.913043	240.000000	320.000000
0	26.127000	13.913043	240.000000	320.000000
0	26.158000	13.913043	240.000000	320.000000
0	26.189000	13.913043	240.000000	320.000000
0	26.220000	13.913043	240.000000	320.000000
0	26.251000	13.913043	240.000000	320.000000
0	26.298000	13.913043	240.000000	320.000000
0	26.329000	13.913043	240.000000	320.000000
0	26.361000	13.913043	240.000000	320.000000
0	26.392000	13.913043	240.000000	320.000000
0	26.423000	13.913043	240.000000	320.000000
0	26.454000	13.913043	240.000000	320.000000
0	26.485000	13.913043	240.000000	320.000000
0	26.517000	13.913043	240.000000	320.000000
0	26.563000	13.913043	240.000000	320.000000
0	26.595000	13.913043	240.000000	320.000000
0	26.626000	13.913043	240.000000	320.000000
0	26.657000	13.913043	240.000000	320.000000
0	26.688000	13.913043	240.000000	320.000000
0	26.719000	13.913043	240.000000	320.000000
0	26.751000	13.913043	240.000000	320.000000
0	26.797000	13.913043	240.000000	320.000000
0	26.829000	13.913043	240.000000	320.000000
0	26.860000	13.913043	240.000000	320.000000
0	26.891000	13.913043	240.000000	320.000000
0	26.922000	13.913043	240.000000	320.000000
0	26.953000	13.913043	240.000000	320.000000
0	26.985000	13.913043	240.000000	320.000000
0	27.016000	13.913043	240.000000	320.000000
0	27.063000	13.913043	240.000000	320.000000
0	27.094000	13.913043	240.000000	320.000000
0	27.125000	13.913043	240.000000	320.000000
0	27.156000	13.913043	240.000000	320.000000
0	27.187000	13.913043	240.000000	320.000000
0	27.219000	13.913043	240.000000	320.000000
0	27.250000	13.913043	240.000000	320.000000
0	27.297000	13.913043	240.000000	320.000000
0	27.328000	13.913043	240.000000	320.000000
0	27.359000	13.913043	240.000000	320.000000
0	27.390000	13.913043	240.000000	320.000000
0	27.421000	13.913043	240.000000	320.000000
0	27.453000	13.913043	240.000000	320.000000
0	27.484000	13.913043	240.000000	320.000000
0	27.531000	13.913043	240.000000	320.000000
0	27.562000	13.913043	240.000000	320.000000
0	27.593000	13.913043	240.000000	320.000000
0	27.624000	13.913043	240.000000	320.000000
0	27.655000	13.913043	240.000000	320.000000
0	27.687000	13.913043	240.000000	320.000000
0	27.718000	13.913043	240.000000	320.000000
0	27.749000	13.913043	240.000000	320.000000
0	27.796000	13.913043	240.000000	320.000000
0	27.827000	13.913043	240.000000	320.000000
0	27.858000	13.913043	240.000000	320.000000
0	27.889000	13.913043	240.000000	320.000000
0	27.921000	13.913043	240.000000	320.000000
0	27.952000	13.913043	240.000000	320.000000
0	27.983000	13.913043	240.000000	320.000000
0	28.030000	13.913043	240.000000	320.000000
0	28.061000	13.913043	240.000000	320.000000
0	28.092000	13.913043	240.000000	320.000000
0	28.123000	13.913043	240.000000	320.000000
0	28.155000	13.913043	240.000000	320.000000
0	28.186000	13.913043	240.000000	320.000000
0	28.217000	13.913043	240.000000	320.000000
0	28.248000	13.913043	240.000000	320.000000
0	28.295000	13.913043	240.000000	320.000000
0	28.326000	13.913043	240.000000	320.000000
0	28.357000	13.913043	240.000000	320.000000
0	28.389000	13.913043	240.000000	320.000000
0	28.420000	13.913043	240.000000	320.000000
0	28.451000	13.913043	240.000000	320.000000
0	28.482000	13.913043	240.000000	320.000000
0	28.529000	13.913043	240.000000	320.000000
0	28.560000	13.913043	240.000000	320.000000
0	28.591000	13.913043	240.000000	320.000000
0	28.623000	13.913043	240.000000	320.000000
0	28.654000	13.913043	240.000000	320.000000
0	28.685000	13.913043	240.000000	320.000000
0	28.716000	13.913043	240.000000	320.000000
0	28.763000	13.913043	240.000000	320.000000
0	28.794000	13.913043	240.000000	320.000000
0	28.825000	13.913043	240.000000	320.000000
0	28.857000	13.913043	240.000000	320.000000
0	28.888000	13.913043	240.000000	320.000000
0	28.919000	13.913043	240.000000	320.000000
0	28.950000	13.913043	240.000000	320.000000
0	28.981000	13.913043	240.000000	320.000000
0	29.028000	13.913043	240.000000	320.000000
0	29.059000	13.913043	240.000000	320.000000
0	29.091000	13.913043	240.000000	320.000000
0	29.122000	13.913043	240.000000	320.000000
0	29.153000	13.913043	240.000000	320.000000
0	29.184000	13.913043	240.000000	320.000000
0	29.215000	13.913043	240.000000	320.000000
0	29.262000	13.913043	240.000000	320.000000
0	29.293000	13.913043	240.000000	320.000000
0	29.325000	13.913043	240.000000	320.000000
0	29.356000	13.913043	240.000000	320.000000
0	29.387000	13.913043	240.000000	320.000000
0	29.418000	13.913043	240.000000	320.000000
0	29.449000	13.913043	240.000000	320.000000
0	29.496000	13.913043	240.000000	320.000000
0	29.527000	13.913043	240.000000	320.000000
0	29.559000	13.913043	240.000000	320.000000
0	29.590000	13.913043	240.000000	320.000000
0	29.621000	13.913043	240.000000	320.000000
0	29.652000	13.913043	240.000000	320.000000
0	29.683000	13.913043	240.000000	320.000000
0	29.715000	13.913043	240.000000	320.000000
0	29.761000	13.913043	240.000000	320.000000
0	29.793000	13.913043	240.000000	320.000000
0	29.824000	13.913043	240.000000	320.000000
0	29.855000	13.913043	240.000000	320.000000
0	29.886000	13.913043	240.000000	320.000000
0	29.917000	13.913043	240.000000	320.000000
0	29.949000	13.913043	240.000000	320.000000
0	29.995000	13.913043	240.000000	320.000000
<\LEFT-PUPIL-DATA>
<RIGHT-PUPIL-ANALYSIS>
1
0	0	17	902	0	0	0.509000	29.518000	0.509000	4.006067	0.000000	0.000000	0.000000	0	3	3	3	3	0	0	0	0.000000	0.000000	0.000000	0.000000	0.000000	0.000000	0.000000	-1.000000	0.000000	0	1.251365	0.664695	1.229909	0.347010	0.158000	-0.648254	-1.216290	-1.000000	0.071353	1	1.251365	0.664695	1.229909	0.347010	0.158000	-0.675187	-1.216292	-1.000000	0.069027
<\RIGHT-PUPIL-ANALYSIS>
<LEFT-PUPIL-ANALYSIS>
1
0	0	18	902	0	0	0.509000	29.518000	0.509000	4.006067	0.000000	0.000000	0.000000	0	3	3	3	3	0	0	0	0.000000	0.000000	0.000000	0.000000	0.000000	0.000000	0.000000	-1.000000	0.000000	0	-0.034783	-0.034783	0.000950	0.000950	0.033000	0.000000	0.000000	-1.000000	0.000000	1	-0.034783	-0.034783	0.000950	0.000950	0.033000	-1000000.000000	-1000000.000000	-1.000000	0.000000
<\LEFT-PUPIL-ANALYSIS>
%%%%%%%%%
%%%%%%%%%
%%%%%%%%%
%%%	Measurement Tiime is: 2017-09-05 10:26:28
%%%	Subject ID is: c57-1mois-F3-0.6b
%%%	Note: 
%%%	RSS: Default Human Relative Spectral Sensitivity
%%%	Pupil Analysis:
%%%
%%%
%%%
%%%	Pulse Index:	0
%%%	Stimulus Session Index:	0
%%%	Right Pupil Stimulated
%%%	Light Metric is Photopic
%%%	Stimulus Start Time(sec):	0.51
%%%	Stimulus Duration(sec):	29.52
%%%	Stimulus Pulse Duration(sec):	0.51
%%%	Right Pulse:	4.01	(Blue )	-	0.00	(Blue )	[Lux ]
%%%	Left Pulse:	0.00	(Blue )	-	0.00	(Blue )	[Lux ]
%%%
%%%		RIGHT	LEFT	R.Pupil Mean	L.Pupil Mean	R.Stim Mean	R.Stim Mean
%%%	INPUT:	RAW DATA	RAW DATA
%%%	STATE:	ABNORMAL	ABNORMAL	ABNORMAL	ABNORMAL	ABNORMAL	ABNORMAL
%%%	MAX(mm):	0.00	0.00	0.00	0.00	0.00	0.00
%%%	MIN(mm):	0.00	0.00	0.00	0.00	0.00	0.00
%%%	DELTA(mm):						
%%%	CH(%):						
%%%	LAT(sec):	0.00	0.00	0.00	0.00	0.00	0.00
%%%	CV(mm/s):	0.00	0.00	0.00	0.00	0.00	0.00
%%%	MCV(mm/s):	0.00	0.00	0.00	0.00	0.00	0.00
%%%	DV(mm/s):	0.00	0.00	0.00	0.00	0.00	0.00
%%%%%%%%%
%%%%%%%%%
%%%%%%%%%
%%%	Right Pupil Profile (1st row -> 1 == valid tracking, 0 == invalid tracking; 2nd row -> time; 3rd row -> diameter (mm))
%%%	1	1	1	1	1	1	1	0	1	1	1	1	1	1	1	0	1	0	1	1	0	1	1	1	1	0	0	1	1	0	1	0	0	0	1	0	1	1	1	1	1	1	1	1	1	0	1	0	1	1	1	1	1	1	0	1	0	1	0	0	1	1	1	1	1	1	0	0	1	1	0	1	1	0	1	1	1	0	1	0	1	0	1	1	1	1	1	1	1	0	1	1	1	0	1	0	1	1	1	1	0	1	0	0	0	0	1	0	1	0	0	1	1	1	1	1	0	1	1	1	0	0	0	1	1	0	1	0	0	0	0	0	1	1	1	0	0	0	1	1	0	1	0	1	0	0	0	0	0	1	0	0	0	0	0	0	1	0	1	1	0	0	0	1	0	1	1	1	0	1	0	1	0	1	1	1	0	0	0	1	0	1	0	1	1	1	0	0	0	0	1	0	0	1	0	1	1	0	1	0	1	0	0	0	0	0	0	0	1	1	1	1	0	0	0	1	1	1	0	0	0	0	1	0	0	1	0	1	1	1	1	0	1	0	1	0	0	0	0	0	0	1	0	0	0	0	1	1	0	0	1	0	1	0	0	0	0	0	0	0	0	0	0	0	0	0	0	1	0	1	1	1	0	1	0	0	0	0	0	0	0	0	0	0	0	0	0	0	0	0	1	1	0	0	0	0	0	0	0	0	0	0	0	0	1	1	0	0	1	0	0	0	0	0	0	0	1	1	0	0	0	0	1	0	1	0	0	0	0	0	0	0	0	1	0	1	0	0	1	0	1	0	0	1	1	1	0	0	1	1	1	0	0	0	1	1	1	1	0	0	1	0	1	0	1	0	0	0	1	1	0	1	1	0	1	0	1	1	0	0	0	0	0	0	0	1	0	1	0	1	0	0	0	0	1	1	1	0	1	0	1	1	0	0	0	0	1	1	0	1	0	0	1	0	1	1	1	0	0	1	1	1	0	1	0	0	0	1	1	0	1	1	0	0	0	0	1	0	1	0	0	1	1	1	0	0	0	1	1	1	1	0	1	1	1	0	1	0	1	1	0	0	0	0	1	1	0	0	0	0	0	0	1	0	0	0	0	1	1	0	1	0	0	1	0	1	0	1	1	0	1	1	1	1	0	0	0	1	0	0	0	0	0	0	0	0	1	1	0	0	0	0	0	0	1	0	1	0	0	1	0	1	1	0	1	1	0	0	1	1	1	0	0	0	0	0	0	1	0	0	1	1	1	1	0	0	1	0	1	1	0	0	0	0	1	1	1	0	0	1	0	1	0	0	0	0	0	0	0	0	1	0	0	0	1	1	0	1	0	0	0	0	0	0	0	0	1	0	1	0	0	1	0	0	0	1	0	0	0	0	0	1	0	0	1	1	1	0	0	0	0	0	0	0	1	1	0	0	0	0	0	0	1	1	0	0	0	0	0	0	1	0	0	1	0	0	0	0	1	0	1	1	0	1	0	0	0	0	1	0	0	1	1	0	0	0	1	1	0	0	0	1	0	0	0	0	0	1	0	0	1	1	0	0	0	0	0	0	0	1	0	0	0	0	0	0	1	0	0	0	0	0	0	0	0	0	1	0	0	0	0	0	0	0	0	1	0	0	0	0	0	0	0	0	0	0	0	0	0	0	1	0	1	1	0	0	1	1	1	0	0	0	1	0	0	0	0	1	1	1	1	0	0	0	0	0	0	1	0	1	1	0	1	0	0	0	0	0	0	0	0	0	0	1	0	0	0	0	1	1	0	1	1	0	1	1	1	0	0	1	0	0	0	0	0	0	0	0	0	1	0	0	0	1	0	0	0	0	0	0	1	0	0	1	0	0	1	1	1	0	0	0	0	1	0	1	1	0	0	1	0	0	0	0	0	1	0	1	1	0	1	1	0	1	1	0	1	1	0	0	1	0	1	1	1	1	1	0	1	0	0	1	0	0	0	0	1	0	0	0	0	1	0	0	1	0	0	0	0	0	0	1	0	1	0	0	1	1	1	0	1	1	0	1	0	0	1	0	1	1	0	0	1	0	0	0	0	0	0	0	0	0	1
%%%	-0.067000	-0.020000	0.011000	0.043000	0.074000	0.105000	0.136000	0.167000	0.199000	0.245000	0.277000	0.308000	0.339000	0.370000	0.401000	0.433000	0.479000	0.511000	0.542000	0.573000	0.604000	0.635000	0.667000	0.713000	0.745000	0.776000	0.807000	0.838000	0.869000	0.901000	0.932000	0.979000	1.010000	1.041000	1.072000	1.103000	1.135000	1.166000	1.213000	1.244000	1.275000	1.306000	1.337000	1.369000	1.400000	1.447000	1.478000	1.509000	1.540000	1.571000	1.603000	1.634000	1.665000	1.712000	1.743000	1.774000	1.805000	1.837000	1.868000	1.899000	1.946000	1.977000	2.008000	2.039000	2.071000	2.102000	2.133000	2.180000	2.211000	2.242000	2.273000	2.305000	2.336000	2.367000	2.398000	2.445000	2.476000	2.507000	2.539000	2.570000	2.601000	2.632000	2.679000	2.710000	2.741000	2.773000	2.804000	2.835000	2.866000	2.913000	2.944000	2.975000	3.007000	3.038000	3.069000	3.100000	3.131000	3.178000	3.209000	3.241000	3.272000	3.303000	3.334000	3.365000	3.412000	3.443000	3.475000	3.506000	3.537000	3.568000	3.599000	3.646000	3.677000	3.709000	3.740000	3.771000	3.802000	3.833000	3.865000	3.911000	3.943000	3.974000	4.005000	4.036000	4.067000	4.099000	4.130000	4.177000	4.208000	4.239000	4.270000	4.301000	4.333000	4.364000	4.411000	4.442000	4.473000	4.504000	4.535000	4.567000	4.598000	4.645000	4.676000	4.707000	4.738000	4.769000	4.801000	4.832000	4.863000	4.910000	4.941000	4.972000	5.003000	5.035000	5.066000	5.097000	5.144000	5.175000	5.206000	5.237000	5.269000	5.300000	5.331000	5.378000	5.409000	5.440000	5.471000	5.503000	5.534000	5.565000	5.596000	5.643000	5.674000	5.705000	5.737000	5.768000	5.799000	5.830000	5.877000	5.908000	5.939000	5.971000	6.002000	6.033000	6.064000	6.111000	6.142000	6.173000	6.205000	6.236000	6.267000	6.298000	6.329000	6.376000	6.407000	6.439000	6.470000	6.501000	6.532000	6.563000	6.610000	6.641000	6.673000	6.704000	6.735000	6.766000	6.797000	6.844000	6.875000	6.907000	6.938000	6.969000	7.000000	7.031000	7.063000	7.109000	7.141000	7.172000	7.203000	7.234000	7.265000	7.297000	7.343000	7.375000	7.406000	7.437000	7.468000	7.499000	7.531000	7.577000	7.609000	7.640000	7.671000	7.702000	7.733000	7.765000	7.796000	7.843000	7.874000	7.905000	7.936000	7.967000	7.999000	8.030000	8.061000	8.108000	8.139000	8.170000	8.201000	8.233000	8.264000	8.295000	8.342000	8.373000	8.404000	8.435000	8.467000	8.498000	8.529000	8.576000	8.607000	8.638000	8.669000	8.701000	8.732000	8.763000	8.794000	8.841000	8.872000	8.903000	8.935000	8.966000	8.997000	9.028000	9.075000	9.106000	9.137000	9.169000	9.200000	9.231000	9.262000	9.309000	9.340000	9.371000	9.403000	9.434000	9.465000	9.496000	9.527000	9.574000	9.605000	9.637000	9.668000	9.699000	9.730000	9.761000	9.808000	9.839000	9.871000	9.902000	9.933000	9.964000	9.995000	10.042000	10.073000	10.105000	10.136000	10.167000	10.198000	10.229000	10.261000	10.307000	10.339000	10.370000	10.401000	10.432000	10.463000	10.495000	10.541000	10.573000	10.604000	10.635000	10.666000	10.697000	10.729000	10.775000	10.807000	10.838000	10.869000	10.900000	10.931000	10.963000	10.994000	11.041000	11.072000	11.103000	11.134000	11.165000	11.197000	11.228000	11.275000	11.306000	11.337000	11.368000	11.399000	11.431000	11.462000	11.509000	11.540000	11.571000	11.602000	11.633000	11.665000	11.696000	11.727000	11.774000	11.805000	11.836000	11.867000	11.899000	11.930000	11.961000	12.008000	12.039000	12.070000	12.101000	12.133000	12.164000	12.195000	12.226000	12.273000	12.304000	12.335000	12.367000	12.398000	12.429000	12.460000	12.507000	12.538000	12.569000	12.601000	12.632000	12.663000	12.694000	12.741000	12.772000	12.803000	12.835000	12.866000	12.897000	12.928000	12.959000	13.006000	13.037000	13.069000	13.100000	13.131000	13.162000	13.193000	13.240000	13.271000	13.303000	13.334000	13.365000	13.396000	13.427000	13.474000	13.505000	13.537000	13.568000	13.599000	13.630000	13.661000	13.693000	13.739000	13.771000	13.802000	13.833000	13.864000	13.895000	13.927000	13.973000	14.005000	14.036000	14.067000	14.098000	14.129000	14.161000	14.192000	14.239000	14.270000	14.301000	14.332000	14.363000	14.395000	14.426000	14.473000	14.504000	14.535000	14.566000	14.597000	14.629000	14.660000	14.707000	14.738000	14.769000	14.800000	14.831000	14.863000	14.894000	14.925000	14.972000	15.003000	15.034000	15.065000	15.097000	15.128000	15.159000	15.206000	15.237000	15.268000	15.299000	15.331000	15.362000	15.393000	15.440000	15.471000	15.502000	15.533000	15.565000	15.596000	15.627000	15.658000	15.705000	15.736000	15.767000	15.799000	15.830000	15.861000	15.892000	15.939000	15.970000	16.001000	16.033000	16.064000	16.095000	16.126000	16.157000	16.204000	16.235000	16.267000	16.298000	16.329000	16.360000	16.391000	16.438000	16.469000	16.501000	16.532000	16.563000	16.594000	16.625000	16.672000	16.703000	16.735000	16.766000	16.797000	16.828000	16.859000	16.891000	16.937000	16.969000	17.000000	17.031000	17.062000	17.093000	17.125000	17.171000	17.203000	17.234000	17.265000	17.296000	17.327000	17.359000	17.405000	17.437000	17.468000	17.499000	17.530000	17.561000	17.593000	17.624000	17.671000	17.702000	17.733000	17.764000	17.795000	17.827000	17.858000	17.905000	17.936000	17.967000	17.998000	18.029000	18.061000	18.092000	18.139000	18.170000	18.201000	18.232000	18.263000	18.295000	18.326000	18.357000	18.404000	18.435000	18.466000	18.497000	18.529000	18.560000	18.591000	18.638000	18.669000	18.700000	18.731000	18.763000	18.794000	18.825000	18.856000	18.903000	18.934000	18.965000	18.997000	19.028000	19.059000	19.090000	19.137000	19.168000	19.199000	19.231000	19.262000	19.293000	19.324000	19.371000	19.402000	19.433000	19.465000	19.496000	19.527000	19.558000	19.589000	19.636000	19.667000	19.699000	19.730000	19.761000	19.792000	19.823000	19.870000	19.901000	19.933000	19.964000	19.995000	20.026000	20.057000	20.089000	20.135000	20.167000	20.198000	20.229000	20.260000	20.291000	20.323000	20.369000	20.401000	20.432000	20.463000	20.494000	20.525000	20.557000	20.603000	20.635000	20.666000	20.697000	20.728000	20.759000	20.791000	20.822000	20.869000	20.900000	20.931000	20.962000	20.993000	21.025000	21.056000	21.103000	21.134000	21.165000	21.196000	21.227000	21.259000	21.290000	21.337000	21.368000	21.399000	21.430000	21.462000	21.493000	21.524000	21.555000	21.602000	21.633000	21.664000	21.696000	21.727000	21.758000	21.789000	21.836000	21.867000	21.898000	21.930000	21.961000	21.992000	22.023000	22.070000	22.101000	22.132000	22.164000	22.195000	22.226000	22.257000	22.288000	22.335000	22.366000	22.398000	22.429000	22.460000	22.491000	22.522000	22.569000	22.600000	22.632000	22.663000	22.694000	22.725000	22.756000	22.803000	22.834000	22.866000	22.897000	22.928000	22.959000	22.990000	23.022000	23.068000	23.100000	23.131000	23.162000	23.193000	23.224000	23.256000	23.302000	23.334000	23.365000	23.396000	23.427000	23.458000	23.490000	23.536000	23.568000	23.599000	23.630000	23.661000	23.692000	23.724000	23.755000	23.802000	23.833000	23.864000	23.895000	23.926000	23.958000	23.989000	24.020000	24.067000	24.098000	24.129000	24.160000	24.192000	24.223000	24.254000	24.301000	24.332000	24.363000	24.394000	24.426000	24.457000	24.488000	24.535000	24.566000	24.597000	24.628000	24.660000	24.691000	24.722000	24.753000	24.800000	24.831000	24.862000	24.894000	24.925000	24.956000	24.987000	25.034000	25.065000	25.096000	25.128000	25.159000	25.190000	25.221000	25.268000	25.299000	25.330000	25.362000	25.393000	25.424000	25.455000	25.486000	25.533000	25.564000	25.596000	25.627000	25.658000	25.689000	25.720000	25.767000	25.798000	25.830000	25.861000	25.892000	25.923000	25.954000	26.001000	26.032000	26.064000	26.095000	26.126000	26.157000	26.188000	26.220000	26.266000	26.298000	26.329000	26.360000	26.391000	26.422000	26.454000	26.500000	26.532000	26.563000	26.594000	26.625000	26.656000	26.688000	26.734000	26.766000	26.797000	26.828000	26.859000	26.890000	26.922000	26.953000	27.000000	27.031000	27.062000	27.093000	27.124000	27.156000	27.187000	27.234000	27.265000	27.296000	27.327000	27.358000	27.390000	27.421000	27.468000	27.499000	27.530000	27.561000	27.592000	27.624000	27.655000	27.686000	27.733000	27.764000	27.795000	27.826000	27.858000	27.889000	27.920000	27.951000	27.998000	28.029000	28.060000	28.092000	28.123000	28.154000	28.185000	28.232000	28.263000	28.294000	28.326000	28.357000	28.388000	28.419000	28.466000	28.497000	28.528000	28.560000	28.591000	28.622000	28.653000	28.684000	28.731000	28.762000	28.794000	28.825000	28.856000	28.887000	28.918000	28.965000	28.996000	29.028000	29.059000	29.090000	29.121000	29.152000	29.199000	29.230000	29.262000	29.293000	29.324000	29.355000	29.386000	29.418000	29.464000	29.496000	29.527000	29.558000	29.589000	29.620000	29.652000	29.698000	29.730000	29.761000	29.792000	29.823000	29.854000	29.886000	29.932000	29.964000	29.995000
%%%	1.284058	1.261884	1.267971	1.273913	1.285797	1.333333	1.257246	0.921159	1.257246	1.174058	1.238116	1.277971	1.251594	1.211594	1.257681	1.078261	1.252174	1.136377	1.267971	1.211449	1.333333	1.286957	1.262029	1.214493	1.252174	0.875507	0.971159	1.083623	1.105942	0.835217	1.061884	0.811449	0.829855	0.805797	0.774638	0.733623	0.724203	0.717971	0.702754	0.690145	0.707246	0.684058	0.661739	0.673333	0.708116	0.684058	0.670580	0.670725	0.728551	0.660870	0.683623	0.704348	0.690290	0.672319	0.707246	0.690725	0.637681	0.652464	0.690725	0.682029	0.718841	0.691884	0.682464	0.718841	0.695652	0.654928	0.689420	0.717971	0.672899	0.710290	0.684058	0.778841	0.742464	0.733188	0.689710	0.773188	0.740145	0.765217	0.760290	0.684058	0.735797	0.689710	0.720145	0.760145	0.792898	0.714203	0.726667	0.746667	0.749420	0.690725	0.774638	0.760290	0.747971	0.784492	0.800725	0.684058	0.762029	0.813623	0.753188	0.732029	0.823188	0.742029	0.684058	0.708696	0.660870	0.729855	0.793623	0.672899	0.743623	0.751449	0.707246	0.738986	0.794638	0.793623	0.724928	0.753623	0.744928	0.736232	0.677681	0.773188	0.684058	0.696667	0.747826	0.747246	0.770725	0.690145	0.814638	0.760290	0.741884	0.761884	0.756667	0.744928	0.796812	0.800000	0.743623	0.776812	0.753623	0.759420	0.735362	0.753623	0.753623	0.764203	0.761014	0.761014	0.866812	0.782319	0.778841	0.757246	0.743478	0.789710	0.777536	0.742464	0.695797	0.765217	0.779710	0.865797	0.872754	0.707246	0.794203	0.894638	0.729420	0.753623	0.730435	0.794203	0.800000	0.938696	0.778841	0.749420	0.831594	0.904348	0.760290	0.950580	0.920145	0.735797	0.957102	0.760290	0.835797	0.755942	0.775072	0.898551	0.788986	0.824928	0.848841	0.962319	0.966812	0.857681	0.800000	0.831594	0.800000	0.844058	0.800580	0.840725	0.850580	0.968406	0.933188	0.816377	0.836377	0.834783	0.851304	0.816667	0.800580	0.841015	0.850725	0.788406	0.811449	0.811449	0.762464	0.813623	0.799420	0.831449	0.848406	0.782029	0.800000	0.855507	0.799710	0.811014	0.848406	0.871884	0.812464	0.823188	0.814638	0.792608	0.833768	0.891884	0.837971	0.835362	0.834783	0.811594	0.991449	0.857536	0.853333	0.829420	0.846377	0.776812	1.017971	0.869565	0.755942	0.898406	0.869565	0.823188	0.820145	0.801159	0.869565	0.847246	0.811594	0.798841	0.835942	1.008696	0.882029	0.800580	0.800000	0.805942	1.014638	0.822319	0.837101	0.869565	0.828986	0.901594	0.886957	0.818985	0.857681	0.874348	0.857681	0.878261	0.905072	0.848406	0.794638	0.990725	0.857971	0.848985	0.857102	0.985507	0.864638	0.989130	0.865797	0.903333	0.846232	0.866377	0.822754	0.912319	0.814058	0.869565	0.892754	0.884928	0.842464	0.986377	0.904348	0.846377	0.902029	0.869565	1.071594	0.991015	0.811594	1.017971	0.892464	0.926667	0.852174	0.813623	0.996232	0.833768	0.962319	0.884928	0.865217	0.921159	1.042898	1.049275	0.787536	0.826087	1.007102	0.881449	0.886957	0.892754	0.828986	0.794203	0.815507	0.853333	1.113043	0.869565	0.881449	1.079275	0.845942	1.007102	1.078841	1.084058	1.100000	0.869565	0.869565	1.062754	0.857971	0.869565	0.885507	0.858116	1.044058	0.857102	0.949710	0.834783	0.884928	0.894203	0.869565	0.857536	1.066667	0.820290	0.830435	1.078261	1.096812	1.147826	0.887971	0.972899	1.113043	1.114638	1.096812	1.147826	1.020145	0.847246	0.949710	1.095652	1.072464	1.029855	0.904348	0.929855	1.084203	0.964058	1.078841	1.008696	1.061449	0.869565	0.990290	0.927536	1.059855	1.060870	0.866812	0.858116	1.089855	0.931015	0.892898	0.866232	1.079855	1.087536	0.895072	0.894203	1.007102	1.046812	0.881159	0.927536	0.869565	1.055072	0.888116	1.096667	1.070145	1.083768	1.060290	0.869565	0.941159	0.959855	1.079420	1.095652	1.044058	0.923189	1.048985	0.937971	1.090725	1.103623	0.951015	0.931015	0.904348	0.921159	1.107102	1.062029	1.139855	1.062029	1.081015	0.927536	1.078261	0.914203	1.129420	1.041884	1.078841	1.027246	0.869565	1.062029	1.047826	0.962319	0.869565	1.089710	0.927536	0.846377	0.939130	1.117971	1.094203	0.869565	1.079275	1.100580	0.921739	0.897246	0.952029	0.962319	1.142029	1.090725	1.118406	1.116666	1.171015	0.982464	1.133333	0.897246	1.078261	1.061884	1.240580	1.095797	1.187971	1.124927	1.154928	0.946812	1.174058	1.106377	1.240580	0.978406	1.147681	0.939275	0.973913	1.118551	1.025942	0.955942	0.927681	0.915942	1.095652	0.904493	0.934493	0.915942	0.987536	0.923333	0.963623	0.901449	0.913623	1.008696	0.921884	0.959275	1.015796	0.936812	1.113623	0.912029	1.113768	0.931449	1.077101	1.111014	0.961449	1.140725	0.973913	1.109855	1.150580	0.901449	1.156522	1.141449	1.161884	1.158551	0.940145	1.025507	1.087536	1.201594	1.079855	0.876812	0.939855	1.031884	1.104928	1.007102	1.078986	0.990145	1.138551	1.131449	1.147826	0.918406	1.078261	0.869565	0.935797	0.935797	1.095652	1.060870	1.133188	1.109710	0.985507	1.147826	1.042319	1.124638	1.112464	1.070580	1.146232	1.170725	0.930435	0.995652	1.135942	1.081594	1.159420	1.283768	0.965217	0.910145	0.951594	1.083333	0.973913	1.147826	0.997681	1.022754	1.172319	1.174493	1.154928	1.188406	0.991304	0.991449	1.116667	0.891884	1.153768	1.160290	1.031449	1.049275	1.374927	1.055072	1.182609	1.102899	1.162464	1.069565	0.869565	1.091884	1.078841	1.135942	1.104348	0.955507	0.988116	0.950290	0.876232	1.167971	0.966232	0.931449	1.147826	0.941014	0.962319	0.979275	1.147826	1.098841	1.055072	1.082029	0.880725	1.104928	1.040580	1.016377	1.378841	0.915942	0.883768	1.289565	1.087971	0.905797	1.094493	0.939130	0.964203	1.079420	1.008841	0.865797	0.905072	1.048841	0.883768	1.078261	0.962319	0.934928	1.024928	1.087971	0.962319	0.946812	1.133333	1.095072	1.078841	0.931015	0.869565	0.915942	0.914927	0.892754	1.025942	0.922754	1.079275	1.111449	0.869565	0.869565	0.843478	1.042898	0.884203	0.922754	1.078261	1.078261	0.930580	1.031884	0.977681	1.065797	0.892754	1.062029	1.071159	0.876812	0.947971	1.044058	0.973333	0.990290	0.883623	0.957536	1.089855	0.902029	1.099420	1.107246	1.062319	1.124638	0.961014	1.008696	1.008696	1.089710	1.092898	1.061449	0.929855	0.951015	1.066812	1.072899	0.920725	1.064203	0.920145	1.130725	0.894493	0.915942	0.985507	1.095652	0.954928	1.013768	1.078261	0.946812	0.921739	0.909275	1.078261	0.874928	1.098406	1.062029	0.937971	0.962319	0.869565	1.124927	0.902754	0.904348	0.872754	1.078261	0.931884	0.892754	1.016812	0.919275	1.008696	0.944493	1.049420	0.904348	0.896232	1.017536	0.964203	0.962319	0.951159	0.911449	0.914203	0.972899	1.107246	0.897971	1.168551	0.921159	0.939130	1.704928	0.950725	1.014493	0.942319	1.100580	0.974928	0.987971	0.928841	0.937971	0.898986	0.904348	0.960290	0.955942	0.946232	0.886957	0.873333	0.948551	0.960290	1.064638	0.869565	0.950725	1.061884	0.991884	0.993623	1.057102	1.081594	0.927681	1.079275	0.945507	0.913768	0.915942	1.078261	0.951015	0.926667	0.939130	0.965797	0.924493	1.025942	1.004638	0.864203	0.927246	0.905943	0.869565	0.854928	0.931594	0.944928	0.886377	0.962319	0.913623	0.884203	0.856957	1.078841	1.096667	0.975072	0.915797	1.031884	0.973043	1.009420	0.970725	1.087971	1.155362	1.263768	1.140145	1.096812	0.990290	1.059710	1.096812	1.092754	1.088551	1.008696	1.062029	1.072464	0.956522	1.100725	0.921739	1.079420	1.008696	1.026667	1.060870	0.982029	1.057681	0.947246	0.973913	1.008696	0.962319	1.049420	0.962319	0.927536	1.100725	0.969565	0.965507	0.901015	1.090580	1.007102	1.079420	0.927246	1.025942	0.973913	1.060725	1.077681	1.007102	0.909855	1.055072	1.026667	0.962319	1.066667	1.020580	1.121884	0.987971	1.017536	1.000145	0.964203	1.089710	1.059275	1.074493	1.104928	1.007102	0.869565	1.077246	1.117971	1.033623	0.939130	1.055072	0.992319	1.100580	1.078261	1.082464	1.078261	0.829420	1.131449	1.147826	1.100725	1.098985	1.146812	0.994058	1.113043	1.104928	1.002899	1.113188	1.120725	1.147826	1.091014	1.115797	0.927536	1.133333	1.059855	1.209855	1.078841	1.078261	1.054928	1.097246	1.009420	0.962319	1.090290	0.962319	1.050725	0.915942	1.035507	0.915942	0.968551	0.961449	1.008116	0.920145	0.980290	0.874493	1.003188	1.078261	0.942029	1.072899	0.997101	1.055072	1.044058	1.025072	1.043478	0.939130	1.079855	1.095652	1.072899	0.869565	1.059855	1.055507	0.939130	0.973913	1.020580	0.889275	0.984058	0.949130	1.044058	1.078841	1.023188	1.072464	1.061449	1.147826	0.973913	0.962319	1.006377	0.975507	0.962319	1.044058	0.920145	0.935797	0.904348
%%%	Left Pupil Profile (1st row -> 1 == valid tracking, 0 == invalid tracking; 2nd row -> time; 3rd row -> diameter (mm))
%%%	0	0	0	0	0	0	0	0	0	0	0	0	0	0	0	0	0	0	0	0	0	0	0	0	0	0	0	0	0	0	0	0	0	0	0	0	0	0	0	0	0	0	0	0	0	0	0	0	0	0	0	0	0	0	0	0	0	0	0	0	0	0	0	0	0	0	0	0	0	0	0	0	0	0	0	0	0	0	0	0	0	0	0	0	0	0	0	0	0	0	0	0	0	0	0	0	0	0	0	0	0	0	0	0	0	0	0	0	0	0	0	0	0	0	0	0	0	0	0	0	0	0	0	0	0	0	0	0	0	0	0	0	0	0	0	0	0	0	0	0	0	0	0	0	0	0	0	0	0	0	0	0	0	0	0	0	0	0	0	0	0	0	0	0	0	0	0	0	0	0	0	0	0	0	0	0	0	0	0	0	0	0	0	0	0	0	0	0	0	0	0	0	0	0	0	0	0	0	0	0	0	0	0	0	0	0	0	0	0	0	0	0	0	0	0	0	0	0	0	0	0	0	0	0	0	0	0	0	0	0	0	0	0	0	0	0	0	0	0	0	0	0	0	0	0	0	0	0	0	0	0	0	0	0	0	0	0	0	0	0	0	0	0	0	0	0	0	0	0	0	0	0	0	0	0	0	0	0	0	0	0	0	0	0	0	0	0	0	0	0	0	0	0	0	0	0	0	0	0	0	0	0	0	0	0	0	0	0	0	0	0	0	0	0	0	0	0	0	0	0	0	0	0	0	0	0	0	0	0	0	0	0	0	0	0	0	0	0	0	0	0	0	0	0	0	0	0	0	0	0	0	0	0	0	0	0	0	0	0	0	0	0	0	0	0	0	0	0	0	0	0	0	0	0	0	0	0	0	0	0	0	0	0	0	0	0	0	0	0	0	0	0	0	0	0	0	0	0	0	0	0	0	0	0	0	0	0	0	0	0	0	0	0	0	0	0	0	0	0	0	0	0	0	0	0	0	0	0	0	0	0	0	0	0	0	0	0	0	0	0	0	0	0	0	0	0	0	0	0	0	0	0	0	0	0	0	0	0	0	0	0	0	0	0	0	0	0	0	0	0	0	0	0	0	0	0	0	0	0	0	0	0	0	0	0	0	0	0	0	0	0	0	0	0	0	0	0	0	0	0	0	0	0	0	0	0	0	0	0	0	0	0	0	0	0	0	0	0	0	0	0	0	0	0	0	0	0	0	0	0	0	0	0	0	0	0	0	0	0	0	0	0	0	0	0	0	0	0	0	0	0	0	0	0	0	0	0	0	0	0	0	0	0	0	0	0	0	0	0	0	0	0	0	0	0	0	0	0	0	0	0	0	0	0	0	0	0	0	0	0	0	0	0	0	0	0	0	0	0	0	0	0	0	0	0	0	0	0	0	0	0	0	0	0	0	0	0	0	0	0	0	0	0	0	0	0	0	0	0	0	0	0	0	0	0	0	0	0	0	0	0	0	0	0	0	0	0	0	0	0	0	0	0	0	0	0	0	0	0	0	0	0	0	0	0	0	0	0	0	0	0	0	0	0	0	0	0	0	0	0	0	0	0	0	0	0	0	0	0	0	0	0	0	0	0	0	0	0	0	0	0	0	0	0	0	0	0	0	0	0	0	0	0	0	0	0	0	0	0	0	0	0	0	0	0	0	0	0	0	0	0	0	0	0	0	0	0	0	0	0	0	0	0	0	0	0	0	0	0	0	0	0	0	0	0	0	0	0	0	0	0	0	0	0	0	0	0	0	0	0	0	0	0	0	0	0	0	0	0	0	0	0	0	0	0	0	0	0	0	0	0	0	0	0	0	0	0	0	0	0	0	0	0	0	0	0	0	0	0	0	0	0	0	0	0	0	0	0	0	0	0	0	0	0	0	0	0	0	0	0	0	0	0	0	0	0	0	0	0	0	0	0	0	0	0	0	0	0	0	0	0	0	0	0	0	0	0	0	0	0	0	0	0	0	0	0	0	0	0	0	0	0	0	0	0	0	0	0	0	0	0	0	0	0	0	0	0	0	0	0	0	0	0	0	0	0	0	0	0	0	0	0	0
%%%	-0.066000	-0.035000	-0.004000	0.043000	0.074000	0.106000	0.137000	0.168000	0.199000	0.230000	0.277000	0.308000	0.340000	0.371000	0.402000	0.433000	0.464000	0.496000	0.542000	0.574000	0.605000	0.636000	0.667000	0.698000	0.730000	0.776000	0.808000	0.839000	0.870000	0.901000	0.932000	0.964000	1.010000	1.042000	1.073000	1.104000	1.135000	1.166000	1.198000	1.229000	1.276000	1.307000	1.338000	1.369000	1.400000	1.432000	1.463000	1.510000	1.541000	1.572000	1.603000	1.634000	1.666000	1.697000	1.744000	1.775000	1.806000	1.837000	1.868000	1.900000	1.931000	1.962000	2.009000	2.040000	2.071000	2.102000	2.134000	2.165000	2.196000	2.243000	2.274000	2.305000	2.336000	2.368000	2.399000	2.430000	2.477000	2.508000	2.539000	2.570000	2.602000	2.633000	2.664000	2.695000	2.742000	2.773000	2.804000	2.836000	2.867000	2.898000	2.929000	2.976000	3.007000	3.038000	3.070000	3.101000	3.132000	3.163000	3.210000	3.241000	3.272000	3.304000	3.335000	3.366000	3.397000	3.428000	3.475000	3.506000	3.538000	3.569000	3.600000	3.631000	3.662000	3.709000	3.740000	3.772000	3.803000	3.834000	3.865000	3.896000	3.928000	3.974000	4.006000	4.037000	4.068000	4.099000	4.130000	4.162000	4.208000	4.240000	4.271000	4.302000	4.333000	4.364000	4.396000	4.427000	4.474000	4.505000	4.536000	4.567000	4.598000	4.630000	4.661000	4.708000	4.739000	4.770000	4.801000	4.832000	4.864000	4.895000	4.942000	4.973000	5.004000	5.035000	5.066000	5.098000	5.129000	5.160000	5.207000	5.238000	5.269000	5.300000	5.332000	5.363000	5.394000	5.441000	5.472000	5.503000	5.534000	5.566000	5.597000	5.628000	5.675000	5.706000	5.737000	5.768000	5.800000	5.831000	5.862000	5.893000	5.940000	5.971000	6.002000	6.034000	6.065000	6.096000	6.127000	6.174000	6.205000	6.236000	6.268000	6.299000	6.330000	6.361000	6.408000	6.439000	6.470000	6.502000	6.533000	6.564000	6.595000	6.626000	6.673000	6.704000	6.736000	6.767000	6.798000	6.829000	6.860000	6.907000	6.938000	6.970000	7.001000	7.032000	7.063000	7.094000	7.141000	7.172000	7.204000	7.235000	7.266000	7.297000	7.328000	7.360000	7.406000	7.438000	7.469000	7.500000	7.531000	7.562000	7.594000	7.640000	7.672000	7.703000	7.734000	7.765000	7.796000	7.828000	7.874000	7.906000	7.937000	7.968000	7.999000	8.030000	8.062000	8.093000	8.140000	8.171000	8.202000	8.233000	8.264000	8.296000	8.327000	8.358000	8.405000	8.436000	8.467000	8.498000	8.530000	8.561000	8.592000	8.639000	8.670000	8.701000	8.732000	8.764000	8.795000	8.826000	8.873000	8.904000	8.935000	8.966000	8.998000	9.029000	9.060000	9.091000	9.138000	9.169000	9.200000	9.232000	9.263000	9.294000	9.325000	9.372000	9.403000	9.434000	9.466000	9.497000	9.528000	9.559000	9.606000	9.637000	9.668000	9.700000	9.731000	9.762000	9.793000	9.824000	9.871000	9.902000	9.934000	9.965000	9.996000	10.027000	10.058000	10.105000	10.136000	10.168000	10.199000	10.230000	10.261000	10.292000	10.339000	10.370000	10.402000	10.433000	10.464000	10.495000	10.526000	10.558000	10.604000	10.636000	10.667000	10.698000	10.729000	10.760000	10.792000	10.838000	10.870000	10.901000	10.932000	10.963000	10.994000	11.026000	11.072000	11.104000	11.135000	11.166000	11.197000	11.228000	11.260000	11.291000	11.338000	11.369000	11.400000	11.431000	11.462000	11.494000	11.525000	11.572000	11.603000	11.634000	11.665000	11.696000	11.728000	11.759000	11.806000	11.837000	11.868000	11.899000	11.930000	11.962000	11.993000	12.024000	12.071000	12.102000	12.133000	12.164000	12.196000	12.227000	12.258000	12.289000	12.336000	12.367000	12.398000	12.430000	12.461000	12.492000	12.523000	12.570000	12.601000	12.632000	12.664000	12.695000	12.726000	12.757000	12.804000	12.835000	12.866000	12.898000	12.929000	12.960000	12.991000	13.022000	13.069000	13.100000	13.132000	13.163000	13.194000	13.225000	13.256000	13.303000	13.334000	13.366000	13.397000	13.428000	13.459000	13.490000	13.537000	13.568000	13.600000	13.631000	13.662000	13.693000	13.724000	13.756000	13.802000	13.834000	13.865000	13.896000	13.927000	13.958000	13.990000	14.036000	14.068000	14.099000	14.130000	14.161000	14.192000	14.224000	14.270000	14.302000	14.333000	14.364000	14.395000	14.426000	14.458000	14.489000	14.536000	14.567000	14.598000	14.629000	14.660000	14.692000	14.723000	14.770000	14.801000	14.832000	14.863000	14.894000	14.926000	14.957000	15.004000	15.035000	15.066000	15.097000	15.128000	15.160000	15.191000	15.222000	15.269000	15.300000	15.331000	15.362000	15.394000	15.425000	15.456000	15.503000	15.534000	15.565000	15.596000	15.628000	15.659000	15.690000	15.737000	15.768000	15.799000	15.830000	15.862000	15.893000	15.924000	15.955000	16.002000	16.033000	16.064000	16.096000	16.127000	16.158000	16.189000	16.220000	16.267000	16.298000	16.330000	16.361000	16.392000	16.423000	16.454000	16.501000	16.532000	16.564000	16.595000	16.626000	16.657000	16.688000	16.735000	16.766000	16.798000	16.829000	16.860000	16.891000	16.922000	16.954000	17.000000	17.032000	17.063000	17.094000	17.125000	17.156000	17.188000	17.234000	17.266000	17.297000	17.328000	17.359000	17.390000	17.422000	17.468000	17.500000	17.531000	17.562000	17.593000	17.624000	17.656000	17.687000	17.734000	17.765000	17.796000	17.827000	17.858000	17.890000	17.921000	17.968000	17.999000	18.030000	18.061000	18.092000	18.124000	18.155000	18.202000	18.233000	18.264000	18.295000	18.326000	18.358000	18.389000	18.420000	18.467000	18.498000	18.529000	18.560000	18.592000	18.623000	18.654000	18.701000	18.732000	18.763000	18.794000	18.826000	18.857000	18.888000	18.935000	18.966000	18.997000	19.028000	19.060000	19.091000	19.122000	19.153000	19.200000	19.231000	19.262000	19.294000	19.325000	19.356000	19.387000	19.434000	19.465000	19.496000	19.528000	19.559000	19.590000	19.621000	19.668000	19.699000	19.730000	19.762000	19.793000	19.824000	19.855000	19.886000	19.933000	19.964000	19.996000	20.027000	20.058000	20.089000	20.120000	20.167000	20.198000	20.230000	20.261000	20.292000	20.323000	20.354000	20.386000	20.432000	20.464000	20.495000	20.526000	20.557000	20.588000	20.620000	20.666000	20.698000	20.729000	20.760000	20.791000	20.822000	20.854000	20.900000	20.932000	20.963000	20.994000	21.025000	21.056000	21.088000	21.119000	21.166000	21.197000	21.228000	21.259000	21.290000	21.322000	21.353000	21.400000	21.431000	21.462000	21.493000	21.525000	21.556000	21.587000	21.618000	21.665000	21.696000	21.727000	21.759000	21.790000	21.821000	21.852000	21.899000	21.930000	21.961000	21.993000	22.024000	22.055000	22.086000	22.133000	22.164000	22.195000	22.227000	22.258000	22.289000	22.320000	22.351000	22.398000	22.429000	22.461000	22.492000	22.523000	22.554000	22.585000	22.632000	22.663000	22.695000	22.726000	22.757000	22.788000	22.819000	22.866000	22.897000	22.929000	22.960000	22.991000	23.022000	23.053000	23.085000	23.131000	23.163000	23.194000	23.225000	23.256000	23.287000	23.319000	23.365000	23.397000	23.428000	23.459000	23.490000	23.521000	23.553000	23.599000	23.631000	23.662000	23.693000	23.724000	23.755000	23.787000	23.818000	23.865000	23.896000	23.927000	23.958000	23.989000	24.021000	24.052000	24.099000	24.130000	24.161000	24.192000	24.223000	24.255000	24.286000	24.317000	24.364000	24.395000	24.426000	24.457000	24.489000	24.520000	24.551000	24.598000	24.629000	24.660000	24.691000	24.723000	24.754000	24.785000	24.832000	24.863000	24.894000	24.925000	24.957000	24.988000	25.019000	25.050000	25.097000	25.128000	25.159000	25.191000	25.222000	25.253000	25.284000	25.331000	25.362000	25.393000	25.425000	25.456000	25.487000	25.518000	25.565000	25.596000	25.627000	25.659000	25.690000	25.721000	25.752000	25.783000	25.830000	25.861000	25.893000	25.924000	25.955000	25.986000	26.017000	26.064000	26.095000	26.127000	26.158000	26.189000	26.220000	26.251000	26.298000	26.329000	26.361000	26.392000	26.423000	26.454000	26.485000	26.517000	26.563000	26.595000	26.626000	26.657000	26.688000	26.719000	26.751000	26.797000	26.829000	26.860000	26.891000	26.922000	26.953000	26.985000	27.016000	27.063000	27.094000	27.125000	27.156000	27.187000	27.219000	27.250000	27.297000	27.328000	27.359000	27.390000	27.421000	27.453000	27.484000	27.531000	27.562000	27.593000	27.624000	27.655000	27.687000	27.718000	27.749000	27.796000	27.827000	27.858000	27.889000	27.921000	27.952000	27.983000	28.030000	28.061000	28.092000	28.123000	28.155000	28.186000	28.217000	28.248000	28.295000	28.326000	28.357000	28.389000	28.420000	28.451000	28.482000	28.529000	28.560000	28.591000	28.623000	28.654000	28.685000	28.716000	28.763000	28.794000	28.825000	28.857000	28.888000	28.919000	28.950000	28.981000	29.028000	29.059000	29.091000	29.122000	29.153000	29.184000	29.215000	29.262000	29.293000	29.325000	29.356000	29.387000	29.418000	29.449000	29.496000	29.527000	29.559000	29.590000	29.621000	29.652000	29.683000	29.715000	29.761000	29.793000	29.824000	29.855000	29.886000	29.917000	29.949000	29.995000
%%%	13.913043	13.913043	13.913043	13.913043	13.913043	13.913043	13.913043	13.913043	13.913043	13.913043	13.913043	13.913043	13.913043	13.913043	13.913043	13.913043	13.913043	13.913043	13.913043	13.913043	13.913043	13.913043	13.913043	13.913043	13.913043	13.913043	13.913043	13.913043	13.913043	13.913043	13.913043	13.913043	13.913043	13.913043	13.913043	13.913043	13.913043	13.913043	13.913043	13.913043	13.913043	13.913043	13.913043	13.913043	13.913043	13.913043	13.913043	13.913043	13.913043	13.913043	13.913043	13.913043	13.913043	13.913043	13.913043	13.913043	13.913043	13.913043	13.913043	13.913043	13.913043	13.913043	13.913043	13.913043	13.913043	13.913043	13.913043	13.913043	13.913043	13.913043	13.913043	13.913043	13.913043	13.913043	13.913043	13.913043	13.913043	13.913043	13.913043	13.913043	13.913043	13.913043	13.913043	13.913043	13.913043	13.913043	13.913043	13.913043	13.913043	13.913043	13.913043	13.913043	13.913043	13.913043	13.913043	13.913043	13.913043	13.913043	13.913043	13.913043	13.913043	13.913043	13.913043	13.913043	13.913043	13.913043	13.913043	13.913043	13.913043	13.913043	13.913043	13.913043	13.913043	13.913043	13.913043	13.913043	13.913043	13.913043	13.913043	13.913043	13.913043	13.913043	13.913043	13.913043	13.913043	13.913043	13.913043	13.913043	13.913043	13.913043	13.913043	13.913043	13.913043	13.913043	13.913043	13.913043	13.913043	13.913043	13.913043	13.913043	13.913043	13.913043	13.913043	13.913043	13.913043	13.913043	13.913043	13.913043	13.913043	13.913043	13.913043	13.913043	13.913043	13.913043	13.913043	13.913043	13.913043	13.913043	13.913043	13.913043	13.913043	13.913043	13.913043	13.913043	13.913043	13.913043	13.913043	13.913043	13.913043	13.913043	13.913043	13.913043	13.913043	13.913043	13.913043	13.913043	13.913043	13.913043	13.913043	13.913043	13.913043	13.913043	13.913043	13.913043	13.913043	13.913043	13.913043	13.913043	13.913043	13.913043	13.913043	13.913043	13.913043	13.913043	13.913043	13.913043	13.913043	13.913043	13.913043	13.913043	13.913043	13.913043	13.913043	13.913043	13.913043	13.913043	13.913043	13.913043	13.913043	13.913043	13.913043	13.913043	13.913043	13.913043	13.913043	13.913043	13.913043	13.913043	13.913043	13.913043	13.913043	13.913043	13.913043	13.913043	13.913043	13.913043	13.913043	13.913043	13.913043	13.913043	13.913043	13.913043	13.913043	13.913043	13.913043	13.913043	13.913043	13.913043	13.913043	13.913043	13.913043	13.913043	13.913043	13.913043	13.913043	13.913043	13.913043	13.913043	13.913043	13.913043	13.913043	13.913043	13.913043	13.913043	13.913043	13.913043	13.913043	13.913043	13.913043	13.913043	13.913043	13.913043	13.913043	13.913043	13.913043	13.913043	13.913043	13.913043	13.913043	13.913043	13.913043	13.913043	13.913043	13.913043	13.913043	13.913043	13.913043	13.913043	13.913043	13.913043	13.913043	13.913043	13.913043	13.913043	13.913043	13.913043	13.913043	13.913043	13.913043	13.913043	13.913043	13.913043	13.913043	13.913043	13.913043	13.913043	13.913043	13.913043	13.913043	13.913043	13.913043	13.913043	13.913043	13.913043	13.913043	13.913043	13.913043	13.913043	13.913043	13.913043	13.913043	13.913043	13.913043	13.913043	13.913043	13.913043	13.913043	13.913043	13.913043	13.913043	13.913043	13.913043	13.913043	13.913043	13.913043	13.913043	13.913043	13.913043	13.913043	13.913043	13.913043	13.913043	13.913043	13.913043	13.913043	13.913043	13.913043	13.913043	13.913043	13.913043	13.913043	13.913043	13.913043	13.913043	13.913043	13.913043	13.913043	13.913043	13.913043	13.913043	13.913043	13.913043	13.913043	13.913043	13.913043	13.913043	13.913043	13.913043	13.913043	13.913043	13.913043	13.913043	13.913043	13.913043	13.913043	13.913043	13.913043	13.913043	13.913043	13.913043	13.913043	13.913043	13.913043	13.913043	13.913043	13.913043	13.913043	13.913043	13.913043	13.913043	13.913043	13.913043	13.913043	13.913043	13.913043	13.913043	13.913043	13.913043	13.913043	13.913043	13.913043	13.913043	13.913043	13.913043	13.913043	13.913043	13.913043	13.913043	13.913043	13.913043	13.913043	13.913043	13.913043	13.913043	13.913043	13.913043	13.913043	13.913043	13.913043	13.913043	13.913043	13.913043	13.913043	13.913043	13.913043	13.913043	13.913043	13.913043	13.913043	13.913043	13.913043	13.913043	13.913043	13.913043	13.913043	13.913043	13.913043	13.913043	13.913043	13.913043	13.913043	13.913043	13.913043	13.913043	13.913043	13.913043	13.913043	13.913043	13.913043	13.913043	13.913043	13.913043	13.913043	13.913043	13.913043	13.913043	13.913043	13.913043	13.913043	13.913043	13.913043	13.913043	13.913043	13.913043	13.913043	13.913043	13.913043	13.913043	13.913043	13.913043	13.913043	13.913043	13.913043	13.913043	13.913043	13.913043	13.913043	13.913043	13.913043	13.913043	13.913043	13.913043	13.913043	13.913043	13.913043	13.913043	13.913043	13.913043	13.913043	13.913043	13.913043	13.913043	13.913043	13.913043	13.913043	13.913043	13.913043	13.913043	13.913043	13.913043	13.913043	13.913043	13.913043	13.913043	13.913043	13.913043	13.913043	13.913043	13.913043	13.913043	13.913043	13.913043	13.913043	13.913043	13.913043	13.913043	13.913043	13.913043	13.913043	13.913043	13.913043	13.913043	13.913043	13.913043	13.913043	13.913043	13.913043	13.913043	13.913043	13.913043	13.913043	13.913043	13.913043	13.913043	13.913043	13.913043	13.913043	13.913043	13.913043	13.913043	13.913043	13.913043	13.913043	13.913043	13.913043	13.913043	13.913043	13.913043	13.913043	13.913043	13.913043	13.913043	13.913043	13.913043	13.913043	13.913043	13.913043	13.913043	13.913043	13.913043	13.913043	13.913043	13.913043	13.913043	13.913043	13.913043	13.913043	13.913043	13.913043	13.913043	13.913043	13.913043	13.913043	13.913043	13.913043	13.913043	13.913043	13.913043	13.913043	13.913043	13.913043	13.913043	13.913043	13.913043	13.913043	13.913043	13.913043	13.913043	13.913043	13.913043	13.913043	13.913043	13.913043	13.913043	13.913043	13.913043	13.913043	13.913043	13.913043	13.913043	13.913043	13.913043	13.913043	13.913043	13.913043	13.913043	13.913043	13.913043	13.913043	13.913043	13.913043	13.913043	13.913043	13.913043	13.913043	13.913043	13.913043	13.913043	13.913043	13.913043	13.913043	13.913043	13.913043	13.913043	13.913043	13.913043	13.913043	13.913043	13.913043	13.913043	13.913043	13.913043	13.913043	13.913043	13.913043	13.913043	13.913043	13.913043	13.913043	13.913043	13.913043	13.913043	13.913043	13.913043	13.913043	13.913043	13.913043	13.913043	13.913043	13.913043	13.913043	13.913043	13.913043	13.913043	13.913043	13.913043	13.913043	13.913043	13.913043	13.913043	13.913043	13.913043	13.913043	13.913043	13.913043	13.913043	13.913043	13.913043	13.913043	13.913043	13.913043	13.913043	13.913043	13.913043	13.913043	13.913043	13.913043	13.913043	13.913043	13.913043	13.913043	13.913043	13.913043	13.913043	13.913043	13.913043	13.913043	13.913043	13.913043	13.913043	13.913043	13.913043	13.913043	13.913043	13.913043	13.913043	13.913043	13.913043	13.913043	13.913043	13.913043	13.913043	13.913043	13.913043	13.913043	13.913043	13.913043	13.913043	13.913043	13.913043	13.913043	13.913043	13.913043	13.913043	13.913043	13.913043	13.913043	13.913043	13.913043	13.913043	13.913043	13.913043	13.913043	13.913043	13.913043	13.913043	13.913043	13.913043	13.913043	13.913043	13.913043	13.913043	13.913043	13.913043	13.913043	13.913043	13.913043	13.913043	13.913043	13.913043	13.913043	13.913043	13.913043	13.913043	13.913043	13.913043	13.913043	13.913043	13.913043	13.913043	13.913043	13.913043	13.913043	13.913043	13.913043	13.913043	13.913043	13.913043	13.913043	13.913043	13.913043	13.913043	13.913043	13.913043	13.913043	13.913043	13.913043	13.913043	13.913043	13.913043	13.913043	13.913043	13.913043	13.913043	13.913043	13.913043	13.913043	13.913043	13.913043	13.913043	13.913043	13.913043	13.913043	13.913043	13.913043	13.913043	13.913043	13.913043	13.913043	13.913043	13.913043	13.913043	13.913043	13.913043	13.913043	13.913043	13.913043	13.913043	13.913043	13.913043	13.913043	13.913043	13.913043	13.913043	13.913043	13.913043	13.913043	13.913043	13.913043	13.913043	13.913043	13.913043	13.913043	13.913043	13.913043	13.913043	13.913043	13.913043	13.913043	13.913043	13.913043	13.913043	13.913043	13.913043	13.913043	13.913043	13.913043	13.913043	13.913043	13.913043	13.913043	13.913043	13.913043	13.913043	13.913043	13.913043	13.913043	13.913043	13.913043	13.913043	13.913043	13.913043	13.913043	13.913043	13.913043	13.913043	13.913043	13.913043	13.913043	13.913043	13.913043	13.913043	13.913043	13.913043	13.913043	13.913043	13.913043	13.913043	13.913043	13.913043	13.913043	13.913043	13.913043	13.913043	13.913043	13.913043	13.913043	13.913043	13.913043	13.913043	13.913043	13.913043	13.913043	13.913043	13.913043	13.913043	13.913043	13.913043	13.913043	13.913043	13.913043	13.913043	13.913043	13.913043	13.913043	13.913043	13.913043	13.913043	13.913043	13.913043	13.913043	13.913043	13.913043	13.913043	13.913043	13.913043	13.913043	13.913043	13.913043	13.913043	13.913043	13.913043	13.913043	13.913043	13.913043	13.913043	13.913043	13.913043	13.913043	13.913043	13.913043	13.913043	13.913043
%%%	Pulse Index	Stimulus Section Index	Stimulus Section Start Index	Stimulus Section End Index	Pupil Stimulated: 0 = Right, 1 = Left, 2 = Both	Light Metric: 0 = Photopic, 1 = Scopotic, 2 = Radiometric	Stimulus Start Time	Stimulus Duration	Stimulus Pulse Duration	Right Pulse Max Level	Right Pulse Max Color (0123 = WRGB)	Right Pulse Min Level	Right Pulse Min Color (0123 = WRGB)	Left Pulse Max Level	Left Pulse Max Color (0123 = WRGB)	Left Pulse Min Level	Left Pulse Min Color (0123 = WRGB)	Right Data Input Type (0 == RAW DATA, 1 == FITTED DATA, 2 == M. OVERRIDED)	Right ANALYSIS STATE (0 == ABNORMAL, 1 == NORMAL)	Right MAX (mm) (EMPTY if INVALID)	Right MIN (mm) (EMPTY if INVALID)	Right DELTA (mm) (EMPTY if INVALID)	Right CH (%) (EMPTY if INVALID)	Right LAT (sec) (EMPTY if INVALID)	Right CV (mm/s) (EMPTY if INVALID)	Right MCV (mm/s) (EMPTY if INVALID)	Right DV (mm/s) (EMPTY if INVALID)	Left Data Input Type (0 == RAW DATA, 1 == FITTED DATA, 2 == M. OVERRIDED)	Left ANALYSIS STATE (0 == ABNORMAL, 1 == NORMAL)	Left MAX (mm) (EMPTY if INVALID)	Left MIN (mm) (EMPTY if INVALID)	Left DELTA (mm) (EMPTY if INVALID)	Left CH (%) (EMPTY if INVALID)	Left LAT (sec) (EMPTY if INVALID)	Left CV (mm/s) (EMPTY if INVALID)	Left MCV (mm/s) (EMPTY if INVALID)	Left DV (mm/s) (EMPTY if INVALID)
%%%	0	0	17	902	0	0	0.51	29.52	0.51	4.01	3	0.00	3	0.00	3	0.00	3	0	0	0.00	0.00			0.00	0.00	0.00	0.00	0	0	0.00	0.00			0.00	0.00	0.00	0.00
%%%%%%%%%
%%%%%%%%%
%%%%%%%%%
<\SESSION>
