<SESSION>
<VERSION>
2
<\VERSION>
<DATE>
2017-09-05 10:02:36
<\DATE>
<SUBJECT-ID>
c57-1mois-M1-0.6b
<\SUBJECT-ID>
<NOTE>

<\NOTE>
<MIN-MAX-PLOT>
0.100000 51880.761719
<\MIN-MAX-PLOT>
<STIMULUS-DEFINED>
Default
Default Human Relative Spectral Sensitivity
1	0
1	0.500000	0.500000	29.000000	3	3	0.600000	-100.000000	0.100000	-100.000000	0
<\STIMULUS-DEFINED>
<STIMULUS-GENERATED>
4
0	0	0.000000	3	0.000000	0.000000	3	0.000000	0.000000
0	1	0.509000	3	0.075823	4.006067	3	0.000000	0.000000
0	4	1.018000	3	0.000000	0.000000	3	0.000000	0.000000
-1	5	30.027000	0	0.000000	0.000000	0	0.000000	0.000000
<\STIMULUS-GENERATED>
<RIGHT-PUPIL-DATA>
903	1
1	-0.066000	1.205797	276.500000	198.000000
1	-0.035000	1.285797	275.024994	197.975006
1	-0.004000	1.298551	272.500000	198.000000
1	0.028000	1.275507	274.156250	198.593750
1	0.059000	1.283768	275.212494	198.787506
1	0.106000	1.272899	274.256256	198.256256
1	0.137000	1.288116	275.475006	197.850006
1	0.168000	1.311449	275.206238	197.331238
1	0.199000	1.305362	274.881256	196.793732
0	0.230000	0.834783	281.500000	191.000000
1	0.262000	1.263768	276.500000	197.000000
1	0.293000	1.223333	275.968750	196.406250
1	0.340000	1.216232	275.149994	196.850006
0	0.371000	0.771014	278.375000	191.375000
1	0.402000	1.242899	275.625000	197.437500
1	0.433000	1.191884	274.125000	197.875000
0	0.464000	0.834783	280.500000	194.000000
1	0.496000	1.175073	275.712494	196.850006
1	0.527000	1.168551	274.756256	196.756256
1	0.574000	1.146812	274.631256	196.256256
1	0.605000	1.155507	275.618744	196.381256
1	0.636000	1.181884	275.768738	196.481262
1	0.667000	1.162319	274.737488	196.825012
1	0.698000	1.212464	275.937500	197.187500
1	0.730000	1.185362	275.781250	197.468750
1	0.761000	1.155507	274.618744	197.006256
0	0.792000	0.858116	278.218750	190.656250
0	0.839000	0.759710	277.537506	191.412506
0	0.870000	0.689855	279.500000	191.500000
0	0.901000	0.988551	275.718750	195.031250
0	0.932000	0.929420	275.881256	194.131256
0	0.964000	0.690290	278.431244	190.568756
0	0.995000	0.694493	277.912506	190.649994
0	1.026000	0.654203	277.912506	190.087494
0	1.073000	0.635507	278.893738	191.893738
0	1.104000	0.610290	278.218750	192.406250
0	1.135000	0.597101	278.312500	192.612488
0	1.166000	0.596812	277.412506	192.412506
0	1.198000	0.605942	278.281250	192.468750
0	1.229000	0.576377	277.018738	192.993774
0	1.260000	0.565797	278.125000	192.875000
0	1.307000	0.559421	277.374939	192.050049
0	1.338000	0.533333	276.500000	192.000000
0	1.369000	0.559275	278.043732	193.106232
1	1.400000	0.530290	277.631256	192.631256
1	1.432000	0.539710	277.500000	194.000000
0	1.463000	0.556522	279.000000	194.500000
1	1.494000	0.531014	277.375000	195.375000
1	1.525000	0.568116	277.500000	196.000000
0	1.572000	0.560290	276.937500	195.974976
0	1.603000	0.553188	276.993744	195.718719
0	1.634000	0.557536	277.256256	195.743744
0	1.666000	0.589855	276.875000	195.250000
0	1.697000	0.591304	277.250000	195.250000
1	1.728000	0.607971	277.793762	195.518738
0	1.759000	0.611594	278.750000	195.250000
0	1.806000	0.649275	277.500000	195.000000
0	1.837000	0.600145	277.631256	195.368744
1	1.868000	0.592029	277.668762	195.231262
0	1.900000	0.649275	276.500000	194.000000
1	1.931000	0.609275	277.500000	196.500000
1	1.962000	0.618841	277.262512	196.612488
0	1.993000	0.572754	277.850006	196.024994
0	2.040000	0.605507	277.537506	195.537506
0	2.071000	0.626232	277.243744	195.993744
0	2.102000	0.617246	277.318756	195.431244
0	2.134000	0.347826	302.218689	219.406189
0	2.165000	0.615362	278.274994	195.462494
0	2.196000	0.578985	277.968750	194.856262
0	2.227000	0.649275	276.500000	194.000000
0	2.258000	0.626087	277.000000	195.500000
1	2.305000	0.605507	277.537506	196.462494
0	2.336000	0.625507	278.000000	196.250000
0	2.368000	0.615942	277.362488	195.637512
0	2.399000	0.655507	279.306244	195.931244
0	2.430000	0.742029	276.500000	198.000000
0	2.461000	0.620580	278.537506	195.337494
0	2.492000	0.631594	278.212494	195.149994
1	2.539000	0.637101	278.149994	195.850006
0	2.570000	0.607536	278.399994	195.475006
0	2.602000	0.672319	277.843750	196.406250
1	2.633000	0.626667	278.375000	196.000000
0	2.664000	0.649275	276.500000	198.000000
0	2.695000	0.618986	279.031250	197.406250
0	2.726000	0.643333	278.081329	195.931244
1	2.758000	0.596667	279.306244	194.693756
0	2.804000	0.677101	279.225006	196.399994
0	2.836000	0.620145	278.718750	196.393738
1	2.867000	0.611449	278.631256	196.356232
0	2.898000	0.635797	278.131256	195.868744
0	2.929000	0.670725	276.712494	196.287506
0	2.960000	0.653623	278.887512	196.887512
1	2.992000	0.678116	278.406311	196.556274
0	3.038000	0.653333	276.962494	196.899994
0	3.070000	0.642319	277.100006	197.399994
0	3.101000	0.605507	277.537506	198.412506
0	3.132000	0.654203	277.912506	197.912506
0	3.163000	0.670725	277.387482	196.649994
1	3.194000	0.614638	278.531250	197.406250
0	3.226000	0.649275	276.500000	198.000000
0	3.257000	0.626087	279.000000	197.500000
1	3.304000	0.672754	278.375031	196.600006
1	3.335000	0.636377	278.156250	196.843750
0	3.366000	0.651449	279.143738	197.918762
0	3.397000	0.689710	277.406250	197.406250
0	3.428000	0.695652	277.500000	197.000000
0	3.460000	0.685362	276.968750	197.468750
0	3.491000	0.670580	278.318756	197.631256
0	3.538000	0.629420	277.381256	196.181244
0	3.569000	0.649275	276.500000	198.000000
0	3.600000	0.673333	278.687500	196.674988
0	3.631000	0.644203	278.018738	196.981262
0	3.662000	0.615942	278.174988	197.362488
0	3.694000	0.742029	276.500000	194.000000
1	3.725000	0.614493	278.500000	197.000000
0	3.772000	0.641884	278.281250	197.906250
0	3.803000	0.683768	278.087494	198.524994
1	3.834000	0.695652	277.500000	199.000000
0	3.865000	0.682609	277.375000	198.500000
0	3.896000	0.642899	276.750000	198.000000
0	3.928000	0.642464	277.493744	196.868744
0	3.959000	0.649275	276.500000	198.000000
1	3.990000	0.666232	278.806244	198.131256
0	4.037000	0.628986	278.500000	197.250000
0	4.068000	0.678261	278.000000	197.500000
0	4.099000	0.682899	277.900024	196.500000
0	4.130000	0.672464	278.250000	196.750000
0	4.162000	0.664203	278.431244	196.743744
0	4.193000	0.678697	277.443268	196.531281
0	4.224000	0.864203	274.806244	199.318756
1	4.271000	0.982029	275.375000	200.375000
0	4.302000	0.671594	278.712494	196.649994
0	4.333000	0.809855	276.225006	197.050018
0	4.364000	0.635797	279.868744	195.131256
0	4.396000	0.818985	278.656250	196.831238
0	4.427000	0.834783	284.500000	198.000000
0	4.458000	0.705942	279.156250	196.218750
0	4.505000	0.649275	280.500000	198.000000
1	4.536000	0.976812	276.537506	201.000031
1	4.567000	1.043478	276.500000	202.000000
0	4.598000	0.707681	276.218842	197.818756
0	4.630000	0.718841	276.500000	198.000000
1	4.661000	0.679855	277.906250	197.531250
0	4.692000	0.649275	280.500000	198.000000
0	4.723000	0.682174	280.481567	198.818848
0	4.770000	0.695652	277.500000	199.000000
0	4.801000	0.692464	277.462494	198.037506
0	4.832000	0.634783	278.500000	199.000000
0	4.864000	0.666232	278.193756	199.806244
0	4.895000	0.710000	276.568878	200.118683
0	4.926000	0.690145	277.412506	199.587494
0	4.957000	0.672319	278.406250	200.343750
0	5.004000	0.672319	278.331238	202.343750
0	5.035000	0.690145	277.912506	201.587494
0	5.066000	0.695652	276.000000	200.500000
0	5.098000	0.679420	277.725006	201.587494
0	5.129000	0.737971	276.787506	199.350006
0	5.160000	0.720580	276.975006	198.975006
0	5.191000	0.988551	284.718750	199.718750
1	5.238000	1.005797	274.450012	202.750000
1	5.269000	1.044493	274.993744	203.993744
0	5.300000	0.881449	276.012543	202.187531
0	5.332000	0.709710	277.131256	200.181244
0	5.363000	0.711884	277.649994	201.100006
0	5.394000	0.913623	273.375000	202.687500
0	5.425000	1.670145	290.812500	212.000000
0	5.456000	0.905072	273.231262	202.768738
0	5.503000	0.707536	278.199982	202.162506
0	5.534000	0.647101	278.018738	201.331238
0	5.566000	0.695652	277.000000	200.500000
0	5.597000	0.690145	277.412506	202.587494
0	5.628000	0.898985	273.131256	202.556244
0	5.659000	0.721159	278.324829	202.000000
0	5.690000	0.695652	277.500000	201.000000
0	5.737000	0.712464	278.125000	200.875000
1	5.768000	0.711884	277.100006	200.899994
1	5.800000	0.912319	274.143738	204.293762
1	5.831000	0.941884	274.718750	205.406250
0	5.862000	0.738985	277.756195	201.793793
0	5.893000	0.713043	276.000000	201.500000
0	5.924000	0.746377	276.512512	201.262512
0	5.971000	0.679275	278.493744	201.556244
1	6.002000	0.916377	273.681244	202.818756
0	6.034000	0.690145	278.587494	201.587494
0	6.065000	0.689855	279.500000	201.000000
0	6.096000	0.690290	278.431244	200.568756
0	6.127000	0.649275	276.500000	202.000000
1	6.158000	0.725507	276.812500	201.062500
0	6.190000	0.722899	277.962494	202.024994
0	6.236000	0.846377	274.500000	203.000000
0	6.268000	0.708116	276.187500	201.812500
0	6.299000	0.724493	276.906250	201.906250
0	6.330000	0.681594	278.568756	200.518768
1	6.361000	0.916812	273.437500	203.437500
1	6.392000	0.717391	278.125000	200.000000
1	6.424000	0.990290	276.243744	204.681244
1	6.470000	1.020290	277.000000	203.500000
1	6.502000	0.972754	275.475006	203.524994
0	6.533000	0.905507	277.024994	202.975006
0	6.564000	0.735942	277.412506	198.462494
0	6.595000	0.718986	276.156250	199.656250
0	6.626000	0.690145	278.412506	200.412506
0	6.658000	0.709710	277.118744	199.868744
0	6.704000	0.698406	278.718750	200.281250
0	6.736000	0.707681	276.131256	198.818756
0	6.767000	0.690290	276.068756	198.431244
1	6.798000	0.997101	276.000000	202.500000
1	6.829000	0.981450	275.200073	202.000000
0	6.860000	0.707681	277.818756	198.181244
0	6.892000	0.689710	277.856262	198.581238
1	6.923000	0.998985	276.118744	203.568756
1	6.970000	0.997246	275.406250	203.843750
0	7.001000	0.672464	278.500000	200.000000
0	7.032000	0.876232	272.912506	201.912506
0	7.063000	0.801594	274.031250	201.968750
1	7.094000	0.668406	278.337494	200.725006
0	7.126000	0.690145	278.337494	200.587494
0	7.157000	0.672319	278.156250	201.656250
1	7.188000	0.705362	278.918732	202.181244
0	7.235000	0.743623	277.681244	201.681244
0	7.266000	0.709275	276.812500	201.862488
0	7.297000	0.707536	276.337494	201.837494
1	7.328000	0.663623	277.781250	202.781250
0	7.360000	0.690145	277.412506	202.412506
0	7.391000	0.684058	277.750000	203.250000
0	7.438000	0.699276	278.681305	204.268890
0	7.469000	0.712899	276.243744	201.743744
0	7.500000	0.684203	278.468750	201.481262
1	7.531000	0.742319	275.662506	200.662506
0	7.562000	0.674493	277.362488	201.362488
0	7.594000	1.136232	290.500000	202.000000
0	7.625000	0.744928	277.250000	200.750000
0	7.656000	0.723333	277.356262	202.018738
0	7.703000	0.690725	276.437500	201.562500
0	7.734000	0.674493	277.299988	203.687500
0	7.765000	0.711884	275.100006	203.899994
0	7.796000	0.679275	276.756256	204.506256
0	7.828000	0.638406	277.793762	199.518738
0	7.859000	0.647246	276.012512	195.062500
0	7.890000	0.539130	275.500000	214.000000
0	7.921000	0.623188	279.750000	221.000000
0	7.968000	0.651449	282.143738	230.081238
0	7.999000	0.556522	284.500000	222.000000
0	8.030000	0.591304	278.500000	196.000000
0	8.062000	0.620580	277.837494	167.662506
0	8.093000	0.347826	219.781921	283.000000
0	8.124000	0.347826	219.781921	283.000000
0	8.155000	0.347826	219.781921	283.000000
0	8.202000	0.347826	219.781921	283.000000
0	8.233000	0.347826	219.781921	283.000000
0	8.264000	0.347826	219.781921	283.000000
1	8.296000	1.078261	246.500000	171.000000
1	8.327000	1.137971	249.600006	172.350006
0	8.358000	0.347826	256.693787	169.981262
0	8.389000	0.347826	219.781921	283.000000
0	8.436000	0.347826	219.781921	283.000000
0	8.467000	0.347826	219.781921	283.000000
0	8.498000	0.347826	219.781921	283.000000
0	8.530000	0.347826	219.781921	283.000000
0	8.561000	0.397246	255.218750	161.906250
0	8.592000	0.672464	250.500000	166.000000
1	8.623000	1.203333	246.943756	181.306244
0	8.654000	0.937536	263.531250	170.668762
0	8.701000	0.347826	219.781921	283.000000
0	8.732000	0.347826	219.781921	283.000000
0	8.764000	0.347826	219.781921	283.000000
0	8.795000	0.602899	284.312500	164.687500
0	8.826000	0.347826	231.781921	254.718079
0	8.857000	0.347826	219.781921	278.718079
0	8.888000	0.983623	250.006256	170.131256
0	8.935000	1.205797	240.500000	178.000000
0	8.966000	1.294638	243.081268	174.618744
0	8.998000	0.347826	219.781921	282.718079
0	9.029000	0.347826	219.781921	283.000000
0	9.060000	0.347826	219.781921	283.000000
0	9.091000	0.347826	219.781921	283.000000
0	9.122000	0.347826	219.781921	283.000000
0	9.169000	0.718986	238.693726	205.293762
0	9.200000	1.333623	250.612549	216.587524
1	9.232000	1.342464	253.256256	216.631256
0	9.263000	1.182609	249.000000	230.500000
1	9.294000	1.290725	244.087311	237.112396
1	9.325000	1.325507	243.437500	241.500000
1	9.356000	1.298551	246.000000	239.500000
1	9.388000	1.255942	245.437500	242.375000
1	9.434000	1.283768	246.412506	247.412506
1	9.466000	1.309855	249.287506	254.087494
1	9.497000	1.221159	252.687500	252.937500
1	9.528000	1.321739	258.500000	248.000000
1	9.559000	1.327536	258.531250	244.531250
1	9.590000	1.296377	256.981262	245.106262
1	9.622000	1.356522	256.500000	247.000000
1	9.668000	1.359710	255.962494	246.574982
1	9.700000	1.391304	256.500000	246.000000
1	9.731000	1.344203	256.281189	241.631226
1	9.762000	1.366377	256.024994	240.600006
1	9.793000	1.326232	255.931244	239.493744
1	9.824000	1.365797	256.000000	239.000000
1	9.856000	1.361449	256.062500	238.437500
1	9.902000	1.349420	255.718750	236.218750
1	9.934000	1.344058	256.312500	234.687500
1	9.965000	1.326812	255.518921	232.518738
1	9.996000	1.321739	256.500000	230.000000
1	10.027000	1.344638	256.662506	229.662506
1	10.058000	1.340290	255.762482	229.600006
1	10.090000	1.361594	256.043762	230.456238
1	10.121000	1.353188	257.243744	228.606232
1	10.168000	1.331449	257.568756	227.506256
1	10.199000	1.321739	258.500000	228.000000
1	10.230000	1.344058	259.687500	226.674988
1	10.261000	1.344638	259.287506	225.662506
1	10.292000	1.371449	259.793671	225.093658
1	10.324000	1.342319	260.649994	225.287506
1	10.355000	1.344493	259.681244	224.693756
1	10.402000	1.309710	259.181244	224.806244
1	10.433000	1.391304	259.500000	225.000000
1	10.464000	1.344493	259.556244	225.681244
0	10.495000	0.814203	265.287506	217.662506
1	10.526000	1.356522	259.500000	224.000000
1	10.558000	1.325942	260.081268	223.056244
1	10.589000	1.356522	260.500000	223.000000
1	10.636000	1.362319	261.500000	222.500000
1	10.667000	1.332029	260.843750	222.531250
1	10.698000	1.344493	260.631256	222.681244
1	10.729000	1.333188	260.543488	222.543610
1	10.760000	1.353333	260.274994	222.787506
1	10.792000	1.365797	260.000000	223.000000
1	10.823000	1.356522	259.500000	224.000000
1	10.854000	1.353188	259.193756	224.506256
1	10.901000	1.340290	259.399994	225.600006
1	10.932000	1.391304	260.500000	226.000000
1	10.963000	1.344058	259.812500	226.687500
1	10.994000	1.298986	260.306244	225.193756
1	11.026000	1.371015	260.075012	225.125122
1	11.057000	1.331449	260.506256	226.493744
0	11.088000	1.933188	270.781250	223.218750
1	11.135000	1.321739	260.500000	226.000000
1	11.166000	1.321739	260.500000	226.000000
1	11.197000	1.340290	259.600006	227.600006
1	11.228000	1.303188	258.725006	228.024994
1	11.260000	1.322319	259.500000	228.437500
1	11.291000	1.321739	260.500000	228.000000
1	11.322000	1.340290	259.600006	227.600006
1	11.369000	1.305507	260.225006	227.225006
1	11.400000	1.327101	259.493744	228.443756
1	11.431000	1.302464	260.218750	228.068787
1	11.462000	1.333333	260.500000	229.000000
0	11.494000	0.733188	269.531250	228.968750
1	11.525000	1.321739	260.500000	230.000000
1	11.556000	1.309710	259.306244	231.818756
1	11.587000	1.263768	258.500000	232.000000
1	11.634000	1.275362	259.187500	232.312500
1	11.665000	1.281159	260.000000	232.500000
1	11.696000	1.194638	258.568756	231.568756
1	11.728000	1.288116	259.850006	231.850006
1	11.759000	1.188116	258.475006	230.475006
1	11.790000	1.321739	260.500000	232.000000
1	11.821000	1.292754	260.687500	231.825012
1	11.852000	1.321739	260.750000	231.750000
0	11.899000	0.788406	267.500000	229.000000
0	11.930000	1.210145	258.987457	231.699982
1	11.962000	1.251160	259.381256	232.368744
1	11.993000	1.256812	258.550018	231.649994
1	12.024000	1.310145	259.500000	231.000000
1	12.055000	1.288840	259.131134	228.181183
1	12.086000	1.310145	260.250000	227.250000
1	12.133000	1.286377	259.862488	227.000000
0	12.164000	0.773768	267.256256	222.131256
1	12.196000	1.300724	259.331268	224.831268
0	12.227000	0.797246	265.031250	218.031250
1	12.258000	1.323333	259.468750	221.656250
1	12.289000	1.305507	259.225006	221.225006
1	12.320000	1.222754	258.431244	220.618744
0	12.367000	0.857971	264.500000	216.000000
1	12.398000	1.290580	257.956238	220.043762
0	12.430000	0.834783	263.500000	213.000000
1	12.461000	1.272899	259.943756	217.643768
1	12.492000	1.278841	259.875000	217.000000
1	12.523000	1.291884	260.562500	216.937500
1	12.554000	1.283623	260.031281	216.006256
1	12.586000	1.274638	260.706238	215.668762
1	12.632000	1.285797	260.024994	214.912506
1	12.664000	1.291159	260.931244	215.556244
1	12.695000	1.283623	260.493683	216.006256
0	12.726000	1.020290	264.500000	214.000000
1	12.757000	1.237102	260.399902	215.787476
1	12.788000	1.273333	259.687500	216.687500
1	12.820000	1.286957	260.750000	215.750000
1	12.866000	1.265362	260.756256	215.806244
1	12.898000	1.293478	260.125000	214.125000
1	12.929000	1.220725	260.943756	215.056244
1	12.960000	1.260870	260.750000	213.750000
0	12.991000	0.690290	268.981232	207.431244
1	13.022000	1.296232	260.125000	214.000000
1	13.054000	1.321739	260.500000	214.000000
1	13.100000	1.257246	260.581238	215.418762
1	13.132000	1.275507	260.156250	215.843750
0	13.163000	0.565797	266.125000	207.625000
1	13.194000	1.254203	259.425018	218.024994
0	13.225000	0.835942	262.399994	210.975006
0	13.256000	1.171015	258.500000	216.000000
0	13.288000	0.861014	268.381256	218.193756
1	13.319000	1.257971	259.687500	218.062500
0	13.366000	0.788116	262.837494	210.662506
1	13.397000	1.274058	260.306244	218.356232
1	13.428000	1.283188	259.812500	219.549988
0	13.459000	0.792898	268.006348	218.006287
0	13.490000	0.712899	257.243744	213.243744
1	13.522000	1.309710	260.181244	224.693756
1	13.553000	1.278841	259.750000	225.250000
1	13.600000	1.208116	259.250000	224.750000
1	13.631000	1.219565	262.256256	224.981232
1	13.662000	1.267971	262.768738	224.268738
1	13.693000	1.182609	260.250000	222.750000
0	13.724000	0.544928	271.500000	219.000000
0	13.756000	0.690725	266.562500	216.924988
1	13.787000	1.205797	261.500000	221.000000
1	13.834000	1.176666	260.593597	219.018646
1	13.865000	1.211449	261.093750	218.906250
1	13.896000	1.227536	262.156250	217.531250
1	13.927000	1.228841	262.293762	216.093750
0	13.958000	0.565072	269.743744	209.118744
1	13.990000	1.298551	264.500000	218.000000
1	14.021000	1.238551	261.812500	214.875000
1	14.052000	1.205797	260.500000	218.000000
1	14.099000	1.194203	259.500000	217.000000
1	14.130000	1.298551	260.500000	222.000000
1	14.161000	1.153623	257.750000	224.049988
1	14.192000	1.185797	258.462494	228.225006
1	14.224000	1.242464	257.531281	232.368744
1	14.255000	1.203768	258.012512	233.312500
1	14.286000	1.231159	259.293762	233.706238
1	14.333000	1.229855	260.062500	233.812500
1	14.364000	1.205507	260.274963	234.337402
1	14.395000	1.229855	260.312500	234.500000
1	14.426000	1.220145	261.031250	234.468750
1	14.458000	1.205797	260.500000	234.000000
1	14.489000	1.252174	261.500000	231.000000
1	14.520000	1.258116	260.468750	230.781250
0	14.567000	0.976667	256.143921	228.031250
0	14.598000	0.722464	265.125000	224.062500
0	14.629000	0.760290	266.562500	223.562500
1	14.660000	1.252174	261.500000	227.000000
0	14.692000	0.938551	266.000000	222.500000
1	14.723000	1.263333	261.818756	226.493744
1	14.754000	1.255942	261.562500	228.437500
1	14.785000	1.205797	262.000000	228.500000
0	14.832000	0.565797	272.875000	228.375000
1	14.863000	1.241884	261.843750	228.343750
0	14.894000	0.834783	269.500000	225.000000
0	14.926000	0.844203	270.506256	224.293732
1	14.957000	1.268986	262.750000	221.200012
1	14.988000	1.274058	263.693756	218.693756
1	15.019000	1.248840	263.556244	216.556244
1	15.066000	1.284058	262.799988	215.049988
0	15.097000	0.747826	270.625000	205.375000
1	15.128000	1.292754	263.000000	211.000000
0	15.160000	0.768696	269.512482	201.925018
1	15.191000	1.301884	262.243805	208.706329
1	15.222000	1.298551	260.500000	206.000000
1	15.253000	1.252174	261.750000	206.750000
1	15.300000	1.242319	262.649994	205.649994
1	15.331000	1.233623	263.149994	204.899994
0	15.362000	0.824928	269.462494	200.600006
1	15.394000	1.304493	263.256256	203.243744
1	15.425000	1.274638	263.331238	203.668762
0	15.456000	0.831015	265.562500	196.562500
0	15.487000	0.805362	269.818756	201.606232
1	15.518000	1.288116	263.225006	205.475006
0	15.565000	0.764638	267.500000	199.375000
0	15.596000	0.816377	269.306244	201.306244
0	15.628000	1.020290	272.500000	202.000000
1	15.659000	1.282464	263.806305	206.043732
0	15.690000	1.214203	265.274994	207.850006
1	15.721000	1.252174	263.500000	209.000000
0	15.752000	1.205797	264.500000	206.000000
1	15.799000	1.298551	265.500000	211.000000
0	15.830000	1.011159	267.556244	215.243744
1	15.862000	1.238116	263.618744	215.756256
0	15.893000	1.025072	266.293732	213.193756
0	15.924000	0.912899	269.368744	215.256256
1	15.955000	1.240580	262.500000	218.000000
1	15.986000	1.282464	262.193756	218.956268
1	16.018000	1.281449	261.225006	220.037506
1	16.064000	1.279420	261.274994	221.725006
1	16.096000	1.252174	261.500000	221.000000
1	16.127000	1.252174	261.500000	223.000000
1	16.158000	1.252174	262.000000	222.500000
0	16.189000	0.839855	278.437500	215.937500
1	16.220000	1.252899	261.643738	223.643738
1	16.252000	1.274638	261.331238	223.706238
0	16.298000	1.147826	262.500000	224.000000
1	16.330000	1.252174	261.500000	223.000000
1	16.361000	1.229855	261.187500	220.937500
0	16.392000	0.690725	272.562500	215.687500
0	16.423000	0.466812	267.656250	210.281250
1	16.454000	1.182029	261.375000	217.875000
1	16.486000	1.213623	262.250000	216.437500
0	16.517000	0.857971	270.500000	216.000000
1	16.564000	1.194058	262.406250	216.218750
0	16.595000	1.831884	273.000000	213.500000
1	16.626000	1.159420	263.500000	215.000000
1	16.657000	1.159420	263.500000	215.000000
0	16.688000	1.022319	266.362488	212.575012
0	16.720000	0.666522	268.493744	204.881256
0	16.751000	1.722464	271.093750	205.268738
0	16.798000	0.660870	267.250000	203.250000
0	16.829000	0.662464	268.218750	203.281250
0	16.860000	0.716812	271.687500	205.875000
0	16.891000	0.727246	269.962494	204.412506
0	16.922000	0.834783	272.500000	210.000000
1	16.954000	1.209710	263.568756	212.056244
1	16.985000	1.165797	264.125000	213.125000
0	17.032000	0.644928	268.062500	203.987488
1	17.063000	1.212029	264.068756	212.181244
1	17.094000	1.205797	264.500000	210.000000
1	17.125000	1.252174	263.500000	211.000000
0	17.156000	0.742029	271.750000	206.250000
1	17.188000	1.225362	263.968750	211.643738
1	17.219000	1.243623	263.368744	212.493744
1	17.250000	1.255072	262.937500	213.312500
1	17.297000	1.235942	263.149994	214.774994
1	17.328000	1.227101	262.306244	215.668732
1	17.359000	1.207536	262.225006	216.600006
0	17.390000	0.882609	270.250000	215.750000
0	17.422000	0.927246	268.149994	214.662506
1	17.453000	1.234203	262.125000	216.250000
0	17.484000	0.812464	269.674988	216.187500
1	17.531000	1.243333	261.743744	218.868744
0	17.562000	0.763188	269.212494	218.537506
1	17.593000	1.252174	261.500000	221.000000
1	17.624000	1.288840	261.081238	222.043640
0	17.656000	0.788116	269.337494	223.912506
1	17.687000	1.272319	260.031250	223.968750
1	17.718000	1.242464	260.631256	224.868744
1	17.765000	1.237536	260.781250	225.206238
1	17.796000	1.252174	260.500000	223.000000
1	17.827000	1.226232	261.368744	224.506256
1	17.859000	1.209275	261.375000	225.375000
0	17.890000	0.997101	265.000000	223.500000
1	17.921000	1.204638	261.700012	225.000000
1	17.952000	1.221159	260.937500	223.775024
1	17.983000	1.211884	261.837494	224.662506
1	18.030000	1.209275	261.437500	224.312500
1	18.061000	1.171015	260.500000	225.000000
1	18.093000	1.246232	261.531250	224.681274
1	18.124000	1.159420	261.500000	223.000000
1	18.155000	1.182464	261.606293	223.993744
1	18.186000	1.220725	261.943756	224.193756
1	18.217000	1.146232	263.081238	223.468750
1	18.264000	1.173768	261.818756	223.618744
0	18.295000	0.621159	268.687500	218.562500
1	18.327000	1.194638	262.318756	222.431244
0	18.358000	1.298551	264.500000	226.000000
1	18.389000	1.185362	262.468750	222.956238
0	18.420000	0.788551	267.706238	220.331238
0	18.451000	0.788406	268.000000	222.500000
0	18.498000	0.707246	269.250000	221.750000
1	18.529000	1.199420	262.625000	222.625000
0	18.561000	0.835942	268.274994	220.975006
1	18.592000	1.211594	261.375000	222.375000
0	18.623000	0.557101	272.750000	217.750000
1	18.654000	1.195942	262.562500	222.150024
1	18.685000	1.190145	262.449982	222.524994
0	18.717000	0.759276	269.943756	224.456146
0	18.763000	1.031449	264.681244	222.568756
1	18.795000	1.185362	260.531250	224.468750
0	18.826000	0.690145	269.412506	218.412506
1	18.857000	1.202754	263.468750	220.031250
0	18.888000	0.773913	267.750000	223.000000
0	18.919000	1.172319	259.281250	223.406250
0	18.951000	0.403333	268.568756	197.006256
0	18.997000	0.615362	257.337494	171.149994
0	19.029000	0.347826	219.781921	283.000000
0	19.060000	0.347826	219.781921	283.000000
0	19.091000	0.347826	219.781921	283.000000
0	19.122000	0.347826	219.781921	283.000000
0	19.153000	0.347826	219.781921	283.000000
0	19.185000	0.347826	219.781921	283.000000
0	19.231000	0.347826	219.781921	283.000000
0	19.263000	0.883188	255.000000	168.687500
0	19.294000	1.165217	282.500000	172.500000
0	19.325000	1.501014	271.181244	177.568756
0	19.356000	1.113623	270.500000	172.000000
0	19.387000	0.459710	272.600006	162.600006
0	19.419000	0.455797	244.000000	167.375000
0	19.450000	0.348406	276.018738	166.481262
0	19.497000	0.347826	277.518616	168.481384
0	19.528000	1.303768	259.250000	174.750000
0	19.559000	1.043478	270.500000	178.000000
1	19.590000	1.368116	270.000000	194.500000
0	19.621000	1.617391	275.000000	191.000000
1	19.653000	1.361014	268.431244	189.068756
1	19.684000	1.407101	267.531250	188.531250
1	19.731000	1.460725	268.818756	187.868744
1	19.762000	1.420290	266.787689	189.375092
0	19.793000	1.635797	272.256256	186.743744
1	19.824000	1.416812	267.674988	189.674988
1	19.855000	1.477101	269.975006	190.975006
0	19.887000	1.104928	269.250000	190.125000
0	19.918000	1.576812	268.500000	198.000000
0	19.949000	1.205797	276.500000	198.000000
1	19.996000	1.391304	268.500000	206.000000
0	20.027000	1.368116	268.500000	206.000000
1	20.058000	1.407681	267.493744	209.506256
1	20.089000	1.440580	268.000000	213.500000
1	20.121000	1.416377	266.368744	217.368744
0	20.152000	0.724928	274.087494	213.087494
1	20.183000	1.401449	264.781250	222.218750
1	20.230000	1.340290	264.350006	222.600006
1	20.261000	1.376667	265.206238	224.106262
1	20.292000	1.386377	264.937500	222.937500
1	20.323000	1.391304	265.000000	222.500000
1	20.355000	1.379855	264.656250	221.843750
1	20.386000	1.409855	264.675018	221.762482
1	20.417000	1.443478	264.500000	220.500000
1	20.464000	1.376812	263.750000	221.750000
1	20.495000	1.410725	264.137482	223.274994
1	20.526000	1.352029	263.606232	223.431244
1	20.557000	1.379855	263.156250	224.031250
1	20.589000	1.391304	264.500000	222.000000
1	20.620000	1.391304	264.500000	222.000000
1	20.651000	1.379275	263.818756	217.181244
0	20.682000	1.130290	277.306244	206.506256
0	20.729000	1.088551	267.031250	209.531250
1	20.760000	1.391304	264.500000	214.000000
1	20.791000	1.370725	266.162506	213.912506
1	20.823000	1.370145	266.062500	214.912476
1	20.854000	1.414493	266.500000	216.000000
1	20.885000	1.419710	266.625000	214.700012
0	20.916000	1.228261	264.812500	211.500000
0	20.963000	1.096232	270.750000	212.250000
1	20.994000	1.373768	266.068756	214.893707
0	21.025000	0.831449	270.556244	204.443756
1	21.057000	1.405942	267.481262	212.518738
1	21.088000	1.405797	267.450012	212.450012
1	21.119000	1.400000	267.500000	213.250000
1	21.150000	1.381449	267.850006	213.962494
1	21.197000	1.402899	266.500000	214.000000
1	21.228000	1.370145	267.062500	216.062500
1	21.259000	1.368116	265.937500	217.062500
1	21.291000	1.344058	265.312500	217.750000
1	21.322000	1.375507	265.218750	220.093750
0	21.353000	0.723333	276.031250	214.968750
0	21.384000	0.848985	268.712494	214.462494
1	21.415000	1.365217	265.000000	221.500000
1	21.462000	1.365797	265.000000	220.000000
0	21.493000	0.835362	268.500000	216.750000
0	21.525000	0.835797	270.506256	217.606232
1	21.556000	1.331449	263.556244	224.168732
1	21.587000	1.344058	263.687500	224.687500
1	21.618000	1.297536	262.018738	225.206238
0	21.649000	1.008261	270.231262	220.481262
1	21.696000	1.329420	261.506256	228.431183
0	21.727000	0.765217	268.500000	222.000000
1	21.759000	1.298551	260.500000	230.000000
1	21.790000	1.368116	262.000000	227.500000
1	21.821000	1.345072	262.343750	228.656250
1	21.852000	1.326087	261.500000	227.500000
1	21.883000	1.341884	261.731262	226.718750
1	21.915000	1.338551	262.375000	226.625000
1	21.961000	1.345072	262.656250	226.281250
0	21.993000	0.843478	265.250000	219.250000
0	22.024000	0.902029	265.475006	219.524994
1	22.055000	1.344058	261.687500	227.312500
1	22.086000	1.285362	261.031250	226.093750
1	22.117000	1.344493	262.181244	225.681244
1	22.149000	1.315942	263.375000	224.125000
0	22.195000	0.742029	272.500000	214.000000
1	22.227000	1.321739	264.500000	222.000000
1	22.258000	1.327101	264.568756	221.568756
1	22.289000	1.304348	263.937500	221.812500
0	22.320000	0.814638	273.718750	216.906250
1	22.351000	1.314058	264.756256	221.168732
1	22.383000	1.298551	264.000000	220.500000
0	22.429000	1.008696	280.375000	213.375000
0	22.461000	0.831449	266.993744	213.443756
0	22.492000	1.195072	263.437500	217.875000
1	22.523000	1.314058	264.368744	219.368744
0	22.554000	0.690290	273.568756	212.431244
1	22.585000	1.327246	265.412506	218.587494
1	22.617000	1.304928	264.750000	218.250000
1	22.648000	1.257246	264.418762	219.418762
1	22.695000	1.281594	264.693756	219.243744
0	22.726000	0.870580	267.881256	213.543732
1	22.757000	1.264058	263.587494	221.587494
1	22.788000	1.391304	264.500000	222.000000
0	22.819000	1.321739	262.500000	222.000000
0	22.851000	0.950725	267.000000	218.500000
0	22.882000	1.101449	263.500000	219.000000
1	22.929000	1.310145	263.875000	222.875000
0	22.960000	0.835362	266.500000	216.000000
1	22.991000	1.288406	263.924988	223.924988
1	23.022000	1.323333	263.481262	224.018738
1	23.053000	1.297824	263.018768	223.518402
1	23.085000	1.344493	263.681244	223.318756
1	23.116000	1.285942	263.006256	223.993744
1	23.163000	1.309855	262.837494	225.287506
0	23.194000	1.035362	265.625000	223.375000
1	23.225000	1.304348	264.000000	225.000000
1	23.256000	1.321739	262.500000	224.000000
0	23.287000	0.801015	267.118744	218.006256
1	23.319000	1.283623	263.243744	224.143768
0	23.350000	0.802754	265.968750	216.818726
0	23.381000	0.967971	264.531250	218.843750
0	23.428000	0.794638	268.068756	217.118744
0	23.459000	1.132754	261.537384	220.512482
1	23.490000	1.241884	263.718750	223.843750
1	23.521000	1.274058	263.306244	223.356232
1	23.553000	1.236667	263.431244	223.568756
1	23.584000	1.212029	263.068756	221.368744
0	23.615000	0.774638	268.143738	215.856262
0	23.662000	0.990290	265.243744	216.756256
1	23.693000	1.217391	262.250000	220.250000
1	23.724000	1.192464	262.850006	220.100006
0	23.755000	0.834783	268.500000	214.000000
1	23.787000	1.309855	264.412506	220.162506
0	23.818000	1.205797	264.500000	218.000000
0	23.849000	1.142029	261.500000	219.500000
1	23.880000	1.162319	261.174988	220.174988
1	23.927000	1.226087	262.500000	221.750000
0	23.958000	0.609710	273.506256	215.506256
1	23.989000	1.132754	262.100006	217.725006
1	24.021000	1.207536	264.037506	219.962494
0	24.052000	0.834783	265.500000	213.000000
1	24.083000	1.242464	262.556244	220.256256
1	24.114000	1.249420	263.656250	220.656250
0	24.161000	1.159710	262.662506	219.699982
1	24.192000	1.228985	262.500000	222.000000
1	24.223000	1.298551	264.500000	222.000000
1	24.255000	1.296377	261.968750	222.893738
1	24.286000	1.303768	262.799988	222.799988
1	24.317000	1.282464	262.431244	222.806244
1	24.348000	1.291159	262.931244	221.431244
1	24.395000	1.252174	263.500000	223.000000
0	24.426000	0.989710	263.218750	217.781250
1	24.457000	1.340580	262.625000	223.299988
0	24.489000	1.239710	261.437500	221.625000
1	24.520000	1.290725	263.250000	222.875000
0	24.551000	1.113043	268.500000	218.000000
0	24.582000	1.079420	258.975006	218.899994
1	24.613000	1.310145	263.500000	223.000000
1	24.660000	1.265942	262.456238	222.543762
0	24.691000	0.750725	270.612488	219.575012
0	24.723000	0.835797	268.493744	216.993744
0	24.754000	0.805797	266.500000	216.000000
1	24.785000	1.241884	262.156250	220.343750
0	24.816000	0.944928	273.187500	218.312500
1	24.847000	1.321739	264.500000	220.000000
1	24.894000	1.237536	262.593750	219.218750
0	24.925000	0.927536	268.500000	214.000000
1	24.957000	1.316232	262.912506	221.412506
1	24.988000	1.344928	263.500000	223.000000
1	25.019000	1.282464	263.431244	223.193756
0	25.050000	1.120580	266.600006	215.899994
1	25.081000	1.286957	262.750000	221.750000
1	25.128000	1.291884	264.062500	220.937500
1	25.159000	1.327246	263.587494	221.412506
0	25.191000	0.664203	274.443756	214.056244
0	25.222000	0.649275	273.000000	214.500000
0	25.253000	0.788116	276.087494	216.662506
0	25.284000	0.927536	272.500000	214.000000
1	25.315000	1.291884	263.562500	220.062500
1	25.347000	1.309855	262.837494	221.162506
1	25.393000	1.303188	262.725006	222.087494
1	25.425000	1.285942	263.156219	221.993744
0	25.456000	0.562319	261.000000	229.500000
0	25.487000	0.389710	266.343750	227.406250
0	25.518000	0.997101	258.500000	188.000000
1	25.549000	1.242319	246.649994	192.649994
0	25.581000	0.997101	248.750000	175.250000
0	25.627000	0.708116	253.812500	166.812500
0	25.659000	0.347826	219.781921	274.718079
0	25.690000	0.651015	292.062531	166.350006
0	25.721000	0.347826	227.781921	270.718079
0	25.752000	0.347826	247.781921	266.718079
0	25.783000	0.347826	227.781921	283.000000
0	25.815000	0.428985	298.750000	165.250000
0	25.861000	1.113043	292.500000	174.000000
1	25.893000	1.358116	279.243866	184.756256
0	25.924000	1.338260	280.975037	189.587219
0	25.955000	1.466232	281.068756	194.631256
1	25.986000	1.354928	275.518738	197.218750
1	26.017000	1.350580	275.581238	199.156250
0	26.049000	1.370580	283.256256	194.056244
0	26.080000	1.420725	284.306244	195.318756
0	26.127000	1.507101	285.781250	198.343750
0	26.158000	1.146667	277.037506	201.274994
0	26.189000	1.038986	276.918732	205.931244
1	26.220000	1.379275	271.931244	211.181244
0	26.251000	1.326812	278.625000	202.562500
0	26.283000	1.065217	274.000000	203.750000
1	26.314000	1.377101	270.024994	216.100006
1	26.361000	1.402899	269.500000	216.000000
1	26.392000	1.379710	268.750000	217.250000
1	26.423000	1.426667	268.500000	217.812500
0	26.454000	1.228985	272.000000	219.500000
0	26.485000	0.969710	272.131256	218.068756
1	26.517000	1.398986	267.381256	221.618744
0	26.548000	1.205797	267.500000	219.000000
1	26.595000	1.398986	266.381256	222.618744
0	26.626000	0.965652	271.356262	217.018738
0	26.657000	1.082029	272.000000	219.062500
0	26.688000	1.762319	276.500000	226.000000
1	26.719000	1.403768	266.250000	224.562500
1	26.751000	1.370725	265.037506	225.212494
1	26.782000	1.415797	265.643738	226.343750
1	26.813000	1.408116	265.500000	226.500000
1	26.860000	1.426812	264.531250	226.781250
1	26.891000	1.413623	265.312500	227.375000
1	26.922000	1.454493	266.100006	227.149994
1	26.953000	1.418406	264.318756	227.306244
1	26.985000	1.391304	264.500000	226.000000
1	27.016000	1.453188	264.881256	226.118744
1	27.047000	1.405797	264.687500	225.549988
0	27.094000	1.182609	272.500000	224.000000
1	27.125000	1.407681	264.681244	224.506256
1	27.156000	1.416232	264.274994	224.600006
0	27.187000	0.944928	268.000000	219.000000
1	27.219000	1.379710	263.500000	224.000000
1	27.250000	1.397101	264.575012	225.424988
1	27.281000	1.344493	264.681244	223.318756
1	27.328000	1.416377	264.668732	224.631256
1	27.359000	1.416377	266.306244	223.631256
1	27.390000	1.371159	265.056458	223.043823
1	27.421000	1.426667	266.500000	224.500000
1	27.453000	1.380580	266.475006	223.162506
1	27.484000	1.414493	266.500000	222.000000
1	27.515000	1.414638	266.656250	222.393738
0	27.546000	1.150580	271.031250	219.531250
1	27.593000	1.435362	266.875000	219.375000
1	27.624000	1.391304	268.500000	218.000000
1	27.655000	1.373913	267.000000	217.500000
1	27.687000	1.378841	267.862488	216.187500
1	27.718000	1.396811	267.637787	215.637543
1	27.749000	1.408696	267.500000	216.500000
1	27.780000	1.380290	267.975006	217.824982
0	27.811000	1.079275	272.006256	215.993744
1	27.858000	1.408116	267.750000	220.500000
1	27.889000	1.405797	267.237488	222.450012
1	27.921000	1.407681	265.506256	223.493744
0	27.952000	1.391304	268.500000	222.000000
0	27.983000	0.973913	271.500000	217.000000
1	28.014000	1.405942	265.481262	222.481262
1	28.045000	1.391304	265.500000	221.000000
0	28.092000	1.146667	270.574982	219.274994
1	28.123000	1.391304	265.500000	221.000000
0	28.155000	1.044638	282.024994	217.975006
0	28.186000	1.187681	270.531250	221.956238
1	28.217000	1.368116	266.500000	224.000000
0	28.248000	1.091449	267.306244	220.818756
1	28.279000	1.391304	265.500000	227.000000
1	28.326000	1.333768	264.506256	226.856232
1	28.357000	1.359420	264.000000	228.250000
0	28.389000	1.113043	269.500000	223.000000
1	28.420000	1.344493	264.681244	226.318756
1	28.451000	1.327536	265.000000	227.500000
1	28.482000	1.285942	264.006256	225.993744
1	28.513000	1.298551	265.000000	227.500000
0	28.545000	1.142029	267.000000	226.500000
1	28.591000	1.295507	264.231232	228.006256
1	28.623000	1.294058	264.031250	228.893738
1	28.654000	1.309710	264.181244	230.818756
0	28.685000	1.205797	268.500000	230.000000
1	28.716000	1.329420	263.418732	233.556244
1	28.747000	1.323768	264.099945	233.012604
1	28.779000	1.310145	264.500000	231.000000
0	28.825000	0.989275	271.862427	226.249939
1	28.857000	1.327101	265.506256	228.443756
1	28.888000	1.314203	266.137482	229.225006
1	28.919000	1.290725	266.062500	228.924988
1	28.950000	1.332029	264.581238	229.456238
1	28.981000	1.331014	264.500000	231.500000
1	29.013000	1.319710	264.412506	232.024994
1	29.059000	1.321739	264.000000	233.500000
1	29.091000	1.344058	264.312500	233.312500
1	29.122000	1.344493	263.318756	232.681244
1	29.153000	1.328406	263.899994	232.537506
1	29.184000	1.305507	264.225006	234.024994
1	29.215000	1.345072	263.668762	234.656250
1	29.247000	1.307971	263.156250	235.831238
1	29.278000	1.324493	263.531250	236.468750
1	29.325000	1.298551	264.500000	238.000000
1	29.356000	1.310145	262.500000	236.000000
0	29.387000	0.983188	273.000000	235.250000
1	29.418000	1.248840	263.556244	237.556244
1	29.449000	1.323333	262.656250	236.656250
0	29.481000	0.778841	271.812500	235.812500
1	29.512000	1.205797	264.500000	242.000000
0	29.559000	1.079855	266.593750	240.531250
0	29.590000	1.205797	264.500000	238.000000
1	29.621000	1.228985	264.500000	240.000000
0	29.652000	0.690290	270.431244	233.568756
1	29.683000	1.203768	264.312500	238.299988
0	29.715000	0.747681	270.293732	232.743744
0	29.746000	0.973913	271.500000	235.000000
0	29.793000	0.989710	269.218750	235.781250
1	29.824000	1.179855	266.343750	235.656250
0	29.855000	0.857681	270.287506	232.274994
0	29.886000	1.092319	267.381256	235.181244
0	29.917000	0.931594	270.350006	234.912506
0	29.949000	0.694058	271.081238	234.531250
0	29.980000	0.440580	268.500000	236.000000
<\RIGHT-PUPIL-DATA>
<LEFT-PUPIL-DATA>
902	0
0	-0.051000	13.913043	240.000000	320.000000
0	-0.020000	13.913043	240.000000	320.000000
0	0.012000	13.913043	240.000000	320.000000
0	0.043000	13.913043	240.000000	320.000000
0	0.074000	13.913043	240.000000	320.000000
0	0.105000	13.913043	240.000000	320.000000
0	0.136000	13.913043	240.000000	320.000000
0	0.183000	13.913043	240.000000	320.000000
0	0.214000	13.913043	240.000000	320.000000
0	0.246000	13.913043	240.000000	320.000000
0	0.277000	13.913043	240.000000	320.000000
0	0.308000	13.913043	240.000000	320.000000
0	0.339000	13.913043	240.000000	320.000000
0	0.370000	13.913043	240.000000	320.000000
0	0.417000	13.913043	240.000000	320.000000
0	0.448000	13.913043	240.000000	320.000000
0	0.480000	13.913043	240.000000	320.000000
0	0.511000	13.913043	240.000000	320.000000
0	0.542000	13.913043	240.000000	320.000000
0	0.573000	13.913043	240.000000	320.000000
0	0.604000	13.913043	240.000000	320.000000
0	0.636000	13.913043	240.000000	320.000000
0	0.682000	13.913043	240.000000	320.000000
0	0.714000	13.913043	240.000000	320.000000
0	0.745000	13.913043	240.000000	320.000000
0	0.776000	13.913043	240.000000	320.000000
0	0.807000	13.913043	240.000000	320.000000
0	0.838000	13.913043	240.000000	320.000000
0	0.870000	13.913043	240.000000	320.000000
0	0.916000	13.913043	240.000000	320.000000
0	0.948000	13.913043	240.000000	320.000000
0	0.979000	13.913043	240.000000	320.000000
0	1.010000	13.913043	240.000000	320.000000
0	1.041000	13.913043	240.000000	320.000000
0	1.072000	13.913043	240.000000	320.000000
0	1.104000	13.913043	240.000000	320.000000
0	1.135000	13.913043	240.000000	320.000000
0	1.182000	13.913043	240.000000	320.000000
0	1.213000	13.913043	240.000000	320.000000
0	1.244000	13.913043	240.000000	320.000000
0	1.275000	13.913043	240.000000	320.000000
0	1.306000	13.913043	240.000000	320.000000
0	1.338000	13.913043	240.000000	320.000000
0	1.369000	13.913043	240.000000	320.000000
0	1.416000	13.913043	240.000000	320.000000
0	1.447000	13.913043	240.000000	320.000000
0	1.478000	13.913043	240.000000	320.000000
0	1.509000	13.913043	240.000000	320.000000
0	1.540000	13.913043	240.000000	320.000000
0	1.572000	13.913043	240.000000	320.000000
0	1.603000	13.913043	240.000000	320.000000
0	1.650000	13.913043	240.000000	320.000000
0	1.681000	13.913043	240.000000	320.000000
0	1.712000	13.913043	240.000000	320.000000
0	1.743000	13.913043	240.000000	320.000000
0	1.774000	13.913043	240.000000	320.000000
0	1.806000	13.913043	240.000000	320.000000
0	1.837000	13.913043	240.000000	320.000000
0	1.868000	13.913043	240.000000	320.000000
0	1.915000	13.913043	240.000000	320.000000
0	1.946000	13.913043	240.000000	320.000000
0	1.977000	13.913043	240.000000	320.000000
0	2.008000	13.913043	240.000000	320.000000
0	2.040000	13.913043	240.000000	320.000000
0	2.071000	13.913043	240.000000	320.000000
0	2.102000	13.913043	240.000000	320.000000
0	2.149000	13.913043	240.000000	320.000000
0	2.180000	13.913043	240.000000	320.000000
0	2.211000	13.913043	240.000000	320.000000
0	2.242000	13.913043	240.000000	320.000000
0	2.274000	13.913043	240.000000	320.000000
0	2.305000	13.913043	240.000000	320.000000
0	2.336000	13.913043	240.000000	320.000000
0	2.383000	13.913043	240.000000	320.000000
0	2.414000	13.913043	240.000000	320.000000
0	2.445000	13.913043	240.000000	320.000000
0	2.476000	13.913043	240.000000	320.000000
0	2.508000	13.913043	240.000000	320.000000
0	2.539000	13.913043	240.000000	320.000000
0	2.570000	13.913043	240.000000	320.000000
0	2.601000	13.913043	240.000000	320.000000
0	2.648000	13.913043	240.000000	320.000000
0	2.679000	13.913043	240.000000	320.000000
0	2.710000	13.913043	240.000000	320.000000
0	2.742000	13.913043	240.000000	320.000000
0	2.773000	13.913043	240.000000	320.000000
0	2.804000	13.913043	240.000000	320.000000
0	2.835000	13.913043	240.000000	320.000000
0	2.882000	13.913043	240.000000	320.000000
0	2.913000	13.913043	240.000000	320.000000
0	2.944000	13.913043	240.000000	320.000000
0	2.976000	13.913043	240.000000	320.000000
0	3.007000	13.913043	240.000000	320.000000
0	3.038000	13.913043	240.000000	320.000000
0	3.069000	13.913043	240.000000	320.000000
0	3.116000	13.913043	240.000000	320.000000
0	3.147000	13.913043	240.000000	320.000000
0	3.178000	13.913043	240.000000	320.000000
0	3.210000	13.913043	240.000000	320.000000
0	3.241000	13.913043	240.000000	320.000000
0	3.272000	13.913043	240.000000	320.000000
0	3.303000	13.913043	240.000000	320.000000
0	3.334000	13.913043	240.000000	320.000000
0	3.381000	13.913043	240.000000	320.000000
0	3.412000	13.913043	240.000000	320.000000
0	3.444000	13.913043	240.000000	320.000000
0	3.475000	13.913043	240.000000	320.000000
0	3.506000	13.913043	240.000000	320.000000
0	3.537000	13.913043	240.000000	320.000000
0	3.568000	13.913043	240.000000	320.000000
0	3.615000	13.913043	240.000000	320.000000
0	3.646000	13.913043	240.000000	320.000000
0	3.678000	13.913043	240.000000	320.000000
0	3.709000	13.913043	240.000000	320.000000
0	3.740000	13.913043	240.000000	320.000000
0	3.771000	13.913043	240.000000	320.000000
0	3.802000	13.913043	240.000000	320.000000
0	3.849000	13.913043	240.000000	320.000000
0	3.880000	13.913043	240.000000	320.000000
0	3.912000	13.913043	240.000000	320.000000
0	3.943000	13.913043	240.000000	320.000000
0	3.974000	13.913043	240.000000	320.000000
0	4.005000	13.913043	240.000000	320.000000
0	4.036000	13.913043	240.000000	320.000000
0	4.068000	13.913043	240.000000	320.000000
0	4.114000	13.913043	240.000000	320.000000
0	4.146000	13.913043	240.000000	320.000000
0	4.177000	13.913043	240.000000	320.000000
0	4.208000	13.913043	240.000000	320.000000
0	4.239000	13.913043	240.000000	320.000000
0	4.270000	13.913043	240.000000	320.000000
0	4.302000	13.913043	240.000000	320.000000
0	4.348000	13.913043	240.000000	320.000000
0	4.380000	13.913043	240.000000	320.000000
0	4.411000	13.913043	240.000000	320.000000
0	4.442000	13.913043	240.000000	320.000000
0	4.473000	13.913043	240.000000	320.000000
0	4.504000	13.913043	240.000000	320.000000
0	4.536000	13.913043	240.000000	320.000000
0	4.567000	13.913043	240.000000	320.000000
0	4.614000	13.913043	240.000000	320.000000
0	4.645000	13.913043	240.000000	320.000000
0	4.676000	13.913043	240.000000	320.000000
0	4.707000	13.913043	240.000000	320.000000
0	4.738000	13.913043	240.000000	320.000000
0	4.770000	13.913043	240.000000	320.000000
0	4.801000	13.913043	240.000000	320.000000
0	4.848000	13.913043	240.000000	320.000000
0	4.879000	13.913043	240.000000	320.000000
0	4.910000	13.913043	240.000000	320.000000
0	4.941000	13.913043	240.000000	320.000000
0	4.972000	13.913043	240.000000	320.000000
0	5.004000	13.913043	240.000000	320.000000
0	5.035000	13.913043	240.000000	320.000000
0	5.066000	13.913043	240.000000	320.000000
0	5.113000	13.913043	240.000000	320.000000
0	5.144000	13.913043	240.000000	320.000000
0	5.175000	13.913043	240.000000	320.000000
0	5.206000	13.913043	240.000000	320.000000
0	5.238000	13.913043	240.000000	320.000000
0	5.269000	13.913043	240.000000	320.000000
0	5.300000	13.913043	240.000000	320.000000
0	5.347000	13.913043	240.000000	320.000000
0	5.378000	13.913043	240.000000	320.000000
0	5.409000	13.913043	240.000000	320.000000
0	5.440000	13.913043	240.000000	320.000000
0	5.472000	13.913043	240.000000	320.000000
0	5.503000	13.913043	240.000000	320.000000
0	5.534000	13.913043	240.000000	320.000000
0	5.581000	13.913043	240.000000	320.000000
0	5.612000	13.913043	240.000000	320.000000
0	5.643000	13.913043	240.000000	320.000000
0	5.674000	13.913043	240.000000	320.000000
0	5.706000	13.913043	240.000000	320.000000
0	5.737000	13.913043	240.000000	320.000000
0	5.768000	13.913043	240.000000	320.000000
0	5.799000	13.913043	240.000000	320.000000
0	5.846000	13.913043	240.000000	320.000000
0	5.877000	13.913043	240.000000	320.000000
0	5.908000	13.913043	240.000000	320.000000
0	5.940000	13.913043	240.000000	320.000000
0	5.971000	13.913043	240.000000	320.000000
0	6.002000	13.913043	240.000000	320.000000
0	6.033000	13.913043	240.000000	320.000000
0	6.080000	13.913043	240.000000	320.000000
0	6.111000	13.913043	240.000000	320.000000
0	6.142000	13.913043	240.000000	320.000000
0	6.174000	13.913043	240.000000	320.000000
0	6.205000	13.913043	240.000000	320.000000
0	6.236000	13.913043	240.000000	320.000000
0	6.267000	13.913043	240.000000	320.000000
0	6.314000	13.913043	240.000000	320.000000
0	6.345000	13.913043	240.000000	320.000000
0	6.376000	13.913043	240.000000	320.000000
0	6.408000	13.913043	240.000000	320.000000
0	6.439000	13.913043	240.000000	320.000000
0	6.470000	13.913043	240.000000	320.000000
0	6.501000	13.913043	240.000000	320.000000
0	6.532000	13.913043	240.000000	320.000000
0	6.579000	13.913043	240.000000	320.000000
0	6.610000	13.913043	240.000000	320.000000
0	6.642000	13.913043	240.000000	320.000000
0	6.673000	13.913043	240.000000	320.000000
0	6.704000	13.913043	240.000000	320.000000
0	6.735000	13.913043	240.000000	320.000000
0	6.766000	13.913043	240.000000	320.000000
0	6.813000	13.913043	240.000000	320.000000
0	6.844000	13.913043	240.000000	320.000000
0	6.876000	13.913043	240.000000	320.000000
0	6.907000	13.913043	240.000000	320.000000
0	6.938000	13.913043	240.000000	320.000000
0	6.969000	13.913043	240.000000	320.000000
0	7.000000	13.913043	240.000000	320.000000
0	7.047000	13.913043	240.000000	320.000000
0	7.078000	13.913043	240.000000	320.000000
0	7.110000	13.913043	240.000000	320.000000
0	7.141000	13.913043	240.000000	320.000000
0	7.172000	13.913043	240.000000	320.000000
0	7.203000	13.913043	240.000000	320.000000
0	7.234000	13.913043	240.000000	320.000000
0	7.266000	13.913043	240.000000	320.000000
0	7.312000	13.913043	240.000000	320.000000
0	7.344000	13.913043	240.000000	320.000000
0	7.375000	13.913043	240.000000	320.000000
0	7.406000	13.913043	240.000000	320.000000
0	7.437000	13.913043	240.000000	320.000000
0	7.468000	13.913043	240.000000	320.000000
0	7.500000	13.913043	240.000000	320.000000
0	7.546000	13.913043	240.000000	320.000000
0	7.578000	13.913043	240.000000	320.000000
0	7.609000	13.913043	240.000000	320.000000
0	7.640000	13.913043	240.000000	320.000000
0	7.671000	13.913043	240.000000	320.000000
0	7.702000	13.913043	240.000000	320.000000
0	7.734000	13.913043	240.000000	320.000000
0	7.780000	13.913043	240.000000	320.000000
0	7.812000	13.913043	240.000000	320.000000
0	7.843000	13.913043	240.000000	320.000000
0	7.874000	13.913043	240.000000	320.000000
0	7.905000	13.913043	240.000000	320.000000
0	7.936000	13.913043	240.000000	320.000000
0	7.968000	13.913043	240.000000	320.000000
0	7.999000	13.913043	240.000000	320.000000
0	8.046000	13.913043	240.000000	320.000000
0	8.077000	13.913043	240.000000	320.000000
0	8.108000	13.913043	240.000000	320.000000
0	8.139000	13.913043	240.000000	320.000000
0	8.170000	13.913043	240.000000	320.000000
0	8.202000	13.913043	240.000000	320.000000
0	8.233000	13.913043	240.000000	320.000000
0	8.280000	13.913043	240.000000	320.000000
0	8.311000	13.913043	240.000000	320.000000
0	8.342000	13.913043	240.000000	320.000000
0	8.373000	13.913043	240.000000	320.000000
0	8.404000	13.913043	240.000000	320.000000
0	8.436000	13.913043	240.000000	320.000000
0	8.467000	13.913043	240.000000	320.000000
0	8.514000	13.913043	240.000000	320.000000
0	8.545000	13.913043	240.000000	320.000000
0	8.576000	13.913043	240.000000	320.000000
0	8.607000	13.913043	240.000000	320.000000
0	8.638000	13.913043	240.000000	320.000000
0	8.670000	13.913043	240.000000	320.000000
0	8.701000	13.913043	240.000000	320.000000
0	8.732000	13.913043	240.000000	320.000000
0	8.779000	13.913043	240.000000	320.000000
0	8.810000	13.913043	240.000000	320.000000
0	8.841000	13.913043	240.000000	320.000000
0	8.872000	13.913043	240.000000	320.000000
0	8.904000	13.913043	240.000000	320.000000
0	8.935000	13.913043	240.000000	320.000000
0	8.966000	13.913043	240.000000	320.000000
0	8.997000	13.913043	240.000000	320.000000
0	9.044000	13.913043	240.000000	320.000000
0	9.075000	13.913043	240.000000	320.000000
0	9.106000	13.913043	240.000000	320.000000
0	9.138000	13.913043	240.000000	320.000000
0	9.169000	13.913043	240.000000	320.000000
0	9.200000	13.913043	240.000000	320.000000
0	9.231000	13.913043	240.000000	320.000000
0	9.278000	13.913043	240.000000	320.000000
0	9.309000	13.913043	240.000000	320.000000
0	9.340000	13.913043	240.000000	320.000000
0	9.372000	13.913043	240.000000	320.000000
0	9.403000	13.913043	240.000000	320.000000
0	9.434000	13.913043	240.000000	320.000000
0	9.465000	13.913043	240.000000	320.000000
0	9.512000	13.913043	240.000000	320.000000
0	9.543000	13.913043	240.000000	320.000000
0	9.574000	13.913043	240.000000	320.000000
0	9.606000	13.913043	240.000000	320.000000
0	9.637000	13.913043	240.000000	320.000000
0	9.668000	13.913043	240.000000	320.000000
0	9.699000	13.913043	240.000000	320.000000
0	9.730000	13.913043	240.000000	320.000000
0	9.777000	13.913043	240.000000	320.000000
0	9.808000	13.913043	240.000000	320.000000
0	9.840000	13.913043	240.000000	320.000000
0	9.871000	13.913043	240.000000	320.000000
0	9.902000	13.913043	240.000000	320.000000
0	9.933000	13.913043	240.000000	320.000000
0	9.964000	13.913043	240.000000	320.000000
0	10.011000	13.913043	240.000000	320.000000
0	10.042000	13.913043	240.000000	320.000000
0	10.074000	13.913043	240.000000	320.000000
0	10.105000	13.913043	240.000000	320.000000
0	10.136000	13.913043	240.000000	320.000000
0	10.167000	13.913043	240.000000	320.000000
0	10.198000	13.913043	240.000000	320.000000
0	10.245000	13.913043	240.000000	320.000000
0	10.276000	13.913043	240.000000	320.000000
0	10.308000	13.913043	240.000000	320.000000
0	10.339000	13.913043	240.000000	320.000000
0	10.370000	13.913043	240.000000	320.000000
0	10.401000	13.913043	240.000000	320.000000
0	10.432000	13.913043	240.000000	320.000000
0	10.464000	13.913043	240.000000	320.000000
0	10.510000	13.913043	240.000000	320.000000
0	10.542000	13.913043	240.000000	320.000000
0	10.573000	13.913043	240.000000	320.000000
0	10.604000	13.913043	240.000000	320.000000
0	10.635000	13.913043	240.000000	320.000000
0	10.666000	13.913043	240.000000	320.000000
0	10.698000	13.913043	240.000000	320.000000
0	10.744000	13.913043	240.000000	320.000000
0	10.776000	13.913043	240.000000	320.000000
0	10.807000	13.913043	240.000000	320.000000
0	10.838000	13.913043	240.000000	320.000000
0	10.869000	13.913043	240.000000	320.000000
0	10.900000	13.913043	240.000000	320.000000
0	10.932000	13.913043	240.000000	320.000000
0	10.978000	13.913043	240.000000	320.000000
0	11.010000	13.913043	240.000000	320.000000
0	11.041000	13.913043	240.000000	320.000000
0	11.072000	13.913043	240.000000	320.000000
0	11.103000	13.913043	240.000000	320.000000
0	11.134000	13.913043	240.000000	320.000000
0	11.166000	13.913043	240.000000	320.000000
0	11.197000	13.913043	240.000000	320.000000
0	11.244000	13.913043	240.000000	320.000000
0	11.275000	13.913043	240.000000	320.000000
0	11.306000	13.913043	240.000000	320.000000
0	11.337000	13.913043	240.000000	320.000000
0	11.368000	13.913043	240.000000	320.000000
0	11.400000	13.913043	240.000000	320.000000
0	11.431000	13.913043	240.000000	320.000000
0	11.478000	13.913043	240.000000	320.000000
0	11.509000	13.913043	240.000000	320.000000
0	11.540000	13.913043	240.000000	320.000000
0	11.571000	13.913043	240.000000	320.000000
0	11.602000	13.913043	240.000000	320.000000
0	11.634000	13.913043	240.000000	320.000000
0	11.665000	13.913043	240.000000	320.000000
0	11.712000	13.913043	240.000000	320.000000
0	11.743000	13.913043	240.000000	320.000000
0	11.774000	13.913043	240.000000	320.000000
0	11.805000	13.913043	240.000000	320.000000
0	11.836000	13.913043	240.000000	320.000000
0	11.868000	13.913043	240.000000	320.000000
0	11.899000	13.913043	240.000000	320.000000
0	11.930000	13.913043	240.000000	320.000000
0	11.977000	13.913043	240.000000	320.000000
0	12.008000	13.913043	240.000000	320.000000
0	12.039000	13.913043	240.000000	320.000000
0	12.070000	13.913043	240.000000	320.000000
0	12.102000	13.913043	240.000000	320.000000
0	12.133000	13.913043	240.000000	320.000000
0	12.164000	13.913043	240.000000	320.000000
0	12.211000	13.913043	240.000000	320.000000
0	12.242000	13.913043	240.000000	320.000000
0	12.273000	13.913043	240.000000	320.000000
0	12.304000	13.913043	240.000000	320.000000
0	12.336000	13.913043	240.000000	320.000000
0	12.367000	13.913043	240.000000	320.000000
0	12.398000	13.913043	240.000000	320.000000
0	12.445000	13.913043	240.000000	320.000000
0	12.476000	13.913043	240.000000	320.000000
0	12.507000	13.913043	240.000000	320.000000
0	12.538000	13.913043	240.000000	320.000000
0	12.570000	13.913043	240.000000	320.000000
0	12.601000	13.913043	240.000000	320.000000
0	12.632000	13.913043	240.000000	320.000000
0	12.663000	13.913043	240.000000	320.000000
0	12.710000	13.913043	240.000000	320.000000
0	12.741000	13.913043	240.000000	320.000000
0	12.772000	13.913043	240.000000	320.000000
0	12.804000	13.913043	240.000000	320.000000
0	12.835000	13.913043	240.000000	320.000000
0	12.866000	13.913043	240.000000	320.000000
0	12.897000	13.913043	240.000000	320.000000
0	12.928000	13.913043	240.000000	320.000000
0	12.975000	13.913043	240.000000	320.000000
0	13.006000	13.913043	240.000000	320.000000
0	13.038000	13.913043	240.000000	320.000000
0	13.069000	13.913043	240.000000	320.000000
0	13.100000	13.913043	240.000000	320.000000
0	13.131000	13.913043	240.000000	320.000000
0	13.162000	13.913043	240.000000	320.000000
0	13.209000	13.913043	240.000000	320.000000
0	13.240000	13.913043	240.000000	320.000000
0	13.272000	13.913043	240.000000	320.000000
0	13.303000	13.913043	240.000000	320.000000
0	13.334000	13.913043	240.000000	320.000000
0	13.365000	13.913043	240.000000	320.000000
0	13.396000	13.913043	240.000000	320.000000
0	13.443000	13.913043	240.000000	320.000000
0	13.474000	13.913043	240.000000	320.000000
0	13.506000	13.913043	240.000000	320.000000
0	13.537000	13.913043	240.000000	320.000000
0	13.568000	13.913043	240.000000	320.000000
0	13.599000	13.913043	240.000000	320.000000
0	13.630000	13.913043	240.000000	320.000000
0	13.662000	13.913043	240.000000	320.000000
0	13.708000	13.913043	240.000000	320.000000
0	13.740000	13.913043	240.000000	320.000000
0	13.771000	13.913043	240.000000	320.000000
0	13.802000	13.913043	240.000000	320.000000
0	13.833000	13.913043	240.000000	320.000000
0	13.864000	13.913043	240.000000	320.000000
0	13.896000	13.913043	240.000000	320.000000
0	13.942000	13.913043	240.000000	320.000000
0	13.974000	13.913043	240.000000	320.000000
0	14.005000	13.913043	240.000000	320.000000
0	14.036000	13.913043	240.000000	320.000000
0	14.067000	13.913043	240.000000	320.000000
0	14.098000	13.913043	240.000000	320.000000
0	14.130000	13.913043	240.000000	320.000000
0	14.176000	13.913043	240.000000	320.000000
0	14.208000	13.913043	240.000000	320.000000
0	14.239000	13.913043	240.000000	320.000000
0	14.270000	13.913043	240.000000	320.000000
0	14.301000	13.913043	240.000000	320.000000
0	14.332000	13.913043	240.000000	320.000000
0	14.364000	13.913043	240.000000	320.000000
0	14.395000	13.913043	240.000000	320.000000
0	14.442000	13.913043	240.000000	320.000000
0	14.473000	13.913043	240.000000	320.000000
0	14.504000	13.913043	240.000000	320.000000
0	14.535000	13.913043	240.000000	320.000000
0	14.566000	13.913043	240.000000	320.000000
0	14.598000	13.913043	240.000000	320.000000
0	14.629000	13.913043	240.000000	320.000000
0	14.676000	13.913043	240.000000	320.000000
0	14.707000	13.913043	240.000000	320.000000
0	14.738000	13.913043	240.000000	320.000000
0	14.769000	13.913043	240.000000	320.000000
0	14.800000	13.913043	240.000000	320.000000
0	14.832000	13.913043	240.000000	320.000000
0	14.863000	13.913043	240.000000	320.000000
0	14.910000	13.913043	240.000000	320.000000
0	14.941000	13.913043	240.000000	320.000000
0	14.972000	13.913043	240.000000	320.000000
0	15.003000	13.913043	240.000000	320.000000
0	15.034000	13.913043	240.000000	320.000000
0	15.066000	13.913043	240.000000	320.000000
0	15.097000	13.913043	240.000000	320.000000
0	15.128000	13.913043	240.000000	320.000000
0	15.175000	13.913043	240.000000	320.000000
0	15.206000	13.913043	240.000000	320.000000
0	15.237000	13.913043	240.000000	320.000000
0	15.268000	13.913043	240.000000	320.000000
0	15.300000	13.913043	240.000000	320.000000
0	15.331000	13.913043	240.000000	320.000000
0	15.362000	13.913043	240.000000	320.000000
0	15.409000	13.913043	240.000000	320.000000
0	15.440000	13.913043	240.000000	320.000000
0	15.471000	13.913043	240.000000	320.000000
0	15.502000	13.913043	240.000000	320.000000
0	15.534000	13.913043	240.000000	320.000000
0	15.565000	13.913043	240.000000	320.000000
0	15.596000	13.913043	240.000000	320.000000
0	15.643000	13.913043	240.000000	320.000000
0	15.674000	13.913043	240.000000	320.000000
0	15.705000	13.913043	240.000000	320.000000
0	15.736000	13.913043	240.000000	320.000000
0	15.768000	13.913043	240.000000	320.000000
0	15.799000	13.913043	240.000000	320.000000
0	15.830000	13.913043	240.000000	320.000000
0	15.861000	13.913043	240.000000	320.000000
0	15.908000	13.913043	240.000000	320.000000
0	15.939000	13.913043	240.000000	320.000000
0	15.970000	13.913043	240.000000	320.000000
0	16.002000	13.913043	240.000000	320.000000
0	16.033000	13.913043	240.000000	320.000000
0	16.064000	13.913043	240.000000	320.000000
0	16.095000	13.913043	240.000000	320.000000
0	16.142000	13.913043	240.000000	320.000000
0	16.173000	13.913043	240.000000	320.000000
0	16.204000	13.913043	240.000000	320.000000
0	16.236000	13.913043	240.000000	320.000000
0	16.267000	13.913043	240.000000	320.000000
0	16.298000	13.913043	240.000000	320.000000
0	16.329000	13.913043	240.000000	320.000000
0	16.376000	13.913043	240.000000	320.000000
0	16.407000	13.913043	240.000000	320.000000
0	16.438000	13.913043	240.000000	320.000000
0	16.470000	13.913043	240.000000	320.000000
0	16.501000	13.913043	240.000000	320.000000
0	16.532000	13.913043	240.000000	320.000000
0	16.563000	13.913043	240.000000	320.000000
0	16.594000	13.913043	240.000000	320.000000
0	16.641000	13.913043	240.000000	320.000000
0	16.672000	13.913043	240.000000	320.000000
0	16.704000	13.913043	240.000000	320.000000
0	16.735000	13.913043	240.000000	320.000000
0	16.766000	13.913043	240.000000	320.000000
0	16.797000	13.913043	240.000000	320.000000
0	16.828000	13.913043	240.000000	320.000000
0	16.875000	13.913043	240.000000	320.000000
0	16.906000	13.913043	240.000000	320.000000
0	16.938000	13.913043	240.000000	320.000000
0	16.969000	13.913043	240.000000	320.000000
0	17.000000	13.913043	240.000000	320.000000
0	17.031000	13.913043	240.000000	320.000000
0	17.062000	13.913043	240.000000	320.000000
0	17.094000	13.913043	240.000000	320.000000
0	17.140000	13.913043	240.000000	320.000000
0	17.172000	13.913043	240.000000	320.000000
0	17.203000	13.913043	240.000000	320.000000
0	17.234000	13.913043	240.000000	320.000000
0	17.265000	13.913043	240.000000	320.000000
0	17.296000	13.913043	240.000000	320.000000
0	17.328000	13.913043	240.000000	320.000000
0	17.374000	13.913043	240.000000	320.000000
0	17.406000	13.913043	240.000000	320.000000
0	17.437000	13.913043	240.000000	320.000000
0	17.468000	13.913043	240.000000	320.000000
0	17.499000	13.913043	240.000000	320.000000
0	17.530000	13.913043	240.000000	320.000000
0	17.562000	13.913043	240.000000	320.000000
0	17.593000	13.913043	240.000000	320.000000
0	17.640000	13.913043	240.000000	320.000000
0	17.671000	13.913043	240.000000	320.000000
0	17.702000	13.913043	240.000000	320.000000
0	17.733000	13.913043	240.000000	320.000000
0	17.765000	13.913043	240.000000	320.000000
0	17.796000	13.913043	240.000000	320.000000
0	17.827000	13.913043	240.000000	320.000000
0	17.874000	13.913043	240.000000	320.000000
0	17.905000	13.913043	240.000000	320.000000
0	17.936000	13.913043	240.000000	320.000000
0	17.967000	13.913043	240.000000	320.000000
0	17.999000	13.913043	240.000000	320.000000
0	18.030000	13.913043	240.000000	320.000000
0	18.061000	13.913043	240.000000	320.000000
0	18.108000	13.913043	240.000000	320.000000
0	18.139000	13.913043	240.000000	320.000000
0	18.170000	13.913043	240.000000	320.000000
0	18.201000	13.913043	240.000000	320.000000
0	18.233000	13.913043	240.000000	320.000000
0	18.264000	13.913043	240.000000	320.000000
0	18.295000	13.913043	240.000000	320.000000
0	18.326000	13.913043	240.000000	320.000000
0	18.373000	13.913043	240.000000	320.000000
0	18.404000	13.913043	240.000000	320.000000
0	18.435000	13.913043	240.000000	320.000000
0	18.467000	13.913043	240.000000	320.000000
0	18.498000	13.913043	240.000000	320.000000
0	18.529000	13.913043	240.000000	320.000000
0	18.560000	13.913043	240.000000	320.000000
0	18.607000	13.913043	240.000000	320.000000
0	18.638000	13.913043	240.000000	320.000000
0	18.669000	13.913043	240.000000	320.000000
0	18.701000	13.913043	240.000000	320.000000
0	18.732000	13.913043	240.000000	320.000000
0	18.763000	13.913043	240.000000	320.000000
0	18.794000	13.913043	240.000000	320.000000
0	18.841000	13.913043	240.000000	320.000000
0	18.872000	13.913043	240.000000	320.000000
0	18.903000	13.913043	240.000000	320.000000
0	18.935000	13.913043	240.000000	320.000000
0	18.966000	13.913043	240.000000	320.000000
0	18.997000	13.913043	240.000000	320.000000
0	19.028000	13.913043	240.000000	320.000000
0	19.059000	13.913043	240.000000	320.000000
0	19.106000	13.913043	240.000000	320.000000
0	19.137000	13.913043	240.000000	320.000000
0	19.169000	13.913043	240.000000	320.000000
0	19.200000	13.913043	240.000000	320.000000
0	19.231000	13.913043	240.000000	320.000000
0	19.262000	13.913043	240.000000	320.000000
0	19.293000	13.913043	240.000000	320.000000
0	19.340000	13.913043	240.000000	320.000000
0	19.371000	13.913043	240.000000	320.000000
0	19.403000	13.913043	240.000000	320.000000
0	19.434000	13.913043	240.000000	320.000000
0	19.465000	13.913043	240.000000	320.000000
0	19.496000	13.913043	240.000000	320.000000
0	19.527000	13.913043	240.000000	320.000000
0	19.574000	13.913043	240.000000	320.000000
0	19.605000	13.913043	240.000000	320.000000
0	19.637000	13.913043	240.000000	320.000000
0	19.668000	13.913043	240.000000	320.000000
0	19.699000	13.913043	240.000000	320.000000
0	19.730000	13.913043	240.000000	320.000000
0	19.761000	13.913043	240.000000	320.000000
0	19.793000	13.913043	240.000000	320.000000
0	19.839000	13.913043	240.000000	320.000000
0	19.871000	13.913043	240.000000	320.000000
0	19.902000	13.913043	240.000000	320.000000
0	19.933000	13.913043	240.000000	320.000000
0	19.964000	13.913043	240.000000	320.000000
0	19.995000	13.913043	240.000000	320.000000
0	20.027000	13.913043	240.000000	320.000000
0	20.073000	13.913043	240.000000	320.000000
0	20.105000	13.913043	240.000000	320.000000
0	20.136000	13.913043	240.000000	320.000000
0	20.167000	13.913043	240.000000	320.000000
0	20.198000	13.913043	240.000000	320.000000
0	20.229000	13.913043	240.000000	320.000000
0	20.261000	13.913043	240.000000	320.000000
0	20.307000	13.913043	240.000000	320.000000
0	20.339000	13.913043	240.000000	320.000000
0	20.370000	13.913043	240.000000	320.000000
0	20.401000	13.913043	240.000000	320.000000
0	20.432000	13.913043	240.000000	320.000000
0	20.463000	13.913043	240.000000	320.000000
0	20.495000	13.913043	240.000000	320.000000
0	20.526000	13.913043	240.000000	320.000000
0	20.573000	13.913043	240.000000	320.000000
0	20.604000	13.913043	240.000000	320.000000
0	20.635000	13.913043	240.000000	320.000000
0	20.666000	13.913043	240.000000	320.000000
0	20.697000	13.913043	240.000000	320.000000
0	20.729000	13.913043	240.000000	320.000000
0	20.760000	13.913043	240.000000	320.000000
0	20.807000	13.913043	240.000000	320.000000
0	20.838000	13.913043	240.000000	320.000000
0	20.869000	13.913043	240.000000	320.000000
0	20.900000	13.913043	240.000000	320.000000
0	20.931000	13.913043	240.000000	320.000000
0	20.963000	13.913043	240.000000	320.000000
0	20.994000	13.913043	240.000000	320.000000
0	21.025000	13.913043	240.000000	320.000000
0	21.072000	13.913043	240.000000	320.000000
0	21.103000	13.913043	240.000000	320.000000
0	21.134000	13.913043	240.000000	320.000000
0	21.165000	13.913043	240.000000	320.000000
0	21.197000	13.913043	240.000000	320.000000
0	21.228000	13.913043	240.000000	320.000000
0	21.259000	13.913043	240.000000	320.000000
0	21.306000	13.913043	240.000000	320.000000
0	21.337000	13.913043	240.000000	320.000000
0	21.368000	13.913043	240.000000	320.000000
0	21.399000	13.913043	240.000000	320.000000
0	21.431000	13.913043	240.000000	320.000000
0	21.462000	13.913043	240.000000	320.000000
0	21.493000	13.913043	240.000000	320.000000
0	21.540000	13.913043	240.000000	320.000000
0	21.571000	13.913043	240.000000	320.000000
0	21.602000	13.913043	240.000000	320.000000
0	21.633000	13.913043	240.000000	320.000000
0	21.665000	13.913043	240.000000	320.000000
0	21.696000	13.913043	240.000000	320.000000
0	21.727000	13.913043	240.000000	320.000000
0	21.758000	13.913043	240.000000	320.000000
0	21.805000	13.913043	240.000000	320.000000
0	21.836000	13.913043	240.000000	320.000000
0	21.867000	13.913043	240.000000	320.000000
0	21.899000	13.913043	240.000000	320.000000
0	21.930000	13.913043	240.000000	320.000000
0	21.961000	13.913043	240.000000	320.000000
0	21.992000	13.913043	240.000000	320.000000
0	22.039000	13.913043	240.000000	320.000000
0	22.070000	13.913043	240.000000	320.000000
0	22.101000	13.913043	240.000000	320.000000
0	22.133000	13.913043	240.000000	320.000000
0	22.164000	13.913043	240.000000	320.000000
0	22.195000	13.913043	240.000000	320.000000
0	22.226000	13.913043	240.000000	320.000000
0	22.257000	13.913043	240.000000	320.000000
0	22.304000	13.913043	240.000000	320.000000
0	22.335000	13.913043	240.000000	320.000000
0	22.367000	13.913043	240.000000	320.000000
0	22.398000	13.913043	240.000000	320.000000
0	22.429000	13.913043	240.000000	320.000000
0	22.460000	13.913043	240.000000	320.000000
0	22.491000	13.913043	240.000000	320.000000
0	22.538000	13.913043	240.000000	320.000000
0	22.569000	13.913043	240.000000	320.000000
0	22.601000	13.913043	240.000000	320.000000
0	22.632000	13.913043	240.000000	320.000000
0	22.663000	13.913043	240.000000	320.000000
0	22.694000	13.913043	240.000000	320.000000
0	22.725000	13.913043	240.000000	320.000000
0	22.772000	13.913043	240.000000	320.000000
0	22.803000	13.913043	240.000000	320.000000
0	22.835000	13.913043	240.000000	320.000000
0	22.866000	13.913043	240.000000	320.000000
0	22.897000	13.913043	240.000000	320.000000
0	22.928000	13.913043	240.000000	320.000000
0	22.959000	13.913043	240.000000	320.000000
0	22.991000	13.913043	240.000000	320.000000
0	23.037000	13.913043	240.000000	320.000000
0	23.069000	13.913043	240.000000	320.000000
0	23.100000	13.913043	240.000000	320.000000
0	23.131000	13.913043	240.000000	320.000000
0	23.162000	13.913043	240.000000	320.000000
0	23.193000	13.913043	240.000000	320.000000
0	23.225000	13.913043	240.000000	320.000000
0	23.271000	13.913043	240.000000	320.000000
0	23.303000	13.913043	240.000000	320.000000
0	23.334000	13.913043	240.000000	320.000000
0	23.365000	13.913043	240.000000	320.000000
0	23.396000	13.913043	240.000000	320.000000
0	23.427000	13.913043	240.000000	320.000000
0	23.459000	13.913043	240.000000	320.000000
0	23.505000	13.913043	240.000000	320.000000
0	23.537000	13.913043	240.000000	320.000000
0	23.568000	13.913043	240.000000	320.000000
0	23.599000	13.913043	240.000000	320.000000
0	23.630000	13.913043	240.000000	320.000000
0	23.661000	13.913043	240.000000	320.000000
0	23.693000	13.913043	240.000000	320.000000
0	23.724000	13.913043	240.000000	320.000000
0	23.771000	13.913043	240.000000	320.000000
0	23.802000	13.913043	240.000000	320.000000
0	23.833000	13.913043	240.000000	320.000000
0	23.864000	13.913043	240.000000	320.000000
0	23.895000	13.913043	240.000000	320.000000
0	23.927000	13.913043	240.000000	320.000000
0	23.958000	13.913043	240.000000	320.000000
0	24.005000	13.913043	240.000000	320.000000
0	24.036000	13.913043	240.000000	320.000000
0	24.067000	13.913043	240.000000	320.000000
0	24.098000	13.913043	240.000000	320.000000
0	24.129000	13.913043	240.000000	320.000000
0	24.161000	13.913043	240.000000	320.000000
0	24.192000	13.913043	240.000000	320.000000
0	24.239000	13.913043	240.000000	320.000000
0	24.270000	13.913043	240.000000	320.000000
0	24.301000	13.913043	240.000000	320.000000
0	24.332000	13.913043	240.000000	320.000000
0	24.363000	13.913043	240.000000	320.000000
0	24.395000	13.913043	240.000000	320.000000
0	24.426000	13.913043	240.000000	320.000000
0	24.457000	13.913043	240.000000	320.000000
0	24.504000	13.913043	240.000000	320.000000
0	24.535000	13.913043	240.000000	320.000000
0	24.566000	13.913043	240.000000	320.000000
0	24.597000	13.913043	240.000000	320.000000
0	24.629000	13.913043	240.000000	320.000000
0	24.660000	13.913043	240.000000	320.000000
0	24.691000	13.913043	240.000000	320.000000
0	24.738000	13.913043	240.000000	320.000000
0	24.769000	13.913043	240.000000	320.000000
0	24.800000	13.913043	240.000000	320.000000
0	24.831000	13.913043	240.000000	320.000000
0	24.863000	13.913043	240.000000	320.000000
0	24.894000	13.913043	240.000000	320.000000
0	24.925000	13.913043	240.000000	320.000000
0	24.956000	13.913043	240.000000	320.000000
0	25.003000	13.913043	240.000000	320.000000
0	25.034000	13.913043	240.000000	320.000000
0	25.065000	13.913043	240.000000	320.000000
0	25.097000	13.913043	240.000000	320.000000
0	25.128000	13.913043	240.000000	320.000000
0	25.159000	13.913043	240.000000	320.000000
0	25.190000	13.913043	240.000000	320.000000
0	25.237000	13.913043	240.000000	320.000000
0	25.268000	13.913043	240.000000	320.000000
0	25.299000	13.913043	240.000000	320.000000
0	25.331000	13.913043	240.000000	320.000000
0	25.362000	13.913043	240.000000	320.000000
0	25.393000	13.913043	240.000000	320.000000
0	25.424000	13.913043	240.000000	320.000000
0	25.471000	13.913043	240.000000	320.000000
0	25.502000	13.913043	240.000000	320.000000
0	25.533000	13.913043	240.000000	320.000000
0	25.565000	13.913043	240.000000	320.000000
0	25.596000	13.913043	240.000000	320.000000
0	25.627000	13.913043	240.000000	320.000000
0	25.658000	13.913043	240.000000	320.000000
0	25.689000	13.913043	240.000000	320.000000
0	25.736000	13.913043	240.000000	320.000000
0	25.767000	13.913043	240.000000	320.000000
0	25.799000	13.913043	240.000000	320.000000
0	25.830000	13.913043	240.000000	320.000000
0	25.861000	13.913043	240.000000	320.000000
0	25.892000	13.913043	240.000000	320.000000
0	25.923000	13.913043	240.000000	320.000000
0	25.970000	13.913043	240.000000	320.000000
0	26.001000	13.913043	240.000000	320.000000
0	26.033000	13.913043	240.000000	320.000000
0	26.064000	13.913043	240.000000	320.000000
0	26.095000	13.913043	240.000000	320.000000
0	26.126000	13.913043	240.000000	320.000000
0	26.157000	13.913043	240.000000	320.000000
0	26.204000	13.913043	240.000000	320.000000
0	26.235000	13.913043	240.000000	320.000000
0	26.267000	13.913043	240.000000	320.000000
0	26.298000	13.913043	240.000000	320.000000
0	26.329000	13.913043	240.000000	320.000000
0	26.360000	13.913043	240.000000	320.000000
0	26.391000	13.913043	240.000000	320.000000
0	26.423000	13.913043	240.000000	320.000000
0	26.469000	13.913043	240.000000	320.000000
0	26.501000	13.913043	240.000000	320.000000
0	26.532000	13.913043	240.000000	320.000000
0	26.563000	13.913043	240.000000	320.000000
0	26.594000	13.913043	240.000000	320.000000
0	26.625000	13.913043	240.000000	320.000000
0	26.657000	13.913043	240.000000	320.000000
0	26.703000	13.913043	240.000000	320.000000
0	26.735000	13.913043	240.000000	320.000000
0	26.766000	13.913043	240.000000	320.000000
0	26.797000	13.913043	240.000000	320.000000
0	26.828000	13.913043	240.000000	320.000000
0	26.859000	13.913043	240.000000	320.000000
0	26.891000	13.913043	240.000000	320.000000
0	26.937000	13.913043	240.000000	320.000000
0	26.969000	13.913043	240.000000	320.000000
0	27.000000	13.913043	240.000000	320.000000
0	27.031000	13.913043	240.000000	320.000000
0	27.062000	13.913043	240.000000	320.000000
0	27.093000	13.913043	240.000000	320.000000
0	27.125000	13.913043	240.000000	320.000000
0	27.156000	13.913043	240.000000	320.000000
0	27.203000	13.913043	240.000000	320.000000
0	27.234000	13.913043	240.000000	320.000000
0	27.265000	13.913043	240.000000	320.000000
0	27.296000	13.913043	240.000000	320.000000
0	27.327000	13.913043	240.000000	320.000000
0	27.359000	13.913043	240.000000	320.000000
0	27.390000	13.913043	240.000000	320.000000
0	27.437000	13.913043	240.000000	320.000000
0	27.468000	13.913043	240.000000	320.000000
0	27.499000	13.913043	240.000000	320.000000
0	27.530000	13.913043	240.000000	320.000000
0	27.561000	13.913043	240.000000	320.000000
0	27.593000	13.913043	240.000000	320.000000
0	27.624000	13.913043	240.000000	320.000000
0	27.671000	13.913043	240.000000	320.000000
0	27.702000	13.913043	240.000000	320.000000
0	27.733000	13.913043	240.000000	320.000000
0	27.764000	13.913043	240.000000	320.000000
0	27.795000	13.913043	240.000000	320.000000
0	27.827000	13.913043	240.000000	320.000000
0	27.858000	13.913043	240.000000	320.000000
0	27.889000	13.913043	240.000000	320.000000
0	27.936000	13.913043	240.000000	320.000000
0	27.967000	13.913043	240.000000	320.000000
0	27.998000	13.913043	240.000000	320.000000
0	28.029000	13.913043	240.000000	320.000000
0	28.061000	13.913043	240.000000	320.000000
0	28.092000	13.913043	240.000000	320.000000
0	28.123000	13.913043	240.000000	320.000000
0	28.170000	13.913043	240.000000	320.000000
0	28.201000	13.913043	240.000000	320.000000
0	28.232000	13.913043	240.000000	320.000000
0	28.263000	13.913043	240.000000	320.000000
0	28.295000	13.913043	240.000000	320.000000
0	28.326000	13.913043	240.000000	320.000000
0	28.357000	13.913043	240.000000	320.000000
0	28.388000	13.913043	240.000000	320.000000
0	28.435000	13.913043	240.000000	320.000000
0	28.466000	13.913043	240.000000	320.000000
0	28.497000	13.913043	240.000000	320.000000
0	28.529000	13.913043	240.000000	320.000000
0	28.560000	13.913043	240.000000	320.000000
0	28.591000	13.913043	240.000000	320.000000
0	28.622000	13.913043	240.000000	320.000000
0	28.669000	13.913043	240.000000	320.000000
0	28.700000	13.913043	240.000000	320.000000
0	28.731000	13.913043	240.000000	320.000000
0	28.763000	13.913043	240.000000	320.000000
0	28.794000	13.913043	240.000000	320.000000
0	28.825000	13.913043	240.000000	320.000000
0	28.856000	13.913043	240.000000	320.000000
0	28.887000	13.913043	240.000000	320.000000
0	28.934000	13.913043	240.000000	320.000000
0	28.965000	13.913043	240.000000	320.000000
0	28.997000	13.913043	240.000000	320.000000
0	29.028000	13.913043	240.000000	320.000000
0	29.059000	13.913043	240.000000	320.000000
0	29.090000	13.913043	240.000000	320.000000
0	29.121000	13.913043	240.000000	320.000000
0	29.168000	13.913043	240.000000	320.000000
0	29.199000	13.913043	240.000000	320.000000
0	29.231000	13.913043	240.000000	320.000000
0	29.262000	13.913043	240.000000	320.000000
0	29.293000	13.913043	240.000000	320.000000
0	29.324000	13.913043	240.000000	320.000000
0	29.355000	13.913043	240.000000	320.000000
0	29.402000	13.913043	240.000000	320.000000
0	29.433000	13.913043	240.000000	320.000000
0	29.465000	13.913043	240.000000	320.000000
0	29.496000	13.913043	240.000000	320.000000
0	29.527000	13.913043	240.000000	320.000000
0	29.558000	13.913043	240.000000	320.000000
0	29.589000	13.913043	240.000000	320.000000
0	29.621000	13.913043	240.000000	320.000000
0	29.667000	13.913043	240.000000	320.000000
0	29.699000	13.913043	240.000000	320.000000
0	29.730000	13.913043	240.000000	320.000000
0	29.761000	13.913043	240.000000	320.000000
0	29.792000	13.913043	240.000000	320.000000
0	29.823000	13.913043	240.000000	320.000000
0	29.855000	13.913043	240.000000	320.000000
0	29.901000	13.913043	240.000000	320.000000
0	29.933000	13.913043	240.000000	320.000000
0	29.964000	13.913043	240.000000	320.000000
<\LEFT-PUPIL-DATA>
<RIGHT-PUPIL-ANALYSIS>
1
0	0	18	902	0	0	0.509000	29.518000	0.509000	4.006067	0.000000	0.000000	0.000000	0	3	3	3	3	0	0	0	0.000000	0.000000	0.000000	0.000000	0.000000	0.000000	0.000000	-1.000000	0.000000	0	1.188607	0.737806	1.109714	0.427701	5.291000	-0.080948	-0.365387	-1.000000	0.184727	1	1.188607	0.737806	1.109714	0.427701	5.291000	-0.323167	-0.365386	-1.000000	0.185668
<\RIGHT-PUPIL-ANALYSIS>
<LEFT-PUPIL-ANALYSIS>
1
0	0	17	901	0	0	0.509000	29.518000	0.509000	4.006067	0.000000	0.000000	0.000000	0	3	3	3	3	0	0	0	0.000000	0.000000	0.000000	0.000000	0.000000	0.000000	0.000000	-1.000000	0.000000	0	-0.034783	-0.034783	0.000950	0.000950	0.002000	0.000000	0.000000	-1.000000	0.000000	1	-0.034783	-0.034783	0.000950	0.000950	0.002000	-1000000.000000	-1000000.000000	-1.000000	0.000000
<\LEFT-PUPIL-ANALYSIS>
%%%%%%%%%
%%%%%%%%%
%%%%%%%%%
%%%	Measurement Tiime is: 2017-09-05 10:02:36
%%%	Subject ID is: c57-1mois-M1-0.6b
%%%	Note: 
%%%	RSS: Default Human Relative Spectral Sensitivity
%%%	Pupil Analysis:
%%%
%%%
%%%
%%%	Pulse Index:	0
%%%	Stimulus Session Index:	0
%%%	Right Pupil Stimulated
%%%	Light Metric is Photopic
%%%	Stimulus Start Time(sec):	0.51
%%%	Stimulus Duration(sec):	29.52
%%%	Stimulus Pulse Duration(sec):	0.51
%%%	Right Pulse:	4.01	(Blue )	-	0.00	(Blue )	[Lux ]
%%%	Left Pulse:	0.00	(Blue )	-	0.00	(Blue )	[Lux ]
%%%
%%%		RIGHT	LEFT	R.Pupil Mean	L.Pupil Mean	R.Stim Mean	R.Stim Mean
%%%	INPUT:	RAW DATA	RAW DATA
%%%	STATE:	ABNORMAL	ABNORMAL	ABNORMAL	ABNORMAL	ABNORMAL	ABNORMAL
%%%	MAX(mm):	0.00	0.00	0.00	0.00	0.00	0.00
%%%	MIN(mm):	0.00	0.00	0.00	0.00	0.00	0.00
%%%	DELTA(mm):						
%%%	CH(%):						
%%%	LAT(sec):	0.00	0.00	0.00	0.00	0.00	0.00
%%%	CV(mm/s):	0.00	0.00	0.00	0.00	0.00	0.00
%%%	MCV(mm/s):	0.00	0.00	0.00	0.00	0.00	0.00
%%%	DV(mm/s):	0.00	0.00	0.00	0.00	0.00	0.00
%%%%%%%%%
%%%%%%%%%
%%%%%%%%%
%%%	Right Pupil Profile (1st row -> 1 == valid tracking, 0 == invalid tracking; 2nd row -> time; 3rd row -> diameter (mm))
%%%	1	1	1	1	1	1	1	1	1	0	1	1	1	0	1	1	0	1	1	1	1	1	1	1	1	1	0	0	0	0	0	0	0	0	0	0	0	0	0	0	0	0	0	0	1	1	0	1	1	0	0	0	0	0	1	0	0	0	1	0	1	1	0	0	0	0	0	0	0	0	0	1	0	0	0	0	0	0	1	0	0	1	0	0	0	1	0	0	1	0	0	0	1	0	0	0	0	0	1	0	0	1	1	0	0	0	0	0	0	0	0	0	0	0	1	0	0	1	0	0	0	0	1	0	0	0	0	0	0	0	1	0	0	0	0	0	0	0	1	1	0	0	1	0	0	0	0	0	0	0	0	0	0	0	0	0	0	0	0	1	1	0	0	0	0	0	0	0	0	0	0	0	0	0	0	1	1	1	0	0	0	0	1	0	0	0	0	1	0	0	0	0	0	1	1	1	1	1	0	0	0	0	0	0	0	0	1	1	0	0	1	1	0	0	0	1	0	0	1	0	0	0	1	0	0	0	0	0	1	0	0	0	0	0	0	0	0	0	0	0	0	0	0	0	0	0	0	0	0	0	0	1	1	0	0	0	0	0	0	0	0	1	0	0	0	0	0	0	0	0	0	0	0	0	0	0	0	0	0	1	0	1	1	1	1	1	1	1	1	1	1	1	1	1	1	1	1	1	1	1	1	1	1	1	1	1	1	1	1	1	1	1	1	1	1	1	1	0	1	1	1	1	1	1	1	1	1	1	1	1	1	1	1	1	1	0	1	1	1	1	1	1	1	1	1	1	1	0	1	1	1	1	1	1	1	1	1	1	1	0	0	1	1	1	1	1	1	0	1	0	1	1	1	0	1	0	1	1	1	1	1	1	1	1	0	1	1	1	1	1	1	1	0	1	1	1	1	0	1	0	0	0	1	0	1	1	0	0	1	1	1	1	1	1	0	0	1	1	1	1	1	0	1	1	1	1	1	1	1	1	1	1	1	1	1	1	1	1	1	0	0	0	1	0	1	1	1	0	1	0	0	1	1	1	1	0	1	0	1	1	1	1	1	0	1	1	0	0	1	0	0	0	1	0	1	0	1	0	1	0	0	1	1	1	1	1	1	1	0	1	1	0	1	1	0	0	1	1	0	1	0	1	1	0	0	0	0	0	0	0	0	1	1	0	1	1	1	0	1	1	1	1	1	1	0	0	1	0	1	0	1	1	0	1	1	1	1	1	1	0	1	1	1	1	1	1	1	1	1	1	1	0	1	0	1	0	0	0	1	0	1	0	1	1	0	0	1	0	1	0	0	0	0	0	0	0	0	0	0	0	0	0	0	0	0	0	0	0	0	0	1	0	1	1	1	1	0	1	1	0	0	0	1	0	1	1	1	0	1	1	1	1	1	1	1	1	1	1	1	1	1	1	1	0	0	1	1	1	1	1	0	0	1	0	1	1	1	1	1	1	1	1	1	0	0	1	1	0	0	1	1	1	0	1	0	1	1	1	1	1	1	1	0	0	1	1	1	1	0	1	1	1	0	1	1	0	0	0	1	0	1	1	1	1	0	1	1	0	0	0	1	0	1	1	1	1	1	1	0	1	1	0	1	0	0	0	0	1	1	1	1	0	0	1	1	0	1	0	0	1	1	0	1	1	0	1	1	0	1	1	1	1	1	1	1	0	1	0	1	0	0	1	1	0	0	0	1	0	1	1	0	1	1	1	0	1	1	1	0	0	0	0	1	1	1	1	0	0	0	1	0	0	0	0	0	0	0	0	0	1	0	0	1	1	0	0	0	0	0	1	0	0	1	1	1	1	0	0	1	0	1	0	0	0	1	1	1	1	1	1	1	1	1	1	1	0	1	1	0	1	1	1	1	1	1	1	1	1	1	0	1	1	1	1	1	1	1	0	1	1	1	0	0	1	1	0	1	0	0	1	0	1	1	1	0	1	1	1	1	0	1	1	1	0	1	1	1	0	1	1	1	1	1	1	1	1	1	1	1	1	1	1	1	1	0	1	1	0	1	0	0	1	0	1	0	0	0	1	0	0	0	0	0
%%%	-0.066000	-0.035000	-0.004000	0.028000	0.059000	0.106000	0.137000	0.168000	0.199000	0.230000	0.262000	0.293000	0.340000	0.371000	0.402000	0.433000	0.464000	0.496000	0.527000	0.574000	0.605000	0.636000	0.667000	0.698000	0.730000	0.761000	0.792000	0.839000	0.870000	0.901000	0.932000	0.964000	0.995000	1.026000	1.073000	1.104000	1.135000	1.166000	1.198000	1.229000	1.260000	1.307000	1.338000	1.369000	1.400000	1.432000	1.463000	1.494000	1.525000	1.572000	1.603000	1.634000	1.666000	1.697000	1.728000	1.759000	1.806000	1.837000	1.868000	1.900000	1.931000	1.962000	1.993000	2.040000	2.071000	2.102000	2.134000	2.165000	2.196000	2.227000	2.258000	2.305000	2.336000	2.368000	2.399000	2.430000	2.461000	2.492000	2.539000	2.570000	2.602000	2.633000	2.664000	2.695000	2.726000	2.758000	2.804000	2.836000	2.867000	2.898000	2.929000	2.960000	2.992000	3.038000	3.070000	3.101000	3.132000	3.163000	3.194000	3.226000	3.257000	3.304000	3.335000	3.366000	3.397000	3.428000	3.460000	3.491000	3.538000	3.569000	3.600000	3.631000	3.662000	3.694000	3.725000	3.772000	3.803000	3.834000	3.865000	3.896000	3.928000	3.959000	3.990000	4.037000	4.068000	4.099000	4.130000	4.162000	4.193000	4.224000	4.271000	4.302000	4.333000	4.364000	4.396000	4.427000	4.458000	4.505000	4.536000	4.567000	4.598000	4.630000	4.661000	4.692000	4.723000	4.770000	4.801000	4.832000	4.864000	4.895000	4.926000	4.957000	5.004000	5.035000	5.066000	5.098000	5.129000	5.160000	5.191000	5.238000	5.269000	5.300000	5.332000	5.363000	5.394000	5.425000	5.456000	5.503000	5.534000	5.566000	5.597000	5.628000	5.659000	5.690000	5.737000	5.768000	5.800000	5.831000	5.862000	5.893000	5.924000	5.971000	6.002000	6.034000	6.065000	6.096000	6.127000	6.158000	6.190000	6.236000	6.268000	6.299000	6.330000	6.361000	6.392000	6.424000	6.470000	6.502000	6.533000	6.564000	6.595000	6.626000	6.658000	6.704000	6.736000	6.767000	6.798000	6.829000	6.860000	6.892000	6.923000	6.970000	7.001000	7.032000	7.063000	7.094000	7.126000	7.157000	7.188000	7.235000	7.266000	7.297000	7.328000	7.360000	7.391000	7.438000	7.469000	7.500000	7.531000	7.562000	7.594000	7.625000	7.656000	7.703000	7.734000	7.765000	7.796000	7.828000	7.859000	7.890000	7.921000	7.968000	7.999000	8.030000	8.062000	8.093000	8.124000	8.155000	8.202000	8.233000	8.264000	8.296000	8.327000	8.358000	8.389000	8.436000	8.467000	8.498000	8.530000	8.561000	8.592000	8.623000	8.654000	8.701000	8.732000	8.764000	8.795000	8.826000	8.857000	8.888000	8.935000	8.966000	8.998000	9.029000	9.060000	9.091000	9.122000	9.169000	9.200000	9.232000	9.263000	9.294000	9.325000	9.356000	9.388000	9.434000	9.466000	9.497000	9.528000	9.559000	9.590000	9.622000	9.668000	9.700000	9.731000	9.762000	9.793000	9.824000	9.856000	9.902000	9.934000	9.965000	9.996000	10.027000	10.058000	10.090000	10.121000	10.168000	10.199000	10.230000	10.261000	10.292000	10.324000	10.355000	10.402000	10.433000	10.464000	10.495000	10.526000	10.558000	10.589000	10.636000	10.667000	10.698000	10.729000	10.760000	10.792000	10.823000	10.854000	10.901000	10.932000	10.963000	10.994000	11.026000	11.057000	11.088000	11.135000	11.166000	11.197000	11.228000	11.260000	11.291000	11.322000	11.369000	11.400000	11.431000	11.462000	11.494000	11.525000	11.556000	11.587000	11.634000	11.665000	11.696000	11.728000	11.759000	11.790000	11.821000	11.852000	11.899000	11.930000	11.962000	11.993000	12.024000	12.055000	12.086000	12.133000	12.164000	12.196000	12.227000	12.258000	12.289000	12.320000	12.367000	12.398000	12.430000	12.461000	12.492000	12.523000	12.554000	12.586000	12.632000	12.664000	12.695000	12.726000	12.757000	12.788000	12.820000	12.866000	12.898000	12.929000	12.960000	12.991000	13.022000	13.054000	13.100000	13.132000	13.163000	13.194000	13.225000	13.256000	13.288000	13.319000	13.366000	13.397000	13.428000	13.459000	13.490000	13.522000	13.553000	13.600000	13.631000	13.662000	13.693000	13.724000	13.756000	13.787000	13.834000	13.865000	13.896000	13.927000	13.958000	13.990000	14.021000	14.052000	14.099000	14.130000	14.161000	14.192000	14.224000	14.255000	14.286000	14.333000	14.364000	14.395000	14.426000	14.458000	14.489000	14.520000	14.567000	14.598000	14.629000	14.660000	14.692000	14.723000	14.754000	14.785000	14.832000	14.863000	14.894000	14.926000	14.957000	14.988000	15.019000	15.066000	15.097000	15.128000	15.160000	15.191000	15.222000	15.253000	15.300000	15.331000	15.362000	15.394000	15.425000	15.456000	15.487000	15.518000	15.565000	15.596000	15.628000	15.659000	15.690000	15.721000	15.752000	15.799000	15.830000	15.862000	15.893000	15.924000	15.955000	15.986000	16.018000	16.064000	16.096000	16.127000	16.158000	16.189000	16.220000	16.252000	16.298000	16.330000	16.361000	16.392000	16.423000	16.454000	16.486000	16.517000	16.564000	16.595000	16.626000	16.657000	16.688000	16.720000	16.751000	16.798000	16.829000	16.860000	16.891000	16.922000	16.954000	16.985000	17.032000	17.063000	17.094000	17.125000	17.156000	17.188000	17.219000	17.250000	17.297000	17.328000	17.359000	17.390000	17.422000	17.453000	17.484000	17.531000	17.562000	17.593000	17.624000	17.656000	17.687000	17.718000	17.765000	17.796000	17.827000	17.859000	17.890000	17.921000	17.952000	17.983000	18.030000	18.061000	18.093000	18.124000	18.155000	18.186000	18.217000	18.264000	18.295000	18.327000	18.358000	18.389000	18.420000	18.451000	18.498000	18.529000	18.561000	18.592000	18.623000	18.654000	18.685000	18.717000	18.763000	18.795000	18.826000	18.857000	18.888000	18.919000	18.951000	18.997000	19.029000	19.060000	19.091000	19.122000	19.153000	19.185000	19.231000	19.263000	19.294000	19.325000	19.356000	19.387000	19.419000	19.450000	19.497000	19.528000	19.559000	19.590000	19.621000	19.653000	19.684000	19.731000	19.762000	19.793000	19.824000	19.855000	19.887000	19.918000	19.949000	19.996000	20.027000	20.058000	20.089000	20.121000	20.152000	20.183000	20.230000	20.261000	20.292000	20.323000	20.355000	20.386000	20.417000	20.464000	20.495000	20.526000	20.557000	20.589000	20.620000	20.651000	20.682000	20.729000	20.760000	20.791000	20.823000	20.854000	20.885000	20.916000	20.963000	20.994000	21.025000	21.057000	21.088000	21.119000	21.150000	21.197000	21.228000	21.259000	21.291000	21.322000	21.353000	21.384000	21.415000	21.462000	21.493000	21.525000	21.556000	21.587000	21.618000	21.649000	21.696000	21.727000	21.759000	21.790000	21.821000	21.852000	21.883000	21.915000	21.961000	21.993000	22.024000	22.055000	22.086000	22.117000	22.149000	22.195000	22.227000	22.258000	22.289000	22.320000	22.351000	22.383000	22.429000	22.461000	22.492000	22.523000	22.554000	22.585000	22.617000	22.648000	22.695000	22.726000	22.757000	22.788000	22.819000	22.851000	22.882000	22.929000	22.960000	22.991000	23.022000	23.053000	23.085000	23.116000	23.163000	23.194000	23.225000	23.256000	23.287000	23.319000	23.350000	23.381000	23.428000	23.459000	23.490000	23.521000	23.553000	23.584000	23.615000	23.662000	23.693000	23.724000	23.755000	23.787000	23.818000	23.849000	23.880000	23.927000	23.958000	23.989000	24.021000	24.052000	24.083000	24.114000	24.161000	24.192000	24.223000	24.255000	24.286000	24.317000	24.348000	24.395000	24.426000	24.457000	24.489000	24.520000	24.551000	24.582000	24.613000	24.660000	24.691000	24.723000	24.754000	24.785000	24.816000	24.847000	24.894000	24.925000	24.957000	24.988000	25.019000	25.050000	25.081000	25.128000	25.159000	25.191000	25.222000	25.253000	25.284000	25.315000	25.347000	25.393000	25.425000	25.456000	25.487000	25.518000	25.549000	25.581000	25.627000	25.659000	25.690000	25.721000	25.752000	25.783000	25.815000	25.861000	25.893000	25.924000	25.955000	25.986000	26.017000	26.049000	26.080000	26.127000	26.158000	26.189000	26.220000	26.251000	26.283000	26.314000	26.361000	26.392000	26.423000	26.454000	26.485000	26.517000	26.548000	26.595000	26.626000	26.657000	26.688000	26.719000	26.751000	26.782000	26.813000	26.860000	26.891000	26.922000	26.953000	26.985000	27.016000	27.047000	27.094000	27.125000	27.156000	27.187000	27.219000	27.250000	27.281000	27.328000	27.359000	27.390000	27.421000	27.453000	27.484000	27.515000	27.546000	27.593000	27.624000	27.655000	27.687000	27.718000	27.749000	27.780000	27.811000	27.858000	27.889000	27.921000	27.952000	27.983000	28.014000	28.045000	28.092000	28.123000	28.155000	28.186000	28.217000	28.248000	28.279000	28.326000	28.357000	28.389000	28.420000	28.451000	28.482000	28.513000	28.545000	28.591000	28.623000	28.654000	28.685000	28.716000	28.747000	28.779000	28.825000	28.857000	28.888000	28.919000	28.950000	28.981000	29.013000	29.059000	29.091000	29.122000	29.153000	29.184000	29.215000	29.247000	29.278000	29.325000	29.356000	29.387000	29.418000	29.449000	29.481000	29.512000	29.559000	29.590000	29.621000	29.652000	29.683000	29.715000	29.746000	29.793000	29.824000	29.855000	29.886000	29.917000	29.949000	29.980000
%%%	1.205797	1.285797	1.298551	1.275507	1.283768	1.272899	1.288116	1.311449	1.305362	0.834783	1.263768	1.223333	1.216232	0.771014	1.242899	1.191884	0.834783	1.175073	1.168551	1.146812	1.155507	1.181884	1.162319	1.212464	1.185362	1.155507	0.858116	0.759710	0.689855	0.988551	0.929420	0.690290	0.694493	0.654203	0.635507	0.610290	0.597101	0.596812	0.605942	0.576377	0.565797	0.559421	0.533333	0.559275	0.530290	0.539710	0.556522	0.531014	0.568116	0.560290	0.553188	0.557536	0.589855	0.591304	0.607971	0.611594	0.649275	0.600145	0.592029	0.649275	0.609275	0.618841	0.572754	0.605507	0.626232	0.617246	0.347826	0.615362	0.578985	0.649275	0.626087	0.605507	0.625507	0.615942	0.655507	0.742029	0.620580	0.631594	0.637101	0.607536	0.672319	0.626667	0.649275	0.618986	0.643333	0.596667	0.677101	0.620145	0.611449	0.635797	0.670725	0.653623	0.678116	0.653333	0.642319	0.605507	0.654203	0.670725	0.614638	0.649275	0.626087	0.672754	0.636377	0.651449	0.689710	0.695652	0.685362	0.670580	0.629420	0.649275	0.673333	0.644203	0.615942	0.742029	0.614493	0.641884	0.683768	0.695652	0.682609	0.642899	0.642464	0.649275	0.666232	0.628986	0.678261	0.682899	0.672464	0.664203	0.678697	0.864203	0.982029	0.671594	0.809855	0.635797	0.818985	0.834783	0.705942	0.649275	0.976812	1.043478	0.707681	0.718841	0.679855	0.649275	0.682174	0.695652	0.692464	0.634783	0.666232	0.710000	0.690145	0.672319	0.672319	0.690145	0.695652	0.679420	0.737971	0.720580	0.988551	1.005797	1.044493	0.881449	0.709710	0.711884	0.913623	1.670145	0.905072	0.707536	0.647101	0.695652	0.690145	0.898985	0.721159	0.695652	0.712464	0.711884	0.912319	0.941884	0.738985	0.713043	0.746377	0.679275	0.916377	0.690145	0.689855	0.690290	0.649275	0.725507	0.722899	0.846377	0.708116	0.724493	0.681594	0.916812	0.717391	0.990290	1.020290	0.972754	0.905507	0.735942	0.718986	0.690145	0.709710	0.698406	0.707681	0.690290	0.997101	0.981450	0.707681	0.689710	0.998985	0.997246	0.672464	0.876232	0.801594	0.668406	0.690145	0.672319	0.705362	0.743623	0.709275	0.707536	0.663623	0.690145	0.684058	0.699276	0.712899	0.684203	0.742319	0.674493	1.136232	0.744928	0.723333	0.690725	0.674493	0.711884	0.679275	0.638406	0.647246	0.539130	0.623188	0.651449	0.556522	0.591304	0.620580	0.347826	0.347826	0.347826	0.347826	0.347826	0.347826	1.078261	1.137971	0.347826	0.347826	0.347826	0.347826	0.347826	0.347826	0.397246	0.672464	1.203333	0.937536	0.347826	0.347826	0.347826	0.602899	0.347826	0.347826	0.983623	1.205797	1.294638	0.347826	0.347826	0.347826	0.347826	0.347826	0.718986	1.333623	1.342464	1.182609	1.290725	1.325507	1.298551	1.255942	1.283768	1.309855	1.221159	1.321739	1.327536	1.296377	1.356522	1.359710	1.391304	1.344203	1.366377	1.326232	1.365797	1.361449	1.349420	1.344058	1.326812	1.321739	1.344638	1.340290	1.361594	1.353188	1.331449	1.321739	1.344058	1.344638	1.371449	1.342319	1.344493	1.309710	1.391304	1.344493	0.814203	1.356522	1.325942	1.356522	1.362319	1.332029	1.344493	1.333188	1.353333	1.365797	1.356522	1.353188	1.340290	1.391304	1.344058	1.298986	1.371015	1.331449	1.933188	1.321739	1.321739	1.340290	1.303188	1.322319	1.321739	1.340290	1.305507	1.327101	1.302464	1.333333	0.733188	1.321739	1.309710	1.263768	1.275362	1.281159	1.194638	1.288116	1.188116	1.321739	1.292754	1.321739	0.788406	1.210145	1.251160	1.256812	1.310145	1.288840	1.310145	1.286377	0.773768	1.300724	0.797246	1.323333	1.305507	1.222754	0.857971	1.290580	0.834783	1.272899	1.278841	1.291884	1.283623	1.274638	1.285797	1.291159	1.283623	1.020290	1.237102	1.273333	1.286957	1.265362	1.293478	1.220725	1.260870	0.690290	1.296232	1.321739	1.257246	1.275507	0.565797	1.254203	0.835942	1.171015	0.861014	1.257971	0.788116	1.274058	1.283188	0.792898	0.712899	1.309710	1.278841	1.208116	1.219565	1.267971	1.182609	0.544928	0.690725	1.205797	1.176666	1.211449	1.227536	1.228841	0.565072	1.298551	1.238551	1.205797	1.194203	1.298551	1.153623	1.185797	1.242464	1.203768	1.231159	1.229855	1.205507	1.229855	1.220145	1.205797	1.252174	1.258116	0.976667	0.722464	0.760290	1.252174	0.938551	1.263333	1.255942	1.205797	0.565797	1.241884	0.834783	0.844203	1.268986	1.274058	1.248840	1.284058	0.747826	1.292754	0.768696	1.301884	1.298551	1.252174	1.242319	1.233623	0.824928	1.304493	1.274638	0.831015	0.805362	1.288116	0.764638	0.816377	1.020290	1.282464	1.214203	1.252174	1.205797	1.298551	1.011159	1.238116	1.025072	0.912899	1.240580	1.282464	1.281449	1.279420	1.252174	1.252174	1.252174	0.839855	1.252899	1.274638	1.147826	1.252174	1.229855	0.690725	0.466812	1.182029	1.213623	0.857971	1.194058	1.831884	1.159420	1.159420	1.022319	0.666522	1.722464	0.660870	0.662464	0.716812	0.727246	0.834783	1.209710	1.165797	0.644928	1.212029	1.205797	1.252174	0.742029	1.225362	1.243623	1.255072	1.235942	1.227101	1.207536	0.882609	0.927246	1.234203	0.812464	1.243333	0.763188	1.252174	1.288840	0.788116	1.272319	1.242464	1.237536	1.252174	1.226232	1.209275	0.997101	1.204638	1.221159	1.211884	1.209275	1.171015	1.246232	1.159420	1.182464	1.220725	1.146232	1.173768	0.621159	1.194638	1.298551	1.185362	0.788551	0.788406	0.707246	1.199420	0.835942	1.211594	0.557101	1.195942	1.190145	0.759276	1.031449	1.185362	0.690145	1.202754	0.773913	1.172319	0.403333	0.615362	0.347826	0.347826	0.347826	0.347826	0.347826	0.347826	0.347826	0.883188	1.165217	1.501014	1.113623	0.459710	0.455797	0.348406	0.347826	1.303768	1.043478	1.368116	1.617391	1.361014	1.407101	1.460725	1.420290	1.635797	1.416812	1.477101	1.104928	1.576812	1.205797	1.391304	1.368116	1.407681	1.440580	1.416377	0.724928	1.401449	1.340290	1.376667	1.386377	1.391304	1.379855	1.409855	1.443478	1.376812	1.410725	1.352029	1.379855	1.391304	1.391304	1.379275	1.130290	1.088551	1.391304	1.370725	1.370145	1.414493	1.419710	1.228261	1.096232	1.373768	0.831449	1.405942	1.405797	1.400000	1.381449	1.402899	1.370145	1.368116	1.344058	1.375507	0.723333	0.848985	1.365217	1.365797	0.835362	0.835797	1.331449	1.344058	1.297536	1.008261	1.329420	0.765217	1.298551	1.368116	1.345072	1.326087	1.341884	1.338551	1.345072	0.843478	0.902029	1.344058	1.285362	1.344493	1.315942	0.742029	1.321739	1.327101	1.304348	0.814638	1.314058	1.298551	1.008696	0.831449	1.195072	1.314058	0.690290	1.327246	1.304928	1.257246	1.281594	0.870580	1.264058	1.391304	1.321739	0.950725	1.101449	1.310145	0.835362	1.288406	1.323333	1.297824	1.344493	1.285942	1.309855	1.035362	1.304348	1.321739	0.801015	1.283623	0.802754	0.967971	0.794638	1.132754	1.241884	1.274058	1.236667	1.212029	0.774638	0.990290	1.217391	1.192464	0.834783	1.309855	1.205797	1.142029	1.162319	1.226087	0.609710	1.132754	1.207536	0.834783	1.242464	1.249420	1.159710	1.228985	1.298551	1.296377	1.303768	1.282464	1.291159	1.252174	0.989710	1.340580	1.239710	1.290725	1.113043	1.079420	1.310145	1.265942	0.750725	0.835797	0.805797	1.241884	0.944928	1.321739	1.237536	0.927536	1.316232	1.344928	1.282464	1.120580	1.286957	1.291884	1.327246	0.664203	0.649275	0.788116	0.927536	1.291884	1.309855	1.303188	1.285942	0.562319	0.389710	0.997101	1.242319	0.997101	0.708116	0.347826	0.651015	0.347826	0.347826	0.347826	0.428985	1.113043	1.358116	1.338260	1.466232	1.354928	1.350580	1.370580	1.420725	1.507101	1.146667	1.038986	1.379275	1.326812	1.065217	1.377101	1.402899	1.379710	1.426667	1.228985	0.969710	1.398986	1.205797	1.398986	0.965652	1.082029	1.762319	1.403768	1.370725	1.415797	1.408116	1.426812	1.413623	1.454493	1.418406	1.391304	1.453188	1.405797	1.182609	1.407681	1.416232	0.944928	1.379710	1.397101	1.344493	1.416377	1.416377	1.371159	1.426667	1.380580	1.414493	1.414638	1.150580	1.435362	1.391304	1.373913	1.378841	1.396811	1.408696	1.380290	1.079275	1.408116	1.405797	1.407681	1.391304	0.973913	1.405942	1.391304	1.146667	1.391304	1.044638	1.187681	1.368116	1.091449	1.391304	1.333768	1.359420	1.113043	1.344493	1.327536	1.285942	1.298551	1.142029	1.295507	1.294058	1.309710	1.205797	1.329420	1.323768	1.310145	0.989275	1.327101	1.314203	1.290725	1.332029	1.331014	1.319710	1.321739	1.344058	1.344493	1.328406	1.305507	1.345072	1.307971	1.324493	1.298551	1.310145	0.983188	1.248840	1.323333	0.778841	1.205797	1.079855	1.205797	1.228985	0.690290	1.203768	0.747681	0.973913	0.989710	1.179855	0.857681	1.092319	0.931594	0.694058	0.440580
%%%	Left Pupil Profile (1st row -> 1 == valid tracking, 0 == invalid tracking; 2nd row -> time; 3rd row -> diameter (mm))
%%%	0	0	0	0	0	0	0	0	0	0	0	0	0	0	0	0	0	0	0	0	0	0	0	0	0	0	0	0	0	0	0	0	0	0	0	0	0	0	0	0	0	0	0	0	0	0	0	0	0	0	0	0	0	0	0	0	0	0	0	0	0	0	0	0	0	0	0	0	0	0	0	0	0	0	0	0	0	0	0	0	0	0	0	0	0	0	0	0	0	0	0	0	0	0	0	0	0	0	0	0	0	0	0	0	0	0	0	0	0	0	0	0	0	0	0	0	0	0	0	0	0	0	0	0	0	0	0	0	0	0	0	0	0	0	0	0	0	0	0	0	0	0	0	0	0	0	0	0	0	0	0	0	0	0	0	0	0	0	0	0	0	0	0	0	0	0	0	0	0	0	0	0	0	0	0	0	0	0	0	0	0	0	0	0	0	0	0	0	0	0	0	0	0	0	0	0	0	0	0	0	0	0	0	0	0	0	0	0	0	0	0	0	0	0	0	0	0	0	0	0	0	0	0	0	0	0	0	0	0	0	0	0	0	0	0	0	0	0	0	0	0	0	0	0	0	0	0	0	0	0	0	0	0	0	0	0	0	0	0	0	0	0	0	0	0	0	0	0	0	0	0	0	0	0	0	0	0	0	0	0	0	0	0	0	0	0	0	0	0	0	0	0	0	0	0	0	0	0	0	0	0	0	0	0	0	0	0	0	0	0	0	0	0	0	0	0	0	0	0	0	0	0	0	0	0	0	0	0	0	0	0	0	0	0	0	0	0	0	0	0	0	0	0	0	0	0	0	0	0	0	0	0	0	0	0	0	0	0	0	0	0	0	0	0	0	0	0	0	0	0	0	0	0	0	0	0	0	0	0	0	0	0	0	0	0	0	0	0	0	0	0	0	0	0	0	0	0	0	0	0	0	0	0	0	0	0	0	0	0	0	0	0	0	0	0	0	0	0	0	0	0	0	0	0	0	0	0	0	0	0	0	0	0	0	0	0	0	0	0	0	0	0	0	0	0	0	0	0	0	0	0	0	0	0	0	0	0	0	0	0	0	0	0	0	0	0	0	0	0	0	0	0	0	0	0	0	0	0	0	0	0	0	0	0	0	0	0	0	0	0	0	0	0	0	0	0	0	0	0	0	0	0	0	0	0	0	0	0	0	0	0	0	0	0	0	0	0	0	0	0	0	0	0	0	0	0	0	0	0	0	0	0	0	0	0	0	0	0	0	0	0	0	0	0	0	0	0	0	0	0	0	0	0	0	0	0	0	0	0	0	0	0	0	0	0	0	0	0	0	0	0	0	0	0	0	0	0	0	0	0	0	0	0	0	0	0	0	0	0	0	0	0	0	0	0	0	0	0	0	0	0	0	0	0	0	0	0	0	0	0	0	0	0	0	0	0	0	0	0	0	0	0	0	0	0	0	0	0	0	0	0	0	0	0	0	0	0	0	0	0	0	0	0	0	0	0	0	0	0	0	0	0	0	0	0	0	0	0	0	0	0	0	0	0	0	0	0	0	0	0	0	0	0	0	0	0	0	0	0	0	0	0	0	0	0	0	0	0	0	0	0	0	0	0	0	0	0	0	0	0	0	0	0	0	0	0	0	0	0	0	0	0	0	0	0	0	0	0	0	0	0	0	0	0	0	0	0	0	0	0	0	0	0	0	0	0	0	0	0	0	0	0	0	0	0	0	0	0	0	0	0	0	0	0	0	0	0	0	0	0	0	0	0	0	0	0	0	0	0	0	0	0	0	0	0	0	0	0	0	0	0	0	0	0	0	0	0	0	0	0	0	0	0	0	0	0	0	0	0	0	0	0	0	0	0	0	0	0	0	0	0	0	0	0	0	0	0	0	0	0	0	0	0	0	0	0	0	0	0	0	0	0	0	0	0	0	0	0	0	0	0	0	0	0	0	0	0	0	0	0	0	0	0	0	0	0	0	0	0	0	0	0	0	0	0	0	0	0	0	0	0	0	0	0	0	0	0	0	0	0	0	0	0	0	0	0	0	0	0	0	0	0	0	0	0	0	0	0	0	0	0	0
%%%	-0.051000	-0.020000	0.012000	0.043000	0.074000	0.105000	0.136000	0.183000	0.214000	0.246000	0.277000	0.308000	0.339000	0.370000	0.417000	0.448000	0.480000	0.511000	0.542000	0.573000	0.604000	0.636000	0.682000	0.714000	0.745000	0.776000	0.807000	0.838000	0.870000	0.916000	0.948000	0.979000	1.010000	1.041000	1.072000	1.104000	1.135000	1.182000	1.213000	1.244000	1.275000	1.306000	1.338000	1.369000	1.416000	1.447000	1.478000	1.509000	1.540000	1.572000	1.603000	1.650000	1.681000	1.712000	1.743000	1.774000	1.806000	1.837000	1.868000	1.915000	1.946000	1.977000	2.008000	2.040000	2.071000	2.102000	2.149000	2.180000	2.211000	2.242000	2.274000	2.305000	2.336000	2.383000	2.414000	2.445000	2.476000	2.508000	2.539000	2.570000	2.601000	2.648000	2.679000	2.710000	2.742000	2.773000	2.804000	2.835000	2.882000	2.913000	2.944000	2.976000	3.007000	3.038000	3.069000	3.116000	3.147000	3.178000	3.210000	3.241000	3.272000	3.303000	3.334000	3.381000	3.412000	3.444000	3.475000	3.506000	3.537000	3.568000	3.615000	3.646000	3.678000	3.709000	3.740000	3.771000	3.802000	3.849000	3.880000	3.912000	3.943000	3.974000	4.005000	4.036000	4.068000	4.114000	4.146000	4.177000	4.208000	4.239000	4.270000	4.302000	4.348000	4.380000	4.411000	4.442000	4.473000	4.504000	4.536000	4.567000	4.614000	4.645000	4.676000	4.707000	4.738000	4.770000	4.801000	4.848000	4.879000	4.910000	4.941000	4.972000	5.004000	5.035000	5.066000	5.113000	5.144000	5.175000	5.206000	5.238000	5.269000	5.300000	5.347000	5.378000	5.409000	5.440000	5.472000	5.503000	5.534000	5.581000	5.612000	5.643000	5.674000	5.706000	5.737000	5.768000	5.799000	5.846000	5.877000	5.908000	5.940000	5.971000	6.002000	6.033000	6.080000	6.111000	6.142000	6.174000	6.205000	6.236000	6.267000	6.314000	6.345000	6.376000	6.408000	6.439000	6.470000	6.501000	6.532000	6.579000	6.610000	6.642000	6.673000	6.704000	6.735000	6.766000	6.813000	6.844000	6.876000	6.907000	6.938000	6.969000	7.000000	7.047000	7.078000	7.110000	7.141000	7.172000	7.203000	7.234000	7.266000	7.312000	7.344000	7.375000	7.406000	7.437000	7.468000	7.500000	7.546000	7.578000	7.609000	7.640000	7.671000	7.702000	7.734000	7.780000	7.812000	7.843000	7.874000	7.905000	7.936000	7.968000	7.999000	8.046000	8.077000	8.108000	8.139000	8.170000	8.202000	8.233000	8.280000	8.311000	8.342000	8.373000	8.404000	8.436000	8.467000	8.514000	8.545000	8.576000	8.607000	8.638000	8.670000	8.701000	8.732000	8.779000	8.810000	8.841000	8.872000	8.904000	8.935000	8.966000	8.997000	9.044000	9.075000	9.106000	9.138000	9.169000	9.200000	9.231000	9.278000	9.309000	9.340000	9.372000	9.403000	9.434000	9.465000	9.512000	9.543000	9.574000	9.606000	9.637000	9.668000	9.699000	9.730000	9.777000	9.808000	9.840000	9.871000	9.902000	9.933000	9.964000	10.011000	10.042000	10.074000	10.105000	10.136000	10.167000	10.198000	10.245000	10.276000	10.308000	10.339000	10.370000	10.401000	10.432000	10.464000	10.510000	10.542000	10.573000	10.604000	10.635000	10.666000	10.698000	10.744000	10.776000	10.807000	10.838000	10.869000	10.900000	10.932000	10.978000	11.010000	11.041000	11.072000	11.103000	11.134000	11.166000	11.197000	11.244000	11.275000	11.306000	11.337000	11.368000	11.400000	11.431000	11.478000	11.509000	11.540000	11.571000	11.602000	11.634000	11.665000	11.712000	11.743000	11.774000	11.805000	11.836000	11.868000	11.899000	11.930000	11.977000	12.008000	12.039000	12.070000	12.102000	12.133000	12.164000	12.211000	12.242000	12.273000	12.304000	12.336000	12.367000	12.398000	12.445000	12.476000	12.507000	12.538000	12.570000	12.601000	12.632000	12.663000	12.710000	12.741000	12.772000	12.804000	12.835000	12.866000	12.897000	12.928000	12.975000	13.006000	13.038000	13.069000	13.100000	13.131000	13.162000	13.209000	13.240000	13.272000	13.303000	13.334000	13.365000	13.396000	13.443000	13.474000	13.506000	13.537000	13.568000	13.599000	13.630000	13.662000	13.708000	13.740000	13.771000	13.802000	13.833000	13.864000	13.896000	13.942000	13.974000	14.005000	14.036000	14.067000	14.098000	14.130000	14.176000	14.208000	14.239000	14.270000	14.301000	14.332000	14.364000	14.395000	14.442000	14.473000	14.504000	14.535000	14.566000	14.598000	14.629000	14.676000	14.707000	14.738000	14.769000	14.800000	14.832000	14.863000	14.910000	14.941000	14.972000	15.003000	15.034000	15.066000	15.097000	15.128000	15.175000	15.206000	15.237000	15.268000	15.300000	15.331000	15.362000	15.409000	15.440000	15.471000	15.502000	15.534000	15.565000	15.596000	15.643000	15.674000	15.705000	15.736000	15.768000	15.799000	15.830000	15.861000	15.908000	15.939000	15.970000	16.002000	16.033000	16.064000	16.095000	16.142000	16.173000	16.204000	16.236000	16.267000	16.298000	16.329000	16.376000	16.407000	16.438000	16.470000	16.501000	16.532000	16.563000	16.594000	16.641000	16.672000	16.704000	16.735000	16.766000	16.797000	16.828000	16.875000	16.906000	16.938000	16.969000	17.000000	17.031000	17.062000	17.094000	17.140000	17.172000	17.203000	17.234000	17.265000	17.296000	17.328000	17.374000	17.406000	17.437000	17.468000	17.499000	17.530000	17.562000	17.593000	17.640000	17.671000	17.702000	17.733000	17.765000	17.796000	17.827000	17.874000	17.905000	17.936000	17.967000	17.999000	18.030000	18.061000	18.108000	18.139000	18.170000	18.201000	18.233000	18.264000	18.295000	18.326000	18.373000	18.404000	18.435000	18.467000	18.498000	18.529000	18.560000	18.607000	18.638000	18.669000	18.701000	18.732000	18.763000	18.794000	18.841000	18.872000	18.903000	18.935000	18.966000	18.997000	19.028000	19.059000	19.106000	19.137000	19.169000	19.200000	19.231000	19.262000	19.293000	19.340000	19.371000	19.403000	19.434000	19.465000	19.496000	19.527000	19.574000	19.605000	19.637000	19.668000	19.699000	19.730000	19.761000	19.793000	19.839000	19.871000	19.902000	19.933000	19.964000	19.995000	20.027000	20.073000	20.105000	20.136000	20.167000	20.198000	20.229000	20.261000	20.307000	20.339000	20.370000	20.401000	20.432000	20.463000	20.495000	20.526000	20.573000	20.604000	20.635000	20.666000	20.697000	20.729000	20.760000	20.807000	20.838000	20.869000	20.900000	20.931000	20.963000	20.994000	21.025000	21.072000	21.103000	21.134000	21.165000	21.197000	21.228000	21.259000	21.306000	21.337000	21.368000	21.399000	21.431000	21.462000	21.493000	21.540000	21.571000	21.602000	21.633000	21.665000	21.696000	21.727000	21.758000	21.805000	21.836000	21.867000	21.899000	21.930000	21.961000	21.992000	22.039000	22.070000	22.101000	22.133000	22.164000	22.195000	22.226000	22.257000	22.304000	22.335000	22.367000	22.398000	22.429000	22.460000	22.491000	22.538000	22.569000	22.601000	22.632000	22.663000	22.694000	22.725000	22.772000	22.803000	22.835000	22.866000	22.897000	22.928000	22.959000	22.991000	23.037000	23.069000	23.100000	23.131000	23.162000	23.193000	23.225000	23.271000	23.303000	23.334000	23.365000	23.396000	23.427000	23.459000	23.505000	23.537000	23.568000	23.599000	23.630000	23.661000	23.693000	23.724000	23.771000	23.802000	23.833000	23.864000	23.895000	23.927000	23.958000	24.005000	24.036000	24.067000	24.098000	24.129000	24.161000	24.192000	24.239000	24.270000	24.301000	24.332000	24.363000	24.395000	24.426000	24.457000	24.504000	24.535000	24.566000	24.597000	24.629000	24.660000	24.691000	24.738000	24.769000	24.800000	24.831000	24.863000	24.894000	24.925000	24.956000	25.003000	25.034000	25.065000	25.097000	25.128000	25.159000	25.190000	25.237000	25.268000	25.299000	25.331000	25.362000	25.393000	25.424000	25.471000	25.502000	25.533000	25.565000	25.596000	25.627000	25.658000	25.689000	25.736000	25.767000	25.799000	25.830000	25.861000	25.892000	25.923000	25.970000	26.001000	26.033000	26.064000	26.095000	26.126000	26.157000	26.204000	26.235000	26.267000	26.298000	26.329000	26.360000	26.391000	26.423000	26.469000	26.501000	26.532000	26.563000	26.594000	26.625000	26.657000	26.703000	26.735000	26.766000	26.797000	26.828000	26.859000	26.891000	26.937000	26.969000	27.000000	27.031000	27.062000	27.093000	27.125000	27.156000	27.203000	27.234000	27.265000	27.296000	27.327000	27.359000	27.390000	27.437000	27.468000	27.499000	27.530000	27.561000	27.593000	27.624000	27.671000	27.702000	27.733000	27.764000	27.795000	27.827000	27.858000	27.889000	27.936000	27.967000	27.998000	28.029000	28.061000	28.092000	28.123000	28.170000	28.201000	28.232000	28.263000	28.295000	28.326000	28.357000	28.388000	28.435000	28.466000	28.497000	28.529000	28.560000	28.591000	28.622000	28.669000	28.700000	28.731000	28.763000	28.794000	28.825000	28.856000	28.887000	28.934000	28.965000	28.997000	29.028000	29.059000	29.090000	29.121000	29.168000	29.199000	29.231000	29.262000	29.293000	29.324000	29.355000	29.402000	29.433000	29.465000	29.496000	29.527000	29.558000	29.589000	29.621000	29.667000	29.699000	29.730000	29.761000	29.792000	29.823000	29.855000	29.901000	29.933000	29.964000
%%%	13.913043	13.913043	13.913043	13.913043	13.913043	13.913043	13.913043	13.913043	13.913043	13.913043	13.913043	13.913043	13.913043	13.913043	13.913043	13.913043	13.913043	13.913043	13.913043	13.913043	13.913043	13.913043	13.913043	13.913043	13.913043	13.913043	13.913043	13.913043	13.913043	13.913043	13.913043	13.913043	13.913043	13.913043	13.913043	13.913043	13.913043	13.913043	13.913043	13.913043	13.913043	13.913043	13.913043	13.913043	13.913043	13.913043	13.913043	13.913043	13.913043	13.913043	13.913043	13.913043	13.913043	13.913043	13.913043	13.913043	13.913043	13.913043	13.913043	13.913043	13.913043	13.913043	13.913043	13.913043	13.913043	13.913043	13.913043	13.913043	13.913043	13.913043	13.913043	13.913043	13.913043	13.913043	13.913043	13.913043	13.913043	13.913043	13.913043	13.913043	13.913043	13.913043	13.913043	13.913043	13.913043	13.913043	13.913043	13.913043	13.913043	13.913043	13.913043	13.913043	13.913043	13.913043	13.913043	13.913043	13.913043	13.913043	13.913043	13.913043	13.913043	13.913043	13.913043	13.913043	13.913043	13.913043	13.913043	13.913043	13.913043	13.913043	13.913043	13.913043	13.913043	13.913043	13.913043	13.913043	13.913043	13.913043	13.913043	13.913043	13.913043	13.913043	13.913043	13.913043	13.913043	13.913043	13.913043	13.913043	13.913043	13.913043	13.913043	13.913043	13.913043	13.913043	13.913043	13.913043	13.913043	13.913043	13.913043	13.913043	13.913043	13.913043	13.913043	13.913043	13.913043	13.913043	13.913043	13.913043	13.913043	13.913043	13.913043	13.913043	13.913043	13.913043	13.913043	13.913043	13.913043	13.913043	13.913043	13.913043	13.913043	13.913043	13.913043	13.913043	13.913043	13.913043	13.913043	13.913043	13.913043	13.913043	13.913043	13.913043	13.913043	13.913043	13.913043	13.913043	13.913043	13.913043	13.913043	13.913043	13.913043	13.913043	13.913043	13.913043	13.913043	13.913043	13.913043	13.913043	13.913043	13.913043	13.913043	13.913043	13.913043	13.913043	13.913043	13.913043	13.913043	13.913043	13.913043	13.913043	13.913043	13.913043	13.913043	13.913043	13.913043	13.913043	13.913043	13.913043	13.913043	13.913043	13.913043	13.913043	13.913043	13.913043	13.913043	13.913043	13.913043	13.913043	13.913043	13.913043	13.913043	13.913043	13.913043	13.913043	13.913043	13.913043	13.913043	13.913043	13.913043	13.913043	13.913043	13.913043	13.913043	13.913043	13.913043	13.913043	13.913043	13.913043	13.913043	13.913043	13.913043	13.913043	13.913043	13.913043	13.913043	13.913043	13.913043	13.913043	13.913043	13.913043	13.913043	13.913043	13.913043	13.913043	13.913043	13.913043	13.913043	13.913043	13.913043	13.913043	13.913043	13.913043	13.913043	13.913043	13.913043	13.913043	13.913043	13.913043	13.913043	13.913043	13.913043	13.913043	13.913043	13.913043	13.913043	13.913043	13.913043	13.913043	13.913043	13.913043	13.913043	13.913043	13.913043	13.913043	13.913043	13.913043	13.913043	13.913043	13.913043	13.913043	13.913043	13.913043	13.913043	13.913043	13.913043	13.913043	13.913043	13.913043	13.913043	13.913043	13.913043	13.913043	13.913043	13.913043	13.913043	13.913043	13.913043	13.913043	13.913043	13.913043	13.913043	13.913043	13.913043	13.913043	13.913043	13.913043	13.913043	13.913043	13.913043	13.913043	13.913043	13.913043	13.913043	13.913043	13.913043	13.913043	13.913043	13.913043	13.913043	13.913043	13.913043	13.913043	13.913043	13.913043	13.913043	13.913043	13.913043	13.913043	13.913043	13.913043	13.913043	13.913043	13.913043	13.913043	13.913043	13.913043	13.913043	13.913043	13.913043	13.913043	13.913043	13.913043	13.913043	13.913043	13.913043	13.913043	13.913043	13.913043	13.913043	13.913043	13.913043	13.913043	13.913043	13.913043	13.913043	13.913043	13.913043	13.913043	13.913043	13.913043	13.913043	13.913043	13.913043	13.913043	13.913043	13.913043	13.913043	13.913043	13.913043	13.913043	13.913043	13.913043	13.913043	13.913043	13.913043	13.913043	13.913043	13.913043	13.913043	13.913043	13.913043	13.913043	13.913043	13.913043	13.913043	13.913043	13.913043	13.913043	13.913043	13.913043	13.913043	13.913043	13.913043	13.913043	13.913043	13.913043	13.913043	13.913043	13.913043	13.913043	13.913043	13.913043	13.913043	13.913043	13.913043	13.913043	13.913043	13.913043	13.913043	13.913043	13.913043	13.913043	13.913043	13.913043	13.913043	13.913043	13.913043	13.913043	13.913043	13.913043	13.913043	13.913043	13.913043	13.913043	13.913043	13.913043	13.913043	13.913043	13.913043	13.913043	13.913043	13.913043	13.913043	13.913043	13.913043	13.913043	13.913043	13.913043	13.913043	13.913043	13.913043	13.913043	13.913043	13.913043	13.913043	13.913043	13.913043	13.913043	13.913043	13.913043	13.913043	13.913043	13.913043	13.913043	13.913043	13.913043	13.913043	13.913043	13.913043	13.913043	13.913043	13.913043	13.913043	13.913043	13.913043	13.913043	13.913043	13.913043	13.913043	13.913043	13.913043	13.913043	13.913043	13.913043	13.913043	13.913043	13.913043	13.913043	13.913043	13.913043	13.913043	13.913043	13.913043	13.913043	13.913043	13.913043	13.913043	13.913043	13.913043	13.913043	13.913043	13.913043	13.913043	13.913043	13.913043	13.913043	13.913043	13.913043	13.913043	13.913043	13.913043	13.913043	13.913043	13.913043	13.913043	13.913043	13.913043	13.913043	13.913043	13.913043	13.913043	13.913043	13.913043	13.913043	13.913043	13.913043	13.913043	13.913043	13.913043	13.913043	13.913043	13.913043	13.913043	13.913043	13.913043	13.913043	13.913043	13.913043	13.913043	13.913043	13.913043	13.913043	13.913043	13.913043	13.913043	13.913043	13.913043	13.913043	13.913043	13.913043	13.913043	13.913043	13.913043	13.913043	13.913043	13.913043	13.913043	13.913043	13.913043	13.913043	13.913043	13.913043	13.913043	13.913043	13.913043	13.913043	13.913043	13.913043	13.913043	13.913043	13.913043	13.913043	13.913043	13.913043	13.913043	13.913043	13.913043	13.913043	13.913043	13.913043	13.913043	13.913043	13.913043	13.913043	13.913043	13.913043	13.913043	13.913043	13.913043	13.913043	13.913043	13.913043	13.913043	13.913043	13.913043	13.913043	13.913043	13.913043	13.913043	13.913043	13.913043	13.913043	13.913043	13.913043	13.913043	13.913043	13.913043	13.913043	13.913043	13.913043	13.913043	13.913043	13.913043	13.913043	13.913043	13.913043	13.913043	13.913043	13.913043	13.913043	13.913043	13.913043	13.913043	13.913043	13.913043	13.913043	13.913043	13.913043	13.913043	13.913043	13.913043	13.913043	13.913043	13.913043	13.913043	13.913043	13.913043	13.913043	13.913043	13.913043	13.913043	13.913043	13.913043	13.913043	13.913043	13.913043	13.913043	13.913043	13.913043	13.913043	13.913043	13.913043	13.913043	13.913043	13.913043	13.913043	13.913043	13.913043	13.913043	13.913043	13.913043	13.913043	13.913043	13.913043	13.913043	13.913043	13.913043	13.913043	13.913043	13.913043	13.913043	13.913043	13.913043	13.913043	13.913043	13.913043	13.913043	13.913043	13.913043	13.913043	13.913043	13.913043	13.913043	13.913043	13.913043	13.913043	13.913043	13.913043	13.913043	13.913043	13.913043	13.913043	13.913043	13.913043	13.913043	13.913043	13.913043	13.913043	13.913043	13.913043	13.913043	13.913043	13.913043	13.913043	13.913043	13.913043	13.913043	13.913043	13.913043	13.913043	13.913043	13.913043	13.913043	13.913043	13.913043	13.913043	13.913043	13.913043	13.913043	13.913043	13.913043	13.913043	13.913043	13.913043	13.913043	13.913043	13.913043	13.913043	13.913043	13.913043	13.913043	13.913043	13.913043	13.913043	13.913043	13.913043	13.913043	13.913043	13.913043	13.913043	13.913043	13.913043	13.913043	13.913043	13.913043	13.913043	13.913043	13.913043	13.913043	13.913043	13.913043	13.913043	13.913043	13.913043	13.913043	13.913043	13.913043	13.913043	13.913043	13.913043	13.913043	13.913043	13.913043	13.913043	13.913043	13.913043	13.913043	13.913043	13.913043	13.913043	13.913043	13.913043	13.913043	13.913043	13.913043	13.913043	13.913043	13.913043	13.913043	13.913043	13.913043	13.913043	13.913043	13.913043	13.913043	13.913043	13.913043	13.913043	13.913043	13.913043	13.913043	13.913043	13.913043	13.913043	13.913043	13.913043	13.913043	13.913043	13.913043	13.913043	13.913043	13.913043	13.913043	13.913043	13.913043	13.913043	13.913043	13.913043	13.913043	13.913043	13.913043	13.913043	13.913043	13.913043	13.913043	13.913043	13.913043	13.913043	13.913043	13.913043	13.913043	13.913043	13.913043	13.913043	13.913043	13.913043	13.913043	13.913043	13.913043	13.913043	13.913043	13.913043	13.913043	13.913043	13.913043	13.913043	13.913043	13.913043	13.913043	13.913043	13.913043	13.913043	13.913043	13.913043	13.913043	13.913043	13.913043	13.913043	13.913043	13.913043	13.913043	13.913043	13.913043	13.913043	13.913043	13.913043	13.913043	13.913043	13.913043	13.913043	13.913043	13.913043	13.913043	13.913043	13.913043	13.913043	13.913043	13.913043	13.913043	13.913043	13.913043	13.913043	13.913043	13.913043	13.913043	13.913043	13.913043	13.913043	13.913043	13.913043	13.913043	13.913043	13.913043	13.913043	13.913043	13.913043	13.913043	13.913043	13.913043	13.913043	13.913043	13.913043	13.913043	13.913043	13.913043	13.913043	13.913043	13.913043	13.913043	13.913043	13.913043	13.913043
%%%	Pulse Index	Stimulus Section Index	Stimulus Section Start Index	Stimulus Section End Index	Pupil Stimulated: 0 = Right, 1 = Left, 2 = Both	Light Metric: 0 = Photopic, 1 = Scopotic, 2 = Radiometric	Stimulus Start Time	Stimulus Duration	Stimulus Pulse Duration	Right Pulse Max Level	Right Pulse Max Color (0123 = WRGB)	Right Pulse Min Level	Right Pulse Min Color (0123 = WRGB)	Left Pulse Max Level	Left Pulse Max Color (0123 = WRGB)	Left Pulse Min Level	Left Pulse Min Color (0123 = WRGB)	Right Data Input Type (0 == RAW DATA, 1 == FITTED DATA, 2 == M. OVERRIDED)	Right ANALYSIS STATE (0 == ABNORMAL, 1 == NORMAL)	Right MAX (mm) (EMPTY if INVALID)	Right MIN (mm) (EMPTY if INVALID)	Right DELTA (mm) (EMPTY if INVALID)	Right CH (%) (EMPTY if INVALID)	Right LAT (sec) (EMPTY if INVALID)	Right CV (mm/s) (EMPTY if INVALID)	Right MCV (mm/s) (EMPTY if INVALID)	Right DV (mm/s) (EMPTY if INVALID)	Left Data Input Type (0 == RAW DATA, 1 == FITTED DATA, 2 == M. OVERRIDED)	Left ANALYSIS STATE (0 == ABNORMAL, 1 == NORMAL)	Left MAX (mm) (EMPTY if INVALID)	Left MIN (mm) (EMPTY if INVALID)	Left DELTA (mm) (EMPTY if INVALID)	Left CH (%) (EMPTY if INVALID)	Left LAT (sec) (EMPTY if INVALID)	Left CV (mm/s) (EMPTY if INVALID)	Left MCV (mm/s) (EMPTY if INVALID)	Left DV (mm/s) (EMPTY if INVALID)
%%%	0	0	18	902	0	0	0.51	29.52	0.51	4.01	3	0.00	3	0.00	3	0.00	3	0	0	0.00	0.00			0.00	0.00	0.00	0.00	0	0	0.00	0.00			0.00	0.00	0.00	0.00
%%%%%%%%%
%%%%%%%%%
%%%%%%%%%
<\SESSION>
