<SESSION>
<VERSION>
2
<\VERSION>
<DATE>
2017-09-05 10:15:30
<\DATE>
<SUBJECT-ID>
c57-1mois-F2-2b
<\SUBJECT-ID>
<NOTE>

<\NOTE>
<MIN-MAX-PLOT>
0.100000 51880.761719
<\MIN-MAX-PLOT>
<STIMULUS-DEFINED>
Default
Default Human Relative Spectral Sensitivity
1	0
1	0.500000	0.500000	29.000000	3	3	2.000000	-100.000000	0.100000	-100.000000	0
<\STIMULUS-DEFINED>
<STIMULUS-GENERATED>
4
0	0	0.000000	3	0.000000	0.000000	3	0.000000	0.000000
0	1	0.509000	3	1.893833	100.059952	3	0.000000	0.000000
0	4	1.018000	3	0.000000	0.000000	3	0.000000	0.000000
-1	5	30.027000	0	0.000000	0.000000	0	0.000000	0.000000
<\STIMULUS-GENERATED>
<RIGHT-PUPIL-DATA>
903	1
1	-0.051000	1.602754	303.918793	303.718781
1	-0.020000	1.632754	304.399994	303.337494
1	0.011000	1.608116	303.750000	303.000000
1	0.042000	1.622319	304.437500	302.674988
1	0.074000	1.618551	304.225006	302.524994
1	0.105000	1.632029	304.656250	303.656250
1	0.136000	1.518841	305.500000	302.500000
1	0.167000	1.645797	304.149994	304.850006
1	0.214000	1.601594	303.781250	304.968750
1	0.245000	1.622754	303.631256	305.556244
1	0.276000	1.627101	303.381256	305.381256
1	0.308000	1.634783	304.500000	304.500000
1	0.339000	1.620580	304.462494	303.212494
1	0.370000	1.631884	304.487488	302.700012
1	0.401000	1.641159	304.212494	302.675018
1	0.448000	1.645797	304.850006	302.475006
1	0.479000	1.623768	305.087494	302.337494
1	0.510000	1.640145	305.131256	303.318756
1	0.542000	1.640725	304.593750	304.406250
1	0.573000	1.634783	303.500000	303.500000
1	0.604000	1.634783	303.500000	304.500000
1	0.635000	1.627681	303.593750	305.406250
1	0.682000	1.626667	303.625000	305.562500
1	0.713000	1.627246	303.600006	304.537506
1	0.744000	1.637536	304.406250	303.593750
1	0.776000	1.631159	305.043762	303.456238
1	0.807000	1.600580	304.750000	302.937500
1	0.838000	1.592464	304.899994	302.899994
1	0.869000	1.550290	305.493805	302.743805
1	0.900000	1.509420	305.706238	303.918762
1	0.947000	1.472899	305.556244	304.556244
1	0.978000	1.426667	305.500000	305.187500
1	1.010000	1.379275	305.131256	305.818756
1	1.041000	1.372754	304.962494	306.225006
1	1.072000	1.327101	304.506256	306.568756
1	1.103000	1.274638	305.331238	306.331238
1	1.134000	1.251594	306.000000	304.625000
1	1.181000	1.234203	306.125000	304.875000
1	1.212000	1.225507	306.000000	304.250000
1	1.244000	1.240580	304.500000	305.500000
1	1.275000	1.171015	307.500000	304.500000
1	1.306000	1.118551	305.462494	304.899994
1	1.337000	1.113043	306.125000	306.125000
1	1.368000	1.110290	305.718750	306.406250
1	1.415000	1.072464	305.000000	307.000000
1	1.446000	1.079275	305.006256	306.993744
1	1.478000	1.043478	304.875000	306.875000
0	1.509000	0.931015	308.049988	304.500000
0	1.540000	0.666812	310.718750	306.781250
1	1.571000	1.030580	306.143707	303.181244
0	1.602000	0.910145	308.000000	300.500000
1	1.634000	0.981014	305.968842	302.393768
0	1.680000	0.895072	307.875000	302.424988
0	1.712000	0.822754	309.568756	302.631256
1	1.743000	0.969710	305.931244	303.981232
0	1.774000	0.822899	308.087494	302.787506
1	1.805000	0.715507	310.343689	307.706238
1	1.836000	0.933333	305.450012	304.424988
0	1.868000	0.846812	307.931244	302.931244
0	1.914000	0.861449	307.224945	301.224945
0	1.946000	0.660870	309.500000	306.500000
0	1.977000	0.881449	307.662506	300.662506
0	2.008000	0.684058	309.500000	302.500000
1	2.039000	0.811594	308.500000	299.500000
0	2.070000	0.683623	309.506256	303.506256
0	2.102000	0.813623	306.737488	301.312500
0	2.148000	0.776812	308.000000	302.000000
1	2.180000	0.814493	306.825043	302.712372
0	2.211000	0.591304	309.500000	306.500000
0	2.242000	0.708116	307.187500	300.174988
0	2.273000	0.651159	309.318756	303.993744
0	2.304000	0.633768	310.443756	303.118744
0	2.336000	0.639710	310.000000	300.500000
0	2.367000	0.684058	309.500000	302.500000
0	2.414000	0.591304	309.500000	302.500000
1	2.445000	0.751015	308.337494	298.537506
0	2.476000	0.594928	310.718750	301.918762
0	2.507000	0.713043	309.000000	302.000000
0	2.538000	0.571159	310.093750	302.906250
0	2.570000	0.616812	309.125000	305.125000
1	2.601000	0.635942	308.199982	305.675018
1	2.648000	0.614493	308.000000	305.000000
0	2.679000	0.578841	308.937500	300.200012
0	2.710000	0.539130	311.000000	301.500000
0	2.741000	0.531594	310.600006	301.399994
0	2.772000	0.698985	309.306244	298.556244
0	2.804000	0.591304	309.500000	298.500000
0	2.835000	0.568551	309.881256	301.931244
1	2.882000	0.642899	309.000000	300.000000
0	2.913000	0.614493	309.500000	300.500000
0	2.944000	0.628985	308.700012	302.987488
0	2.975000	0.565363	308.856171	300.768890
0	3.006000	0.684058	309.500000	302.500000
1	3.038000	0.778841	305.387573	299.812500
0	3.069000	0.652029	308.131256	300.881256
0	3.100000	0.614493	307.500000	300.500000
0	3.147000	0.591304	308.500000	301.500000
1	3.178000	0.597246	309.456238	299.718750
0	3.209000	0.596232	309.312500	299.562500
0	3.240000	0.583768	308.899994	299.899994
1	3.272000	0.759710	306.537506	297.537506
0	3.303000	0.607971	308.431305	301.806183
0	3.334000	0.570725	309.087494	301.100006
0	3.381000	0.614638	308.468750	303.656250
0	3.412000	0.684058	305.500000	302.500000
0	3.443000	0.621884	307.781250	302.631287
1	3.474000	0.751015	306.462494	297.462494
1	3.506000	0.582754	309.743744	299.881256
1	3.537000	0.620580	309.350006	299.662506
1	3.568000	0.778116	307.193756	297.181244
1	3.599000	0.654928	308.906250	300.906250
1	3.646000	0.612029	309.193756	299.806244
1	3.677000	0.782464	307.256256	297.243744
0	3.708000	0.757246	307.106262	297.481262
0	3.740000	0.788406	307.500000	298.500000
0	3.771000	0.610725	308.787506	300.787506
0	3.802000	0.574638	309.206238	301.843750
0	3.833000	0.730435	307.000000	298.000000
0	3.880000	0.596812	309.587494	300.587494
0	3.911000	0.759710	307.412506	297.462494
1	3.942000	0.822319	307.062500	296.750000
0	3.974000	0.742029	308.500000	296.500000
0	4.005000	0.601159	309.600006	300.899994
0	4.036000	0.591304	309.500000	298.500000
0	4.067000	0.718406	307.006256	297.018768
0	4.114000	0.773333	307.875000	297.875000
1	4.145000	0.609710	308.493744	299.743744
0	4.176000	0.646667	308.337494	301.399994
1	4.208000	0.605072	309.331238	300.656250
1	4.239000	0.787536	307.687500	297.062500
1	4.270000	0.726667	307.062500	296.125000
1	4.301000	0.642464	309.506256	299.618744
0	4.332000	0.759855	308.443756	295.881256
0	4.379000	0.670290	309.393646	298.493622
1	4.410000	0.626377	310.662506	299.475006
0	4.442000	0.815942	306.737488	297.737488
0	4.473000	0.591884	310.362488	300.950012
0	4.504000	0.752319	308.556244	297.556244
0	4.535000	0.737971	308.787506	298.475006
0	4.566000	0.631014	308.562500	301.437500
0	4.613000	0.764058	307.475006	298.012482
0	4.644000	0.760290	308.437500	297.437500
0	4.676000	0.602899	311.500000	300.500000
0	4.707000	0.695797	310.043732	298.993744
0	4.738000	0.800580	308.500000	296.000000
0	4.769000	0.846377	307.500000	294.500000
1	4.800000	0.643478	310.000000	299.000000
0	4.847000	0.631594	310.412506	299.149994
1	4.878000	0.628406	310.074982	300.274994
0	4.910000	0.773333	307.625000	296.875000
0	4.941000	0.663623	309.456238	300.718750
0	4.972000	0.743623	307.681244	297.318756
0	5.003000	0.764493	307.481262	296.018738
0	5.034000	0.777681	308.849976	296.237488
0	5.066000	0.609275	310.812500	298.500000
0	5.112000	0.734783	308.500000	295.250000
0	5.144000	0.672319	309.906250	298.156250
1	5.175000	0.626667	310.700012	299.187500
0	5.206000	0.640580	310.250000	297.750000
0	5.237000	0.675942	310.324951	298.149963
0	5.268000	0.652319	310.056244	299.368744
0	5.300000	1.026232	318.381073	306.231354
1	5.346000	0.672464	309.500000	299.500000
0	5.378000	0.626087	310.500000	298.500000
1	5.409000	0.635797	310.131256	299.131256
1	5.440000	0.645507	310.037506	298.462494
0	5.471000	0.794058	308.093750	296.093750
1	5.502000	0.834783	306.500000	295.500000
0	5.534000	0.747101	309.668762	296.593750
1	5.565000	0.626087	310.500000	299.500000
1	5.612000	0.663623	310.218750	299.531250
0	5.643000	0.637681	310.250000	299.750000
0	5.674000	0.584203	310.406250	300.906250
0	5.705000	0.820145	306.781250	297.218750
0	5.736000	0.744928	308.250000	296.500000
1	5.768000	0.648985	310.337494	299.337494
0	5.799000	0.653333	310.100006	298.899994
0	5.846000	0.800145	307.493744	295.543732
0	5.877000	0.788406	308.500000	295.500000
1	5.908000	0.665362	310.231293	298.706268
0	5.939000	0.847971	308.231201	295.118713
1	5.970000	0.684058	310.000000	298.000000
1	6.002000	0.627246	310.324982	298.975006
0	6.033000	0.865797	306.187500	296.187500
1	6.080000	0.647681	308.968781	299.631256
1	6.111000	0.798841	307.475006	295.475006
1	6.142000	0.806667	306.937439	296.037415
0	6.173000	0.817391	307.000000	295.000000
1	6.204000	0.637681	310.174988	298.174988
0	6.236000	0.642899	309.500000	299.000000
1	6.267000	0.637101	310.149994	299.475006
0	6.298000	0.858116	308.343750	295.656250
0	6.345000	0.660870	309.500000	298.500000
1	6.376000	0.654928	310.406250	298.906250
1	6.407000	0.635942	309.899994	300.162506
1	6.438000	0.643478	309.000000	299.500000
0	6.470000	0.805507	307.587494	296.837494
1	6.501000	0.660580	309.524994	299.462494
1	6.532000	0.664203	309.743744	299.243744
1	6.579000	0.905072	305.831238	297.018738
1	6.610000	0.915797	305.281250	296.656250
0	6.641000	0.811594	307.500000	295.500000
0	6.672000	0.814638	307.718750	295.718750
1	6.704000	0.624928	309.975006	299.225006
0	6.735000	0.885362	305.968750	296.981262
1	6.766000	0.645652	309.562500	299.062500
0	6.813000	0.660870	309.500000	298.500000
1	6.844000	0.651449	309.643738	299.856262
1	6.875000	0.684058	309.250000	299.750000
0	6.906000	0.818406	307.756256	296.631256
0	6.938000	0.811594	307.500000	295.500000
1	6.969000	0.627681	310.343750	298.843750
0	7.000000	0.869565	305.500000	294.500000
1	7.031000	0.662029	310.225006	298.512482
1	7.078000	0.637681	310.500000	299.500000
0	7.109000	0.845507	306.875061	296.587463
0	7.140000	0.707246	310.000000	299.000000
0	7.172000	0.688116	309.537506	301.024994
0	7.203000	0.755942	307.375000	297.312500
0	7.234000	0.722899	309.449982	301.649994
1	7.265000	0.921159	304.750000	298.750000
1	7.312000	0.640145	310.493744	299.381256
0	7.343000	0.653333	311.100006	298.637482
0	7.374000	0.672899	310.306244	298.181244
1	7.406000	0.808986	307.787476	295.762512
0	7.437000	0.730435	310.500000	297.500000
0	7.468000	0.695652	310.500000	298.500000
0	7.499000	0.614058	311.318756	299.568756
0	7.530000	0.671884	310.337494	299.512543
0	7.577000	0.762029	308.562531	297.474945
0	7.608000	0.672754	310.162506	299.337494
0	7.640000	0.708116	309.187500	301.812500
0	7.671000	0.665797	310.237488	300.199951
1	7.702000	0.800000	307.750000	296.250000
0	7.733000	0.719855	310.706207	300.031219
0	7.764000	0.756667	310.493744	297.506256
0	7.811000	0.756522	310.187500	296.687500
0	7.842000	0.791159	310.993744	297.368744
0	7.874000	0.688116	311.537506	299.024994
1	7.905000	0.992898	306.268738	300.093750
0	7.936000	0.687101	310.993805	301.043732
1	7.967000	0.789710	308.643738	297.393738
0	7.998000	0.920145	307.218750	299.781250
0	8.045000	0.927246	307.462494	300.587494
0	8.076000	0.603188	313.287506	300.337494
0	8.108000	0.716667	312.043762	299.156250
0	8.139000	0.626087	312.750000	301.250000
0	8.170000	0.776812	311.000000	296.000000
0	8.201000	0.781884	311.768738	297.268738
1	8.232000	0.660870	313.375000	299.875000
0	8.264000	0.670145	312.625000	299.362488
1	8.310000	0.751159	310.556244	297.368744
1	8.342000	0.986232	307.818665	299.281311
1	8.373000	0.998406	307.156250	299.343750
0	8.404000	0.831449	308.443756	297.556244
0	8.435000	0.707681	311.818756	302.781219
0	8.466000	0.672899	313.318756	299.181244
0	8.498000	0.689710	312.956238	299.593750
0	8.544000	0.591304	313.500000	298.500000
1	8.576000	0.877536	310.781250	296.643738
0	8.607000	0.694638	313.381195	300.006256
0	8.638000	0.862029	310.300079	296.274994
0	8.669000	0.801015	310.993744	297.006256
1	8.700000	1.004202	307.394135	298.556366
0	8.732000	0.709275	312.125000	301.187500
1	8.778000	0.997246	307.156250	299.656250
1	8.810000	1.033623	306.625000	300.137512
1	8.841000	1.022319	306.812500	299.687500
0	8.872000	0.695652	312.500000	300.500000
0	8.903000	0.823188	310.750000	296.750000
1	8.934000	0.849420	310.093750	295.781250
0	8.966000	0.789275	310.649994	296.662506
0	8.997000	0.749420	311.218750	296.281250
0	9.044000	0.684058	313.500000	298.500000
0	9.075000	0.723333	312.006287	299.681274
0	9.106000	0.752319	312.181244	302.556244
0	9.137000	0.798841	309.475006	295.475006
0	9.168000	0.742898	311.687500	302.687500
1	9.200000	1.033188	306.468750	299.656250
1	9.231000	1.016812	307.375000	299.375000
0	9.278000	0.773188	311.893738	299.106262
0	9.309000	0.795363	311.075012	298.050049
0	9.340000	0.751015	311.462494	297.537506
0	9.371000	0.824928	309.600006	296.537506
1	9.402000	1.007102	306.518738	297.468750
1	9.434000	1.034203	306.837524	297.862549
0	9.465000	0.755362	312.524994	300.712494
1	9.512000	0.698985	311.931244	298.306244
0	9.543000	0.733188	311.718750	302.531250
1	9.574000	1.031594	306.712494	298.587494
1	9.605000	0.690145	312.412506	301.412506
1	9.636000	1.002899	306.000000	299.000000
1	9.668000	1.062029	306.725006	298.225006
1	9.699000	1.026667	307.250000	298.250000
0	9.730000	0.801159	310.975006	296.024994
1	9.777000	1.078841	307.000000	298.000000
0	9.808000	0.856087	311.206238	297.168762
1	9.839000	1.050725	307.412476	296.937500
1	9.870000	0.918985	310.268738	296.268738
1	9.902000	1.020290	308.325043	297.624969
0	9.933000	1.008696	307.750000	298.750000
1	9.964000	0.849275	310.799988	296.237488
1	10.011000	1.078841	306.500000	299.000000
0	10.042000	0.920145	308.218750	297.781250
1	10.073000	1.072899	306.693756	297.318756
1	10.104000	1.061884	306.743744	297.256256
1	10.136000	1.060145	306.793793	297.781281
0	10.167000	0.822319	311.062500	295.437500
0	10.198000	0.848985	311.787506	295.787506
0	10.245000	0.876812	311.112488	295.862488
1	10.276000	1.039710	307.437500	297.500000
0	10.307000	0.873333	310.125000	295.875000
1	10.338000	1.095652	306.000000	299.000000
1	10.370000	1.062464	306.281250	299.268738
1	10.401000	1.147826	305.500000	298.500000
1	10.432000	1.017536	305.868744	298.806244
0	10.463000	0.824203	310.093750	296.581238
1	10.510000	1.077101	306.975006	298.475006
0	10.541000	0.695072	312.625000	299.987488
1	10.572000	1.055072	307.000000	299.000000
1	10.604000	1.079420	306.475006	298.975006
0	10.635000	0.831594	311.462494	296.537506
1	10.666000	1.078841	306.500000	299.000000
1	10.697000	1.078261	307.000000	299.000000
0	10.744000	1.031884	307.500000	298.500000
1	10.775000	1.048406	306.562500	299.562500
1	10.806000	1.033768	306.493744	299.681244
1	10.838000	1.060870	306.000000	300.000000
0	10.869000	0.953623	308.250000	299.750000
1	10.900000	1.061884	306.243744	300.118744
1	10.931000	1.052174	306.500000	299.500000
1	10.978000	1.062029	306.274994	299.774994
1	11.009000	1.064058	306.662506	299.274994
1	11.040000	1.055507	306.431244	298.818756
1	11.072000	1.078841	306.000000	299.000000
1	11.103000	1.070145	306.125000	299.375000
1	11.134000	1.081449	305.537506	300.024994
1	11.165000	1.094493	305.850006	300.149994
1	11.196000	1.070145	306.375000	299.875000
1	11.243000	1.062029	306.274994	299.274994
0	11.274000	0.842898	310.375000	296.875000
1	11.306000	1.078841	306.500000	299.000000
1	11.337000	1.044058	308.000000	298.000000
0	11.368000	0.962319	309.500000	294.500000
1	11.399000	1.063623	307.218750	297.656250
1	11.430000	1.095072	307.625000	298.250000
1	11.462000	1.059855	307.243744	297.756256
1	11.508000	1.096232	307.750000	298.750000
1	11.540000	1.097246	307.268738	298.343750
1	11.571000	1.097536	307.268768	298.881256
1	11.602000	1.098841	306.712494	299.712494
1	11.633000	1.094493	307.350006	299.149994
1	11.664000	1.147826	305.500000	298.500000
1	11.696000	1.068116	307.737488	297.737488
1	11.742000	1.099420	307.687500	297.812500
1	11.774000	1.096812	307.774994	297.774994
1	11.805000	1.122754	307.381256	297.993744
1	11.836000	1.097246	307.781250	297.768738
1	11.867000	1.098841	307.725006	297.712494
0	11.898000	0.920145	310.218750	295.781250
1	11.930000	1.110145	307.000000	298.750000
0	11.976000	0.684058	313.500000	298.500000
1	12.008000	1.118406	306.943756	299.056244
1	12.039000	1.187536	306.500000	299.437500
1	12.070000	1.150580	307.281250	298.031250
1	12.101000	1.133768	306.506256	297.256256
1	12.132000	1.120290	306.968750	297.406250
1	12.164000	1.168551	306.618744	297.118744
1	12.195000	1.147826	305.500000	298.500000
1	12.242000	1.155362	306.225006	297.600006
1	12.273000	1.188406	306.500000	297.000000
1	12.304000	1.194203	307.000000	298.000000
1	12.335000	1.153768	306.293793	297.681244
1	12.366000	1.147826	305.500000	298.500000
1	12.398000	1.126232	305.793762	298.018738
1	12.429000	1.149275	305.987488	298.012512
1	12.476000	1.148840	306.693756	297.793732
1	12.507000	1.141884	306.456238	297.631226
1	12.538000	1.113043	306.500000	296.500000
1	12.569000	1.147826	306.000000	296.000000
1	12.600000	1.135507	306.793762	297.106262
1	12.632000	1.134928	307.243744	296.868744
1	12.663000	1.113043	307.250000	297.250000
1	12.710000	1.118406	307.068756	297.631256
1	12.741000	1.125507	306.562500	298.000000
1	12.772000	1.137536	306.581238	298.156250
1	12.803000	1.146232	305.468750	299.081238
1	12.834000	1.109855	305.975006	298.225006
1	12.866000	1.118406	306.368744	297.068756
1	12.897000	1.136232	306.250000	297.250000
1	12.928000	1.117971	306.937500	296.562500
1	12.975000	1.113043	307.250000	297.250000
1	13.006000	0.881159	312.500000	295.500000
1	13.037000	1.147826	305.500000	298.500000
1	13.068000	1.151014	306.662506	297.662506
1	13.100000	1.155507	306.618744	298.368744
1	13.131000	1.167971	306.781250	298.781250
1	13.162000	1.167971	306.781250	298.781250
1	13.209000	1.152029	306.281250	299.268738
1	13.240000	1.147826	305.500000	298.500000
1	13.271000	1.176812	306.500000	298.000000
1	13.302000	1.202029	307.225006	297.962494
1	13.334000	1.160725	306.681244	298.318756
1	13.365000	1.182609	306.500000	297.500000
1	13.396000	1.181014	307.406250	297.031250
1	13.443000	1.189421	307.093781	297.406219
1	13.474000	1.205797	306.500000	296.500000
1	13.505000	1.177246	307.068756	297.306244
1	13.536000	1.165217	307.000000	297.500000
1	13.568000	1.225507	306.562500	298.250000
1	13.599000	1.182609	307.500000	298.500000
1	13.630000	1.216232	307.024994	297.774994
1	13.661000	1.204928	307.000000	297.687500
1	13.708000	1.240580	306.500000	297.500000
1	13.739000	1.192899	307.143768	296.856232
1	13.770000	1.182609	307.500000	296.500000
1	13.802000	1.192464	307.100006	295.899994
1	13.833000	1.195652	308.000000	296.250000
1	13.864000	1.234638	307.368744	296.518768
1	13.895000	1.176812	306.500000	296.500000
1	13.942000	1.182609	307.500000	296.500000
1	13.973000	1.212464	307.062500	296.937500
1	14.004000	1.217391	305.500000	298.500000
0	14.036000	1.333333	309.500000	298.500000
1	14.067000	1.182609	306.500000	296.500000
1	14.098000	1.182609	307.500000	296.500000
1	14.129000	1.203333	306.943756	295.943756
1	14.176000	1.198840	307.024994	295.350006
1	14.207000	1.161884	307.381256	295.643768
1	14.238000	1.215797	307.268738	295.906250
1	14.270000	1.194203	306.500000	295.500000
1	14.301000	1.204493	307.256256	295.356232
1	14.332000	1.209855	307.024994	295.600006
1	14.363000	1.203333	307.056244	295.693756
1	14.394000	1.204928	306.987488	295.737488
1	14.441000	1.181014	306.968750	295.481262
1	14.472000	1.205797	306.312500	296.437500
1	14.504000	1.159710	306.162506	295.337494
1	14.535000	1.204058	306.725006	295.024994
1	14.566000	1.208696	306.750000	295.250000
1	14.597000	1.238116	306.806244	295.193756
1	14.628000	1.177246	306.631256	294.318756
1	14.675000	1.212029	307.068756	295.068756
1	14.706000	1.195072	307.825012	294.437500
1	14.738000	1.217391	307.000000	295.000000
1	14.769000	1.171015	307.000000	295.000000
1	14.800000	1.217391	307.000000	295.000000
1	14.831000	1.218116	306.731262	295.518738
1	14.862000	1.182029	307.312500	296.000000
0	14.909000	1.611594	305.500000	302.500000
1	14.940000	1.185942	307.243744	294.443756
1	14.972000	1.190145	306.774994	293.475006
1	15.003000	1.240580	306.500000	293.500000
1	15.034000	1.191884	307.875000	293.125000
1	15.065000	1.192899	306.906250	293.156250
1	15.096000	1.222754	307.993744	293.206207
1	15.128000	1.211594	306.875000	293.375000
1	15.174000	1.223333	307.031250	293.581238
1	15.206000	1.191884	307.875000	294.125000
1	15.237000	1.230580	307.118744	294.318756
1	15.268000	1.197246	307.656250	294.843750
1	15.299000	1.212029	306.931244	294.931244
1	15.330000	1.185362	307.531250	294.031250
1	15.362000	1.212029	306.931244	292.931244
1	15.393000	1.209275	307.500000	293.750000
1	15.440000	1.170145	307.750000	293.437500
1	15.471000	1.217391	306.000000	292.000000
1	15.502000	1.194203	308.500000	291.500000
1	15.533000	1.239710	306.562500	292.375000
1	15.564000	1.222754	306.806244	292.068756
1	15.596000	1.252319	306.381256	293.381256
1	15.627000	1.205507	306.337494	292.662506
1	15.674000	1.251014	306.774994	293.024994
1	15.705000	1.211884	307.087494	292.912506
1	15.736000	1.186957	307.125000	292.375000
1	15.767000	1.242464	306.568756	292.243744
1	15.798000	1.208841	306.706268	291.993744
0	15.830000	1.364785	307.606689	295.544250
1	15.861000	1.217971	307.937500	291.375000
1	15.908000	1.255942	307.250000	291.437500
1	15.939000	1.195362	308.037476	290.549988
1	15.970000	1.225942	307.618744	290.618744
1	16.001000	1.240725	307.156250	290.906250
1	16.032000	1.212464	307.062500	290.687500
1	16.064000	1.228985	306.250000	290.750000
1	16.095000	1.218551	306.837494	290.649994
1	16.126000	1.212029	306.681244	290.818756
1	16.173000	1.233188	307.531250	289.406250
1	16.204000	1.220725	307.193756	289.056244
1	16.235000	1.240580	305.750000	288.750000
1	16.266000	1.221159	306.562500	288.187500
1	16.298000	1.263768	307.000000	288.000000
1	16.329000	1.227101	306.693756	288.306244
1	16.360000	1.240580	308.000000	289.000000
1	16.407000	1.229275	307.087494	289.087494
1	16.438000	1.240580	305.500000	290.500000
1	16.469000	1.263768	306.000000	290.000000
1	16.500000	1.226667	306.937500	289.500000
1	16.532000	1.225942	307.456268	289.756256
1	16.563000	1.217971	306.375000	289.937500
1	16.594000	1.244493	306.693756	289.506256
1	16.641000	1.200580	308.312500	289.799988
1	16.672000	1.274638	307.693787	291.518982
1	16.703000	1.248406	307.937500	289.562500
1	16.734000	1.222319	307.412445	289.187531
1	16.766000	1.248406	307.562500	289.562500
1	16.797000	1.234203	307.875000	289.750000
1	16.828000	1.258116	307.656250	290.343750
1	16.859000	1.230580	308.493744	290.868744
1	16.906000	1.244928	307.625000	290.875000
1	16.937000	1.194203	306.500000	289.500000
1	16.968000	1.205797	308.625000	290.625000
1	17.000000	1.229420	307.931244	290.268768
1	17.031000	1.240580	308.250000	290.250000
1	17.062000	1.185942	308.443756	289.443756
1	17.093000	1.240580	308.500000	289.500000
1	17.140000	1.220725	309.056244	289.943756
1	17.171000	1.220725	308.943756	289.943756
1	17.202000	1.217391	309.000000	291.000000
1	17.234000	1.222754	309.181244	290.568756
1	17.265000	1.221014	309.231262	290.193787
1	17.296000	1.217391	309.500000	290.500000
1	17.327000	1.211449	309.093750	289.906250
1	17.374000	1.203623	309.018738	290.018738
1	17.405000	1.229855	308.937500	290.312500
1	17.436000	1.215217	309.543732	289.893768
1	17.468000	1.217391	309.000000	289.000000
1	17.499000	1.251449	308.018738	289.406250
1	17.530000	1.202754	309.281250	288.718750
1	17.561000	1.263768	309.000000	289.000000
1	17.592000	1.268986	308.250000	289.125000
1	17.639000	1.194493	309.287506	288.412506
1	17.670000	1.207681	308.756256	287.743744
1	17.702000	1.242899	307.875000	288.625000
1	17.733000	1.240580	308.500000	287.500000
1	17.764000	1.246667	308.912506	288.524994
1	17.795000	1.212029	308.818756	289.068756
1	17.826000	1.215797	308.093750	288.843750
1	17.873000	1.228985	308.500000	288.500000
1	17.904000	1.200000	309.000000	288.000000
1	17.936000	1.181594	308.568756	287.381256
1	17.967000	1.203333	308.693756	288.056244
1	17.998000	1.194203	308.250000	287.750000
1	18.029000	1.205942	308.393738	287.331238
0	18.060000	1.565217	310.000000	294.000000
1	18.107000	1.177246	308.431244	286.943756
1	18.138000	1.179710	308.500000	287.500000
1	18.170000	1.231159	307.706238	288.293762
1	18.201000	1.192319	308.118744	287.818756
1	18.232000	1.159420	308.500000	288.500000
1	18.263000	1.217391	307.750000	288.250000
1	18.294000	1.222754	307.756256	288.568756
1	18.326000	1.203333	308.306244	287.693756
1	18.372000	1.191884	308.125000	287.125000
1	18.404000	1.203333	307.306244	287.256256
1	18.435000	1.202899	307.924988	286.799988
1	18.466000	1.173188	308.356262	286.893738
1	18.497000	1.218406	308.543732	287.818756
1	18.528000	1.181449	307.600006	286.975006
1	18.560000	1.205507	307.287506	287.287506
1	18.606000	1.225507	307.562500	288.000000
1	18.638000	1.194203	308.500000	289.500000
1	18.669000	1.192464	307.149994	288.462494
1	18.700000	1.188841	307.543732	287.556244
1	18.731000	1.222754	308.006256	287.993744
1	18.762000	1.189565	307.612518	287.412506
1	18.794000	1.149855	309.037506	287.962494
1	18.840000	1.194638	307.431244	287.568756
1	18.872000	1.220145	308.218750	287.968750
1	18.903000	1.194058	308.593750	287.531250
1	18.934000	1.179420	309.037506	287.662506
1	18.965000	1.216377	308.131256	287.493744
1	18.996000	1.202029	307.962494	288.037506
1	19.028000	1.198406	308.343750	287.806274
1	19.059000	1.206377	307.975006	287.999969
1	19.106000	1.217391	307.500000	288.500000
1	19.137000	1.194203	308.500000	287.500000
1	19.168000	1.165217	309.000000	288.500000
1	19.199000	1.221159	308.062500	288.187500
1	19.230000	1.208116	308.250000	287.250000
1	19.262000	1.202319	308.774994	287.712494
1	19.293000	1.208116	308.687500	288.250000
1	19.340000	1.176812	308.500000	288.000000
1	19.371000	1.238116	309.193756	287.806244
1	19.402000	1.206377	309.024994	288.149994
1	19.433000	1.242899	308.625000	288.750000
1	19.464000	1.203768	308.312500	288.312500
1	19.496000	1.223333	308.656250	288.406250
1	19.527000	1.238406	308.543762	289.456238
1	19.558000	1.223188	308.500000	288.500000
1	19.605000	1.216377	308.506256	288.443756
1	19.636000	1.222319	309.000000	287.562500
1	19.667000	1.228841	308.093750	287.906250
1	19.698000	1.198840	308.774994	287.649994
1	19.730000	1.220145	309.218750	287.031250
1	19.761000	1.202754	309.318726	287.268738
1	19.792000	1.214493	309.250000	287.250000
1	19.839000	1.192899	309.143738	287.418762
1	19.870000	1.267971	309.218750	288.268738
1	19.901000	1.199275	308.768738	288.268738
1	19.932000	1.211884	309.087494	287.912506
1	19.964000	1.224927	309.350006	287.637482
1	19.995000	1.212464	309.187500	287.312500
1	20.026000	1.242319	310.350006	287.649994
1	20.073000	1.211884	310.087494	288.087494
1	20.104000	1.191884	310.125000	287.125000
1	20.135000	1.186377	310.062500	287.312500
1	20.166000	1.209855	309.787506	287.350006
1	20.198000	1.221159	309.599976	287.062500
1	20.229000	1.204348	310.125000	287.750000
1	20.260000	1.211884	310.087494	286.912506
1	20.291000	1.192319	310.118744	287.168732
1	20.338000	1.194203	309.750000	287.750000
1	20.369000	1.147826	309.500000	286.500000
1	20.400000	1.218116	309.218750	287.518738
1	20.432000	1.222754	309.456268	287.006256
1	20.463000	1.240580	310.000000	287.000000
1	20.494000	1.237536	310.218750	287.593750
1	20.525000	1.192899	309.906250	286.031250
1	20.572000	1.221884	309.431244	286.631256
1	20.603000	1.202754	310.031250	285.718750
1	20.634000	1.204058	309.250000	285.750000
1	20.666000	1.228841	309.668732	287.506195
1	20.697000	1.252174	309.750000	286.750000
1	20.728000	1.221159	309.062500	286.937500
1	20.759000	1.192464	308.899994	287.149994
1	20.806000	1.205797	309.250000	287.250000
1	20.837000	1.234638	308.868744	286.743744
1	20.868000	1.231884	309.450012	286.799988
1	20.900000	1.211449	309.406250	286.093750
1	20.931000	1.161014	310.681244	286.318756
1	20.962000	1.217391	309.000000	286.000000
1	20.993000	1.204203	308.756256	285.993744
1	21.024000	1.194638	308.868744	285.568756
1	21.071000	1.194203	308.500000	287.500000
1	21.102000	1.229275	308.162506	286.162506
1	21.134000	1.205507	308.274994	286.225006
1	21.165000	1.191884	308.437500	287.125000
1	21.196000	1.199855	308.243744	286.931244
1	21.227000	1.205797	308.500000	287.500000
1	21.258000	1.205942	309.268738	286.281250
0	21.305000	1.131449	310.881256	285.743744
1	21.336000	1.205942	308.268738	285.718750
1	21.368000	1.202899	308.549988	285.799988
1	21.399000	1.181449	309.012482	285.975006
1	21.430000	1.233188	308.468750	285.156250
1	21.461000	1.194203	308.500000	285.500000
1	21.492000	1.200000	308.625000	285.125000
1	21.524000	1.191884	309.125000	285.875000
1	21.570000	1.185362	309.018738	286.481262
1	21.602000	1.181014	308.968750	286.393738
1	21.633000	1.164203	309.243744	286.318756
1	21.664000	1.208116	309.625000	286.750000
1	21.695000	1.216956	309.393768	285.556366
1	21.726000	1.223188	310.000000	286.000000
1	21.758000	1.237536	310.406250	284.781250
1	21.804000	1.192319	309.131256	284.118744
1	21.836000	1.205942	309.281250	284.281250
1	21.867000	1.204203	309.006256	283.993744
1	21.898000	1.194058	308.406250	283.656250
1	21.929000	1.192319	309.131256	283.818756
1	21.960000	1.230580	308.506256	285.118744
1	21.992000	1.215797	308.518738	284.906250
1	22.038000	1.174493	308.375000	285.112488
1	22.070000	1.238116	308.193756	285.756256
1	22.101000	1.220725	309.056244	285.943756
1	22.132000	1.229420	308.181244	285.068756
1	22.163000	1.228841	308.706238	286.093750
1	22.194000	1.199420	308.625000	285.625000
1	22.226000	1.201160	308.662506	286.225006
1	22.257000	1.217391	308.000000	287.000000
1	22.304000	1.220145	308.968750	285.781250
1	22.335000	1.231159	308.043762	286.293762
1	22.366000	1.223188	308.125000	285.875000
1	22.397000	1.252754	306.875000	286.375000
1	22.428000	1.228261	307.375000	286.750000
1	22.460000	1.222754	307.606232	285.993744
1	22.491000	1.240580	308.000000	287.000000
1	22.538000	1.229855	307.312500	286.312500
1	22.569000	1.220725	307.943756	285.806244
1	22.600000	1.244493	308.493744	285.306244
1	22.631000	1.252029	307.956268	284.993744
1	22.662000	1.196667	308.381256	285.181244
1	22.694000	1.219275	307.943756	284.818695
1	22.725000	1.206377	307.725006	285.024994
1	22.772000	1.194203	308.500000	285.500000
1	22.803000	1.242899	307.625000	286.250000
1	22.834000	1.209275	307.812500	286.375000
1	22.865000	1.240580	306.500000	287.500000
1	22.896000	1.207681	308.256256	286.243744
1	22.928000	1.240580	308.500000	287.500000
1	22.959000	1.213768	308.293762	286.906250
1	22.990000	1.220580	307.787506	286.787506
1	23.037000	1.194203	308.500000	285.500000
1	23.068000	1.194058	308.593750	286.406250
1	23.099000	1.229275	308.475006	286.337494
1	23.130000	1.238116	307.806244	286.806244
1	23.162000	1.242319	307.649994	286.649994
1	23.193000	1.212464	308.687500	286.062500
1	23.224000	1.225507	308.562500	287.312500
1	23.271000	1.309855	307.712494	287.412506
1	23.302000	1.235362	308.750000	287.625000
1	23.333000	1.258116	308.656250	287.343750
1	23.365000	1.257971	308.000000	287.500000
1	23.396000	1.229420	308.731232	287.268768
1	23.427000	1.216232	308.899994	286.899994
1	23.458000	1.189710	308.418762	286.506287
0	23.489000	1.130290	311.118744	288.493744
1	23.536000	1.220580	308.962494	286.962494
1	23.567000	1.198986	309.618713	287.368713
1	23.599000	1.234638	308.743744	287.368744
1	23.630000	1.244927	309.350006	287.362518
1	23.661000	1.230580	309.531281	287.681244
1	23.692000	1.252319	308.993744	288.006256
1	23.723000	1.240580	309.250000	287.750000
1	23.770000	1.217391	309.500000	286.500000
1	23.801000	1.240580	308.500000	287.500000
1	23.833000	1.246812	309.318756	286.681244
1	23.864000	1.237681	309.375000	286.637512
1	23.895000	1.217391	309.000000	286.000000
1	23.926000	1.244203	308.506287	286.156189
1	23.957000	1.212464	308.812500	286.062500
1	24.004000	1.252174	308.875000	285.875000
1	24.035000	1.252174	308.500000	286.500000
1	24.067000	1.240580	308.500000	285.500000
1	24.098000	1.241884	308.718750	285.281250
1	24.129000	1.231884	308.750000	286.000000
1	24.160000	1.259710	308.837494	286.524994
1	24.191000	1.243478	308.000000	285.750000
1	24.223000	1.248551	309.043762	285.306274
1	24.269000	1.248406	308.437500	285.437500
0	24.301000	1.513043	310.156250	289.593750
1	24.332000	1.245072	308.481262	284.981262
1	24.363000	1.240725	308.343750	284.406250
1	24.394000	1.229855	308.937500	284.187500
1	24.425000	1.238841	309.387482	284.187531
1	24.457000	1.235362	308.625000	283.750000
1	24.503000	1.225507	308.549988	283.737488
1	24.535000	1.241884	308.593750	284.343750
1	24.566000	1.230580	308.118744	284.318756
1	24.597000	1.257681	308.662506	284.662506
1	24.628000	1.248986	308.975006	284.462494
1	24.659000	1.251594	309.375000	284.500000
1	24.691000	1.241884	308.718750	284.468750
1	24.737000	1.273623	309.149963	285.037659
1	24.769000	1.263768	309.150055	285.174957
1	24.800000	1.283188	309.062500	285.549988
1	24.831000	1.256667	309.556244	284.556244
1	24.862000	1.240580	310.000000	285.000000
1	24.893000	1.263768	309.500000	284.500000
1	24.925000	1.263188	309.274994	285.462494
1	24.956000	1.246232	308.906250	285.343750
1	25.003000	1.252174	309.500000	285.500000
1	25.034000	1.252754	309.250000	285.387512
1	25.065000	1.217391	309.000000	286.000000
1	25.096000	1.286957	310.500000	285.500000
1	25.127000	1.246232	309.043762	285.343750
1	25.159000	1.282174	309.831238	285.968750
1	25.190000	1.263768	310.000000	285.500000
1	25.237000	1.258116	309.593750	284.656250
1	25.268000	1.283768	310.037506	285.787506
1	25.299000	1.248406	310.312500	284.937500
1	25.330000	1.252754	310.250000	284.612488
1	25.361000	1.242319	309.274994	285.350006
1	25.393000	1.242464	309.631256	285.256256
1	25.424000	1.269710	309.256256	285.643829
1	25.471000	1.272464	309.824951	287.274902
1	25.502000	1.240580	308.500000	285.500000
1	25.533000	1.240580	310.000000	287.000000
1	25.564000	1.248406	309.437500	286.562500
1	25.595000	1.238551	309.812500	286.187500
1	25.627000	1.248551	309.375000	286.312500
1	25.658000	1.240580	309.000000	286.000000
1	25.689000	1.240580	310.000000	286.000000
1	25.736000	1.199420	308.937500	285.625000
1	25.767000	1.238116	308.806244	286.193756
1	25.798000	1.220290	308.500000	286.500000
0	25.829000	0.894493	314.837494	288.850006
1	25.861000	1.240580	309.375000	286.625000
1	25.892000	1.255072	309.000000	286.500000
1	25.923000	1.238116	308.806244	287.193756
1	25.970000	1.240580	310.000000	287.000000
1	26.001000	1.242899	309.375000	287.862488
1	26.032000	1.231884	309.250000	286.750000
1	26.063000	1.246377	309.625000	286.625000
1	26.095000	1.252174	309.875000	287.125000
1	26.126000	1.234203	309.549988	287.250000
1	26.157000	1.234638	309.743744	286.743744
1	26.188000	1.244638	309.524994	286.850006
1	26.235000	1.240290	309.787506	286.912506
1	26.266000	1.258841	309.475006	287.524994
1	26.297000	1.281594	309.568756	287.181244
1	26.329000	1.268406	309.100006	287.175018
1	26.360000	1.286957	309.000000	288.000000
1	26.391000	1.283188	308.750000	287.000000
1	26.422000	1.265942	309.543762	286.843750
1	26.469000	1.257681	309.662506	286.425018
1	26.500000	1.296377	309.893738	286.393738
1	26.531000	1.272464	309.000000	286.500000
1	26.563000	1.281594	309.056244	286.243744
1	26.594000	1.265942	309.543762	286.543762
1	26.625000	1.263768	309.000000	286.000000
1	26.656000	1.246812	309.318756	286.681244
1	26.703000	1.268986	308.750000	285.799988
1	26.734000	1.257246	309.418762	286.581238
1	26.765000	1.253333	309.399994	286.337494
1	26.797000	1.298551	308.500000	285.500000
1	26.828000	1.281884	308.812500	285.187500
1	26.859000	1.266812	308.856262	285.018738
1	26.890000	1.257246	309.418762	284.418762
1	26.921000	1.262464	309.531250	284.718750
1	26.968000	1.242319	309.350006	284.350006
1	26.999000	1.268551	309.756256	284.756256
1	27.031000	1.217391	309.000000	285.000000
1	27.062000	1.240580	310.000000	285.000000
1	27.093000	1.240580	309.000000	286.000000
1	27.124000	1.266812	309.843750	285.731262
1	27.155000	1.240290	309.412506	285.199982
1	27.202000	1.226667	309.500000	285.500000
1	27.233000	1.246667	309.524994	285.662506
1	27.265000	1.267971	309.606262	285.093750
1	27.296000	1.222319	309.000000	285.437500
1	27.327000	1.252174	308.875000	285.625000
1	27.358000	1.254928	309.531250	285.031250
1	27.389000	1.274638	309.687500	285.000000
1	27.421000	1.274493	309.187500	284.437500
1	27.467000	1.263768	310.299988	285.487488
1	27.499000	1.263768	309.000000	285.000000
1	27.530000	1.252029	309.006256	285.693756
1	27.561000	1.257246	308.581238	285.418762
1	27.592000	1.261014	308.506256	285.818756
1	27.623000	1.286957	308.500000	285.500000
1	27.655000	1.271884	308.662506	285.337494
1	27.701000	1.240580	309.500000	286.500000
1	27.733000	1.285797	308.475006	285.024994
1	27.764000	1.264203	308.818756	284.856232
1	27.795000	1.286232	308.893738	284.893738
1	27.826000	1.286957	309.000000	285.000000
1	27.857000	1.257246	308.781250	284.418762
1	27.889000	1.286812	308.868744	285.543732
1	27.935000	1.272899	309.331268	285.131256
1	27.967000	1.264638	308.937500	284.562500
1	27.998000	1.278841	308.375000	284.612488
1	28.029000	1.242319	308.274994	284.725006
1	28.060000	1.253768	308.718750	284.593750
0	28.091000	1.240580	305.500000	286.500000
1	28.123000	1.275507	308.843750	283.718750
1	28.154000	1.268116	309.262512	283.737488
1	28.201000	1.292464	309.087494	284.087494
1	28.232000	1.261014	309.106232	283.506256
0	28.263000	0.929275	314.587494	286.600006
1	28.294000	1.281014	309.218750	283.831238
1	28.325000	1.255507	309.368744	284.006256
1	28.357000	1.296377	309.106262	284.893738
1	28.388000	1.257681	309.412506	284.337494
1	28.435000	1.283188	309.000000	284.812500
1	28.466000	1.286957	308.250000	284.750000
1	28.497000	1.333333	305.500000	286.500000
1	28.528000	1.286377	309.000000	285.000000
1	28.559000	1.292464	309.087494	285.087494
1	28.591000	1.262464	308.718750	285.143738
0	28.622000	1.240580	305.500000	286.500000
1	28.669000	1.256667	308.443756	284.556244
1	28.700000	1.333333	309.500000	282.500000
1	28.731000	1.248406	308.562500	285.000000
1	28.762000	1.333333	309.500000	282.500000
1	28.793000	1.252754	309.049988	285.000000
1	28.825000	1.246667	308.662506	284.475006
1	28.856000	1.257681	308.949982	285.662506
1	28.887000	1.211449	309.156250	285.093750
1	28.934000	1.216667	309.231262	285.393738
1	28.965000	1.223623	308.981262	285.556213
1	28.996000	1.217391	308.750000	285.250000
1	29.027000	1.240290	309.600006	285.587494
1	29.059000	1.217391	309.750000	285.750000
1	29.090000	1.217391	309.500000	284.500000
1	29.121000	1.216377	309.493744	285.881256
0	29.168000	0.875507	315.406250	288.093750
0	29.199000	0.931015	315.375000	289.375000
1	29.230000	1.199420	309.625000	285.237488
1	29.261000	1.240580	310.500000	287.500000
1	29.293000	1.224493	309.281250	286.031250
1	29.324000	1.223188	309.375000	285.625000
1	29.355000	1.200145	308.806244	286.056244
1	29.402000	1.190290	309.493744	285.931244
1	29.433000	1.192319	308.868744	285.431183
1	29.464000	1.220145	310.031250	285.968750
0	29.495000	0.985507	313.500000	290.500000
1	29.527000	1.217391	309.500000	284.500000
1	29.558000	1.217391	309.500000	284.500000
0	29.589000	0.894058	316.143738	288.843750
1	29.620000	1.229855	311.062500	285.500000
1	29.667000	1.224927	309.975006	284.850006
1	29.698000	1.222319	309.562500	284.812500
1	29.729000	1.225362	309.643738	285.031250
0	29.761000	0.837681	315.387390	288.500000
1	29.792000	1.217391	309.500000	286.500000
1	29.823000	1.203188	309.662506	285.712494
1	29.854000	1.228985	310.500000	286.500000
1	29.901000	1.204928	309.312500	286.000000
1	29.932000	1.225507	310.437500	285.000000
1	29.963000	1.229855	310.687500	285.362488
1	29.995000	1.147826	309.500000	286.500000
<\RIGHT-PUPIL-DATA>
<LEFT-PUPIL-DATA>
902	0
0	-0.051000	13.913043	240.000000	320.000000
0	-0.019000	13.913043	240.000000	320.000000
0	0.012000	13.913043	240.000000	320.000000
0	0.043000	13.913043	240.000000	320.000000
0	0.074000	13.913043	240.000000	320.000000
0	0.105000	13.913043	240.000000	320.000000
0	0.152000	13.913043	240.000000	320.000000
0	0.183000	13.913043	240.000000	320.000000
0	0.215000	13.913043	240.000000	320.000000
0	0.246000	13.913043	240.000000	320.000000
0	0.277000	13.913043	240.000000	320.000000
0	0.308000	13.913043	240.000000	320.000000
0	0.339000	13.913043	240.000000	320.000000
0	0.371000	13.913043	240.000000	320.000000
0	0.417000	13.913043	240.000000	320.000000
0	0.449000	13.913043	240.000000	320.000000
0	0.480000	13.913043	240.000000	320.000000
0	0.511000	13.913043	240.000000	320.000000
0	0.542000	13.913043	240.000000	320.000000
0	0.573000	13.913043	240.000000	320.000000
0	0.605000	13.913043	240.000000	320.000000
0	0.651000	13.913043	240.000000	320.000000
0	0.683000	13.913043	240.000000	320.000000
0	0.714000	13.913043	240.000000	320.000000
0	0.745000	13.913043	240.000000	320.000000
0	0.776000	13.913043	240.000000	320.000000
0	0.807000	13.913043	240.000000	320.000000
0	0.839000	13.913043	240.000000	320.000000
0	0.885000	13.913043	240.000000	320.000000
0	0.917000	13.913043	240.000000	320.000000
0	0.948000	13.913043	240.000000	320.000000
0	0.979000	13.913043	240.000000	320.000000
0	1.010000	13.913043	240.000000	320.000000
0	1.041000	13.913043	240.000000	320.000000
0	1.073000	13.913043	240.000000	320.000000
0	1.104000	13.913043	240.000000	320.000000
0	1.151000	13.913043	240.000000	320.000000
0	1.182000	13.913043	240.000000	320.000000
0	1.213000	13.913043	240.000000	320.000000
0	1.244000	13.913043	240.000000	320.000000
0	1.275000	13.913043	240.000000	320.000000
0	1.307000	13.913043	240.000000	320.000000
0	1.338000	13.913043	240.000000	320.000000
0	1.385000	13.913043	240.000000	320.000000
0	1.416000	13.913043	240.000000	320.000000
0	1.447000	13.913043	240.000000	320.000000
0	1.478000	13.913043	240.000000	320.000000
0	1.509000	13.913043	240.000000	320.000000
0	1.541000	13.913043	240.000000	320.000000
0	1.572000	13.913043	240.000000	320.000000
0	1.619000	13.913043	240.000000	320.000000
0	1.650000	13.913043	240.000000	320.000000
0	1.681000	13.913043	240.000000	320.000000
0	1.712000	13.913043	240.000000	320.000000
0	1.743000	13.913043	240.000000	320.000000
0	1.775000	13.913043	240.000000	320.000000
0	1.806000	13.913043	240.000000	320.000000
0	1.837000	13.913043	240.000000	320.000000
0	1.884000	13.913043	240.000000	320.000000
0	1.915000	13.913043	240.000000	320.000000
0	1.946000	13.913043	240.000000	320.000000
0	1.977000	13.913043	240.000000	320.000000
0	2.009000	13.913043	240.000000	320.000000
0	2.040000	13.913043	240.000000	320.000000
0	2.071000	13.913043	240.000000	320.000000
0	2.118000	13.913043	240.000000	320.000000
0	2.149000	13.913043	240.000000	320.000000
0	2.180000	13.913043	240.000000	320.000000
0	2.211000	13.913043	240.000000	320.000000
0	2.243000	13.913043	240.000000	320.000000
0	2.274000	13.913043	240.000000	320.000000
0	2.305000	13.913043	240.000000	320.000000
0	2.336000	13.913043	240.000000	320.000000
0	2.383000	13.913043	240.000000	320.000000
0	2.414000	13.913043	240.000000	320.000000
0	2.445000	13.913043	240.000000	320.000000
0	2.477000	13.913043	240.000000	320.000000
0	2.508000	13.913043	240.000000	320.000000
0	2.539000	13.913043	240.000000	320.000000
0	2.570000	13.913043	240.000000	320.000000
0	2.617000	13.913043	240.000000	320.000000
0	2.648000	13.913043	240.000000	320.000000
0	2.679000	13.913043	240.000000	320.000000
0	2.711000	13.913043	240.000000	320.000000
0	2.742000	13.913043	240.000000	320.000000
0	2.773000	13.913043	240.000000	320.000000
0	2.804000	13.913043	240.000000	320.000000
0	2.851000	13.913043	240.000000	320.000000
0	2.882000	13.913043	240.000000	320.000000
0	2.913000	13.913043	240.000000	320.000000
0	2.945000	13.913043	240.000000	320.000000
0	2.976000	13.913043	240.000000	320.000000
0	3.007000	13.913043	240.000000	320.000000
0	3.038000	13.913043	240.000000	320.000000
0	3.069000	13.913043	240.000000	320.000000
0	3.116000	13.913043	240.000000	320.000000
0	3.147000	13.913043	240.000000	320.000000
0	3.179000	13.913043	240.000000	320.000000
0	3.210000	13.913043	240.000000	320.000000
0	3.241000	13.913043	240.000000	320.000000
0	3.272000	13.913043	240.000000	320.000000
0	3.303000	13.913043	240.000000	320.000000
0	3.350000	13.913043	240.000000	320.000000
0	3.381000	13.913043	240.000000	320.000000
0	3.413000	13.913043	240.000000	320.000000
0	3.444000	13.913043	240.000000	320.000000
0	3.475000	13.913043	240.000000	320.000000
0	3.506000	13.913043	240.000000	320.000000
0	3.537000	13.913043	240.000000	320.000000
0	3.569000	13.913043	240.000000	320.000000
0	3.615000	13.913043	240.000000	320.000000
0	3.647000	13.913043	240.000000	320.000000
0	3.678000	13.913043	240.000000	320.000000
0	3.709000	13.913043	240.000000	320.000000
0	3.740000	13.913043	240.000000	320.000000
0	3.771000	13.913043	240.000000	320.000000
0	3.803000	13.913043	240.000000	320.000000
0	3.849000	13.913043	240.000000	320.000000
0	3.881000	13.913043	240.000000	320.000000
0	3.912000	13.913043	240.000000	320.000000
0	3.943000	13.913043	240.000000	320.000000
0	3.974000	13.913043	240.000000	320.000000
0	4.005000	13.913043	240.000000	320.000000
0	4.037000	13.913043	240.000000	320.000000
0	4.083000	13.913043	240.000000	320.000000
0	4.115000	13.913043	240.000000	320.000000
0	4.146000	13.913043	240.000000	320.000000
0	4.177000	13.913043	240.000000	320.000000
0	4.208000	13.913043	240.000000	320.000000
0	4.239000	13.913043	240.000000	320.000000
0	4.271000	13.913043	240.000000	320.000000
0	4.302000	13.913043	240.000000	320.000000
0	4.349000	13.913043	240.000000	320.000000
0	4.380000	13.913043	240.000000	320.000000
0	4.411000	13.913043	240.000000	320.000000
0	4.442000	13.913043	240.000000	320.000000
0	4.473000	13.913043	240.000000	320.000000
0	4.505000	13.913043	240.000000	320.000000
0	4.536000	13.913043	240.000000	320.000000
0	4.583000	13.913043	240.000000	320.000000
0	4.614000	13.913043	240.000000	320.000000
0	4.645000	13.913043	240.000000	320.000000
0	4.676000	13.913043	240.000000	320.000000
0	4.707000	13.913043	240.000000	320.000000
0	4.739000	13.913043	240.000000	320.000000
0	4.770000	13.913043	240.000000	320.000000
0	4.817000	13.913043	240.000000	320.000000
0	4.848000	13.913043	240.000000	320.000000
0	4.879000	13.913043	240.000000	320.000000
0	4.910000	13.913043	240.000000	320.000000
0	4.941000	13.913043	240.000000	320.000000
0	4.973000	13.913043	240.000000	320.000000
0	5.004000	13.913043	240.000000	320.000000
0	5.035000	13.913043	240.000000	320.000000
0	5.082000	13.913043	240.000000	320.000000
0	5.113000	13.913043	240.000000	320.000000
0	5.144000	13.913043	240.000000	320.000000
0	5.175000	13.913043	240.000000	320.000000
0	5.207000	13.913043	240.000000	320.000000
0	5.238000	13.913043	240.000000	320.000000
0	5.269000	13.913043	240.000000	320.000000
0	5.316000	13.913043	240.000000	320.000000
0	5.347000	13.913043	240.000000	320.000000
0	5.378000	13.913043	240.000000	320.000000
0	5.409000	13.913043	240.000000	320.000000
0	5.441000	13.913043	240.000000	320.000000
0	5.472000	13.913043	240.000000	320.000000
0	5.503000	13.913043	240.000000	320.000000
0	5.550000	13.913043	240.000000	320.000000
0	5.581000	13.913043	240.000000	320.000000
0	5.612000	13.913043	240.000000	320.000000
0	5.643000	13.913043	240.000000	320.000000
0	5.675000	13.913043	240.000000	320.000000
0	5.706000	13.913043	240.000000	320.000000
0	5.737000	13.913043	240.000000	320.000000
0	5.768000	13.913043	240.000000	320.000000
0	5.815000	13.913043	240.000000	320.000000
0	5.846000	13.913043	240.000000	320.000000
0	5.877000	13.913043	240.000000	320.000000
0	5.909000	13.913043	240.000000	320.000000
0	5.940000	13.913043	240.000000	320.000000
0	5.971000	13.913043	240.000000	320.000000
0	6.002000	13.913043	240.000000	320.000000
0	6.049000	13.913043	240.000000	320.000000
0	6.080000	13.913043	240.000000	320.000000
0	6.111000	13.913043	240.000000	320.000000
0	6.143000	13.913043	240.000000	320.000000
0	6.174000	13.913043	240.000000	320.000000
0	6.205000	13.913043	240.000000	320.000000
0	6.236000	13.913043	240.000000	320.000000
0	6.267000	13.913043	240.000000	320.000000
0	6.314000	13.913043	240.000000	320.000000
0	6.345000	13.913043	240.000000	320.000000
0	6.377000	13.913043	240.000000	320.000000
0	6.408000	13.913043	240.000000	320.000000
0	6.439000	13.913043	240.000000	320.000000
0	6.470000	13.913043	240.000000	320.000000
0	6.501000	13.913043	240.000000	320.000000
0	6.548000	13.913043	240.000000	320.000000
0	6.579000	13.913043	240.000000	320.000000
0	6.611000	13.913043	240.000000	320.000000
0	6.642000	13.913043	240.000000	320.000000
0	6.673000	13.913043	240.000000	320.000000
0	6.704000	13.913043	240.000000	320.000000
0	6.735000	13.913043	240.000000	320.000000
0	6.782000	13.913043	240.000000	320.000000
0	6.813000	13.913043	240.000000	320.000000
0	6.845000	13.913043	240.000000	320.000000
0	6.876000	13.913043	240.000000	320.000000
0	6.907000	13.913043	240.000000	320.000000
0	6.938000	13.913043	240.000000	320.000000
0	6.969000	13.913043	240.000000	320.000000
0	7.001000	13.913043	240.000000	320.000000
0	7.047000	13.913043	240.000000	320.000000
0	7.079000	13.913043	240.000000	320.000000
0	7.110000	13.913043	240.000000	320.000000
0	7.141000	13.913043	240.000000	320.000000
0	7.172000	13.913043	240.000000	320.000000
0	7.203000	13.913043	240.000000	320.000000
0	7.235000	13.913043	240.000000	320.000000
0	7.281000	13.913043	240.000000	320.000000
0	7.313000	13.913043	240.000000	320.000000
0	7.344000	13.913043	240.000000	320.000000
0	7.375000	13.913043	240.000000	320.000000
0	7.406000	13.913043	240.000000	320.000000
0	7.437000	13.913043	240.000000	320.000000
0	7.469000	13.913043	240.000000	320.000000
0	7.515000	13.913043	240.000000	320.000000
0	7.547000	13.913043	240.000000	320.000000
0	7.578000	13.913043	240.000000	320.000000
0	7.609000	13.913043	240.000000	320.000000
0	7.640000	13.913043	240.000000	320.000000
0	7.671000	13.913043	240.000000	320.000000
0	7.703000	13.913043	240.000000	320.000000
0	7.734000	13.913043	240.000000	320.000000
0	7.781000	13.913043	240.000000	320.000000
0	7.812000	13.913043	240.000000	320.000000
0	7.843000	13.913043	240.000000	320.000000
0	7.874000	13.913043	240.000000	320.000000
0	7.905000	13.913043	240.000000	320.000000
0	7.937000	13.913043	240.000000	320.000000
0	7.968000	13.913043	240.000000	320.000000
0	8.015000	13.913043	240.000000	320.000000
0	8.046000	13.913043	240.000000	320.000000
0	8.077000	13.913043	240.000000	320.000000
0	8.108000	13.913043	240.000000	320.000000
0	8.139000	13.913043	240.000000	320.000000
0	8.171000	13.913043	240.000000	320.000000
0	8.202000	13.913043	240.000000	320.000000
0	8.233000	13.913043	240.000000	320.000000
0	8.280000	13.913043	240.000000	320.000000
0	8.311000	13.913043	240.000000	320.000000
0	8.342000	13.913043	240.000000	320.000000
0	8.373000	13.913043	240.000000	320.000000
0	8.405000	13.913043	240.000000	320.000000
0	8.436000	13.913043	240.000000	320.000000
0	8.467000	13.913043	240.000000	320.000000
0	8.514000	13.913043	240.000000	320.000000
0	8.545000	13.913043	240.000000	320.000000
0	8.576000	13.913043	240.000000	320.000000
0	8.607000	13.913043	240.000000	320.000000
0	8.639000	13.913043	240.000000	320.000000
0	8.670000	13.913043	240.000000	320.000000
0	8.701000	13.913043	240.000000	320.000000
0	8.748000	13.913043	240.000000	320.000000
0	8.779000	13.913043	240.000000	320.000000
0	8.810000	13.913043	240.000000	320.000000
0	8.841000	13.913043	240.000000	320.000000
0	8.873000	13.913043	240.000000	320.000000
0	8.904000	13.913043	240.000000	320.000000
0	8.935000	13.913043	240.000000	320.000000
0	8.966000	13.913043	240.000000	320.000000
0	9.013000	13.913043	240.000000	320.000000
0	9.044000	13.913043	240.000000	320.000000
0	9.075000	13.913043	240.000000	320.000000
0	9.107000	13.913043	240.000000	320.000000
0	9.138000	13.913043	240.000000	320.000000
0	9.169000	13.913043	240.000000	320.000000
0	9.200000	13.913043	240.000000	320.000000
0	9.247000	13.913043	240.000000	320.000000
0	9.278000	13.913043	240.000000	320.000000
0	9.309000	13.913043	240.000000	320.000000
0	9.341000	13.913043	240.000000	320.000000
0	9.372000	13.913043	240.000000	320.000000
0	9.403000	13.913043	240.000000	320.000000
0	9.434000	13.913043	240.000000	320.000000
0	9.481000	13.913043	240.000000	320.000000
0	9.512000	13.913043	240.000000	320.000000
0	9.543000	13.913043	240.000000	320.000000
0	9.575000	13.913043	240.000000	320.000000
0	9.606000	13.913043	240.000000	320.000000
0	9.637000	13.913043	240.000000	320.000000
0	9.668000	13.913043	240.000000	320.000000
0	9.699000	13.913043	240.000000	320.000000
0	9.746000	13.913043	240.000000	320.000000
0	9.777000	13.913043	240.000000	320.000000
0	9.809000	13.913043	240.000000	320.000000
0	9.840000	13.913043	240.000000	320.000000
0	9.871000	13.913043	240.000000	320.000000
0	9.902000	13.913043	240.000000	320.000000
0	9.933000	13.913043	240.000000	320.000000
0	9.980000	13.913043	240.000000	320.000000
0	10.011000	13.913043	240.000000	320.000000
0	10.043000	13.913043	240.000000	320.000000
0	10.074000	13.913043	240.000000	320.000000
0	10.105000	13.913043	240.000000	320.000000
0	10.136000	13.913043	240.000000	320.000000
0	10.167000	13.913043	240.000000	320.000000
0	10.199000	13.913043	240.000000	320.000000
0	10.245000	13.913043	240.000000	320.000000
0	10.277000	13.913043	240.000000	320.000000
0	10.308000	13.913043	240.000000	320.000000
0	10.339000	13.913043	240.000000	320.000000
0	10.370000	13.913043	240.000000	320.000000
0	10.401000	13.913043	240.000000	320.000000
0	10.433000	13.913043	240.000000	320.000000
0	10.479000	13.913043	240.000000	320.000000
0	10.511000	13.913043	240.000000	320.000000
0	10.542000	13.913043	240.000000	320.000000
0	10.573000	13.913043	240.000000	320.000000
0	10.604000	13.913043	240.000000	320.000000
0	10.635000	13.913043	240.000000	320.000000
0	10.667000	13.913043	240.000000	320.000000
0	10.713000	13.913043	240.000000	320.000000
0	10.745000	13.913043	240.000000	320.000000
0	10.776000	13.913043	240.000000	320.000000
0	10.807000	13.913043	240.000000	320.000000
0	10.838000	13.913043	240.000000	320.000000
0	10.869000	13.913043	240.000000	320.000000
0	10.901000	13.913043	240.000000	320.000000
0	10.932000	13.913043	240.000000	320.000000
0	10.979000	13.913043	240.000000	320.000000
0	11.010000	13.913043	240.000000	320.000000
0	11.041000	13.913043	240.000000	320.000000
0	11.072000	13.913043	240.000000	320.000000
0	11.103000	13.913043	240.000000	320.000000
0	11.135000	13.913043	240.000000	320.000000
0	11.166000	13.913043	240.000000	320.000000
0	11.213000	13.913043	240.000000	320.000000
0	11.244000	13.913043	240.000000	320.000000
0	11.275000	13.913043	240.000000	320.000000
0	11.306000	13.913043	240.000000	320.000000
0	11.337000	13.913043	240.000000	320.000000
0	11.369000	13.913043	240.000000	320.000000
0	11.400000	13.913043	240.000000	320.000000
0	11.447000	13.913043	240.000000	320.000000
0	11.478000	13.913043	240.000000	320.000000
0	11.509000	13.913043	240.000000	320.000000
0	11.540000	13.913043	240.000000	320.000000
0	11.571000	13.913043	240.000000	320.000000
0	11.603000	13.913043	240.000000	320.000000
0	11.634000	13.913043	240.000000	320.000000
0	11.665000	13.913043	240.000000	320.000000
0	11.712000	13.913043	240.000000	320.000000
0	11.743000	13.913043	240.000000	320.000000
0	11.774000	13.913043	240.000000	320.000000
0	11.805000	13.913043	240.000000	320.000000
0	11.837000	13.913043	240.000000	320.000000
0	11.868000	13.913043	240.000000	320.000000
0	11.899000	13.913043	240.000000	320.000000
0	11.946000	13.913043	240.000000	320.000000
0	11.977000	13.913043	240.000000	320.000000
0	12.008000	13.913043	240.000000	320.000000
0	12.039000	13.913043	240.000000	320.000000
0	12.071000	13.913043	240.000000	320.000000
0	12.102000	13.913043	240.000000	320.000000
0	12.133000	13.913043	240.000000	320.000000
0	12.180000	13.913043	240.000000	320.000000
0	12.211000	13.913043	240.000000	320.000000
0	12.242000	13.913043	240.000000	320.000000
0	12.273000	13.913043	240.000000	320.000000
0	12.305000	13.913043	240.000000	320.000000
0	12.336000	13.913043	240.000000	320.000000
0	12.367000	13.913043	240.000000	320.000000
0	12.398000	13.913043	240.000000	320.000000
0	12.445000	13.913043	240.000000	320.000000
0	12.476000	13.913043	240.000000	320.000000
0	12.507000	13.913043	240.000000	320.000000
0	12.539000	13.913043	240.000000	320.000000
0	12.570000	13.913043	240.000000	320.000000
0	12.601000	13.913043	240.000000	320.000000
0	12.632000	13.913043	240.000000	320.000000
0	12.679000	13.913043	240.000000	320.000000
0	12.710000	13.913043	240.000000	320.000000
0	12.741000	13.913043	240.000000	320.000000
0	12.773000	13.913043	240.000000	320.000000
0	12.804000	13.913043	240.000000	320.000000
0	12.835000	13.913043	240.000000	320.000000
0	12.866000	13.913043	240.000000	320.000000
0	12.913000	13.913043	240.000000	320.000000
0	12.944000	13.913043	240.000000	320.000000
0	12.975000	13.913043	240.000000	320.000000
0	13.007000	13.913043	240.000000	320.000000
0	13.038000	13.913043	240.000000	320.000000
0	13.069000	13.913043	240.000000	320.000000
0	13.100000	13.913043	240.000000	320.000000
0	13.131000	13.913043	240.000000	320.000000
0	13.178000	13.913043	240.000000	320.000000
0	13.209000	13.913043	240.000000	320.000000
0	13.241000	13.913043	240.000000	320.000000
0	13.272000	13.913043	240.000000	320.000000
0	13.303000	13.913043	240.000000	320.000000
0	13.334000	13.913043	240.000000	320.000000
0	13.365000	13.913043	240.000000	320.000000
0	13.412000	13.913043	240.000000	320.000000
0	13.443000	13.913043	240.000000	320.000000
0	13.475000	13.913043	240.000000	320.000000
0	13.506000	13.913043	240.000000	320.000000
0	13.537000	13.913043	240.000000	320.000000
0	13.568000	13.913043	240.000000	320.000000
0	13.599000	13.913043	240.000000	320.000000
0	13.631000	13.913043	240.000000	320.000000
0	13.677000	13.913043	240.000000	320.000000
0	13.709000	13.913043	240.000000	320.000000
0	13.740000	13.913043	240.000000	320.000000
0	13.771000	13.913043	240.000000	320.000000
0	13.802000	13.913043	240.000000	320.000000
0	13.833000	13.913043	240.000000	320.000000
0	13.865000	13.913043	240.000000	320.000000
0	13.911000	13.913043	240.000000	320.000000
0	13.943000	13.913043	240.000000	320.000000
0	13.974000	13.913043	240.000000	320.000000
0	14.005000	13.913043	240.000000	320.000000
0	14.036000	13.913043	240.000000	320.000000
0	14.067000	13.913043	240.000000	320.000000
0	14.099000	13.913043	240.000000	320.000000
0	14.130000	13.913043	240.000000	320.000000
0	14.177000	13.913043	240.000000	320.000000
0	14.208000	13.913043	240.000000	320.000000
0	14.239000	13.913043	240.000000	320.000000
0	14.270000	13.913043	240.000000	320.000000
0	14.301000	13.913043	240.000000	320.000000
0	14.333000	13.913043	240.000000	320.000000
0	14.364000	13.913043	240.000000	320.000000
0	14.411000	13.913043	240.000000	320.000000
0	14.442000	13.913043	240.000000	320.000000
0	14.473000	13.913043	240.000000	320.000000
0	14.504000	13.913043	240.000000	320.000000
0	14.535000	13.913043	240.000000	320.000000
0	14.567000	13.913043	240.000000	320.000000
0	14.598000	13.913043	240.000000	320.000000
0	14.645000	13.913043	240.000000	320.000000
0	14.676000	13.913043	240.000000	320.000000
0	14.707000	13.913043	240.000000	320.000000
0	14.738000	13.913043	240.000000	320.000000
0	14.769000	13.913043	240.000000	320.000000
0	14.801000	13.913043	240.000000	320.000000
0	14.832000	13.913043	240.000000	320.000000
0	14.863000	13.913043	240.000000	320.000000
0	14.910000	13.913043	240.000000	320.000000
0	14.941000	13.913043	240.000000	320.000000
0	14.972000	13.913043	240.000000	320.000000
0	15.003000	13.913043	240.000000	320.000000
0	15.035000	13.913043	240.000000	320.000000
0	15.066000	13.913043	240.000000	320.000000
0	15.097000	13.913043	240.000000	320.000000
0	15.144000	13.913043	240.000000	320.000000
0	15.175000	13.913043	240.000000	320.000000
0	15.206000	13.913043	240.000000	320.000000
0	15.237000	13.913043	240.000000	320.000000
0	15.269000	13.913043	240.000000	320.000000
0	15.300000	13.913043	240.000000	320.000000
0	15.331000	13.913043	240.000000	320.000000
0	15.378000	13.913043	240.000000	320.000000
0	15.409000	13.913043	240.000000	320.000000
0	15.440000	13.913043	240.000000	320.000000
0	15.471000	13.913043	240.000000	320.000000
0	15.503000	13.913043	240.000000	320.000000
0	15.534000	13.913043	240.000000	320.000000
0	15.565000	13.913043	240.000000	320.000000
0	15.596000	13.913043	240.000000	320.000000
0	15.643000	13.913043	240.000000	320.000000
0	15.674000	13.913043	240.000000	320.000000
0	15.705000	13.913043	240.000000	320.000000
0	15.737000	13.913043	240.000000	320.000000
0	15.768000	13.913043	240.000000	320.000000
0	15.799000	13.913043	240.000000	320.000000
0	15.830000	13.913043	240.000000	320.000000
0	15.877000	13.913043	240.000000	320.000000
0	15.908000	13.913043	240.000000	320.000000
0	15.939000	13.913043	240.000000	320.000000
0	15.971000	13.913043	240.000000	320.000000
0	16.002000	13.913043	240.000000	320.000000
0	16.033000	13.913043	240.000000	320.000000
0	16.064000	13.913043	240.000000	320.000000
0	16.111000	13.913043	240.000000	320.000000
0	16.142000	13.913043	240.000000	320.000000
0	16.173000	13.913043	240.000000	320.000000
0	16.205000	13.913043	240.000000	320.000000
0	16.236000	13.913043	240.000000	320.000000
0	16.267000	13.913043	240.000000	320.000000
0	16.298000	13.913043	240.000000	320.000000
0	16.329000	13.913043	240.000000	320.000000
0	16.376000	13.913043	240.000000	320.000000
0	16.407000	13.913043	240.000000	320.000000
0	16.439000	13.913043	240.000000	320.000000
0	16.470000	13.913043	240.000000	320.000000
0	16.501000	13.913043	240.000000	320.000000
0	16.532000	13.913043	240.000000	320.000000
0	16.563000	13.913043	240.000000	320.000000
0	16.610000	13.913043	240.000000	320.000000
0	16.641000	13.913043	240.000000	320.000000
0	16.673000	13.913043	240.000000	320.000000
0	16.704000	13.913043	240.000000	320.000000
0	16.735000	13.913043	240.000000	320.000000
0	16.766000	13.913043	240.000000	320.000000
0	16.797000	13.913043	240.000000	320.000000
0	16.844000	13.913043	240.000000	320.000000
0	16.875000	13.913043	240.000000	320.000000
0	16.907000	13.913043	240.000000	320.000000
0	16.938000	13.913043	240.000000	320.000000
0	16.969000	13.913043	240.000000	320.000000
0	17.000000	13.913043	240.000000	320.000000
0	17.031000	13.913043	240.000000	320.000000
0	17.063000	13.913043	240.000000	320.000000
0	17.109000	13.913043	240.000000	320.000000
0	17.141000	13.913043	240.000000	320.000000
0	17.172000	13.913043	240.000000	320.000000
0	17.203000	13.913043	240.000000	320.000000
0	17.234000	13.913043	240.000000	320.000000
0	17.265000	13.913043	240.000000	320.000000
0	17.297000	13.913043	240.000000	320.000000
0	17.343000	13.913043	240.000000	320.000000
0	17.375000	13.913043	240.000000	320.000000
0	17.406000	13.913043	240.000000	320.000000
0	17.437000	13.913043	240.000000	320.000000
0	17.468000	13.913043	240.000000	320.000000
0	17.499000	13.913043	240.000000	320.000000
0	17.531000	13.913043	240.000000	320.000000
0	17.577000	13.913043	240.000000	320.000000
0	17.609000	13.913043	240.000000	320.000000
0	17.640000	13.913043	240.000000	320.000000
0	17.671000	13.913043	240.000000	320.000000
0	17.702000	13.913043	240.000000	320.000000
0	17.733000	13.913043	240.000000	320.000000
0	17.765000	13.913043	240.000000	320.000000
0	17.796000	13.913043	240.000000	320.000000
0	17.843000	13.913043	240.000000	320.000000
0	17.874000	13.913043	240.000000	320.000000
0	17.905000	13.913043	240.000000	320.000000
0	17.936000	13.913043	240.000000	320.000000
0	17.967000	13.913043	240.000000	320.000000
0	17.999000	13.913043	240.000000	320.000000
0	18.030000	13.913043	240.000000	320.000000
0	18.061000	13.913043	240.000000	320.000000
0	18.108000	13.913043	240.000000	320.000000
0	18.139000	13.913043	240.000000	320.000000
0	18.170000	13.913043	240.000000	320.000000
0	18.201000	13.913043	240.000000	320.000000
0	18.233000	13.913043	240.000000	320.000000
0	18.264000	13.913043	240.000000	320.000000
0	18.295000	13.913043	240.000000	320.000000
0	18.342000	13.913043	240.000000	320.000000
0	18.373000	13.913043	240.000000	320.000000
0	18.404000	13.913043	240.000000	320.000000
0	18.435000	13.913043	240.000000	320.000000
0	18.467000	13.913043	240.000000	320.000000
0	18.498000	13.913043	240.000000	320.000000
0	18.529000	13.913043	240.000000	320.000000
0	18.576000	13.913043	240.000000	320.000000
0	18.607000	13.913043	240.000000	320.000000
0	18.638000	13.913043	240.000000	320.000000
0	18.669000	13.913043	240.000000	320.000000
0	18.701000	13.913043	240.000000	320.000000
0	18.732000	13.913043	240.000000	320.000000
0	18.763000	13.913043	240.000000	320.000000
0	18.794000	13.913043	240.000000	320.000000
0	18.841000	13.913043	240.000000	320.000000
0	18.872000	13.913043	240.000000	320.000000
0	18.903000	13.913043	240.000000	320.000000
0	18.935000	13.913043	240.000000	320.000000
0	18.966000	13.913043	240.000000	320.000000
0	18.997000	13.913043	240.000000	320.000000
0	19.028000	13.913043	240.000000	320.000000
0	19.075000	13.913043	240.000000	320.000000
0	19.106000	13.913043	240.000000	320.000000
0	19.137000	13.913043	240.000000	320.000000
0	19.169000	13.913043	240.000000	320.000000
0	19.200000	13.913043	240.000000	320.000000
0	19.231000	13.913043	240.000000	320.000000
0	19.262000	13.913043	240.000000	320.000000
0	19.309000	13.913043	240.000000	320.000000
0	19.340000	13.913043	240.000000	320.000000
0	19.371000	13.913043	240.000000	320.000000
0	19.403000	13.913043	240.000000	320.000000
0	19.434000	13.913043	240.000000	320.000000
0	19.465000	13.913043	240.000000	320.000000
0	19.496000	13.913043	240.000000	320.000000
0	19.527000	13.913043	240.000000	320.000000
0	19.574000	13.913043	240.000000	320.000000
0	19.605000	13.913043	240.000000	320.000000
0	19.637000	13.913043	240.000000	320.000000
0	19.668000	13.913043	240.000000	320.000000
0	19.699000	13.913043	240.000000	320.000000
0	19.730000	13.913043	240.000000	320.000000
0	19.761000	13.913043	240.000000	320.000000
0	19.808000	13.913043	240.000000	320.000000
0	19.839000	13.913043	240.000000	320.000000
0	19.871000	13.913043	240.000000	320.000000
0	19.902000	13.913043	240.000000	320.000000
0	19.933000	13.913043	240.000000	320.000000
0	19.964000	13.913043	240.000000	320.000000
0	19.995000	13.913043	240.000000	320.000000
0	20.042000	13.913043	240.000000	320.000000
0	20.073000	13.913043	240.000000	320.000000
0	20.105000	13.913043	240.000000	320.000000
0	20.136000	13.913043	240.000000	320.000000
0	20.167000	13.913043	240.000000	320.000000
0	20.198000	13.913043	240.000000	320.000000
0	20.229000	13.913043	240.000000	320.000000
0	20.261000	13.913043	240.000000	320.000000
0	20.307000	13.913043	240.000000	320.000000
0	20.339000	13.913043	240.000000	320.000000
0	20.370000	13.913043	240.000000	320.000000
0	20.401000	13.913043	240.000000	320.000000
0	20.432000	13.913043	240.000000	320.000000
0	20.463000	13.913043	240.000000	320.000000
0	20.495000	13.913043	240.000000	320.000000
0	20.541000	13.913043	240.000000	320.000000
0	20.573000	13.913043	240.000000	320.000000
0	20.604000	13.913043	240.000000	320.000000
0	20.635000	13.913043	240.000000	320.000000
0	20.666000	13.913043	240.000000	320.000000
0	20.697000	13.913043	240.000000	320.000000
0	20.729000	13.913043	240.000000	320.000000
0	20.775000	13.913043	240.000000	320.000000
0	20.807000	13.913043	240.000000	320.000000
0	20.838000	13.913043	240.000000	320.000000
0	20.869000	13.913043	240.000000	320.000000
0	20.900000	13.913043	240.000000	320.000000
0	20.931000	13.913043	240.000000	320.000000
0	20.963000	13.913043	240.000000	320.000000
0	20.994000	13.913043	240.000000	320.000000
0	21.041000	13.913043	240.000000	320.000000
0	21.072000	13.913043	240.000000	320.000000
0	21.103000	13.913043	240.000000	320.000000
0	21.134000	13.913043	240.000000	320.000000
0	21.165000	13.913043	240.000000	320.000000
0	21.197000	13.913043	240.000000	320.000000
0	21.228000	13.913043	240.000000	320.000000
0	21.275000	13.913043	240.000000	320.000000
0	21.306000	13.913043	240.000000	320.000000
0	21.337000	13.913043	240.000000	320.000000
0	21.368000	13.913043	240.000000	320.000000
0	21.399000	13.913043	240.000000	320.000000
0	21.431000	13.913043	240.000000	320.000000
0	21.462000	13.913043	240.000000	320.000000
0	21.509000	13.913043	240.000000	320.000000
0	21.540000	13.913043	240.000000	320.000000
0	21.571000	13.913043	240.000000	320.000000
0	21.602000	13.913043	240.000000	320.000000
0	21.633000	13.913043	240.000000	320.000000
0	21.665000	13.913043	240.000000	320.000000
0	21.696000	13.913043	240.000000	320.000000
0	21.727000	13.913043	240.000000	320.000000
0	21.774000	13.913043	240.000000	320.000000
0	21.805000	13.913043	240.000000	320.000000
0	21.836000	13.913043	240.000000	320.000000
0	21.867000	13.913043	240.000000	320.000000
0	21.899000	13.913043	240.000000	320.000000
0	21.930000	13.913043	240.000000	320.000000
0	21.961000	13.913043	240.000000	320.000000
0	21.992000	13.913043	240.000000	320.000000
0	22.039000	13.913043	240.000000	320.000000
0	22.070000	13.913043	240.000000	320.000000
0	22.101000	13.913043	240.000000	320.000000
0	22.133000	13.913043	240.000000	320.000000
0	22.164000	13.913043	240.000000	320.000000
0	22.195000	13.913043	240.000000	320.000000
0	22.226000	13.913043	240.000000	320.000000
0	22.273000	13.913043	240.000000	320.000000
0	22.304000	13.913043	240.000000	320.000000
0	22.335000	13.913043	240.000000	320.000000
0	22.367000	13.913043	240.000000	320.000000
0	22.398000	13.913043	240.000000	320.000000
0	22.429000	13.913043	240.000000	320.000000
0	22.460000	13.913043	240.000000	320.000000
0	22.507000	13.913043	240.000000	320.000000
0	22.538000	13.913043	240.000000	320.000000
0	22.569000	13.913043	240.000000	320.000000
0	22.601000	13.913043	240.000000	320.000000
0	22.632000	13.913043	240.000000	320.000000
0	22.663000	13.913043	240.000000	320.000000
0	22.694000	13.913043	240.000000	320.000000
0	22.725000	13.913043	240.000000	320.000000
0	22.772000	13.913043	240.000000	320.000000
0	22.803000	13.913043	240.000000	320.000000
0	22.835000	13.913043	240.000000	320.000000
0	22.866000	13.913043	240.000000	320.000000
0	22.897000	13.913043	240.000000	320.000000
0	22.928000	13.913043	240.000000	320.000000
0	22.959000	13.913043	240.000000	320.000000
0	23.006000	13.913043	240.000000	320.000000
0	23.037000	13.913043	240.000000	320.000000
0	23.069000	13.913043	240.000000	320.000000
0	23.100000	13.913043	240.000000	320.000000
0	23.131000	13.913043	240.000000	320.000000
0	23.162000	13.913043	240.000000	320.000000
0	23.193000	13.913043	240.000000	320.000000
0	23.240000	13.913043	240.000000	320.000000
0	23.271000	13.913043	240.000000	320.000000
0	23.303000	13.913043	240.000000	320.000000
0	23.334000	13.913043	240.000000	320.000000
0	23.365000	13.913043	240.000000	320.000000
0	23.396000	13.913043	240.000000	320.000000
0	23.428000	13.913043	240.000000	320.000000
0	23.459000	13.913043	240.000000	320.000000
0	23.506000	13.913043	240.000000	320.000000
0	23.537000	13.913043	240.000000	320.000000
0	23.568000	13.913043	240.000000	320.000000
0	23.599000	13.913043	240.000000	320.000000
0	23.630000	13.913043	240.000000	320.000000
0	23.662000	13.913043	240.000000	320.000000
0	23.693000	13.913043	240.000000	320.000000
0	23.740000	13.913043	240.000000	320.000000
0	23.771000	13.913043	240.000000	320.000000
0	23.802000	13.913043	240.000000	320.000000
0	23.833000	13.913043	240.000000	320.000000
0	23.864000	13.913043	240.000000	320.000000
0	23.896000	13.913043	240.000000	320.000000
0	23.927000	13.913043	240.000000	320.000000
0	23.974000	13.913043	240.000000	320.000000
0	24.005000	13.913043	240.000000	320.000000
0	24.036000	13.913043	240.000000	320.000000
0	24.067000	13.913043	240.000000	320.000000
0	24.098000	13.913043	240.000000	320.000000
0	24.130000	13.913043	240.000000	320.000000
0	24.161000	13.913043	240.000000	320.000000
0	24.192000	13.913043	240.000000	320.000000
0	24.239000	13.913043	240.000000	320.000000
0	24.270000	13.913043	240.000000	320.000000
0	24.301000	13.913043	240.000000	320.000000
0	24.332000	13.913043	240.000000	320.000000
0	24.364000	13.913043	240.000000	320.000000
0	24.395000	13.913043	240.000000	320.000000
0	24.426000	13.913043	240.000000	320.000000
0	24.473000	13.913043	240.000000	320.000000
0	24.504000	13.913043	240.000000	320.000000
0	24.535000	13.913043	240.000000	320.000000
0	24.566000	13.913043	240.000000	320.000000
0	24.598000	13.913043	240.000000	320.000000
0	24.629000	13.913043	240.000000	320.000000
0	24.660000	13.913043	240.000000	320.000000
0	24.707000	13.913043	240.000000	320.000000
0	24.738000	13.913043	240.000000	320.000000
0	24.769000	13.913043	240.000000	320.000000
0	24.800000	13.913043	240.000000	320.000000
0	24.832000	13.913043	240.000000	320.000000
0	24.863000	13.913043	240.000000	320.000000
0	24.894000	13.913043	240.000000	320.000000
0	24.925000	13.913043	240.000000	320.000000
0	24.972000	13.913043	240.000000	320.000000
0	25.003000	13.913043	240.000000	320.000000
0	25.034000	13.913043	240.000000	320.000000
0	25.066000	13.913043	240.000000	320.000000
0	25.097000	13.913043	240.000000	320.000000
0	25.128000	13.913043	240.000000	320.000000
0	25.159000	13.913043	240.000000	320.000000
0	25.206000	13.913043	240.000000	320.000000
0	25.237000	13.913043	240.000000	320.000000
0	25.268000	13.913043	240.000000	320.000000
0	25.300000	13.913043	240.000000	320.000000
0	25.331000	13.913043	240.000000	320.000000
0	25.362000	13.913043	240.000000	320.000000
0	25.393000	13.913043	240.000000	320.000000
0	25.440000	13.913043	240.000000	320.000000
0	25.471000	13.913043	240.000000	320.000000
0	25.502000	13.913043	240.000000	320.000000
0	25.534000	13.913043	240.000000	320.000000
0	25.565000	13.913043	240.000000	320.000000
0	25.596000	13.913043	240.000000	320.000000
0	25.627000	13.913043	240.000000	320.000000
0	25.658000	13.913043	240.000000	320.000000
0	25.705000	13.913043	240.000000	320.000000
0	25.736000	13.913043	240.000000	320.000000
0	25.768000	13.913043	240.000000	320.000000
0	25.799000	13.913043	240.000000	320.000000
0	25.830000	13.913043	240.000000	320.000000
0	25.861000	13.913043	240.000000	320.000000
0	25.892000	13.913043	240.000000	320.000000
0	25.939000	13.913043	240.000000	320.000000
0	25.970000	13.913043	240.000000	320.000000
0	26.002000	13.913043	240.000000	320.000000
0	26.033000	13.913043	240.000000	320.000000
0	26.064000	13.913043	240.000000	320.000000
0	26.095000	13.913043	240.000000	320.000000
0	26.126000	13.913043	240.000000	320.000000
0	26.158000	13.913043	240.000000	320.000000
0	26.204000	13.913043	240.000000	320.000000
0	26.236000	13.913043	240.000000	320.000000
0	26.267000	13.913043	240.000000	320.000000
0	26.298000	13.913043	240.000000	320.000000
0	26.329000	13.913043	240.000000	320.000000
0	26.360000	13.913043	240.000000	320.000000
0	26.392000	13.913043	240.000000	320.000000
0	26.438000	13.913043	240.000000	320.000000
0	26.470000	13.913043	240.000000	320.000000
0	26.501000	13.913043	240.000000	320.000000
0	26.532000	13.913043	240.000000	320.000000
0	26.563000	13.913043	240.000000	320.000000
0	26.594000	13.913043	240.000000	320.000000
0	26.626000	13.913043	240.000000	320.000000
0	26.657000	13.913043	240.000000	320.000000
0	26.704000	13.913043	240.000000	320.000000
0	26.735000	13.913043	240.000000	320.000000
0	26.766000	13.913043	240.000000	320.000000
0	26.797000	13.913043	240.000000	320.000000
0	26.828000	13.913043	240.000000	320.000000
0	26.860000	13.913043	240.000000	320.000000
0	26.891000	13.913043	240.000000	320.000000
0	26.938000	13.913043	240.000000	320.000000
0	26.969000	13.913043	240.000000	320.000000
0	27.000000	13.913043	240.000000	320.000000
0	27.031000	13.913043	240.000000	320.000000
0	27.062000	13.913043	240.000000	320.000000
0	27.094000	13.913043	240.000000	320.000000
0	27.125000	13.913043	240.000000	320.000000
0	27.172000	13.913043	240.000000	320.000000
0	27.203000	13.913043	240.000000	320.000000
0	27.234000	13.913043	240.000000	320.000000
0	27.265000	13.913043	240.000000	320.000000
0	27.296000	13.913043	240.000000	320.000000
0	27.328000	13.913043	240.000000	320.000000
0	27.359000	13.913043	240.000000	320.000000
0	27.390000	13.913043	240.000000	320.000000
0	27.437000	13.913043	240.000000	320.000000
0	27.468000	13.913043	240.000000	320.000000
0	27.499000	13.913043	240.000000	320.000000
0	27.530000	13.913043	240.000000	320.000000
0	27.562000	13.913043	240.000000	320.000000
0	27.593000	13.913043	240.000000	320.000000
0	27.624000	13.913043	240.000000	320.000000
0	27.671000	13.913043	240.000000	320.000000
0	27.702000	13.913043	240.000000	320.000000
0	27.733000	13.913043	240.000000	320.000000
0	27.764000	13.913043	240.000000	320.000000
0	27.796000	13.913043	240.000000	320.000000
0	27.827000	13.913043	240.000000	320.000000
0	27.858000	13.913043	240.000000	320.000000
0	27.905000	13.913043	240.000000	320.000000
0	27.936000	13.913043	240.000000	320.000000
0	27.967000	13.913043	240.000000	320.000000
0	27.998000	13.913043	240.000000	320.000000
0	28.030000	13.913043	240.000000	320.000000
0	28.061000	13.913043	240.000000	320.000000
0	28.092000	13.913043	240.000000	320.000000
0	28.123000	13.913043	240.000000	320.000000
0	28.170000	13.913043	240.000000	320.000000
0	28.201000	13.913043	240.000000	320.000000
0	28.232000	13.913043	240.000000	320.000000
0	28.264000	13.913043	240.000000	320.000000
0	28.295000	13.913043	240.000000	320.000000
0	28.326000	13.913043	240.000000	320.000000
0	28.357000	13.913043	240.000000	320.000000
0	28.404000	13.913043	240.000000	320.000000
0	28.435000	13.913043	240.000000	320.000000
0	28.466000	13.913043	240.000000	320.000000
0	28.498000	13.913043	240.000000	320.000000
0	28.529000	13.913043	240.000000	320.000000
0	28.560000	13.913043	240.000000	320.000000
0	28.591000	13.913043	240.000000	320.000000
0	28.638000	13.913043	240.000000	320.000000
0	28.669000	13.913043	240.000000	320.000000
0	28.700000	13.913043	240.000000	320.000000
0	28.732000	13.913043	240.000000	320.000000
0	28.763000	13.913043	240.000000	320.000000
0	28.794000	13.913043	240.000000	320.000000
0	28.825000	13.913043	240.000000	320.000000
0	28.856000	13.913043	240.000000	320.000000
0	28.903000	13.913043	240.000000	320.000000
0	28.934000	13.913043	240.000000	320.000000
0	28.966000	13.913043	240.000000	320.000000
0	28.997000	13.913043	240.000000	320.000000
0	29.028000	13.913043	240.000000	320.000000
0	29.059000	13.913043	240.000000	320.000000
0	29.090000	13.913043	240.000000	320.000000
0	29.137000	13.913043	240.000000	320.000000
0	29.168000	13.913043	240.000000	320.000000
0	29.200000	13.913043	240.000000	320.000000
0	29.231000	13.913043	240.000000	320.000000
0	29.262000	13.913043	240.000000	320.000000
0	29.293000	13.913043	240.000000	320.000000
0	29.324000	13.913043	240.000000	320.000000
0	29.371000	13.913043	240.000000	320.000000
0	29.402000	13.913043	240.000000	320.000000
0	29.434000	13.913043	240.000000	320.000000
0	29.465000	13.913043	240.000000	320.000000
0	29.496000	13.913043	240.000000	320.000000
0	29.527000	13.913043	240.000000	320.000000
0	29.558000	13.913043	240.000000	320.000000
0	29.590000	13.913043	240.000000	320.000000
0	29.636000	13.913043	240.000000	320.000000
0	29.668000	13.913043	240.000000	320.000000
0	29.699000	13.913043	240.000000	320.000000
0	29.730000	13.913043	240.000000	320.000000
0	29.761000	13.913043	240.000000	320.000000
0	29.792000	13.913043	240.000000	320.000000
0	29.824000	13.913043	240.000000	320.000000
0	29.870000	13.913043	240.000000	320.000000
0	29.902000	13.913043	240.000000	320.000000
0	29.933000	13.913043	240.000000	320.000000
0	29.964000	13.913043	240.000000	320.000000
<\LEFT-PUPIL-DATA>
<RIGHT-PUPIL-ANALYSIS>
1
0	0	17	902	0	0	0.509000	29.518000	0.509000	100.059952	0.000000	0.000000	0.000000	0	3	3	3	3	0	0	0	0.000000	0.000000	0.000000	0.000000	0.000000	0.000000	0.000000	-1.000000	0.000000	0	1.639188	0.597890	2.110319	0.280847	0.298000	-0.355028	-1.279101	-1.000000	0.367672	1	1.639188	0.597890	2.110319	0.280847	0.298000	-0.380907	-1.279107	-1.000000	0.367671
<\RIGHT-PUPIL-ANALYSIS>
<LEFT-PUPIL-ANALYSIS>
1
0	0	17	901	0	0	0.509000	29.518000	0.509000	100.059952	0.000000	0.000000	0.000000	0	3	3	3	3	0	0	0	0.000000	0.000000	0.000000	0.000000	0.000000	0.000000	0.000000	-1.000000	0.000000	0	-0.034783	-0.034783	0.000950	0.000950	0.002000	0.000000	0.000000	-1.000000	0.000000	1	-0.034783	-0.034783	0.000950	0.000950	0.002000	-1000000.000000	-1000000.000000	-1.000000	0.000000
<\LEFT-PUPIL-ANALYSIS>
%%%%%%%%%
%%%%%%%%%
%%%%%%%%%
%%%	Measurement Tiime is: 2017-09-05 10:15:30
%%%	Subject ID is: c57-1mois-F2-2b
%%%	Note: 
%%%	RSS: Default Human Relative Spectral Sensitivity
%%%	Pupil Analysis:
%%%
%%%
%%%
%%%	Pulse Index:	0
%%%	Stimulus Session Index:	0
%%%	Right Pupil Stimulated
%%%	Light Metric is Photopic
%%%	Stimulus Start Time(sec):	0.51
%%%	Stimulus Duration(sec):	29.52
%%%	Stimulus Pulse Duration(sec):	0.51
%%%	Right Pulse:	100.06	(Blue )	-	0.00	(Blue )	[Lux ]
%%%	Left Pulse:	0.00	(Blue )	-	0.00	(Blue )	[Lux ]
%%%
%%%		RIGHT	LEFT	R.Pupil Mean	L.Pupil Mean	R.Stim Mean	R.Stim Mean
%%%	INPUT:	RAW DATA	RAW DATA
%%%	STATE:	ABNORMAL	ABNORMAL	ABNORMAL	ABNORMAL	ABNORMAL	ABNORMAL
%%%	MAX(mm):	0.00	0.00	0.00	0.00	0.00	0.00
%%%	MIN(mm):	0.00	0.00	0.00	0.00	0.00	0.00
%%%	DELTA(mm):						
%%%	CH(%):						
%%%	LAT(sec):	0.00	0.00	0.00	0.00	0.00	0.00
%%%	CV(mm/s):	0.00	0.00	0.00	0.00	0.00	0.00
%%%	MCV(mm/s):	0.00	0.00	0.00	0.00	0.00	0.00
%%%	DV(mm/s):	0.00	0.00	0.00	0.00	0.00	0.00
%%%%%%%%%
%%%%%%%%%
%%%%%%%%%
%%%	Right Pupil Profile (1st row -> 1 == valid tracking, 0 == invalid tracking; 2nd row -> time; 3rd row -> diameter (mm))
%%%	1	1	1	1	1	1	1	1	1	1	1	1	1	1	1	1	1	1	1	1	1	1	1	1	1	1	1	1	1	1	1	1	1	1	1	1	1	1	1	1	1	1	1	1	1	1	1	0	0	1	0	1	0	0	1	0	1	1	0	0	0	0	0	1	0	0	0	1	0	0	0	0	0	0	0	1	0	0	0	0	1	1	0	0	0	0	0	0	1	0	0	0	0	1	0	0	0	1	0	0	1	0	0	0	0	0	1	1	1	1	1	1	1	0	0	0	0	0	0	0	1	0	0	0	0	0	1	0	1	1	1	1	0	0	1	0	0	0	0	0	0	0	0	0	0	0	1	0	1	0	0	0	0	0	0	0	0	1	0	0	0	0	1	0	1	1	0	1	0	1	1	0	0	0	0	1	0	0	0	1	0	1	1	0	1	1	1	0	1	0	1	0	0	1	1	1	0	1	1	1	1	0	0	1	0	1	0	1	1	0	0	1	0	1	1	0	0	0	0	0	1	1	0	0	1	0	0	0	0	0	0	0	0	1	0	0	0	0	0	1	0	1	0	0	0	0	0	0	0	1	0	1	1	1	0	0	0	0	0	1	0	0	0	1	0	1	1	1	0	0	1	0	0	0	0	0	0	0	1	1	0	0	0	0	1	1	0	1	0	1	1	1	1	1	0	1	0	1	1	1	0	1	1	0	1	1	1	0	0	0	1	0	1	1	1	1	0	1	0	1	1	0	1	1	0	1	1	1	0	1	1	1	1	1	1	1	1	1	1	1	0	1	1	0	1	1	1	1	1	1	1	1	1	1	1	1	1	1	1	0	1	0	1	1	1	1	1	1	1	1	1	1	1	1	1	1	1	1	1	1	1	1	1	1	1	1	1	1	1	1	1	1	1	1	1	1	1	1	1	1	1	1	1	1	1	1	1	1	1	1	1	1	1	1	1	1	1	1	1	1	1	1	1	0	1	1	1	1	1	1	1	1	1	1	1	1	1	1	1	1	1	1	1	1	1	1	1	1	1	0	1	1	1	1	1	1	1	1	1	1	1	1	1	1	1	1	1	1	1	1	1	1	1	1	1	1	1	0	1	1	1	1	1	1	1	1	1	1	1	1	1	1	1	1	1	1	1	1	1	1	1	1	1	1	1	1	1	1	1	1	1	1	1	1	1	1	1	1	1	1	1	1	1	1	1	1	1	1	1	1	1	1	1	1	1	1	1	1	1	1	1	1	1	1	0	1	1	1	1	1	1	1	1	1	1	1	1	1	1	1	1	1	1	1	1	1	1	1	1	1	1	1	1	1	1	1	1	1	1	1	1	1	1	1	1	1	1	1	1	1	1	1	1	1	1	1	1	1	1	1	1	1	1	1	1	1	1	1	1	1	1	1	1	1	1	1	1	1	1	1	1	1	1	1	1	1	1	1	1	1	1	1	1	1	1	1	1	1	1	1	1	0	1	1	1	1	1	1	1	1	1	1	1	1	1	1	1	1	1	1	1	1	1	1	1	1	1	1	1	1	1	1	1	1	1	1	1	1	1	1	1	1	1	1	1	1	1	1	1	1	1	1	1	1	1	1	1	1	1	1	1	1	1	1	1	1	1	0	1	1	1	1	1	1	1	1	1	1	1	1	1	1	1	1	1	1	1	1	1	1	1	0	1	1	1	1	1	1	1	1	1	1	1	1	1	1	1	1	1	1	1	1	1	1	1	1	1	1	1	1	1	1	1	1	1	1	1	1	1	1	1	1	1	1	1	1	1	0	1	1	1	1	1	1	1	1	1	1	1	1	1	1	1	1	1	1	1	1	1	1	1	1	1	1	1	1	1	1	1	1	1	1	1	1	1	1	1	1	1	1	1	1	1	1	1	1	1	1	1	1	1	1	1	1	1	1	1	1	1	1	1	1	1	1	1	0	1	1	1	1	0	1	1	1	1	1	1	1	1	1	1	0	1	1	1	1	1	1	1	1	1	1	1	1	1	1	1	0	0	1	1	1	1	1	1	1	1	0	1	1	0	1	1	1	1	0	1	1	1	1	1	1	1
%%%	-0.051000	-0.020000	0.011000	0.042000	0.074000	0.105000	0.136000	0.167000	0.214000	0.245000	0.276000	0.308000	0.339000	0.370000	0.401000	0.448000	0.479000	0.510000	0.542000	0.573000	0.604000	0.635000	0.682000	0.713000	0.744000	0.776000	0.807000	0.838000	0.869000	0.900000	0.947000	0.978000	1.010000	1.041000	1.072000	1.103000	1.134000	1.181000	1.212000	1.244000	1.275000	1.306000	1.337000	1.368000	1.415000	1.446000	1.478000	1.509000	1.540000	1.571000	1.602000	1.634000	1.680000	1.712000	1.743000	1.774000	1.805000	1.836000	1.868000	1.914000	1.946000	1.977000	2.008000	2.039000	2.070000	2.102000	2.148000	2.180000	2.211000	2.242000	2.273000	2.304000	2.336000	2.367000	2.414000	2.445000	2.476000	2.507000	2.538000	2.570000	2.601000	2.648000	2.679000	2.710000	2.741000	2.772000	2.804000	2.835000	2.882000	2.913000	2.944000	2.975000	3.006000	3.038000	3.069000	3.100000	3.147000	3.178000	3.209000	3.240000	3.272000	3.303000	3.334000	3.381000	3.412000	3.443000	3.474000	3.506000	3.537000	3.568000	3.599000	3.646000	3.677000	3.708000	3.740000	3.771000	3.802000	3.833000	3.880000	3.911000	3.942000	3.974000	4.005000	4.036000	4.067000	4.114000	4.145000	4.176000	4.208000	4.239000	4.270000	4.301000	4.332000	4.379000	4.410000	4.442000	4.473000	4.504000	4.535000	4.566000	4.613000	4.644000	4.676000	4.707000	4.738000	4.769000	4.800000	4.847000	4.878000	4.910000	4.941000	4.972000	5.003000	5.034000	5.066000	5.112000	5.144000	5.175000	5.206000	5.237000	5.268000	5.300000	5.346000	5.378000	5.409000	5.440000	5.471000	5.502000	5.534000	5.565000	5.612000	5.643000	5.674000	5.705000	5.736000	5.768000	5.799000	5.846000	5.877000	5.908000	5.939000	5.970000	6.002000	6.033000	6.080000	6.111000	6.142000	6.173000	6.204000	6.236000	6.267000	6.298000	6.345000	6.376000	6.407000	6.438000	6.470000	6.501000	6.532000	6.579000	6.610000	6.641000	6.672000	6.704000	6.735000	6.766000	6.813000	6.844000	6.875000	6.906000	6.938000	6.969000	7.000000	7.031000	7.078000	7.109000	7.140000	7.172000	7.203000	7.234000	7.265000	7.312000	7.343000	7.374000	7.406000	7.437000	7.468000	7.499000	7.530000	7.577000	7.608000	7.640000	7.671000	7.702000	7.733000	7.764000	7.811000	7.842000	7.874000	7.905000	7.936000	7.967000	7.998000	8.045000	8.076000	8.108000	8.139000	8.170000	8.201000	8.232000	8.264000	8.310000	8.342000	8.373000	8.404000	8.435000	8.466000	8.498000	8.544000	8.576000	8.607000	8.638000	8.669000	8.700000	8.732000	8.778000	8.810000	8.841000	8.872000	8.903000	8.934000	8.966000	8.997000	9.044000	9.075000	9.106000	9.137000	9.168000	9.200000	9.231000	9.278000	9.309000	9.340000	9.371000	9.402000	9.434000	9.465000	9.512000	9.543000	9.574000	9.605000	9.636000	9.668000	9.699000	9.730000	9.777000	9.808000	9.839000	9.870000	9.902000	9.933000	9.964000	10.011000	10.042000	10.073000	10.104000	10.136000	10.167000	10.198000	10.245000	10.276000	10.307000	10.338000	10.370000	10.401000	10.432000	10.463000	10.510000	10.541000	10.572000	10.604000	10.635000	10.666000	10.697000	10.744000	10.775000	10.806000	10.838000	10.869000	10.900000	10.931000	10.978000	11.009000	11.040000	11.072000	11.103000	11.134000	11.165000	11.196000	11.243000	11.274000	11.306000	11.337000	11.368000	11.399000	11.430000	11.462000	11.508000	11.540000	11.571000	11.602000	11.633000	11.664000	11.696000	11.742000	11.774000	11.805000	11.836000	11.867000	11.898000	11.930000	11.976000	12.008000	12.039000	12.070000	12.101000	12.132000	12.164000	12.195000	12.242000	12.273000	12.304000	12.335000	12.366000	12.398000	12.429000	12.476000	12.507000	12.538000	12.569000	12.600000	12.632000	12.663000	12.710000	12.741000	12.772000	12.803000	12.834000	12.866000	12.897000	12.928000	12.975000	13.006000	13.037000	13.068000	13.100000	13.131000	13.162000	13.209000	13.240000	13.271000	13.302000	13.334000	13.365000	13.396000	13.443000	13.474000	13.505000	13.536000	13.568000	13.599000	13.630000	13.661000	13.708000	13.739000	13.770000	13.802000	13.833000	13.864000	13.895000	13.942000	13.973000	14.004000	14.036000	14.067000	14.098000	14.129000	14.176000	14.207000	14.238000	14.270000	14.301000	14.332000	14.363000	14.394000	14.441000	14.472000	14.504000	14.535000	14.566000	14.597000	14.628000	14.675000	14.706000	14.738000	14.769000	14.800000	14.831000	14.862000	14.909000	14.940000	14.972000	15.003000	15.034000	15.065000	15.096000	15.128000	15.174000	15.206000	15.237000	15.268000	15.299000	15.330000	15.362000	15.393000	15.440000	15.471000	15.502000	15.533000	15.564000	15.596000	15.627000	15.674000	15.705000	15.736000	15.767000	15.798000	15.830000	15.861000	15.908000	15.939000	15.970000	16.001000	16.032000	16.064000	16.095000	16.126000	16.173000	16.204000	16.235000	16.266000	16.298000	16.329000	16.360000	16.407000	16.438000	16.469000	16.500000	16.532000	16.563000	16.594000	16.641000	16.672000	16.703000	16.734000	16.766000	16.797000	16.828000	16.859000	16.906000	16.937000	16.968000	17.000000	17.031000	17.062000	17.093000	17.140000	17.171000	17.202000	17.234000	17.265000	17.296000	17.327000	17.374000	17.405000	17.436000	17.468000	17.499000	17.530000	17.561000	17.592000	17.639000	17.670000	17.702000	17.733000	17.764000	17.795000	17.826000	17.873000	17.904000	17.936000	17.967000	17.998000	18.029000	18.060000	18.107000	18.138000	18.170000	18.201000	18.232000	18.263000	18.294000	18.326000	18.372000	18.404000	18.435000	18.466000	18.497000	18.528000	18.560000	18.606000	18.638000	18.669000	18.700000	18.731000	18.762000	18.794000	18.840000	18.872000	18.903000	18.934000	18.965000	18.996000	19.028000	19.059000	19.106000	19.137000	19.168000	19.199000	19.230000	19.262000	19.293000	19.340000	19.371000	19.402000	19.433000	19.464000	19.496000	19.527000	19.558000	19.605000	19.636000	19.667000	19.698000	19.730000	19.761000	19.792000	19.839000	19.870000	19.901000	19.932000	19.964000	19.995000	20.026000	20.073000	20.104000	20.135000	20.166000	20.198000	20.229000	20.260000	20.291000	20.338000	20.369000	20.400000	20.432000	20.463000	20.494000	20.525000	20.572000	20.603000	20.634000	20.666000	20.697000	20.728000	20.759000	20.806000	20.837000	20.868000	20.900000	20.931000	20.962000	20.993000	21.024000	21.071000	21.102000	21.134000	21.165000	21.196000	21.227000	21.258000	21.305000	21.336000	21.368000	21.399000	21.430000	21.461000	21.492000	21.524000	21.570000	21.602000	21.633000	21.664000	21.695000	21.726000	21.758000	21.804000	21.836000	21.867000	21.898000	21.929000	21.960000	21.992000	22.038000	22.070000	22.101000	22.132000	22.163000	22.194000	22.226000	22.257000	22.304000	22.335000	22.366000	22.397000	22.428000	22.460000	22.491000	22.538000	22.569000	22.600000	22.631000	22.662000	22.694000	22.725000	22.772000	22.803000	22.834000	22.865000	22.896000	22.928000	22.959000	22.990000	23.037000	23.068000	23.099000	23.130000	23.162000	23.193000	23.224000	23.271000	23.302000	23.333000	23.365000	23.396000	23.427000	23.458000	23.489000	23.536000	23.567000	23.599000	23.630000	23.661000	23.692000	23.723000	23.770000	23.801000	23.833000	23.864000	23.895000	23.926000	23.957000	24.004000	24.035000	24.067000	24.098000	24.129000	24.160000	24.191000	24.223000	24.269000	24.301000	24.332000	24.363000	24.394000	24.425000	24.457000	24.503000	24.535000	24.566000	24.597000	24.628000	24.659000	24.691000	24.737000	24.769000	24.800000	24.831000	24.862000	24.893000	24.925000	24.956000	25.003000	25.034000	25.065000	25.096000	25.127000	25.159000	25.190000	25.237000	25.268000	25.299000	25.330000	25.361000	25.393000	25.424000	25.471000	25.502000	25.533000	25.564000	25.595000	25.627000	25.658000	25.689000	25.736000	25.767000	25.798000	25.829000	25.861000	25.892000	25.923000	25.970000	26.001000	26.032000	26.063000	26.095000	26.126000	26.157000	26.188000	26.235000	26.266000	26.297000	26.329000	26.360000	26.391000	26.422000	26.469000	26.500000	26.531000	26.563000	26.594000	26.625000	26.656000	26.703000	26.734000	26.765000	26.797000	26.828000	26.859000	26.890000	26.921000	26.968000	26.999000	27.031000	27.062000	27.093000	27.124000	27.155000	27.202000	27.233000	27.265000	27.296000	27.327000	27.358000	27.389000	27.421000	27.467000	27.499000	27.530000	27.561000	27.592000	27.623000	27.655000	27.701000	27.733000	27.764000	27.795000	27.826000	27.857000	27.889000	27.935000	27.967000	27.998000	28.029000	28.060000	28.091000	28.123000	28.154000	28.201000	28.232000	28.263000	28.294000	28.325000	28.357000	28.388000	28.435000	28.466000	28.497000	28.528000	28.559000	28.591000	28.622000	28.669000	28.700000	28.731000	28.762000	28.793000	28.825000	28.856000	28.887000	28.934000	28.965000	28.996000	29.027000	29.059000	29.090000	29.121000	29.168000	29.199000	29.230000	29.261000	29.293000	29.324000	29.355000	29.402000	29.433000	29.464000	29.495000	29.527000	29.558000	29.589000	29.620000	29.667000	29.698000	29.729000	29.761000	29.792000	29.823000	29.854000	29.901000	29.932000	29.963000	29.995000
%%%	1.602754	1.632754	1.608116	1.622319	1.618551	1.632029	1.518841	1.645797	1.601594	1.622754	1.627101	1.634783	1.620580	1.631884	1.641159	1.645797	1.623768	1.640145	1.640725	1.634783	1.634783	1.627681	1.626667	1.627246	1.637536	1.631159	1.600580	1.592464	1.550290	1.509420	1.472899	1.426667	1.379275	1.372754	1.327101	1.274638	1.251594	1.234203	1.225507	1.240580	1.171015	1.118551	1.113043	1.110290	1.072464	1.079275	1.043478	0.931015	0.666812	1.030580	0.910145	0.981014	0.895072	0.822754	0.969710	0.822899	0.715507	0.933333	0.846812	0.861449	0.660870	0.881449	0.684058	0.811594	0.683623	0.813623	0.776812	0.814493	0.591304	0.708116	0.651159	0.633768	0.639710	0.684058	0.591304	0.751015	0.594928	0.713043	0.571159	0.616812	0.635942	0.614493	0.578841	0.539130	0.531594	0.698985	0.591304	0.568551	0.642899	0.614493	0.628985	0.565363	0.684058	0.778841	0.652029	0.614493	0.591304	0.597246	0.596232	0.583768	0.759710	0.607971	0.570725	0.614638	0.684058	0.621884	0.751015	0.582754	0.620580	0.778116	0.654928	0.612029	0.782464	0.757246	0.788406	0.610725	0.574638	0.730435	0.596812	0.759710	0.822319	0.742029	0.601159	0.591304	0.718406	0.773333	0.609710	0.646667	0.605072	0.787536	0.726667	0.642464	0.759855	0.670290	0.626377	0.815942	0.591884	0.752319	0.737971	0.631014	0.764058	0.760290	0.602899	0.695797	0.800580	0.846377	0.643478	0.631594	0.628406	0.773333	0.663623	0.743623	0.764493	0.777681	0.609275	0.734783	0.672319	0.626667	0.640580	0.675942	0.652319	1.026232	0.672464	0.626087	0.635797	0.645507	0.794058	0.834783	0.747101	0.626087	0.663623	0.637681	0.584203	0.820145	0.744928	0.648985	0.653333	0.800145	0.788406	0.665362	0.847971	0.684058	0.627246	0.865797	0.647681	0.798841	0.806667	0.817391	0.637681	0.642899	0.637101	0.858116	0.660870	0.654928	0.635942	0.643478	0.805507	0.660580	0.664203	0.905072	0.915797	0.811594	0.814638	0.624928	0.885362	0.645652	0.660870	0.651449	0.684058	0.818406	0.811594	0.627681	0.869565	0.662029	0.637681	0.845507	0.707246	0.688116	0.755942	0.722899	0.921159	0.640145	0.653333	0.672899	0.808986	0.730435	0.695652	0.614058	0.671884	0.762029	0.672754	0.708116	0.665797	0.800000	0.719855	0.756667	0.756522	0.791159	0.688116	0.992898	0.687101	0.789710	0.920145	0.927246	0.603188	0.716667	0.626087	0.776812	0.781884	0.660870	0.670145	0.751159	0.986232	0.998406	0.831449	0.707681	0.672899	0.689710	0.591304	0.877536	0.694638	0.862029	0.801015	1.004202	0.709275	0.997246	1.033623	1.022319	0.695652	0.823188	0.849420	0.789275	0.749420	0.684058	0.723333	0.752319	0.798841	0.742898	1.033188	1.016812	0.773188	0.795363	0.751015	0.824928	1.007102	1.034203	0.755362	0.698985	0.733188	1.031594	0.690145	1.002899	1.062029	1.026667	0.801159	1.078841	0.856087	1.050725	0.918985	1.020290	1.008696	0.849275	1.078841	0.920145	1.072899	1.061884	1.060145	0.822319	0.848985	0.876812	1.039710	0.873333	1.095652	1.062464	1.147826	1.017536	0.824203	1.077101	0.695072	1.055072	1.079420	0.831594	1.078841	1.078261	1.031884	1.048406	1.033768	1.060870	0.953623	1.061884	1.052174	1.062029	1.064058	1.055507	1.078841	1.070145	1.081449	1.094493	1.070145	1.062029	0.842898	1.078841	1.044058	0.962319	1.063623	1.095072	1.059855	1.096232	1.097246	1.097536	1.098841	1.094493	1.147826	1.068116	1.099420	1.096812	1.122754	1.097246	1.098841	0.920145	1.110145	0.684058	1.118406	1.187536	1.150580	1.133768	1.120290	1.168551	1.147826	1.155362	1.188406	1.194203	1.153768	1.147826	1.126232	1.149275	1.148840	1.141884	1.113043	1.147826	1.135507	1.134928	1.113043	1.118406	1.125507	1.137536	1.146232	1.109855	1.118406	1.136232	1.117971	1.113043	0.881159	1.147826	1.151014	1.155507	1.167971	1.167971	1.152029	1.147826	1.176812	1.202029	1.160725	1.182609	1.181014	1.189421	1.205797	1.177246	1.165217	1.225507	1.182609	1.216232	1.204928	1.240580	1.192899	1.182609	1.192464	1.195652	1.234638	1.176812	1.182609	1.212464	1.217391	1.333333	1.182609	1.182609	1.203333	1.198840	1.161884	1.215797	1.194203	1.204493	1.209855	1.203333	1.204928	1.181014	1.205797	1.159710	1.204058	1.208696	1.238116	1.177246	1.212029	1.195072	1.217391	1.171015	1.217391	1.218116	1.182029	1.611594	1.185942	1.190145	1.240580	1.191884	1.192899	1.222754	1.211594	1.223333	1.191884	1.230580	1.197246	1.212029	1.185362	1.212029	1.209275	1.170145	1.217391	1.194203	1.239710	1.222754	1.252319	1.205507	1.251014	1.211884	1.186957	1.242464	1.208841	1.364785	1.217971	1.255942	1.195362	1.225942	1.240725	1.212464	1.228985	1.218551	1.212029	1.233188	1.220725	1.240580	1.221159	1.263768	1.227101	1.240580	1.229275	1.240580	1.263768	1.226667	1.225942	1.217971	1.244493	1.200580	1.274638	1.248406	1.222319	1.248406	1.234203	1.258116	1.230580	1.244928	1.194203	1.205797	1.229420	1.240580	1.185942	1.240580	1.220725	1.220725	1.217391	1.222754	1.221014	1.217391	1.211449	1.203623	1.229855	1.215217	1.217391	1.251449	1.202754	1.263768	1.268986	1.194493	1.207681	1.242899	1.240580	1.246667	1.212029	1.215797	1.228985	1.200000	1.181594	1.203333	1.194203	1.205942	1.565217	1.177246	1.179710	1.231159	1.192319	1.159420	1.217391	1.222754	1.203333	1.191884	1.203333	1.202899	1.173188	1.218406	1.181449	1.205507	1.225507	1.194203	1.192464	1.188841	1.222754	1.189565	1.149855	1.194638	1.220145	1.194058	1.179420	1.216377	1.202029	1.198406	1.206377	1.217391	1.194203	1.165217	1.221159	1.208116	1.202319	1.208116	1.176812	1.238116	1.206377	1.242899	1.203768	1.223333	1.238406	1.223188	1.216377	1.222319	1.228841	1.198840	1.220145	1.202754	1.214493	1.192899	1.267971	1.199275	1.211884	1.224927	1.212464	1.242319	1.211884	1.191884	1.186377	1.209855	1.221159	1.204348	1.211884	1.192319	1.194203	1.147826	1.218116	1.222754	1.240580	1.237536	1.192899	1.221884	1.202754	1.204058	1.228841	1.252174	1.221159	1.192464	1.205797	1.234638	1.231884	1.211449	1.161014	1.217391	1.204203	1.194638	1.194203	1.229275	1.205507	1.191884	1.199855	1.205797	1.205942	1.131449	1.205942	1.202899	1.181449	1.233188	1.194203	1.200000	1.191884	1.185362	1.181014	1.164203	1.208116	1.216956	1.223188	1.237536	1.192319	1.205942	1.204203	1.194058	1.192319	1.230580	1.215797	1.174493	1.238116	1.220725	1.229420	1.228841	1.199420	1.201160	1.217391	1.220145	1.231159	1.223188	1.252754	1.228261	1.222754	1.240580	1.229855	1.220725	1.244493	1.252029	1.196667	1.219275	1.206377	1.194203	1.242899	1.209275	1.240580	1.207681	1.240580	1.213768	1.220580	1.194203	1.194058	1.229275	1.238116	1.242319	1.212464	1.225507	1.309855	1.235362	1.258116	1.257971	1.229420	1.216232	1.189710	1.130290	1.220580	1.198986	1.234638	1.244927	1.230580	1.252319	1.240580	1.217391	1.240580	1.246812	1.237681	1.217391	1.244203	1.212464	1.252174	1.252174	1.240580	1.241884	1.231884	1.259710	1.243478	1.248551	1.248406	1.513043	1.245072	1.240725	1.229855	1.238841	1.235362	1.225507	1.241884	1.230580	1.257681	1.248986	1.251594	1.241884	1.273623	1.263768	1.283188	1.256667	1.240580	1.263768	1.263188	1.246232	1.252174	1.252754	1.217391	1.286957	1.246232	1.282174	1.263768	1.258116	1.283768	1.248406	1.252754	1.242319	1.242464	1.269710	1.272464	1.240580	1.240580	1.248406	1.238551	1.248551	1.240580	1.240580	1.199420	1.238116	1.220290	0.894493	1.240580	1.255072	1.238116	1.240580	1.242899	1.231884	1.246377	1.252174	1.234203	1.234638	1.244638	1.240290	1.258841	1.281594	1.268406	1.286957	1.283188	1.265942	1.257681	1.296377	1.272464	1.281594	1.265942	1.263768	1.246812	1.268986	1.257246	1.253333	1.298551	1.281884	1.266812	1.257246	1.262464	1.242319	1.268551	1.217391	1.240580	1.240580	1.266812	1.240290	1.226667	1.246667	1.267971	1.222319	1.252174	1.254928	1.274638	1.274493	1.263768	1.263768	1.252029	1.257246	1.261014	1.286957	1.271884	1.240580	1.285797	1.264203	1.286232	1.286957	1.257246	1.286812	1.272899	1.264638	1.278841	1.242319	1.253768	1.240580	1.275507	1.268116	1.292464	1.261014	0.929275	1.281014	1.255507	1.296377	1.257681	1.283188	1.286957	1.333333	1.286377	1.292464	1.262464	1.240580	1.256667	1.333333	1.248406	1.333333	1.252754	1.246667	1.257681	1.211449	1.216667	1.223623	1.217391	1.240290	1.217391	1.217391	1.216377	0.875507	0.931015	1.199420	1.240580	1.224493	1.223188	1.200145	1.190290	1.192319	1.220145	0.985507	1.217391	1.217391	0.894058	1.229855	1.224927	1.222319	1.225362	0.837681	1.217391	1.203188	1.228985	1.204928	1.225507	1.229855	1.147826
%%%	Left Pupil Profile (1st row -> 1 == valid tracking, 0 == invalid tracking; 2nd row -> time; 3rd row -> diameter (mm))
%%%	0	0	0	0	0	0	0	0	0	0	0	0	0	0	0	0	0	0	0	0	0	0	0	0	0	0	0	0	0	0	0	0	0	0	0	0	0	0	0	0	0	0	0	0	0	0	0	0	0	0	0	0	0	0	0	0	0	0	0	0	0	0	0	0	0	0	0	0	0	0	0	0	0	0	0	0	0	0	0	0	0	0	0	0	0	0	0	0	0	0	0	0	0	0	0	0	0	0	0	0	0	0	0	0	0	0	0	0	0	0	0	0	0	0	0	0	0	0	0	0	0	0	0	0	0	0	0	0	0	0	0	0	0	0	0	0	0	0	0	0	0	0	0	0	0	0	0	0	0	0	0	0	0	0	0	0	0	0	0	0	0	0	0	0	0	0	0	0	0	0	0	0	0	0	0	0	0	0	0	0	0	0	0	0	0	0	0	0	0	0	0	0	0	0	0	0	0	0	0	0	0	0	0	0	0	0	0	0	0	0	0	0	0	0	0	0	0	0	0	0	0	0	0	0	0	0	0	0	0	0	0	0	0	0	0	0	0	0	0	0	0	0	0	0	0	0	0	0	0	0	0	0	0	0	0	0	0	0	0	0	0	0	0	0	0	0	0	0	0	0	0	0	0	0	0	0	0	0	0	0	0	0	0	0	0	0	0	0	0	0	0	0	0	0	0	0	0	0	0	0	0	0	0	0	0	0	0	0	0	0	0	0	0	0	0	0	0	0	0	0	0	0	0	0	0	0	0	0	0	0	0	0	0	0	0	0	0	0	0	0	0	0	0	0	0	0	0	0	0	0	0	0	0	0	0	0	0	0	0	0	0	0	0	0	0	0	0	0	0	0	0	0	0	0	0	0	0	0	0	0	0	0	0	0	0	0	0	0	0	0	0	0	0	0	0	0	0	0	0	0	0	0	0	0	0	0	0	0	0	0	0	0	0	0	0	0	0	0	0	0	0	0	0	0	0	0	0	0	0	0	0	0	0	0	0	0	0	0	0	0	0	0	0	0	0	0	0	0	0	0	0	0	0	0	0	0	0	0	0	0	0	0	0	0	0	0	0	0	0	0	0	0	0	0	0	0	0	0	0	0	0	0	0	0	0	0	0	0	0	0	0	0	0	0	0	0	0	0	0	0	0	0	0	0	0	0	0	0	0	0	0	0	0	0	0	0	0	0	0	0	0	0	0	0	0	0	0	0	0	0	0	0	0	0	0	0	0	0	0	0	0	0	0	0	0	0	0	0	0	0	0	0	0	0	0	0	0	0	0	0	0	0	0	0	0	0	0	0	0	0	0	0	0	0	0	0	0	0	0	0	0	0	0	0	0	0	0	0	0	0	0	0	0	0	0	0	0	0	0	0	0	0	0	0	0	0	0	0	0	0	0	0	0	0	0	0	0	0	0	0	0	0	0	0	0	0	0	0	0	0	0	0	0	0	0	0	0	0	0	0	0	0	0	0	0	0	0	0	0	0	0	0	0	0	0	0	0	0	0	0	0	0	0	0	0	0	0	0	0	0	0	0	0	0	0	0	0	0	0	0	0	0	0	0	0	0	0	0	0	0	0	0	0	0	0	0	0	0	0	0	0	0	0	0	0	0	0	0	0	0	0	0	0	0	0	0	0	0	0	0	0	0	0	0	0	0	0	0	0	0	0	0	0	0	0	0	0	0	0	0	0	0	0	0	0	0	0	0	0	0	0	0	0	0	0	0	0	0	0	0	0	0	0	0	0	0	0	0	0	0	0	0	0	0	0	0	0	0	0	0	0	0	0	0	0	0	0	0	0	0	0	0	0	0	0	0	0	0	0	0	0	0	0	0	0	0	0	0	0	0	0	0	0	0	0	0	0	0	0	0	0	0	0	0	0	0	0	0	0	0	0	0	0	0	0	0	0	0	0	0	0	0	0	0	0	0	0	0	0	0	0	0	0	0	0	0	0	0	0	0	0	0	0	0	0	0	0	0	0	0	0	0	0	0	0	0	0	0	0	0	0	0	0	0	0	0	0	0	0	0	0	0	0	0	0	0	0	0	0	0	0	0
%%%	-0.051000	-0.019000	0.012000	0.043000	0.074000	0.105000	0.152000	0.183000	0.215000	0.246000	0.277000	0.308000	0.339000	0.371000	0.417000	0.449000	0.480000	0.511000	0.542000	0.573000	0.605000	0.651000	0.683000	0.714000	0.745000	0.776000	0.807000	0.839000	0.885000	0.917000	0.948000	0.979000	1.010000	1.041000	1.073000	1.104000	1.151000	1.182000	1.213000	1.244000	1.275000	1.307000	1.338000	1.385000	1.416000	1.447000	1.478000	1.509000	1.541000	1.572000	1.619000	1.650000	1.681000	1.712000	1.743000	1.775000	1.806000	1.837000	1.884000	1.915000	1.946000	1.977000	2.009000	2.040000	2.071000	2.118000	2.149000	2.180000	2.211000	2.243000	2.274000	2.305000	2.336000	2.383000	2.414000	2.445000	2.477000	2.508000	2.539000	2.570000	2.617000	2.648000	2.679000	2.711000	2.742000	2.773000	2.804000	2.851000	2.882000	2.913000	2.945000	2.976000	3.007000	3.038000	3.069000	3.116000	3.147000	3.179000	3.210000	3.241000	3.272000	3.303000	3.350000	3.381000	3.413000	3.444000	3.475000	3.506000	3.537000	3.569000	3.615000	3.647000	3.678000	3.709000	3.740000	3.771000	3.803000	3.849000	3.881000	3.912000	3.943000	3.974000	4.005000	4.037000	4.083000	4.115000	4.146000	4.177000	4.208000	4.239000	4.271000	4.302000	4.349000	4.380000	4.411000	4.442000	4.473000	4.505000	4.536000	4.583000	4.614000	4.645000	4.676000	4.707000	4.739000	4.770000	4.817000	4.848000	4.879000	4.910000	4.941000	4.973000	5.004000	5.035000	5.082000	5.113000	5.144000	5.175000	5.207000	5.238000	5.269000	5.316000	5.347000	5.378000	5.409000	5.441000	5.472000	5.503000	5.550000	5.581000	5.612000	5.643000	5.675000	5.706000	5.737000	5.768000	5.815000	5.846000	5.877000	5.909000	5.940000	5.971000	6.002000	6.049000	6.080000	6.111000	6.143000	6.174000	6.205000	6.236000	6.267000	6.314000	6.345000	6.377000	6.408000	6.439000	6.470000	6.501000	6.548000	6.579000	6.611000	6.642000	6.673000	6.704000	6.735000	6.782000	6.813000	6.845000	6.876000	6.907000	6.938000	6.969000	7.001000	7.047000	7.079000	7.110000	7.141000	7.172000	7.203000	7.235000	7.281000	7.313000	7.344000	7.375000	7.406000	7.437000	7.469000	7.515000	7.547000	7.578000	7.609000	7.640000	7.671000	7.703000	7.734000	7.781000	7.812000	7.843000	7.874000	7.905000	7.937000	7.968000	8.015000	8.046000	8.077000	8.108000	8.139000	8.171000	8.202000	8.233000	8.280000	8.311000	8.342000	8.373000	8.405000	8.436000	8.467000	8.514000	8.545000	8.576000	8.607000	8.639000	8.670000	8.701000	8.748000	8.779000	8.810000	8.841000	8.873000	8.904000	8.935000	8.966000	9.013000	9.044000	9.075000	9.107000	9.138000	9.169000	9.200000	9.247000	9.278000	9.309000	9.341000	9.372000	9.403000	9.434000	9.481000	9.512000	9.543000	9.575000	9.606000	9.637000	9.668000	9.699000	9.746000	9.777000	9.809000	9.840000	9.871000	9.902000	9.933000	9.980000	10.011000	10.043000	10.074000	10.105000	10.136000	10.167000	10.199000	10.245000	10.277000	10.308000	10.339000	10.370000	10.401000	10.433000	10.479000	10.511000	10.542000	10.573000	10.604000	10.635000	10.667000	10.713000	10.745000	10.776000	10.807000	10.838000	10.869000	10.901000	10.932000	10.979000	11.010000	11.041000	11.072000	11.103000	11.135000	11.166000	11.213000	11.244000	11.275000	11.306000	11.337000	11.369000	11.400000	11.447000	11.478000	11.509000	11.540000	11.571000	11.603000	11.634000	11.665000	11.712000	11.743000	11.774000	11.805000	11.837000	11.868000	11.899000	11.946000	11.977000	12.008000	12.039000	12.071000	12.102000	12.133000	12.180000	12.211000	12.242000	12.273000	12.305000	12.336000	12.367000	12.398000	12.445000	12.476000	12.507000	12.539000	12.570000	12.601000	12.632000	12.679000	12.710000	12.741000	12.773000	12.804000	12.835000	12.866000	12.913000	12.944000	12.975000	13.007000	13.038000	13.069000	13.100000	13.131000	13.178000	13.209000	13.241000	13.272000	13.303000	13.334000	13.365000	13.412000	13.443000	13.475000	13.506000	13.537000	13.568000	13.599000	13.631000	13.677000	13.709000	13.740000	13.771000	13.802000	13.833000	13.865000	13.911000	13.943000	13.974000	14.005000	14.036000	14.067000	14.099000	14.130000	14.177000	14.208000	14.239000	14.270000	14.301000	14.333000	14.364000	14.411000	14.442000	14.473000	14.504000	14.535000	14.567000	14.598000	14.645000	14.676000	14.707000	14.738000	14.769000	14.801000	14.832000	14.863000	14.910000	14.941000	14.972000	15.003000	15.035000	15.066000	15.097000	15.144000	15.175000	15.206000	15.237000	15.269000	15.300000	15.331000	15.378000	15.409000	15.440000	15.471000	15.503000	15.534000	15.565000	15.596000	15.643000	15.674000	15.705000	15.737000	15.768000	15.799000	15.830000	15.877000	15.908000	15.939000	15.971000	16.002000	16.033000	16.064000	16.111000	16.142000	16.173000	16.205000	16.236000	16.267000	16.298000	16.329000	16.376000	16.407000	16.439000	16.470000	16.501000	16.532000	16.563000	16.610000	16.641000	16.673000	16.704000	16.735000	16.766000	16.797000	16.844000	16.875000	16.907000	16.938000	16.969000	17.000000	17.031000	17.063000	17.109000	17.141000	17.172000	17.203000	17.234000	17.265000	17.297000	17.343000	17.375000	17.406000	17.437000	17.468000	17.499000	17.531000	17.577000	17.609000	17.640000	17.671000	17.702000	17.733000	17.765000	17.796000	17.843000	17.874000	17.905000	17.936000	17.967000	17.999000	18.030000	18.061000	18.108000	18.139000	18.170000	18.201000	18.233000	18.264000	18.295000	18.342000	18.373000	18.404000	18.435000	18.467000	18.498000	18.529000	18.576000	18.607000	18.638000	18.669000	18.701000	18.732000	18.763000	18.794000	18.841000	18.872000	18.903000	18.935000	18.966000	18.997000	19.028000	19.075000	19.106000	19.137000	19.169000	19.200000	19.231000	19.262000	19.309000	19.340000	19.371000	19.403000	19.434000	19.465000	19.496000	19.527000	19.574000	19.605000	19.637000	19.668000	19.699000	19.730000	19.761000	19.808000	19.839000	19.871000	19.902000	19.933000	19.964000	19.995000	20.042000	20.073000	20.105000	20.136000	20.167000	20.198000	20.229000	20.261000	20.307000	20.339000	20.370000	20.401000	20.432000	20.463000	20.495000	20.541000	20.573000	20.604000	20.635000	20.666000	20.697000	20.729000	20.775000	20.807000	20.838000	20.869000	20.900000	20.931000	20.963000	20.994000	21.041000	21.072000	21.103000	21.134000	21.165000	21.197000	21.228000	21.275000	21.306000	21.337000	21.368000	21.399000	21.431000	21.462000	21.509000	21.540000	21.571000	21.602000	21.633000	21.665000	21.696000	21.727000	21.774000	21.805000	21.836000	21.867000	21.899000	21.930000	21.961000	21.992000	22.039000	22.070000	22.101000	22.133000	22.164000	22.195000	22.226000	22.273000	22.304000	22.335000	22.367000	22.398000	22.429000	22.460000	22.507000	22.538000	22.569000	22.601000	22.632000	22.663000	22.694000	22.725000	22.772000	22.803000	22.835000	22.866000	22.897000	22.928000	22.959000	23.006000	23.037000	23.069000	23.100000	23.131000	23.162000	23.193000	23.240000	23.271000	23.303000	23.334000	23.365000	23.396000	23.428000	23.459000	23.506000	23.537000	23.568000	23.599000	23.630000	23.662000	23.693000	23.740000	23.771000	23.802000	23.833000	23.864000	23.896000	23.927000	23.974000	24.005000	24.036000	24.067000	24.098000	24.130000	24.161000	24.192000	24.239000	24.270000	24.301000	24.332000	24.364000	24.395000	24.426000	24.473000	24.504000	24.535000	24.566000	24.598000	24.629000	24.660000	24.707000	24.738000	24.769000	24.800000	24.832000	24.863000	24.894000	24.925000	24.972000	25.003000	25.034000	25.066000	25.097000	25.128000	25.159000	25.206000	25.237000	25.268000	25.300000	25.331000	25.362000	25.393000	25.440000	25.471000	25.502000	25.534000	25.565000	25.596000	25.627000	25.658000	25.705000	25.736000	25.768000	25.799000	25.830000	25.861000	25.892000	25.939000	25.970000	26.002000	26.033000	26.064000	26.095000	26.126000	26.158000	26.204000	26.236000	26.267000	26.298000	26.329000	26.360000	26.392000	26.438000	26.470000	26.501000	26.532000	26.563000	26.594000	26.626000	26.657000	26.704000	26.735000	26.766000	26.797000	26.828000	26.860000	26.891000	26.938000	26.969000	27.000000	27.031000	27.062000	27.094000	27.125000	27.172000	27.203000	27.234000	27.265000	27.296000	27.328000	27.359000	27.390000	27.437000	27.468000	27.499000	27.530000	27.562000	27.593000	27.624000	27.671000	27.702000	27.733000	27.764000	27.796000	27.827000	27.858000	27.905000	27.936000	27.967000	27.998000	28.030000	28.061000	28.092000	28.123000	28.170000	28.201000	28.232000	28.264000	28.295000	28.326000	28.357000	28.404000	28.435000	28.466000	28.498000	28.529000	28.560000	28.591000	28.638000	28.669000	28.700000	28.732000	28.763000	28.794000	28.825000	28.856000	28.903000	28.934000	28.966000	28.997000	29.028000	29.059000	29.090000	29.137000	29.168000	29.200000	29.231000	29.262000	29.293000	29.324000	29.371000	29.402000	29.434000	29.465000	29.496000	29.527000	29.558000	29.590000	29.636000	29.668000	29.699000	29.730000	29.761000	29.792000	29.824000	29.870000	29.902000	29.933000	29.964000
%%%	13.913043	13.913043	13.913043	13.913043	13.913043	13.913043	13.913043	13.913043	13.913043	13.913043	13.913043	13.913043	13.913043	13.913043	13.913043	13.913043	13.913043	13.913043	13.913043	13.913043	13.913043	13.913043	13.913043	13.913043	13.913043	13.913043	13.913043	13.913043	13.913043	13.913043	13.913043	13.913043	13.913043	13.913043	13.913043	13.913043	13.913043	13.913043	13.913043	13.913043	13.913043	13.913043	13.913043	13.913043	13.913043	13.913043	13.913043	13.913043	13.913043	13.913043	13.913043	13.913043	13.913043	13.913043	13.913043	13.913043	13.913043	13.913043	13.913043	13.913043	13.913043	13.913043	13.913043	13.913043	13.913043	13.913043	13.913043	13.913043	13.913043	13.913043	13.913043	13.913043	13.913043	13.913043	13.913043	13.913043	13.913043	13.913043	13.913043	13.913043	13.913043	13.913043	13.913043	13.913043	13.913043	13.913043	13.913043	13.913043	13.913043	13.913043	13.913043	13.913043	13.913043	13.913043	13.913043	13.913043	13.913043	13.913043	13.913043	13.913043	13.913043	13.913043	13.913043	13.913043	13.913043	13.913043	13.913043	13.913043	13.913043	13.913043	13.913043	13.913043	13.913043	13.913043	13.913043	13.913043	13.913043	13.913043	13.913043	13.913043	13.913043	13.913043	13.913043	13.913043	13.913043	13.913043	13.913043	13.913043	13.913043	13.913043	13.913043	13.913043	13.913043	13.913043	13.913043	13.913043	13.913043	13.913043	13.913043	13.913043	13.913043	13.913043	13.913043	13.913043	13.913043	13.913043	13.913043	13.913043	13.913043	13.913043	13.913043	13.913043	13.913043	13.913043	13.913043	13.913043	13.913043	13.913043	13.913043	13.913043	13.913043	13.913043	13.913043	13.913043	13.913043	13.913043	13.913043	13.913043	13.913043	13.913043	13.913043	13.913043	13.913043	13.913043	13.913043	13.913043	13.913043	13.913043	13.913043	13.913043	13.913043	13.913043	13.913043	13.913043	13.913043	13.913043	13.913043	13.913043	13.913043	13.913043	13.913043	13.913043	13.913043	13.913043	13.913043	13.913043	13.913043	13.913043	13.913043	13.913043	13.913043	13.913043	13.913043	13.913043	13.913043	13.913043	13.913043	13.913043	13.913043	13.913043	13.913043	13.913043	13.913043	13.913043	13.913043	13.913043	13.913043	13.913043	13.913043	13.913043	13.913043	13.913043	13.913043	13.913043	13.913043	13.913043	13.913043	13.913043	13.913043	13.913043	13.913043	13.913043	13.913043	13.913043	13.913043	13.913043	13.913043	13.913043	13.913043	13.913043	13.913043	13.913043	13.913043	13.913043	13.913043	13.913043	13.913043	13.913043	13.913043	13.913043	13.913043	13.913043	13.913043	13.913043	13.913043	13.913043	13.913043	13.913043	13.913043	13.913043	13.913043	13.913043	13.913043	13.913043	13.913043	13.913043	13.913043	13.913043	13.913043	13.913043	13.913043	13.913043	13.913043	13.913043	13.913043	13.913043	13.913043	13.913043	13.913043	13.913043	13.913043	13.913043	13.913043	13.913043	13.913043	13.913043	13.913043	13.913043	13.913043	13.913043	13.913043	13.913043	13.913043	13.913043	13.913043	13.913043	13.913043	13.913043	13.913043	13.913043	13.913043	13.913043	13.913043	13.913043	13.913043	13.913043	13.913043	13.913043	13.913043	13.913043	13.913043	13.913043	13.913043	13.913043	13.913043	13.913043	13.913043	13.913043	13.913043	13.913043	13.913043	13.913043	13.913043	13.913043	13.913043	13.913043	13.913043	13.913043	13.913043	13.913043	13.913043	13.913043	13.913043	13.913043	13.913043	13.913043	13.913043	13.913043	13.913043	13.913043	13.913043	13.913043	13.913043	13.913043	13.913043	13.913043	13.913043	13.913043	13.913043	13.913043	13.913043	13.913043	13.913043	13.913043	13.913043	13.913043	13.913043	13.913043	13.913043	13.913043	13.913043	13.913043	13.913043	13.913043	13.913043	13.913043	13.913043	13.913043	13.913043	13.913043	13.913043	13.913043	13.913043	13.913043	13.913043	13.913043	13.913043	13.913043	13.913043	13.913043	13.913043	13.913043	13.913043	13.913043	13.913043	13.913043	13.913043	13.913043	13.913043	13.913043	13.913043	13.913043	13.913043	13.913043	13.913043	13.913043	13.913043	13.913043	13.913043	13.913043	13.913043	13.913043	13.913043	13.913043	13.913043	13.913043	13.913043	13.913043	13.913043	13.913043	13.913043	13.913043	13.913043	13.913043	13.913043	13.913043	13.913043	13.913043	13.913043	13.913043	13.913043	13.913043	13.913043	13.913043	13.913043	13.913043	13.913043	13.913043	13.913043	13.913043	13.913043	13.913043	13.913043	13.913043	13.913043	13.913043	13.913043	13.913043	13.913043	13.913043	13.913043	13.913043	13.913043	13.913043	13.913043	13.913043	13.913043	13.913043	13.913043	13.913043	13.913043	13.913043	13.913043	13.913043	13.913043	13.913043	13.913043	13.913043	13.913043	13.913043	13.913043	13.913043	13.913043	13.913043	13.913043	13.913043	13.913043	13.913043	13.913043	13.913043	13.913043	13.913043	13.913043	13.913043	13.913043	13.913043	13.913043	13.913043	13.913043	13.913043	13.913043	13.913043	13.913043	13.913043	13.913043	13.913043	13.913043	13.913043	13.913043	13.913043	13.913043	13.913043	13.913043	13.913043	13.913043	13.913043	13.913043	13.913043	13.913043	13.913043	13.913043	13.913043	13.913043	13.913043	13.913043	13.913043	13.913043	13.913043	13.913043	13.913043	13.913043	13.913043	13.913043	13.913043	13.913043	13.913043	13.913043	13.913043	13.913043	13.913043	13.913043	13.913043	13.913043	13.913043	13.913043	13.913043	13.913043	13.913043	13.913043	13.913043	13.913043	13.913043	13.913043	13.913043	13.913043	13.913043	13.913043	13.913043	13.913043	13.913043	13.913043	13.913043	13.913043	13.913043	13.913043	13.913043	13.913043	13.913043	13.913043	13.913043	13.913043	13.913043	13.913043	13.913043	13.913043	13.913043	13.913043	13.913043	13.913043	13.913043	13.913043	13.913043	13.913043	13.913043	13.913043	13.913043	13.913043	13.913043	13.913043	13.913043	13.913043	13.913043	13.913043	13.913043	13.913043	13.913043	13.913043	13.913043	13.913043	13.913043	13.913043	13.913043	13.913043	13.913043	13.913043	13.913043	13.913043	13.913043	13.913043	13.913043	13.913043	13.913043	13.913043	13.913043	13.913043	13.913043	13.913043	13.913043	13.913043	13.913043	13.913043	13.913043	13.913043	13.913043	13.913043	13.913043	13.913043	13.913043	13.913043	13.913043	13.913043	13.913043	13.913043	13.913043	13.913043	13.913043	13.913043	13.913043	13.913043	13.913043	13.913043	13.913043	13.913043	13.913043	13.913043	13.913043	13.913043	13.913043	13.913043	13.913043	13.913043	13.913043	13.913043	13.913043	13.913043	13.913043	13.913043	13.913043	13.913043	13.913043	13.913043	13.913043	13.913043	13.913043	13.913043	13.913043	13.913043	13.913043	13.913043	13.913043	13.913043	13.913043	13.913043	13.913043	13.913043	13.913043	13.913043	13.913043	13.913043	13.913043	13.913043	13.913043	13.913043	13.913043	13.913043	13.913043	13.913043	13.913043	13.913043	13.913043	13.913043	13.913043	13.913043	13.913043	13.913043	13.913043	13.913043	13.913043	13.913043	13.913043	13.913043	13.913043	13.913043	13.913043	13.913043	13.913043	13.913043	13.913043	13.913043	13.913043	13.913043	13.913043	13.913043	13.913043	13.913043	13.913043	13.913043	13.913043	13.913043	13.913043	13.913043	13.913043	13.913043	13.913043	13.913043	13.913043	13.913043	13.913043	13.913043	13.913043	13.913043	13.913043	13.913043	13.913043	13.913043	13.913043	13.913043	13.913043	13.913043	13.913043	13.913043	13.913043	13.913043	13.913043	13.913043	13.913043	13.913043	13.913043	13.913043	13.913043	13.913043	13.913043	13.913043	13.913043	13.913043	13.913043	13.913043	13.913043	13.913043	13.913043	13.913043	13.913043	13.913043	13.913043	13.913043	13.913043	13.913043	13.913043	13.913043	13.913043	13.913043	13.913043	13.913043	13.913043	13.913043	13.913043	13.913043	13.913043	13.913043	13.913043	13.913043	13.913043	13.913043	13.913043	13.913043	13.913043	13.913043	13.913043	13.913043	13.913043	13.913043	13.913043	13.913043	13.913043	13.913043	13.913043	13.913043	13.913043	13.913043	13.913043	13.913043	13.913043	13.913043	13.913043	13.913043	13.913043	13.913043	13.913043	13.913043	13.913043	13.913043	13.913043	13.913043	13.913043	13.913043	13.913043	13.913043	13.913043	13.913043	13.913043	13.913043	13.913043	13.913043	13.913043	13.913043	13.913043	13.913043	13.913043	13.913043	13.913043	13.913043	13.913043	13.913043	13.913043	13.913043	13.913043	13.913043	13.913043	13.913043	13.913043	13.913043	13.913043	13.913043	13.913043	13.913043	13.913043	13.913043	13.913043	13.913043	13.913043	13.913043	13.913043	13.913043	13.913043	13.913043	13.913043	13.913043	13.913043	13.913043	13.913043	13.913043	13.913043	13.913043	13.913043	13.913043	13.913043	13.913043	13.913043	13.913043	13.913043	13.913043	13.913043	13.913043	13.913043	13.913043	13.913043	13.913043	13.913043	13.913043	13.913043	13.913043	13.913043	13.913043	13.913043	13.913043	13.913043	13.913043	13.913043	13.913043	13.913043	13.913043	13.913043	13.913043	13.913043	13.913043	13.913043	13.913043	13.913043	13.913043	13.913043	13.913043	13.913043	13.913043	13.913043	13.913043	13.913043	13.913043	13.913043	13.913043	13.913043	13.913043	13.913043	13.913043	13.913043	13.913043	13.913043	13.913043	13.913043	13.913043	13.913043	13.913043	13.913043
%%%	Pulse Index	Stimulus Section Index	Stimulus Section Start Index	Stimulus Section End Index	Pupil Stimulated: 0 = Right, 1 = Left, 2 = Both	Light Metric: 0 = Photopic, 1 = Scopotic, 2 = Radiometric	Stimulus Start Time	Stimulus Duration	Stimulus Pulse Duration	Right Pulse Max Level	Right Pulse Max Color (0123 = WRGB)	Right Pulse Min Level	Right Pulse Min Color (0123 = WRGB)	Left Pulse Max Level	Left Pulse Max Color (0123 = WRGB)	Left Pulse Min Level	Left Pulse Min Color (0123 = WRGB)	Right Data Input Type (0 == RAW DATA, 1 == FITTED DATA, 2 == M. OVERRIDED)	Right ANALYSIS STATE (0 == ABNORMAL, 1 == NORMAL)	Right MAX (mm) (EMPTY if INVALID)	Right MIN (mm) (EMPTY if INVALID)	Right DELTA (mm) (EMPTY if INVALID)	Right CH (%) (EMPTY if INVALID)	Right LAT (sec) (EMPTY if INVALID)	Right CV (mm/s) (EMPTY if INVALID)	Right MCV (mm/s) (EMPTY if INVALID)	Right DV (mm/s) (EMPTY if INVALID)	Left Data Input Type (0 == RAW DATA, 1 == FITTED DATA, 2 == M. OVERRIDED)	Left ANALYSIS STATE (0 == ABNORMAL, 1 == NORMAL)	Left MAX (mm) (EMPTY if INVALID)	Left MIN (mm) (EMPTY if INVALID)	Left DELTA (mm) (EMPTY if INVALID)	Left CH (%) (EMPTY if INVALID)	Left LAT (sec) (EMPTY if INVALID)	Left CV (mm/s) (EMPTY if INVALID)	Left MCV (mm/s) (EMPTY if INVALID)	Left DV (mm/s) (EMPTY if INVALID)
%%%	0	0	17	902	0	0	0.51	29.52	0.51	100.06	3	0.00	3	0.00	3	0.00	3	0	0	0.00	0.00			0.00	0.00	0.00	0.00	0	0	0.00	0.00			0.00	0.00	0.00	0.00
%%%%%%%%%
%%%%%%%%%
%%%%%%%%%
<\SESSION>
