<SESSION>
<VERSION>
2
<\VERSION>
<DATE>
2017-09-05 09:59:31
<\DATE>
<SUBJECT-ID>
c57-1mois-F1-2b
<\SUBJECT-ID>
<NOTE>

<\NOTE>
<MIN-MAX-PLOT>
0.100000 51880.761719
<\MIN-MAX-PLOT>
<STIMULUS-DEFINED>
Default
Default Human Relative Spectral Sensitivity
1	0
1	0.500000	0.500000	29.000000	3	3	2.000000	-100.000000	0.100000	-100.000000	0
<\STIMULUS-DEFINED>
<STIMULUS-GENERATED>
4
0	0	0.000000	3	0.000000	0.000000	3	0.000000	0.000000
0	1	0.509000	3	1.893833	100.059952	3	0.000000	0.000000
0	4	1.018000	3	0.000000	0.000000	3	0.000000	0.000000
-1	5	30.027000	0	0.000000	0.000000	0	0.000000	0.000000
<\STIMULUS-GENERATED>
<RIGHT-PUPIL-DATA>
903	1
1	-0.065000	1.565797	377.500000	270.537476
1	-0.018000	1.565217	376.500000	270.500000
1	0.013000	1.566812	377.518738	270.531250
1	0.044000	1.565797	377.500000	270.500000
1	0.075000	1.565797	378.250000	270.500000
1	0.106000	1.584928	377.824982	269.975006
1	0.138000	1.575073	377.600006	270.149994
1	0.169000	1.547826	377.500000	270.000000
1	0.216000	1.538406	377.656219	269.893707
1	0.247000	1.568551	378.243744	270.056244
1	0.278000	1.539855	377.893738	270.956238
1	0.309000	1.579855	377.906250	271.031250
1	0.340000	1.583623	378.006256	271.881256
1	0.372000	1.566232	377.743744	271.931244
1	0.403000	1.565217	378.500000	272.500000
1	0.450000	1.562029	378.337494	271.662506
1	0.481000	1.542029	376.500000	272.500000
1	0.512000	1.568406	377.962494	271.412506
1	0.543000	1.621159	378.500000	271.625000
1	0.574000	1.575073	377.850006	271.600006
1	0.606000	1.575073	378.850006	272.399994
1	0.637000	1.576667	378.293762	272.893738
1	0.668000	1.583623	378.006256	272.881256
1	0.715000	1.562029	378.337494	272.662506
1	0.746000	1.565797	377.500000	273.750000
1	0.777000	1.570145	378.062500	273.562500
1	0.808000	1.575073	377.850006	273.350006
1	0.840000	1.567826	378.400024	273.249939
1	0.871000	1.578841	377.937500	273.062500
1	0.902000	1.522464	377.918762	273.143738
1	0.949000	1.498986	378.368744	273.681244
1	0.980000	1.485942	378.368744	273.506256
1	1.011000	1.449275	378.750000	272.750000
1	1.042000	1.414203	378.100006	273.600006
1	1.074000	1.388551	377.718750	274.081238
1	1.105000	1.344638	377.662506	274.662506
1	1.136000	1.331884	377.612488	275.387512
1	1.167000	1.307101	378.268738	275.156250
1	1.214000	1.292464	377.912506	276.087494
1	1.245000	1.246232	378.043762	275.981262
1	1.276000	1.217246	378.193756	276.256256
0	1.308000	0.730435	387.000000	273.000000
1	1.339000	1.207101	378.343750	275.718750
1	1.370000	1.135797	379.193756	276.193756
1	1.401000	1.142464	378.806244	275.931244
1	1.448000	1.131449	378.881256	276.743744
1	1.479000	1.122899	378.587524	277.287476
0	1.510000	0.616667	386.293762	273.106262
0	1.542000	0.901449	381.049988	280.000122
0	1.573000	0.672899	384.818756	277.181244
0	1.604000	0.871159	381.843750	279.218750
1	1.635000	1.044638	378.024994	278.524994
0	1.682000	0.911449	379.718750	280.393738
0	1.713000	0.985507	380.500000	276.500000
0	1.744000	0.800000	384.500000	280.500000
0	1.776000	0.931015	380.624969	280.375031
0	1.807000	0.823188	382.000000	280.000000
1	1.838000	0.933768	379.368744	279.056244
0	1.869000	0.902753	380.531342	280.456207
1	1.900000	0.843478	380.500000	280.250000
1	1.947000	0.914203	379.649994	279.887482
1	1.978000	0.835362	381.000000	280.000000
0	2.010000	0.452174	386.500000	282.500000
1	2.041000	0.821159	380.237488	280.687500
1	2.072000	0.831015	381.437500	280.437500
1	2.103000	0.793768	380.143768	280.018768
0	2.134000	0.777681	381.187500	280.312500
0	2.181000	0.494493	385.975006	278.399994
0	2.212000	0.496956	385.443542	277.418701
0	2.244000	0.481594	386.868744	278.993744
0	2.275000	0.730435	380.500000	280.500000
0	2.306000	0.730435	380.500000	280.500000
1	2.337000	0.770725	380.399994	280.949982
1	2.368000	0.755797	380.543762	280.493774
0	2.415000	0.507681	385.131256	280.681244
0	2.446000	0.483768	385.012482	279.087494
1	2.478000	0.770145	380.375000	280.312500
0	2.509000	0.752899	380.656250	279.581238
0	2.540000	0.347826	408.281250	262.718750
0	2.571000	0.459275	384.593750	273.593750
0	2.602000	0.457536	408.681244	256.631256
0	2.634000	0.434783	385.437500	275.687500
1	2.680000	0.749855	379.774994	280.612518
1	2.712000	0.790290	380.318756	279.993744
1	2.743000	0.750145	379.662506	280.412506
0	2.774000	0.416232	385.012482	279.824982
1	2.805000	0.748406	379.612488	279.375000
1	2.836000	0.735797	379.381256	279.756256
1	2.868000	0.724638	380.062500	279.062500
0	2.914000	0.453043	385.374969	275.737518
0	2.946000	0.751015	379.537506	280.537506
0	2.977000	0.559855	383.056244	277.756256
0	3.008000	0.412029	385.056244	281.693756
1	3.039000	0.742319	379.662506	281.662506
0	3.070000	0.730435	380.500000	282.500000
1	3.102000	0.777536	380.831238	281.168762
0	3.133000	0.479855	385.156250	275.893738
0	3.180000	0.438551	384.437500	283.562500
0	3.211000	0.592464	383.350006	278.225006
1	3.242000	0.811884	380.687408	281.287506
1	3.273000	0.752754	380.437500	281.437500
0	3.304000	0.352899	408.956238	260.956238
1	3.336000	0.831159	379.956238	281.418762
1	3.367000	0.814058	380.193756	281.693756
1	3.414000	0.811594	379.500000	281.500000
0	3.445000	0.759275	380.468750	282.218750
0	3.476000	0.347826	401.343750	259.656250
0	3.507000	0.353623	402.568481	256.081116
1	3.538000	0.804348	380.000000	281.875000
0	3.570000	0.731014	381.562500	279.500000
1	3.601000	0.809420	379.768738	281.206238
0	3.648000	0.800000	380.500000	280.500000
0	3.679000	0.394058	385.843750	274.156250
0	3.710000	0.742319	381.662506	281.662506
0	3.741000	0.508986	386.650085	280.349854
0	3.772000	0.625507	384.000000	277.500000
1	3.804000	0.801015	381.168732	279.993744
0	3.835000	0.484928	386.037506	276.712494
0	3.866000	0.800000	381.500000	281.500000
0	3.913000	0.452174	386.500000	282.500000
0	3.944000	0.568551	385.118744	277.881256
0	3.975000	0.652319	384.868744	278.631256
1	4.006000	0.782754	381.906250	280.343750
0	4.038000	0.442464	387.506256	277.493744
0	4.069000	0.483623	386.931244	281.943756
0	4.100000	0.800000	380.500000	280.500000
1	4.147000	0.833623	382.024994	280.024994
0	4.178000	0.800000	380.500000	280.500000
1	4.209000	0.877246	381.118744	281.143829
0	4.240000	0.486957	386.250000	283.750000
0	4.272000	0.602899	385.500000	277.500000
1	4.303000	0.870580	380.118744	281.881256
0	4.334000	0.804928	382.812500	280.312500
0	4.381000	0.521015	386.481262	282.481262
1	4.412000	0.863623	380.218750	282.218750
1	4.443000	0.866812	380.718750	281.968750
0	4.474000	0.539710	387.250000	279.750000
1	4.506000	0.881159	380.500000	282.500000
0	4.537000	0.556522	386.500000	283.500000
1	4.568000	0.863768	381.000000	282.500000
0	4.599000	0.812464	380.737488	283.924988
1	4.646000	0.875507	380.093750	283.581238
1	4.677000	0.857102	380.687500	284.312500
1	4.708000	0.824638	380.125000	284.875000
1	4.740000	0.846377	379.500000	283.500000
1	4.771000	0.865797	380.750000	284.187500
0	4.802000	0.805797	379.875000	284.375000
1	4.833000	0.920725	379.243744	283.243744
1	4.880000	0.885362	379.268738	282.718750
1	4.911000	0.857681	379.837494	283.087494
1	4.942000	0.894493	379.649994	282.899994
0	4.974000	0.838985	380.643738	282.931274
1	5.005000	0.857536	379.256256	282.068756
0	5.036000	0.672899	381.681244	284.681244
1	5.067000	0.857971	380.500000	281.500000
1	5.098000	0.788406	380.500000	281.500000
1	5.145000	0.814058	380.693756	281.693756
0	5.176000	0.451015	385.725006	274.350006
0	5.208000	0.866232	380.806244	281.056244
0	5.239000	0.487971	387.006256	277.806244
0	5.270000	0.709420	383.156250	279.793762
0	5.301000	0.568841	385.937500	281.125000
1	5.332000	0.842898	382.375000	280.500000
1	5.379000	0.892754	380.000000	280.000000
1	5.410000	0.857971	380.843750	280.218750
0	5.442000	0.776812	382.500000	280.500000
1	5.473000	0.831884	381.450012	281.000000
0	5.504000	0.800000	380.500000	280.500000
0	5.535000	0.575362	386.000000	280.250000
1	5.566000	0.871594	381.762390	281.100037
1	5.613000	0.894058	379.843750	281.156250
0	5.644000	0.542319	386.662506	282.899994
0	5.676000	0.800000	380.500000	280.500000
0	5.707000	0.614493	388.500000	276.500000
1	5.738000	0.815507	380.843750	281.718750
1	5.769000	0.905942	380.018738	281.243774
0	5.800000	0.604928	385.562500	278.437500
0	5.832000	0.829855	380.512451	281.587524
1	5.878000	0.871159	379.906250	282.843750
1	5.910000	0.866232	380.806244	282.056244
1	5.941000	0.868985	380.000000	282.750000
0	5.972000	0.452174	385.000000	277.000000
1	6.003000	0.857971	379.375000	283.375000
1	6.034000	0.929275	378.100006	282.600006
1	6.066000	0.871884	379.899994	282.850006
0	6.112000	0.486232	386.018738	284.981262
0	6.144000	0.864638	380.000000	282.000000
1	6.175000	0.885942	379.993744	282.368744
0	6.206000	0.901014	380.481171	282.468719
1	6.237000	0.869565	378.500000	282.500000
0	6.268000	0.544058	384.437500	279.062500
1	6.300000	0.860870	379.000000	284.000000
1	6.346000	0.854928	379.281250	284.343750
0	6.378000	0.494493	384.975006	284.537506
0	6.409000	0.521739	384.500000	284.500000
0	6.440000	0.706667	380.824921	286.800018
0	6.471000	0.539710	385.500000	283.250000
0	6.502000	0.857971	378.500000	283.500000
1	6.534000	0.873188	379.843781	282.443695
0	6.565000	0.512029	385.618744	286.318756
0	6.612000	0.660870	385.500000	281.500000
1	6.643000	0.904348	379.500000	283.500000
0	6.674000	0.521739	384.250000	286.750000
0	6.705000	0.746377	381.737488	281.562500
1	6.736000	0.485942	385.256317	285.493805
1	6.768000	0.892754	380.000000	283.000000
1	6.799000	0.875507	380.093750	282.843750
0	6.846000	0.487101	385.043732	285.993744
1	6.877000	0.886377	380.000000	282.750000
1	6.908000	0.866812	379.968750	282.218750
0	6.939000	0.788406	382.037476	281.950012
0	6.970000	0.699420	381.687500	285.437500
1	7.002000	0.866377	380.224762	283.012421
1	7.033000	0.901015	379.781158	283.506256
0	7.080000	0.601449	385.000000	278.875000
1	7.111000	0.939130	377.500000	283.500000
0	7.142000	0.488116	385.475006	284.012482
0	7.173000	0.521739	383.500000	287.500000
1	7.204000	0.901159	379.662506	282.850006
0	7.236000	0.580290	384.899994	280.699982
0	7.267000	0.804493	380.018768	284.956268
0	7.298000	0.442899	385.500000	285.125000
0	7.345000	0.521015	385.731262	282.481262
1	7.376000	0.869565	380.000000	284.000000
0	7.407000	0.475362	385.750000	284.750000
0	7.438000	0.829420	380.681244	282.881256
1	7.470000	0.871159	381.093750	282.843750
0	7.501000	0.898841	380.412506	282.787506
1	7.532000	0.894058	379.843750	283.406250
0	7.579000	0.788406	379.500000	284.500000
0	7.610000	0.549420	386.068726	283.843689
1	7.641000	0.921159	378.750000	284.250000
1	7.672000	0.840145	379.556244	285.306244
0	7.704000	0.823188	379.750000	285.750000
1	7.735000	0.855507	380.881256	282.693756
1	7.766000	0.913043	379.500000	283.750000
1	7.813000	0.883188	379.387573	283.262512
0	7.844000	0.636377	384.156250	280.843750
1	7.875000	0.898985	379.193756	283.443756
0	7.906000	0.564493	386.143738	283.156250
0	7.938000	0.468406	385.524994	285.774994
0	7.969000	0.557101	385.250000	282.000000
0	8.000000	0.857971	380.250000	284.750000
0	8.031000	0.892898	379.893738	284.106262
0	8.078000	0.530290	385.568756	284.581268
1	8.109000	0.939855	378.468750	284.518738
1	8.140000	0.911594	379.562531	285.312592
1	8.172000	0.876812	379.112518	285.137543
0	8.203000	0.707246	388.500000	280.500000
1	8.234000	0.904928	380.000000	283.500000
0	8.265000	0.666667	385.000000	283.000000
0	8.312000	0.869565	380.000000	285.000000
0	8.343000	0.915797	380.406250	284.343750
1	8.374000	0.942754	378.093750	284.581238
1	8.406000	0.881015	379.343750	284.993774
1	8.437000	0.908551	377.981232	285.693756
0	8.468000	0.789130	380.994019	287.969116
0	8.499000	0.545072	384.456238	284.456238
1	8.546000	0.866232	379.943756	285.806244
0	8.577000	0.452174	386.000000	282.000000
1	8.608000	0.904928	380.400024	283.950012
0	8.640000	0.854203	380.724945	285.137482
1	8.671000	0.948841	379.193756	284.818756
0	8.702000	0.568116	386.000000	285.000000
0	8.733000	0.869710	380.743744	284.006256
1	8.764000	0.947246	378.375000	285.125000
0	8.811000	0.848985	378.537506	286.462494
0	8.842000	0.452174	384.500000	278.500000
1	8.874000	0.990290	377.243744	285.756256
0	8.905000	0.902899	379.462463	286.462524
0	8.936000	0.857536	379.681244	286.681244
0	8.967000	0.529710	384.593781	289.643768
1	8.998000	0.898406	379.531250	286.093750
0	9.030000	0.857681	379.162506	286.837494
0	9.076000	0.892754	379.500000	283.500000
0	9.108000	0.521739	385.500000	287.500000
0	9.139000	0.884928	378.712555	285.712494
1	9.170000	0.834203	380.000000	284.750000
0	9.201000	0.510145	384.500000	287.500000
1	9.232000	0.903768	378.000000	284.500000
1	9.264000	0.840725	379.468750	284.468750
1	9.310000	0.940290	377.524994	284.512482
0	9.342000	0.848406	378.562500	286.562500
0	9.373000	0.820725	379.756256	285.806244
0	9.404000	0.631884	384.500000	284.000000
1	9.435000	0.985507	376.500000	284.500000
1	9.466000	0.824928	379.399994	285.537506
0	9.498000	0.985507	376.500000	280.500000
0	9.544000	0.834783	380.500000	283.500000
1	9.576000	0.905507	377.975006	284.649994
1	9.607000	0.921159	378.250000	284.250000
0	9.638000	0.820580	378.587524	286.787476
0	9.669000	0.735797	381.756256	284.493744
0	9.700000	0.881594	379.681244	284.318756
1	9.732000	0.897101	379.375000	284.875000
0	9.763000	0.591304	384.750000	287.750000
1	9.810000	0.910725	377.949982	287.350006
0	9.841000	0.853623	378.843750	287.218750
1	9.872000	0.813623	379.687500	287.687500
0	9.903000	0.521739	384.500000	280.500000
0	9.934000	0.817391	380.000000	287.500000
1	9.966000	0.921884	378.193756	287.631256
0	9.997000	0.504348	384.500000	288.000000
1	10.044000	0.849420	379.781250	288.218750
1	10.075000	0.921159	378.250000	288.250000
1	10.106000	0.921594	378.243744	288.243744
0	10.137000	0.510145	385.500000	288.500000
1	10.168000	0.926812	378.643860	288.168701
1	10.200000	0.909275	378.312500	288.375000
0	10.231000	0.481449	385.024994	285.037506
1	10.278000	0.937971	378.475006	288.975006
1	10.309000	0.877536	379.956238	289.043762
0	10.340000	0.846377	379.500000	289.500000
0	10.371000	0.540725	384.281250	289.468750
0	10.402000	0.522899	385.512482	291.524994
0	10.434000	0.572754	384.850006	288.225006
0	10.465000	0.573913	385.125000	287.875000
1	10.496000	0.892754	379.575012	289.575012
0	10.543000	0.751594	381.562500	293.375000
1	10.574000	0.918985	378.593750	289.593750
0	10.605000	0.707246	384.500000	288.500000
0	10.636000	0.523188	384.968750	290.718750
0	10.668000	0.610145	384.762512	288.762512
0	10.699000	0.568116	385.500000	289.500000
1	10.730000	0.884203	378.743774	289.968750
0	10.777000	0.521739	385.500000	291.500000
0	10.808000	0.627246	383.675018	290.212494
1	10.839000	0.865797	379.062500	290.812500
1	10.870000	0.847681	380.756256	290.556244
1	10.902000	0.886377	379.000000	290.000000
0	10.933000	0.800000	379.500000	289.500000
1	10.964000	0.921159	380.237488	289.250000
1	11.011000	0.874058	379.881256	289.881256
1	11.042000	0.596232	384.687500	287.437500
1	11.073000	0.823188	380.875000	289.375000
0	11.104000	0.892754	381.500000	289.500000
1	11.136000	0.921014	379.268738	289.268738
0	11.167000	0.873333	379.125000	289.250000
1	11.198000	0.869710	379.493744	290.493744
0	11.229000	0.866377	379.999908	290.162506
0	11.276000	0.541884	385.531250	291.406250
1	11.307000	0.885362	379.718750	289.968750
1	11.338000	0.894638	379.868744	289.868744
1	11.370000	0.938116	377.993744	289.006256
0	11.401000	0.800000	381.500000	287.500000
0	11.432000	0.573333	384.875000	289.187500
1	11.463000	0.979710	377.500000	289.000000
0	11.510000	0.823188	381.000000	290.000000
1	11.541000	0.874638	379.856262	288.893738
1	11.572000	0.933188	379.293762	290.043762
1	11.604000	0.886957	379.000000	290.500000
0	11.635000	0.857681	380.649994	291.087494
1	11.666000	0.881015	379.906250	290.031250
0	11.697000	0.579710	385.000000	290.000000
0	11.744000	0.834783	379.500000	291.500000
0	11.775000	0.828986	379.500000	291.500000
0	11.806000	0.576957	384.906128	291.018433
1	11.838000	0.951159	378.181244	289.806244
0	11.869000	0.613044	384.762238	289.762360
1	11.900000	0.895072	379.125000	290.875000
1	11.931000	0.869710	379.543610	290.256195
0	11.962000	0.847101	379.456238	291.418762
0	12.009000	0.662029	384.725006	290.274994
1	12.040000	0.968406	378.087494	290.912506
1	12.072000	0.841160	380.524872	291.475067
1	12.103000	0.894058	378.843750	291.156250
1	12.134000	0.969710	378.068756	291.931244
1	12.165000	0.857971	379.500000	290.500000
0	12.196000	0.765217	381.250000	290.750000
1	12.243000	0.883623	378.693756	290.993744
1	12.274000	0.914493	378.424988	292.262512
0	12.306000	0.832029	379.468750	291.406250
1	12.337000	0.913623	378.312500	290.375000
0	12.368000	0.835362	379.000000	291.562500
0	12.399000	0.985507	376.500000	288.500000
0	12.430000	0.568116	383.500000	291.500000
0	12.477000	0.927246	377.662506	291.537506
0	12.508000	0.347826	398.468964	259.706146
1	12.540000	0.931015	377.375000	292.937500
0	12.571000	0.820145	379.218750	292.781250
0	12.602000	0.837971	378.524994	291.462494
0	12.633000	0.866232	378.306244	292.256256
0	12.664000	0.545072	383.456238	292.543762
0	12.696000	0.679855	382.093750	291.468750
0	12.742000	0.838551	378.562500	291.437500
1	12.774000	0.939130	377.000000	293.000000
1	12.805000	0.916377	377.856232	291.681244
1	12.836000	0.883768	379.037506	291.337494
1	12.867000	0.916232	377.662506	291.837494
1	12.898000	0.900580	377.500000	291.812500
0	12.930000	0.881449	378.662506	291.212494
1	12.961000	0.837971	379.462494	291.537506
0	13.008000	0.591304	384.000000	291.000000
0	13.039000	0.730435	382.000000	292.000000
1	13.070000	0.964638	378.000000	291.862488
1	13.101000	0.968406	376.912506	292.462494
0	13.132000	0.828841	379.656250	290.906250
0	13.164000	0.616232	383.412506	290.725006
1	13.195000	0.858116	378.656250	291.331238
0	13.242000	0.853333	379.100006	291.325043
1	13.273000	0.955362	377.725006	291.712494
0	13.304000	0.531014	384.500000	293.000000
0	13.335000	0.857971	379.500000	290.500000
0	13.366000	0.857681	379.337494	291.699982
1	13.398000	0.853188	379.731323	291.668701
1	13.429000	0.897101	379.362488	291.137512
1	13.476000	0.965217	378.000000	291.000000
1	13.507000	0.912899	378.693756	290.368744
1	13.538000	0.857102	379.312500	290.312500
1	13.569000	0.907102	378.406250	291.781250
0	13.600000	0.866667	378.500000	291.250000
0	13.632000	0.652754	382.875000	292.875000
1	13.663000	0.895072	378.500000	291.125000
1	13.694000	0.927246	378.337494	292.662506
1	13.741000	0.937971	378.774994	291.475006
0	13.772000	0.663623	384.531250	290.468750
1	13.803000	0.920580	378.225006	291.225006
0	13.834000	0.866812	378.968750	291.218750
0	13.866000	0.592464	384.774994	291.962494
0	13.897000	0.883623	378.993744	291.006256
0	13.928000	0.674058	383.118652	290.418762
1	13.975000	0.901015	379.493744	290.493744
0	14.006000	0.742029	381.500000	290.500000
0	14.037000	0.876232	379.087494	292.087494
0	14.068000	0.398985	397.493744	259.506256
1	14.100000	0.903188	378.725006	291.274994
1	14.131000	0.884928	379.287506	291.012543
1	14.162000	0.938116	377.993744	291.006256
0	14.209000	0.973333	377.500000	292.000000
0	14.240000	0.841449	379.412506	291.524994
1	14.271000	0.927101	379.443756	291.556244
0	14.302000	0.558116	383.718750	289.281250
1	14.334000	0.974058	377.293793	291.993744
1	14.365000	0.861594	379.643738	290.731262
1	14.396000	0.881159	379.250000	291.250000
1	14.427000	0.931015	378.500000	291.375000
1	14.474000	0.857102	378.812500	291.312500
0	14.505000	0.820145	379.781250	290.781250
0	14.536000	0.796667	380.056305	292.956085
1	14.568000	0.835362	379.387451	291.500000
1	14.599000	0.985507	376.000000	292.000000
1	14.630000	0.939130	377.500000	293.500000
0	14.661000	0.817246	380.256256	291.693756
0	14.708000	0.885362	377.968750	292.031250
0	14.739000	0.623623	384.343750	291.656250
1	14.770000	0.878116	378.931244	290.868744
0	14.802000	0.607101	384.593750	292.468750
1	14.833000	0.910145	380.000000	291.500000
0	14.864000	0.929420	378.118744	291.618744
0	14.895000	0.894058	379.843750	291.656250
1	14.942000	1.007102	377.231262	292.518738
0	14.973000	0.610145	384.762512	291.512512
1	15.004000	0.897101	378.843750	291.531250
0	15.036000	0.751594	382.599976	292.637512
1	15.067000	0.993333	376.274994	294.212494
0	15.098000	0.616377	384.306122	291.556244
1	15.129000	0.627246	383.675018	292.787506
1	15.160000	0.884058	378.250000	292.750000
0	15.207000	0.946667	377.850006	294.649994
1	15.238000	1.017971	376.375000	293.125000
0	15.270000	0.602899	383.500000	295.500000
0	15.301000	0.898985	379.118744	292.118744
0	15.332000	0.844203	380.437500	291.875000
1	15.363000	0.955507	377.743744	292.243744
1	15.394000	0.978551	377.149994	291.962494
0	15.441000	0.857536	379.318756	293.681244
0	15.472000	0.657971	385.000000	291.250000
1	15.504000	0.974493	377.987488	292.000000
1	15.535000	0.983188	377.750000	292.862488
1	15.566000	0.987536	377.250000	292.687500
1	15.597000	0.927536	378.750000	291.250000
1	15.629000	0.994058	377.281250	293.281250
1	15.675000	0.917391	379.375000	292.375000
0	15.707000	0.929855	378.674957	292.624969
1	15.738000	1.027246	376.225006	291.774994
1	15.769000	1.014493	377.000000	292.000000
0	15.800000	0.954928	378.093750	292.281250
1	15.831000	1.000725	377.143738	292.143738
1	15.863000	0.966812	376.893738	292.406250
0	15.894000	0.800000	379.500000	289.500000
1	15.941000	0.987536	377.250000	292.937500
1	15.972000	1.007536	376.725067	293.475006
0	16.003000	0.903768	378.500000	293.187500
0	16.034000	0.598985	383.431244	293.568756
1	16.065000	1.024058	376.412506	293.212494
0	16.097000	0.898406	378.531250	292.156250
0	16.128000	0.660870	384.000000	294.000000
0	16.175000	0.883188	380.000000	291.687500
0	16.206000	0.870725	378.225006	291.225006
0	16.237000	0.614493	382.750000	291.750000
0	16.268000	0.866232	378.943756	291.068756
0	16.299000	0.828986	379.000000	291.000000
1	16.331000	1.037246	376.368774	292.918884
1	16.362000	0.990290	377.243744	293.243744
0	16.409000	0.605942	383.468750	293.781250
0	16.440000	0.890725	378.662506	291.337494
0	16.471000	0.742029	382.500000	291.500000
0	16.502000	0.591304	383.000000	291.000000
0	16.533000	0.672899	381.293427	290.643585
0	16.565000	0.605942	383.468750	293.781250
0	16.596000	0.568116	383.500000	295.500000
0	16.627000	0.879855	378.218750	290.781250
1	16.674000	0.898985	378.106232	291.556244
0	16.705000	0.864638	379.187531	291.212494
0	16.736000	0.988116	376.712494	292.912506
0	16.767000	0.926812	378.500000	291.562500
1	16.799000	0.921884	378.368744	290.806244
0	16.830000	0.613043	382.750000	293.250000
1	16.861000	0.921159	378.250000	291.562500
0	16.908000	0.899275	378.956238	291.956238
1	16.939000	1.008841	375.993744	293.493744
0	16.970000	0.972319	376.468750	292.143738
1	17.001000	0.962319	377.000000	293.000000
0	17.033000	1.010000	376.556244	292.843719
0	17.064000	0.631449	383.568756	292.131256
1	17.095000	1.020725	377.618744	292.368744
0	17.126000	0.615362	384.537506	291.962494
0	17.173000	0.903188	378.725006	290.787506
0	17.204000	0.631014	384.437500	291.437500
0	17.235000	0.672319	383.156250	292.156250
1	17.267000	0.932318	378.506256	289.943878
1	17.298000	0.885942	379.006256	290.993744
0	17.329000	0.673333	384.187500	292.625000
1	17.360000	0.979420	377.212494	293.037506
0	17.407000	0.910145	378.674988	291.924988
0	17.438000	0.970290	376.956238	292.468750
0	17.469000	0.540290	382.524994	293.274994
1	17.501000	0.951015	377.162506	291.412506
0	17.532000	0.579275	383.181244	290.818756
0	17.563000	0.936377	377.518738	290.468750
1	17.594000	0.973188	376.643738	290.918762
1	17.625000	0.915942	377.000000	290.000000
0	17.672000	0.653333	382.100006	293.449982
1	17.703000	0.892754	378.250000	290.750000
1	17.735000	0.910145	377.500000	291.500000
1	17.766000	1.090145	374.287506	291.912506
0	17.797000	0.915942	376.500000	292.500000
0	17.828000	0.572319	383.031250	291.843750
1	17.859000	1.007102	375.981262	292.468750
0	17.906000	0.894493	376.850006	290.887482
0	17.937000	0.605507	382.587494	292.350006
0	17.969000	0.607101	381.593750	295.468750
1	18.000000	1.027246	374.774994	292.774994
0	18.031000	0.796667	379.068756	290.943756
0	18.062000	0.637681	383.000000	292.000000
0	18.093000	1.079420	374.975006	293.024994
1	18.140000	0.947246	377.125000	289.625000
1	18.171000	0.916232	377.337494	290.412506
1	18.203000	0.904348	378.250000	290.250000
0	18.234000	0.996232	375.674988	291.437500
0	18.265000	0.608116	382.549988	290.575012
0	18.296000	0.934493	377.562500	290.500000
0	18.327000	0.707101	381.406250	292.093750
0	18.359000	0.939130	377.500000	291.500000
1	18.405000	0.931449	377.456268	291.568756
0	18.437000	0.800580	379.000000	292.000000
0	18.468000	0.678261	380.625000	288.625000
0	18.499000	0.609855	382.524994	291.350006
0	18.530000	0.755362	379.600006	291.399994
0	18.561000	0.652754	382.125000	290.125000
1	18.593000	0.967971	377.531250	290.956238
0	18.639000	0.892754	378.000000	291.000000
0	18.671000	0.940290	376.962494	291.475006
1	18.702000	1.078261	376.500000	292.500000
0	18.733000	0.921739	377.375000	289.375000
1	18.764000	0.935797	376.993652	290.619019
0	18.795000	0.669275	381.162506	292.649994
1	18.827000	1.008696	374.625000	292.125000
0	18.873000	0.666667	380.500000	288.500000
0	18.905000	0.610290	382.406250	291.406250
0	18.936000	0.695072	380.000000	287.625000
1	18.967000	0.929855	376.125000	289.437500
1	18.998000	0.987971	375.256256	290.693756
1	19.029000	0.921739	376.500000	290.000000
1	19.061000	0.977536	374.206238	290.206238
0	19.092000	0.561014	381.006256	292.981232
0	19.139000	0.565797	379.125000	295.874939
1	19.170000	0.886377	376.000000	289.250000
0	19.201000	0.660870	380.000000	293.000000
0	19.232000	0.631594	380.412506	288.149994
0	19.263000	0.568116	381.500000	291.500000
1	19.295000	0.950725	374.750000	290.750000
1	19.326000	0.931449	375.381256	290.493744
0	19.373000	0.651159	379.631256	288.068756
1	19.404000	1.059855	372.693878	291.718781
1	19.435000	1.018551	373.649994	291.287506
0	19.466000	0.702754	379.156250	289.218750
0	19.497000	0.730435	380.000000	289.000000
0	19.529000	0.646812	380.568756	288.931244
1	19.560000	0.928841	376.406250	289.906250
0	19.607000	0.990145	373.225006	292.087494
1	19.638000	1.004493	375.056244	290.943756
1	19.669000	0.921739	375.500000	289.500000
0	19.700000	0.935797	374.493744	291.518768
0	19.731000	0.856667	376.256256	289.681244
0	19.763000	0.939130	375.000000	292.000000
0	19.794000	1.016377	372.906250	293.118713
1	19.825000	1.078261	372.500000	292.500000
0	19.872000	0.705072	378.893738	290.156250
1	19.903000	0.937536	375.468750	291.531250
1	19.934000	1.105507	372.274994	292.350006
0	19.965000	1.005942	373.031250	293.968750
0	19.997000	1.025362	374.268738	291.768738
0	20.028000	0.652899	381.125000	291.625000
0	20.059000	0.671159	381.343750	292.531250
1	20.106000	1.031015	373.687500	291.825012
0	20.137000	1.023913	372.943756	291.806244
0	20.168000	0.652174	381.000000	294.500000
0	20.199000	0.846377	375.500000	291.500000
1	20.231000	1.066232	371.806244	294.193756
0	20.262000	1.008696	372.500000	294.500000
0	20.293000	0.953333	374.337494	294.212494
0	20.340000	0.712899	378.243744	291.743744
1	20.371000	1.104348	371.000000	295.500000
0	20.402000	0.944928	374.500000	294.500000
0	20.433000	0.866232	376.193756	292.056244
1	20.465000	1.113043	371.500000	294.500000
1	20.496000	1.120290	371.187500	294.924988
1	20.527000	1.120725	371.068756	294.618744
0	20.558000	0.940725	374.518738	294.606262
1	20.605000	1.113623	371.687500	295.500000
1	20.636000	1.066232	372.193756	295.631256
0	20.667000	0.660870	379.500000	293.500000
1	20.699000	1.078261	372.500000	296.500000
1	20.730000	1.150580	370.656250	295.968750
0	20.761000	0.649275	379.500000	293.500000
1	20.792000	1.146377	370.112488	296.112488
0	20.839000	1.020290	372.325043	295.825104
1	20.870000	1.079855	372.406250	296.468750
0	20.901000	0.764493	376.631226	292.006287
1	20.933000	1.164638	370.250000	296.500000
1	20.964000	1.133623	371.324982	296.225006
0	20.995000	0.730435	379.000000	293.000000
0	21.026000	0.689710	379.031250	292.968750
1	21.057000	1.151594	370.012512	297.250000
1	21.104000	1.162899	370.850006	296.850006
1	21.135000	1.147826	370.250000	297.750000
1	21.167000	1.171015	370.000000	297.000000
0	21.198000	0.655507	378.931244	294.068756
1	21.229000	1.130435	370.500000	298.500000
1	21.260000	1.132029	369.281250	297.093750
1	21.291000	1.139275	370.818756	297.181244
1	21.338000	1.127246	370.037506	298.962494
1	21.369000	1.130435	369.937500	299.187500
1	21.401000	1.159710	369.662506	297.662506
1	21.432000	1.124638	371.500000	299.500000
1	21.463000	1.161884	370.193756	297.731232
1	21.494000	1.140145	369.231232	298.868744
1	21.525000	1.129855	370.062500	298.937500
1	21.572000	1.159420	369.750000	298.750000
1	21.603000	1.114203	369.975006	299.524994
1	21.635000	1.168551	369.806244	298.193756
1	21.666000	1.162319	370.149811	298.749969
0	21.697000	0.672319	378.156250	294.343750
1	21.728000	1.153333	369.287506	297.975006
1	21.759000	1.193768	369.118835	299.168701
1	21.791000	1.153768	369.018738	298.306274
1	21.837000	1.138551	368.562500	298.625000
1	21.869000	1.154203	369.024994	298.649994
1	21.900000	1.181449	368.962494	298.399994
1	21.931000	1.207681	368.443756	299.318756
0	21.962000	1.007102	369.531250	301.531250
1	21.993000	1.170580	368.431244	298.743744
1	22.025000	1.147826	368.500000	300.500000
1	22.071000	1.194203	368.250000	301.250000
1	22.103000	1.145072	368.906250	300.456238
1	22.134000	1.185362	368.468750	300.218750
1	22.165000	1.126667	368.937500	301.062500
1	22.196000	1.159420	368.250000	300.250000
1	22.227000	1.078261	368.500000	300.500000
1	22.259000	1.194203	368.000000	301.000000
1	22.305000	1.191884	367.562500	300.875000
1	22.337000	1.191594	368.125000	302.437500
1	22.368000	1.159420	368.500000	302.500000
1	22.399000	1.159855	367.981232	302.306244
1	22.430000	1.177101	368.350006	302.337494
1	22.461000	1.168406	368.762482	302.262482
1	22.493000	1.152754	369.000000	302.250000
1	22.524000	1.203333	368.306244	301.306244
1	22.571000	1.152029	368.756256	302.006256
0	22.602000	1.094928	368.768738	302.393738
1	22.633000	1.187681	368.468750	301.043762
1	22.664000	1.159420	368.500000	300.500000
1	22.695000	1.196812	368.399994	300.862518
1	22.727000	1.177246	368.631256	300.881439
1	22.758000	1.167681	368.193695	300.181305
0	22.805000	0.592319	378.368744	295.543732
1	22.836000	1.165217	367.500000	301.500000
1	22.867000	1.177681	367.062500	300.687500
1	22.898000	1.151738	367.968964	300.606598
1	22.929000	1.166667	367.250000	300.500000
1	22.961000	1.171015	367.500000	301.500000
0	22.992000	0.938116	371.493744	300.493744
1	23.023000	1.194203	368.000000	301.000000
1	23.070000	1.147826	367.000000	300.000000
1	23.101000	1.168551	367.118744	299.806244
1	23.132000	1.167391	367.875000	299.312500
1	23.163000	1.189855	367.125000	299.500000
1	23.195000	1.190145	367.524994	298.524994
1	23.226000	1.159855	367.168732	299.681244
1	23.257000	1.202754	366.968750	298.718750
1	23.304000	1.202754	366.718750	298.331238
1	23.335000	1.173188	366.893738	297.893738
1	23.366000	1.192464	366.837494	298.850006
0	23.397000	1.124638	367.500000	299.500000
1	23.429000	1.124638	367.500000	299.500000
1	23.460000	1.177101	366.350006	299.337494
1	23.491000	1.166667	366.799988	299.237488
1	23.538000	1.174493	367.125000	299.375000
1	23.569000	1.142464	367.806244	299.193756
1	23.600000	1.185072	367.043732	298.543854
1	23.631000	1.146812	367.256256	299.543732
1	23.663000	1.200000	366.625000	298.625000
1	23.694000	1.187536	367.924988	298.500000
1	23.725000	1.185362	368.218750	298.468750
1	23.756000	1.159420	367.500000	299.500000
0	23.803000	0.683623	377.056244	295.943756
1	23.834000	1.171015	369.500000	299.500000
0	23.865000	0.755072	375.375000	302.250000
1	23.897000	1.181594	367.493744	299.993744
1	23.928000	1.186377	368.500000	300.062500
1	23.959000	1.181449	368.475006	299.399994
0	23.990000	0.683623	377.068756	298.443756
0	24.037000	0.985507	369.000000	301.000000
1	24.068000	1.165942	368.268738	298.518738
1	24.099000	1.078261	368.500000	300.500000
1	24.131000	1.168551	368.193756	298.193756
1	24.162000	1.154928	367.968750	298.593750
1	24.193000	1.155942	367.625000	298.049988
1	24.224000	1.124638	367.500000	297.500000
1	24.271000	1.171449	367.668732	298.381256
1	24.302000	1.140145	367.618744	298.318756
1	24.333000	1.161449	368.362488	298.162476
1	24.365000	1.164638	368.375000	298.250000
1	24.396000	1.139710	369.174988	298.187500
0	24.427000	0.637681	378.000000	295.000000
1	24.458000	1.161884	368.381256	297.693756
1	24.489000	1.181594	368.943756	297.993744
1	24.536000	1.164638	368.812500	298.825012
0	24.567000	1.078261	368.500000	300.500000
1	24.599000	1.182029	369.000000	297.375000
1	24.630000	1.169420	368.793762	297.531250
1	24.661000	1.167246	369.212494	298.262482
1	24.692000	1.124638	369.500000	299.500000
1	24.723000	1.200000	368.500000	298.000000
1	24.770000	1.194058	368.593750	298.406250
1	24.801000	1.137536	368.843750	298.156250
1	24.833000	1.185797	368.462494	299.537506
1	24.864000	1.181594	368.381256	299.256256
1	24.895000	1.185362	368.468750	299.031250
1	24.926000	1.142464	369.306244	300.193756
1	24.957000	1.229855	369.312500	299.062500
1	24.989000	1.164638	369.187500	298.500000
1	25.035000	1.194058	368.606262	297.943726
1	25.067000	1.185362	369.531250	298.468750
1	25.098000	1.166812	368.831268	298.256256
1	25.129000	1.220725	368.056244	298.806244
1	25.160000	1.194203	369.000000	299.000000
0	25.191000	0.590725	377.750000	294.000000
1	25.223000	1.194638	368.568756	299.431244
1	25.269000	1.165942	367.481262	300.156250
1	25.301000	1.212464	368.687500	299.612488
1	25.332000	1.187971	368.493744	300.193756
1	25.363000	1.194928	368.206238	300.593750
1	25.394000	1.218116	368.593719	300.506256
1	25.425000	1.192464	368.899994	300.100006
1	25.457000	1.192899	368.456238	300.156250
1	25.503000	1.200725	367.768738	299.768738
1	25.535000	1.179855	367.956238	299.343750
1	25.566000	1.203768	367.312500	299.687500
1	25.597000	1.201014	367.693756	299.293732
1	25.628000	1.191884	368.125000	299.862488
1	25.659000	1.200000	367.500000	299.500000
1	25.691000	1.165942	367.268738	300.518738
0	25.722000	1.078261	368.500000	300.500000
1	25.769000	1.211594	368.000000	299.500000
1	25.800000	1.168986	367.625000	300.237488
1	25.831000	1.217391	367.250000	298.750000
1	25.862000	1.217391	369.000000	299.000000
1	25.893000	1.202754	368.031250	298.718750
1	25.925000	1.186957	367.375000	298.500000
1	25.956000	1.190145	367.837494	298.475006
1	26.003000	1.181449	367.600006	297.850006
1	26.034000	1.211449	366.906250	298.843750
1	26.065000	1.188406	366.500000	298.500000
1	26.096000	1.193478	367.856232	298.568756
1	26.127000	1.217391	367.500000	297.500000
1	26.159000	1.212464	367.062500	298.562500
1	26.190000	1.188551	367.218750	299.531250
1	26.237000	1.217391	367.000000	300.000000
1	26.268000	1.150580	367.281250	300.031250
0	26.299000	1.061884	369.756256	300.806244
1	26.330000	1.171015	367.125000	300.625000
1	26.361000	1.142029	366.575012	300.612488
1	26.393000	1.178840	367.612427	300.362488
1	26.424000	1.200000	366.500000	300.000000
0	26.455000	1.078841	370.000000	298.500000
1	26.502000	1.181594	367.043732	300.006195
1	26.533000	1.178261	366.500000	300.000000
0	26.564000	0.631014	377.437500	295.125000
1	26.595000	1.190145	366.850006	299.162506
1	26.627000	1.136232	367.500000	298.500000
1	26.658000	1.200000	367.562500	299.437500
1	26.689000	1.182609	367.625000	300.375000
1	26.736000	1.192319	367.118744	300.131256
1	26.767000	1.159710	366.662506	300.412506
1	26.798000	1.192464	366.850006	300.149994
1	26.829000	1.171015	367.000000	300.000000
1	26.861000	1.160290	366.062500	300.687500
1	26.892000	1.192899	365.843750	301.156250
1	26.923000	1.222899	366.024994	300.200043
0	26.970000	1.131449	367.506256	299.743744
1	27.001000	1.190580	367.856262	299.543762
1	27.032000	1.172319	366.406250	299.406250
1	27.063000	1.176812	366.343750	299.406250
1	27.095000	1.188406	366.500000	299.500000
1	27.126000	1.173768	366.381256	298.868744
1	27.157000	1.179275	366.631256	298.681244
1	27.188000	1.184203	367.718750	299.281250
1	27.235000	1.182609	367.875000	298.375000
1	27.266000	1.201160	367.175018	299.337494
1	27.297000	1.166232	367.193756	298.806244
1	27.329000	1.198840	367.350006	297.649994
1	27.360000	1.188406	367.625000	299.375000
1	27.391000	1.181449	367.399994	298.975006
0	27.422000	0.648551	376.043762	299.956238
1	27.469000	1.159420	367.500000	299.500000
1	27.500000	1.124638	367.500000	299.500000
1	27.531000	1.191015	367.587494	298.149994
1	27.563000	1.217391	367.500000	297.500000
1	27.594000	1.165797	367.187500	297.750000
1	27.625000	1.124638	367.500000	297.500000
1	27.656000	1.174638	367.718750	297.143738
0	27.703000	0.657536	377.181244	293.481232
1	27.734000	1.195507	368.118744	297.181244
1	27.765000	1.138406	367.843750	296.793762
1	27.797000	1.175073	368.600006	297.287506
1	27.828000	1.165942	367.481262	296.843750
1	27.859000	1.182609	367.500000	298.500000
1	27.890000	1.136232	367.500000	298.500000
1	27.921000	1.182609	367.500000	297.500000
1	27.968000	1.121159	367.875000	297.875000
1	27.999000	1.168116	367.750000	297.500000
1	28.031000	1.159420	368.250000	297.750000
1	28.062000	1.169565	367.737488	297.912354
1	28.093000	1.133333	367.700012	297.299988
1	28.124000	1.142029	368.000000	297.500000
1	28.155000	1.144058	367.625000	297.437500
1	28.202000	1.181594	367.993744	297.381256
1	28.233000	1.151160	368.481232	297.681244
0	28.265000	0.730435	375.000000	292.000000
1	28.296000	1.130435	368.500000	297.000000
1	28.327000	1.176667	367.331238	297.543762
1	28.358000	1.183768	367.274994	297.524994
1	28.389000	1.179855	367.343750	297.956238
1	28.436000	1.136957	367.875000	298.250000
1	28.467000	1.189855	366.375000	297.500000
1	28.499000	1.194058	367.143738	297.593750
1	28.530000	1.164058	367.162506	298.475006
1	28.561000	1.192899	366.843750	297.906250
1	28.592000	1.132029	367.281250	297.718750
1	28.623000	1.205797	367.500000	298.500000
1	28.655000	1.144058	367.549988	297.437500
1	28.701000	1.165797	367.187500	297.750000
0	28.733000	1.138841	366.387512	298.187500
1	28.764000	1.181449	365.975006	297.975006
1	28.795000	1.124638	365.500000	299.500000
1	28.826000	1.144638	366.574982	298.412506
1	28.857000	1.166232	366.306183	298.793854
1	28.889000	1.176667	365.906250	299.656250
1	28.920000	1.153768	365.906250	299.281250
1	28.967000	1.166812	366.206238	299.468750
1	28.998000	1.221014	365.543854	299.743805
1	29.029000	1.194638	367.068756	300.431244
1	29.060000	1.176667	366.656250	300.656250
1	29.091000	1.150580	367.031250	300.031250
1	29.123000	1.171015	364.500000	296.500000
1	29.154000	1.228841	366.093750	298.906250
1	29.201000	1.183768	365.975006	299.524994
1	29.232000	1.185942	365.981232	299.556244
1	29.263000	1.161014	367.068756	299.681244
1	29.294000	1.117971	366.562500	299.437500
1	29.325000	1.164058	366.337494	300.225006
0	29.357000	1.112029	366.881256	300.006256
1	29.388000	1.174638	366.143738	300.143738
1	29.435000	1.115942	365.750000	299.750000
1	29.466000	1.165217	365.312500	300.062500
0	29.497000	1.122754	366.993744	300.168732
1	29.528000	1.206667	365.699982	299.975006
0	29.559000	0.985507	364.500000	304.500000
0	29.591000	1.078261	367.500000	299.500000
1	29.622000	1.168551	364.806244	299.193756
1	29.653000	1.217391	366.000000	301.000000
1	29.700000	1.171015	365.000000	300.000000
1	29.731000	1.155507	365.381256	300.618744
1	29.762000	1.202754	365.718750	299.656250
1	29.793000	1.140725	365.406250	301.156250
1	29.825000	1.200000	365.000000	299.500000
1	29.856000	1.220145	364.968750	300.218750
1	29.887000	1.200000	365.500000	300.000000
1	29.934000	1.164203	365.493744	301.193756
1	29.965000	1.212319	364.468750	300.468750
0	29.996000	0.708116	373.812500	299.187500
<\RIGHT-PUPIL-DATA>
<LEFT-PUPIL-DATA>
902	0
0	-0.065000	13.913043	240.000000	320.000000
0	-0.034000	13.913043	240.000000	320.000000
0	0.013000	13.913043	240.000000	320.000000
0	0.044000	13.913043	240.000000	320.000000
0	0.075000	13.913043	240.000000	320.000000
0	0.107000	13.913043	240.000000	320.000000
0	0.138000	13.913043	240.000000	320.000000
0	0.169000	13.913043	240.000000	320.000000
0	0.200000	13.913043	240.000000	320.000000
0	0.231000	13.913043	240.000000	320.000000
0	0.278000	13.913043	240.000000	320.000000
0	0.309000	13.913043	240.000000	320.000000
0	0.341000	13.913043	240.000000	320.000000
0	0.372000	13.913043	240.000000	320.000000
0	0.403000	13.913043	240.000000	320.000000
0	0.434000	13.913043	240.000000	320.000000
0	0.465000	13.913043	240.000000	320.000000
0	0.512000	13.913043	240.000000	320.000000
0	0.543000	13.913043	240.000000	320.000000
0	0.575000	13.913043	240.000000	320.000000
0	0.606000	13.913043	240.000000	320.000000
0	0.637000	13.913043	240.000000	320.000000
0	0.668000	13.913043	240.000000	320.000000
0	0.699000	13.913043	240.000000	320.000000
0	0.746000	13.913043	240.000000	320.000000
0	0.777000	13.913043	240.000000	320.000000
0	0.809000	13.913043	240.000000	320.000000
0	0.840000	13.913043	240.000000	320.000000
0	0.871000	13.913043	240.000000	320.000000
0	0.902000	13.913043	240.000000	320.000000
0	0.933000	13.913043	240.000000	320.000000
0	0.965000	13.913043	240.000000	320.000000
0	1.011000	13.913043	240.000000	320.000000
0	1.043000	13.913043	240.000000	320.000000
0	1.074000	13.913043	240.000000	320.000000
0	1.105000	13.913043	240.000000	320.000000
0	1.136000	13.913043	240.000000	320.000000
0	1.167000	13.913043	240.000000	320.000000
0	1.199000	13.913043	240.000000	320.000000
0	1.245000	13.913043	240.000000	320.000000
0	1.277000	13.913043	240.000000	320.000000
0	1.308000	13.913043	240.000000	320.000000
0	1.339000	13.913043	240.000000	320.000000
0	1.370000	13.913043	240.000000	320.000000
0	1.401000	13.913043	240.000000	320.000000
0	1.433000	13.913043	240.000000	320.000000
0	1.479000	13.913043	240.000000	320.000000
0	1.511000	13.913043	240.000000	320.000000
0	1.542000	13.913043	240.000000	320.000000
0	1.573000	13.913043	240.000000	320.000000
0	1.604000	13.913043	240.000000	320.000000
0	1.635000	13.913043	240.000000	320.000000
0	1.667000	13.913043	240.000000	320.000000
0	1.698000	13.913043	240.000000	320.000000
0	1.745000	13.913043	240.000000	320.000000
0	1.776000	13.913043	240.000000	320.000000
0	1.807000	13.913043	240.000000	320.000000
0	1.838000	13.913043	240.000000	320.000000
0	1.869000	13.913043	240.000000	320.000000
0	1.901000	13.913043	240.000000	320.000000
0	1.932000	13.913043	240.000000	320.000000
0	1.979000	13.913043	240.000000	320.000000
0	2.010000	13.913043	240.000000	320.000000
0	2.041000	13.913043	240.000000	320.000000
0	2.072000	13.913043	240.000000	320.000000
0	2.103000	13.913043	240.000000	320.000000
0	2.135000	13.913043	240.000000	320.000000
0	2.166000	13.913043	240.000000	320.000000
0	2.213000	13.913043	240.000000	320.000000
0	2.244000	13.913043	240.000000	320.000000
0	2.275000	13.913043	240.000000	320.000000
0	2.306000	13.913043	240.000000	320.000000
0	2.337000	13.913043	240.000000	320.000000
0	2.369000	13.913043	240.000000	320.000000
0	2.400000	13.913043	240.000000	320.000000
0	2.431000	13.913043	240.000000	320.000000
0	2.478000	13.913043	240.000000	320.000000
0	2.509000	13.913043	240.000000	320.000000
0	2.540000	13.913043	240.000000	320.000000
0	2.571000	13.913043	240.000000	320.000000
0	2.603000	13.913043	240.000000	320.000000
0	2.634000	13.913043	240.000000	320.000000
0	2.665000	13.913043	240.000000	320.000000
0	2.696000	13.913043	240.000000	320.000000
0	2.743000	13.913043	240.000000	320.000000
0	2.774000	13.913043	240.000000	320.000000
0	2.805000	13.913043	240.000000	320.000000
0	2.837000	13.913043	240.000000	320.000000
0	2.868000	13.913043	240.000000	320.000000
0	2.899000	13.913043	240.000000	320.000000
0	2.930000	13.913043	240.000000	320.000000
0	2.977000	13.913043	240.000000	320.000000
0	3.008000	13.913043	240.000000	320.000000
0	3.039000	13.913043	240.000000	320.000000
0	3.071000	13.913043	240.000000	320.000000
0	3.102000	13.913043	240.000000	320.000000
0	3.133000	13.913043	240.000000	320.000000
0	3.164000	13.913043	240.000000	320.000000
0	3.211000	13.913043	240.000000	320.000000
0	3.242000	13.913043	240.000000	320.000000
0	3.273000	13.913043	240.000000	320.000000
0	3.305000	13.913043	240.000000	320.000000
0	3.336000	13.913043	240.000000	320.000000
0	3.367000	13.913043	240.000000	320.000000
0	3.398000	13.913043	240.000000	320.000000
0	3.429000	13.913043	240.000000	320.000000
0	3.476000	13.913043	240.000000	320.000000
0	3.507000	13.913043	240.000000	320.000000
0	3.539000	13.913043	240.000000	320.000000
0	3.570000	13.913043	240.000000	320.000000
0	3.601000	13.913043	240.000000	320.000000
0	3.632000	13.913043	240.000000	320.000000
0	3.663000	13.913043	240.000000	320.000000
0	3.710000	13.913043	240.000000	320.000000
0	3.741000	13.913043	240.000000	320.000000
0	3.773000	13.913043	240.000000	320.000000
0	3.804000	13.913043	240.000000	320.000000
0	3.835000	13.913043	240.000000	320.000000
0	3.866000	13.913043	240.000000	320.000000
0	3.897000	13.913043	240.000000	320.000000
0	3.944000	13.913043	240.000000	320.000000
0	3.975000	13.913043	240.000000	320.000000
0	4.007000	13.913043	240.000000	320.000000
0	4.038000	13.913043	240.000000	320.000000
0	4.069000	13.913043	240.000000	320.000000
0	4.100000	13.913043	240.000000	320.000000
0	4.131000	13.913043	240.000000	320.000000
0	4.163000	13.913043	240.000000	320.000000
0	4.209000	13.913043	240.000000	320.000000
0	4.241000	13.913043	240.000000	320.000000
0	4.272000	13.913043	240.000000	320.000000
0	4.303000	13.913043	240.000000	320.000000
0	4.334000	13.913043	240.000000	320.000000
0	4.365000	13.913043	240.000000	320.000000
0	4.397000	13.913043	240.000000	320.000000
0	4.443000	13.913043	240.000000	320.000000
0	4.475000	13.913043	240.000000	320.000000
0	4.506000	13.913043	240.000000	320.000000
0	4.537000	13.913043	240.000000	320.000000
0	4.568000	13.913043	240.000000	320.000000
0	4.599000	13.913043	240.000000	320.000000
0	4.631000	13.913043	240.000000	320.000000
0	4.677000	13.913043	240.000000	320.000000
0	4.709000	13.913043	240.000000	320.000000
0	4.740000	13.913043	240.000000	320.000000
0	4.771000	13.913043	240.000000	320.000000
0	4.802000	13.913043	240.000000	320.000000
0	4.833000	13.913043	240.000000	320.000000
0	4.865000	13.913043	240.000000	320.000000
0	4.896000	13.913043	240.000000	320.000000
0	4.943000	13.913043	240.000000	320.000000
0	4.974000	13.913043	240.000000	320.000000
0	5.005000	13.913043	240.000000	320.000000
0	5.036000	13.913043	240.000000	320.000000
0	5.067000	13.913043	240.000000	320.000000
0	5.099000	13.913043	240.000000	320.000000
0	5.130000	13.913043	240.000000	320.000000
0	5.177000	13.913043	240.000000	320.000000
0	5.208000	13.913043	240.000000	320.000000
0	5.239000	13.913043	240.000000	320.000000
0	5.270000	13.913043	240.000000	320.000000
0	5.301000	13.913043	240.000000	320.000000
0	5.333000	13.913043	240.000000	320.000000
0	5.364000	13.913043	240.000000	320.000000
0	5.411000	13.913043	240.000000	320.000000
0	5.442000	13.913043	240.000000	320.000000
0	5.473000	13.913043	240.000000	320.000000
0	5.504000	13.913043	240.000000	320.000000
0	5.535000	13.913043	240.000000	320.000000
0	5.567000	13.913043	240.000000	320.000000
0	5.598000	13.913043	240.000000	320.000000
0	5.629000	13.913043	240.000000	320.000000
0	5.676000	13.913043	240.000000	320.000000
0	5.707000	13.913043	240.000000	320.000000
0	5.738000	13.913043	240.000000	320.000000
0	5.769000	13.913043	240.000000	320.000000
0	5.801000	13.913043	240.000000	320.000000
0	5.832000	13.913043	240.000000	320.000000
0	5.863000	13.913043	240.000000	320.000000
0	5.910000	13.913043	240.000000	320.000000
0	5.941000	13.913043	240.000000	320.000000
0	5.972000	13.913043	240.000000	320.000000
0	6.003000	13.913043	240.000000	320.000000
0	6.035000	13.913043	240.000000	320.000000
0	6.066000	13.913043	240.000000	320.000000
0	6.097000	13.913043	240.000000	320.000000
0	6.144000	13.913043	240.000000	320.000000
0	6.175000	13.913043	240.000000	320.000000
0	6.206000	13.913043	240.000000	320.000000
0	6.237000	13.913043	240.000000	320.000000
0	6.269000	13.913043	240.000000	320.000000
0	6.300000	13.913043	240.000000	320.000000
0	6.331000	13.913043	240.000000	320.000000
0	6.362000	13.913043	240.000000	320.000000
0	6.409000	13.913043	240.000000	320.000000
0	6.440000	13.913043	240.000000	320.000000
0	6.471000	13.913043	240.000000	320.000000
0	6.503000	13.913043	240.000000	320.000000
0	6.534000	13.913043	240.000000	320.000000
0	6.565000	13.913043	240.000000	320.000000
0	6.596000	13.913043	240.000000	320.000000
0	6.627000	13.913043	240.000000	320.000000
0	6.674000	13.913043	240.000000	320.000000
0	6.705000	13.913043	240.000000	320.000000
0	6.737000	13.913043	240.000000	320.000000
0	6.768000	13.913043	240.000000	320.000000
0	6.799000	13.913043	240.000000	320.000000
0	6.830000	13.913043	240.000000	320.000000
0	6.861000	13.913043	240.000000	320.000000
0	6.908000	13.913043	240.000000	320.000000
0	6.939000	13.913043	240.000000	320.000000
0	6.971000	13.913043	240.000000	320.000000
0	7.002000	13.913043	240.000000	320.000000
0	7.033000	13.913043	240.000000	320.000000
0	7.064000	13.913043	240.000000	320.000000
0	7.095000	13.913043	240.000000	320.000000
0	7.142000	13.913043	240.000000	320.000000
0	7.173000	13.913043	240.000000	320.000000
0	7.205000	13.913043	240.000000	320.000000
0	7.236000	13.913043	240.000000	320.000000
0	7.267000	13.913043	240.000000	320.000000
0	7.298000	13.913043	240.000000	320.000000
0	7.329000	13.913043	240.000000	320.000000
0	7.361000	13.913043	240.000000	320.000000
0	7.407000	13.913043	240.000000	320.000000
0	7.439000	13.913043	240.000000	320.000000
0	7.470000	13.913043	240.000000	320.000000
0	7.501000	13.913043	240.000000	320.000000
0	7.532000	13.913043	240.000000	320.000000
0	7.563000	13.913043	240.000000	320.000000
0	7.595000	13.913043	240.000000	320.000000
0	7.641000	13.913043	240.000000	320.000000
0	7.673000	13.913043	240.000000	320.000000
0	7.704000	13.913043	240.000000	320.000000
0	7.735000	13.913043	240.000000	320.000000
0	7.766000	13.913043	240.000000	320.000000
0	7.797000	13.913043	240.000000	320.000000
0	7.829000	13.913043	240.000000	320.000000
0	7.875000	13.913043	240.000000	320.000000
0	7.907000	13.913043	240.000000	320.000000
0	7.938000	13.913043	240.000000	320.000000
0	7.969000	13.913043	240.000000	320.000000
0	8.000000	13.913043	240.000000	320.000000
0	8.031000	13.913043	240.000000	320.000000
0	8.063000	13.913043	240.000000	320.000000
0	8.094000	13.913043	240.000000	320.000000
0	8.141000	13.913043	240.000000	320.000000
0	8.172000	13.913043	240.000000	320.000000
0	8.203000	13.913043	240.000000	320.000000
0	8.234000	13.913043	240.000000	320.000000
0	8.265000	13.913043	240.000000	320.000000
0	8.297000	13.913043	240.000000	320.000000
0	8.328000	13.913043	240.000000	320.000000
0	8.375000	13.913043	240.000000	320.000000
0	8.406000	13.913043	240.000000	320.000000
0	8.437000	13.913043	240.000000	320.000000
0	8.468000	13.913043	240.000000	320.000000
0	8.499000	13.913043	240.000000	320.000000
0	8.531000	13.913043	240.000000	320.000000
0	8.562000	13.913043	240.000000	320.000000
0	8.609000	13.913043	240.000000	320.000000
0	8.640000	13.913043	240.000000	320.000000
0	8.671000	13.913043	240.000000	320.000000
0	8.702000	13.913043	240.000000	320.000000
0	8.733000	13.913043	240.000000	320.000000
0	8.765000	13.913043	240.000000	320.000000
0	8.796000	13.913043	240.000000	320.000000
0	8.827000	13.913043	240.000000	320.000000
0	8.874000	13.913043	240.000000	320.000000
0	8.905000	13.913043	240.000000	320.000000
0	8.936000	13.913043	240.000000	320.000000
0	8.967000	13.913043	240.000000	320.000000
0	8.999000	13.913043	240.000000	320.000000
0	9.030000	13.913043	240.000000	320.000000
0	9.061000	13.913043	240.000000	320.000000
0	9.108000	13.913043	240.000000	320.000000
0	9.139000	13.913043	240.000000	320.000000
0	9.170000	13.913043	240.000000	320.000000
0	9.201000	13.913043	240.000000	320.000000
0	9.233000	13.913043	240.000000	320.000000
0	9.264000	13.913043	240.000000	320.000000
0	9.295000	13.913043	240.000000	320.000000
0	9.342000	13.913043	240.000000	320.000000
0	9.373000	13.913043	240.000000	320.000000
0	9.404000	13.913043	240.000000	320.000000
0	9.435000	13.913043	240.000000	320.000000
0	9.467000	13.913043	240.000000	320.000000
0	9.498000	13.913043	240.000000	320.000000
0	9.529000	13.913043	240.000000	320.000000
0	9.560000	13.913043	240.000000	320.000000
0	9.607000	13.913043	240.000000	320.000000
0	9.638000	13.913043	240.000000	320.000000
0	9.669000	13.913043	240.000000	320.000000
0	9.701000	13.913043	240.000000	320.000000
0	9.732000	13.913043	240.000000	320.000000
0	9.763000	13.913043	240.000000	320.000000
0	9.794000	13.913043	240.000000	320.000000
0	9.841000	13.913043	240.000000	320.000000
0	9.872000	13.913043	240.000000	320.000000
0	9.903000	13.913043	240.000000	320.000000
0	9.935000	13.913043	240.000000	320.000000
0	9.966000	13.913043	240.000000	320.000000
0	9.997000	13.913043	240.000000	320.000000
0	10.028000	13.913043	240.000000	320.000000
0	10.075000	13.913043	240.000000	320.000000
0	10.106000	13.913043	240.000000	320.000000
0	10.137000	13.913043	240.000000	320.000000
0	10.169000	13.913043	240.000000	320.000000
0	10.200000	13.913043	240.000000	320.000000
0	10.231000	13.913043	240.000000	320.000000
0	10.262000	13.913043	240.000000	320.000000
0	10.293000	13.913043	240.000000	320.000000
0	10.340000	13.913043	240.000000	320.000000
0	10.371000	13.913043	240.000000	320.000000
0	10.403000	13.913043	240.000000	320.000000
0	10.434000	13.913043	240.000000	320.000000
0	10.465000	13.913043	240.000000	320.000000
0	10.496000	13.913043	240.000000	320.000000
0	10.527000	13.913043	240.000000	320.000000
0	10.574000	13.913043	240.000000	320.000000
0	10.605000	13.913043	240.000000	320.000000
0	10.637000	13.913043	240.000000	320.000000
0	10.668000	13.913043	240.000000	320.000000
0	10.699000	13.913043	240.000000	320.000000
0	10.730000	13.913043	240.000000	320.000000
0	10.761000	13.913043	240.000000	320.000000
0	10.793000	13.913043	240.000000	320.000000
0	10.839000	13.913043	240.000000	320.000000
0	10.871000	13.913043	240.000000	320.000000
0	10.902000	13.913043	240.000000	320.000000
0	10.933000	13.913043	240.000000	320.000000
0	10.964000	13.913043	240.000000	320.000000
0	10.995000	13.913043	240.000000	320.000000
0	11.027000	13.913043	240.000000	320.000000
0	11.073000	13.913043	240.000000	320.000000
0	11.105000	13.913043	240.000000	320.000000
0	11.136000	13.913043	240.000000	320.000000
0	11.167000	13.913043	240.000000	320.000000
0	11.198000	13.913043	240.000000	320.000000
0	11.229000	13.913043	240.000000	320.000000
0	11.261000	13.913043	240.000000	320.000000
0	11.292000	13.913043	240.000000	320.000000
0	11.339000	13.913043	240.000000	320.000000
0	11.370000	13.913043	240.000000	320.000000
0	11.401000	13.913043	240.000000	320.000000
0	11.432000	13.913043	240.000000	320.000000
0	11.463000	13.913043	240.000000	320.000000
0	11.495000	13.913043	240.000000	320.000000
0	11.526000	13.913043	240.000000	320.000000
0	11.573000	13.913043	240.000000	320.000000
0	11.604000	13.913043	240.000000	320.000000
0	11.635000	13.913043	240.000000	320.000000
0	11.666000	13.913043	240.000000	320.000000
0	11.697000	13.913043	240.000000	320.000000
0	11.729000	13.913043	240.000000	320.000000
0	11.760000	13.913043	240.000000	320.000000
0	11.807000	13.913043	240.000000	320.000000
0	11.838000	13.913043	240.000000	320.000000
0	11.869000	13.913043	240.000000	320.000000
0	11.900000	13.913043	240.000000	320.000000
0	11.931000	13.913043	240.000000	320.000000
0	11.963000	13.913043	240.000000	320.000000
0	11.994000	13.913043	240.000000	320.000000
0	12.025000	13.913043	240.000000	320.000000
0	12.072000	13.913043	240.000000	320.000000
0	12.103000	13.913043	240.000000	320.000000
0	12.134000	13.913043	240.000000	320.000000
0	12.165000	13.913043	240.000000	320.000000
0	12.197000	13.913043	240.000000	320.000000
0	12.228000	13.913043	240.000000	320.000000
0	12.259000	13.913043	240.000000	320.000000
0	12.306000	13.913043	240.000000	320.000000
0	12.337000	13.913043	240.000000	320.000000
0	12.368000	13.913043	240.000000	320.000000
0	12.399000	13.913043	240.000000	320.000000
0	12.431000	13.913043	240.000000	320.000000
0	12.462000	13.913043	240.000000	320.000000
0	12.493000	13.913043	240.000000	320.000000
0	12.540000	13.913043	240.000000	320.000000
0	12.571000	13.913043	240.000000	320.000000
0	12.602000	13.913043	240.000000	320.000000
0	12.633000	13.913043	240.000000	320.000000
0	12.665000	13.913043	240.000000	320.000000
0	12.696000	13.913043	240.000000	320.000000
0	12.727000	13.913043	240.000000	320.000000
0	12.758000	13.913043	240.000000	320.000000
0	12.805000	13.913043	240.000000	320.000000
0	12.836000	13.913043	240.000000	320.000000
0	12.867000	13.913043	240.000000	320.000000
0	12.899000	13.913043	240.000000	320.000000
0	12.930000	13.913043	240.000000	320.000000
0	12.961000	13.913043	240.000000	320.000000
0	12.992000	13.913043	240.000000	320.000000
0	13.039000	13.913043	240.000000	320.000000
0	13.070000	13.913043	240.000000	320.000000
0	13.101000	13.913043	240.000000	320.000000
0	13.133000	13.913043	240.000000	320.000000
0	13.164000	13.913043	240.000000	320.000000
0	13.195000	13.913043	240.000000	320.000000
0	13.226000	13.913043	240.000000	320.000000
0	13.273000	13.913043	240.000000	320.000000
0	13.304000	13.913043	240.000000	320.000000
0	13.335000	13.913043	240.000000	320.000000
0	13.367000	13.913043	240.000000	320.000000
0	13.398000	13.913043	240.000000	320.000000
0	13.429000	13.913043	240.000000	320.000000
0	13.460000	13.913043	240.000000	320.000000
0	13.491000	13.913043	240.000000	320.000000
0	13.538000	13.913043	240.000000	320.000000
0	13.569000	13.913043	240.000000	320.000000
0	13.601000	13.913043	240.000000	320.000000
0	13.632000	13.913043	240.000000	320.000000
0	13.663000	13.913043	240.000000	320.000000
0	13.694000	13.913043	240.000000	320.000000
0	13.725000	13.913043	240.000000	320.000000
0	13.772000	13.913043	240.000000	320.000000
0	13.803000	13.913043	240.000000	320.000000
0	13.835000	13.913043	240.000000	320.000000
0	13.866000	13.913043	240.000000	320.000000
0	13.897000	13.913043	240.000000	320.000000
0	13.928000	13.913043	240.000000	320.000000
0	13.959000	13.913043	240.000000	320.000000
0	14.006000	13.913043	240.000000	320.000000
0	14.037000	13.913043	240.000000	320.000000
0	14.069000	13.913043	240.000000	320.000000
0	14.100000	13.913043	240.000000	320.000000
0	14.131000	13.913043	240.000000	320.000000
0	14.162000	13.913043	240.000000	320.000000
0	14.193000	13.913043	240.000000	320.000000
0	14.225000	13.913043	240.000000	320.000000
0	14.271000	13.913043	240.000000	320.000000
0	14.303000	13.913043	240.000000	320.000000
0	14.334000	13.913043	240.000000	320.000000
0	14.365000	13.913043	240.000000	320.000000
0	14.396000	13.913043	240.000000	320.000000
0	14.427000	13.913043	240.000000	320.000000
0	14.459000	13.913043	240.000000	320.000000
0	14.505000	13.913043	240.000000	320.000000
0	14.537000	13.913043	240.000000	320.000000
0	14.568000	13.913043	240.000000	320.000000
0	14.599000	13.913043	240.000000	320.000000
0	14.630000	13.913043	240.000000	320.000000
0	14.661000	13.913043	240.000000	320.000000
0	14.693000	13.913043	240.000000	320.000000
0	14.724000	13.913043	240.000000	320.000000
0	14.771000	13.913043	240.000000	320.000000
0	14.802000	13.913043	240.000000	320.000000
0	14.833000	13.913043	240.000000	320.000000
0	14.864000	13.913043	240.000000	320.000000
0	14.895000	13.913043	240.000000	320.000000
0	14.927000	13.913043	240.000000	320.000000
0	14.958000	13.913043	240.000000	320.000000
0	15.005000	13.913043	240.000000	320.000000
0	15.036000	13.913043	240.000000	320.000000
0	15.067000	13.913043	240.000000	320.000000
0	15.098000	13.913043	240.000000	320.000000
0	15.129000	13.913043	240.000000	320.000000
0	15.161000	13.913043	240.000000	320.000000
0	15.192000	13.913043	240.000000	320.000000
0	15.239000	13.913043	240.000000	320.000000
0	15.270000	13.913043	240.000000	320.000000
0	15.301000	13.913043	240.000000	320.000000
0	15.332000	13.913043	240.000000	320.000000
0	15.363000	13.913043	240.000000	320.000000
0	15.395000	13.913043	240.000000	320.000000
0	15.426000	13.913043	240.000000	320.000000
0	15.457000	13.913043	240.000000	320.000000
0	15.504000	13.913043	240.000000	320.000000
0	15.535000	13.913043	240.000000	320.000000
0	15.566000	13.913043	240.000000	320.000000
0	15.598000	13.913043	240.000000	320.000000
0	15.629000	13.913043	240.000000	320.000000
0	15.660000	13.913043	240.000000	320.000000
0	15.691000	13.913043	240.000000	320.000000
0	15.738000	13.913043	240.000000	320.000000
0	15.769000	13.913043	240.000000	320.000000
0	15.800000	13.913043	240.000000	320.000000
0	15.832000	13.913043	240.000000	320.000000
0	15.863000	13.913043	240.000000	320.000000
0	15.894000	13.913043	240.000000	320.000000
0	15.925000	13.913043	240.000000	320.000000
0	15.956000	13.913043	240.000000	320.000000
0	16.003000	13.913043	240.000000	320.000000
0	16.034000	13.913043	240.000000	320.000000
0	16.066000	13.913043	240.000000	320.000000
0	16.097000	13.913043	240.000000	320.000000
0	16.128000	13.913043	240.000000	320.000000
0	16.159000	13.913043	240.000000	320.000000
0	16.190000	13.913043	240.000000	320.000000
0	16.237000	13.913043	240.000000	320.000000
0	16.268000	13.913043	240.000000	320.000000
0	16.300000	13.913043	240.000000	320.000000
0	16.331000	13.913043	240.000000	320.000000
0	16.362000	13.913043	240.000000	320.000000
0	16.393000	13.913043	240.000000	320.000000
0	16.424000	13.913043	240.000000	320.000000
0	16.471000	13.913043	240.000000	320.000000
0	16.502000	13.913043	240.000000	320.000000
0	16.534000	13.913043	240.000000	320.000000
0	16.565000	13.913043	240.000000	320.000000
0	16.596000	13.913043	240.000000	320.000000
0	16.627000	13.913043	240.000000	320.000000
0	16.658000	13.913043	240.000000	320.000000
0	16.690000	13.913043	240.000000	320.000000
0	16.736000	13.913043	240.000000	320.000000
0	16.768000	13.913043	240.000000	320.000000
0	16.799000	13.913043	240.000000	320.000000
0	16.830000	13.913043	240.000000	320.000000
0	16.861000	13.913043	240.000000	320.000000
0	16.892000	13.913043	240.000000	320.000000
0	16.924000	13.913043	240.000000	320.000000
0	16.970000	13.913043	240.000000	320.000000
0	17.002000	13.913043	240.000000	320.000000
0	17.033000	13.913043	240.000000	320.000000
0	17.064000	13.913043	240.000000	320.000000
0	17.095000	13.913043	240.000000	320.000000
0	17.126000	13.913043	240.000000	320.000000
0	17.158000	13.913043	240.000000	320.000000
0	17.204000	13.913043	240.000000	320.000000
0	17.236000	13.913043	240.000000	320.000000
0	17.267000	13.913043	240.000000	320.000000
0	17.298000	13.913043	240.000000	320.000000
0	17.329000	13.913043	240.000000	320.000000
0	17.360000	13.913043	240.000000	320.000000
0	17.392000	13.913043	240.000000	320.000000
0	17.423000	13.913043	240.000000	320.000000
0	17.470000	13.913043	240.000000	320.000000
0	17.501000	13.913043	240.000000	320.000000
0	17.532000	13.913043	240.000000	320.000000
0	17.563000	13.913043	240.000000	320.000000
0	17.594000	13.913043	240.000000	320.000000
0	17.626000	13.913043	240.000000	320.000000
0	17.657000	13.913043	240.000000	320.000000
0	17.704000	13.913043	240.000000	320.000000
0	17.735000	13.913043	240.000000	320.000000
0	17.766000	13.913043	240.000000	320.000000
0	17.797000	13.913043	240.000000	320.000000
0	17.828000	13.913043	240.000000	320.000000
0	17.860000	13.913043	240.000000	320.000000
0	17.891000	13.913043	240.000000	320.000000
0	17.938000	13.913043	240.000000	320.000000
0	17.969000	13.913043	240.000000	320.000000
0	18.000000	13.913043	240.000000	320.000000
0	18.031000	13.913043	240.000000	320.000000
0	18.062000	13.913043	240.000000	320.000000
0	18.094000	13.913043	240.000000	320.000000
0	18.125000	13.913043	240.000000	320.000000
0	18.156000	13.913043	240.000000	320.000000
0	18.203000	13.913043	240.000000	320.000000
0	18.234000	13.913043	240.000000	320.000000
0	18.265000	13.913043	240.000000	320.000000
0	18.296000	13.913043	240.000000	320.000000
0	18.328000	13.913043	240.000000	320.000000
0	18.359000	13.913043	240.000000	320.000000
0	18.390000	13.913043	240.000000	320.000000
0	18.437000	13.913043	240.000000	320.000000
0	18.468000	13.913043	240.000000	320.000000
0	18.499000	13.913043	240.000000	320.000000
0	18.530000	13.913043	240.000000	320.000000
0	18.562000	13.913043	240.000000	320.000000
0	18.593000	13.913043	240.000000	320.000000
0	18.624000	13.913043	240.000000	320.000000
0	18.655000	13.913043	240.000000	320.000000
0	18.702000	13.913043	240.000000	320.000000
0	18.733000	13.913043	240.000000	320.000000
0	18.764000	13.913043	240.000000	320.000000
0	18.796000	13.913043	240.000000	320.000000
0	18.827000	13.913043	240.000000	320.000000
0	18.858000	13.913043	240.000000	320.000000
0	18.889000	13.913043	240.000000	320.000000
0	18.936000	13.913043	240.000000	320.000000
0	18.967000	13.913043	240.000000	320.000000
0	18.998000	13.913043	240.000000	320.000000
0	19.030000	13.913043	240.000000	320.000000
0	19.061000	13.913043	240.000000	320.000000
0	19.092000	13.913043	240.000000	320.000000
0	19.123000	13.913043	240.000000	320.000000
0	19.170000	13.913043	240.000000	320.000000
0	19.201000	13.913043	240.000000	320.000000
0	19.232000	13.913043	240.000000	320.000000
0	19.264000	13.913043	240.000000	320.000000
0	19.295000	13.913043	240.000000	320.000000
0	19.326000	13.913043	240.000000	320.000000
0	19.357000	13.913043	240.000000	320.000000
0	19.388000	13.913043	240.000000	320.000000
0	19.435000	13.913043	240.000000	320.000000
0	19.466000	13.913043	240.000000	320.000000
0	19.498000	13.913043	240.000000	320.000000
0	19.529000	13.913043	240.000000	320.000000
0	19.560000	13.913043	240.000000	320.000000
0	19.591000	13.913043	240.000000	320.000000
0	19.622000	13.913043	240.000000	320.000000
0	19.669000	13.913043	240.000000	320.000000
0	19.700000	13.913043	240.000000	320.000000
0	19.732000	13.913043	240.000000	320.000000
0	19.763000	13.913043	240.000000	320.000000
0	19.794000	13.913043	240.000000	320.000000
0	19.825000	13.913043	240.000000	320.000000
0	19.856000	13.913043	240.000000	320.000000
0	19.903000	13.913043	240.000000	320.000000
0	19.934000	13.913043	240.000000	320.000000
0	19.966000	13.913043	240.000000	320.000000
0	19.997000	13.913043	240.000000	320.000000
0	20.028000	13.913043	240.000000	320.000000
0	20.059000	13.913043	240.000000	320.000000
0	20.090000	13.913043	240.000000	320.000000
0	20.122000	13.913043	240.000000	320.000000
0	20.168000	13.913043	240.000000	320.000000
0	20.200000	13.913043	240.000000	320.000000
0	20.231000	13.913043	240.000000	320.000000
0	20.262000	13.913043	240.000000	320.000000
0	20.293000	13.913043	240.000000	320.000000
0	20.324000	13.913043	240.000000	320.000000
0	20.356000	13.913043	240.000000	320.000000
0	20.402000	13.913043	240.000000	320.000000
0	20.434000	13.913043	240.000000	320.000000
0	20.465000	13.913043	240.000000	320.000000
0	20.496000	13.913043	240.000000	320.000000
0	20.527000	13.913043	240.000000	320.000000
0	20.558000	13.913043	240.000000	320.000000
0	20.590000	13.913043	240.000000	320.000000
0	20.636000	13.913043	240.000000	320.000000
0	20.668000	13.913043	240.000000	320.000000
0	20.699000	13.913043	240.000000	320.000000
0	20.730000	13.913043	240.000000	320.000000
0	20.761000	13.913043	240.000000	320.000000
0	20.792000	13.913043	240.000000	320.000000
0	20.824000	13.913043	240.000000	320.000000
0	20.855000	13.913043	240.000000	320.000000
0	20.902000	13.913043	240.000000	320.000000
0	20.933000	13.913043	240.000000	320.000000
0	20.964000	13.913043	240.000000	320.000000
0	20.995000	13.913043	240.000000	320.000000
0	21.026000	13.913043	240.000000	320.000000
0	21.058000	13.913043	240.000000	320.000000
0	21.089000	13.913043	240.000000	320.000000
0	21.136000	13.913043	240.000000	320.000000
0	21.167000	13.913043	240.000000	320.000000
0	21.198000	13.913043	240.000000	320.000000
0	21.229000	13.913043	240.000000	320.000000
0	21.260000	13.913043	240.000000	320.000000
0	21.292000	13.913043	240.000000	320.000000
0	21.323000	13.913043	240.000000	320.000000
0	21.354000	13.913043	240.000000	320.000000
0	21.401000	13.913043	240.000000	320.000000
0	21.432000	13.913043	240.000000	320.000000
0	21.463000	13.913043	240.000000	320.000000
0	21.494000	13.913043	240.000000	320.000000
0	21.526000	13.913043	240.000000	320.000000
0	21.557000	13.913043	240.000000	320.000000
0	21.588000	13.913043	240.000000	320.000000
0	21.635000	13.913043	240.000000	320.000000
0	21.666000	13.913043	240.000000	320.000000
0	21.697000	13.913043	240.000000	320.000000
0	21.728000	13.913043	240.000000	320.000000
0	21.760000	13.913043	240.000000	320.000000
0	21.791000	13.913043	240.000000	320.000000
0	21.822000	13.913043	240.000000	320.000000
0	21.869000	13.913043	240.000000	320.000000
0	21.900000	13.913043	240.000000	320.000000
0	21.931000	13.913043	240.000000	320.000000
0	21.962000	13.913043	240.000000	320.000000
0	21.994000	13.913043	240.000000	320.000000
0	22.025000	13.913043	240.000000	320.000000
0	22.056000	13.913043	240.000000	320.000000
0	22.087000	13.913043	240.000000	320.000000
0	22.134000	13.913043	240.000000	320.000000
0	22.165000	13.913043	240.000000	320.000000
0	22.196000	13.913043	240.000000	320.000000
0	22.228000	13.913043	240.000000	320.000000
0	22.259000	13.913043	240.000000	320.000000
0	22.290000	13.913043	240.000000	320.000000
0	22.321000	13.913043	240.000000	320.000000
0	22.368000	13.913043	240.000000	320.000000
0	22.399000	13.913043	240.000000	320.000000
0	22.430000	13.913043	240.000000	320.000000
0	22.462000	13.913043	240.000000	320.000000
0	22.493000	13.913043	240.000000	320.000000
0	22.524000	13.913043	240.000000	320.000000
0	22.555000	13.913043	240.000000	320.000000
0	22.586000	13.913043	240.000000	320.000000
0	22.633000	13.913043	240.000000	320.000000
0	22.664000	13.913043	240.000000	320.000000
0	22.696000	13.913043	240.000000	320.000000
0	22.727000	13.913043	240.000000	320.000000
0	22.758000	13.913043	240.000000	320.000000
0	22.789000	13.913043	240.000000	320.000000
0	22.820000	13.913043	240.000000	320.000000
0	22.867000	13.913043	240.000000	320.000000
0	22.898000	13.913043	240.000000	320.000000
0	22.930000	13.913043	240.000000	320.000000
0	22.961000	13.913043	240.000000	320.000000
0	22.992000	13.913043	240.000000	320.000000
0	23.023000	13.913043	240.000000	320.000000
0	23.054000	13.913043	240.000000	320.000000
0	23.101000	13.913043	240.000000	320.000000
0	23.132000	13.913043	240.000000	320.000000
0	23.164000	13.913043	240.000000	320.000000
0	23.195000	13.913043	240.000000	320.000000
0	23.226000	13.913043	240.000000	320.000000
0	23.257000	13.913043	240.000000	320.000000
0	23.288000	13.913043	240.000000	320.000000
0	23.320000	13.913043	240.000000	320.000000
0	23.366000	13.913043	240.000000	320.000000
0	23.398000	13.913043	240.000000	320.000000
0	23.429000	13.913043	240.000000	320.000000
0	23.460000	13.913043	240.000000	320.000000
0	23.491000	13.913043	240.000000	320.000000
0	23.522000	13.913043	240.000000	320.000000
0	23.554000	13.913043	240.000000	320.000000
0	23.600000	13.913043	240.000000	320.000000
0	23.632000	13.913043	240.000000	320.000000
0	23.663000	13.913043	240.000000	320.000000
0	23.694000	13.913043	240.000000	320.000000
0	23.725000	13.913043	240.000000	320.000000
0	23.756000	13.913043	240.000000	320.000000
0	23.788000	13.913043	240.000000	320.000000
0	23.834000	13.913043	240.000000	320.000000
0	23.866000	13.913043	240.000000	320.000000
0	23.897000	13.913043	240.000000	320.000000
0	23.928000	13.913043	240.000000	320.000000
0	23.959000	13.913043	240.000000	320.000000
0	23.990000	13.913043	240.000000	320.000000
0	24.022000	13.913043	240.000000	320.000000
0	24.053000	13.913043	240.000000	320.000000
0	24.100000	13.913043	240.000000	320.000000
0	24.131000	13.913043	240.000000	320.000000
0	24.162000	13.913043	240.000000	320.000000
0	24.193000	13.913043	240.000000	320.000000
0	24.224000	13.913043	240.000000	320.000000
0	24.256000	13.913043	240.000000	320.000000
0	24.287000	13.913043	240.000000	320.000000
0	24.334000	13.913043	240.000000	320.000000
0	24.365000	13.913043	240.000000	320.000000
0	24.396000	13.913043	240.000000	320.000000
0	24.427000	13.913043	240.000000	320.000000
0	24.458000	13.913043	240.000000	320.000000
0	24.490000	13.913043	240.000000	320.000000
0	24.521000	13.913043	240.000000	320.000000
0	24.568000	13.913043	240.000000	320.000000
0	24.599000	13.913043	240.000000	320.000000
0	24.630000	13.913043	240.000000	320.000000
0	24.661000	13.913043	240.000000	320.000000
0	24.692000	13.913043	240.000000	320.000000
0	24.724000	13.913043	240.000000	320.000000
0	24.755000	13.913043	240.000000	320.000000
0	24.786000	13.913043	240.000000	320.000000
0	24.833000	13.913043	240.000000	320.000000
0	24.864000	13.913043	240.000000	320.000000
0	24.895000	13.913043	240.000000	320.000000
0	24.926000	13.913043	240.000000	320.000000
0	24.958000	13.913043	240.000000	320.000000
0	24.989000	13.913043	240.000000	320.000000
0	25.020000	13.913043	240.000000	320.000000
0	25.067000	13.913043	240.000000	320.000000
0	25.098000	13.913043	240.000000	320.000000
0	25.129000	13.913043	240.000000	320.000000
0	25.160000	13.913043	240.000000	320.000000
0	25.192000	13.913043	240.000000	320.000000
0	25.223000	13.913043	240.000000	320.000000
0	25.254000	13.913043	240.000000	320.000000
0	25.301000	13.913043	240.000000	320.000000
0	25.332000	13.913043	240.000000	320.000000
0	25.363000	13.913043	240.000000	320.000000
0	25.394000	13.913043	240.000000	320.000000
0	25.426000	13.913043	240.000000	320.000000
0	25.457000	13.913043	240.000000	320.000000
0	25.488000	13.913043	240.000000	320.000000
0	25.519000	13.913043	240.000000	320.000000
0	25.566000	13.913043	240.000000	320.000000
0	25.597000	13.913043	240.000000	320.000000
0	25.628000	13.913043	240.000000	320.000000
0	25.660000	13.913043	240.000000	320.000000
0	25.691000	13.913043	240.000000	320.000000
0	25.722000	13.913043	240.000000	320.000000
0	25.753000	13.913043	240.000000	320.000000
0	25.800000	13.913043	240.000000	320.000000
0	25.831000	13.913043	240.000000	320.000000
0	25.862000	13.913043	240.000000	320.000000
0	25.894000	13.913043	240.000000	320.000000
0	25.925000	13.913043	240.000000	320.000000
0	25.956000	13.913043	240.000000	320.000000
0	25.987000	13.913043	240.000000	320.000000
0	26.034000	13.913043	240.000000	320.000000
0	26.065000	13.913043	240.000000	320.000000
0	26.096000	13.913043	240.000000	320.000000
0	26.128000	13.913043	240.000000	320.000000
0	26.159000	13.913043	240.000000	320.000000
0	26.190000	13.913043	240.000000	320.000000
0	26.221000	13.913043	240.000000	320.000000
0	26.252000	13.913043	240.000000	320.000000
0	26.299000	13.913043	240.000000	320.000000
0	26.330000	13.913043	240.000000	320.000000
0	26.362000	13.913043	240.000000	320.000000
0	26.393000	13.913043	240.000000	320.000000
0	26.424000	13.913043	240.000000	320.000000
0	26.455000	13.913043	240.000000	320.000000
0	26.486000	13.913043	240.000000	320.000000
0	26.518000	13.913043	240.000000	320.000000
0	26.564000	13.913043	240.000000	320.000000
0	26.596000	13.913043	240.000000	320.000000
0	26.627000	13.913043	240.000000	320.000000
0	26.658000	13.913043	240.000000	320.000000
0	26.689000	13.913043	240.000000	320.000000
0	26.720000	13.913043	240.000000	320.000000
0	26.752000	13.913043	240.000000	320.000000
0	26.798000	13.913043	240.000000	320.000000
0	26.830000	13.913043	240.000000	320.000000
0	26.861000	13.913043	240.000000	320.000000
0	26.892000	13.913043	240.000000	320.000000
0	26.923000	13.913043	240.000000	320.000000
0	26.954000	13.913043	240.000000	320.000000
0	26.986000	13.913043	240.000000	320.000000
0	27.032000	13.913043	240.000000	320.000000
0	27.064000	13.913043	240.000000	320.000000
0	27.095000	13.913043	240.000000	320.000000
0	27.126000	13.913043	240.000000	320.000000
0	27.157000	13.913043	240.000000	320.000000
0	27.188000	13.913043	240.000000	320.000000
0	27.220000	13.913043	240.000000	320.000000
0	27.251000	13.913043	240.000000	320.000000
0	27.298000	13.913043	240.000000	320.000000
0	27.329000	13.913043	240.000000	320.000000
0	27.360000	13.913043	240.000000	320.000000
0	27.391000	13.913043	240.000000	320.000000
0	27.422000	13.913043	240.000000	320.000000
0	27.454000	13.913043	240.000000	320.000000
0	27.485000	13.913043	240.000000	320.000000
0	27.532000	13.913043	240.000000	320.000000
0	27.563000	13.913043	240.000000	320.000000
0	27.594000	13.913043	240.000000	320.000000
0	27.625000	13.913043	240.000000	320.000000
0	27.656000	13.913043	240.000000	320.000000
0	27.688000	13.913043	240.000000	320.000000
0	27.719000	13.913043	240.000000	320.000000
0	27.766000	13.913043	240.000000	320.000000
0	27.797000	13.913043	240.000000	320.000000
0	27.828000	13.913043	240.000000	320.000000
0	27.859000	13.913043	240.000000	320.000000
0	27.890000	13.913043	240.000000	320.000000
0	27.922000	13.913043	240.000000	320.000000
0	27.953000	13.913043	240.000000	320.000000
0	27.984000	13.913043	240.000000	320.000000
0	28.031000	13.913043	240.000000	320.000000
0	28.062000	13.913043	240.000000	320.000000
0	28.093000	13.913043	240.000000	320.000000
0	28.124000	13.913043	240.000000	320.000000
0	28.156000	13.913043	240.000000	320.000000
0	28.187000	13.913043	240.000000	320.000000
0	28.218000	13.913043	240.000000	320.000000
0	28.265000	13.913043	240.000000	320.000000
0	28.296000	13.913043	240.000000	320.000000
0	28.327000	13.913043	240.000000	320.000000
0	28.358000	13.913043	240.000000	320.000000
0	28.390000	13.913043	240.000000	320.000000
0	28.421000	13.913043	240.000000	320.000000
0	28.452000	13.913043	240.000000	320.000000
0	28.499000	13.913043	240.000000	320.000000
0	28.530000	13.913043	240.000000	320.000000
0	28.561000	13.913043	240.000000	320.000000
0	28.592000	13.913043	240.000000	320.000000
0	28.624000	13.913043	240.000000	320.000000
0	28.655000	13.913043	240.000000	320.000000
0	28.686000	13.913043	240.000000	320.000000
0	28.717000	13.913043	240.000000	320.000000
0	28.764000	13.913043	240.000000	320.000000
0	28.795000	13.913043	240.000000	320.000000
0	28.826000	13.913043	240.000000	320.000000
0	28.858000	13.913043	240.000000	320.000000
0	28.889000	13.913043	240.000000	320.000000
0	28.920000	13.913043	240.000000	320.000000
0	28.951000	13.913043	240.000000	320.000000
0	28.998000	13.913043	240.000000	320.000000
0	29.029000	13.913043	240.000000	320.000000
0	29.060000	13.913043	240.000000	320.000000
0	29.092000	13.913043	240.000000	320.000000
0	29.123000	13.913043	240.000000	320.000000
0	29.154000	13.913043	240.000000	320.000000
0	29.185000	13.913043	240.000000	320.000000
0	29.232000	13.913043	240.000000	320.000000
0	29.263000	13.913043	240.000000	320.000000
0	29.294000	13.913043	240.000000	320.000000
0	29.326000	13.913043	240.000000	320.000000
0	29.357000	13.913043	240.000000	320.000000
0	29.388000	13.913043	240.000000	320.000000
0	29.419000	13.913043	240.000000	320.000000
0	29.450000	13.913043	240.000000	320.000000
0	29.497000	13.913043	240.000000	320.000000
0	29.528000	13.913043	240.000000	320.000000
0	29.560000	13.913043	240.000000	320.000000
0	29.591000	13.913043	240.000000	320.000000
0	29.622000	13.913043	240.000000	320.000000
0	29.653000	13.913043	240.000000	320.000000
0	29.684000	13.913043	240.000000	320.000000
0	29.731000	13.913043	240.000000	320.000000
0	29.762000	13.913043	240.000000	320.000000
0	29.794000	13.913043	240.000000	320.000000
0	29.825000	13.913043	240.000000	320.000000
0	29.856000	13.913043	240.000000	320.000000
0	29.887000	13.913043	240.000000	320.000000
0	29.918000	13.913043	240.000000	320.000000
0	29.965000	13.913043	240.000000	320.000000
<\LEFT-PUPIL-DATA>
<RIGHT-PUPIL-ANALYSIS>
1
0	0	17	902	0	0	0.509000	29.518000	0.509000	100.059952	0.000000	0.000000	0.000000	0	3	3	3	3	0	0	0	0.000000	0.000000	0.000000	0.000000	0.000000	0.000000	0.000000	-1.000000	0.000000	0	1.586319	0.659139	1.976626	0.342791	10.393001	-0.088320	-1.622244	-1.000000	0.932790	1	1.586319	0.659139	1.976626	0.342791	10.393001	-0.988151	-1.622247	-1.000000	0.917953
<\RIGHT-PUPIL-ANALYSIS>
<LEFT-PUPIL-ANALYSIS>
1
0	0	17	901	0	0	0.509000	29.518000	0.509000	100.059952	0.000000	0.000000	0.000000	0	3	3	3	3	0	0	0	0.000000	0.000000	0.000000	0.000000	0.000000	0.000000	0.000000	-1.000000	0.000000	0	-0.034783	-0.034783	0.000950	0.000950	0.003000	0.000000	0.000000	-1.000000	0.000000	1	-0.034783	-0.034783	0.000950	0.000950	0.003000	-1000000.000000	-1000000.000000	-1.000000	0.000000
<\LEFT-PUPIL-ANALYSIS>
%%%%%%%%%
%%%%%%%%%
%%%%%%%%%
%%%	Measurement Tiime is: 2017-09-05 09:59:31
%%%	Subject ID is: c57-1mois-F1-2b
%%%	Note: 
%%%	RSS: Default Human Relative Spectral Sensitivity
%%%	Pupil Analysis:
%%%
%%%
%%%
%%%	Pulse Index:	0
%%%	Stimulus Session Index:	0
%%%	Right Pupil Stimulated
%%%	Light Metric is Photopic
%%%	Stimulus Start Time(sec):	0.51
%%%	Stimulus Duration(sec):	29.52
%%%	Stimulus Pulse Duration(sec):	0.51
%%%	Right Pulse:	100.06	(Blue )	-	0.00	(Blue )	[Lux ]
%%%	Left Pulse:	0.00	(Blue )	-	0.00	(Blue )	[Lux ]
%%%
%%%		RIGHT	LEFT	R.Pupil Mean	L.Pupil Mean	R.Stim Mean	R.Stim Mean
%%%	INPUT:	RAW DATA	RAW DATA
%%%	STATE:	ABNORMAL	ABNORMAL	ABNORMAL	ABNORMAL	ABNORMAL	ABNORMAL
%%%	MAX(mm):	0.00	0.00	0.00	0.00	0.00	0.00
%%%	MIN(mm):	0.00	0.00	0.00	0.00	0.00	0.00
%%%	DELTA(mm):						
%%%	CH(%):						
%%%	LAT(sec):	0.00	0.00	0.00	0.00	0.00	0.00
%%%	CV(mm/s):	0.00	0.00	0.00	0.00	0.00	0.00
%%%	MCV(mm/s):	0.00	0.00	0.00	0.00	0.00	0.00
%%%	DV(mm/s):	0.00	0.00	0.00	0.00	0.00	0.00
%%%%%%%%%
%%%%%%%%%
%%%%%%%%%
%%%	Right Pupil Profile (1st row -> 1 == valid tracking, 0 == invalid tracking; 2nd row -> time; 3rd row -> diameter (mm))
%%%	1	1	1	1	1	1	1	1	1	1	1	1	1	1	1	1	1	1	1	1	1	1	1	1	1	1	1	1	1	1	1	1	1	1	1	1	1	1	1	1	1	0	1	1	1	1	1	0	0	0	0	1	0	0	0	0	0	1	0	1	1	1	0	1	1	1	0	0	0	0	0	0	1	1	0	0	1	0	0	0	0	0	1	1	1	0	1	1	1	0	0	0	0	1	0	1	0	0	0	1	1	0	1	1	1	0	0	0	1	0	1	0	0	0	0	0	1	0	0	0	0	0	1	0	0	0	1	0	1	0	0	1	0	0	1	1	0	1	0	1	0	1	1	1	1	1	0	1	1	1	1	0	1	0	1	1	1	0	0	0	0	0	1	1	1	0	1	0	0	1	1	0	0	0	1	1	0	0	1	1	1	0	1	1	1	0	0	1	0	1	0	1	1	0	0	0	0	0	1	0	0	1	0	0	1	1	1	0	1	1	0	0	1	1	0	1	0	0	1	0	0	0	0	1	0	0	1	0	1	0	0	1	1	0	1	1	1	0	1	0	0	0	0	0	0	1	1	1	0	1	0	0	0	1	1	1	0	0	1	0	1	0	1	0	0	1	0	0	1	0	0	0	1	0	0	0	0	1	0	1	1	1	0	0	0	1	1	0	0	1	1	0	0	0	1	0	1	0	1	0	0	1	0	1	1	1	0	1	1	0	1	1	0	0	0	0	0	1	0	1	0	0	0	0	1	0	0	1	1	1	0	1	1	1	1	0	1	0	1	0	0	1	1	1	0	0	1	0	1	1	1	0	1	0	0	0	0	1	0	1	1	0	0	1	1	1	1	1	0	1	1	0	1	0	0	0	0	0	1	0	0	0	0	0	0	1	1	1	1	1	0	1	0	0	1	1	0	0	1	0	1	0	0	0	1	1	1	1	1	1	0	0	1	1	1	0	1	0	0	0	0	1	0	0	0	1	1	1	0	0	1	0	1	1	1	1	1	0	0	1	1	1	0	0	0	1	0	1	0	0	1	0	1	0	1	0	1	1	0	1	0	0	0	1	1	0	0	1	1	1	1	1	1	0	1	1	0	1	1	0	1	1	0	0	1	0	0	0	0	0	0	0	1	1	0	0	0	0	0	0	0	0	1	0	0	0	1	0	1	0	1	0	1	0	0	1	0	0	0	0	1	1	0	1	0	0	0	1	0	0	1	1	0	1	1	1	0	0	1	0	0	0	1	0	0	0	1	1	1	0	0	0	0	0	1	0	0	0	0	0	1	0	0	1	0	1	0	1	0	0	0	1	1	1	1	0	0	1	0	0	0	1	1	0	1	1	0	0	0	1	0	1	1	0	0	0	0	1	0	1	1	0	0	0	0	1	0	0	0	1	0	0	0	1	0	0	1	1	1	0	1	1	0	1	1	0	1	0	1	0	1	1	0	0	1	1	1	1	0	1	1	1	1	1	1	1	1	1	1	1	1	1	1	0	1	1	1	1	1	1	1	0	1	1	1	1	1	1	1	1	1	1	1	1	1	1	1	1	1	1	0	1	1	1	1	1	0	1	1	1	1	1	0	1	1	1	1	1	1	1	1	1	1	1	0	1	1	1	1	1	1	1	1	1	1	1	0	1	0	1	1	1	0	0	1	1	1	1	1	1	1	1	1	1	1	0	1	1	1	0	1	1	1	1	1	1	1	1	1	1	1	1	1	1	1	1	1	1	0	1	1	1	1	1	1	1	1	1	1	1	1	1	1	1	0	1	1	1	1	1	1	1	1	1	1	1	1	1	1	1	1	0	1	1	1	1	0	1	1	0	1	1	1	1	1	1	1	1	1	1	1	0	1	1	1	1	1	1	1	1	1	1	1	1	1	0	1	1	1	1	1	1	1	0	1	1	1	1	1	1	1	1	1	1	1	1	1	1	1	1	0	1	1	1	1	1	1	1	1	1	1	1	1	1	0	1	1	1	1	1	1	1	1	1	1	1	1	1	1	1	1	1	1	0	1	1	1	0	1	0	0	1	1	1	1	1	1	1	1	1	1	1	0
%%%	-0.065000	-0.018000	0.013000	0.044000	0.075000	0.106000	0.138000	0.169000	0.216000	0.247000	0.278000	0.309000	0.340000	0.372000	0.403000	0.450000	0.481000	0.512000	0.543000	0.574000	0.606000	0.637000	0.668000	0.715000	0.746000	0.777000	0.808000	0.840000	0.871000	0.902000	0.949000	0.980000	1.011000	1.042000	1.074000	1.105000	1.136000	1.167000	1.214000	1.245000	1.276000	1.308000	1.339000	1.370000	1.401000	1.448000	1.479000	1.510000	1.542000	1.573000	1.604000	1.635000	1.682000	1.713000	1.744000	1.776000	1.807000	1.838000	1.869000	1.900000	1.947000	1.978000	2.010000	2.041000	2.072000	2.103000	2.134000	2.181000	2.212000	2.244000	2.275000	2.306000	2.337000	2.368000	2.415000	2.446000	2.478000	2.509000	2.540000	2.571000	2.602000	2.634000	2.680000	2.712000	2.743000	2.774000	2.805000	2.836000	2.868000	2.914000	2.946000	2.977000	3.008000	3.039000	3.070000	3.102000	3.133000	3.180000	3.211000	3.242000	3.273000	3.304000	3.336000	3.367000	3.414000	3.445000	3.476000	3.507000	3.538000	3.570000	3.601000	3.648000	3.679000	3.710000	3.741000	3.772000	3.804000	3.835000	3.866000	3.913000	3.944000	3.975000	4.006000	4.038000	4.069000	4.100000	4.147000	4.178000	4.209000	4.240000	4.272000	4.303000	4.334000	4.381000	4.412000	4.443000	4.474000	4.506000	4.537000	4.568000	4.599000	4.646000	4.677000	4.708000	4.740000	4.771000	4.802000	4.833000	4.880000	4.911000	4.942000	4.974000	5.005000	5.036000	5.067000	5.098000	5.145000	5.176000	5.208000	5.239000	5.270000	5.301000	5.332000	5.379000	5.410000	5.442000	5.473000	5.504000	5.535000	5.566000	5.613000	5.644000	5.676000	5.707000	5.738000	5.769000	5.800000	5.832000	5.878000	5.910000	5.941000	5.972000	6.003000	6.034000	6.066000	6.112000	6.144000	6.175000	6.206000	6.237000	6.268000	6.300000	6.346000	6.378000	6.409000	6.440000	6.471000	6.502000	6.534000	6.565000	6.612000	6.643000	6.674000	6.705000	6.736000	6.768000	6.799000	6.846000	6.877000	6.908000	6.939000	6.970000	7.002000	7.033000	7.080000	7.111000	7.142000	7.173000	7.204000	7.236000	7.267000	7.298000	7.345000	7.376000	7.407000	7.438000	7.470000	7.501000	7.532000	7.579000	7.610000	7.641000	7.672000	7.704000	7.735000	7.766000	7.813000	7.844000	7.875000	7.906000	7.938000	7.969000	8.000000	8.031000	8.078000	8.109000	8.140000	8.172000	8.203000	8.234000	8.265000	8.312000	8.343000	8.374000	8.406000	8.437000	8.468000	8.499000	8.546000	8.577000	8.608000	8.640000	8.671000	8.702000	8.733000	8.764000	8.811000	8.842000	8.874000	8.905000	8.936000	8.967000	8.998000	9.030000	9.076000	9.108000	9.139000	9.170000	9.201000	9.232000	9.264000	9.310000	9.342000	9.373000	9.404000	9.435000	9.466000	9.498000	9.544000	9.576000	9.607000	9.638000	9.669000	9.700000	9.732000	9.763000	9.810000	9.841000	9.872000	9.903000	9.934000	9.966000	9.997000	10.044000	10.075000	10.106000	10.137000	10.168000	10.200000	10.231000	10.278000	10.309000	10.340000	10.371000	10.402000	10.434000	10.465000	10.496000	10.543000	10.574000	10.605000	10.636000	10.668000	10.699000	10.730000	10.777000	10.808000	10.839000	10.870000	10.902000	10.933000	10.964000	11.011000	11.042000	11.073000	11.104000	11.136000	11.167000	11.198000	11.229000	11.276000	11.307000	11.338000	11.370000	11.401000	11.432000	11.463000	11.510000	11.541000	11.572000	11.604000	11.635000	11.666000	11.697000	11.744000	11.775000	11.806000	11.838000	11.869000	11.900000	11.931000	11.962000	12.009000	12.040000	12.072000	12.103000	12.134000	12.165000	12.196000	12.243000	12.274000	12.306000	12.337000	12.368000	12.399000	12.430000	12.477000	12.508000	12.540000	12.571000	12.602000	12.633000	12.664000	12.696000	12.742000	12.774000	12.805000	12.836000	12.867000	12.898000	12.930000	12.961000	13.008000	13.039000	13.070000	13.101000	13.132000	13.164000	13.195000	13.242000	13.273000	13.304000	13.335000	13.366000	13.398000	13.429000	13.476000	13.507000	13.538000	13.569000	13.600000	13.632000	13.663000	13.694000	13.741000	13.772000	13.803000	13.834000	13.866000	13.897000	13.928000	13.975000	14.006000	14.037000	14.068000	14.100000	14.131000	14.162000	14.209000	14.240000	14.271000	14.302000	14.334000	14.365000	14.396000	14.427000	14.474000	14.505000	14.536000	14.568000	14.599000	14.630000	14.661000	14.708000	14.739000	14.770000	14.802000	14.833000	14.864000	14.895000	14.942000	14.973000	15.004000	15.036000	15.067000	15.098000	15.129000	15.160000	15.207000	15.238000	15.270000	15.301000	15.332000	15.363000	15.394000	15.441000	15.472000	15.504000	15.535000	15.566000	15.597000	15.629000	15.675000	15.707000	15.738000	15.769000	15.800000	15.831000	15.863000	15.894000	15.941000	15.972000	16.003000	16.034000	16.065000	16.097000	16.128000	16.175000	16.206000	16.237000	16.268000	16.299000	16.331000	16.362000	16.409000	16.440000	16.471000	16.502000	16.533000	16.565000	16.596000	16.627000	16.674000	16.705000	16.736000	16.767000	16.799000	16.830000	16.861000	16.908000	16.939000	16.970000	17.001000	17.033000	17.064000	17.095000	17.126000	17.173000	17.204000	17.235000	17.267000	17.298000	17.329000	17.360000	17.407000	17.438000	17.469000	17.501000	17.532000	17.563000	17.594000	17.625000	17.672000	17.703000	17.735000	17.766000	17.797000	17.828000	17.859000	17.906000	17.937000	17.969000	18.000000	18.031000	18.062000	18.093000	18.140000	18.171000	18.203000	18.234000	18.265000	18.296000	18.327000	18.359000	18.405000	18.437000	18.468000	18.499000	18.530000	18.561000	18.593000	18.639000	18.671000	18.702000	18.733000	18.764000	18.795000	18.827000	18.873000	18.905000	18.936000	18.967000	18.998000	19.029000	19.061000	19.092000	19.139000	19.170000	19.201000	19.232000	19.263000	19.295000	19.326000	19.373000	19.404000	19.435000	19.466000	19.497000	19.529000	19.560000	19.607000	19.638000	19.669000	19.700000	19.731000	19.763000	19.794000	19.825000	19.872000	19.903000	19.934000	19.965000	19.997000	20.028000	20.059000	20.106000	20.137000	20.168000	20.199000	20.231000	20.262000	20.293000	20.340000	20.371000	20.402000	20.433000	20.465000	20.496000	20.527000	20.558000	20.605000	20.636000	20.667000	20.699000	20.730000	20.761000	20.792000	20.839000	20.870000	20.901000	20.933000	20.964000	20.995000	21.026000	21.057000	21.104000	21.135000	21.167000	21.198000	21.229000	21.260000	21.291000	21.338000	21.369000	21.401000	21.432000	21.463000	21.494000	21.525000	21.572000	21.603000	21.635000	21.666000	21.697000	21.728000	21.759000	21.791000	21.837000	21.869000	21.900000	21.931000	21.962000	21.993000	22.025000	22.071000	22.103000	22.134000	22.165000	22.196000	22.227000	22.259000	22.305000	22.337000	22.368000	22.399000	22.430000	22.461000	22.493000	22.524000	22.571000	22.602000	22.633000	22.664000	22.695000	22.727000	22.758000	22.805000	22.836000	22.867000	22.898000	22.929000	22.961000	22.992000	23.023000	23.070000	23.101000	23.132000	23.163000	23.195000	23.226000	23.257000	23.304000	23.335000	23.366000	23.397000	23.429000	23.460000	23.491000	23.538000	23.569000	23.600000	23.631000	23.663000	23.694000	23.725000	23.756000	23.803000	23.834000	23.865000	23.897000	23.928000	23.959000	23.990000	24.037000	24.068000	24.099000	24.131000	24.162000	24.193000	24.224000	24.271000	24.302000	24.333000	24.365000	24.396000	24.427000	24.458000	24.489000	24.536000	24.567000	24.599000	24.630000	24.661000	24.692000	24.723000	24.770000	24.801000	24.833000	24.864000	24.895000	24.926000	24.957000	24.989000	25.035000	25.067000	25.098000	25.129000	25.160000	25.191000	25.223000	25.269000	25.301000	25.332000	25.363000	25.394000	25.425000	25.457000	25.503000	25.535000	25.566000	25.597000	25.628000	25.659000	25.691000	25.722000	25.769000	25.800000	25.831000	25.862000	25.893000	25.925000	25.956000	26.003000	26.034000	26.065000	26.096000	26.127000	26.159000	26.190000	26.237000	26.268000	26.299000	26.330000	26.361000	26.393000	26.424000	26.455000	26.502000	26.533000	26.564000	26.595000	26.627000	26.658000	26.689000	26.736000	26.767000	26.798000	26.829000	26.861000	26.892000	26.923000	26.970000	27.001000	27.032000	27.063000	27.095000	27.126000	27.157000	27.188000	27.235000	27.266000	27.297000	27.329000	27.360000	27.391000	27.422000	27.469000	27.500000	27.531000	27.563000	27.594000	27.625000	27.656000	27.703000	27.734000	27.765000	27.797000	27.828000	27.859000	27.890000	27.921000	27.968000	27.999000	28.031000	28.062000	28.093000	28.124000	28.155000	28.202000	28.233000	28.265000	28.296000	28.327000	28.358000	28.389000	28.436000	28.467000	28.499000	28.530000	28.561000	28.592000	28.623000	28.655000	28.701000	28.733000	28.764000	28.795000	28.826000	28.857000	28.889000	28.920000	28.967000	28.998000	29.029000	29.060000	29.091000	29.123000	29.154000	29.201000	29.232000	29.263000	29.294000	29.325000	29.357000	29.388000	29.435000	29.466000	29.497000	29.528000	29.559000	29.591000	29.622000	29.653000	29.700000	29.731000	29.762000	29.793000	29.825000	29.856000	29.887000	29.934000	29.965000	29.996000
%%%	1.565797	1.565217	1.566812	1.565797	1.565797	1.584928	1.575073	1.547826	1.538406	1.568551	1.539855	1.579855	1.583623	1.566232	1.565217	1.562029	1.542029	1.568406	1.621159	1.575073	1.575073	1.576667	1.583623	1.562029	1.565797	1.570145	1.575073	1.567826	1.578841	1.522464	1.498986	1.485942	1.449275	1.414203	1.388551	1.344638	1.331884	1.307101	1.292464	1.246232	1.217246	0.730435	1.207101	1.135797	1.142464	1.131449	1.122899	0.616667	0.901449	0.672899	0.871159	1.044638	0.911449	0.985507	0.800000	0.931015	0.823188	0.933768	0.902753	0.843478	0.914203	0.835362	0.452174	0.821159	0.831015	0.793768	0.777681	0.494493	0.496956	0.481594	0.730435	0.730435	0.770725	0.755797	0.507681	0.483768	0.770145	0.752899	0.347826	0.459275	0.457536	0.434783	0.749855	0.790290	0.750145	0.416232	0.748406	0.735797	0.724638	0.453043	0.751015	0.559855	0.412029	0.742319	0.730435	0.777536	0.479855	0.438551	0.592464	0.811884	0.752754	0.352899	0.831159	0.814058	0.811594	0.759275	0.347826	0.353623	0.804348	0.731014	0.809420	0.800000	0.394058	0.742319	0.508986	0.625507	0.801015	0.484928	0.800000	0.452174	0.568551	0.652319	0.782754	0.442464	0.483623	0.800000	0.833623	0.800000	0.877246	0.486957	0.602899	0.870580	0.804928	0.521015	0.863623	0.866812	0.539710	0.881159	0.556522	0.863768	0.812464	0.875507	0.857102	0.824638	0.846377	0.865797	0.805797	0.920725	0.885362	0.857681	0.894493	0.838985	0.857536	0.672899	0.857971	0.788406	0.814058	0.451015	0.866232	0.487971	0.709420	0.568841	0.842898	0.892754	0.857971	0.776812	0.831884	0.800000	0.575362	0.871594	0.894058	0.542319	0.800000	0.614493	0.815507	0.905942	0.604928	0.829855	0.871159	0.866232	0.868985	0.452174	0.857971	0.929275	0.871884	0.486232	0.864638	0.885942	0.901014	0.869565	0.544058	0.860870	0.854928	0.494493	0.521739	0.706667	0.539710	0.857971	0.873188	0.512029	0.660870	0.904348	0.521739	0.746377	0.485942	0.892754	0.875507	0.487101	0.886377	0.866812	0.788406	0.699420	0.866377	0.901015	0.601449	0.939130	0.488116	0.521739	0.901159	0.580290	0.804493	0.442899	0.521015	0.869565	0.475362	0.829420	0.871159	0.898841	0.894058	0.788406	0.549420	0.921159	0.840145	0.823188	0.855507	0.913043	0.883188	0.636377	0.898985	0.564493	0.468406	0.557101	0.857971	0.892898	0.530290	0.939855	0.911594	0.876812	0.707246	0.904928	0.666667	0.869565	0.915797	0.942754	0.881015	0.908551	0.789130	0.545072	0.866232	0.452174	0.904928	0.854203	0.948841	0.568116	0.869710	0.947246	0.848985	0.452174	0.990290	0.902899	0.857536	0.529710	0.898406	0.857681	0.892754	0.521739	0.884928	0.834203	0.510145	0.903768	0.840725	0.940290	0.848406	0.820725	0.631884	0.985507	0.824928	0.985507	0.834783	0.905507	0.921159	0.820580	0.735797	0.881594	0.897101	0.591304	0.910725	0.853623	0.813623	0.521739	0.817391	0.921884	0.504348	0.849420	0.921159	0.921594	0.510145	0.926812	0.909275	0.481449	0.937971	0.877536	0.846377	0.540725	0.522899	0.572754	0.573913	0.892754	0.751594	0.918985	0.707246	0.523188	0.610145	0.568116	0.884203	0.521739	0.627246	0.865797	0.847681	0.886377	0.800000	0.921159	0.874058	0.596232	0.823188	0.892754	0.921014	0.873333	0.869710	0.866377	0.541884	0.885362	0.894638	0.938116	0.800000	0.573333	0.979710	0.823188	0.874638	0.933188	0.886957	0.857681	0.881015	0.579710	0.834783	0.828986	0.576957	0.951159	0.613044	0.895072	0.869710	0.847101	0.662029	0.968406	0.841160	0.894058	0.969710	0.857971	0.765217	0.883623	0.914493	0.832029	0.913623	0.835362	0.985507	0.568116	0.927246	0.347826	0.931015	0.820145	0.837971	0.866232	0.545072	0.679855	0.838551	0.939130	0.916377	0.883768	0.916232	0.900580	0.881449	0.837971	0.591304	0.730435	0.964638	0.968406	0.828841	0.616232	0.858116	0.853333	0.955362	0.531014	0.857971	0.857681	0.853188	0.897101	0.965217	0.912899	0.857102	0.907102	0.866667	0.652754	0.895072	0.927246	0.937971	0.663623	0.920580	0.866812	0.592464	0.883623	0.674058	0.901015	0.742029	0.876232	0.398985	0.903188	0.884928	0.938116	0.973333	0.841449	0.927101	0.558116	0.974058	0.861594	0.881159	0.931015	0.857102	0.820145	0.796667	0.835362	0.985507	0.939130	0.817246	0.885362	0.623623	0.878116	0.607101	0.910145	0.929420	0.894058	1.007102	0.610145	0.897101	0.751594	0.993333	0.616377	0.627246	0.884058	0.946667	1.017971	0.602899	0.898985	0.844203	0.955507	0.978551	0.857536	0.657971	0.974493	0.983188	0.987536	0.927536	0.994058	0.917391	0.929855	1.027246	1.014493	0.954928	1.000725	0.966812	0.800000	0.987536	1.007536	0.903768	0.598985	1.024058	0.898406	0.660870	0.883188	0.870725	0.614493	0.866232	0.828986	1.037246	0.990290	0.605942	0.890725	0.742029	0.591304	0.672899	0.605942	0.568116	0.879855	0.898985	0.864638	0.988116	0.926812	0.921884	0.613043	0.921159	0.899275	1.008841	0.972319	0.962319	1.010000	0.631449	1.020725	0.615362	0.903188	0.631014	0.672319	0.932318	0.885942	0.673333	0.979420	0.910145	0.970290	0.540290	0.951015	0.579275	0.936377	0.973188	0.915942	0.653333	0.892754	0.910145	1.090145	0.915942	0.572319	1.007102	0.894493	0.605507	0.607101	1.027246	0.796667	0.637681	1.079420	0.947246	0.916232	0.904348	0.996232	0.608116	0.934493	0.707101	0.939130	0.931449	0.800580	0.678261	0.609855	0.755362	0.652754	0.967971	0.892754	0.940290	1.078261	0.921739	0.935797	0.669275	1.008696	0.666667	0.610290	0.695072	0.929855	0.987971	0.921739	0.977536	0.561014	0.565797	0.886377	0.660870	0.631594	0.568116	0.950725	0.931449	0.651159	1.059855	1.018551	0.702754	0.730435	0.646812	0.928841	0.990145	1.004493	0.921739	0.935797	0.856667	0.939130	1.016377	1.078261	0.705072	0.937536	1.105507	1.005942	1.025362	0.652899	0.671159	1.031015	1.023913	0.652174	0.846377	1.066232	1.008696	0.953333	0.712899	1.104348	0.944928	0.866232	1.113043	1.120290	1.120725	0.940725	1.113623	1.066232	0.660870	1.078261	1.150580	0.649275	1.146377	1.020290	1.079855	0.764493	1.164638	1.133623	0.730435	0.689710	1.151594	1.162899	1.147826	1.171015	0.655507	1.130435	1.132029	1.139275	1.127246	1.130435	1.159710	1.124638	1.161884	1.140145	1.129855	1.159420	1.114203	1.168551	1.162319	0.672319	1.153333	1.193768	1.153768	1.138551	1.154203	1.181449	1.207681	1.007102	1.170580	1.147826	1.194203	1.145072	1.185362	1.126667	1.159420	1.078261	1.194203	1.191884	1.191594	1.159420	1.159855	1.177101	1.168406	1.152754	1.203333	1.152029	1.094928	1.187681	1.159420	1.196812	1.177246	1.167681	0.592319	1.165217	1.177681	1.151738	1.166667	1.171015	0.938116	1.194203	1.147826	1.168551	1.167391	1.189855	1.190145	1.159855	1.202754	1.202754	1.173188	1.192464	1.124638	1.124638	1.177101	1.166667	1.174493	1.142464	1.185072	1.146812	1.200000	1.187536	1.185362	1.159420	0.683623	1.171015	0.755072	1.181594	1.186377	1.181449	0.683623	0.985507	1.165942	1.078261	1.168551	1.154928	1.155942	1.124638	1.171449	1.140145	1.161449	1.164638	1.139710	0.637681	1.161884	1.181594	1.164638	1.078261	1.182029	1.169420	1.167246	1.124638	1.200000	1.194058	1.137536	1.185797	1.181594	1.185362	1.142464	1.229855	1.164638	1.194058	1.185362	1.166812	1.220725	1.194203	0.590725	1.194638	1.165942	1.212464	1.187971	1.194928	1.218116	1.192464	1.192899	1.200725	1.179855	1.203768	1.201014	1.191884	1.200000	1.165942	1.078261	1.211594	1.168986	1.217391	1.217391	1.202754	1.186957	1.190145	1.181449	1.211449	1.188406	1.193478	1.217391	1.212464	1.188551	1.217391	1.150580	1.061884	1.171015	1.142029	1.178840	1.200000	1.078841	1.181594	1.178261	0.631014	1.190145	1.136232	1.200000	1.182609	1.192319	1.159710	1.192464	1.171015	1.160290	1.192899	1.222899	1.131449	1.190580	1.172319	1.176812	1.188406	1.173768	1.179275	1.184203	1.182609	1.201160	1.166232	1.198840	1.188406	1.181449	0.648551	1.159420	1.124638	1.191015	1.217391	1.165797	1.124638	1.174638	0.657536	1.195507	1.138406	1.175073	1.165942	1.182609	1.136232	1.182609	1.121159	1.168116	1.159420	1.169565	1.133333	1.142029	1.144058	1.181594	1.151160	0.730435	1.130435	1.176667	1.183768	1.179855	1.136957	1.189855	1.194058	1.164058	1.192899	1.132029	1.205797	1.144058	1.165797	1.138841	1.181449	1.124638	1.144638	1.166232	1.176667	1.153768	1.166812	1.221014	1.194638	1.176667	1.150580	1.171015	1.228841	1.183768	1.185942	1.161014	1.117971	1.164058	1.112029	1.174638	1.115942	1.165217	1.122754	1.206667	0.985507	1.078261	1.168551	1.217391	1.171015	1.155507	1.202754	1.140725	1.200000	1.220145	1.200000	1.164203	1.212319	0.708116
%%%	Left Pupil Profile (1st row -> 1 == valid tracking, 0 == invalid tracking; 2nd row -> time; 3rd row -> diameter (mm))
%%%	0	0	0	0	0	0	0	0	0	0	0	0	0	0	0	0	0	0	0	0	0	0	0	0	0	0	0	0	0	0	0	0	0	0	0	0	0	0	0	0	0	0	0	0	0	0	0	0	0	0	0	0	0	0	0	0	0	0	0	0	0	0	0	0	0	0	0	0	0	0	0	0	0	0	0	0	0	0	0	0	0	0	0	0	0	0	0	0	0	0	0	0	0	0	0	0	0	0	0	0	0	0	0	0	0	0	0	0	0	0	0	0	0	0	0	0	0	0	0	0	0	0	0	0	0	0	0	0	0	0	0	0	0	0	0	0	0	0	0	0	0	0	0	0	0	0	0	0	0	0	0	0	0	0	0	0	0	0	0	0	0	0	0	0	0	0	0	0	0	0	0	0	0	0	0	0	0	0	0	0	0	0	0	0	0	0	0	0	0	0	0	0	0	0	0	0	0	0	0	0	0	0	0	0	0	0	0	0	0	0	0	0	0	0	0	0	0	0	0	0	0	0	0	0	0	0	0	0	0	0	0	0	0	0	0	0	0	0	0	0	0	0	0	0	0	0	0	0	0	0	0	0	0	0	0	0	0	0	0	0	0	0	0	0	0	0	0	0	0	0	0	0	0	0	0	0	0	0	0	0	0	0	0	0	0	0	0	0	0	0	0	0	0	0	0	0	0	0	0	0	0	0	0	0	0	0	0	0	0	0	0	0	0	0	0	0	0	0	0	0	0	0	0	0	0	0	0	0	0	0	0	0	0	0	0	0	0	0	0	0	0	0	0	0	0	0	0	0	0	0	0	0	0	0	0	0	0	0	0	0	0	0	0	0	0	0	0	0	0	0	0	0	0	0	0	0	0	0	0	0	0	0	0	0	0	0	0	0	0	0	0	0	0	0	0	0	0	0	0	0	0	0	0	0	0	0	0	0	0	0	0	0	0	0	0	0	0	0	0	0	0	0	0	0	0	0	0	0	0	0	0	0	0	0	0	0	0	0	0	0	0	0	0	0	0	0	0	0	0	0	0	0	0	0	0	0	0	0	0	0	0	0	0	0	0	0	0	0	0	0	0	0	0	0	0	0	0	0	0	0	0	0	0	0	0	0	0	0	0	0	0	0	0	0	0	0	0	0	0	0	0	0	0	0	0	0	0	0	0	0	0	0	0	0	0	0	0	0	0	0	0	0	0	0	0	0	0	0	0	0	0	0	0	0	0	0	0	0	0	0	0	0	0	0	0	0	0	0	0	0	0	0	0	0	0	0	0	0	0	0	0	0	0	0	0	0	0	0	0	0	0	0	0	0	0	0	0	0	0	0	0	0	0	0	0	0	0	0	0	0	0	0	0	0	0	0	0	0	0	0	0	0	0	0	0	0	0	0	0	0	0	0	0	0	0	0	0	0	0	0	0	0	0	0	0	0	0	0	0	0	0	0	0	0	0	0	0	0	0	0	0	0	0	0	0	0	0	0	0	0	0	0	0	0	0	0	0	0	0	0	0	0	0	0	0	0	0	0	0	0	0	0	0	0	0	0	0	0	0	0	0	0	0	0	0	0	0	0	0	0	0	0	0	0	0	0	0	0	0	0	0	0	0	0	0	0	0	0	0	0	0	0	0	0	0	0	0	0	0	0	0	0	0	0	0	0	0	0	0	0	0	0	0	0	0	0	0	0	0	0	0	0	0	0	0	0	0	0	0	0	0	0	0	0	0	0	0	0	0	0	0	0	0	0	0	0	0	0	0	0	0	0	0	0	0	0	0	0	0	0	0	0	0	0	0	0	0	0	0	0	0	0	0	0	0	0	0	0	0	0	0	0	0	0	0	0	0	0	0	0	0	0	0	0	0	0	0	0	0	0	0	0	0	0	0	0	0	0	0	0	0	0	0	0	0	0	0	0	0	0	0	0	0	0	0	0	0	0	0	0	0	0	0	0	0	0	0	0	0	0	0	0	0	0	0	0	0	0	0	0	0	0	0	0	0	0	0	0	0	0	0	0	0	0	0	0	0	0	0	0	0	0	0	0	0	0	0	0	0	0	0	0
%%%	-0.065000	-0.034000	0.013000	0.044000	0.075000	0.107000	0.138000	0.169000	0.200000	0.231000	0.278000	0.309000	0.341000	0.372000	0.403000	0.434000	0.465000	0.512000	0.543000	0.575000	0.606000	0.637000	0.668000	0.699000	0.746000	0.777000	0.809000	0.840000	0.871000	0.902000	0.933000	0.965000	1.011000	1.043000	1.074000	1.105000	1.136000	1.167000	1.199000	1.245000	1.277000	1.308000	1.339000	1.370000	1.401000	1.433000	1.479000	1.511000	1.542000	1.573000	1.604000	1.635000	1.667000	1.698000	1.745000	1.776000	1.807000	1.838000	1.869000	1.901000	1.932000	1.979000	2.010000	2.041000	2.072000	2.103000	2.135000	2.166000	2.213000	2.244000	2.275000	2.306000	2.337000	2.369000	2.400000	2.431000	2.478000	2.509000	2.540000	2.571000	2.603000	2.634000	2.665000	2.696000	2.743000	2.774000	2.805000	2.837000	2.868000	2.899000	2.930000	2.977000	3.008000	3.039000	3.071000	3.102000	3.133000	3.164000	3.211000	3.242000	3.273000	3.305000	3.336000	3.367000	3.398000	3.429000	3.476000	3.507000	3.539000	3.570000	3.601000	3.632000	3.663000	3.710000	3.741000	3.773000	3.804000	3.835000	3.866000	3.897000	3.944000	3.975000	4.007000	4.038000	4.069000	4.100000	4.131000	4.163000	4.209000	4.241000	4.272000	4.303000	4.334000	4.365000	4.397000	4.443000	4.475000	4.506000	4.537000	4.568000	4.599000	4.631000	4.677000	4.709000	4.740000	4.771000	4.802000	4.833000	4.865000	4.896000	4.943000	4.974000	5.005000	5.036000	5.067000	5.099000	5.130000	5.177000	5.208000	5.239000	5.270000	5.301000	5.333000	5.364000	5.411000	5.442000	5.473000	5.504000	5.535000	5.567000	5.598000	5.629000	5.676000	5.707000	5.738000	5.769000	5.801000	5.832000	5.863000	5.910000	5.941000	5.972000	6.003000	6.035000	6.066000	6.097000	6.144000	6.175000	6.206000	6.237000	6.269000	6.300000	6.331000	6.362000	6.409000	6.440000	6.471000	6.503000	6.534000	6.565000	6.596000	6.627000	6.674000	6.705000	6.737000	6.768000	6.799000	6.830000	6.861000	6.908000	6.939000	6.971000	7.002000	7.033000	7.064000	7.095000	7.142000	7.173000	7.205000	7.236000	7.267000	7.298000	7.329000	7.361000	7.407000	7.439000	7.470000	7.501000	7.532000	7.563000	7.595000	7.641000	7.673000	7.704000	7.735000	7.766000	7.797000	7.829000	7.875000	7.907000	7.938000	7.969000	8.000000	8.031000	8.063000	8.094000	8.141000	8.172000	8.203000	8.234000	8.265000	8.297000	8.328000	8.375000	8.406000	8.437000	8.468000	8.499000	8.531000	8.562000	8.609000	8.640000	8.671000	8.702000	8.733000	8.765000	8.796000	8.827000	8.874000	8.905000	8.936000	8.967000	8.999000	9.030000	9.061000	9.108000	9.139000	9.170000	9.201000	9.233000	9.264000	9.295000	9.342000	9.373000	9.404000	9.435000	9.467000	9.498000	9.529000	9.560000	9.607000	9.638000	9.669000	9.701000	9.732000	9.763000	9.794000	9.841000	9.872000	9.903000	9.935000	9.966000	9.997000	10.028000	10.075000	10.106000	10.137000	10.169000	10.200000	10.231000	10.262000	10.293000	10.340000	10.371000	10.403000	10.434000	10.465000	10.496000	10.527000	10.574000	10.605000	10.637000	10.668000	10.699000	10.730000	10.761000	10.793000	10.839000	10.871000	10.902000	10.933000	10.964000	10.995000	11.027000	11.073000	11.105000	11.136000	11.167000	11.198000	11.229000	11.261000	11.292000	11.339000	11.370000	11.401000	11.432000	11.463000	11.495000	11.526000	11.573000	11.604000	11.635000	11.666000	11.697000	11.729000	11.760000	11.807000	11.838000	11.869000	11.900000	11.931000	11.963000	11.994000	12.025000	12.072000	12.103000	12.134000	12.165000	12.197000	12.228000	12.259000	12.306000	12.337000	12.368000	12.399000	12.431000	12.462000	12.493000	12.540000	12.571000	12.602000	12.633000	12.665000	12.696000	12.727000	12.758000	12.805000	12.836000	12.867000	12.899000	12.930000	12.961000	12.992000	13.039000	13.070000	13.101000	13.133000	13.164000	13.195000	13.226000	13.273000	13.304000	13.335000	13.367000	13.398000	13.429000	13.460000	13.491000	13.538000	13.569000	13.601000	13.632000	13.663000	13.694000	13.725000	13.772000	13.803000	13.835000	13.866000	13.897000	13.928000	13.959000	14.006000	14.037000	14.069000	14.100000	14.131000	14.162000	14.193000	14.225000	14.271000	14.303000	14.334000	14.365000	14.396000	14.427000	14.459000	14.505000	14.537000	14.568000	14.599000	14.630000	14.661000	14.693000	14.724000	14.771000	14.802000	14.833000	14.864000	14.895000	14.927000	14.958000	15.005000	15.036000	15.067000	15.098000	15.129000	15.161000	15.192000	15.239000	15.270000	15.301000	15.332000	15.363000	15.395000	15.426000	15.457000	15.504000	15.535000	15.566000	15.598000	15.629000	15.660000	15.691000	15.738000	15.769000	15.800000	15.832000	15.863000	15.894000	15.925000	15.956000	16.003000	16.034000	16.066000	16.097000	16.128000	16.159000	16.190000	16.237000	16.268000	16.300000	16.331000	16.362000	16.393000	16.424000	16.471000	16.502000	16.534000	16.565000	16.596000	16.627000	16.658000	16.690000	16.736000	16.768000	16.799000	16.830000	16.861000	16.892000	16.924000	16.970000	17.002000	17.033000	17.064000	17.095000	17.126000	17.158000	17.204000	17.236000	17.267000	17.298000	17.329000	17.360000	17.392000	17.423000	17.470000	17.501000	17.532000	17.563000	17.594000	17.626000	17.657000	17.704000	17.735000	17.766000	17.797000	17.828000	17.860000	17.891000	17.938000	17.969000	18.000000	18.031000	18.062000	18.094000	18.125000	18.156000	18.203000	18.234000	18.265000	18.296000	18.328000	18.359000	18.390000	18.437000	18.468000	18.499000	18.530000	18.562000	18.593000	18.624000	18.655000	18.702000	18.733000	18.764000	18.796000	18.827000	18.858000	18.889000	18.936000	18.967000	18.998000	19.030000	19.061000	19.092000	19.123000	19.170000	19.201000	19.232000	19.264000	19.295000	19.326000	19.357000	19.388000	19.435000	19.466000	19.498000	19.529000	19.560000	19.591000	19.622000	19.669000	19.700000	19.732000	19.763000	19.794000	19.825000	19.856000	19.903000	19.934000	19.966000	19.997000	20.028000	20.059000	20.090000	20.122000	20.168000	20.200000	20.231000	20.262000	20.293000	20.324000	20.356000	20.402000	20.434000	20.465000	20.496000	20.527000	20.558000	20.590000	20.636000	20.668000	20.699000	20.730000	20.761000	20.792000	20.824000	20.855000	20.902000	20.933000	20.964000	20.995000	21.026000	21.058000	21.089000	21.136000	21.167000	21.198000	21.229000	21.260000	21.292000	21.323000	21.354000	21.401000	21.432000	21.463000	21.494000	21.526000	21.557000	21.588000	21.635000	21.666000	21.697000	21.728000	21.760000	21.791000	21.822000	21.869000	21.900000	21.931000	21.962000	21.994000	22.025000	22.056000	22.087000	22.134000	22.165000	22.196000	22.228000	22.259000	22.290000	22.321000	22.368000	22.399000	22.430000	22.462000	22.493000	22.524000	22.555000	22.586000	22.633000	22.664000	22.696000	22.727000	22.758000	22.789000	22.820000	22.867000	22.898000	22.930000	22.961000	22.992000	23.023000	23.054000	23.101000	23.132000	23.164000	23.195000	23.226000	23.257000	23.288000	23.320000	23.366000	23.398000	23.429000	23.460000	23.491000	23.522000	23.554000	23.600000	23.632000	23.663000	23.694000	23.725000	23.756000	23.788000	23.834000	23.866000	23.897000	23.928000	23.959000	23.990000	24.022000	24.053000	24.100000	24.131000	24.162000	24.193000	24.224000	24.256000	24.287000	24.334000	24.365000	24.396000	24.427000	24.458000	24.490000	24.521000	24.568000	24.599000	24.630000	24.661000	24.692000	24.724000	24.755000	24.786000	24.833000	24.864000	24.895000	24.926000	24.958000	24.989000	25.020000	25.067000	25.098000	25.129000	25.160000	25.192000	25.223000	25.254000	25.301000	25.332000	25.363000	25.394000	25.426000	25.457000	25.488000	25.519000	25.566000	25.597000	25.628000	25.660000	25.691000	25.722000	25.753000	25.800000	25.831000	25.862000	25.894000	25.925000	25.956000	25.987000	26.034000	26.065000	26.096000	26.128000	26.159000	26.190000	26.221000	26.252000	26.299000	26.330000	26.362000	26.393000	26.424000	26.455000	26.486000	26.518000	26.564000	26.596000	26.627000	26.658000	26.689000	26.720000	26.752000	26.798000	26.830000	26.861000	26.892000	26.923000	26.954000	26.986000	27.032000	27.064000	27.095000	27.126000	27.157000	27.188000	27.220000	27.251000	27.298000	27.329000	27.360000	27.391000	27.422000	27.454000	27.485000	27.532000	27.563000	27.594000	27.625000	27.656000	27.688000	27.719000	27.766000	27.797000	27.828000	27.859000	27.890000	27.922000	27.953000	27.984000	28.031000	28.062000	28.093000	28.124000	28.156000	28.187000	28.218000	28.265000	28.296000	28.327000	28.358000	28.390000	28.421000	28.452000	28.499000	28.530000	28.561000	28.592000	28.624000	28.655000	28.686000	28.717000	28.764000	28.795000	28.826000	28.858000	28.889000	28.920000	28.951000	28.998000	29.029000	29.060000	29.092000	29.123000	29.154000	29.185000	29.232000	29.263000	29.294000	29.326000	29.357000	29.388000	29.419000	29.450000	29.497000	29.528000	29.560000	29.591000	29.622000	29.653000	29.684000	29.731000	29.762000	29.794000	29.825000	29.856000	29.887000	29.918000	29.965000
%%%	13.913043	13.913043	13.913043	13.913043	13.913043	13.913043	13.913043	13.913043	13.913043	13.913043	13.913043	13.913043	13.913043	13.913043	13.913043	13.913043	13.913043	13.913043	13.913043	13.913043	13.913043	13.913043	13.913043	13.913043	13.913043	13.913043	13.913043	13.913043	13.913043	13.913043	13.913043	13.913043	13.913043	13.913043	13.913043	13.913043	13.913043	13.913043	13.913043	13.913043	13.913043	13.913043	13.913043	13.913043	13.913043	13.913043	13.913043	13.913043	13.913043	13.913043	13.913043	13.913043	13.913043	13.913043	13.913043	13.913043	13.913043	13.913043	13.913043	13.913043	13.913043	13.913043	13.913043	13.913043	13.913043	13.913043	13.913043	13.913043	13.913043	13.913043	13.913043	13.913043	13.913043	13.913043	13.913043	13.913043	13.913043	13.913043	13.913043	13.913043	13.913043	13.913043	13.913043	13.913043	13.913043	13.913043	13.913043	13.913043	13.913043	13.913043	13.913043	13.913043	13.913043	13.913043	13.913043	13.913043	13.913043	13.913043	13.913043	13.913043	13.913043	13.913043	13.913043	13.913043	13.913043	13.913043	13.913043	13.913043	13.913043	13.913043	13.913043	13.913043	13.913043	13.913043	13.913043	13.913043	13.913043	13.913043	13.913043	13.913043	13.913043	13.913043	13.913043	13.913043	13.913043	13.913043	13.913043	13.913043	13.913043	13.913043	13.913043	13.913043	13.913043	13.913043	13.913043	13.913043	13.913043	13.913043	13.913043	13.913043	13.913043	13.913043	13.913043	13.913043	13.913043	13.913043	13.913043	13.913043	13.913043	13.913043	13.913043	13.913043	13.913043	13.913043	13.913043	13.913043	13.913043	13.913043	13.913043	13.913043	13.913043	13.913043	13.913043	13.913043	13.913043	13.913043	13.913043	13.913043	13.913043	13.913043	13.913043	13.913043	13.913043	13.913043	13.913043	13.913043	13.913043	13.913043	13.913043	13.913043	13.913043	13.913043	13.913043	13.913043	13.913043	13.913043	13.913043	13.913043	13.913043	13.913043	13.913043	13.913043	13.913043	13.913043	13.913043	13.913043	13.913043	13.913043	13.913043	13.913043	13.913043	13.913043	13.913043	13.913043	13.913043	13.913043	13.913043	13.913043	13.913043	13.913043	13.913043	13.913043	13.913043	13.913043	13.913043	13.913043	13.913043	13.913043	13.913043	13.913043	13.913043	13.913043	13.913043	13.913043	13.913043	13.913043	13.913043	13.913043	13.913043	13.913043	13.913043	13.913043	13.913043	13.913043	13.913043	13.913043	13.913043	13.913043	13.913043	13.913043	13.913043	13.913043	13.913043	13.913043	13.913043	13.913043	13.913043	13.913043	13.913043	13.913043	13.913043	13.913043	13.913043	13.913043	13.913043	13.913043	13.913043	13.913043	13.913043	13.913043	13.913043	13.913043	13.913043	13.913043	13.913043	13.913043	13.913043	13.913043	13.913043	13.913043	13.913043	13.913043	13.913043	13.913043	13.913043	13.913043	13.913043	13.913043	13.913043	13.913043	13.913043	13.913043	13.913043	13.913043	13.913043	13.913043	13.913043	13.913043	13.913043	13.913043	13.913043	13.913043	13.913043	13.913043	13.913043	13.913043	13.913043	13.913043	13.913043	13.913043	13.913043	13.913043	13.913043	13.913043	13.913043	13.913043	13.913043	13.913043	13.913043	13.913043	13.913043	13.913043	13.913043	13.913043	13.913043	13.913043	13.913043	13.913043	13.913043	13.913043	13.913043	13.913043	13.913043	13.913043	13.913043	13.913043	13.913043	13.913043	13.913043	13.913043	13.913043	13.913043	13.913043	13.913043	13.913043	13.913043	13.913043	13.913043	13.913043	13.913043	13.913043	13.913043	13.913043	13.913043	13.913043	13.913043	13.913043	13.913043	13.913043	13.913043	13.913043	13.913043	13.913043	13.913043	13.913043	13.913043	13.913043	13.913043	13.913043	13.913043	13.913043	13.913043	13.913043	13.913043	13.913043	13.913043	13.913043	13.913043	13.913043	13.913043	13.913043	13.913043	13.913043	13.913043	13.913043	13.913043	13.913043	13.913043	13.913043	13.913043	13.913043	13.913043	13.913043	13.913043	13.913043	13.913043	13.913043	13.913043	13.913043	13.913043	13.913043	13.913043	13.913043	13.913043	13.913043	13.913043	13.913043	13.913043	13.913043	13.913043	13.913043	13.913043	13.913043	13.913043	13.913043	13.913043	13.913043	13.913043	13.913043	13.913043	13.913043	13.913043	13.913043	13.913043	13.913043	13.913043	13.913043	13.913043	13.913043	13.913043	13.913043	13.913043	13.913043	13.913043	13.913043	13.913043	13.913043	13.913043	13.913043	13.913043	13.913043	13.913043	13.913043	13.913043	13.913043	13.913043	13.913043	13.913043	13.913043	13.913043	13.913043	13.913043	13.913043	13.913043	13.913043	13.913043	13.913043	13.913043	13.913043	13.913043	13.913043	13.913043	13.913043	13.913043	13.913043	13.913043	13.913043	13.913043	13.913043	13.913043	13.913043	13.913043	13.913043	13.913043	13.913043	13.913043	13.913043	13.913043	13.913043	13.913043	13.913043	13.913043	13.913043	13.913043	13.913043	13.913043	13.913043	13.913043	13.913043	13.913043	13.913043	13.913043	13.913043	13.913043	13.913043	13.913043	13.913043	13.913043	13.913043	13.913043	13.913043	13.913043	13.913043	13.913043	13.913043	13.913043	13.913043	13.913043	13.913043	13.913043	13.913043	13.913043	13.913043	13.913043	13.913043	13.913043	13.913043	13.913043	13.913043	13.913043	13.913043	13.913043	13.913043	13.913043	13.913043	13.913043	13.913043	13.913043	13.913043	13.913043	13.913043	13.913043	13.913043	13.913043	13.913043	13.913043	13.913043	13.913043	13.913043	13.913043	13.913043	13.913043	13.913043	13.913043	13.913043	13.913043	13.913043	13.913043	13.913043	13.913043	13.913043	13.913043	13.913043	13.913043	13.913043	13.913043	13.913043	13.913043	13.913043	13.913043	13.913043	13.913043	13.913043	13.913043	13.913043	13.913043	13.913043	13.913043	13.913043	13.913043	13.913043	13.913043	13.913043	13.913043	13.913043	13.913043	13.913043	13.913043	13.913043	13.913043	13.913043	13.913043	13.913043	13.913043	13.913043	13.913043	13.913043	13.913043	13.913043	13.913043	13.913043	13.913043	13.913043	13.913043	13.913043	13.913043	13.913043	13.913043	13.913043	13.913043	13.913043	13.913043	13.913043	13.913043	13.913043	13.913043	13.913043	13.913043	13.913043	13.913043	13.913043	13.913043	13.913043	13.913043	13.913043	13.913043	13.913043	13.913043	13.913043	13.913043	13.913043	13.913043	13.913043	13.913043	13.913043	13.913043	13.913043	13.913043	13.913043	13.913043	13.913043	13.913043	13.913043	13.913043	13.913043	13.913043	13.913043	13.913043	13.913043	13.913043	13.913043	13.913043	13.913043	13.913043	13.913043	13.913043	13.913043	13.913043	13.913043	13.913043	13.913043	13.913043	13.913043	13.913043	13.913043	13.913043	13.913043	13.913043	13.913043	13.913043	13.913043	13.913043	13.913043	13.913043	13.913043	13.913043	13.913043	13.913043	13.913043	13.913043	13.913043	13.913043	13.913043	13.913043	13.913043	13.913043	13.913043	13.913043	13.913043	13.913043	13.913043	13.913043	13.913043	13.913043	13.913043	13.913043	13.913043	13.913043	13.913043	13.913043	13.913043	13.913043	13.913043	13.913043	13.913043	13.913043	13.913043	13.913043	13.913043	13.913043	13.913043	13.913043	13.913043	13.913043	13.913043	13.913043	13.913043	13.913043	13.913043	13.913043	13.913043	13.913043	13.913043	13.913043	13.913043	13.913043	13.913043	13.913043	13.913043	13.913043	13.913043	13.913043	13.913043	13.913043	13.913043	13.913043	13.913043	13.913043	13.913043	13.913043	13.913043	13.913043	13.913043	13.913043	13.913043	13.913043	13.913043	13.913043	13.913043	13.913043	13.913043	13.913043	13.913043	13.913043	13.913043	13.913043	13.913043	13.913043	13.913043	13.913043	13.913043	13.913043	13.913043	13.913043	13.913043	13.913043	13.913043	13.913043	13.913043	13.913043	13.913043	13.913043	13.913043	13.913043	13.913043	13.913043	13.913043	13.913043	13.913043	13.913043	13.913043	13.913043	13.913043	13.913043	13.913043	13.913043	13.913043	13.913043	13.913043	13.913043	13.913043	13.913043	13.913043	13.913043	13.913043	13.913043	13.913043	13.913043	13.913043	13.913043	13.913043	13.913043	13.913043	13.913043	13.913043	13.913043	13.913043	13.913043	13.913043	13.913043	13.913043	13.913043	13.913043	13.913043	13.913043	13.913043	13.913043	13.913043	13.913043	13.913043	13.913043	13.913043	13.913043	13.913043	13.913043	13.913043	13.913043	13.913043	13.913043	13.913043	13.913043	13.913043	13.913043	13.913043	13.913043	13.913043	13.913043	13.913043	13.913043	13.913043	13.913043	13.913043	13.913043	13.913043	13.913043	13.913043	13.913043	13.913043	13.913043	13.913043	13.913043	13.913043	13.913043	13.913043	13.913043	13.913043	13.913043	13.913043	13.913043	13.913043	13.913043	13.913043	13.913043	13.913043	13.913043	13.913043	13.913043	13.913043	13.913043	13.913043	13.913043	13.913043	13.913043	13.913043	13.913043	13.913043	13.913043	13.913043	13.913043	13.913043	13.913043	13.913043	13.913043	13.913043	13.913043	13.913043	13.913043	13.913043	13.913043	13.913043	13.913043	13.913043	13.913043	13.913043	13.913043	13.913043	13.913043	13.913043	13.913043	13.913043	13.913043	13.913043	13.913043	13.913043	13.913043	13.913043	13.913043	13.913043	13.913043	13.913043	13.913043	13.913043	13.913043	13.913043	13.913043	13.913043	13.913043	13.913043	13.913043	13.913043	13.913043	13.913043
%%%	Pulse Index	Stimulus Section Index	Stimulus Section Start Index	Stimulus Section End Index	Pupil Stimulated: 0 = Right, 1 = Left, 2 = Both	Light Metric: 0 = Photopic, 1 = Scopotic, 2 = Radiometric	Stimulus Start Time	Stimulus Duration	Stimulus Pulse Duration	Right Pulse Max Level	Right Pulse Max Color (0123 = WRGB)	Right Pulse Min Level	Right Pulse Min Color (0123 = WRGB)	Left Pulse Max Level	Left Pulse Max Color (0123 = WRGB)	Left Pulse Min Level	Left Pulse Min Color (0123 = WRGB)	Right Data Input Type (0 == RAW DATA, 1 == FITTED DATA, 2 == M. OVERRIDED)	Right ANALYSIS STATE (0 == ABNORMAL, 1 == NORMAL)	Right MAX (mm) (EMPTY if INVALID)	Right MIN (mm) (EMPTY if INVALID)	Right DELTA (mm) (EMPTY if INVALID)	Right CH (%) (EMPTY if INVALID)	Right LAT (sec) (EMPTY if INVALID)	Right CV (mm/s) (EMPTY if INVALID)	Right MCV (mm/s) (EMPTY if INVALID)	Right DV (mm/s) (EMPTY if INVALID)	Left Data Input Type (0 == RAW DATA, 1 == FITTED DATA, 2 == M. OVERRIDED)	Left ANALYSIS STATE (0 == ABNORMAL, 1 == NORMAL)	Left MAX (mm) (EMPTY if INVALID)	Left MIN (mm) (EMPTY if INVALID)	Left DELTA (mm) (EMPTY if INVALID)	Left CH (%) (EMPTY if INVALID)	Left LAT (sec) (EMPTY if INVALID)	Left CV (mm/s) (EMPTY if INVALID)	Left MCV (mm/s) (EMPTY if INVALID)	Left DV (mm/s) (EMPTY if INVALID)
%%%	0	0	17	902	0	0	0.51	29.52	0.51	100.06	3	0.00	3	0.00	3	0.00	3	0	0	0.00	0.00			0.00	0.00	0.00	0.00	0	0	0.00	0.00			0.00	0.00	0.00	0.00
%%%%%%%%%
%%%%%%%%%
%%%%%%%%%
<\SESSION>
