<SESSION>
<VERSION>
2
<\VERSION>
<DATE>
2017-09-05 10:28:29
<\DATE>
<SUBJECT-ID>
c57-1mois-F3-1.2b
<\SUBJECT-ID>
<NOTE>

<\NOTE>
<MIN-MAX-PLOT>
0.100000 51880.761719
<\MIN-MAX-PLOT>
<STIMULUS-DEFINED>
Default
Default Human Relative Spectral Sensitivity
1	0
1	0.500000	0.500000	29.000000	3	3	1.200000	-100.000000	0.100000	-100.000000	0
<\STIMULUS-DEFINED>
<STIMULUS-GENERATED>
4
0	0	0.000000	3	0.000000	0.000000	3	0.000000	0.000000
0	1	0.509000	3	0.299242	15.810344	3	0.000000	0.000000
0	4	1.017000	3	0.000000	0.000000	3	0.000000	0.000000
-1	5	30.027000	0	0.000000	0.000000	0	0.000000	0.000000
<\STIMULUS-GENERATED>
<RIGHT-PUPIL-DATA>
903	1
1	-0.067000	1.381014	320.206238	343.206238
1	-0.036000	1.380145	320.056244	342.868744
1	-0.004000	1.391884	320.000000	342.500000
1	0.027000	1.368116	320.500000	342.500000
1	0.058000	1.377246	320.068756	343.006256
1	0.105000	1.365797	319.000000	343.000000
1	0.136000	1.344058	318.312500	342.687500
1	0.167000	1.387536	319.562500	343.112488
1	0.198000	1.347101	319.643738	343.393738
1	0.230000	1.397971	319.412506	343.412506
1	0.261000	1.356522	319.500000	342.500000
1	0.292000	1.356522	320.000000	344.000000
1	0.339000	1.340290	319.225006	344.225006
1	0.370000	1.384203	319.893738	344.218750
1	0.401000	1.377536	319.843750	344.156250
1	0.432000	1.333623	318.712494	343.587494
1	0.464000	1.377246	319.118744	344.131256
1	0.495000	1.341884	318.718719	343.706207
1	0.526000	1.366377	318.975006	343.975006
1	0.573000	1.381014	319.206238	344.206238
1	0.604000	1.379855	319.156250	344.156250
1	0.635000	1.344638	319.662506	344.662506
1	0.666000	1.382754	320.118744	344.243805
1	0.698000	1.374927	319.881256	345.118744
1	0.729000	1.345072	319.656250	345.531250
1	0.760000	1.342899	320.299988	345.362488
1	0.791000	1.306232	319.268799	345.281189
1	0.838000	1.237681	319.237488	345.375000
1	0.869000	1.213623	318.875000	345.125000
1	0.900000	1.177246	319.631256	345.106232
1	0.932000	1.139275	319.818756	344.818756
1	0.963000	1.132029	319.768738	344.481262
1	0.994000	1.078841	320.000000	345.500000
1	1.025000	1.043478	320.500000	344.500000
1	1.072000	1.019420	320.387482	345.350006
0	1.103000	0.907971	322.406250	346.393738
1	1.134000	0.975507	320.018738	346.018738
1	1.166000	0.936377	320.031250	346.656250
1	1.197000	0.913623	320.625000	345.687500
1	1.228000	0.855942	321.312500	345.687500
1	1.259000	0.865797	320.937500	345.187500
1	1.306000	0.840725	321.081238	345.531250
1	1.337000	0.838551	321.812500	346.437500
1	1.368000	0.800000	320.875000	346.125000
1	1.400000	0.792319	321.006256	347.006256
1	1.431000	0.791884	320.375000	347.125000
1	1.462000	0.776812	320.500000	347.500000
1	1.493000	0.764203	320.243744	348.943756
1	1.524000	0.760580	320.862488	349.512512
1	1.571000	0.755362	320.399994	348.524994
1	1.602000	0.759275	320.468750	348.543762
1	1.634000	0.732029	320.418762	348.593750
0	1.665000	0.685362	321.468750	349.468750
1	1.696000	0.729420	320.381256	349.443756
1	1.727000	0.715942	320.500000	349.750000
1	1.758000	0.695797	320.043732	350.318756
1	1.805000	0.753623	319.500000	350.500000
1	1.836000	0.684203	319.518738	351.531250
1	1.868000	0.707681	319.193726	351.168762
1	1.899000	0.690725	319.437500	351.562500
1	1.930000	0.683188	320.174988	350.500000
1	1.961000	0.672319	320.656250	351.593750
1	1.992000	0.690725	320.437500	351.562500
1	2.039000	0.705362	320.181244	351.181244
1	2.070000	0.712319	320.268738	351.268738
1	2.102000	0.637681	320.500000	351.500000
1	2.133000	0.672899	320.681244	351.356232
1	2.164000	0.669710	320.368744	351.693756
1	2.195000	0.707101	320.156250	351.156250
1	2.226000	0.666377	320.449982	351.537506
0	2.258000	0.483623	321.943756	355.193756
0	2.304000	0.418551	323.024994	355.225006
1	2.336000	0.669710	320.368744	350.306244
1	2.367000	0.730435	320.500000	349.500000
1	2.398000	0.704637	320.787537	351.149963
1	2.429000	0.672319	320.843750	350.656250
1	2.460000	0.690145	320.412506	350.587494
1	2.492000	0.713043	319.875000	351.125000
0	2.523000	0.637681	320.500000	349.500000
0	2.570000	0.684058	320.500000	351.500000
1	2.601000	0.684203	319.931213	349.481262
1	2.632000	0.711884	319.899994	349.899994
1	2.663000	0.697246	320.343750	349.968750
0	2.694000	0.452174	321.250000	354.750000
1	2.726000	0.718406	319.993744	350.306244
0	2.757000	0.521739	320.750000	355.250000
0	2.804000	0.448985	322.574982	356.537506
1	2.835000	0.707101	318.793762	351.843750
1	2.866000	0.707681	318.818756	352.856232
1	2.897000	0.711884	319.100006	352.100006
1	2.928000	0.707101	319.156250	351.843750
1	2.960000	0.672899	320.181244	353.181244
1	2.991000	0.732609	319.437500	352.437500
1	3.038000	0.734203	319.187500	352.187500
0	3.069000	0.494638	320.131256	357.368744
1	3.100000	0.730435	318.500000	353.500000
1	3.131000	0.730435	318.500000	353.500000
0	3.162000	0.776812	317.500000	350.500000
0	3.194000	0.679275	319.556244	355.506256
1	3.225000	0.776812	319.000000	355.000000
1	3.256000	0.744058	318.437500	354.674988
1	3.303000	0.742898	318.687500	354.687500
1	3.334000	0.745072	318.756226	355.268738
1	3.365000	0.742754	318.418762	355.418762
1	3.396000	0.744638	318.537506	356.087494
0	3.428000	0.684058	321.500000	354.500000
1	3.459000	0.755942	318.500000	357.375000
0	3.490000	0.684058	321.500000	354.500000
1	3.537000	0.788986	317.925018	357.074982
0	3.568000	0.684058	317.500000	358.500000
1	3.599000	0.755362	318.100006	357.600006
1	3.630000	0.738986	318.256256	356.618744
1	3.662000	0.764058	318.475006	356.774994
1	3.693000	0.775363	317.912598	357.312500
1	3.724000	0.753623	319.000000	357.000000
1	3.771000	0.791884	319.000000	357.000000
1	3.802000	0.747971	318.618744	357.506256
1	3.833000	0.712898	319.106262	358.106262
0	3.864000	0.684058	317.500000	358.500000
1	3.896000	0.776812	319.000000	358.000000
1	3.927000	0.766377	318.350006	358.012482
1	3.958000	0.751159	318.368683	357.681244
1	3.989000	0.744058	318.637512	357.362488
1	4.036000	0.765217	318.500000	357.500000
1	4.067000	0.785507	318.049988	357.125000
1	4.098000	0.759710	318.537506	357.587494
1	4.130000	0.783623	318.118744	357.793732
1	4.161000	0.782754	317.743744	357.868744
1	4.192000	0.748551	318.418762	359.281250
1	4.223000	0.800000	317.750000	359.250000
1	4.270000	0.792464	317.024994	359.149994
1	4.301000	0.788406	317.875000	359.375000
1	4.332000	0.761594	317.456238	358.456238
1	4.364000	0.778841	318.187500	358.937500
1	4.395000	0.823188	316.500000	357.500000
1	4.426000	0.775072	318.387482	358.725006
1	4.457000	0.794638	318.068756	357.881256
1	4.504000	0.777536	318.168762	357.906250
1	4.535000	0.792898	318.156250	358.156250
1	4.566000	0.796812	317.962494	358.087494
1	4.598000	0.777536	318.206238	357.831238
1	4.629000	0.790290	318.018768	358.018768
1	4.660000	0.759710	318.537506	357.587494
1	4.691000	0.723333	319.031250	357.606262
1	4.722000	0.765362	319.993744	357.743744
1	4.769000	0.690725	320.437500	358.000000
1	4.800000	0.800580	318.500000	357.500000
1	4.832000	0.800000	319.000000	358.000000
1	4.863000	0.775072	318.100006	357.850006
1	4.894000	0.794348	318.106262	358.043762
1	4.925000	0.800000	317.500000	358.500000
1	4.956000	0.800000	317.500000	358.500000
1	5.003000	0.771014	318.500000	358.500000
1	5.034000	0.774638	318.393738	357.718750
1	5.066000	0.827246	318.475006	357.524994
1	5.097000	0.801015	318.006256	357.881256
1	5.128000	0.797101	318.537476	358.062500
1	5.159000	0.805362	319.193756	357.806244
1	5.190000	0.800000	319.500000	358.500000
1	5.237000	0.796667	318.056244	357.943756
1	5.268000	0.793188	318.043793	357.993866
1	5.300000	0.800000	318.000000	358.000000
1	5.331000	0.800000	317.500000	358.500000
1	5.362000	0.796232	318.112488	359.062500
1	5.393000	0.805362	318.818756	358.818756
1	5.424000	0.797101	317.937500	358.049988
1	5.456000	0.814638	318.718750	358.331238
1	5.502000	0.778986	318.831238	358.781250
1	5.534000	0.794058	318.781250	358.281250
1	5.565000	0.760290	318.562500	359.187500
1	5.596000	0.809420	317.606262	358.793762
1	5.627000	0.814058	317.693756	359.118744
1	5.658000	0.805072	318.000000	359.187500
1	5.690000	0.796812	318.212494	359.037506
1	5.736000	0.801015	318.006256	359.006256
1	5.768000	0.804348	317.843750	358.968750
1	5.799000	0.787536	319.062500	359.312500
1	5.830000	0.800000	318.000000	359.000000
1	5.861000	0.800000	317.875000	358.875000
1	5.892000	0.813623	318.687500	359.312500
1	5.924000	0.812464	317.737488	359.512512
1	5.970000	0.811449	317.843750	359.331238
1	6.002000	0.800000	317.500000	360.500000
1	6.033000	0.788116	318.087494	360.212494
1	6.064000	0.800000	317.500000	358.500000
1	6.095000	0.788551	318.343750	360.018738
1	6.126000	0.799420	319.000000	360.000000
1	6.158000	0.778116	318.193756	360.193756
1	6.189000	0.825507	318.625000	360.375000
1	6.236000	0.800000	317.500000	360.500000
1	6.267000	0.801449	318.012482	361.749969
1	6.298000	0.801159	317.512482	361.975006
1	6.329000	0.800725	317.518738	361.518738
1	6.360000	0.814638	317.718750	362.281250
1	6.392000	0.805362	317.818756	363.181244
1	6.423000	0.800000	319.500000	364.500000
1	6.454000	0.813623	318.662537	363.312500
1	6.501000	0.821014	319.106110	362.568634
1	6.532000	0.800580	318.000000	363.000000
1	6.563000	0.800580	317.500000	363.000000
1	6.594000	0.800000	318.000000	363.000000
1	6.626000	0.800000	317.500000	362.500000
1	6.657000	0.825072	316.743744	363.443756
1	6.688000	0.788116	317.087494	363.287506
1	6.735000	0.831449	316.556244	363.443756
1	6.766000	0.801159	316.774994	363.975006
1	6.797000	0.829855	317.062500	364.500000
1	6.828000	0.835217	317.406250	363.856262
1	6.860000	0.852899	317.656250	363.768738
1	6.891000	0.849275	317.500000	363.750000
1	6.922000	0.833333	318.087646	363.437561
1	6.969000	0.839855	318.343750	363.418762
1	7.000000	0.853768	317.343750	363.718750
1	7.031000	0.861014	318.243744	364.243744
1	7.062000	0.876812	318.137512	364.424988
1	7.094000	0.883188	317.737488	364.737488
1	7.125000	0.918406	317.243744	364.693756
1	7.156000	0.869565	318.500000	365.500000
1	7.187000	0.920145	318.218750	365.218750
1	7.234000	0.931449	317.493744	365.368744
1	7.265000	0.927536	316.500000	365.500000
1	7.296000	0.959855	317.231232	365.318756
1	7.328000	0.959855	317.056244	365.318756
1	7.359000	0.957246	316.268738	365.281250
1	7.390000	0.975072	316.524994	364.975006
1	7.421000	0.957536	317.256256	365.793732
1	7.468000	0.985507	317.000000	365.000000
1	7.499000	1.055072	317.500000	362.500000
1	7.530000	0.962319	317.500000	362.500000
1	7.562000	1.026667	316.750000	364.750000
1	7.593000	0.985507	317.500000	364.500000
1	7.624000	1.059855	317.056244	364.193756
1	7.655000	1.055072	317.500000	366.500000
1	7.702000	1.034783	316.750000	364.500000
1	7.733000	1.045507	317.387482	364.487518
1	7.764000	1.046377	316.843750	364.468750
1	7.796000	1.043333	316.568756	364.493744
0	7.827000	0.962319	317.500000	362.500000
1	7.858000	1.044058	318.000000	363.500000
1	7.889000	1.048985	317.975006	362.662506
1	7.920000	1.059710	317.774994	362.337494
1	7.967000	1.090725	317.437500	361.937500
1	7.998000	1.078841	318.000000	362.000000
1	8.030000	1.077681	317.250000	362.000000
1	8.061000	1.083188	318.062500	362.012512
1	8.092000	1.061884	317.243744	362.256256
1	8.123000	1.059710	317.600006	362.212494
1	8.154000	1.101449	316.500000	363.500000
1	8.201000	1.090145	317.837494	361.837494
1	8.232000	1.078261	317.500000	362.500000
1	8.264000	1.078261	317.500000	362.500000
1	8.295000	1.078841	318.000000	361.000000
1	8.326000	1.081449	317.962494	361.037506
1	8.357000	1.062464	318.781250	361.531250
1	8.388000	1.061449	317.750000	361.750000
1	8.435000	1.104493	317.118744	362.243744
1	8.466000	1.076667	316.968750	361.518738
1	8.498000	1.147826	317.500000	362.500000
1	8.529000	1.092898	317.156250	361.843750
1	8.560000	1.098985	317.643768	361.756256
1	8.591000	1.078261	317.500000	360.500000
1	8.622000	1.074058	317.481232	361.556244
1	8.654000	1.078986	317.968750	361.481262
1	8.700000	1.078261	317.500000	362.500000
1	8.732000	1.078261	317.500000	362.500000
1	8.763000	1.096667	317.756256	362.756256
1	8.794000	1.120145	317.406250	362.968750
1	8.825000	1.090290	317.868744	363.356232
1	8.856000	1.078261	317.500000	362.500000
1	8.888000	1.078261	317.500000	362.500000
1	8.934000	1.096812	317.225006	363.225006
1	8.966000	1.100725	317.668762	363.281250
1	8.997000	1.077681	318.000000	363.000000
1	9.028000	1.078261	317.500000	362.500000
1	9.059000	1.081015	317.531250	363.468750
1	9.090000	1.078261	317.500000	364.500000
1	9.122000	1.098985	317.193756	364.243744
1	9.168000	1.079275	317.006256	364.443756
1	9.200000	1.096812	317.225006	365.225006
1	9.231000	1.120580	317.037506	365.412506
1	9.262000	1.092754	317.500000	365.000000
1	9.293000	1.095652	317.500000	365.000000
1	9.324000	1.096812	317.774994	365.225006
1	9.356000	1.096812	317.725006	364.725006
1	9.387000	1.078261	317.500000	364.500000
1	9.434000	1.094493	317.350006	364.149994
1	9.465000	1.098985	317.068756	364.631256
1	9.496000	1.098841	317.100006	364.712494
1	9.527000	1.109855	317.412506	364.787506
1	9.558000	1.100580	317.187500	364.687500
1	9.590000	1.078261	317.500000	364.500000
1	9.621000	1.055072	317.500000	362.500000
1	9.668000	1.117971	317.924988	365.437500
1	9.699000	1.089855	318.187500	364.575012
1	9.730000	1.078841	318.000000	364.500000
1	9.761000	1.067971	318.293762	364.643738
1	9.792000	1.087971	317.881256	365.193756
1	9.824000	1.078261	317.500000	364.500000
1	9.855000	1.081594	317.456268	365.993744
1	9.902000	1.065797	316.812500	365.674988
1	9.933000	1.131014	317.299988	366.700012
1	9.964000	1.095072	317.250000	366.187500
1	9.995000	1.090145	316.712494	366.162506
1	10.026000	1.124927	317.212494	366.787506
1	10.058000	1.061449	317.250000	366.250000
1	10.089000	1.096667	317.756256	366.743744
1	10.120000	1.121739	317.812500	366.562500
1	10.167000	1.099275	317.456238	366.206238
1	10.198000	1.097246	317.218750	367.218750
1	10.229000	1.118551	316.912506	367.537506
1	10.260000	1.118551	317.087494	367.462494
1	10.292000	1.107536	317.175018	368.399994
1	10.323000	1.101015	317.256256	368.306244
1	10.354000	1.100580	316.937500	368.187500
1	10.401000	1.111449	317.156250	367.981262
1	10.432000	1.114203	316.850006	368.475006
1	10.463000	1.118986	317.343750	368.968750
1	10.494000	1.092319	317.181244	368.618744
1	10.526000	1.104928	316.625000	368.750000
1	10.557000	1.107246	316.500000	369.000000
1	10.588000	1.081015	316.981262	369.018616
1	10.619000	1.100725	316.718750	368.668762
1	10.666000	1.107971	316.831238	368.856262
1	10.697000	1.096812	316.774994	368.774994
1	10.728000	1.096812	316.774994	368.225006
1	10.760000	1.117971	316.924988	368.062500
1	10.791000	1.124638	316.575012	367.924988
1	10.822000	1.017536	317.381226	366.631226
1	10.853000	1.100725	317.668762	367.668762
1	10.900000	1.098841	317.225006	367.725006
1	10.931000	1.114203	316.662506	367.524994
1	10.962000	1.159855	316.681244	369.068756
1	10.994000	1.123188	316.125000	368.500000
1	11.025000	1.117971	316.375000	368.062500
1	11.056000	1.083623	316.481232	367.493744
1	11.087000	1.113623	317.000000	367.500000
1	11.134000	1.135507	316.706238	367.268738
1	11.165000	1.113623	316.875000	367.000000
1	11.196000	1.171015	317.500000	368.500000
1	11.228000	1.147826	317.500000	366.500000
1	11.259000	1.133333	316.299988	366.700012
1	11.290000	1.109129	316.319153	367.018860
1	11.321000	1.133768	316.193756	367.193756
1	11.352000	1.120580	315.412506	366.962494
1	11.399000	1.133333	315.299988	366.700012
1	11.430000	1.124058	316.399994	366.399994
1	11.462000	1.136377	315.531250	366.218750
1	11.493000	1.147826	317.500000	366.500000
1	11.524000	1.137536	315.156250	366.468750
1	11.555000	1.146667	315.475006	366.649994
1	11.586000	1.143333	315.431244	366.606232
1	11.633000	1.117971	315.437500	366.937500
1	11.664000	1.142029	315.500000	367.000000
1	11.696000	1.136812	315.162506	367.149994
1	11.727000	1.165362	315.493744	367.243744
1	11.758000	1.055072	317.500000	366.500000
1	11.789000	1.133188	315.518738	366.768738
1	11.820000	1.147826	317.500000	366.500000
1	11.852000	1.134928	315.681244	366.243744
1	11.898000	1.147826	314.500000	365.500000
1	11.930000	1.138406	315.206238	365.706238
1	11.961000	1.151160	315.556244	366.056244
1	11.992000	1.142029	315.500000	366.500000
1	12.023000	1.129709	315.356079	366.681091
1	12.054000	1.139130	314.800018	366.399994
1	12.086000	1.171015	315.500000	366.500000
1	12.132000	1.147826	313.500000	366.500000
1	12.164000	1.121015	313.918762	366.018738
1	12.195000	1.131014	314.250000	364.700012
1	12.226000	1.137101	314.387482	364.787506
1	12.257000	1.131014	314.737488	364.299988
1	12.288000	1.133333	314.737488	364.700012
1	12.320000	1.159420	314.437500	365.562500
1	12.366000	1.146812	314.256256	364.631256
1	12.398000	1.146812	314.256256	364.631256
1	12.429000	1.117971	314.062500	364.937500
1	12.460000	1.141884	314.281250	365.218750
1	12.491000	1.151594	314.062500	365.312500
1	12.522000	1.155362	314.399994	364.774994
1	12.554000	1.147826	314.750000	363.750000
1	12.585000	1.162319	314.550018	363.649933
1	12.632000	1.153768	314.731262	363.356262
1	12.663000	1.155362	314.600006	363.399994
1	12.694000	1.124058	314.899994	362.600006
1	12.725000	1.121594	315.393738	363.056213
1	12.756000	1.158551	314.912506	362.912506
1	12.788000	1.128551	314.056274	363.468750
1	12.819000	1.169710	314.556274	363.543762
1	12.866000	1.147826	314.250000	363.750000
1	12.897000	1.118986	314.093750	362.906250
1	12.928000	1.168551	315.243713	362.793701
1	12.959000	1.158116	314.706238	362.956238
1	12.990000	1.133188	314.531250	362.768738
1	13.022000	1.153768	315.018738	363.018738
1	13.053000	1.151160	315.056244	363.193756
1	13.100000	1.162029	314.787506	363.324982
1	13.131000	1.151594	314.687500	363.549988
1	13.162000	1.147826	314.250000	364.250000
1	13.193000	1.154203	315.024994	364.024994
1	13.224000	1.147826	314.000000	363.000000
1	13.256000	1.160725	314.681244	364.443756
1	13.287000	1.147971	314.493744	364.943756
1	13.318000	1.147826	313.500000	366.500000
1	13.365000	1.168406	314.787506	365.399994
1	13.396000	1.138551	315.174988	365.625000
1	13.427000	1.154928	315.031250	365.393738
1	13.458000	1.182609	314.750000	365.750000
1	13.490000	1.171159	314.343750	365.906250
1	13.521000	1.147826	313.500000	366.500000
1	13.552000	1.165797	314.487488	366.812500
1	13.599000	1.139855	314.206238	366.581238
1	13.630000	1.173768	314.581268	366.418793
1	13.661000	1.136377	315.218750	366.218750
1	13.692000	1.147826	313.500000	366.500000
1	13.724000	1.146812	314.543732	366.256256
1	13.755000	1.147826	313.500000	366.500000
1	13.786000	1.146812	314.743744	366.443756
1	13.833000	1.166377	314.837494	366.725006
1	13.864000	1.164493	314.206238	366.793762
1	13.895000	1.176087	313.937500	366.375000
1	13.926000	1.151014	314.337494	367.274994
1	13.958000	1.159855	313.318756	366.318756
1	13.989000	1.173768	314.168732	366.618744
1	14.020000	1.113768	315.018738	365.468750
1	14.051000	1.175073	314.087494	365.600006
1	14.098000	1.173188	314.356262	364.356262
1	14.129000	1.176812	314.387512	365.625000
1	14.160000	1.165072	314.493561	366.156158
1	14.192000	1.181594	314.006256	366.043732
1	14.223000	1.137536	314.156250	365.843750
1	14.254000	1.165942	313.481262	366.518738
1	14.285000	1.124638	313.500000	364.500000
1	14.332000	1.147826	313.500000	366.500000
1	14.363000	1.100725	314.718750	364.668762
1	14.394000	1.165797	313.875000	365.187500
1	14.426000	1.165217	314.062500	365.687500
1	14.457000	1.139275	313.818756	365.181244
1	14.488000	1.177101	314.074982	365.350006
1	14.519000	1.160290	314.362488	365.687500
1	14.550000	1.147826	313.500000	366.500000
1	14.597000	1.151160	314.056244	365.943756
1	14.628000	1.147826	314.000000	366.000000
1	14.660000	1.182609	313.750000	366.250000
1	14.691000	1.186377	313.500000	366.437500
1	14.722000	1.171015	313.700012	365.437500
1	14.753000	1.146812	314.256256	365.381256
1	14.784000	1.146812	314.256256	364.943756
1	14.831000	1.192899	313.843750	365.143738
1	14.862000	1.124638	315.500000	364.500000
1	14.894000	1.167971	314.218750	365.218750
1	14.925000	1.164638	314.500000	365.250000
1	14.956000	1.165942	314.518738	365.518738
1	14.987000	1.158116	314.343750	365.593750
1	15.018000	1.147826	313.500000	366.500000
1	15.065000	1.144493	314.256256	364.993744
1	15.096000	1.147826	313.500000	362.500000
1	15.128000	1.151014	314.212494	363.725006
1	15.159000	1.151014	314.662506	364.337494
1	15.190000	1.150580	314.031250	364.031250
1	15.221000	1.155507	314.368896	363.618713
1	15.252000	1.154928	314.406250	363.593750
1	15.284000	1.078261	313.500000	362.500000
1	15.330000	1.157246	314.393768	364.406219
1	15.362000	1.119855	313.918732	363.981293
1	15.393000	1.156812	313.937500	364.687500
1	15.424000	1.157971	313.437500	364.112488
1	15.455000	1.125507	314.062500	363.625000
1	15.486000	1.137536	314.156250	363.156250
1	15.518000	1.171015	313.500000	362.500000
1	15.564000	1.165797	314.625000	363.250000
1	15.596000	1.184203	314.281250	363.281250
1	15.627000	1.156232	313.662506	363.649994
1	15.658000	1.151594	313.687500	363.687500
1	15.689000	1.152464	314.000000	364.000000
1	15.720000	1.144493	314.256256	363.443756
1	15.752000	1.159275	313.531250	363.781250
1	15.798000	1.159710	313.662506	363.537506
1	15.830000	1.173188	313.606262	363.393738
1	15.861000	1.189710	313.943756	362.843781
1	15.892000	1.167971	313.781250	362.218750
1	15.923000	1.151160	313.943756	361.506256
1	15.954000	1.201160	314.225006	362.225006
1	15.986000	1.191884	313.862488	362.875000
1	16.017000	1.205507	313.712463	363.274963
1	16.064000	1.192464	314.100006	363.850006
1	16.095000	1.203333	313.943756	364.693756
1	16.126000	1.191884	313.875000	364.875000
1	16.157000	1.204058	314.000061	364.250000
1	16.188000	1.211449	314.093750	364.343750
1	16.220000	1.194638	314.068756	363.868744
1	16.251000	1.201014	314.306244	363.693756
1	16.298000	1.190290	314.506256	363.881256
1	16.329000	1.203623	314.731262	363.918762
0	16.360000	1.055072	317.500000	362.500000
1	16.391000	1.216667	313.768738	365.518738
1	16.422000	1.196667	314.068756	365.756256
1	16.454000	1.218116	313.531250	366.518738
1	16.485000	1.203333	313.306244	366.693756
1	16.532000	1.229275	313.524994	366.837494
1	16.563000	1.212029	313.318756	367.068756
1	16.594000	1.217391	313.500000	366.500000
1	16.625000	1.228406	313.337494	366.699982
1	16.656000	1.196667	313.868744	366.618744
1	16.688000	1.208696	313.500000	367.750000
1	16.719000	1.204203	313.043732	368.006256
1	16.750000	1.202754	313.031250	367.718750
1	16.797000	1.192319	313.131256	367.868744
1	16.828000	1.211884	313.337494	367.837494
1	16.859000	1.212464	313.062500	367.812500
1	16.890000	1.211449	312.906250	367.093750
1	16.922000	1.203333	313.243744	366.693756
1	16.953000	1.215508	313.118744	367.118805
1	16.984000	1.212464	313.062500	366.812500
1	17.031000	1.229275	313.287506	366.587494
1	17.062000	1.203188	313.287506	366.662506
1	17.093000	1.147826	313.500000	366.500000
1	17.124000	1.200580	312.950073	367.699890
1	17.156000	1.220725	313.193756	367.056244
1	17.187000	1.212029	312.506256	367.068756
1	17.218000	1.209855	312.350006	366.524994
1	17.265000	1.200000	312.875000	365.875000
1	17.296000	1.194203	312.843750	365.843750
1	17.327000	1.212319	313.456238	365.468750
1	17.358000	1.183188	313.250000	365.562500
1	17.390000	1.202754	313.281250	365.718750
1	17.421000	1.147826	313.500000	366.500000
1	17.452000	1.157681	313.600006	366.399994
1	17.483000	1.214638	312.568726	366.418762
1	17.530000	1.225942	312.618744	366.193756
1	17.561000	1.185942	312.556244	366.443756
1	17.592000	1.212464	312.812500	366.062500
1	17.624000	1.202754	313.031250	366.281250
1	17.655000	1.212029	313.068756	366.068756
1	17.686000	1.202754	313.281250	366.031250
1	17.717000	1.220580	313.412506	366.037506
1	17.764000	1.147826	313.500000	366.500000
1	17.795000	1.223333	312.218750	367.006226
1	17.826000	1.201449	312.656250	366.968750
1	17.858000	1.200725	312.268738	366.918762
1	17.889000	1.194203	312.500000	367.500000
1	17.920000	1.230580	312.318756	367.731232
1	17.951000	1.202754	311.968750	367.281250
1	17.982000	1.215507	312.681244	367.556244
1	18.029000	1.147826	313.500000	366.500000
1	18.060000	1.147826	313.500000	366.500000
1	18.092000	1.227246	312.524994	367.524994
1	18.123000	1.217391	311.500000	368.500000
1	18.154000	1.217391	312.000000	368.000000
1	18.185000	1.217391	312.000000	368.000000
1	18.216000	1.225507	312.000000	368.250000
1	18.263000	1.223623	312.181244	368.256256
1	18.294000	1.240290	312.587494	368.199982
1	18.326000	1.228985	312.500000	367.500000
1	18.357000	1.247971	312.456268	368.006256
1	18.388000	1.220290	312.312500	367.937500
1	18.419000	1.249275	312.656250	367.968750
1	18.450000	1.222319	313.187500	368.000000
1	18.482000	1.229420	312.318756	368.181244
1	18.528000	1.240580	312.500000	367.500000
1	18.560000	1.266667	312.250000	369.250000
1	18.591000	1.229855	312.687500	368.062500
1	18.622000	1.230580	312.306244	368.318756
1	18.653000	1.269565	312.312500	368.812500
1	18.684000	1.242319	312.350006	368.537506
1	18.716000	1.229275	312.337494	369.087494
1	18.762000	1.253768	312.018738	368.981262
1	18.794000	1.267971	312.218750	369.218750
1	18.825000	1.269565	312.000000	369.500000
1	18.856000	1.147826	313.500000	366.500000
1	18.887000	1.284928	312.862457	369.024994
1	18.918000	1.285362	312.518738	369.031250
1	18.950000	1.276667	312.906250	368.343750
1	18.996000	1.288841	312.143768	368.918732
1	19.028000	1.269565	312.500000	368.000000
1	19.059000	1.269710	311.806244	368.743744
1	19.090000	1.272899	312.181244	369.181244
1	19.121000	1.257681	311.662506	368.787506
1	19.152000	1.264493	311.206238	369.106201
1	19.184000	1.268551	310.756256	368.881256
1	19.215000	1.258116	311.093750	368.656250
1	19.262000	1.264638	311.562500	368.562500
1	19.293000	1.240580	313.500000	366.500000
1	19.324000	1.274203	311.712494	368.324982
1	19.355000	1.274493	311.812500	368.187500
1	19.386000	1.283768	312.024994	367.975006
1	19.418000	1.305507	312.225006	368.274994
1	19.449000	1.284058	311.862488	368.000000
1	19.496000	1.289710	311.281250	368.143738
1	19.527000	1.268551	311.243744	368.756256
1	19.558000	1.286957	310.500000	369.500000
0	19.589000	1.065797	314.312500	367.812500
1	19.620000	1.268551	311.243744	368.756256
1	19.652000	1.271159	311.718750	368.718750
1	19.683000	1.273913	311.250000	368.750000
1	19.730000	1.284058	311.750000	369.537476
1	19.761000	1.242319	311.350006	369.649994
1	19.792000	1.272754	311.837494	370.662506
1	19.823000	1.268986	311.237488	370.750000
1	19.854000	1.268551	310.756256	370.756256
1	19.886000	1.292754	311.000000	371.000000
1	19.917000	1.277101	311.225006	370.899994
1	19.948000	1.240580	313.500000	370.500000
1	19.995000	1.283188	310.937500	371.812500
1	20.026000	1.262029	311.100006	372.487518
1	20.057000	1.281449	310.975006	372.962494
1	20.088000	1.272899	310.181244	373.256256
1	20.120000	1.290145	310.087494	373.899994
1	20.151000	1.287681	310.000000	374.000000
1	20.182000	1.285942	309.993744	374.506256
1	20.229000	1.268406	309.824982	374.649994
1	20.260000	1.268551	309.756256	374.756256
1	20.291000	1.258116	310.218750	374.906250
1	20.322000	1.269710	309.806244	374.706268
1	20.354000	1.269710	310.368744	374.756256
1	20.385000	1.273913	310.000000	374.625000
1	20.416000	1.283188	310.000000	374.562500
1	20.463000	1.294638	310.081268	373.943756
1	20.494000	1.286957	310.000000	374.000000
1	20.525000	1.268406	309.850006	373.649994
1	20.556000	1.285362	309.781250	372.468750
1	20.588000	1.279420	309.149994	371.975006
1	20.619000	1.333333	309.500000	374.500000
1	20.650000	1.281014	309.218750	370.968750
1	20.681000	1.304348	310.125000	369.375000
1	20.728000	1.298261	309.674988	369.137512
1	20.759000	1.285362	310.031250	369.093750
1	20.790000	1.309275	310.187500	368.312500
1	20.822000	1.333333	309.500000	366.500000
1	20.853000	1.286957	310.500000	367.500000
1	20.884000	1.269565	309.500000	366.500000
0	20.915000	1.240580	313.500000	366.500000
0	20.962000	1.333333	313.500000	366.500000
1	20.993000	1.275362	309.500000	365.500000
1	21.024000	1.298986	309.693756	365.181244
1	21.056000	1.272754	309.662506	364.712494
1	21.087000	1.286957	308.500000	365.500000
1	21.118000	1.274058	309.693756	364.868744
1	21.149000	1.281159	309.500000	364.500000
1	21.196000	1.274638	309.706238	365.668762
1	21.227000	1.296377	309.106262	366.106262
1	21.258000	1.270145	309.312500	365.937500
1	21.290000	1.281014	308.968750	365.781250
1	21.321000	1.288551	308.093750	366.468750
1	21.352000	1.300580	308.937500	366.937500
1	21.383000	1.248406	308.562500	364.937500
1	21.414000	1.292899	308.943756	365.056244
1	21.461000	1.268986	309.200012	364.825012
1	21.492000	1.298551	309.500000	365.500000
1	21.524000	1.305507	309.225006	364.725006
1	21.555000	1.279710	309.774963	364.012512
1	21.586000	1.320580	308.975006	364.475006
1	21.617000	1.270145	309.250000	364.250000
1	21.648000	1.266377	308.837494	363.587494
1	21.695000	1.284203	309.031250	363.968750
1	21.726000	1.240580	309.500000	362.500000
1	21.758000	1.309710	309.181244	363.568756
1	21.789000	1.256667	309.443756	362.443756
1	21.820000	1.274638	309.331238	362.706238
1	21.851000	1.299420	309.037537	362.674988
1	21.882000	1.284203	309.168762	363.031250
1	21.929000	1.291884	309.062500	362.937500
1	21.960000	1.322754	308.931244	362.681244
1	21.992000	1.315942	309.000000	362.500000
1	22.023000	1.321739	309.250000	362.750000
1	22.054000	1.325073	308.943756	362.443756
1	22.085000	1.350145	309.899994	361.274994
1	22.116000	1.304348	309.500000	361.000000
1	22.148000	1.298406	310.156250	360.343750
1	22.194000	1.333333	309.500000	358.500000
1	22.226000	1.325073	310.368683	359.493744
1	22.257000	1.325073	310.506256	360.443756
1	22.288000	1.289710	310.093750	360.093750
1	22.319000	1.309275	310.187500	360.187500
1	22.350000	1.263768	311.500000	358.500000
1	22.382000	1.328841	309.543762	360.893738
1	22.413000	1.286957	309.875000	361.125000
1	22.460000	1.285942	310.143768	360.993744
1	22.491000	1.296812	309.975006	362.037506
1	22.522000	1.328985	310.487488	362.487488
1	22.553000	1.311449	310.331238	362.206238
1	22.584000	1.263768	311.500000	360.500000
1	22.616000	1.285362	310.031250	362.093750
1	22.647000	1.240580	313.500000	362.500000
1	22.694000	1.333333	309.500000	362.500000
1	22.725000	1.274203	310.712494	362.850006
1	22.756000	1.286957	310.500000	361.500000
1	22.787000	1.321884	309.993744	363.493744
1	22.818000	1.310145	310.000000	363.000000
1	22.850000	1.345072	310.343750	363.281250
1	22.881000	1.327246	310.462494	362.924957
1	22.928000	1.330725	310.462494	362.574982
1	22.959000	1.353333	310.574982	362.725006
1	22.990000	1.393188	310.343750	363.156250
1	23.021000	1.381014	310.093750	362.168762
1	23.052000	1.378406	310.868744	362.431244
1	23.084000	1.342464	310.356232	362.631256
1	23.115000	1.370580	310.068756	363.056244
1	23.146000	1.356522	311.500000	362.500000
1	23.193000	1.344928	310.500000	362.500000
1	23.224000	1.385507	309.875000	362.875000
1	23.255000	1.341884	309.718750	361.718750
1	23.286000	1.387681	311.081238	363.031250
1	23.318000	1.381014	310.206238	362.206238
1	23.349000	1.387101	310.981232	362.743744
0	23.380000	1.727536	315.375000	366.625000
1	23.427000	1.406377	311.475006	362.524994
1	23.458000	1.416377	311.368744	362.631256
1	23.489000	1.431884	311.000000	363.000000
1	23.520000	1.407536	310.475006	362.337494
1	23.552000	1.415797	309.656250	362.656250
1	23.583000	1.407536	310.524994	362.475006
1	23.614000	1.426087	309.500000	362.500000
1	23.661000	1.412899	310.868744	361.618744
1	23.692000	1.391594	310.712524	361.287476
1	23.723000	1.393623	310.649994	361.975006
1	23.754000	1.426087	310.000000	362.000000
1	23.786000	1.404203	310.543762	362.531250
1	23.817000	1.415797	310.656250	362.093750
1	23.848000	1.426232	310.243744	363.243744
1	23.879000	1.437536	310.031250	363.393738
1	23.926000	1.444638	309.975006	363.399994
1	23.957000	1.390145	309.975006	362.774994
1	23.988000	1.416377	310.368744	363.368744
1	24.020000	1.432029	310.531250	362.843750
1	24.051000	1.426087	310.500000	363.500000
1	24.082000	1.435362	310.875000	362.625000
1	24.113000	1.431594	310.287506	362.037506
1	24.160000	1.414928	310.618774	362.368774
1	24.191000	1.407681	310.493744	361.993744
1	24.222000	1.442899	310.750000	363.000000
1	24.254000	1.437681	310.500000	363.500000
1	24.285000	1.439130	310.375000	363.000000
1	24.316000	1.441159	310.649933	362.962494
1	24.347000	1.415797	310.343750	362.643738
1	24.394000	1.435362	310.875000	362.125000
0	24.425000	1.808116	313.937500	367.000000
1	24.456000	1.446232	310.906250	362.093750
1	24.488000	1.451594	310.125000	362.125000
0	24.519000	1.791884	314.250000	367.250000
1	24.550000	1.426087	311.000000	363.000000
1	24.581000	1.414493	309.500000	362.500000
1	24.612000	1.437971	310.412506	362.662506
1	24.659000	1.426087	309.500000	362.500000
1	24.690000	1.455072	311.000000	362.500000
0	24.722000	1.805362	315.006256	367.056244
1	24.753000	1.389275	310.287506	362.012482
1	24.784000	1.415217	310.812500	362.375000
1	24.815000	1.426087	309.500000	362.500000
1	24.847000	1.407101	310.768738	361.481262
1	24.893000	1.416812	310.625000	361.625000
1	24.925000	1.426087	310.500000	361.500000
1	24.956000	1.412464	310.125000	362.437500
1	24.987000	1.420290	310.500000	363.000000
1	25.018000	1.446232	309.281250	363.031250
1	25.049000	1.433188	308.906250	363.093750
1	25.081000	1.426087	309.500000	362.500000
1	25.127000	1.425942	309.493744	362.618744
0	25.159000	1.685797	315.850006	364.524994
1	25.190000	1.408116	310.312500	362.750000
1	25.221000	1.411594	309.000000	363.000000
1	25.252000	1.356522	311.500000	362.500000
1	25.283000	1.417971	310.375000	363.312500
0	25.315000	1.704348	309.500000	366.500000
1	25.346000	1.426087	309.500000	363.500000
1	25.393000	1.406377	309.475006	364.475006
1	25.424000	1.407681	309.193756	364.506256
1	25.455000	1.426087	309.500000	362.500000
1	25.486000	1.426087	309.500000	362.500000
1	25.517000	1.433768	309.118744	364.118744
1	25.549000	1.415797	309.343750	364.343750
1	25.580000	1.409710	309.756256	363.293732
1	25.627000	1.381014	309.156250	363.156250
0	25.658000	1.669855	312.812500	367.000000
1	25.689000	1.418551	310.600006	363.649994
1	25.720000	1.421159	309.812500	364.312500
0	25.751000	1.704348	313.500000	370.500000
1	25.783000	1.416232	309.337494	364.600006
1	25.814000	1.386812	309.931244	364.931244
1	25.861000	1.423188	308.812500	364.312500
1	25.892000	1.426812	310.518738	363.518738
1	25.923000	1.426087	309.500000	362.500000
1	25.954000	1.415797	309.656250	364.343750
1	25.985000	1.426087	310.000000	364.000000
1	26.017000	1.449275	309.500000	363.500000
1	26.048000	1.414493	310.325012	364.362488
1	26.079000	1.410580	309.718750	364.581238
1	26.126000	1.405507	310.537476	365.187439
1	26.157000	1.426087	310.500000	365.500000
1	26.188000	1.426087	309.500000	362.500000
1	26.219000	1.426087	309.500000	362.500000
1	26.251000	1.446377	309.800018	363.999969
1	26.282000	1.416812	309.375000	363.674988
1	26.313000	1.408696	310.500000	365.000000
0	26.360000	1.648695	314.125061	368.087341
1	26.391000	1.455072	310.075012	363.075012
1	26.422000	1.426087	309.500000	362.500000
1	26.453000	1.426087	309.500000	362.500000
1	26.485000	1.457101	310.437500	363.049988
1	26.516000	1.426667	310.500000	363.187500
1	26.547000	1.435942	309.600006	363.850006
1	26.578000	1.391304	309.500000	363.500000
1	26.625000	1.435797	309.868744	363.868744
1	26.656000	1.426087	309.500000	362.500000
1	26.687000	1.402899	309.500000	364.500000
1	26.719000	1.423188	309.750000	363.799988
1	26.750000	1.416812	309.674988	363.375000
1	26.781000	1.435942	309.600006	363.850006
1	26.812000	1.426087	309.750000	364.750000
0	26.859000	1.721884	319.493744	367.931244
0	26.890000	1.592464	311.899994	367.024994
1	26.921000	1.425942	309.368744	364.493744
1	26.953000	1.402899	310.000000	365.000000
1	26.984000	1.423913	308.956207	364.706268
1	27.015000	1.415797	309.343750	364.843750
1	27.046000	1.415797	309.343750	364.643738
1	27.077000	1.453188	308.818756	365.118744
1	27.124000	1.449420	308.893738	363.893738
1	27.155000	1.426087	309.500000	362.500000
1	27.187000	1.453768	308.831238	363.143738
1	27.218000	1.453188	309.818756	364.118744
1	27.249000	1.451160	309.818756	363.418732
0	27.280000	1.718986	314.156250	366.406250
1	27.311000	1.450580	309.843750	363.893738
1	27.358000	1.461884	309.693756	363.868744
1	27.389000	1.426087	309.000000	364.000000
1	27.421000	1.453768	308.843750	364.843750
1	27.452000	1.407536	308.662506	363.524994
0	27.483000	1.748840	312.718811	367.281311
1	27.514000	1.420290	308.500000	363.500000
1	27.545000	1.449275	309.500000	362.500000
1	27.592000	1.451160	308.756256	364.131256
1	27.623000	1.426087	309.500000	362.500000
0	27.655000	1.692754	315.500000	364.500000
1	27.686000	1.415797	309.393738	364.406250
1	27.717000	1.425942	309.493744	364.543732
1	27.748000	1.392029	309.018738	364.731262
1	27.779000	1.437681	309.500000	364.500000
1	27.811000	1.414058	308.631256	364.668732
1	27.857000	1.412754	309.350037	363.650024
1	27.889000	1.416377	309.368744	364.368744
1	27.920000	1.356522	309.500000	362.500000
1	27.951000	1.379855	309.206238	364.156250
1	27.982000	1.426087	309.500000	362.500000
1	28.013000	1.375362	309.862488	364.362488
1	28.045000	1.426087	309.500000	366.500000
1	28.091000	1.361594	309.456238	364.956238
0	28.123000	1.706231	312.731079	368.481262
0	28.154000	1.670145	313.812500	367.187500
1	28.185000	1.381159	309.012512	364.862488
1	28.216000	1.407681	308.493744	365.506256
1	28.247000	1.356522	309.500000	364.500000
1	28.279000	1.370725	308.162506	365.962494
1	28.325000	1.382029	308.849976	365.012512
1	28.357000	1.379855	308.843750	365.156250
1	28.388000	1.391304	308.500000	365.500000
0	28.419000	1.640290	314.587494	369.412506
1	28.450000	1.426087	309.500000	366.500000
1	28.481000	1.405362	308.506256	367.506256
1	28.513000	1.442899	308.062500	369.000000
1	28.544000	1.402899	307.500000	368.500000
1	28.591000	1.414638	308.393738	368.593750
1	28.622000	1.407681	307.743744	368.493744
1	28.653000	1.402899	308.500000	368.000000
1	28.684000	1.437536	307.968750	367.906250
1	28.715000	1.408116	308.750000	367.750000
1	28.747000	1.415797	308.656250	366.831238
1	28.778000	1.426087	309.500000	366.500000
0	28.825000	1.586957	311.587830	369.962219
1	28.856000	1.418551	308.600006	369.324921
1	28.887000	1.421159	308.062500	368.812500
1	28.918000	1.415797	308.343750	368.343750
1	28.949000	1.426087	308.500000	367.500000
1	28.981000	1.426087	309.500000	366.500000
0	29.012000	1.629855	312.312500	369.437500
1	29.059000	1.402899	307.500000	366.500000
1	29.090000	1.407101	307.718750	366.531250
1	29.121000	1.375073	307.899994	365.975006
1	29.152000	1.435507	308.375000	366.937500
1	29.183000	1.416232	308.600006	366.649994
1	29.215000	1.391594	309.024994	366.712494
1	29.246000	1.391884	309.000000	366.674988
1	29.277000	1.414493	308.625000	366.674988
1	29.324000	1.426087	309.500000	366.500000
1	29.355000	1.414493	308.674988	366.674988
0	29.386000	1.775507	314.518738	367.468750
1	29.417000	1.426087	309.500000	366.500000
1	29.449000	1.391449	309.031250	365.643738
1	29.480000	1.344928	309.500000	364.500000
1	29.511000	1.413768	309.318726	365.381226
1	29.558000	1.414493	309.500000	366.500000
1	29.589000	1.399855	309.118713	364.581238
1	29.620000	1.369855	309.049988	365.699829
1	29.651000	1.391304	309.500000	365.500000
1	29.683000	1.392029	309.118744	366.031158
0	29.714000	1.678841	315.875000	365.924988
1	29.745000	1.426087	309.500000	366.500000
1	29.792000	1.374493	308.875000	364.237488
1	29.823000	1.383333	309.143738	365.143738
1	29.854000	1.415797	309.343750	365.343750
1	29.885000	1.356522	309.500000	364.500000
1	29.917000	1.433188	309.093750	364.906250
0	29.948000	1.740290	314.975006	367.975006
1	29.979000	1.368116	309.500000	364.500000
<\RIGHT-PUPIL-DATA>
<LEFT-PUPIL-DATA>
903	0
0	-0.066000	13.913043	240.000000	320.000000
0	-0.019000	13.913043	240.000000	320.000000
0	0.012000	13.913043	240.000000	320.000000
0	0.043000	13.913043	240.000000	320.000000
0	0.074000	13.913043	240.000000	320.000000
0	0.106000	13.913043	240.000000	320.000000
0	0.137000	13.913043	240.000000	320.000000
0	0.168000	13.913043	240.000000	320.000000
0	0.215000	13.913043	240.000000	320.000000
0	0.246000	13.913043	240.000000	320.000000
0	0.277000	13.913043	240.000000	320.000000
0	0.308000	13.913043	240.000000	320.000000
0	0.340000	13.913043	240.000000	320.000000
0	0.371000	13.913043	240.000000	320.000000
0	0.402000	13.913043	240.000000	320.000000
0	0.449000	13.913043	240.000000	320.000000
0	0.480000	13.913043	240.000000	320.000000
0	0.511000	13.913043	240.000000	320.000000
0	0.542000	13.913043	240.000000	320.000000
0	0.574000	13.913043	240.000000	320.000000
0	0.605000	13.913043	240.000000	320.000000
0	0.636000	13.913043	240.000000	320.000000
0	0.667000	13.913043	240.000000	320.000000
0	0.714000	13.913043	240.000000	320.000000
0	0.745000	13.913043	240.000000	320.000000
0	0.776000	13.913043	240.000000	320.000000
0	0.808000	13.913043	240.000000	320.000000
0	0.839000	13.913043	240.000000	320.000000
0	0.870000	13.913043	240.000000	320.000000
0	0.901000	13.913043	240.000000	320.000000
0	0.948000	13.913043	240.000000	320.000000
0	0.979000	13.913043	240.000000	320.000000
0	1.010000	13.913043	240.000000	320.000000
0	1.042000	13.913043	240.000000	320.000000
0	1.073000	13.913043	240.000000	320.000000
0	1.104000	13.913043	240.000000	320.000000
0	1.135000	13.913043	240.000000	320.000000
0	1.182000	13.913043	240.000000	320.000000
0	1.213000	13.913043	240.000000	320.000000
0	1.244000	13.913043	240.000000	320.000000
0	1.276000	13.913043	240.000000	320.000000
0	1.307000	13.913043	240.000000	320.000000
0	1.338000	13.913043	240.000000	320.000000
0	1.369000	13.913043	240.000000	320.000000
0	1.400000	13.913043	240.000000	320.000000
0	1.447000	13.913043	240.000000	320.000000
0	1.478000	13.913043	240.000000	320.000000
0	1.510000	13.913043	240.000000	320.000000
0	1.541000	13.913043	240.000000	320.000000
0	1.572000	13.913043	240.000000	320.000000
0	1.603000	13.913043	240.000000	320.000000
0	1.634000	13.913043	240.000000	320.000000
0	1.681000	13.913043	240.000000	320.000000
0	1.712000	13.913043	240.000000	320.000000
0	1.744000	13.913043	240.000000	320.000000
0	1.775000	13.913043	240.000000	320.000000
0	1.806000	13.913043	240.000000	320.000000
0	1.837000	13.913043	240.000000	320.000000
0	1.868000	13.913043	240.000000	320.000000
0	1.915000	13.913043	240.000000	320.000000
0	1.946000	13.913043	240.000000	320.000000
0	1.978000	13.913043	240.000000	320.000000
0	2.009000	13.913043	240.000000	320.000000
0	2.040000	13.913043	240.000000	320.000000
0	2.071000	13.913043	240.000000	320.000000
0	2.102000	13.913043	240.000000	320.000000
0	2.134000	13.913043	240.000000	320.000000
0	2.180000	13.913043	240.000000	320.000000
0	2.212000	13.913043	240.000000	320.000000
0	2.243000	13.913043	240.000000	320.000000
0	2.274000	13.913043	240.000000	320.000000
0	2.305000	13.913043	240.000000	320.000000
0	2.336000	13.913043	240.000000	320.000000
0	2.368000	13.913043	240.000000	320.000000
0	2.414000	13.913043	240.000000	320.000000
0	2.446000	13.913043	240.000000	320.000000
0	2.477000	13.913043	240.000000	320.000000
0	2.508000	13.913043	240.000000	320.000000
0	2.539000	13.913043	240.000000	320.000000
0	2.570000	13.913043	240.000000	320.000000
0	2.602000	13.913043	240.000000	320.000000
0	2.633000	13.913043	240.000000	320.000000
0	2.680000	13.913043	240.000000	320.000000
0	2.711000	13.913043	240.000000	320.000000
0	2.742000	13.913043	240.000000	320.000000
0	2.773000	13.913043	240.000000	320.000000
0	2.804000	13.913043	240.000000	320.000000
0	2.836000	13.913043	240.000000	320.000000
0	2.867000	13.913043	240.000000	320.000000
0	2.914000	13.913043	240.000000	320.000000
0	2.945000	13.913043	240.000000	320.000000
0	2.976000	13.913043	240.000000	320.000000
0	3.007000	13.913043	240.000000	320.000000
0	3.038000	13.913043	240.000000	320.000000
0	3.070000	13.913043	240.000000	320.000000
0	3.101000	13.913043	240.000000	320.000000
0	3.148000	13.913043	240.000000	320.000000
0	3.179000	13.913043	240.000000	320.000000
0	3.210000	13.913043	240.000000	320.000000
0	3.241000	13.913043	240.000000	320.000000
0	3.272000	13.913043	240.000000	320.000000
0	3.304000	13.913043	240.000000	320.000000
0	3.335000	13.913043	240.000000	320.000000
0	3.366000	13.913043	240.000000	320.000000
0	3.413000	13.913043	240.000000	320.000000
0	3.444000	13.913043	240.000000	320.000000
0	3.475000	13.913043	240.000000	320.000000
0	3.506000	13.913043	240.000000	320.000000
0	3.538000	13.913043	240.000000	320.000000
0	3.569000	13.913043	240.000000	320.000000
0	3.600000	13.913043	240.000000	320.000000
0	3.647000	13.913043	240.000000	320.000000
0	3.678000	13.913043	240.000000	320.000000
0	3.709000	13.913043	240.000000	320.000000
0	3.740000	13.913043	240.000000	320.000000
0	3.772000	13.913043	240.000000	320.000000
0	3.803000	13.913043	240.000000	320.000000
0	3.834000	13.913043	240.000000	320.000000
0	3.881000	13.913043	240.000000	320.000000
0	3.912000	13.913043	240.000000	320.000000
0	3.943000	13.913043	240.000000	320.000000
0	3.974000	13.913043	240.000000	320.000000
0	4.006000	13.913043	240.000000	320.000000
0	4.037000	13.913043	240.000000	320.000000
0	4.068000	13.913043	240.000000	320.000000
0	4.099000	13.913043	240.000000	320.000000
0	4.146000	13.913043	240.000000	320.000000
0	4.177000	13.913043	240.000000	320.000000
0	4.208000	13.913043	240.000000	320.000000
0	4.240000	13.913043	240.000000	320.000000
0	4.271000	13.913043	240.000000	320.000000
0	4.302000	13.913043	240.000000	320.000000
0	4.333000	13.913043	240.000000	320.000000
0	4.380000	13.913043	240.000000	320.000000
0	4.411000	13.913043	240.000000	320.000000
0	4.442000	13.913043	240.000000	320.000000
0	4.474000	13.913043	240.000000	320.000000
0	4.505000	13.913043	240.000000	320.000000
0	4.536000	13.913043	240.000000	320.000000
0	4.567000	13.913043	240.000000	320.000000
0	4.598000	13.913043	240.000000	320.000000
0	4.645000	13.913043	240.000000	320.000000
0	4.676000	13.913043	240.000000	320.000000
0	4.708000	13.913043	240.000000	320.000000
0	4.739000	13.913043	240.000000	320.000000
0	4.770000	13.913043	240.000000	320.000000
0	4.801000	13.913043	240.000000	320.000000
0	4.832000	13.913043	240.000000	320.000000
0	4.879000	13.913043	240.000000	320.000000
0	4.910000	13.913043	240.000000	320.000000
0	4.942000	13.913043	240.000000	320.000000
0	4.973000	13.913043	240.000000	320.000000
0	5.004000	13.913043	240.000000	320.000000
0	5.035000	13.913043	240.000000	320.000000
0	5.066000	13.913043	240.000000	320.000000
0	5.113000	13.913043	240.000000	320.000000
0	5.144000	13.913043	240.000000	320.000000
0	5.176000	13.913043	240.000000	320.000000
0	5.207000	13.913043	240.000000	320.000000
0	5.238000	13.913043	240.000000	320.000000
0	5.269000	13.913043	240.000000	320.000000
0	5.300000	13.913043	240.000000	320.000000
0	5.332000	13.913043	240.000000	320.000000
0	5.378000	13.913043	240.000000	320.000000
0	5.410000	13.913043	240.000000	320.000000
0	5.441000	13.913043	240.000000	320.000000
0	5.472000	13.913043	240.000000	320.000000
0	5.503000	13.913043	240.000000	320.000000
0	5.534000	13.913043	240.000000	320.000000
0	5.566000	13.913043	240.000000	320.000000
0	5.612000	13.913043	240.000000	320.000000
0	5.644000	13.913043	240.000000	320.000000
0	5.675000	13.913043	240.000000	320.000000
0	5.706000	13.913043	240.000000	320.000000
0	5.737000	13.913043	240.000000	320.000000
0	5.768000	13.913043	240.000000	320.000000
0	5.800000	13.913043	240.000000	320.000000
0	5.846000	13.913043	240.000000	320.000000
0	5.878000	13.913043	240.000000	320.000000
0	5.909000	13.913043	240.000000	320.000000
0	5.940000	13.913043	240.000000	320.000000
0	5.971000	13.913043	240.000000	320.000000
0	6.002000	13.913043	240.000000	320.000000
0	6.034000	13.913043	240.000000	320.000000
0	6.065000	13.913043	240.000000	320.000000
0	6.112000	13.913043	240.000000	320.000000
0	6.143000	13.913043	240.000000	320.000000
0	6.174000	13.913043	240.000000	320.000000
0	6.205000	13.913043	240.000000	320.000000
0	6.236000	13.913043	240.000000	320.000000
0	6.268000	13.913043	240.000000	320.000000
0	6.299000	13.913043	240.000000	320.000000
0	6.346000	13.913043	240.000000	320.000000
0	6.377000	13.913043	240.000000	320.000000
0	6.408000	13.913043	240.000000	320.000000
0	6.439000	13.913043	240.000000	320.000000
0	6.470000	13.913043	240.000000	320.000000
0	6.502000	13.913043	240.000000	320.000000
0	6.533000	13.913043	240.000000	320.000000
0	6.564000	13.913043	240.000000	320.000000
0	6.611000	13.913043	240.000000	320.000000
0	6.642000	13.913043	240.000000	320.000000
0	6.673000	13.913043	240.000000	320.000000
0	6.704000	13.913043	240.000000	320.000000
0	6.736000	13.913043	240.000000	320.000000
0	6.767000	13.913043	240.000000	320.000000
0	6.798000	13.913043	240.000000	320.000000
0	6.845000	13.913043	240.000000	320.000000
0	6.876000	13.913043	240.000000	320.000000
0	6.907000	13.913043	240.000000	320.000000
0	6.938000	13.913043	240.000000	320.000000
0	6.970000	13.913043	240.000000	320.000000
0	7.001000	13.913043	240.000000	320.000000
0	7.032000	13.913043	240.000000	320.000000
0	7.079000	13.913043	240.000000	320.000000
0	7.110000	13.913043	240.000000	320.000000
0	7.141000	13.913043	240.000000	320.000000
0	7.172000	13.913043	240.000000	320.000000
0	7.204000	13.913043	240.000000	320.000000
0	7.235000	13.913043	240.000000	320.000000
0	7.266000	13.913043	240.000000	320.000000
0	7.297000	13.913043	240.000000	320.000000
0	7.344000	13.913043	240.000000	320.000000
0	7.375000	13.913043	240.000000	320.000000
0	7.406000	13.913043	240.000000	320.000000
0	7.438000	13.913043	240.000000	320.000000
0	7.469000	13.913043	240.000000	320.000000
0	7.500000	13.913043	240.000000	320.000000
0	7.531000	13.913043	240.000000	320.000000
0	7.578000	13.913043	240.000000	320.000000
0	7.609000	13.913043	240.000000	320.000000
0	7.640000	13.913043	240.000000	320.000000
0	7.672000	13.913043	240.000000	320.000000
0	7.703000	13.913043	240.000000	320.000000
0	7.734000	13.913043	240.000000	320.000000
0	7.765000	13.913043	240.000000	320.000000
0	7.812000	13.913043	240.000000	320.000000
0	7.843000	13.913043	240.000000	320.000000
0	7.874000	13.913043	240.000000	320.000000
0	7.906000	13.913043	240.000000	320.000000
0	7.937000	13.913043	240.000000	320.000000
0	7.968000	13.913043	240.000000	320.000000
0	7.999000	13.913043	240.000000	320.000000
0	8.030000	13.913043	240.000000	320.000000
0	8.077000	13.913043	240.000000	320.000000
0	8.108000	13.913043	240.000000	320.000000
0	8.140000	13.913043	240.000000	320.000000
0	8.171000	13.913043	240.000000	320.000000
0	8.202000	13.913043	240.000000	320.000000
0	8.233000	13.913043	240.000000	320.000000
0	8.264000	13.913043	240.000000	320.000000
0	8.311000	13.913043	240.000000	320.000000
0	8.342000	13.913043	240.000000	320.000000
0	8.374000	13.913043	240.000000	320.000000
0	8.405000	13.913043	240.000000	320.000000
0	8.436000	13.913043	240.000000	320.000000
0	8.467000	13.913043	240.000000	320.000000
0	8.498000	13.913043	240.000000	320.000000
0	8.545000	13.913043	240.000000	320.000000
0	8.576000	13.913043	240.000000	320.000000
0	8.608000	13.913043	240.000000	320.000000
0	8.639000	13.913043	240.000000	320.000000
0	8.670000	13.913043	240.000000	320.000000
0	8.701000	13.913043	240.000000	320.000000
0	8.732000	13.913043	240.000000	320.000000
0	8.764000	13.913043	240.000000	320.000000
0	8.810000	13.913043	240.000000	320.000000
0	8.842000	13.913043	240.000000	320.000000
0	8.873000	13.913043	240.000000	320.000000
0	8.904000	13.913043	240.000000	320.000000
0	8.935000	13.913043	240.000000	320.000000
0	8.966000	13.913043	240.000000	320.000000
0	8.998000	13.913043	240.000000	320.000000
0	9.044000	13.913043	240.000000	320.000000
0	9.076000	13.913043	240.000000	320.000000
0	9.107000	13.913043	240.000000	320.000000
0	9.138000	13.913043	240.000000	320.000000
0	9.169000	13.913043	240.000000	320.000000
0	9.200000	13.913043	240.000000	320.000000
0	9.232000	13.913043	240.000000	320.000000
0	9.263000	13.913043	240.000000	320.000000
0	9.310000	13.913043	240.000000	320.000000
0	9.341000	13.913043	240.000000	320.000000
0	9.372000	13.913043	240.000000	320.000000
0	9.403000	13.913043	240.000000	320.000000
0	9.434000	13.913043	240.000000	320.000000
0	9.466000	13.913043	240.000000	320.000000
0	9.497000	13.913043	240.000000	320.000000
0	9.544000	13.913043	240.000000	320.000000
0	9.575000	13.913043	240.000000	320.000000
0	9.606000	13.913043	240.000000	320.000000
0	9.637000	13.913043	240.000000	320.000000
0	9.668000	13.913043	240.000000	320.000000
0	9.700000	13.913043	240.000000	320.000000
0	9.731000	13.913043	240.000000	320.000000
0	9.778000	13.913043	240.000000	320.000000
0	9.809000	13.913043	240.000000	320.000000
0	9.840000	13.913043	240.000000	320.000000
0	9.871000	13.913043	240.000000	320.000000
0	9.902000	13.913043	240.000000	320.000000
0	9.934000	13.913043	240.000000	320.000000
0	9.965000	13.913043	240.000000	320.000000
0	9.996000	13.913043	240.000000	320.000000
0	10.043000	13.913043	240.000000	320.000000
0	10.074000	13.913043	240.000000	320.000000
0	10.105000	13.913043	240.000000	320.000000
0	10.136000	13.913043	240.000000	320.000000
0	10.168000	13.913043	240.000000	320.000000
0	10.199000	13.913043	240.000000	320.000000
0	10.230000	13.913043	240.000000	320.000000
0	10.277000	13.913043	240.000000	320.000000
0	10.308000	13.913043	240.000000	320.000000
0	10.339000	13.913043	240.000000	320.000000
0	10.370000	13.913043	240.000000	320.000000
0	10.402000	13.913043	240.000000	320.000000
0	10.433000	13.913043	240.000000	320.000000
0	10.464000	13.913043	240.000000	320.000000
0	10.495000	13.913043	240.000000	320.000000
0	10.542000	13.913043	240.000000	320.000000
0	10.573000	13.913043	240.000000	320.000000
0	10.604000	13.913043	240.000000	320.000000
0	10.636000	13.913043	240.000000	320.000000
0	10.667000	13.913043	240.000000	320.000000
0	10.698000	13.913043	240.000000	320.000000
0	10.729000	13.913043	240.000000	320.000000
0	10.776000	13.913043	240.000000	320.000000
0	10.807000	13.913043	240.000000	320.000000
0	10.838000	13.913043	240.000000	320.000000
0	10.870000	13.913043	240.000000	320.000000
0	10.901000	13.913043	240.000000	320.000000
0	10.932000	13.913043	240.000000	320.000000
0	10.963000	13.913043	240.000000	320.000000
0	11.010000	13.913043	240.000000	320.000000
0	11.041000	13.913043	240.000000	320.000000
0	11.072000	13.913043	240.000000	320.000000
0	11.104000	13.913043	240.000000	320.000000
0	11.135000	13.913043	240.000000	320.000000
0	11.166000	13.913043	240.000000	320.000000
0	11.197000	13.913043	240.000000	320.000000
0	11.228000	13.913043	240.000000	320.000000
0	11.275000	13.913043	240.000000	320.000000
0	11.306000	13.913043	240.000000	320.000000
0	11.338000	13.913043	240.000000	320.000000
0	11.369000	13.913043	240.000000	320.000000
0	11.400000	13.913043	240.000000	320.000000
0	11.431000	13.913043	240.000000	320.000000
0	11.462000	13.913043	240.000000	320.000000
0	11.509000	13.913043	240.000000	320.000000
0	11.540000	13.913043	240.000000	320.000000
0	11.572000	13.913043	240.000000	320.000000
0	11.603000	13.913043	240.000000	320.000000
0	11.634000	13.913043	240.000000	320.000000
0	11.665000	13.913043	240.000000	320.000000
0	11.696000	13.913043	240.000000	320.000000
0	11.743000	13.913043	240.000000	320.000000
0	11.774000	13.913043	240.000000	320.000000
0	11.806000	13.913043	240.000000	320.000000
0	11.837000	13.913043	240.000000	320.000000
0	11.868000	13.913043	240.000000	320.000000
0	11.899000	13.913043	240.000000	320.000000
0	11.930000	13.913043	240.000000	320.000000
0	11.962000	13.913043	240.000000	320.000000
0	12.008000	13.913043	240.000000	320.000000
0	12.040000	13.913043	240.000000	320.000000
0	12.071000	13.913043	240.000000	320.000000
0	12.102000	13.913043	240.000000	320.000000
0	12.133000	13.913043	240.000000	320.000000
0	12.164000	13.913043	240.000000	320.000000
0	12.196000	13.913043	240.000000	320.000000
0	12.242000	13.913043	240.000000	320.000000
0	12.274000	13.913043	240.000000	320.000000
0	12.305000	13.913043	240.000000	320.000000
0	12.336000	13.913043	240.000000	320.000000
0	12.367000	13.913043	240.000000	320.000000
0	12.398000	13.913043	240.000000	320.000000
0	12.430000	13.913043	240.000000	320.000000
0	12.476000	13.913043	240.000000	320.000000
0	12.508000	13.913043	240.000000	320.000000
0	12.539000	13.913043	240.000000	320.000000
0	12.570000	13.913043	240.000000	320.000000
0	12.601000	13.913043	240.000000	320.000000
0	12.632000	13.913043	240.000000	320.000000
0	12.664000	13.913043	240.000000	320.000000
0	12.695000	13.913043	240.000000	320.000000
0	12.742000	13.913043	240.000000	320.000000
0	12.773000	13.913043	240.000000	320.000000
0	12.804000	13.913043	240.000000	320.000000
0	12.835000	13.913043	240.000000	320.000000
0	12.866000	13.913043	240.000000	320.000000
0	12.898000	13.913043	240.000000	320.000000
0	12.929000	13.913043	240.000000	320.000000
0	12.976000	13.913043	240.000000	320.000000
0	13.007000	13.913043	240.000000	320.000000
0	13.038000	13.913043	240.000000	320.000000
0	13.069000	13.913043	240.000000	320.000000
0	13.100000	13.913043	240.000000	320.000000
0	13.132000	13.913043	240.000000	320.000000
0	13.163000	13.913043	240.000000	320.000000
0	13.210000	13.913043	240.000000	320.000000
0	13.241000	13.913043	240.000000	320.000000
0	13.272000	13.913043	240.000000	320.000000
0	13.303000	13.913043	240.000000	320.000000
0	13.334000	13.913043	240.000000	320.000000
0	13.366000	13.913043	240.000000	320.000000
0	13.397000	13.913043	240.000000	320.000000
0	13.428000	13.913043	240.000000	320.000000
0	13.475000	13.913043	240.000000	320.000000
0	13.506000	13.913043	240.000000	320.000000
0	13.537000	13.913043	240.000000	320.000000
0	13.568000	13.913043	240.000000	320.000000
0	13.600000	13.913043	240.000000	320.000000
0	13.631000	13.913043	240.000000	320.000000
0	13.662000	13.913043	240.000000	320.000000
0	13.709000	13.913043	240.000000	320.000000
0	13.740000	13.913043	240.000000	320.000000
0	13.771000	13.913043	240.000000	320.000000
0	13.802000	13.913043	240.000000	320.000000
0	13.834000	13.913043	240.000000	320.000000
0	13.865000	13.913043	240.000000	320.000000
0	13.896000	13.913043	240.000000	320.000000
0	13.927000	13.913043	240.000000	320.000000
0	13.974000	13.913043	240.000000	320.000000
0	14.005000	13.913043	240.000000	320.000000
0	14.036000	13.913043	240.000000	320.000000
0	14.068000	13.913043	240.000000	320.000000
0	14.099000	13.913043	240.000000	320.000000
0	14.130000	13.913043	240.000000	320.000000
0	14.161000	13.913043	240.000000	320.000000
0	14.208000	13.913043	240.000000	320.000000
0	14.239000	13.913043	240.000000	320.000000
0	14.270000	13.913043	240.000000	320.000000
0	14.302000	13.913043	240.000000	320.000000
0	14.333000	13.913043	240.000000	320.000000
0	14.364000	13.913043	240.000000	320.000000
0	14.395000	13.913043	240.000000	320.000000
0	14.426000	13.913043	240.000000	320.000000
0	14.473000	13.913043	240.000000	320.000000
0	14.504000	13.913043	240.000000	320.000000
0	14.536000	13.913043	240.000000	320.000000
0	14.567000	13.913043	240.000000	320.000000
0	14.598000	13.913043	240.000000	320.000000
0	14.629000	13.913043	240.000000	320.000000
0	14.660000	13.913043	240.000000	320.000000
0	14.707000	13.913043	240.000000	320.000000
0	14.738000	13.913043	240.000000	320.000000
0	14.770000	13.913043	240.000000	320.000000
0	14.801000	13.913043	240.000000	320.000000
0	14.832000	13.913043	240.000000	320.000000
0	14.863000	13.913043	240.000000	320.000000
0	14.894000	13.913043	240.000000	320.000000
0	14.941000	13.913043	240.000000	320.000000
0	14.972000	13.913043	240.000000	320.000000
0	15.004000	13.913043	240.000000	320.000000
0	15.035000	13.913043	240.000000	320.000000
0	15.066000	13.913043	240.000000	320.000000
0	15.097000	13.913043	240.000000	320.000000
0	15.128000	13.913043	240.000000	320.000000
0	15.160000	13.913043	240.000000	320.000000
0	15.206000	13.913043	240.000000	320.000000
0	15.238000	13.913043	240.000000	320.000000
0	15.269000	13.913043	240.000000	320.000000
0	15.300000	13.913043	240.000000	320.000000
0	15.331000	13.913043	240.000000	320.000000
0	15.362000	13.913043	240.000000	320.000000
0	15.394000	13.913043	240.000000	320.000000
0	15.440000	13.913043	240.000000	320.000000
0	15.472000	13.913043	240.000000	320.000000
0	15.503000	13.913043	240.000000	320.000000
0	15.534000	13.913043	240.000000	320.000000
0	15.565000	13.913043	240.000000	320.000000
0	15.596000	13.913043	240.000000	320.000000
0	15.628000	13.913043	240.000000	320.000000
0	15.674000	13.913043	240.000000	320.000000
0	15.706000	13.913043	240.000000	320.000000
0	15.737000	13.913043	240.000000	320.000000
0	15.768000	13.913043	240.000000	320.000000
0	15.799000	13.913043	240.000000	320.000000
0	15.830000	13.913043	240.000000	320.000000
0	15.862000	13.913043	240.000000	320.000000
0	15.893000	13.913043	240.000000	320.000000
0	15.940000	13.913043	240.000000	320.000000
0	15.971000	13.913043	240.000000	320.000000
0	16.002000	13.913043	240.000000	320.000000
0	16.033000	13.913043	240.000000	320.000000
0	16.064000	13.913043	240.000000	320.000000
0	16.096000	13.913043	240.000000	320.000000
0	16.127000	13.913043	240.000000	320.000000
0	16.174000	13.913043	240.000000	320.000000
0	16.205000	13.913043	240.000000	320.000000
0	16.236000	13.913043	240.000000	320.000000
0	16.267000	13.913043	240.000000	320.000000
0	16.298000	13.913043	240.000000	320.000000
0	16.330000	13.913043	240.000000	320.000000
0	16.361000	13.913043	240.000000	320.000000
0	16.408000	13.913043	240.000000	320.000000
0	16.439000	13.913043	240.000000	320.000000
0	16.470000	13.913043	240.000000	320.000000
0	16.501000	13.913043	240.000000	320.000000
0	16.532000	13.913043	240.000000	320.000000
0	16.564000	13.913043	240.000000	320.000000
0	16.595000	13.913043	240.000000	320.000000
0	16.626000	13.913043	240.000000	320.000000
0	16.673000	13.913043	240.000000	320.000000
0	16.704000	13.913043	240.000000	320.000000
0	16.735000	13.913043	240.000000	320.000000
0	16.766000	13.913043	240.000000	320.000000
0	16.798000	13.913043	240.000000	320.000000
0	16.829000	13.913043	240.000000	320.000000
0	16.860000	13.913043	240.000000	320.000000
0	16.907000	13.913043	240.000000	320.000000
0	16.938000	13.913043	240.000000	320.000000
0	16.969000	13.913043	240.000000	320.000000
0	17.000000	13.913043	240.000000	320.000000
0	17.032000	13.913043	240.000000	320.000000
0	17.063000	13.913043	240.000000	320.000000
0	17.094000	13.913043	240.000000	320.000000
0	17.141000	13.913043	240.000000	320.000000
0	17.172000	13.913043	240.000000	320.000000
0	17.203000	13.913043	240.000000	320.000000
0	17.234000	13.913043	240.000000	320.000000
0	17.266000	13.913043	240.000000	320.000000
0	17.297000	13.913043	240.000000	320.000000
0	17.328000	13.913043	240.000000	320.000000
0	17.359000	13.913043	240.000000	320.000000
0	17.406000	13.913043	240.000000	320.000000
0	17.437000	13.913043	240.000000	320.000000
0	17.468000	13.913043	240.000000	320.000000
0	17.500000	13.913043	240.000000	320.000000
0	17.531000	13.913043	240.000000	320.000000
0	17.562000	13.913043	240.000000	320.000000
0	17.593000	13.913043	240.000000	320.000000
0	17.640000	13.913043	240.000000	320.000000
0	17.671000	13.913043	240.000000	320.000000
0	17.702000	13.913043	240.000000	320.000000
0	17.734000	13.913043	240.000000	320.000000
0	17.765000	13.913043	240.000000	320.000000
0	17.796000	13.913043	240.000000	320.000000
0	17.827000	13.913043	240.000000	320.000000
0	17.874000	13.913043	240.000000	320.000000
0	17.905000	13.913043	240.000000	320.000000
0	17.936000	13.913043	240.000000	320.000000
0	17.968000	13.913043	240.000000	320.000000
0	17.999000	13.913043	240.000000	320.000000
0	18.030000	13.913043	240.000000	320.000000
0	18.061000	13.913043	240.000000	320.000000
0	18.092000	13.913043	240.000000	320.000000
0	18.139000	13.913043	240.000000	320.000000
0	18.170000	13.913043	240.000000	320.000000
0	18.202000	13.913043	240.000000	320.000000
0	18.233000	13.913043	240.000000	320.000000
0	18.264000	13.913043	240.000000	320.000000
0	18.295000	13.913043	240.000000	320.000000
0	18.326000	13.913043	240.000000	320.000000
0	18.358000	13.913043	240.000000	320.000000
0	18.404000	13.913043	240.000000	320.000000
0	18.436000	13.913043	240.000000	320.000000
0	18.467000	13.913043	240.000000	320.000000
0	18.498000	13.913043	240.000000	320.000000
0	18.529000	13.913043	240.000000	320.000000
0	18.560000	13.913043	240.000000	320.000000
0	18.592000	13.913043	240.000000	320.000000
0	18.638000	13.913043	240.000000	320.000000
0	18.670000	13.913043	240.000000	320.000000
0	18.701000	13.913043	240.000000	320.000000
0	18.732000	13.913043	240.000000	320.000000
0	18.763000	13.913043	240.000000	320.000000
0	18.794000	13.913043	240.000000	320.000000
0	18.826000	13.913043	240.000000	320.000000
0	18.872000	13.913043	240.000000	320.000000
0	18.904000	13.913043	240.000000	320.000000
0	18.935000	13.913043	240.000000	320.000000
0	18.966000	13.913043	240.000000	320.000000
0	18.997000	13.913043	240.000000	320.000000
0	19.028000	13.913043	240.000000	320.000000
0	19.060000	13.913043	240.000000	320.000000
0	19.091000	13.913043	240.000000	320.000000
0	19.138000	13.913043	240.000000	320.000000
0	19.169000	13.913043	240.000000	320.000000
0	19.200000	13.913043	240.000000	320.000000
0	19.231000	13.913043	240.000000	320.000000
0	19.262000	13.913043	240.000000	320.000000
0	19.294000	13.913043	240.000000	320.000000
0	19.325000	13.913043	240.000000	320.000000
0	19.372000	13.913043	240.000000	320.000000
0	19.403000	13.913043	240.000000	320.000000
0	19.434000	13.913043	240.000000	320.000000
0	19.465000	13.913043	240.000000	320.000000
0	19.496000	13.913043	240.000000	320.000000
0	19.528000	13.913043	240.000000	320.000000
0	19.559000	13.913043	240.000000	320.000000
0	19.606000	13.913043	240.000000	320.000000
0	19.637000	13.913043	240.000000	320.000000
0	19.668000	13.913043	240.000000	320.000000
0	19.699000	13.913043	240.000000	320.000000
0	19.730000	13.913043	240.000000	320.000000
0	19.762000	13.913043	240.000000	320.000000
0	19.793000	13.913043	240.000000	320.000000
0	19.824000	13.913043	240.000000	320.000000
0	19.871000	13.913043	240.000000	320.000000
0	19.902000	13.913043	240.000000	320.000000
0	19.933000	13.913043	240.000000	320.000000
0	19.964000	13.913043	240.000000	320.000000
0	19.996000	13.913043	240.000000	320.000000
0	20.027000	13.913043	240.000000	320.000000
0	20.058000	13.913043	240.000000	320.000000
0	20.105000	13.913043	240.000000	320.000000
0	20.136000	13.913043	240.000000	320.000000
0	20.167000	13.913043	240.000000	320.000000
0	20.198000	13.913043	240.000000	320.000000
0	20.230000	13.913043	240.000000	320.000000
0	20.261000	13.913043	240.000000	320.000000
0	20.292000	13.913043	240.000000	320.000000
0	20.339000	13.913043	240.000000	320.000000
0	20.370000	13.913043	240.000000	320.000000
0	20.401000	13.913043	240.000000	320.000000
0	20.432000	13.913043	240.000000	320.000000
0	20.464000	13.913043	240.000000	320.000000
0	20.495000	13.913043	240.000000	320.000000
0	20.526000	13.913043	240.000000	320.000000
0	20.557000	13.913043	240.000000	320.000000
0	20.604000	13.913043	240.000000	320.000000
0	20.635000	13.913043	240.000000	320.000000
0	20.666000	13.913043	240.000000	320.000000
0	20.698000	13.913043	240.000000	320.000000
0	20.729000	13.913043	240.000000	320.000000
0	20.760000	13.913043	240.000000	320.000000
0	20.791000	13.913043	240.000000	320.000000
0	20.838000	13.913043	240.000000	320.000000
0	20.869000	13.913043	240.000000	320.000000
0	20.900000	13.913043	240.000000	320.000000
0	20.932000	13.913043	240.000000	320.000000
0	20.963000	13.913043	240.000000	320.000000
0	20.994000	13.913043	240.000000	320.000000
0	21.025000	13.913043	240.000000	320.000000
0	21.072000	13.913043	240.000000	320.000000
0	21.103000	13.913043	240.000000	320.000000
0	21.134000	13.913043	240.000000	320.000000
0	21.166000	13.913043	240.000000	320.000000
0	21.197000	13.913043	240.000000	320.000000
0	21.228000	13.913043	240.000000	320.000000
0	21.259000	13.913043	240.000000	320.000000
0	21.290000	13.913043	240.000000	320.000000
0	21.337000	13.913043	240.000000	320.000000
0	21.368000	13.913043	240.000000	320.000000
0	21.400000	13.913043	240.000000	320.000000
0	21.431000	13.913043	240.000000	320.000000
0	21.462000	13.913043	240.000000	320.000000
0	21.493000	13.913043	240.000000	320.000000
0	21.524000	13.913043	240.000000	320.000000
0	21.571000	13.913043	240.000000	320.000000
0	21.602000	13.913043	240.000000	320.000000
0	21.634000	13.913043	240.000000	320.000000
0	21.665000	13.913043	240.000000	320.000000
0	21.696000	13.913043	240.000000	320.000000
0	21.727000	13.913043	240.000000	320.000000
0	21.758000	13.913043	240.000000	320.000000
0	21.805000	13.913043	240.000000	320.000000
0	21.836000	13.913043	240.000000	320.000000
0	21.868000	13.913043	240.000000	320.000000
0	21.899000	13.913043	240.000000	320.000000
0	21.930000	13.913043	240.000000	320.000000
0	21.961000	13.913043	240.000000	320.000000
0	21.992000	13.913043	240.000000	320.000000
0	22.024000	13.913043	240.000000	320.000000
0	22.070000	13.913043	240.000000	320.000000
0	22.102000	13.913043	240.000000	320.000000
0	22.133000	13.913043	240.000000	320.000000
0	22.164000	13.913043	240.000000	320.000000
0	22.195000	13.913043	240.000000	320.000000
0	22.226000	13.913043	240.000000	320.000000
0	22.258000	13.913043	240.000000	320.000000
0	22.289000	13.913043	240.000000	320.000000
0	22.336000	13.913043	240.000000	320.000000
0	22.367000	13.913043	240.000000	320.000000
0	22.398000	13.913043	240.000000	320.000000
0	22.429000	13.913043	240.000000	320.000000
0	22.460000	13.913043	240.000000	320.000000
0	22.492000	13.913043	240.000000	320.000000
0	22.523000	13.913043	240.000000	320.000000
0	22.570000	13.913043	240.000000	320.000000
0	22.601000	13.913043	240.000000	320.000000
0	22.632000	13.913043	240.000000	320.000000
0	22.663000	13.913043	240.000000	320.000000
0	22.694000	13.913043	240.000000	320.000000
0	22.726000	13.913043	240.000000	320.000000
0	22.757000	13.913043	240.000000	320.000000
0	22.804000	13.913043	240.000000	320.000000
0	22.835000	13.913043	240.000000	320.000000
0	22.866000	13.913043	240.000000	320.000000
0	22.897000	13.913043	240.000000	320.000000
0	22.928000	13.913043	240.000000	320.000000
0	22.960000	13.913043	240.000000	320.000000
0	22.991000	13.913043	240.000000	320.000000
0	23.022000	13.913043	240.000000	320.000000
0	23.069000	13.913043	240.000000	320.000000
0	23.100000	13.913043	240.000000	320.000000
0	23.131000	13.913043	240.000000	320.000000
0	23.162000	13.913043	240.000000	320.000000
0	23.194000	13.913043	240.000000	320.000000
0	23.225000	13.913043	240.000000	320.000000
0	23.256000	13.913043	240.000000	320.000000
0	23.303000	13.913043	240.000000	320.000000
0	23.334000	13.913043	240.000000	320.000000
0	23.365000	13.913043	240.000000	320.000000
0	23.396000	13.913043	240.000000	320.000000
0	23.428000	13.913043	240.000000	320.000000
0	23.459000	13.913043	240.000000	320.000000
0	23.490000	13.913043	240.000000	320.000000
0	23.537000	13.913043	240.000000	320.000000
0	23.568000	13.913043	240.000000	320.000000
0	23.599000	13.913043	240.000000	320.000000
0	23.630000	13.913043	240.000000	320.000000
0	23.662000	13.913043	240.000000	320.000000
0	23.693000	13.913043	240.000000	320.000000
0	23.724000	13.913043	240.000000	320.000000
0	23.755000	13.913043	240.000000	320.000000
0	23.802000	13.913043	240.000000	320.000000
0	23.833000	13.913043	240.000000	320.000000
0	23.864000	13.913043	240.000000	320.000000
0	23.896000	13.913043	240.000000	320.000000
0	23.927000	13.913043	240.000000	320.000000
0	23.958000	13.913043	240.000000	320.000000
0	23.989000	13.913043	240.000000	320.000000
0	24.036000	13.913043	240.000000	320.000000
0	24.067000	13.913043	240.000000	320.000000
0	24.098000	13.913043	240.000000	320.000000
0	24.130000	13.913043	240.000000	320.000000
0	24.161000	13.913043	240.000000	320.000000
0	24.192000	13.913043	240.000000	320.000000
0	24.223000	13.913043	240.000000	320.000000
0	24.270000	13.913043	240.000000	320.000000
0	24.301000	13.913043	240.000000	320.000000
0	24.332000	13.913043	240.000000	320.000000
0	24.364000	13.913043	240.000000	320.000000
0	24.395000	13.913043	240.000000	320.000000
0	24.426000	13.913043	240.000000	320.000000
0	24.457000	13.913043	240.000000	320.000000
0	24.488000	13.913043	240.000000	320.000000
0	24.535000	13.913043	240.000000	320.000000
0	24.566000	13.913043	240.000000	320.000000
0	24.598000	13.913043	240.000000	320.000000
0	24.629000	13.913043	240.000000	320.000000
0	24.660000	13.913043	240.000000	320.000000
0	24.691000	13.913043	240.000000	320.000000
0	24.722000	13.913043	240.000000	320.000000
0	24.769000	13.913043	240.000000	320.000000
0	24.801000	13.913043	240.000000	320.000000
0	24.832000	13.913043	240.000000	320.000000
0	24.863000	13.913043	240.000000	320.000000
0	24.894000	13.913043	240.000000	320.000000
0	24.925000	13.913043	240.000000	320.000000
0	24.957000	13.913043	240.000000	320.000000
0	25.003000	13.913043	240.000000	320.000000
0	25.035000	13.913043	240.000000	320.000000
0	25.066000	13.913043	240.000000	320.000000
0	25.097000	13.913043	240.000000	320.000000
0	25.128000	13.913043	240.000000	320.000000
0	25.159000	13.913043	240.000000	320.000000
0	25.191000	13.913043	240.000000	320.000000
0	25.222000	13.913043	240.000000	320.000000
0	25.269000	13.913043	240.000000	320.000000
0	25.300000	13.913043	240.000000	320.000000
0	25.331000	13.913043	240.000000	320.000000
0	25.362000	13.913043	240.000000	320.000000
0	25.393000	13.913043	240.000000	320.000000
0	25.425000	13.913043	240.000000	320.000000
0	25.456000	13.913043	240.000000	320.000000
0	25.503000	13.913043	240.000000	320.000000
0	25.534000	13.913043	240.000000	320.000000
0	25.565000	13.913043	240.000000	320.000000
0	25.596000	13.913043	240.000000	320.000000
0	25.627000	13.913043	240.000000	320.000000
0	25.659000	13.913043	240.000000	320.000000
0	25.690000	13.913043	240.000000	320.000000
0	25.737000	13.913043	240.000000	320.000000
0	25.768000	13.913043	240.000000	320.000000
0	25.799000	13.913043	240.000000	320.000000
0	25.830000	13.913043	240.000000	320.000000
0	25.861000	13.913043	240.000000	320.000000
0	25.893000	13.913043	240.000000	320.000000
0	25.924000	13.913043	240.000000	320.000000
0	25.955000	13.913043	240.000000	320.000000
0	26.002000	13.913043	240.000000	320.000000
0	26.033000	13.913043	240.000000	320.000000
0	26.064000	13.913043	240.000000	320.000000
0	26.095000	13.913043	240.000000	320.000000
0	26.127000	13.913043	240.000000	320.000000
0	26.158000	13.913043	240.000000	320.000000
0	26.189000	13.913043	240.000000	320.000000
0	26.236000	13.913043	240.000000	320.000000
0	26.267000	13.913043	240.000000	320.000000
0	26.298000	13.913043	240.000000	320.000000
0	26.329000	13.913043	240.000000	320.000000
0	26.361000	13.913043	240.000000	320.000000
0	26.392000	13.913043	240.000000	320.000000
0	26.423000	13.913043	240.000000	320.000000
0	26.454000	13.913043	240.000000	320.000000
0	26.501000	13.913043	240.000000	320.000000
0	26.532000	13.913043	240.000000	320.000000
0	26.563000	13.913043	240.000000	320.000000
0	26.595000	13.913043	240.000000	320.000000
0	26.626000	13.913043	240.000000	320.000000
0	26.657000	13.913043	240.000000	320.000000
0	26.688000	13.913043	240.000000	320.000000
0	26.735000	13.913043	240.000000	320.000000
0	26.766000	13.913043	240.000000	320.000000
0	26.797000	13.913043	240.000000	320.000000
0	26.829000	13.913043	240.000000	320.000000
0	26.860000	13.913043	240.000000	320.000000
0	26.891000	13.913043	240.000000	320.000000
0	26.922000	13.913043	240.000000	320.000000
0	26.969000	13.913043	240.000000	320.000000
0	27.000000	13.913043	240.000000	320.000000
0	27.031000	13.913043	240.000000	320.000000
0	27.063000	13.913043	240.000000	320.000000
0	27.094000	13.913043	240.000000	320.000000
0	27.125000	13.913043	240.000000	320.000000
0	27.156000	13.913043	240.000000	320.000000
0	27.187000	13.913043	240.000000	320.000000
0	27.234000	13.913043	240.000000	320.000000
0	27.265000	13.913043	240.000000	320.000000
0	27.297000	13.913043	240.000000	320.000000
0	27.328000	13.913043	240.000000	320.000000
0	27.359000	13.913043	240.000000	320.000000
0	27.390000	13.913043	240.000000	320.000000
0	27.421000	13.913043	240.000000	320.000000
0	27.468000	13.913043	240.000000	320.000000
0	27.499000	13.913043	240.000000	320.000000
0	27.531000	13.913043	240.000000	320.000000
0	27.562000	13.913043	240.000000	320.000000
0	27.593000	13.913043	240.000000	320.000000
0	27.624000	13.913043	240.000000	320.000000
0	27.655000	13.913043	240.000000	320.000000
0	27.687000	13.913043	240.000000	320.000000
0	27.733000	13.913043	240.000000	320.000000
0	27.765000	13.913043	240.000000	320.000000
0	27.796000	13.913043	240.000000	320.000000
0	27.827000	13.913043	240.000000	320.000000
0	27.858000	13.913043	240.000000	320.000000
0	27.889000	13.913043	240.000000	320.000000
0	27.921000	13.913043	240.000000	320.000000
0	27.967000	13.913043	240.000000	320.000000
0	27.999000	13.913043	240.000000	320.000000
0	28.030000	13.913043	240.000000	320.000000
0	28.061000	13.913043	240.000000	320.000000
0	28.092000	13.913043	240.000000	320.000000
0	28.123000	13.913043	240.000000	320.000000
0	28.155000	13.913043	240.000000	320.000000
0	28.201000	13.913043	240.000000	320.000000
0	28.233000	13.913043	240.000000	320.000000
0	28.264000	13.913043	240.000000	320.000000
0	28.295000	13.913043	240.000000	320.000000
0	28.326000	13.913043	240.000000	320.000000
0	28.357000	13.913043	240.000000	320.000000
0	28.389000	13.913043	240.000000	320.000000
0	28.420000	13.913043	240.000000	320.000000
0	28.467000	13.913043	240.000000	320.000000
0	28.498000	13.913043	240.000000	320.000000
0	28.529000	13.913043	240.000000	320.000000
0	28.560000	13.913043	240.000000	320.000000
0	28.591000	13.913043	240.000000	320.000000
0	28.623000	13.913043	240.000000	320.000000
0	28.654000	13.913043	240.000000	320.000000
0	28.701000	13.913043	240.000000	320.000000
0	28.732000	13.913043	240.000000	320.000000
0	28.763000	13.913043	240.000000	320.000000
0	28.794000	13.913043	240.000000	320.000000
0	28.825000	13.913043	240.000000	320.000000
0	28.857000	13.913043	240.000000	320.000000
0	28.888000	13.913043	240.000000	320.000000
0	28.935000	13.913043	240.000000	320.000000
0	28.966000	13.913043	240.000000	320.000000
0	28.997000	13.913043	240.000000	320.000000
0	29.028000	13.913043	240.000000	320.000000
0	29.059000	13.913043	240.000000	320.000000
0	29.091000	13.913043	240.000000	320.000000
0	29.122000	13.913043	240.000000	320.000000
0	29.153000	13.913043	240.000000	320.000000
0	29.200000	13.913043	240.000000	320.000000
0	29.231000	13.913043	240.000000	320.000000
0	29.262000	13.913043	240.000000	320.000000
0	29.293000	13.913043	240.000000	320.000000
0	29.325000	13.913043	240.000000	320.000000
0	29.356000	13.913043	240.000000	320.000000
0	29.387000	13.913043	240.000000	320.000000
0	29.434000	13.913043	240.000000	320.000000
0	29.465000	13.913043	240.000000	320.000000
0	29.496000	13.913043	240.000000	320.000000
0	29.527000	13.913043	240.000000	320.000000
0	29.559000	13.913043	240.000000	320.000000
0	29.590000	13.913043	240.000000	320.000000
0	29.621000	13.913043	240.000000	320.000000
0	29.668000	13.913043	240.000000	320.000000
0	29.699000	13.913043	240.000000	320.000000
0	29.730000	13.913043	240.000000	320.000000
0	29.761000	13.913043	240.000000	320.000000
0	29.793000	13.913043	240.000000	320.000000
0	29.824000	13.913043	240.000000	320.000000
0	29.855000	13.913043	240.000000	320.000000
0	29.886000	13.913043	240.000000	320.000000
0	29.933000	13.913043	240.000000	320.000000
0	29.964000	13.913043	240.000000	320.000000
0	29.995000	13.913043	240.000000	320.000000
<\LEFT-PUPIL-DATA>
<RIGHT-PUPIL-ANALYSIS>
1
0	0	18	902	0	0	0.509000	29.518000	0.508000	15.810344	0.000000	0.000000	0.000000	0	3	3	3	3	0	0	0	0.000000	0.000000	0.000000	0.000000	0.000000	0.000000	0.000000	-1.000000	0.000000	0	1.372638	0.679594	1.479954	0.363305	0.220000	-0.472422	-1.313697	-1.000000	0.042368	1	1.372638	0.679594	1.479954	0.363305	0.220000	-0.482943	-1.313697	-1.000000	0.036982
<\RIGHT-PUPIL-ANALYSIS>
<LEFT-PUPIL-ANALYSIS>
1
0	0	17	902	0	0	0.509000	29.518000	0.508000	15.810344	0.000000	0.000000	0.000000	0	3	3	3	3	0	0	0	0.000000	0.000000	0.000000	0.000000	0.000000	0.000000	0.000000	-1.000000	0.000000	0	-0.034783	-0.034783	0.000950	0.000950	0.002000	0.000000	0.000000	-1.000000	0.000000	1	-0.034783	-0.034783	0.000950	0.000950	0.002000	-1000000.000000	-1000000.000000	-1.000000	0.000000
<\LEFT-PUPIL-ANALYSIS>
%%%%%%%%%
%%%%%%%%%
%%%%%%%%%
%%%	Measurement Tiime is: 2017-09-05 10:28:29
%%%	Subject ID is: c57-1mois-F3-1.2b
%%%	Note: 
%%%	RSS: Default Human Relative Spectral Sensitivity
%%%	Pupil Analysis:
%%%
%%%
%%%
%%%	Pulse Index:	0
%%%	Stimulus Session Index:	0
%%%	Right Pupil Stimulated
%%%	Light Metric is Photopic
%%%	Stimulus Start Time(sec):	0.51
%%%	Stimulus Duration(sec):	29.52
%%%	Stimulus Pulse Duration(sec):	0.51
%%%	Right Pulse:	15.81	(Blue )	-	0.00	(Blue )	[Lux ]
%%%	Left Pulse:	0.00	(Blue )	-	0.00	(Blue )	[Lux ]
%%%
%%%		RIGHT	LEFT	R.Pupil Mean	L.Pupil Mean	R.Stim Mean	R.Stim Mean
%%%	INPUT:	RAW DATA	RAW DATA
%%%	STATE:	ABNORMAL	ABNORMAL	ABNORMAL	ABNORMAL	ABNORMAL	ABNORMAL
%%%	MAX(mm):	0.00	0.00	0.00	0.00	0.00	0.00
%%%	MIN(mm):	0.00	0.00	0.00	0.00	0.00	0.00
%%%	DELTA(mm):						
%%%	CH(%):						
%%%	LAT(sec):	0.00	0.00	0.00	0.00	0.00	0.00
%%%	CV(mm/s):	0.00	0.00	0.00	0.00	0.00	0.00
%%%	MCV(mm/s):	0.00	0.00	0.00	0.00	0.00	0.00
%%%	DV(mm/s):	0.00	0.00	0.00	0.00	0.00	0.00
%%%%%%%%%
%%%%%%%%%
%%%%%%%%%
%%%	Right Pupil Profile (1st row -> 1 == valid tracking, 0 == invalid tracking; 2nd row -> time; 3rd row -> diameter (mm))
%%%	1	1	1	1	1	1	1	1	1	1	1	1	1	1	1	1	1	1	1	1	1	1	1	1	1	1	1	1	1	1	1	1	1	1	1	0	1	1	1	1	1	1	1	1	1	1	1	1	1	1	1	1	0	1	1	1	1	1	1	1	1	1	1	1	1	1	1	1	1	1	0	0	1	1	1	1	1	1	0	0	1	1	1	0	1	0	0	1	1	1	1	1	1	1	0	1	1	0	0	1	1	1	1	1	1	0	1	0	1	0	1	1	1	1	1	1	1	1	0	1	1	1	1	1	1	1	1	1	1	1	1	1	1	1	1	1	1	1	1	1	1	1	1	1	1	1	1	1	1	1	1	1	1	1	1	1	1	1	1	1	1	1	1	1	1	1	1	1	1	1	1	1	1	1	1	1	1	1	1	1	1	1	1	1	1	1	1	1	1	1	1	1	1	1	1	1	1	1	1	1	1	1	1	1	1	1	1	1	1	1	1	1	1	1	1	1	1	1	1	1	1	1	1	1	1	1	1	1	1	1	1	1	1	1	1	1	1	0	1	1	1	1	1	1	1	1	1	1	1	1	1	1	1	1	1	1	1	1	1	1	1	1	1	1	1	1	1	1	1	1	1	1	1	1	1	1	1	1	1	1	1	1	1	1	1	1	1	1	1	1	1	1	1	1	1	1	1	1	1	1	1	1	1	1	1	1	1	1	1	1	1	1	1	1	1	1	1	1	1	1	1	1	1	1	1	1	1	1	1	1	1	1	1	1	1	1	1	1	1	1	1	1	1	1	1	1	1	1	1	1	1	1	1	1	1	1	1	1	1	1	1	1	1	1	1	1	1	1	1	1	1	1	1	1	1	1	1	1	1	1	1	1	1	1	1	1	1	1	1	1	1	1	1	1	1	1	1	1	1	1	1	1	1	1	1	1	1	1	1	1	1	1	1	1	1	1	1	1	1	1	1	1	1	1	1	1	1	1	1	1	1	1	1	1	1	1	1	1	1	1	1	1	1	1	1	1	1	1	1	1	1	1	1	1	1	1	1	1	1	1	1	1	1	1	1	1	1	1	1	1	1	1	1	1	1	1	1	1	1	1	1	1	1	1	1	1	1	1	1	1	1	1	1	0	1	1	1	1	1	1	1	1	1	1	1	1	1	1	1	1	1	1	1	1	1	1	1	1	1	1	1	1	1	1	1	1	1	1	1	1	1	1	1	1	1	1	1	1	1	1	1	1	1	1	1	1	1	1	1	1	1	1	1	1	1	1	1	1	1	1	1	1	1	1	1	1	1	1	1	1	1	1	1	1	1	1	1	1	1	1	1	1	1	1	1	1	1	1	1	1	0	1	1	1	1	1	1	1	1	1	1	1	1	1	1	1	1	1	1	1	1	1	1	1	1	1	1	1	1	1	1	1	1	1	1	1	1	1	1	1	0	0	1	1	1	1	1	1	1	1	1	1	1	1	1	1	1	1	1	1	1	1	1	1	1	1	1	1	1	1	1	1	1	1	1	1	1	1	1	1	1	1	1	1	1	1	1	1	1	1	1	1	1	1	1	1	1	1	1	1	1	1	1	1	1	1	1	1	1	1	1	1	1	1	0	1	1	1	1	1	1	1	1	1	1	1	1	1	1	1	1	1	1	1	1	1	1	1	1	1	1	1	1	1	1	0	1	1	0	1	1	1	1	1	0	1	1	1	1	1	1	1	1	1	1	1	1	0	1	1	1	1	0	1	1	1	1	1	1	1	1	1	0	1	1	0	1	1	1	1	1	1	1	1	1	1	1	1	1	1	1	1	1	0	1	1	1	1	1	1	1	1	1	1	1	1	1	1	0	0	1	1	1	1	1	1	1	1	1	1	1	0	1	1	1	1	1	0	1	1	1	1	0	1	1	1	1	1	1	1	1	1	1	1	1	1	0	0	1	1	1	1	1	1	1	0	1	1	1	1	1	1	1	1	1	1	1	0	1	1	1	1	1	0	1	1	1	1	1	1	1	1	1	1	0	1	1	1	1	1	1	1	1	1	0	1	1	1	1	1	1	0	1
%%%	-0.067000	-0.036000	-0.004000	0.027000	0.058000	0.105000	0.136000	0.167000	0.198000	0.230000	0.261000	0.292000	0.339000	0.370000	0.401000	0.432000	0.464000	0.495000	0.526000	0.573000	0.604000	0.635000	0.666000	0.698000	0.729000	0.760000	0.791000	0.838000	0.869000	0.900000	0.932000	0.963000	0.994000	1.025000	1.072000	1.103000	1.134000	1.166000	1.197000	1.228000	1.259000	1.306000	1.337000	1.368000	1.400000	1.431000	1.462000	1.493000	1.524000	1.571000	1.602000	1.634000	1.665000	1.696000	1.727000	1.758000	1.805000	1.836000	1.868000	1.899000	1.930000	1.961000	1.992000	2.039000	2.070000	2.102000	2.133000	2.164000	2.195000	2.226000	2.258000	2.304000	2.336000	2.367000	2.398000	2.429000	2.460000	2.492000	2.523000	2.570000	2.601000	2.632000	2.663000	2.694000	2.726000	2.757000	2.804000	2.835000	2.866000	2.897000	2.928000	2.960000	2.991000	3.038000	3.069000	3.100000	3.131000	3.162000	3.194000	3.225000	3.256000	3.303000	3.334000	3.365000	3.396000	3.428000	3.459000	3.490000	3.537000	3.568000	3.599000	3.630000	3.662000	3.693000	3.724000	3.771000	3.802000	3.833000	3.864000	3.896000	3.927000	3.958000	3.989000	4.036000	4.067000	4.098000	4.130000	4.161000	4.192000	4.223000	4.270000	4.301000	4.332000	4.364000	4.395000	4.426000	4.457000	4.504000	4.535000	4.566000	4.598000	4.629000	4.660000	4.691000	4.722000	4.769000	4.800000	4.832000	4.863000	4.894000	4.925000	4.956000	5.003000	5.034000	5.066000	5.097000	5.128000	5.159000	5.190000	5.237000	5.268000	5.300000	5.331000	5.362000	5.393000	5.424000	5.456000	5.502000	5.534000	5.565000	5.596000	5.627000	5.658000	5.690000	5.736000	5.768000	5.799000	5.830000	5.861000	5.892000	5.924000	5.970000	6.002000	6.033000	6.064000	6.095000	6.126000	6.158000	6.189000	6.236000	6.267000	6.298000	6.329000	6.360000	6.392000	6.423000	6.454000	6.501000	6.532000	6.563000	6.594000	6.626000	6.657000	6.688000	6.735000	6.766000	6.797000	6.828000	6.860000	6.891000	6.922000	6.969000	7.000000	7.031000	7.062000	7.094000	7.125000	7.156000	7.187000	7.234000	7.265000	7.296000	7.328000	7.359000	7.390000	7.421000	7.468000	7.499000	7.530000	7.562000	7.593000	7.624000	7.655000	7.702000	7.733000	7.764000	7.796000	7.827000	7.858000	7.889000	7.920000	7.967000	7.998000	8.030000	8.061000	8.092000	8.123000	8.154000	8.201000	8.232000	8.264000	8.295000	8.326000	8.357000	8.388000	8.435000	8.466000	8.498000	8.529000	8.560000	8.591000	8.622000	8.654000	8.700000	8.732000	8.763000	8.794000	8.825000	8.856000	8.888000	8.934000	8.966000	8.997000	9.028000	9.059000	9.090000	9.122000	9.168000	9.200000	9.231000	9.262000	9.293000	9.324000	9.356000	9.387000	9.434000	9.465000	9.496000	9.527000	9.558000	9.590000	9.621000	9.668000	9.699000	9.730000	9.761000	9.792000	9.824000	9.855000	9.902000	9.933000	9.964000	9.995000	10.026000	10.058000	10.089000	10.120000	10.167000	10.198000	10.229000	10.260000	10.292000	10.323000	10.354000	10.401000	10.432000	10.463000	10.494000	10.526000	10.557000	10.588000	10.619000	10.666000	10.697000	10.728000	10.760000	10.791000	10.822000	10.853000	10.900000	10.931000	10.962000	10.994000	11.025000	11.056000	11.087000	11.134000	11.165000	11.196000	11.228000	11.259000	11.290000	11.321000	11.352000	11.399000	11.430000	11.462000	11.493000	11.524000	11.555000	11.586000	11.633000	11.664000	11.696000	11.727000	11.758000	11.789000	11.820000	11.852000	11.898000	11.930000	11.961000	11.992000	12.023000	12.054000	12.086000	12.132000	12.164000	12.195000	12.226000	12.257000	12.288000	12.320000	12.366000	12.398000	12.429000	12.460000	12.491000	12.522000	12.554000	12.585000	12.632000	12.663000	12.694000	12.725000	12.756000	12.788000	12.819000	12.866000	12.897000	12.928000	12.959000	12.990000	13.022000	13.053000	13.100000	13.131000	13.162000	13.193000	13.224000	13.256000	13.287000	13.318000	13.365000	13.396000	13.427000	13.458000	13.490000	13.521000	13.552000	13.599000	13.630000	13.661000	13.692000	13.724000	13.755000	13.786000	13.833000	13.864000	13.895000	13.926000	13.958000	13.989000	14.020000	14.051000	14.098000	14.129000	14.160000	14.192000	14.223000	14.254000	14.285000	14.332000	14.363000	14.394000	14.426000	14.457000	14.488000	14.519000	14.550000	14.597000	14.628000	14.660000	14.691000	14.722000	14.753000	14.784000	14.831000	14.862000	14.894000	14.925000	14.956000	14.987000	15.018000	15.065000	15.096000	15.128000	15.159000	15.190000	15.221000	15.252000	15.284000	15.330000	15.362000	15.393000	15.424000	15.455000	15.486000	15.518000	15.564000	15.596000	15.627000	15.658000	15.689000	15.720000	15.752000	15.798000	15.830000	15.861000	15.892000	15.923000	15.954000	15.986000	16.017000	16.064000	16.095000	16.126000	16.157000	16.188000	16.220000	16.251000	16.298000	16.329000	16.360000	16.391000	16.422000	16.454000	16.485000	16.532000	16.563000	16.594000	16.625000	16.656000	16.688000	16.719000	16.750000	16.797000	16.828000	16.859000	16.890000	16.922000	16.953000	16.984000	17.031000	17.062000	17.093000	17.124000	17.156000	17.187000	17.218000	17.265000	17.296000	17.327000	17.358000	17.390000	17.421000	17.452000	17.483000	17.530000	17.561000	17.592000	17.624000	17.655000	17.686000	17.717000	17.764000	17.795000	17.826000	17.858000	17.889000	17.920000	17.951000	17.982000	18.029000	18.060000	18.092000	18.123000	18.154000	18.185000	18.216000	18.263000	18.294000	18.326000	18.357000	18.388000	18.419000	18.450000	18.482000	18.528000	18.560000	18.591000	18.622000	18.653000	18.684000	18.716000	18.762000	18.794000	18.825000	18.856000	18.887000	18.918000	18.950000	18.996000	19.028000	19.059000	19.090000	19.121000	19.152000	19.184000	19.215000	19.262000	19.293000	19.324000	19.355000	19.386000	19.418000	19.449000	19.496000	19.527000	19.558000	19.589000	19.620000	19.652000	19.683000	19.730000	19.761000	19.792000	19.823000	19.854000	19.886000	19.917000	19.948000	19.995000	20.026000	20.057000	20.088000	20.120000	20.151000	20.182000	20.229000	20.260000	20.291000	20.322000	20.354000	20.385000	20.416000	20.463000	20.494000	20.525000	20.556000	20.588000	20.619000	20.650000	20.681000	20.728000	20.759000	20.790000	20.822000	20.853000	20.884000	20.915000	20.962000	20.993000	21.024000	21.056000	21.087000	21.118000	21.149000	21.196000	21.227000	21.258000	21.290000	21.321000	21.352000	21.383000	21.414000	21.461000	21.492000	21.524000	21.555000	21.586000	21.617000	21.648000	21.695000	21.726000	21.758000	21.789000	21.820000	21.851000	21.882000	21.929000	21.960000	21.992000	22.023000	22.054000	22.085000	22.116000	22.148000	22.194000	22.226000	22.257000	22.288000	22.319000	22.350000	22.382000	22.413000	22.460000	22.491000	22.522000	22.553000	22.584000	22.616000	22.647000	22.694000	22.725000	22.756000	22.787000	22.818000	22.850000	22.881000	22.928000	22.959000	22.990000	23.021000	23.052000	23.084000	23.115000	23.146000	23.193000	23.224000	23.255000	23.286000	23.318000	23.349000	23.380000	23.427000	23.458000	23.489000	23.520000	23.552000	23.583000	23.614000	23.661000	23.692000	23.723000	23.754000	23.786000	23.817000	23.848000	23.879000	23.926000	23.957000	23.988000	24.020000	24.051000	24.082000	24.113000	24.160000	24.191000	24.222000	24.254000	24.285000	24.316000	24.347000	24.394000	24.425000	24.456000	24.488000	24.519000	24.550000	24.581000	24.612000	24.659000	24.690000	24.722000	24.753000	24.784000	24.815000	24.847000	24.893000	24.925000	24.956000	24.987000	25.018000	25.049000	25.081000	25.127000	25.159000	25.190000	25.221000	25.252000	25.283000	25.315000	25.346000	25.393000	25.424000	25.455000	25.486000	25.517000	25.549000	25.580000	25.627000	25.658000	25.689000	25.720000	25.751000	25.783000	25.814000	25.861000	25.892000	25.923000	25.954000	25.985000	26.017000	26.048000	26.079000	26.126000	26.157000	26.188000	26.219000	26.251000	26.282000	26.313000	26.360000	26.391000	26.422000	26.453000	26.485000	26.516000	26.547000	26.578000	26.625000	26.656000	26.687000	26.719000	26.750000	26.781000	26.812000	26.859000	26.890000	26.921000	26.953000	26.984000	27.015000	27.046000	27.077000	27.124000	27.155000	27.187000	27.218000	27.249000	27.280000	27.311000	27.358000	27.389000	27.421000	27.452000	27.483000	27.514000	27.545000	27.592000	27.623000	27.655000	27.686000	27.717000	27.748000	27.779000	27.811000	27.857000	27.889000	27.920000	27.951000	27.982000	28.013000	28.045000	28.091000	28.123000	28.154000	28.185000	28.216000	28.247000	28.279000	28.325000	28.357000	28.388000	28.419000	28.450000	28.481000	28.513000	28.544000	28.591000	28.622000	28.653000	28.684000	28.715000	28.747000	28.778000	28.825000	28.856000	28.887000	28.918000	28.949000	28.981000	29.012000	29.059000	29.090000	29.121000	29.152000	29.183000	29.215000	29.246000	29.277000	29.324000	29.355000	29.386000	29.417000	29.449000	29.480000	29.511000	29.558000	29.589000	29.620000	29.651000	29.683000	29.714000	29.745000	29.792000	29.823000	29.854000	29.885000	29.917000	29.948000	29.979000
%%%	1.381014	1.380145	1.391884	1.368116	1.377246	1.365797	1.344058	1.387536	1.347101	1.397971	1.356522	1.356522	1.340290	1.384203	1.377536	1.333623	1.377246	1.341884	1.366377	1.381014	1.379855	1.344638	1.382754	1.374927	1.345072	1.342899	1.306232	1.237681	1.213623	1.177246	1.139275	1.132029	1.078841	1.043478	1.019420	0.907971	0.975507	0.936377	0.913623	0.855942	0.865797	0.840725	0.838551	0.800000	0.792319	0.791884	0.776812	0.764203	0.760580	0.755362	0.759275	0.732029	0.685362	0.729420	0.715942	0.695797	0.753623	0.684203	0.707681	0.690725	0.683188	0.672319	0.690725	0.705362	0.712319	0.637681	0.672899	0.669710	0.707101	0.666377	0.483623	0.418551	0.669710	0.730435	0.704637	0.672319	0.690145	0.713043	0.637681	0.684058	0.684203	0.711884	0.697246	0.452174	0.718406	0.521739	0.448985	0.707101	0.707681	0.711884	0.707101	0.672899	0.732609	0.734203	0.494638	0.730435	0.730435	0.776812	0.679275	0.776812	0.744058	0.742898	0.745072	0.742754	0.744638	0.684058	0.755942	0.684058	0.788986	0.684058	0.755362	0.738986	0.764058	0.775363	0.753623	0.791884	0.747971	0.712898	0.684058	0.776812	0.766377	0.751159	0.744058	0.765217	0.785507	0.759710	0.783623	0.782754	0.748551	0.800000	0.792464	0.788406	0.761594	0.778841	0.823188	0.775072	0.794638	0.777536	0.792898	0.796812	0.777536	0.790290	0.759710	0.723333	0.765362	0.690725	0.800580	0.800000	0.775072	0.794348	0.800000	0.800000	0.771014	0.774638	0.827246	0.801015	0.797101	0.805362	0.800000	0.796667	0.793188	0.800000	0.800000	0.796232	0.805362	0.797101	0.814638	0.778986	0.794058	0.760290	0.809420	0.814058	0.805072	0.796812	0.801015	0.804348	0.787536	0.800000	0.800000	0.813623	0.812464	0.811449	0.800000	0.788116	0.800000	0.788551	0.799420	0.778116	0.825507	0.800000	0.801449	0.801159	0.800725	0.814638	0.805362	0.800000	0.813623	0.821014	0.800580	0.800580	0.800000	0.800000	0.825072	0.788116	0.831449	0.801159	0.829855	0.835217	0.852899	0.849275	0.833333	0.839855	0.853768	0.861014	0.876812	0.883188	0.918406	0.869565	0.920145	0.931449	0.927536	0.959855	0.959855	0.957246	0.975072	0.957536	0.985507	1.055072	0.962319	1.026667	0.985507	1.059855	1.055072	1.034783	1.045507	1.046377	1.043333	0.962319	1.044058	1.048985	1.059710	1.090725	1.078841	1.077681	1.083188	1.061884	1.059710	1.101449	1.090145	1.078261	1.078261	1.078841	1.081449	1.062464	1.061449	1.104493	1.076667	1.147826	1.092898	1.098985	1.078261	1.074058	1.078986	1.078261	1.078261	1.096667	1.120145	1.090290	1.078261	1.078261	1.096812	1.100725	1.077681	1.078261	1.081015	1.078261	1.098985	1.079275	1.096812	1.120580	1.092754	1.095652	1.096812	1.096812	1.078261	1.094493	1.098985	1.098841	1.109855	1.100580	1.078261	1.055072	1.117971	1.089855	1.078841	1.067971	1.087971	1.078261	1.081594	1.065797	1.131014	1.095072	1.090145	1.124927	1.061449	1.096667	1.121739	1.099275	1.097246	1.118551	1.118551	1.107536	1.101015	1.100580	1.111449	1.114203	1.118986	1.092319	1.104928	1.107246	1.081015	1.100725	1.107971	1.096812	1.096812	1.117971	1.124638	1.017536	1.100725	1.098841	1.114203	1.159855	1.123188	1.117971	1.083623	1.113623	1.135507	1.113623	1.171015	1.147826	1.133333	1.109129	1.133768	1.120580	1.133333	1.124058	1.136377	1.147826	1.137536	1.146667	1.143333	1.117971	1.142029	1.136812	1.165362	1.055072	1.133188	1.147826	1.134928	1.147826	1.138406	1.151160	1.142029	1.129709	1.139130	1.171015	1.147826	1.121015	1.131014	1.137101	1.131014	1.133333	1.159420	1.146812	1.146812	1.117971	1.141884	1.151594	1.155362	1.147826	1.162319	1.153768	1.155362	1.124058	1.121594	1.158551	1.128551	1.169710	1.147826	1.118986	1.168551	1.158116	1.133188	1.153768	1.151160	1.162029	1.151594	1.147826	1.154203	1.147826	1.160725	1.147971	1.147826	1.168406	1.138551	1.154928	1.182609	1.171159	1.147826	1.165797	1.139855	1.173768	1.136377	1.147826	1.146812	1.147826	1.146812	1.166377	1.164493	1.176087	1.151014	1.159855	1.173768	1.113768	1.175073	1.173188	1.176812	1.165072	1.181594	1.137536	1.165942	1.124638	1.147826	1.100725	1.165797	1.165217	1.139275	1.177101	1.160290	1.147826	1.151160	1.147826	1.182609	1.186377	1.171015	1.146812	1.146812	1.192899	1.124638	1.167971	1.164638	1.165942	1.158116	1.147826	1.144493	1.147826	1.151014	1.151014	1.150580	1.155507	1.154928	1.078261	1.157246	1.119855	1.156812	1.157971	1.125507	1.137536	1.171015	1.165797	1.184203	1.156232	1.151594	1.152464	1.144493	1.159275	1.159710	1.173188	1.189710	1.167971	1.151160	1.201160	1.191884	1.205507	1.192464	1.203333	1.191884	1.204058	1.211449	1.194638	1.201014	1.190290	1.203623	1.055072	1.216667	1.196667	1.218116	1.203333	1.229275	1.212029	1.217391	1.228406	1.196667	1.208696	1.204203	1.202754	1.192319	1.211884	1.212464	1.211449	1.203333	1.215508	1.212464	1.229275	1.203188	1.147826	1.200580	1.220725	1.212029	1.209855	1.200000	1.194203	1.212319	1.183188	1.202754	1.147826	1.157681	1.214638	1.225942	1.185942	1.212464	1.202754	1.212029	1.202754	1.220580	1.147826	1.223333	1.201449	1.200725	1.194203	1.230580	1.202754	1.215507	1.147826	1.147826	1.227246	1.217391	1.217391	1.217391	1.225507	1.223623	1.240290	1.228985	1.247971	1.220290	1.249275	1.222319	1.229420	1.240580	1.266667	1.229855	1.230580	1.269565	1.242319	1.229275	1.253768	1.267971	1.269565	1.147826	1.284928	1.285362	1.276667	1.288841	1.269565	1.269710	1.272899	1.257681	1.264493	1.268551	1.258116	1.264638	1.240580	1.274203	1.274493	1.283768	1.305507	1.284058	1.289710	1.268551	1.286957	1.065797	1.268551	1.271159	1.273913	1.284058	1.242319	1.272754	1.268986	1.268551	1.292754	1.277101	1.240580	1.283188	1.262029	1.281449	1.272899	1.290145	1.287681	1.285942	1.268406	1.268551	1.258116	1.269710	1.269710	1.273913	1.283188	1.294638	1.286957	1.268406	1.285362	1.279420	1.333333	1.281014	1.304348	1.298261	1.285362	1.309275	1.333333	1.286957	1.269565	1.240580	1.333333	1.275362	1.298986	1.272754	1.286957	1.274058	1.281159	1.274638	1.296377	1.270145	1.281014	1.288551	1.300580	1.248406	1.292899	1.268986	1.298551	1.305507	1.279710	1.320580	1.270145	1.266377	1.284203	1.240580	1.309710	1.256667	1.274638	1.299420	1.284203	1.291884	1.322754	1.315942	1.321739	1.325073	1.350145	1.304348	1.298406	1.333333	1.325073	1.325073	1.289710	1.309275	1.263768	1.328841	1.286957	1.285942	1.296812	1.328985	1.311449	1.263768	1.285362	1.240580	1.333333	1.274203	1.286957	1.321884	1.310145	1.345072	1.327246	1.330725	1.353333	1.393188	1.381014	1.378406	1.342464	1.370580	1.356522	1.344928	1.385507	1.341884	1.387681	1.381014	1.387101	1.727536	1.406377	1.416377	1.431884	1.407536	1.415797	1.407536	1.426087	1.412899	1.391594	1.393623	1.426087	1.404203	1.415797	1.426232	1.437536	1.444638	1.390145	1.416377	1.432029	1.426087	1.435362	1.431594	1.414928	1.407681	1.442899	1.437681	1.439130	1.441159	1.415797	1.435362	1.808116	1.446232	1.451594	1.791884	1.426087	1.414493	1.437971	1.426087	1.455072	1.805362	1.389275	1.415217	1.426087	1.407101	1.416812	1.426087	1.412464	1.420290	1.446232	1.433188	1.426087	1.425942	1.685797	1.408116	1.411594	1.356522	1.417971	1.704348	1.426087	1.406377	1.407681	1.426087	1.426087	1.433768	1.415797	1.409710	1.381014	1.669855	1.418551	1.421159	1.704348	1.416232	1.386812	1.423188	1.426812	1.426087	1.415797	1.426087	1.449275	1.414493	1.410580	1.405507	1.426087	1.426087	1.426087	1.446377	1.416812	1.408696	1.648695	1.455072	1.426087	1.426087	1.457101	1.426667	1.435942	1.391304	1.435797	1.426087	1.402899	1.423188	1.416812	1.435942	1.426087	1.721884	1.592464	1.425942	1.402899	1.423913	1.415797	1.415797	1.453188	1.449420	1.426087	1.453768	1.453188	1.451160	1.718986	1.450580	1.461884	1.426087	1.453768	1.407536	1.748840	1.420290	1.449275	1.451160	1.426087	1.692754	1.415797	1.425942	1.392029	1.437681	1.414058	1.412754	1.416377	1.356522	1.379855	1.426087	1.375362	1.426087	1.361594	1.706231	1.670145	1.381159	1.407681	1.356522	1.370725	1.382029	1.379855	1.391304	1.640290	1.426087	1.405362	1.442899	1.402899	1.414638	1.407681	1.402899	1.437536	1.408116	1.415797	1.426087	1.586957	1.418551	1.421159	1.415797	1.426087	1.426087	1.629855	1.402899	1.407101	1.375073	1.435507	1.416232	1.391594	1.391884	1.414493	1.426087	1.414493	1.775507	1.426087	1.391449	1.344928	1.413768	1.414493	1.399855	1.369855	1.391304	1.392029	1.678841	1.426087	1.374493	1.383333	1.415797	1.356522	1.433188	1.740290	1.368116
%%%	Left Pupil Profile (1st row -> 1 == valid tracking, 0 == invalid tracking; 2nd row -> time; 3rd row -> diameter (mm))
%%%	0	0	0	0	0	0	0	0	0	0	0	0	0	0	0	0	0	0	0	0	0	0	0	0	0	0	0	0	0	0	0	0	0	0	0	0	0	0	0	0	0	0	0	0	0	0	0	0	0	0	0	0	0	0	0	0	0	0	0	0	0	0	0	0	0	0	0	0	0	0	0	0	0	0	0	0	0	0	0	0	0	0	0	0	0	0	0	0	0	0	0	0	0	0	0	0	0	0	0	0	0	0	0	0	0	0	0	0	0	0	0	0	0	0	0	0	0	0	0	0	0	0	0	0	0	0	0	0	0	0	0	0	0	0	0	0	0	0	0	0	0	0	0	0	0	0	0	0	0	0	0	0	0	0	0	0	0	0	0	0	0	0	0	0	0	0	0	0	0	0	0	0	0	0	0	0	0	0	0	0	0	0	0	0	0	0	0	0	0	0	0	0	0	0	0	0	0	0	0	0	0	0	0	0	0	0	0	0	0	0	0	0	0	0	0	0	0	0	0	0	0	0	0	0	0	0	0	0	0	0	0	0	0	0	0	0	0	0	0	0	0	0	0	0	0	0	0	0	0	0	0	0	0	0	0	0	0	0	0	0	0	0	0	0	0	0	0	0	0	0	0	0	0	0	0	0	0	0	0	0	0	0	0	0	0	0	0	0	0	0	0	0	0	0	0	0	0	0	0	0	0	0	0	0	0	0	0	0	0	0	0	0	0	0	0	0	0	0	0	0	0	0	0	0	0	0	0	0	0	0	0	0	0	0	0	0	0	0	0	0	0	0	0	0	0	0	0	0	0	0	0	0	0	0	0	0	0	0	0	0	0	0	0	0	0	0	0	0	0	0	0	0	0	0	0	0	0	0	0	0	0	0	0	0	0	0	0	0	0	0	0	0	0	0	0	0	0	0	0	0	0	0	0	0	0	0	0	0	0	0	0	0	0	0	0	0	0	0	0	0	0	0	0	0	0	0	0	0	0	0	0	0	0	0	0	0	0	0	0	0	0	0	0	0	0	0	0	0	0	0	0	0	0	0	0	0	0	0	0	0	0	0	0	0	0	0	0	0	0	0	0	0	0	0	0	0	0	0	0	0	0	0	0	0	0	0	0	0	0	0	0	0	0	0	0	0	0	0	0	0	0	0	0	0	0	0	0	0	0	0	0	0	0	0	0	0	0	0	0	0	0	0	0	0	0	0	0	0	0	0	0	0	0	0	0	0	0	0	0	0	0	0	0	0	0	0	0	0	0	0	0	0	0	0	0	0	0	0	0	0	0	0	0	0	0	0	0	0	0	0	0	0	0	0	0	0	0	0	0	0	0	0	0	0	0	0	0	0	0	0	0	0	0	0	0	0	0	0	0	0	0	0	0	0	0	0	0	0	0	0	0	0	0	0	0	0	0	0	0	0	0	0	0	0	0	0	0	0	0	0	0	0	0	0	0	0	0	0	0	0	0	0	0	0	0	0	0	0	0	0	0	0	0	0	0	0	0	0	0	0	0	0	0	0	0	0	0	0	0	0	0	0	0	0	0	0	0	0	0	0	0	0	0	0	0	0	0	0	0	0	0	0	0	0	0	0	0	0	0	0	0	0	0	0	0	0	0	0	0	0	0	0	0	0	0	0	0	0	0	0	0	0	0	0	0	0	0	0	0	0	0	0	0	0	0	0	0	0	0	0	0	0	0	0	0	0	0	0	0	0	0	0	0	0	0	0	0	0	0	0	0	0	0	0	0	0	0	0	0	0	0	0	0	0	0	0	0	0	0	0	0	0	0	0	0	0	0	0	0	0	0	0	0	0	0	0	0	0	0	0	0	0	0	0	0	0	0	0	0	0	0	0	0	0	0	0	0	0	0	0	0	0	0	0	0	0	0	0	0	0	0	0	0	0	0	0	0	0	0	0	0	0	0	0	0	0	0	0	0	0	0	0	0	0	0	0	0	0	0	0	0	0	0	0	0	0	0	0	0	0	0	0	0	0	0	0	0	0	0	0	0	0	0	0	0	0	0	0	0	0	0	0	0	0	0	0	0	0	0	0	0	0	0
%%%	-0.066000	-0.019000	0.012000	0.043000	0.074000	0.106000	0.137000	0.168000	0.215000	0.246000	0.277000	0.308000	0.340000	0.371000	0.402000	0.449000	0.480000	0.511000	0.542000	0.574000	0.605000	0.636000	0.667000	0.714000	0.745000	0.776000	0.808000	0.839000	0.870000	0.901000	0.948000	0.979000	1.010000	1.042000	1.073000	1.104000	1.135000	1.182000	1.213000	1.244000	1.276000	1.307000	1.338000	1.369000	1.400000	1.447000	1.478000	1.510000	1.541000	1.572000	1.603000	1.634000	1.681000	1.712000	1.744000	1.775000	1.806000	1.837000	1.868000	1.915000	1.946000	1.978000	2.009000	2.040000	2.071000	2.102000	2.134000	2.180000	2.212000	2.243000	2.274000	2.305000	2.336000	2.368000	2.414000	2.446000	2.477000	2.508000	2.539000	2.570000	2.602000	2.633000	2.680000	2.711000	2.742000	2.773000	2.804000	2.836000	2.867000	2.914000	2.945000	2.976000	3.007000	3.038000	3.070000	3.101000	3.148000	3.179000	3.210000	3.241000	3.272000	3.304000	3.335000	3.366000	3.413000	3.444000	3.475000	3.506000	3.538000	3.569000	3.600000	3.647000	3.678000	3.709000	3.740000	3.772000	3.803000	3.834000	3.881000	3.912000	3.943000	3.974000	4.006000	4.037000	4.068000	4.099000	4.146000	4.177000	4.208000	4.240000	4.271000	4.302000	4.333000	4.380000	4.411000	4.442000	4.474000	4.505000	4.536000	4.567000	4.598000	4.645000	4.676000	4.708000	4.739000	4.770000	4.801000	4.832000	4.879000	4.910000	4.942000	4.973000	5.004000	5.035000	5.066000	5.113000	5.144000	5.176000	5.207000	5.238000	5.269000	5.300000	5.332000	5.378000	5.410000	5.441000	5.472000	5.503000	5.534000	5.566000	5.612000	5.644000	5.675000	5.706000	5.737000	5.768000	5.800000	5.846000	5.878000	5.909000	5.940000	5.971000	6.002000	6.034000	6.065000	6.112000	6.143000	6.174000	6.205000	6.236000	6.268000	6.299000	6.346000	6.377000	6.408000	6.439000	6.470000	6.502000	6.533000	6.564000	6.611000	6.642000	6.673000	6.704000	6.736000	6.767000	6.798000	6.845000	6.876000	6.907000	6.938000	6.970000	7.001000	7.032000	7.079000	7.110000	7.141000	7.172000	7.204000	7.235000	7.266000	7.297000	7.344000	7.375000	7.406000	7.438000	7.469000	7.500000	7.531000	7.578000	7.609000	7.640000	7.672000	7.703000	7.734000	7.765000	7.812000	7.843000	7.874000	7.906000	7.937000	7.968000	7.999000	8.030000	8.077000	8.108000	8.140000	8.171000	8.202000	8.233000	8.264000	8.311000	8.342000	8.374000	8.405000	8.436000	8.467000	8.498000	8.545000	8.576000	8.608000	8.639000	8.670000	8.701000	8.732000	8.764000	8.810000	8.842000	8.873000	8.904000	8.935000	8.966000	8.998000	9.044000	9.076000	9.107000	9.138000	9.169000	9.200000	9.232000	9.263000	9.310000	9.341000	9.372000	9.403000	9.434000	9.466000	9.497000	9.544000	9.575000	9.606000	9.637000	9.668000	9.700000	9.731000	9.778000	9.809000	9.840000	9.871000	9.902000	9.934000	9.965000	9.996000	10.043000	10.074000	10.105000	10.136000	10.168000	10.199000	10.230000	10.277000	10.308000	10.339000	10.370000	10.402000	10.433000	10.464000	10.495000	10.542000	10.573000	10.604000	10.636000	10.667000	10.698000	10.729000	10.776000	10.807000	10.838000	10.870000	10.901000	10.932000	10.963000	11.010000	11.041000	11.072000	11.104000	11.135000	11.166000	11.197000	11.228000	11.275000	11.306000	11.338000	11.369000	11.400000	11.431000	11.462000	11.509000	11.540000	11.572000	11.603000	11.634000	11.665000	11.696000	11.743000	11.774000	11.806000	11.837000	11.868000	11.899000	11.930000	11.962000	12.008000	12.040000	12.071000	12.102000	12.133000	12.164000	12.196000	12.242000	12.274000	12.305000	12.336000	12.367000	12.398000	12.430000	12.476000	12.508000	12.539000	12.570000	12.601000	12.632000	12.664000	12.695000	12.742000	12.773000	12.804000	12.835000	12.866000	12.898000	12.929000	12.976000	13.007000	13.038000	13.069000	13.100000	13.132000	13.163000	13.210000	13.241000	13.272000	13.303000	13.334000	13.366000	13.397000	13.428000	13.475000	13.506000	13.537000	13.568000	13.600000	13.631000	13.662000	13.709000	13.740000	13.771000	13.802000	13.834000	13.865000	13.896000	13.927000	13.974000	14.005000	14.036000	14.068000	14.099000	14.130000	14.161000	14.208000	14.239000	14.270000	14.302000	14.333000	14.364000	14.395000	14.426000	14.473000	14.504000	14.536000	14.567000	14.598000	14.629000	14.660000	14.707000	14.738000	14.770000	14.801000	14.832000	14.863000	14.894000	14.941000	14.972000	15.004000	15.035000	15.066000	15.097000	15.128000	15.160000	15.206000	15.238000	15.269000	15.300000	15.331000	15.362000	15.394000	15.440000	15.472000	15.503000	15.534000	15.565000	15.596000	15.628000	15.674000	15.706000	15.737000	15.768000	15.799000	15.830000	15.862000	15.893000	15.940000	15.971000	16.002000	16.033000	16.064000	16.096000	16.127000	16.174000	16.205000	16.236000	16.267000	16.298000	16.330000	16.361000	16.408000	16.439000	16.470000	16.501000	16.532000	16.564000	16.595000	16.626000	16.673000	16.704000	16.735000	16.766000	16.798000	16.829000	16.860000	16.907000	16.938000	16.969000	17.000000	17.032000	17.063000	17.094000	17.141000	17.172000	17.203000	17.234000	17.266000	17.297000	17.328000	17.359000	17.406000	17.437000	17.468000	17.500000	17.531000	17.562000	17.593000	17.640000	17.671000	17.702000	17.734000	17.765000	17.796000	17.827000	17.874000	17.905000	17.936000	17.968000	17.999000	18.030000	18.061000	18.092000	18.139000	18.170000	18.202000	18.233000	18.264000	18.295000	18.326000	18.358000	18.404000	18.436000	18.467000	18.498000	18.529000	18.560000	18.592000	18.638000	18.670000	18.701000	18.732000	18.763000	18.794000	18.826000	18.872000	18.904000	18.935000	18.966000	18.997000	19.028000	19.060000	19.091000	19.138000	19.169000	19.200000	19.231000	19.262000	19.294000	19.325000	19.372000	19.403000	19.434000	19.465000	19.496000	19.528000	19.559000	19.606000	19.637000	19.668000	19.699000	19.730000	19.762000	19.793000	19.824000	19.871000	19.902000	19.933000	19.964000	19.996000	20.027000	20.058000	20.105000	20.136000	20.167000	20.198000	20.230000	20.261000	20.292000	20.339000	20.370000	20.401000	20.432000	20.464000	20.495000	20.526000	20.557000	20.604000	20.635000	20.666000	20.698000	20.729000	20.760000	20.791000	20.838000	20.869000	20.900000	20.932000	20.963000	20.994000	21.025000	21.072000	21.103000	21.134000	21.166000	21.197000	21.228000	21.259000	21.290000	21.337000	21.368000	21.400000	21.431000	21.462000	21.493000	21.524000	21.571000	21.602000	21.634000	21.665000	21.696000	21.727000	21.758000	21.805000	21.836000	21.868000	21.899000	21.930000	21.961000	21.992000	22.024000	22.070000	22.102000	22.133000	22.164000	22.195000	22.226000	22.258000	22.289000	22.336000	22.367000	22.398000	22.429000	22.460000	22.492000	22.523000	22.570000	22.601000	22.632000	22.663000	22.694000	22.726000	22.757000	22.804000	22.835000	22.866000	22.897000	22.928000	22.960000	22.991000	23.022000	23.069000	23.100000	23.131000	23.162000	23.194000	23.225000	23.256000	23.303000	23.334000	23.365000	23.396000	23.428000	23.459000	23.490000	23.537000	23.568000	23.599000	23.630000	23.662000	23.693000	23.724000	23.755000	23.802000	23.833000	23.864000	23.896000	23.927000	23.958000	23.989000	24.036000	24.067000	24.098000	24.130000	24.161000	24.192000	24.223000	24.270000	24.301000	24.332000	24.364000	24.395000	24.426000	24.457000	24.488000	24.535000	24.566000	24.598000	24.629000	24.660000	24.691000	24.722000	24.769000	24.801000	24.832000	24.863000	24.894000	24.925000	24.957000	25.003000	25.035000	25.066000	25.097000	25.128000	25.159000	25.191000	25.222000	25.269000	25.300000	25.331000	25.362000	25.393000	25.425000	25.456000	25.503000	25.534000	25.565000	25.596000	25.627000	25.659000	25.690000	25.737000	25.768000	25.799000	25.830000	25.861000	25.893000	25.924000	25.955000	26.002000	26.033000	26.064000	26.095000	26.127000	26.158000	26.189000	26.236000	26.267000	26.298000	26.329000	26.361000	26.392000	26.423000	26.454000	26.501000	26.532000	26.563000	26.595000	26.626000	26.657000	26.688000	26.735000	26.766000	26.797000	26.829000	26.860000	26.891000	26.922000	26.969000	27.000000	27.031000	27.063000	27.094000	27.125000	27.156000	27.187000	27.234000	27.265000	27.297000	27.328000	27.359000	27.390000	27.421000	27.468000	27.499000	27.531000	27.562000	27.593000	27.624000	27.655000	27.687000	27.733000	27.765000	27.796000	27.827000	27.858000	27.889000	27.921000	27.967000	27.999000	28.030000	28.061000	28.092000	28.123000	28.155000	28.201000	28.233000	28.264000	28.295000	28.326000	28.357000	28.389000	28.420000	28.467000	28.498000	28.529000	28.560000	28.591000	28.623000	28.654000	28.701000	28.732000	28.763000	28.794000	28.825000	28.857000	28.888000	28.935000	28.966000	28.997000	29.028000	29.059000	29.091000	29.122000	29.153000	29.200000	29.231000	29.262000	29.293000	29.325000	29.356000	29.387000	29.434000	29.465000	29.496000	29.527000	29.559000	29.590000	29.621000	29.668000	29.699000	29.730000	29.761000	29.793000	29.824000	29.855000	29.886000	29.933000	29.964000	29.995000
%%%	13.913043	13.913043	13.913043	13.913043	13.913043	13.913043	13.913043	13.913043	13.913043	13.913043	13.913043	13.913043	13.913043	13.913043	13.913043	13.913043	13.913043	13.913043	13.913043	13.913043	13.913043	13.913043	13.913043	13.913043	13.913043	13.913043	13.913043	13.913043	13.913043	13.913043	13.913043	13.913043	13.913043	13.913043	13.913043	13.913043	13.913043	13.913043	13.913043	13.913043	13.913043	13.913043	13.913043	13.913043	13.913043	13.913043	13.913043	13.913043	13.913043	13.913043	13.913043	13.913043	13.913043	13.913043	13.913043	13.913043	13.913043	13.913043	13.913043	13.913043	13.913043	13.913043	13.913043	13.913043	13.913043	13.913043	13.913043	13.913043	13.913043	13.913043	13.913043	13.913043	13.913043	13.913043	13.913043	13.913043	13.913043	13.913043	13.913043	13.913043	13.913043	13.913043	13.913043	13.913043	13.913043	13.913043	13.913043	13.913043	13.913043	13.913043	13.913043	13.913043	13.913043	13.913043	13.913043	13.913043	13.913043	13.913043	13.913043	13.913043	13.913043	13.913043	13.913043	13.913043	13.913043	13.913043	13.913043	13.913043	13.913043	13.913043	13.913043	13.913043	13.913043	13.913043	13.913043	13.913043	13.913043	13.913043	13.913043	13.913043	13.913043	13.913043	13.913043	13.913043	13.913043	13.913043	13.913043	13.913043	13.913043	13.913043	13.913043	13.913043	13.913043	13.913043	13.913043	13.913043	13.913043	13.913043	13.913043	13.913043	13.913043	13.913043	13.913043	13.913043	13.913043	13.913043	13.913043	13.913043	13.913043	13.913043	13.913043	13.913043	13.913043	13.913043	13.913043	13.913043	13.913043	13.913043	13.913043	13.913043	13.913043	13.913043	13.913043	13.913043	13.913043	13.913043	13.913043	13.913043	13.913043	13.913043	13.913043	13.913043	13.913043	13.913043	13.913043	13.913043	13.913043	13.913043	13.913043	13.913043	13.913043	13.913043	13.913043	13.913043	13.913043	13.913043	13.913043	13.913043	13.913043	13.913043	13.913043	13.913043	13.913043	13.913043	13.913043	13.913043	13.913043	13.913043	13.913043	13.913043	13.913043	13.913043	13.913043	13.913043	13.913043	13.913043	13.913043	13.913043	13.913043	13.913043	13.913043	13.913043	13.913043	13.913043	13.913043	13.913043	13.913043	13.913043	13.913043	13.913043	13.913043	13.913043	13.913043	13.913043	13.913043	13.913043	13.913043	13.913043	13.913043	13.913043	13.913043	13.913043	13.913043	13.913043	13.913043	13.913043	13.913043	13.913043	13.913043	13.913043	13.913043	13.913043	13.913043	13.913043	13.913043	13.913043	13.913043	13.913043	13.913043	13.913043	13.913043	13.913043	13.913043	13.913043	13.913043	13.913043	13.913043	13.913043	13.913043	13.913043	13.913043	13.913043	13.913043	13.913043	13.913043	13.913043	13.913043	13.913043	13.913043	13.913043	13.913043	13.913043	13.913043	13.913043	13.913043	13.913043	13.913043	13.913043	13.913043	13.913043	13.913043	13.913043	13.913043	13.913043	13.913043	13.913043	13.913043	13.913043	13.913043	13.913043	13.913043	13.913043	13.913043	13.913043	13.913043	13.913043	13.913043	13.913043	13.913043	13.913043	13.913043	13.913043	13.913043	13.913043	13.913043	13.913043	13.913043	13.913043	13.913043	13.913043	13.913043	13.913043	13.913043	13.913043	13.913043	13.913043	13.913043	13.913043	13.913043	13.913043	13.913043	13.913043	13.913043	13.913043	13.913043	13.913043	13.913043	13.913043	13.913043	13.913043	13.913043	13.913043	13.913043	13.913043	13.913043	13.913043	13.913043	13.913043	13.913043	13.913043	13.913043	13.913043	13.913043	13.913043	13.913043	13.913043	13.913043	13.913043	13.913043	13.913043	13.913043	13.913043	13.913043	13.913043	13.913043	13.913043	13.913043	13.913043	13.913043	13.913043	13.913043	13.913043	13.913043	13.913043	13.913043	13.913043	13.913043	13.913043	13.913043	13.913043	13.913043	13.913043	13.913043	13.913043	13.913043	13.913043	13.913043	13.913043	13.913043	13.913043	13.913043	13.913043	13.913043	13.913043	13.913043	13.913043	13.913043	13.913043	13.913043	13.913043	13.913043	13.913043	13.913043	13.913043	13.913043	13.913043	13.913043	13.913043	13.913043	13.913043	13.913043	13.913043	13.913043	13.913043	13.913043	13.913043	13.913043	13.913043	13.913043	13.913043	13.913043	13.913043	13.913043	13.913043	13.913043	13.913043	13.913043	13.913043	13.913043	13.913043	13.913043	13.913043	13.913043	13.913043	13.913043	13.913043	13.913043	13.913043	13.913043	13.913043	13.913043	13.913043	13.913043	13.913043	13.913043	13.913043	13.913043	13.913043	13.913043	13.913043	13.913043	13.913043	13.913043	13.913043	13.913043	13.913043	13.913043	13.913043	13.913043	13.913043	13.913043	13.913043	13.913043	13.913043	13.913043	13.913043	13.913043	13.913043	13.913043	13.913043	13.913043	13.913043	13.913043	13.913043	13.913043	13.913043	13.913043	13.913043	13.913043	13.913043	13.913043	13.913043	13.913043	13.913043	13.913043	13.913043	13.913043	13.913043	13.913043	13.913043	13.913043	13.913043	13.913043	13.913043	13.913043	13.913043	13.913043	13.913043	13.913043	13.913043	13.913043	13.913043	13.913043	13.913043	13.913043	13.913043	13.913043	13.913043	13.913043	13.913043	13.913043	13.913043	13.913043	13.913043	13.913043	13.913043	13.913043	13.913043	13.913043	13.913043	13.913043	13.913043	13.913043	13.913043	13.913043	13.913043	13.913043	13.913043	13.913043	13.913043	13.913043	13.913043	13.913043	13.913043	13.913043	13.913043	13.913043	13.913043	13.913043	13.913043	13.913043	13.913043	13.913043	13.913043	13.913043	13.913043	13.913043	13.913043	13.913043	13.913043	13.913043	13.913043	13.913043	13.913043	13.913043	13.913043	13.913043	13.913043	13.913043	13.913043	13.913043	13.913043	13.913043	13.913043	13.913043	13.913043	13.913043	13.913043	13.913043	13.913043	13.913043	13.913043	13.913043	13.913043	13.913043	13.913043	13.913043	13.913043	13.913043	13.913043	13.913043	13.913043	13.913043	13.913043	13.913043	13.913043	13.913043	13.913043	13.913043	13.913043	13.913043	13.913043	13.913043	13.913043	13.913043	13.913043	13.913043	13.913043	13.913043	13.913043	13.913043	13.913043	13.913043	13.913043	13.913043	13.913043	13.913043	13.913043	13.913043	13.913043	13.913043	13.913043	13.913043	13.913043	13.913043	13.913043	13.913043	13.913043	13.913043	13.913043	13.913043	13.913043	13.913043	13.913043	13.913043	13.913043	13.913043	13.913043	13.913043	13.913043	13.913043	13.913043	13.913043	13.913043	13.913043	13.913043	13.913043	13.913043	13.913043	13.913043	13.913043	13.913043	13.913043	13.913043	13.913043	13.913043	13.913043	13.913043	13.913043	13.913043	13.913043	13.913043	13.913043	13.913043	13.913043	13.913043	13.913043	13.913043	13.913043	13.913043	13.913043	13.913043	13.913043	13.913043	13.913043	13.913043	13.913043	13.913043	13.913043	13.913043	13.913043	13.913043	13.913043	13.913043	13.913043	13.913043	13.913043	13.913043	13.913043	13.913043	13.913043	13.913043	13.913043	13.913043	13.913043	13.913043	13.913043	13.913043	13.913043	13.913043	13.913043	13.913043	13.913043	13.913043	13.913043	13.913043	13.913043	13.913043	13.913043	13.913043	13.913043	13.913043	13.913043	13.913043	13.913043	13.913043	13.913043	13.913043	13.913043	13.913043	13.913043	13.913043	13.913043	13.913043	13.913043	13.913043	13.913043	13.913043	13.913043	13.913043	13.913043	13.913043	13.913043	13.913043	13.913043	13.913043	13.913043	13.913043	13.913043	13.913043	13.913043	13.913043	13.913043	13.913043	13.913043	13.913043	13.913043	13.913043	13.913043	13.913043	13.913043	13.913043	13.913043	13.913043	13.913043	13.913043	13.913043	13.913043	13.913043	13.913043	13.913043	13.913043	13.913043	13.913043	13.913043	13.913043	13.913043	13.913043	13.913043	13.913043	13.913043	13.913043	13.913043	13.913043	13.913043	13.913043	13.913043	13.913043	13.913043	13.913043	13.913043	13.913043	13.913043	13.913043	13.913043	13.913043	13.913043	13.913043	13.913043	13.913043	13.913043	13.913043	13.913043	13.913043	13.913043	13.913043	13.913043	13.913043	13.913043	13.913043	13.913043	13.913043	13.913043	13.913043	13.913043	13.913043	13.913043	13.913043	13.913043	13.913043	13.913043	13.913043	13.913043	13.913043	13.913043	13.913043	13.913043	13.913043	13.913043	13.913043	13.913043	13.913043	13.913043	13.913043	13.913043	13.913043	13.913043	13.913043	13.913043	13.913043	13.913043	13.913043	13.913043	13.913043	13.913043	13.913043	13.913043	13.913043	13.913043	13.913043	13.913043	13.913043	13.913043	13.913043	13.913043	13.913043	13.913043	13.913043	13.913043	13.913043	13.913043	13.913043	13.913043	13.913043	13.913043	13.913043	13.913043	13.913043	13.913043	13.913043	13.913043	13.913043	13.913043	13.913043	13.913043	13.913043	13.913043	13.913043	13.913043	13.913043	13.913043	13.913043	13.913043	13.913043	13.913043	13.913043	13.913043	13.913043	13.913043	13.913043	13.913043	13.913043	13.913043	13.913043	13.913043	13.913043	13.913043	13.913043	13.913043	13.913043	13.913043	13.913043	13.913043	13.913043	13.913043	13.913043	13.913043	13.913043	13.913043	13.913043	13.913043	13.913043	13.913043	13.913043	13.913043	13.913043	13.913043	13.913043	13.913043	13.913043	13.913043	13.913043	13.913043	13.913043	13.913043	13.913043	13.913043	13.913043	13.913043	13.913043	13.913043	13.913043	13.913043
%%%	Pulse Index	Stimulus Section Index	Stimulus Section Start Index	Stimulus Section End Index	Pupil Stimulated: 0 = Right, 1 = Left, 2 = Both	Light Metric: 0 = Photopic, 1 = Scopotic, 2 = Radiometric	Stimulus Start Time	Stimulus Duration	Stimulus Pulse Duration	Right Pulse Max Level	Right Pulse Max Color (0123 = WRGB)	Right Pulse Min Level	Right Pulse Min Color (0123 = WRGB)	Left Pulse Max Level	Left Pulse Max Color (0123 = WRGB)	Left Pulse Min Level	Left Pulse Min Color (0123 = WRGB)	Right Data Input Type (0 == RAW DATA, 1 == FITTED DATA, 2 == M. OVERRIDED)	Right ANALYSIS STATE (0 == ABNORMAL, 1 == NORMAL)	Right MAX (mm) (EMPTY if INVALID)	Right MIN (mm) (EMPTY if INVALID)	Right DELTA (mm) (EMPTY if INVALID)	Right CH (%) (EMPTY if INVALID)	Right LAT (sec) (EMPTY if INVALID)	Right CV (mm/s) (EMPTY if INVALID)	Right MCV (mm/s) (EMPTY if INVALID)	Right DV (mm/s) (EMPTY if INVALID)	Left Data Input Type (0 == RAW DATA, 1 == FITTED DATA, 2 == M. OVERRIDED)	Left ANALYSIS STATE (0 == ABNORMAL, 1 == NORMAL)	Left MAX (mm) (EMPTY if INVALID)	Left MIN (mm) (EMPTY if INVALID)	Left DELTA (mm) (EMPTY if INVALID)	Left CH (%) (EMPTY if INVALID)	Left LAT (sec) (EMPTY if INVALID)	Left CV (mm/s) (EMPTY if INVALID)	Left MCV (mm/s) (EMPTY if INVALID)	Left DV (mm/s) (EMPTY if INVALID)
%%%	0	0	18	902	0	0	0.51	29.52	0.51	15.81	3	0.00	3	0.00	3	0.00	3	0	0	0.00	0.00			0.00	0.00	0.00	0.00	0	0	0.00	0.00			0.00	0.00	0.00	0.00
%%%%%%%%%
%%%%%%%%%
%%%%%%%%%
<\SESSION>
